{"track_id":"10059","filters":["coffeeHouse","sandwichesWraps","salads"],"image":"https://tenbis-static.azureedge.net/restaurant-card-image/ResCard_10059_20201223180359.jpg","address":"אלנבי, 49 תל אביב-יפו","location":[34.7704994,32.0700472],"name":"ארומה תל אביב ","city":"תל אביב-יפו","priceAverage":17.81651376146789,"menu":[{"name":"*מוצרי ארומה עלולים להכיל אלרגנים לרבות אגוזים, בוטנים, גלוטן, לקטוז, ביצים וכן אלרגנים נוספים","vegan":false,"vegetarian":true,"notFood":false,"drinks":false},{"name":"*הזיתים במנות עלולים להכיל חרצנים על אף היותם מגולענים","vegan":true,"vegetarian":true,"notFood":false,"drinks":false},{"name":"*מנות עם דגים עלולות להכיל עצמות","vegan":false,"vegetarian":false,"notFood":false,"drinks":false},{"name":"*אין כפל הטבות למשלמים בארומה אקספרס","vegan":true,"vegetarian":true,"notFood":false,"drinks":false},{"name":"בוקר דיינר","description":"שתי ביצי עין מוגשות על חצאי בייגל קלוי, גבינת שמנת,\nסלמון מעושן, בצל ירוק וזיתים. מוגש עם סלט ירקות ושתייה קטנה.","price":48,"vegan":false,"vegetarian":false,"image":"https://d25t2285lxl5rf.cloudfront.net/images/dishes/ea758e10-f8c2-4270-9a17-9a0da3225f9a.jpg","notFood":false,"drinks":false},{"name":"בוקר קלאסי","description":"שתי ביצים לבחירה, גבינת שמנת, טונה, ממרח אבוקדו, חמאה,\nריבה וזיתים. מוגש עם סלט ירקות, לחם ושתייה קטנה.","price":46,"vegan":false,"vegetarian":false,"image":"https://d25t2285lxl5rf.cloudfront.net/images/dishes/590616fa-25ca-4c9f-aa50-dfb21269276d.jpg","notFood":false,"drinks":false},{"name":"בוקר שקשוקה","description":"שתי ביצים מבושלות ברוטב עגבניות ופלפלים, לחם, טחינה,\nוזיתים. מוגש עם סלט ירקות ושתייה קטנה.","price":44,"vegan":false,"vegetarian":true,"image":"https://d25t2285lxl5rf.cloudfront.net/images/dishes/6bca349d-c426-4e5a-9b4b-3cbf5cde6874.jpg","notFood":false,"drinks":false},{"name":"בוקר טבעוני","description":"קציצות פטריות וסויה, ממרח אבוקדו, פלפל קלוי,\nבטטה צלויה, לחם, טחינה וזיתים.\nמוגש עם סלט ירקות ושתייה קטנה.","price":46,"vegan":true,"vegetarian":true,"image":"https://d25t2285lxl5rf.cloudfront.net/images/dishes/40862e41-b290-46b1-bc2f-db34cf3e69fa.jpg","notFood":false,"drinks":false},{"name":"מוזלי","description":"יוגורט 1.5% , פירות העונה, גרנולה ודבש / סילאן בצד.","price":24,"vegan":true,"vegetarian":true,"image":"https://d25t2285lxl5rf.cloudfront.net/images/dishes/2663184.jpg","notFood":false,"drinks":false},{"name":"בורקס פינוקים","description":"בורקס גבינה, ביצה קשה, עגבניה, טחינה ומלפפון חמוץ.","price":19,"vegan":false,"vegetarian":true,"image":"https://d25t2285lxl5rf.cloudfront.net/images/dishes/608f1553-ce57-4a71-a598-9c26b9123b50.jpg","notFood":false,"drinks":false},{"name":"בוקר בקטנה","description":"ביצה קשה / מקושקשת. מוגש עם סלט ישראלי קצוץ וטחינה.\nמוגש עם ג׳בטינה.","price":21,"vegan":false,"vegetarian":true,"image":"https://d25t2285lxl5rf.cloudfront.net/images/dishes/1f9a095f-f659-44ad-84ea-a8878fa32a96.jpg","notFood":false,"drinks":false},{"name":"תוניסאי","description":"באגט רוסטיק | טונה, ביצה קשה, תפו״א צלוי, מלפפון חמוץ,\nממרח אריסה וממרח לימון כבוש.\n","price":22,"vegan":false,"vegetarian":false,"image":"https://d25t2285lxl5rf.cloudfront.net/images/dishes/afdbfc5a-71e9-4d29-9e6c-2a948298c266.jpg","notFood":false,"drinks":false},{"name":"סלמון","description":"סלמון מעושן, גבינת שמנת, בצל סגול וחסה.","price":22,"vegan":false,"vegetarian":false,"image":"https://d25t2285lxl5rf.cloudfront.net/images/dishes/7c9d70fb-ca12-4b48-bfdb-1704509adb7e.jpg","notFood":false,"drinks":false},{"name":"טונה","description":"טונה, עגבניה, מלפפון חמוץ, חסה ורוטב ארומה.\n*ניתן להחליף לטונה במים בבאגט, כריך שלם ובייגל.","price":19,"vegan":false,"vegetarian":false,"image":"https://d25t2285lxl5rf.cloudfront.net/images/dishes/1d8f9f33-2f68-42cc-ba66-a57849f3cc5e.jpg","notFood":false,"drinks":false},{"name":"סלט ביצים","description":"סלט ביצים, מלפפון חמוץ, בצל ירוק וחסה.","price":21,"vegan":false,"vegetarian":true,"image":"https://d25t2285lxl5rf.cloudfront.net/images/dishes/742f664c-7da2-46f4-b3d1-b00db193ad29.jpg","notFood":false,"drinks":false},{"name":"אנטיפסטי טבעוני","description":"פלפל קלוי, חציל ופטריות צלויים, טחינה, עלי רוקט\nובזיליקום.","price":19,"vegan":true,"vegetarian":true,"image":"https://d25t2285lxl5rf.cloudfront.net/images/dishes/ad8d4a5a-fdbf-4541-8b1a-7b3ccadf48f8.jpg","notFood":false,"drinks":false},{"name":"שקשוקה","description":"ביצה מבושלת ברוטב עגבניות ופלפלים, טחינה ופטרוזיליה.","price":22,"vegan":false,"vegetarian":true,"image":"https://d25t2285lxl5rf.cloudfront.net/images/dishes/2a9bed88-bbbe-48ff-92ec-15b09a012f37.jpg","notFood":false,"drinks":false},{"name":"חביתה","description":"חביתה, גבינת שמנת, עגבניה, מלפפון חמוץ וחסה.","price":20,"vegan":false,"vegetarian":true,"image":"https://d25t2285lxl5rf.cloudfront.net/images/dishes/da7e7168-3b00-4b71-a3c0-767f42128c39.jpg","notFood":false,"drinks":false},{"name":"חלומי","description":"גבינת חלומי צלויה, גבינת שמנת, עגבניה, מלפפון חמוץ וחסה.","price":22,"vegan":false,"vegetarian":true,"image":"https://d25t2285lxl5rf.cloudfront.net/images/dishes/b708f818-e178-49d2-a579-3a94980ba152.jpg","notFood":false,"drinks":false},{"name":"גבינה צהובה","description":"גבינה צהובה, חסה, עגבניה, מלפפון וממרח גבינת שמנת ","price":15,"vegan":false,"vegetarian":true,"image":"https://d25t2285lxl5rf.cloudfront.net/images/dishes/c3c36e95-1a91-482a-a16b-bb3c5699ec63.jpg","notFood":false,"drinks":false},{"name":"סביח","description":"תפו״א צלוי, חציל קלוי, ביצה קשה, מלפפון חמוץ, ממרח אריסה,\r\nממרח לימון כבוש, טחינה ופטרוזיליה.","price":19,"vegan":false,"vegetarian":true,"image":"https://d25t2285lxl5rf.cloudfront.net/images/dishes/ec90c6c5-38ca-4dce-bee7-22778bf05148.jpg","notFood":false,"drinks":false},{"name":"קציצות טבעוניות","description":"קציצות פטריות וסויה, עגבניה, מלפפון חמוץ, חסה,\nטחינה ופטרוזיליה.","price":21,"vegan":true,"vegetarian":true,"image":"https://d25t2285lxl5rf.cloudfront.net/images/dishes/3b4de48b-8f77-4af4-a189-855d7e3aa424.jpg","notFood":false,"drinks":false},{"name":"טוסט ארומה קלאסי","description":"גבינה צהובה, חמאה ועגבניה.\n","price":33,"vegan":false,"vegetarian":true,"image":"https://d25t2285lxl5rf.cloudfront.net/images/dishes/2663208.jpg","notFood":false,"drinks":false},{"name":"שווארמה טבעונית","description":"באגט רוסטיק | שווארמה סויה, תפו״א צלוי, מלפפון חמוץ, חסה,\nפטרוזיליה, טחינה וממרח אריסה.","price":43,"vegan":false,"vegetarian":false,"image":"https://d25t2285lxl5rf.cloudfront.net/images/dishes/751f3c31-b158-4746-b3ff-24c5e920a0a4.jpg","notFood":false,"drinks":false},{"name":"טוסט בולגרית","description":"גבינה בולגרית 24% , גבינה צהובה, עגבניה וזיתי קלמטה.\n*מוגש עם סלט ירקות *ניתן להחליף לגבינה בולגרית 5%.","price":39,"vegan":false,"vegetarian":true,"notFood":false,"drinks":false},{"name":"סלט פריקה עם שווארמה טבעונית","description":"גדול | שווארמה סויה, גרגירי פריקה,\nתפו״א צלוי, מלפפון, עגבניה, פטריות צלויות ובצל ירוק.\nמוגש עם ממרח טחינה-עמבה. (מגיע ללא לחם)","price":48,"vegan":false,"vegetarian":false,"image":"https://d25t2285lxl5rf.cloudfront.net/images/dishes/466e59fb-79b3-48dc-b285-a56187043a5b.jpg","notFood":false,"drinks":false},{"name":"סלט פריקה עם קציצות טבעוניות","description":"גדול | קציצות פטריות וסויה, גרגירי פריקה,\nתפו״א צלוי, מלפפון, עגבניה, פטריות צלויות ובצל ירוק.\nמוגש עם ממרח טחינה-עמבה. (מגיע ללא לחם)","price":48,"vegan":true,"vegetarian":true,"image":"https://d25t2285lxl5rf.cloudfront.net/images/dishes/03efdf85-5cda-4f3b-bad2-1a89b245cb42.jpg","notFood":false,"drinks":false},{"name":"מג'דרה חמה וירקות קצוצים","description":"קטן | מג׳דרה עם בצל מוקפץ, עגבניה, מלפפון, בצל סגול, פטרוזיליה וטחינה. *מומלץ עם רצועות חזה עוף / שווארמה טבעונית מסויה בתוספת 10 ש\"ח (מגיע ללא לחם)","price":34,"vegan":false,"vegetarian":false,"image":"https://d25t2285lxl5rf.cloudfront.net/images/dishes/f4cf93d6-4dcc-452a-92c7-35e75c861c01.jpg","notFood":false,"drinks":false},{"name":"קינואה וחמוציות","description":"גדול | קינואה, עדשים שחורות, עגבניות שרי, מלפפון, עגבניה, בטטה צלויה,\nבצל סגול, פטרוזיליה, חמוציות, גרעיני ג׳עלה (מוגש ללא לחם)","price":44,"vegan":true,"vegetarian":true,"image":"https://d25t2285lxl5rf.cloudfront.net/images/dishes/2663216.jpg","notFood":false,"drinks":false},{"name":"ארומה עם בולגרית","description":"גבינה בולגרית 24% , עגבניה, מלפפון, עגבניות שרי, חסה, פלפל אדום,\nבצל סגול, קרוטונים, זעתר וסומק. *ניתן להחליף לגבינה בולגרית 5%.","price":36,"vegan":false,"vegetarian":true,"image":"https://d25t2285lxl5rf.cloudfront.net/images/dishes/120190e9-ebfa-4502-9ed9-762c80763aad.jpg","notFood":false,"drinks":false},{"name":"חלומי","description":"גבינת חלומי צלויה, עגבניות שרי, גזר, קרוטונים, אפונה, חסה,\nבצל ופטריות מוקפצים ברוטב אסייאתי.","price":38,"vegan":false,"vegetarian":true,"image":"https://d25t2285lxl5rf.cloudfront.net/images/dishes/df30038a-392d-443e-8af8-ba07335456c3.jpg","notFood":false,"drinks":false},{"name":"ישראלי","description":"עגבניה, מלפפון, חסה, פטרוזיליה, נענע, בצל סגול ולימון.\nמוגש עם גרעיני חמנייה וטחינה.","price":32,"vegan":true,"vegetarian":true,"image":"https://d25t2285lxl5rf.cloudfront.net/images/dishes/25bfa753-66d1-4df4-bc68-859dd19d9262.jpg","notFood":false,"drinks":false},{"name":"ירושלמי","description":"עגבניה, מלפפון, ביצה קשה, בצל סגול, פטרוזיליה, גרגירי חומוס,\nקרוטונים וטחינה.","price":37,"vegan":false,"vegetarian":true,"image":"https://d25t2285lxl5rf.cloudfront.net/images/dishes/a38c8850-b85c-4a7b-957b-a820efed7072.jpg","notFood":false,"drinks":false},{"name":"טונה","description":"טונה, ביצה קשה, עגבניה, מלפפון, עגבניות שרי, חסה, מלפפון חמוץ,\nבצל סגול ולימון.\n*ניתן להחליף לטונה במים בסלט גדול","price":36,"vegan":false,"vegetarian":false,"image":"https://d25t2285lxl5rf.cloudfront.net/images/dishes/e83a1b01-258a-47d4-b852-07626471b5de.jpg","notFood":false,"drinks":false},{"name":"קרואסון חמאה","price":13,"vegan":true,"vegetarian":true,"image":"https://d25t2285lxl5rf.cloudfront.net/images/dishes/7a2cb71e-be59-4718-aedf-5ccef6ddc6df.jpg","notFood":false,"drinks":false},{"name":"קרואסון שוקולד","price":14,"vegan":false,"vegetarian":true,"image":"https://d25t2285lxl5rf.cloudfront.net/images/dishes/b3a8d825-13fb-41e5-90e5-67fac1a0c621.jpg","notFood":false,"drinks":false},{"name":"קרואסון שקדים חמאה","price":15,"vegan":true,"vegetarian":true,"image":"https://d25t2285lxl5rf.cloudfront.net/images/dishes/35395428-c25a-46b3-b5f9-b56ff148adf4.jpg","notFood":false,"drinks":false},{"name":"קרואסון שקדים שוקולד","price":16,"vegan":false,"vegetarian":true,"image":"https://d25t2285lxl5rf.cloudfront.net/images/dishes/d52d0e0d-e746-4b1f-9557-64cfb4870f80.jpg","notFood":false,"drinks":false},{"name":"בריוש ריקוטה","price":16,"vegan":false,"vegetarian":true,"image":"https://d25t2285lxl5rf.cloudfront.net/images/dishes/03983543-d539-4364-b16a-70a8c1d5d3e0.jpg","notFood":false,"drinks":false},{"name":"מאפה שמרים גבינת ריקוטה","price":12,"vegan":false,"vegetarian":true,"image":"https://d25t2285lxl5rf.cloudfront.net/images/dishes/0e937b9f-a12c-457d-87dd-e0ea085349f0.jpg","notFood":false,"drinks":false},{"name":"מאפה פילו תפוחי עץ","description":"*טבעוני","price":13,"vegan":true,"vegetarian":true,"image":"https://d25t2285lxl5rf.cloudfront.net/images/dishes/6b7e4bb8-ac98-41f0-88b9-207e7690295d.jpg","notFood":false,"drinks":false},{"name":"עוגת תפוז-קוקוס","price":14,"vegan":true,"vegetarian":true,"image":"https://d25t2285lxl5rf.cloudfront.net/images/dishes/7c96891d-9475-40f2-b95d-bb6b920f250f.jpg","notFood":false,"drinks":false},{"name":"עוגת גזר-אגוזים","price":14,"vegan":true,"vegetarian":true,"image":"https://d25t2285lxl5rf.cloudfront.net/images/dishes/e529ae3b-ceaf-4de0-8622-adb9166f22f9.jpg","notFood":false,"drinks":false},{"name":"עוגיית שוקולד צ׳יפס","price":12,"vegan":false,"vegetarian":true,"image":"https://d25t2285lxl5rf.cloudfront.net/images/dishes/8eb23d39-879f-43a4-9f92-51687a95d638.jpg","notFood":false,"drinks":false},{"name":"מאפה חלווה","price":12,"vegan":true,"vegetarian":true,"image":"https://d25t2285lxl5rf.cloudfront.net/images/dishes/fbdb04ff-1e31-4a99-9a66-dbf6589d3d68.jpg","notFood":false,"drinks":false},{"name":"מאפה תמרים","price":12,"vegan":true,"vegetarian":true,"image":"https://d25t2285lxl5rf.cloudfront.net/images/dishes/631d316a-e31d-4b47-a7c3-359473987db8.jpg","notFood":false,"drinks":false},{"name":"דייניש קינמון","price":14,"vegan":true,"vegetarian":true,"image":"https://d25t2285lxl5rf.cloudfront.net/images/dishes/70fc809c-f22a-4cf4-853b-d0f05acdcfa0.jpg","notFood":false,"drinks":false},{"name":"בראוניס","price":14,"vegan":true,"vegetarian":true,"image":"https://d25t2285lxl5rf.cloudfront.net/images/dishes/ec92525c-28aa-4ff9-97db-d5493b139853.jpg","notFood":false,"drinks":false},{"name":"אלפחורס","price":10,"vegan":true,"vegetarian":true,"image":"https://d25t2285lxl5rf.cloudfront.net/images/dishes/fc6e1fe4-55aa-4920-a3e9-a1c5e3d48f8a.jpg","notFood":false,"drinks":false},{"name":"עוגיית גרנולה","price":4,"vegan":true,"vegetarian":true,"image":"https://d25t2285lxl5rf.cloudfront.net/images/dishes/a2ce4c76-715b-4eb1-9236-e6c3f3d627fa.jpg","notFood":false,"drinks":false},{"name":"כדור שוקולד","price":4,"vegan":false,"vegetarian":true,"image":"https://d25t2285lxl5rf.cloudfront.net/images/dishes/75347a27-caeb-48de-9ed8-3db180e080ad.jpg","notFood":false,"drinks":false},{"name":"רוגלך","price":3,"vegan":true,"vegetarian":true,"image":"https://d25t2285lxl5rf.cloudfront.net/images/dishes/b478e441-97c5-4426-a5f3-d6cd2c6395b9.jpg","notFood":false,"drinks":false},{"name":"מאפה פילו גבינה","price":12,"vegan":false,"vegetarian":true,"image":"https://d25t2285lxl5rf.cloudfront.net/images/dishes/2266ea76-4b0a-4518-9670-12825ecafb57.jpg","notFood":false,"drinks":false},{"name":"בורקס גבינה","price":14,"vegan":false,"vegetarian":true,"image":"https://d25t2285lxl5rf.cloudfront.net/images/dishes/afccc6c6-7e5f-45c3-8988-cf2fe9d059c0.jpg","notFood":false,"drinks":false},{"name":"מיני תרד-ריקוטה","price":4,"vegan":false,"vegetarian":true,"image":"https://d25t2285lxl5rf.cloudfront.net/images/dishes/19eb6da7-cf84-404f-ab17-530822cc3ab8.jpg","notFood":false,"drinks":false},{"name":"מיני קשקבל","price":4,"vegan":true,"vegetarian":true,"image":"https://d25t2285lxl5rf.cloudfront.net/images/dishes/b6cc70d5-c1f1-40a2-8f32-3b47e351f9c3.jpg","notFood":false,"drinks":false},{"name":"עוגת שיש ללא גלוטן","price":14,"vegan":true,"vegetarian":true,"image":"https://d25t2285lxl5rf.cloudfront.net/images/dishes/97824b31-31a0-4e60-9e5c-39e3887922c2.jpg","notFood":false,"drinks":false},{"name":"שטרודל תמרים ללא גלוטן","price":15,"vegan":true,"vegetarian":true,"image":"https://d25t2285lxl5rf.cloudfront.net/images/dishes/5142c20b-f1ec-453a-85aa-2aaf8679988b.jpg","notFood":false,"drinks":false},{"name":"לחמנייה ללא גלוטן וחמאה","price":10,"vegan":true,"vegetarian":true,"notFood":false,"drinks":false},{"name":"מים מינרליים","price":8,"vegan":true,"vegetarian":true,"notFood":false,"drinks":true},{"name":"סודה","price":8,"vegan":true,"vegetarian":true,"notFood":false,"drinks":true},{"name":"קוקה קולה","price":10,"vegan":true,"vegetarian":true,"notFood":false,"drinks":true},{"name":"דיאט קולה","price":10,"vegan":true,"vegetarian":true,"notFood":false,"drinks":true},{"name":"קולה זירו","price":10,"vegan":true,"vegetarian":true,"notFood":false,"drinks":true},{"name":"ספרייט","price":10,"vegan":true,"vegetarian":true,"notFood":false,"drinks":true},{"name":"דיאט ספרייט","price":10,"vegan":true,"vegetarian":true,"notFood":false,"drinks":true},{"name":"פיוז טי","price":10,"vegan":true,"vegetarian":true,"notFood":false,"drinks":false},{"name":"מים בטעם תפוח","price":10,"vegan":true,"vegetarian":true,"notFood":false,"drinks":false},{"name":"מים בטעם אפרסק","price":10,"vegan":true,"vegetarian":true,"notFood":false,"drinks":false},{"name":"מים בטעם ענבים","price":10,"vegan":true,"vegetarian":true,"notFood":false,"drinks":true},{"name":"אספרסו","price":8,"vegan":true,"vegetarian":true,"notFood":false,"drinks":false},{"name":"אספרסו כפול","price":9,"vegan":true,"vegetarian":true,"notFood":false,"drinks":false},{"name":"מקיאטו","description":"אספרסו וחלב מוקצף.\r\n","price":8,"vegan":false,"vegetarian":true,"notFood":false,"drinks":false},{"name":"מקיאטו כפול","description":"אספרסו וחלב מוקצף.\r\n","price":9,"vegan":false,"vegetarian":true,"notFood":false,"drinks":false},{"name":"אמריקנו","description":"אספרסו ומים חמים.","price":10,"vegan":true,"vegetarian":true,"notFood":false,"drinks":false},{"name":"אמריקנו גדול","description":"אספרסו ומים חמים.","price":14,"vegan":true,"vegetarian":true,"notFood":false,"drinks":false},{"name":"קורטדו","description":"אספרסו, חלב חם וחלב מוקצף.\r\n","price":9,"vegan":false,"vegetarian":true,"notFood":false,"drinks":false},{"name":"קפה שחור","price":9,"vegan":true,"vegetarian":true,"notFood":false,"drinks":false},{"name":"קפוצ'ינו קטן","description":"אספרסו, חלב חם וחלב מוקצף.\r\n","price":10,"vegan":false,"vegetarian":true,"notFood":false,"drinks":false},{"name":"קפוצ'ינו בינוני","description":"אספרסו, חלב חם וחלב מוקצף.\r\n","price":13,"vegan":false,"vegetarian":true,"notFood":false,"drinks":false},{"name":"קפוצ'ינו גדול","description":"אספרסו, חלב חם וחלב מוקצף.","price":16,"vegan":false,"vegetarian":true,"notFood":false,"drinks":false},{"name":"שוקו חם","description":"שוקולד, חלב חם, חלב מוקצף וקקאו.","price":16,"vegan":false,"vegetarian":true,"notFood":false,"drinks":false},{"name":"שוקו חם גדול","description":"שוקולד, חלב חם, חלב מוקצף וקקאו.","price":19,"vegan":false,"vegetarian":true,"notFood":false,"drinks":false},{"name":"חליטות תה במבחר טעמים","price":9,"vegan":true,"vegetarian":true,"notFood":false,"drinks":false},{"name":"משקה כורכום, דבש, לימון וג‘ינג‘ר","description":"*מוגש בכוס גדולה","price":16,"vegan":true,"vegetarian":true,"notFood":false,"drinks":false},{"name":"תה ירוק, ג’ינג’ר, לימון, נענע ודבש","price":13,"vegan":true,"vegetarian":true,"notFood":false,"drinks":false},{"name":"משקה כורכום, דבש, לימון וג’ינג’ר","price":16,"vegan":true,"vegetarian":true,"notFood":false,"drinks":false},{"name":"סיידר תפוחים חם","description":"מוגש עם קוביות תפוח עץ ומקל קינמון.\r\n","price":14,"vegan":true,"vegetarian":true,"notFood":false,"drinks":true},{"name":"לימונענע גרוס","description":"*מוגש בכוס גדולה","price":17,"vegan":true,"vegetarian":true,"notFood":false,"drinks":false},{"name":"לימונדה קטן","price":10,"vegan":true,"vegetarian":true,"notFood":false,"drinks":false},{"name":"לימונדה גדול","price":13,"vegan":true,"vegetarian":true,"notFood":false,"drinks":false},{"name":"סיידר תפוחים קר עם נענע ולימון","description":"*מוגש בכוס גדולה","price":12,"vegan":true,"vegetarian":true,"notFood":false,"drinks":true},{"name":"תה קר במבחר טעמים","description":"מוגש עם נענע, לימון ומי סוכר.\n*מוגש בכוס גדולה","price":12,"vegan":true,"vegetarian":true,"notFood":false,"drinks":false},{"name":"אייס ארומה קטן","price":14,"vegan":true,"vegetarian":true,"notFood":false,"drinks":false},{"name":"אייס ארומה גדול","price":18,"vegan":true,"vegetarian":true,"notFood":false,"drinks":false},{"name":"אייס ארומה קרם עוגיות קטן","price":16,"vegan":true,"vegetarian":true,"notFood":false,"drinks":false},{"name":"אייס ארומה קרם עוגיות גדול","price":19,"vegan":true,"vegetarian":true,"notFood":false,"drinks":false},{"name":"אייס וניל קטן","price":14,"vegan":true,"vegetarian":true,"notFood":false,"drinks":false},{"name":"אייס וניל גדול","price":18,"vegan":true,"vegetarian":true,"notFood":false,"drinks":false},{"name":"אייס וניל קרם עוגיות קטן","price":16,"vegan":true,"vegetarian":true,"notFood":false,"drinks":false},{"name":"אייס וניל קרם עוגיות גדול","price":19,"vegan":true,"vegetarian":true,"notFood":false,"drinks":false},{"name":"קפה קר קטן","description":"אספרסו, חלב קר וקרח.","price":14,"vegan":false,"vegetarian":true,"notFood":false,"drinks":false},{"name":"קפה קר גדול","description":"אספרסו, חלב קר וקרח.","price":17,"vegan":false,"vegetarian":true,"notFood":false,"drinks":false},{"name":"אמריקנו קר","description":"אספרסו כפול, מים וקרח. *מוגש בכוס גדולה","price":14,"vegan":true,"vegetarian":true,"notFood":false,"drinks":false},{"name":"תפוזים קטן","description":"סחוט במקום","price":14,"vegan":true,"vegetarian":true,"notFood":false,"drinks":false},{"name":"תפוזים גדול","description":"סחוט במקום","price":17,"vegan":true,"vegetarian":true,"notFood":false,"drinks":false},{"name":"תפוז-גזר קטן","description":"סחוט במקום","price":12,"vegan":true,"vegetarian":true,"notFood":false,"drinks":false},{"name":"תפוז-גזר גדול","description":"סחוט במקום","price":15,"vegan":true,"vegetarian":true,"notFood":false,"drinks":false},{"name":"גזר, תפוח, סלק וג’ינג’ר טרי","description":"סחוט במקום *מוגש בכוס גדולה","price":18,"vegan":true,"vegetarian":true,"notFood":false,"drinks":false},{"name":"גזר-תפוח","description":"סחוט במקום *מוגש בכוס גדולה","price":16,"vegan":true,"vegetarian":true,"notFood":false,"drinks":false},{"name":"גזר","description":"סחוט במקום *מוגש בכוס גדולה","price":14,"vegan":true,"vegetarian":true,"notFood":false,"drinks":false},{"name":"שייק בננה-תמר","price":23,"vegan":true,"vegetarian":true,"notFood":false,"drinks":false},{"name":"שייק תות-בננה","price":23,"vegan":true,"vegetarian":true,"notFood":false,"drinks":false}]}