{"track_id":"10069","filters":["humus","meatGrill"],"image":"https://tenbis-static.azureedge.net/restaurant-default-card-image/CuzineType_hummus_08.jpg","address":"תובל, 36 רמת גן","location":[34.8027374,32.0861136],"name":"חומוס נרי","city":"גבעתיים","priceAverage":29.65573770491803,"menu":[{"name":"סביח","description":"כל המנות כוללות 2 פיתות אפויות במקום, שמן זית סורי משובח, פטרוזליה טרייה קצוצה, התחמיץ של נרי, חמוצים וקינוח ","price":55,"vegan":true,"vegetarian":true,"image":"https://d25t2285lxl5rf.cloudfront.net/images/dishes/8e801cd7-10f0-4e6a-bae4-3e549f91dee3.jpg","notFood":false,"drinks":false},{"name":"טחינה","description":"כל המנות כוללות 2 פיתות אפויות במקום, שמן זית סורי משובח, פטרוזליה טרייה קצוצה, התחמיץ של נרי, חמוצים וקינוח ","price":49,"vegan":true,"vegetarian":true,"image":"https://d25t2285lxl5rf.cloudfront.net/images/dishes/c080bf68-8b98-4f05-891e-ce2a454f9260.jpg","notFood":false,"drinks":false},{"name":"פול","description":"כל המנות כוללות 2 פיתות אפויות במקום, שמן זית סורי משובח, פטרוזליה טרייה קצוצה, התחמיץ של נרי, חמוצים וקינוח ","price":49,"vegan":true,"vegetarian":true,"image":"https://d25t2285lxl5rf.cloudfront.net/images/dishes/9c52effd-cc10-4f9d-9616-cd60cfe39851.jpg","notFood":false,"drinks":false},{"name":"גרגרים חמים","description":"כל המנות כוללות 2 פיתות אפויות במקום, שמן זית סורי משובח, פטרוזליה טרייה קצוצה, התחמיץ של נרי, חמוצים וקינוח ","price":49,"vegan":true,"vegetarian":true,"image":"https://d25t2285lxl5rf.cloudfront.net/images/dishes/4088431c-d003-49e2-b2f2-9f96fc02614d.jpg","notFood":false,"drinks":false},{"name":"מסבחה","description":"כל המנות כוללות 2 פיתות אפויות במקום, שמן זית סורי משובח, פטרוזליה טרייה קצוצה, התחמיץ של נרי, חמוצים וקינוח ","price":50,"vegan":true,"vegetarian":true,"image":"https://d25t2285lxl5rf.cloudfront.net/images/dishes/f6d58095-a77f-4d22-9179-3927f5ffcd31.jpg","notFood":false,"drinks":false},{"name":"קומפלט","description":"כל המנות כוללות 2 פיתות אפויות במקום, שמן זית סורי משובח, פטרוזליה טרייה קצוצה, התחמיץ של נרי, חמוצים וקינוח ","price":52,"vegan":true,"vegetarian":true,"image":"https://d25t2285lxl5rf.cloudfront.net/images/dishes/48ed754e-2c26-4d8c-9cb9-48d4421966a6.jpg","notFood":false,"drinks":false},{"name":"פלאפל","description":"כל המנות כוללות 2 פיתות אפויות במקום, שמן זית סורי משובח, פטרוזליה טרייה קצוצה, התחמיץ של נרי, חמוצים וקינוח ","price":55,"vegan":true,"vegetarian":true,"image":"https://d25t2285lxl5rf.cloudfront.net/images/dishes/a0f52202-9393-4ad2-9e2b-88b96e451ddf.jpg","notFood":false,"drinks":false},{"name":"פטריות חמות","description":"כל המנות כוללות 2 פיתות אפויות במקום, שמן זית סורי משובח, פטרוזליה טרייה קצוצה, התחמיץ של נרי, חמוצים וקינוח ","price":57,"vegan":true,"vegetarian":true,"image":"https://d25t2285lxl5rf.cloudfront.net/images/dishes/c0f6336e-36ec-45b0-bc70-6054d4b4a313.jpg","notFood":false,"drinks":false},{"name":"טלה טחון","description":"כל המנות כוללות 2 פיתות אפויות במקום, שמן זית סורי משובח, פטרוזליה טרייה קצוצה, התחמיץ של נרי, חמוצים וקינוח ","price":60,"vegan":false,"vegetarian":false,"image":"https://d25t2285lxl5rf.cloudfront.net/images/dishes/dd643366-4973-48f9-8807-15bbb3f5c7b4.jpg","notFood":false,"drinks":false},{"name":"חזה עוף","description":"כל המנות כוללות 2 פיתות אפויות במקום, שמן זית סורי משובח, פטרוזליה טרייה קצוצה, התחמיץ של נרי, חמוצים וקינוח ","price":60,"vegan":false,"vegetarian":false,"image":"https://d25t2285lxl5rf.cloudfront.net/images/dishes/1ac74c40-2ab8-4f90-a3d4-d9705a139270.jpg","notFood":false,"drinks":false},{"name":"שווארמה פרגית","description":"כל המנות כוללות 2 פיתות אפויות במקום, שמן זית סורי משובח, פטרוזליה טרייה קצוצה, התחמיץ של נרי, חמוצים וקינוח","price":60,"vegan":false,"vegetarian":false,"image":"https://d25t2285lxl5rf.cloudfront.net/images/dishes/28cb115b-f8eb-44dd-9576-de9e5eac0172.jpg","notFood":false,"drinks":false},{"name":"סביח","description":"כל המנות כוללות 2 פיתות אפויות במקום, שמן זית סורי משובח, פטרוזליה טרייה קצוצה, התחמיץ של נרי, חמוצים וקינוח ","price":39,"vegan":true,"vegetarian":true,"image":"https://d25t2285lxl5rf.cloudfront.net/images/dishes/8e801cd7-10f0-4e6a-bae4-3e549f91dee3.jpg","notFood":false,"drinks":false},{"name":"טחינה","description":"כל המנות כוללות 2 פיתות אפויות במקום, שמן זית סורי משובח, פטרוזליה טרייה קצוצה, התחמיץ של נרי, חמוצים וקינוח ","price":33,"vegan":true,"vegetarian":true,"image":"https://d25t2285lxl5rf.cloudfront.net/images/dishes/c080bf68-8b98-4f05-891e-ce2a454f9260.jpg","notFood":false,"drinks":false},{"name":"פול","description":"כל המנות כוללות 2 פיתות אפויות במקום, שמן זית סורי משובח, פטרוזליה טרייה קצוצה, התחמיץ של נרי, חמוצים וקינוח ","price":33,"vegan":true,"vegetarian":true,"image":"https://d25t2285lxl5rf.cloudfront.net/images/dishes/9c52effd-cc10-4f9d-9616-cd60cfe39851.jpg","notFood":false,"drinks":false},{"name":"גרגרים חמים","description":"כל המנות כוללות 2 פיתות אפויות במקום, שמן זית סורי משובח, פטרוזליה טרייה קצוצה, התחמיץ של נרי, חמוצים וקינוח ","price":33,"vegan":true,"vegetarian":true,"image":"https://d25t2285lxl5rf.cloudfront.net/images/dishes/4088431c-d003-49e2-b2f2-9f96fc02614d.jpg","notFood":false,"drinks":false},{"name":"מסבחה","description":"כל המנות כוללות 2 פיתות אפויות במקום, שמן זית סורי משובח, פטרוזליה טרייה קצוצה, התחמיץ של נרי, חמוצים וקינוח ","price":34,"vegan":true,"vegetarian":true,"image":"https://d25t2285lxl5rf.cloudfront.net/images/dishes/f6d58095-a77f-4d22-9179-3927f5ffcd31.jpg","notFood":false,"drinks":false},{"name":"קומפלט","description":"כל המנות כוללות 2 פיתות אפויות במקום, שמן זית סורי משובח, פטרוזליה טרייה קצוצה, התחמיץ של נרי, חמוצים וקינוח ","price":36,"vegan":true,"vegetarian":true,"image":"https://d25t2285lxl5rf.cloudfront.net/images/dishes/48ed754e-2c26-4d8c-9cb9-48d4421966a6.jpg","notFood":false,"drinks":false},{"name":"חמשושקה","description":"כל המנות כוללות 2 פיתות אפויות במקום, שמן זית סורי משובח, פטרוזליה טרייה קצוצה, התחמיץ של נרי, חמוצים וקינוח ","price":39,"vegan":true,"vegetarian":true,"image":"https://d25t2285lxl5rf.cloudfront.net/images/dishes/8356b44e-fc98-4808-b010-8003f92095c6.jpg","notFood":false,"drinks":false},{"name":"פלאפל","description":"כל המנות כוללות 2 פיתות אפויות במקום, שמן זית סורי משובח, פטרוזליה טרייה קצוצה, התחמיץ של נרי, חמוצים וקינוח ","price":39,"vegan":true,"vegetarian":true,"image":"https://d25t2285lxl5rf.cloudfront.net/images/dishes/a0f52202-9393-4ad2-9e2b-88b96e451ddf.jpg","notFood":false,"drinks":false},{"name":"פטריות חמות","description":"כל המנות כוללות 2 פיתות אפויות במקום, שמן זית סורי משובח, פטרוזליה טרייה קצוצה, התחמיץ של נרי, חמוצים וקינוח ","price":41,"vegan":true,"vegetarian":true,"image":"https://d25t2285lxl5rf.cloudfront.net/images/dishes/c0f6336e-36ec-45b0-bc70-6054d4b4a313.jpg","notFood":false,"drinks":false},{"name":"טלה טחון","description":"כל המנות כוללות 2 פיתות אפויות במקום, שמן זית סורי משובח, פטרוזליה טרייה קצוצה, התחמיץ של נרי, חמוצים וקינוח ","price":44,"vegan":false,"vegetarian":false,"image":"https://d25t2285lxl5rf.cloudfront.net/images/dishes/dd643366-4973-48f9-8807-15bbb3f5c7b4.jpg","notFood":false,"drinks":false},{"name":"חזה עוף","description":"כל המנות כוללות 2 פיתות אפויות במקום, שמן זית סורי משובח, פטרוזליה טרייה קצוצה, התחמיץ של נרי, חמוצים וקינוח ","price":44,"vegan":false,"vegetarian":false,"image":"https://d25t2285lxl5rf.cloudfront.net/images/dishes/1ac74c40-2ab8-4f90-a3d4-d9705a139270.jpg","notFood":false,"drinks":false},{"name":"שווארמה פרגית","description":"כל המנות כוללות 2 פיתות אפויות במקום, שמן זית סורי משובח, פטרוזליה טרייה קצוצה, התחמיץ של נרי, חמוצים וקינוח","price":44,"vegan":false,"vegetarian":false,"image":"https://d25t2285lxl5rf.cloudfront.net/images/dishes/28cb115b-f8eb-44dd-9576-de9e5eac0172.jpg","notFood":false,"drinks":false},{"name":"ערבי","price":38,"vegan":true,"vegetarian":true,"image":"https://d25t2285lxl5rf.cloudfront.net/images/dishes/c425395c-9b41-4417-b34a-079f8671046f.jpg","notFood":false,"drinks":false},{"name":"חזה עוף","price":49,"vegan":false,"vegetarian":false,"image":"https://d25t2285lxl5rf.cloudfront.net/images/dishes/0d10dfc8-3b41-491e-97b9-cfa102868d15.jpg","notFood":false,"drinks":false},{"name":"פרגיות","description":"מוגש בתוספת 2 פיתות וחמוצים","price":49,"vegan":false,"vegetarian":false,"image":"https://d25t2285lxl5rf.cloudfront.net/images/dishes/20358509-010b-48f2-b5f4-96823fd626fd.jpg","notFood":false,"drinks":false},{"name":"סלט נרי","price":39,"vegan":true,"vegetarian":true,"notFood":false,"drinks":false},{"name":"בשרים","price":49,"vegan":false,"vegetarian":false,"notFood":false,"drinks":false},{"name":"סלט אישי","price":16,"vegan":true,"vegetarian":true,"notFood":false,"drinks":false},{"name":"מרק תימני עם בשר","description":"מגיע עם חילבה/טחינה ופיתה ","price":49,"vegan":false,"vegetarian":false,"notFood":false,"drinks":false},{"name":"מרק שעועית","description":"מגיע עם טחינה ופיתה","price":38,"vegan":true,"vegetarian":true,"notFood":false,"drinks":false},{"name":"פיתה","price":2,"vegan":true,"vegetarian":true,"image":"https://d25t2285lxl5rf.cloudfront.net/images/dishes/7dda0c5a-2105-49cc-be16-b5ba6182ce9b.jpg","notFood":false,"drinks":false},{"name":"סלט אישי","price":16,"vegan":true,"vegetarian":true,"image":"https://d25t2285lxl5rf.cloudfront.net/images/dishes/e8d07277-7c44-4d61-b80b-f51fc4ce838d.jpg","notFood":false,"drinks":false},{"name":"ציפס אישי","price":16,"vegan":true,"vegetarian":true,"image":"https://d25t2285lxl5rf.cloudfront.net/images/dishes/6df53324-dcb9-49ef-975b-eaf7c801b6b2.jpg","notFood":false,"drinks":false},{"name":"ציפס גדול","price":24,"vegan":true,"vegetarian":true,"image":"https://d25t2285lxl5rf.cloudfront.net/images/dishes/ed8a4786-c12a-46eb-936a-456f86b0182b.jpg","notFood":false,"drinks":false},{"name":"ביצה","price":3,"vegan":false,"vegetarian":true,"notFood":false,"drinks":false},{"name":"פיתה קמח מלא","price":3,"vegan":true,"vegetarian":true,"notFood":false,"drinks":false},{"name":"כדורי פלאפל","description":"6 יח' כדורים","price":7,"vegan":true,"vegetarian":true,"notFood":false,"drinks":false},{"name":"250 גר' חומוס","price":17,"vegan":true,"vegetarian":true,"notFood":false,"drinks":false},{"name":"250 גר' טחינה","price":17,"vegan":true,"vegetarian":true,"notFood":false,"drinks":false},{"name":"250 גר' מסבחה","price":17,"vegan":true,"vegetarian":true,"notFood":false,"drinks":false},{"name":"500 גר' חומוס","price":28,"vegan":true,"vegetarian":true,"notFood":false,"drinks":false},{"name":"500 גר' טחינה","price":28,"vegan":true,"vegetarian":true,"notFood":false,"drinks":false},{"name":"500 גר' מסבחה","price":27,"vegan":true,"vegetarian":true,"notFood":false,"drinks":false},{"name":"150 גר' חריף תמני","price":15,"vegan":true,"vegetarian":true,"notFood":false,"drinks":false},{"name":"250 גר' פטריות חמות","price":19,"vegan":true,"vegetarian":true,"notFood":false,"drinks":false},{"name":"250 גר' טחינה גולמית","price":29,"vegan":true,"vegetarian":true,"notFood":false,"drinks":false},{"name":"פול 250 גר'","price":17,"vegan":true,"vegetarian":true,"notFood":false,"drinks":false},{"name":"פול 500 גר'","price":27,"vegan":true,"vegetarian":true,"notFood":false,"drinks":false},{"name":"נביעות - מים מינרלים","price":8,"vegan":true,"vegetarian":true,"notFood":false,"drinks":false},{"name":"בקבוק סודה","price":8,"vegan":true,"vegetarian":true,"notFood":false,"drinks":true},{"name":"כוס לימונדה","price":8,"vegan":true,"vegetarian":true,"notFood":false,"drinks":false},{"name":"פחית קוקה קולה","price":10,"vegan":true,"vegetarian":true,"notFood":false,"drinks":true},{"name":"בקבוק ענבים","price":10,"vegan":true,"vegetarian":true,"notFood":false,"drinks":true},{"name":"פחית קולה זירו","price":10,"vegan":true,"vegetarian":true,"notFood":false,"drinks":true},{"name":"אייס תה אפרסק","price":10,"vegan":true,"vegetarian":true,"notFood":false,"drinks":false},{"name":"תפוזינה ענבים","price":10,"vegan":true,"vegetarian":true,"notFood":false,"drinks":true},{"name":"תפוזינה תפוזים","price":10,"vegan":true,"vegetarian":true,"notFood":false,"drinks":false},{"name":"מים בטעמים - אפרסק","price":10,"vegan":true,"vegetarian":true,"notFood":false,"drinks":false},{"name":"מים בטעמים - תפוח","price":10,"vegan":true,"vegetarian":true,"notFood":false,"drinks":false},{"name":"בירה שחורה","price":11,"vegan":true,"vegetarian":true,"notFood":false,"drinks":true}]}