{"track_id":"1016","filters":["coffeeHouse","salads","sandwichesWraps"],"image":"https://tenbis-static.azureedge.net/restaurant-card-image/ResCard_1016_20220227122156.jpg","address":"המלך ג'ורג', 14 ירושלים","location":[35.2167521,31.7818648],"name":"ארומה  ","city":"ירושלים","priceAverage":19.47222222222222,"menu":[{"name":"BOWL שוק","description":"מצע: בורגול וחיטה \nתוספות: גרגירי חומוס מתובלים, מלפפון, עגבניה, בצל סגול, תפוחי\nאדמה, מלפפון חמוץ ופטרוזיליה מוגש עם פלח לימון\nרוטב: טחינה-לימון","price":44,"vegan":true,"vegetarian":true,"image":"https://d25t2285lxl5rf.cloudfront.net/images/dishes/e7fbf15f-6f2c-48c6-acb5-2e5fe6dcad69.jpg","notFood":false,"drinks":false},{"name":"BOWL בלקני","description":"מצע: קינואה אדומה ולבנה \nתוספות: חציל קלוי, מלפפון, עגבניה, בצל סגול, פלפל קלוי, ביצה\nקשה, טפנד זיתים, גבינה בולגרית %5 ,פטרוזיליה ונענע\nרוטב: שמן זית ולימון","price":44,"vegan":false,"vegetarian":true,"image":"https://d25t2285lxl5rf.cloudfront.net/images/dishes/2108807.jpg","notFood":false,"drinks":false},{"name":"BOWL קינואה ועדשים","description":"מצע: קינואה אדומה ולבנה \nתוספות: עדשים שחורות, בטטה, מלפפון, עגבניה, בצל סגול, חסה,\nרוקט, פטרוזיליה, כוסברה ונענע\nרוטב: שמן זית ולימון","price":44,"vegan":true,"vegetarian":true,"image":"https://d25t2285lxl5rf.cloudfront.net/images/dishes/2108811.jpg","notFood":false,"drinks":false},{"name":"BOWL טוניסאי","description":"מצע: בורגול וחיטה\r\n\r\n            תוספות: תפוחי אדמה, בטטה, טונה, חציל קלוי, ביצה קשה, מלפפון חמוץ, מלפפון, עגבניה, בצל ירוק, פטרוזיליה ולימון כבוש. מוגש עם פלח לימון\r\n\r\n            רוטב: טחינה ולימון","price":44,"vegan":false,"vegetarian":false,"image":"https://d25t2285lxl5rf.cloudfront.net/images/dishes/d67f0da8-51ce-443b-8db6-6efa7bb8e15f.jpg","notFood":false,"drinks":false},{"name":"BOWL מקסיקני","description":"מצע: אורז לבן. תוספות: שעועית אדומה, עגבנייה, בצל סגול, פלפל קלוי, תירס, אבוקדו, חסה, כוסברה וחלפיניו מוחמץ. מוגש על פלח לימון. רוטב: קשיו צ'ילי","price":44,"vegan":true,"vegetarian":true,"image":"https://d25t2285lxl5rf.cloudfront.net/images/dishes/2268956.jpg","notFood":false,"drinks":false},{"name":"בוקר ישראלי","description":"שתי ביצים לפי בחירה*, סלט קטן: ישראלי / ירוק. \nמוגש עם טחינה, לחם חמאה וזיתים.\n*מקושקשת עשויה משלוש ביצים","price":36,"vegan":false,"vegetarian":true,"image":"https://d25t2285lxl5rf.cloudfront.net/images/dishes/cde6bf9c-5b74-4a44-9501-2b6dfd469e75.jpg","notFood":false,"drinks":false},{"name":"בוקר טבעוני","description":"חביתת חומוס, סלט קטן: ישראלי / ירוק. מוגש עם טחינה,\nלחם וזיתים.\nלבחירה 3 תוספות טבעוניות שמחירן עד 6 ש״ח מהמגוון ללא תוספת תשלום","price":36,"vegan":true,"vegetarian":true,"image":"https://d25t2285lxl5rf.cloudfront.net/images/dishes/8ad6da7f-ef10-4585-883e-bc64ce42f58c.jpg","notFood":false,"drinks":false},{"name":"בוקר בקטנה","description":"מקושקשת מביצה אחת, טחינה, סלט קטן: ישראלי / ירוק. \r\nבוקר בקטנה מתובל בשמן זית ולימון הכל ביחד","price":19,"vegan":false,"vegetarian":true,"image":"https://d25t2285lxl5rf.cloudfront.net/images/dishes/3b66fb3a-3b58-43a4-a8be-7b502cf4d324.jpg","notFood":false,"drinks":false},{"name":"כריך קרואסון סלמון","description":"חביתה עם פטריות, סלמון מעושן, גבינת שמנת, בצל ירוק, רוקט, מלח ופלפל שחור. מוגש עם סלט קטן: ישראלי/ירוק","price":36,"vegan":false,"vegetarian":false,"image":"https://d25t2285lxl5rf.cloudfront.net/images/dishes/2224434.jpg","notFood":false,"drinks":false},{"name":"בוקר כתום","description":"חביתה (2 ביצים) עם בטטה, סלמון מעושן, לחם קלוי בשמן זית, גבינת שמנת ובצל ירוק. מוגש עם סלט קטן: ישראלי/ירוק.","price":36,"vegan":false,"vegetarian":false,"image":"https://d25t2285lxl5rf.cloudfront.net/images/dishes/2224436.jpg","notFood":false,"drinks":false},{"name":"חביתה","description":"חביתה, גבינת שמנת, עגבניה, מלפפון חמוץ וחסה","price":17,"vegan":false,"vegetarian":true,"image":"https://d25t2285lxl5rf.cloudfront.net/images/dishes/35e5b2f2-3871-4bda-85b2-ea62de021cf7.jpg","notFood":false,"drinks":false},{"name":"חלומי","description":"גבינת חלומי צרובה, גבינת שמנת, עגבניה, מלפפון חמוץ וחסה","price":17,"vegan":false,"vegetarian":true,"image":"https://d25t2285lxl5rf.cloudfront.net/images/dishes/ac3863b4-3f31-43b2-9940-1001829d89f3.jpg","notFood":false,"drinks":false},{"name":"סביח","description":"פרוסות תפוח אדמה, חציל קלוי, ביצה קשה, ממרח פלפל צ'ומה,\r\nמלפפון חמוץ, טחינה ופטרוזיליה","price":17,"vegan":false,"vegetarian":true,"image":"https://d25t2285lxl5rf.cloudfront.net/images/dishes/536b7866-81bb-4896-bdb6-82b4151c64cc.jpg","notFood":false,"drinks":false},{"name":"אבוקדו טרי","description":"אבוקדו טרי (בעונה), ביצה קשה ועגבניה","price":17,"vegan":false,"vegetarian":true,"image":"https://d25t2285lxl5rf.cloudfront.net/images/dishes/808af351-84d3-4ee4-8abd-21734ea411cc.jpg","notFood":false,"drinks":false},{"name":"חביתת חומוס טבעונית","description":"חביתת חומוס טבעונית, טחינה,עגבניה, מלפפון חמוץ וחסה","price":17,"vegan":true,"vegetarian":true,"image":"https://d25t2285lxl5rf.cloudfront.net/images/dishes/721abd43-870a-4238-9191-ce009357442f.jpg","notFood":false,"drinks":false},{"name":"יווני","description":"גבינה בולגרית %5 ,עגבניה,בזיליקום ושמן זית","price":10,"vegan":false,"vegetarian":true,"image":"https://d25t2285lxl5rf.cloudfront.net/images/dishes/0c376c25-0fe9-44bb-a7fe-9e30d675534f.jpg","notFood":false,"drinks":false},{"name":"צהובה","description":"גבינה צהובה, גבינת שמנת,חסה ועגבניה","price":10,"vegan":false,"vegetarian":true,"image":"https://d25t2285lxl5rf.cloudfront.net/images/dishes/08360686-2458-4ee1-9038-128832221c12.jpg","notFood":false,"drinks":false},{"name":"סלט ביצים","description":"סלט ביצים (מוכן במקום),עגבניה ובצל ירוק","price":10,"vegan":false,"vegetarian":true,"image":"https://d25t2285lxl5rf.cloudfront.net/images/dishes/2d250b9f-17c4-4f6e-9ba2-dd151000d957.jpg","notFood":false,"drinks":false},{"name":"טונה","description":"טונה, רוטב ארומה, עגבניה, מלפפון חמוץ ורוקט.","price":17,"vegan":false,"vegetarian":false,"image":"https://d25t2285lxl5rf.cloudfront.net/images/dishes/2224438.jpg","notFood":false,"drinks":false},{"name":"סלמון","description":"סלמון מעושן, גבינת שמנת, חסה, בצל סגול ומיץ לימון","price":19,"vegan":false,"vegetarian":false,"image":"https://d25t2285lxl5rf.cloudfront.net/images/dishes/2224440.jpg","notFood":false,"drinks":false},{"name":"חביתה","description":"חביתה, גבינת שמנת, עגבניה, מלפפון חמוץ וחסה","price":29,"vegan":false,"vegetarian":true,"image":"https://d25t2285lxl5rf.cloudfront.net/images/dishes/87eb0154-d787-4eb9-bc0e-db0ff52ec1a7.jpg","notFood":false,"drinks":false},{"name":"חלומי","description":"גבינת חלומי צרובה, גבינת שמנת, עגבניה, מלפפון חמוץ וחסה","price":29,"vegan":false,"vegetarian":true,"image":"https://d25t2285lxl5rf.cloudfront.net/images/dishes/1cb4df39-aa87-47a4-8379-f48b8c2686f4.jpg","notFood":false,"drinks":false},{"name":"סביח","description":"פרוסות תפוח אדמה, חציל קלוי, ביצה קשה, ממרח פלפל צ'ומה,\r\nמלפפון חמוץ, טחינה ופטרוזיליה","price":29,"vegan":false,"vegetarian":true,"image":"https://d25t2285lxl5rf.cloudfront.net/images/dishes/a8f107c1-8369-4a95-8332-a2b4dd8d2158.jpg","notFood":false,"drinks":false},{"name":"אבוקדו טרי","description":"אבוקדו טרי (בעונה), ביצה קשה ועגבניה","price":29,"vegan":false,"vegetarian":true,"image":"https://d25t2285lxl5rf.cloudfront.net/images/dishes/a4584355-91e2-4a20-86db-63886d1f2d18.jpg","notFood":false,"drinks":false},{"name":"חביתת חומוס טבעונית","description":"חביתת חומוס טבעונית, טחינה,עגבניה, מלפפון חמוץ וחסה","price":29,"vegan":true,"vegetarian":true,"image":"https://d25t2285lxl5rf.cloudfront.net/images/dishes/7873df5c-05c9-48b7-adff-3a4404923423.jpg","notFood":false,"drinks":false},{"name":"יווני","description":"גבינה בולגרית %5 ,עגבניה,בזיליקום ושמן זית","price":18,"vegan":false,"vegetarian":true,"image":"https://d25t2285lxl5rf.cloudfront.net/images/dishes/71be2997-e418-46d4-81f5-7fd2f786f99e.jpg","notFood":false,"drinks":false},{"name":"צהובה","description":"גבינה צהובה, גבינת שמנת,חסה ועגבניה","price":18,"vegan":false,"vegetarian":true,"image":"https://d25t2285lxl5rf.cloudfront.net/images/dishes/9cc82dcb-19be-453e-a72d-033021569062.jpg","notFood":false,"drinks":false},{"name":"סלט ביצים","description":"סלט ביצים (מוכן במקום),עגבניה ובצל ירוק","price":18,"vegan":false,"vegetarian":true,"image":"https://d25t2285lxl5rf.cloudfront.net/images/dishes/c9af0a12-8a13-4a95-b177-d3c84dac5519.jpg","notFood":false,"drinks":false},{"name":"טונה","description":"טונה, רוטב ארומה, עגבניה, מלפפון חמוץ ורוקט","price":29,"vegan":false,"vegetarian":false,"image":"https://d25t2285lxl5rf.cloudfront.net/images/dishes/2224442.jpg","notFood":false,"drinks":false},{"name":"סלמון","description":"סלמון מעושן, גבינת שמנת, חסה, בצל סגול ומיץ לימון.","price":33,"vegan":false,"vegetarian":false,"image":"https://d25t2285lxl5rf.cloudfront.net/images/dishes/2224444.jpg","notFood":false,"drinks":false},{"name":"ירושלמי","description":"עגבניות, מלפפונים, קרוטונים, טחינה, ביצה קשה, גרגירי חומוס חם, בצל סגול ופטרוזיליה","price":39,"vegan":false,"vegetarian":true,"image":"https://d25t2285lxl5rf.cloudfront.net/images/dishes/779037eb-7e19-44d6-b599-e344eae36818.jpg","notFood":false,"drinks":false},{"name":"ארומה","description":"חסה, עגבניות, מלפפונים, גבינה בולגרית 5%, בצל סגול, זעתר וסומק. מתובל בשמן זית ומוגש עם פלח לימון","price":39,"vegan":false,"vegetarian":true,"image":"https://d25t2285lxl5rf.cloudfront.net/images/dishes/6471daed-8f2c-4035-bc61-595199e55163.jpg","notFood":false,"drinks":false},{"name":"סלט טונה","description":"טונה, חסה, תפוח אדמה, תירס, ביצה קשה, חציל קלוי, עגבניות, מלפפון חמוץ, בצל ירוק, בצל סגול ופטרוזיליה. מתובל בשמן זית ומוגש עם פלח לימון.","price":39,"vegan":false,"vegetarian":false,"image":"https://d25t2285lxl5rf.cloudfront.net/images/dishes/2224446.jpg","notFood":false,"drinks":false},{"name":"מוצרלה","description":"מוצרלה, עגבניות, בצל סגול צלוי ופלפל שחור","price":39,"vegan":false,"vegetarian":true,"image":"https://d25t2285lxl5rf.cloudfront.net/images/dishes/6b455e93-eb52-4acc-acb1-e4532f70837d.jpg","notFood":false,"drinks":false},{"name":"גבינה צהובה","description":"גבינה צהובה, עגבניות וטפנד זיתים","price":33,"vegan":false,"vegetarian":true,"image":"https://d25t2285lxl5rf.cloudfront.net/images/dishes/e07e385d-f9d9-4007-9007-dbca1b8d353e.jpg","notFood":false,"drinks":false},{"name":"בולגרית","description":"גבינה בולגרית %5 ,גבינה צהובה, פלפל קלוי \r\nוטפנד זיתים.","price":36,"vegan":false,"vegetarian":true,"image":"https://d25t2285lxl5rf.cloudfront.net/images/dishes/0ba73f5f-5134-4565-8b08-34823568f957.jpg","notFood":false,"drinks":false},{"name":"טוסט ילדים","description":"טוסט גבינה צהובה מוגש עם מלפפון ועגבניה פרוסים\r\n","price":26,"vegan":false,"vegetarian":true,"image":"https://d25t2285lxl5rf.cloudfront.net/images/dishes/c6ee710f-1979-4bc3-bcb2-ad320629a3d5.jpg","notFood":false,"drinks":false},{"name":"לחם קמח מלא","price":6,"vegan":true,"vegetarian":true,"notFood":false,"drinks":false},{"name":"לחם דגנים קל","price":6,"vegan":false,"vegetarian":false,"notFood":false,"drinks":false},{"name":"לחם לבן","price":6,"vegan":true,"vegetarian":true,"notFood":false,"drinks":false},{"name":"לחמניית מחמצת","description":"לחמניית המחמצת מיוצרת בתהליך התפחה ארוך המקנה לה טעם ייחודי.\r\nהמחמצת היא שילוב של מחמצת שיפון ודורום, הרכב הקמחים - %65 קמח מלא","price":9,"vegan":true,"vegetarian":true,"notFood":false,"drinks":false},{"name":"לחמניה ללא גלוטן","price":8,"vegan":true,"vegetarian":true,"notFood":false,"drinks":false},{"name":"קרואסון שוקולד","price":12,"vegan":false,"vegetarian":true,"image":"https://d25t2285lxl5rf.cloudfront.net/images/dishes/6f37c20d-879a-40c3-b88f-906267c22646.jpg","notFood":false,"drinks":false},{"name":"קרואסון חמאה","price":12,"vegan":true,"vegetarian":true,"image":"https://d25t2285lxl5rf.cloudfront.net/images/dishes/41e93365-6ca6-4f1e-9daa-1c67bc63c59d.jpg","notFood":false,"drinks":false},{"name":"קרואסון שקדים שוקולד","price":16,"vegan":false,"vegetarian":true,"image":"https://d25t2285lxl5rf.cloudfront.net/images/dishes/e3d42768-20ff-4240-8ade-9f5a6547cda7.jpg","notFood":false,"drinks":false},{"name":"קרואסון שקדים חמאה","price":16,"vegan":true,"vegetarian":true,"image":"https://d25t2285lxl5rf.cloudfront.net/images/dishes/2d43059a-ab5d-475b-82c0-f9a1fa1c8fad.jpg","notFood":false,"drinks":false},{"name":"דניש פרג","price":13,"vegan":true,"vegetarian":true,"image":"https://d25t2285lxl5rf.cloudfront.net/images/dishes/71e911de-db92-4fcb-af74-14eab1cc3943.jpg","notFood":false,"drinks":false},{"name":"מאפה תמרים","price":10,"vegan":true,"vegetarian":true,"image":"https://d25t2285lxl5rf.cloudfront.net/images/dishes/3a8d335f-815e-45ce-b406-1322d301faaa.jpg","notFood":false,"drinks":false},{"name":"מאפה חלבה","price":10,"vegan":false,"vegetarian":true,"image":"https://d25t2285lxl5rf.cloudfront.net/images/dishes/e9da7a60-5565-43bb-845d-01854db557b2.jpg","notFood":false,"drinks":false},{"name":"מאפה פרג","price":10,"vegan":true,"vegetarian":true,"image":"https://d25t2285lxl5rf.cloudfront.net/images/dishes/e21ed06d-9a89-41b9-b42a-76c1b40bc58b.jpg","notFood":false,"drinks":false},{"name":"מאפה פילו תפוחי-עץ טבעוני","price":10,"vegan":true,"vegetarian":true,"image":"https://d25t2285lxl5rf.cloudfront.net/images/dishes/ae525530-a852-43bd-9a0c-f4777ab72198.jpg","notFood":false,"drinks":false},{"name":"אלפחורס","price":8,"vegan":true,"vegetarian":true,"image":"https://d25t2285lxl5rf.cloudfront.net/images/dishes/db72c5cd-8cbc-4a19-bccf-159e6e3db934.jpg","notFood":false,"drinks":false},{"name":"בראוניז","price":12,"vegan":true,"vegetarian":true,"image":"https://d25t2285lxl5rf.cloudfront.net/images/dishes/e439e906-02ba-4124-bbb7-c9a5d6f90e3f.jpg","notFood":false,"drinks":false},{"name":"גביניה","price":12,"vegan":true,"vegetarian":true,"image":"https://d25t2285lxl5rf.cloudfront.net/images/dishes/08d4a82b-59f6-40d7-9aae-2d46b064af6e.jpg","notFood":false,"drinks":false},{"name":"קוקיס","description":"עוגיית שוקולד צ‘יפס","price":11,"vegan":false,"vegetarian":true,"image":"https://d25t2285lxl5rf.cloudfront.net/images/dishes/6957cf89-d4eb-4b22-ade0-aea3eb09f58a.jpg","notFood":false,"drinks":false},{"name":"עוגיית ביסקוטי","price":3,"vegan":true,"vegetarian":true,"image":"https://d25t2285lxl5rf.cloudfront.net/images/dishes/9aa8944f-6c5a-4559-8f8d-2b06d4ca6a82.jpg","notFood":false,"drinks":false},{"name":"עוגיות שקדים - 3 יח'","price":5,"vegan":true,"vegetarian":true,"image":"https://d25t2285lxl5rf.cloudfront.net/images/dishes/980dc2aa-b8fd-44a1-8564-1629e0a134ba.jpg","notFood":false,"drinks":false},{"name":"עוגיות שקדים - 1 יח'","price":2,"vegan":true,"vegetarian":true,"image":"https://d25t2285lxl5rf.cloudfront.net/images/dishes/300edb51-41b0-402d-a767-e22a8d00f3c8.jpg","notFood":false,"drinks":false},{"name":"שטרודל תמרים ללא גלוטן","price":12,"vegan":true,"vegetarian":true,"notFood":false,"drinks":false},{"name":"בורקס פינוקים","description":"ביצה קשה, עגבניה, טחינה ומלפפון חמוץ","price":19,"vegan":false,"vegetarian":true,"image":"https://d25t2285lxl5rf.cloudfront.net/images/dishes/a1b3928f-724c-4de9-85c1-ab0f3e50cada.jpg","notFood":false,"drinks":false},{"name":"בורקס גבינה","price":14,"vegan":false,"vegetarian":true,"image":"https://d25t2285lxl5rf.cloudfront.net/images/dishes/49c63be5-e6f2-411c-8c1a-ae6accef678a.jpg","notFood":false,"drinks":false},{"name":"מאפה פילו גבינה","price":10,"vegan":false,"vegetarian":true,"image":"https://d25t2285lxl5rf.cloudfront.net/images/dishes/043575e2-2361-4cfc-949e-af9c6e8c6286.jpg","notFood":false,"drinks":false},{"name":"מאפה בולגרית","price":15,"vegan":false,"vegetarian":true,"image":"https://d25t2285lxl5rf.cloudfront.net/images/dishes/b8cd373e-18c8-4755-b6b8-902e6d18f483.jpg","notFood":false,"drinks":false},{"name":"מאפה בולגרית פינוקים","description":"ביצה קשה, עגבניה, טחינה ומלפפון חמוץ","price":19,"vegan":false,"vegetarian":true,"image":"https://d25t2285lxl5rf.cloudfront.net/images/dishes/bc63536f-ab5c-4a98-9967-8283f2b2af5d.jpg","notFood":false,"drinks":false},{"name":"מים מינרלים","price":8,"vegan":true,"vegetarian":true,"notFood":false,"drinks":false},{"name":"סודה","price":8,"vegan":true,"vegetarian":true,"notFood":false,"drinks":true},{"name":"מים בטעם ענבים","price":9,"vegan":true,"vegetarian":true,"notFood":false,"drinks":true},{"name":"מים בטעם תפוח","price":9,"vegan":true,"vegetarian":true,"notFood":false,"drinks":false},{"name":"קולה זירו","price":9,"vegan":true,"vegetarian":true,"notFood":false,"drinks":true},{"name":"קוקה קולה","price":9,"vegan":true,"vegetarian":true,"notFood":false,"drinks":true},{"name":"ספרייט","price":9,"vegan":true,"vegetarian":true,"notFood":false,"drinks":true},{"name":"דיאט ספרייט","price":9,"vegan":true,"vegetarian":true,"notFood":false,"drinks":true}]}