{"track_id":"1018","filters":["meatGrill","salads","asianFusion"],"image":"https://tenbis-static.azureedge.net/restaurant-default-card-image/CuzineType_meatgrill_13.jpg","address":"שדרות גיבורי ישראל, 40 נתניה","location":[34.8613519,32.283389],"name":"טיים עוף","city":"אבן יהודה","priceAverage":34.34,"menu":[{"name":"רצועות חזה עוף מוקפץ","description":"מיונז, חריף, חסה, כרוב, סלט ירקות וכל המנה מוקפצת עם בצל מוגש בבאגט","price":45,"vegan":false,"vegetarian":false,"image":"https://d25t2285lxl5rf.cloudfront.net/images/dishes/59cce092-7670-4d6f-ad8f-a9847a33a3e1.png","notFood":false,"drinks":false},{"name":"מוקפץ","description":"אורז או נודלס או ירקות או פאד תאי מוקפצות בתוספת ירקות ורצועות חזה עוף במגוון טעמים לבחירתך, בתוספת בגט וסלטים","price":60,"vegan":false,"vegetarian":false,"image":"https://d25t2285lxl5rf.cloudfront.net/images/dishes/30a2d4d4-4ad1-4b5f-9526-801e8cadf378.jpg","notFood":false,"drinks":false},{"name":"שווארמה בבאגט","description":"","price":40,"vegan":false,"vegetarian":false,"image":"https://d25t2285lxl5rf.cloudfront.net/images/dishes/fe4935b4-d5d7-4c32-b25c-855d6fe5e692.jpg","notFood":false,"drinks":false},{"name":"שניצל בבאגט","description":"מיונז, חריף, חסה, כרוב, סלט ירקות בציפוי פריך","price":45,"vegan":false,"vegetarian":false,"image":"https://d25t2285lxl5rf.cloudfront.net/images/dishes/51a53ef3-10cf-40a0-b36d-c28e84329620.png","notFood":false,"drinks":false},{"name":"מוקפץ","description":"אורז או נודלס או ירקות או פאד תאי מוקפצות בתוספת ירקות ורצועות חזה עוף במגוון טעמים לבחירתך, בתוספת בגט וסלטים","price":60,"vegan":false,"vegetarian":false,"image":"https://d25t2285lxl5rf.cloudfront.net/images/dishes/30a2d4d4-4ad1-4b5f-9526-801e8cadf378.jpg","notFood":false,"drinks":false},{"name":"שניצל בחמגשית","description":"שניצל, מוגש עם תוספת לבחירה וסלטים","price":60,"vegan":false,"vegetarian":false,"image":"https://d25t2285lxl5rf.cloudfront.net/images/dishes/43772448-258f-45e1-a9e0-1922548007b7.jpg","notFood":false,"drinks":false},{"name":"רצועות חזה עוף מוקפץ","description":"מיונז, חריף, חסה, כרוב, סלט ירקות וכל המנה מוקפצת עם בצל מוגש בבאגט","price":45,"vegan":false,"vegetarian":false,"image":"https://d25t2285lxl5rf.cloudfront.net/images/dishes/59cce092-7670-4d6f-ad8f-a9847a33a3e1.png","notFood":false,"drinks":false},{"name":"שניצל בבאגט","description":"מיונז, חריף, חסה, כרוב, סלט ירקות בציפוי פריך","price":45,"vegan":false,"vegetarian":false,"image":"https://d25t2285lxl5rf.cloudfront.net/images/dishes/51a53ef3-10cf-40a0-b36d-c28e84329620.png","notFood":false,"drinks":false},{"name":"רצועות אנטריקוט בבגאט","description":"רצועות אנטריקוט מוקפצות עם בצל, בצל ירוק, גמבה אדומה, מיונז, חריף, חסה, כרוב וסלט ירקות ","price":55,"vegan":false,"vegetarian":false,"image":"https://d25t2285lxl5rf.cloudfront.net/images/dishes/5b09e867-fe73-4ad1-aacf-cff48887bdb8.png","notFood":false,"drinks":false},{"name":"רצועות אנטריקוט בחמגשית","description":"רצועות אנטריקוט מוקפצות עם נודלס או אורז, בצל, בצל ירוק וגמבה אדומה","price":69,"vegan":false,"vegetarian":false,"image":"https://d25t2285lxl5rf.cloudfront.net/images/dishes/20c85472-75b2-4ed0-a249-ca3e61d4823a.png","notFood":false,"drinks":false},{"name":"שניצל בפיתה","description":"שניצל בציפוי פריך ","price":28,"vegan":false,"vegetarian":false,"image":"https://d25t2285lxl5rf.cloudfront.net/images/dishes/c26be1f2-4552-40a8-b918-dffd06832de8.jpg","notFood":false,"drinks":false},{"name":"חזה עוף על האש","description":"מוגש עם פוטטו, סלטים, רטבים ובאגט","price":50,"vegan":false,"vegetarian":false,"image":"https://d25t2285lxl5rf.cloudfront.net/images/dishes/f220148b-9a4d-46ae-8bd2-3c60256753df.jpg","notFood":false,"drinks":false},{"name":"מיקס עוף ואנטריקוט","description":"מוגש עם נודלס או אורז, רטבים, סלטים ובאגט","price":59,"vegan":false,"vegetarian":false,"image":"https://d25t2285lxl5rf.cloudfront.net/images/dishes/a6f1a88a-14db-4d37-8515-53770528ccdc.jpg","notFood":false,"drinks":false},{"name":"מנה צמחונית","description":"אטריות או אורז,  וירקות מוקפצים בשני טעמים ","price":38,"vegan":true,"vegetarian":true,"image":"","notFood":false,"drinks":false},{"name":"מיקס מטוגנים","description":"כולל צ'יפס, צ'יפס בטטה, כדורי פירה, טבעות בצל, נקנקיות","price":43,"vegan":true,"vegetarian":true,"image":"","notFood":false,"drinks":false},{"name":"מיקס עוף ואנטריקוט","description":"מיונז, חריף, חסה, כרוב, סלט ","price":55,"vegan":false,"vegetarian":false,"image":"https://d25t2285lxl5rf.cloudfront.net/images/dishes/59142630-0228-4dee-8281-d5bbd4840fe9.jpg","notFood":false,"drinks":false},{"name":"חזה עוף על האש","description":"מיונז, חריף, חסה, עגבניה, מלפפון חמוץ","price":38,"vegan":false,"vegetarian":false,"image":"https://d25t2285lxl5rf.cloudfront.net/images/dishes/9ee5d2eb-d05f-4ad5-89f3-6eaa579abc87.jpg","notFood":false,"drinks":false},{"name":"קבב בבגט","description":"","price":43,"vegan":false,"vegetarian":false,"image":"","notFood":false,"drinks":false},{"name":"פרגית בבגט","description":"","price":43,"vegan":false,"vegetarian":false,"image":"","notFood":false,"drinks":false},{"name":"קבב בפיתה","description":"","price":39,"vegan":false,"vegetarian":false,"image":"","notFood":false,"drinks":false},{"name":"פרגית בפיתה","description":"","price":39,"vegan":false,"vegetarian":false,"image":"","notFood":false,"drinks":false},{"name":"קבב בחמגשית","description":"ניתן לבחור תוספת.","price":65,"vegan":false,"vegetarian":false,"image":"","notFood":false,"drinks":false},{"name":"פרגית בחמגשית","description":"ניתן לבחור תוספת.","price":65,"vegan":false,"vegetarian":false,"image":"","notFood":false,"drinks":false},{"name":"שווארמה בבאגט","description":"","price":40,"vegan":false,"vegetarian":false,"image":"https://d25t2285lxl5rf.cloudfront.net/images/dishes/fe4935b4-d5d7-4c32-b25c-855d6fe5e692.jpg","notFood":false,"drinks":false},{"name":"שווארמה בפיתה","description":"","price":37,"vegan":false,"vegetarian":false,"image":"https://d25t2285lxl5rf.cloudfront.net/images/dishes/4da593b0-7189-4a32-9185-b5f753ad9def.jpg","notFood":false,"drinks":false},{"name":"שווארמה בצלחת","description":"בתוספת חומוס, טחינה, סלט קצוץ וחמוצים.\nלחם ותוספת לבחירה","price":60,"vegan":false,"vegetarian":false,"image":"","notFood":false,"drinks":false},{"name":"סלט חזה עוף על האש","description":"הסלט כולל עלי בייבי, חסה, מלפפון, עגבניות שרי, גמבה, בצל סגול ופטריות","price":50,"vegan":false,"vegetarian":false,"image":"","notFood":false,"drinks":false},{"name":"סלט שניצל","description":"פרוסות שניצל בציפוי פריך על סלט, בליווי חסה, כרוב, מלפפון, עגבניה, פלפל ירוק, גזר ופטריות.\nמוגש עם שני רטבים לבחירה ","price":50,"vegan":false,"vegetarian":false,"image":"","notFood":false,"drinks":false},{"name":"סלט אנטריקוט","description":"","price":55,"vegan":false,"vegetarian":false,"image":"","notFood":false,"drinks":false},{"name":"סלט טונה","description":"","price":40,"vegan":false,"vegetarian":false,"image":"","notFood":false,"drinks":false},{"name":"אגרול צמחוני - יחידה אחת","description":"","price":9,"vegan":true,"vegetarian":true,"image":"https://d25t2285lxl5rf.cloudfront.net/images/dishes/437d9289-c620-4e55-9835-26f7f788c1e0.png","notFood":false,"drinks":false},{"name":"אגרול צמחוני - שתי יחידות","description":"","price":15,"vegan":true,"vegetarian":true,"image":"https://d25t2285lxl5rf.cloudfront.net/images/dishes/7ce6d129-2b8d-4787-8777-2ddfc5916f5c.png","notFood":false,"drinks":false},{"name":"טבעות בצל - קטן","description":"","price":15,"vegan":true,"vegetarian":true,"image":"https://d25t2285lxl5rf.cloudfront.net/images/dishes/abd814c5-2424-41cb-9d1c-cb677ae3b440.jpg","notFood":false,"drinks":false},{"name":"טבעות בצל - גדול","description":"","price":22,"vegan":true,"vegetarian":true,"image":"https://d25t2285lxl5rf.cloudfront.net/images/dishes/2443419f-a9fb-434a-93b0-b0fc9b03dc37.jpg","notFood":false,"drinks":false},{"name":"צ`יפס - קטן","description":"","price":13,"vegan":true,"vegetarian":true,"image":"https://d25t2285lxl5rf.cloudfront.net/images/dishes/868b5ba6-0e7f-4026-8699-264f28922d9d.jpg","notFood":false,"drinks":false},{"name":"אצבעות בטטה - קטן","description":"","price":15,"vegan":true,"vegetarian":true,"image":"","notFood":false,"drinks":false},{"name":"אצבעות בטטה - גדול","description":"","price":25,"vegan":true,"vegetarian":true,"image":"","notFood":false,"drinks":false},{"name":"צ`יפס - גדול","description":"","price":20,"vegan":true,"vegetarian":true,"image":"","notFood":false,"drinks":false},{"name":"מלבי פרווה","description":"","price":12,"vegan":true,"vegetarian":true,"image":"","notFood":false,"drinks":false},{"name":"פחית קולה","description":"","price":10,"vegan":true,"vegetarian":true,"image":"","notFood":false,"drinks":true},{"name":"פחית קולה זירו","description":"","price":10,"vegan":true,"vegetarian":true,"image":"","notFood":false,"drinks":true},{"name":"פחית ספרייט","description":"","price":10,"vegan":true,"vegetarian":true,"image":"","notFood":false,"drinks":true},{"name":"פחית דיאט ספרייט","description":"","price":10,"vegan":true,"vegetarian":true,"image":"","notFood":false,"drinks":true},{"name":"פחית פאנטה","description":"","price":10,"vegan":true,"vegetarian":true,"image":"","notFood":false,"drinks":false},{"name":"פחית מנגו","description":"","price":10,"vegan":true,"vegetarian":true,"image":"","notFood":false,"drinks":false},{"name":"פחית תות בננה","description":"","price":10,"vegan":true,"vegetarian":true,"image":"","notFood":false,"drinks":false},{"name":"נסטי אפרסק","description":"","price":10,"vegan":true,"vegetarian":true,"image":"","notFood":false,"drinks":true},{"name":"נסטי מנגו אננס","description":"","price":10,"vegan":true,"vegetarian":true,"image":"","notFood":false,"drinks":true},{"name":"מים בטעם תפוח","description":"","price":10,"vegan":true,"vegetarian":true,"image":"","notFood":false,"drinks":false},{"name":"מים בטעם אפרסק","description":"","price":10,"vegan":true,"vegetarian":true,"image":"","notFood":false,"drinks":false}]}