{"track_id":"1027","filters":["pasta","coffeeHouse","salads"],"image":"https://tenbis-static.azureedge.net/restaurant-default-card-image/CuzineType_italian_01.jpg","address":"שדרות הפלי\"ם, 2 חיפה","location":[35.0001995,32.81698720000001],"name":"סאגפו","city":"חיפה","priceAverage":26.19047619047619,"menu":[{"name":"פיצה בסיגנון פינית","description":"רוטב שמנת עם פרמזן  וחמאה,בזליק,סלמון,בצל סגול,פיטריות טריות. ","price":40,"vegan":false,"vegetarian":false,"image":"https://d25t2285lxl5rf.cloudfront.net/images/dishes/f1065c0c-d097-46e8-a0fc-f2287b916d79.938","notFood":false,"drinks":false},{"name":"מרק בסיגנון פינית","price":38,"vegan":true,"vegetarian":true,"image":"https://d25t2285lxl5rf.cloudfront.net/images/dishes/6e693a94-552c-408b-871a-35b297f938b9.jpg","notFood":false,"drinks":false},{"name":"מרק עם כריך","price":39,"vegan":true,"vegetarian":true,"notFood":false,"drinks":false},{"name":"מרק עם סלט אישי","description":"מוגש עם שתי לחמניות ","price":39,"vegan":true,"vegetarian":true,"notFood":false,"drinks":false},{"name":"אומלט","description":"פסטו, בזיליקום, אומלט, גאודה, זיתים שחורים ורוקט","price":35,"vegan":true,"vegetarian":true,"image":"https://d25t2285lxl5rf.cloudfront.net/images/dishes/2aa3ff41-94bc-4c6e-a3ba-b58631d83178.jpg","notFood":false,"drinks":false},{"name":"בולגרית","description":"פסטו בזיליקום, חציל קלוי, בולגרית, פלפל קלוי ועלי בזיליקום","price":35,"vegan":false,"vegetarian":true,"image":"https://d25t2285lxl5rf.cloudfront.net/images/dishes/6a2992bd-4629-45ec-a65c-26c524477dcc.jpg","notFood":false,"drinks":false},{"name":"מוצרלה","description":"מוצרלה, עגבנייה, פסטו ועלי בזיליקום","price":35,"vegan":false,"vegetarian":true,"image":"https://d25t2285lxl5rf.cloudfront.net/images/dishes/cf13b564-602d-4547-8f42-568ee609616f.jpg","notFood":false,"drinks":false},{"name":"טונה","description":"איולי, טונה, ביצה קשה, בצל סגול, עגבנייה, מלפפון חמוץ וחסה","price":35,"vegan":false,"vegetarian":false,"notFood":false,"drinks":false},{"name":"עירקי","description":"טחינה ירוקה, ביצה קשה, חציל קלוי, עגבנייה, מלפפון חמוץ","price":35,"vegan":false,"vegetarian":true,"notFood":false,"drinks":false},{"name":"סלמון","description":"גבינת שמנת, סלמון מעושן, עירית ולימון","price":35,"vegan":false,"vegetarian":false,"notFood":false,"drinks":false},{"name":"צאן","description":"חציל קלוי, חסה, גבינת צאן ועגבניות מיובשות","price":35,"vegan":false,"vegetarian":true,"notFood":false,"drinks":false},{"name":"אנטיפסטי","description":"חציל קלוי, ביצה קשה, זוקיני, עגבנייה, מיקס חסה","price":28,"vegan":false,"vegetarian":true,"notFood":false,"drinks":false},{"name":"גבינת צאן","description":"גבינת צאן, חציל קלוי, פסטו, עגבנייה ובזיליקום","price":30,"vegan":false,"vegetarian":true,"notFood":false,"drinks":false},{"name":"חלומי","description":"גבינת חלומי מטוגנת, גבינת שמנת, פסטו, חסה ועגבניה","price":35,"vegan":false,"vegetarian":true,"notFood":false,"drinks":false},{"name":"טרמיציני בולגרית שלם","description":"פסטו, חציל קלוי, גבינה בולגרית, פלפל קלוי ועלי בזיליקום","price":18,"vegan":false,"vegetarian":true,"notFood":false,"drinks":false},{"name":"טרמיציני בריאות שלם","description":"גבינת ריקוטה, גזר, מלפפון, עגבנייה, נבטים, עלי בזיליקום, שמן זית ולימון","price":18,"vegan":false,"vegetarian":true,"notFood":false,"drinks":false},{"name":"טרמיציני סלמון שלם","description":"גבינת שמנת, סלמון מעושן, עירית ולימון","price":25,"vegan":false,"vegetarian":false,"notFood":false,"drinks":false},{"name":"טרמיציני עזים שלם","description":"גבינת עזים רכה, חציל קלוי ועגבנייה","price":18,"vegan":false,"vegetarian":true,"notFood":false,"drinks":false},{"name":"אנטיפסטי","description":"חציל קלוי, זוקיני, ביצה קשה, פלפל קלוי ועלי בזיליקום","price":30,"vegan":false,"vegetarian":true,"notFood":false,"drinks":false},{"name":"בולגרית","description":"פסטו, בזיליקום, חציל קלוי, גבינה בולגרית, פלפל קלוי ועלי בזיליקום","price":30,"vegan":false,"vegetarian":true,"notFood":false,"drinks":false},{"name":"חלומי","description":"גבינת חלומי, פסטו, חציל ופלפל קלוי","price":40,"vegan":false,"vegetarian":true,"notFood":false,"drinks":false},{"name":"הומלט","description":"צהובה,ירקות","price":38,"vegan":true,"vegetarian":true,"notFood":false,"drinks":false},{"name":"הומלט","description":"גבינה וירקות.","price":38,"vegan":false,"vegetarian":true,"notFood":false,"drinks":false},{"name":"טוסט בולגרית","description":"טפאנד זיתים, חציל קלוי וגבינה בולגרית","price":35,"vegan":false,"vegetarian":true,"image":"https://d25t2285lxl5rf.cloudfront.net/images/dishes/f393f0a5-cc42-4fb7-b78f-fa7ee4d42f45.jpg","notFood":false,"drinks":false},{"name":"טוסט טל העמק","description":"עגבנייה וגבינת טל העמק","price":35,"vegan":false,"vegetarian":true,"image":"https://d25t2285lxl5rf.cloudfront.net/images/dishes/e4476584-a6fd-4dc5-b58a-36fc8c07e90b.jpg","notFood":false,"drinks":false},{"name":"טוסט מוצרלה","description":"פסטו, מוצרלה ועגבנייה","price":35,"vegan":false,"vegetarian":true,"image":"https://d25t2285lxl5rf.cloudfront.net/images/dishes/d585f6f1-0872-40de-948b-209a00ae08e6.jpg","notFood":false,"drinks":false},{"name":"טוסט טונה","description":"טונה, טל העמק ועגבניה","price":35,"vegan":false,"vegetarian":false,"image":"https://d25t2285lxl5rf.cloudfront.net/images/dishes/d8c137ec-19ca-4aaa-99f2-5939375f871d.jpg","notFood":false,"drinks":false},{"name":"טוסט פיצה","description":"מוצרלה, צהובה, רוטב פיצה וזיתים","price":35,"vegan":false,"vegetarian":true,"notFood":false,"drinks":false},{"name":"טוסט סלמון","description":"גבינה לבחירה, עגבניה, סלמון ועירית","price":40,"vegan":false,"vegetarian":false,"notFood":false,"drinks":false},{"name":"סלט בולגרית","description":"מיקס חסה, עגבנייה, מלפפון, גבינה בולגרית, זיתים שחורים. מוגש עם לחמניה וחמאה","price":32,"vegan":false,"vegetarian":true,"image":"https://d25t2285lxl5rf.cloudfront.net/images/dishes/f6b93d09-ba2e-421a-bb93-ea03fdfa4180.jpg","notFood":false,"drinks":false},{"name":"סלט טונה","description":"ביצה קשה, טונה, מיקס חסה, עגבנייה ומלפפון. מוגש עם לחמניה וחמאה","price":32,"vegan":false,"vegetarian":false,"image":"https://d25t2285lxl5rf.cloudfront.net/images/dishes/79adb865-013a-4d47-a058-b4052c0b803f.jpg","notFood":false,"drinks":false},{"name":"סלט עגבניות","description":"חסה, עגבניות, בצל ירוק, נענע, ויניגרט וכמון. מוגש עם לחמניה וחמאה","price":28,"vegan":true,"vegetarian":true,"image":"https://d25t2285lxl5rf.cloudfront.net/images/dishes/db879003-5a2c-4215-8935-b375ddd1a1ab.jpg","notFood":false,"drinks":false},{"name":"סלט חלומי","description":"גבינת חלומי, פטריות, אגוזים, מצע חסה, עגבניות שרי, עגבניה ומלפפון","price":40,"vegan":false,"vegetarian":true,"image":"https://d25t2285lxl5rf.cloudfront.net/images/dishes/6be73c69-55e2-4885-be27-6ec3233a4fde.jpg","notFood":false,"drinks":false},{"name":"סלט אבוקדו - בעונה","description":"חסה, עגבניה, מלפפון, גבינה בולגרית, פרוסות אבוקדו, עגבניות שרי, גמבה וביצה קשה","price":32,"vegan":false,"vegetarian":true,"image":"https://d25t2285lxl5rf.cloudfront.net/images/dishes/cf1bfc57-8a95-4e5d-b8cc-c69fbaa4c1d3.jpg","notFood":false,"drinks":false},{"name":"סלט השף","description":"חסה, עגבניה, מלפפון, פטריות, עגבניות שרי, גבינה בולגרית וביצה קשה, מוגש עם שתי לחמניות, חמאה ורטבים לבחירה","price":40,"vegan":false,"vegetarian":true,"image":"https://d25t2285lxl5rf.cloudfront.net/images/dishes/0ead2d51-eefa-40ba-a372-50863c11b07f.jpg","notFood":false,"drinks":false},{"name":"קציצות צמחוני","description":"שלוש קציצות עם ירקות סלט קטן ורטבים","price":35,"vegan":true,"vegetarian":true,"image":"https://d25t2285lxl5rf.cloudfront.net/images/dishes/127564c7-154e-49cb-8d93-6f23ecfa7614.jpg","notFood":false,"drinks":false},{"name":"סלט ישראלי","description":"עגבניה, מלפפון, בצל סגול, פטרוזיליה, שמן זית, לימון, מלח ופלפל, מוגש עם טחינה","price":32,"vegan":true,"vegetarian":true,"notFood":false,"drinks":false},{"name":"סלט דגים","description":"חסה, עגבניות שרי, מלפפון, בצל ורצועות דגים","price":40,"vegan":false,"vegetarian":false,"notFood":false,"drinks":false},{"name":"סלט סלמון","description":"חסה, עגבניות שרי, מלפפון, בצל, גבינה בולגרית ורצועות סלמון מעושן","price":45,"vegan":false,"vegetarian":false,"notFood":false,"drinks":false},{"name":"סלט קינואה","description":"קינואה אדומה ולבנה, עגבניות, מלפפון, חסה, בצל סגול,בצל ירוק, נענע, תבלינים, לימון, מלח וחמוציות.","price":35,"vegan":true,"vegetarian":true,"notFood":false,"drinks":false},{"name":"סלט פסטה איטלקי","description":"פסטה איטלקית עם עגבניות שרי, בצל סגול, מלפפון, פלפל אדום,  מגיע ברוטב שמן זית, לימון ופרמזן - מגיע במיכל של ליטר","price":38,"vegan":false,"vegetarian":true,"notFood":false,"drinks":false},{"name":"קיש תרד","price":45,"vegan":true,"vegetarian":true,"notFood":false,"drinks":false},{"name":"קיש בטטה","price":45,"vegan":true,"vegetarian":true,"notFood":false,"drinks":false},{"name":"קיש גבינה","price":45,"vegan":false,"vegetarian":true,"notFood":false,"drinks":false},{"name":"קיש פטריות","price":45,"vegan":true,"vegetarian":true,"notFood":false,"drinks":false},{"name":"קיש ברוקולי","price":45,"vegan":true,"vegetarian":true,"notFood":false,"drinks":false},{"name":"מרק","description":"מרק לבחירה, מוגש עם לחמניה או בייגל וחמאה","price":25,"vegan":true,"vegetarian":true,"notFood":false,"drinks":false},{"name":"מרק פיני","description":"סלמון טרי,פלפל אנגלי, ירקות בשמנת עם לחם שחור וחמאה ","price":35,"vegan":false,"vegetarian":false,"notFood":false,"drinks":false},{"name":"מרק דגים","description":"ירקות, דג בס מוגש עם לחם בריאות וחמאה ","price":35,"vegan":false,"vegetarian":false,"notFood":false,"drinks":false},{"name":"פיצה אישית ללא תוספות","price":25,"vegan":false,"vegetarian":true,"image":"https://d25t2285lxl5rf.cloudfront.net/images/dishes/d8b8fb61-ffaa-42bf-9218-a29a7a9d60f9.jpg","notFood":false,"drinks":false},{"name":"פיצה אישית עם שתי תוספות","price":30,"vegan":false,"vegetarian":true,"image":"https://d25t2285lxl5rf.cloudfront.net/images/dishes/fc65b0de-fe31-41ea-bf37-eb7d9619b932.jpg","notFood":false,"drinks":false},{"name":"פיצה פינית- אישית","description":"ברוטב שמנת וחמאה, סלמון , בצל סגול ופטריות טריות, \nברוטב שמנת חמאה ופרמז'ן עלי בזילקום ","price":38,"vegan":false,"vegetarian":false,"notFood":false,"drinks":false},{"name":"שקשוקה","description":"ביצים עם רוטב עגבניות, בצל, פטריות טריות, פטרוזליה, כוסברה, שמיר, גמבה אדומה , ניתן לבקש מידת חריף,\r\nמוגש סלט ירקות אישי טחינה שמן זית חמאה ולחם בריאות ","price":45,"vegan":false,"vegetarian":true,"notFood":false,"drinks":false},{"name":"סטייק סלומון בגריל","description":"בתוספת תפו\"א אפוי בחמאת כמהין , בזליקום וסלט עלים ","price":60,"vegan":false,"vegetarian":false,"notFood":false,"drinks":false},{"name":"לבבות תפו\"א","description":"8 יחידות + שמנה ","price":28,"vegan":true,"vegetarian":true,"notFood":false,"drinks":false},{"name":"פורמולה","description":"פסטה ברוטב עגבניות טריות ועשבי תיבול","price":30,"vegan":true,"vegetarian":true,"image":"https://d25t2285lxl5rf.cloudfront.net/images/dishes/0a7348e9-5658-49ac-9529-c70fbd992c68.jpg","notFood":false,"drinks":false},{"name":"פטריות","description":"פסטה ברוטב עגבניות, פטריות מוקפצות בשמן זית","price":40,"vegan":true,"vegetarian":true,"notFood":false,"drinks":false},{"name":"סלמון","description":"פסטה ברוטב עגבניות, בצל מטוגן וסלמון","price":40,"vegan":false,"vegetarian":false,"notFood":false,"drinks":false},{"name":"רביולי במילוי תרד","price":35,"vegan":true,"vegetarian":true,"notFood":false,"drinks":false},{"name":"רביולי במילוי גבינה","price":35,"vegan":false,"vegetarian":true,"notFood":false,"drinks":false},{"name":"רביולי במילוי בטטה","price":35,"vegan":true,"vegetarian":true,"notFood":false,"drinks":false},{"name":"אלפרדו","description":"פסטה ברוטב שמנת ואגוז מוסקט","price":30,"vegan":false,"vegetarian":true,"image":"https://d25t2285lxl5rf.cloudfront.net/images/dishes/4ad85627-faa1-4e72-ab76-003c79fdc102.jpg","notFood":false,"drinks":false},{"name":"פטריות","description":"פסטה ברוטב שמנת, פטריות טריות ואגוז מוסקט","price":40,"vegan":false,"vegetarian":true,"image":"https://d25t2285lxl5rf.cloudfront.net/images/dishes/2ab23751-2064-4df0-9369-179ed827dc3d.jpg","notFood":false,"drinks":false},{"name":"קואטרו","description":"פסטה, גבינת מוצרלה,צהובה, בולגרית וםטה","price":45,"vegan":false,"vegetarian":true,"notFood":false,"drinks":false},{"name":"ברוקולי","description":"פסטה ברוטב שמנת, פרחי ברוקולי מטוגנים קלות בחמאה","price":40,"vegan":false,"vegetarian":true,"notFood":false,"drinks":false},{"name":"סלט מוקפץ חם עם אטריות","description":"מוגש עם רוטב סויה וחמוץ מתוק","price":30,"vegan":true,"vegetarian":true,"notFood":false,"drinks":false},{"name":"בראוניס","price":11,"vegan":true,"vegetarian":true,"notFood":false,"drinks":false},{"name":"עוגת מוס גבינה","price":18,"vegan":false,"vegetarian":true,"notFood":false,"drinks":false},{"name":"עוגת מוס שוקולד","price":18,"vegan":false,"vegetarian":true,"notFood":false,"drinks":false},{"name":"עוגת שמרים","price":12,"vegan":true,"vegetarian":true,"notFood":false,"drinks":false},{"name":"קרואסון חמאה","price":15,"vegan":true,"vegetarian":true,"notFood":false,"drinks":false},{"name":"קרואסון שוקולד","price":15,"vegan":false,"vegetarian":true,"notFood":false,"drinks":false},{"name":"עוגות אישיות","price":10,"vegan":true,"vegetarian":true,"notFood":false,"drinks":false},{"name":"פחית קוקה-קולה","price":9,"vegan":true,"vegetarian":true,"notFood":false,"drinks":true},{"name":"פחית דיאט קוקה-קולה","price":9,"vegan":true,"vegetarian":true,"notFood":false,"drinks":true},{"name":"אספרסו","price":6,"vegan":true,"vegetarian":true,"notFood":false,"drinks":false},{"name":"אספרסו כפול","price":8,"vegan":true,"vegetarian":true,"notFood":false,"drinks":false},{"name":"גרניטה","price":14,"vegan":true,"vegetarian":true,"notFood":false,"drinks":false},{"name":"לאטה גדול","price":12,"vegan":true,"vegetarian":true,"notFood":false,"drinks":false},{"name":"לאטה מקיאטו","price":12,"vegan":true,"vegetarian":true,"notFood":false,"drinks":false},{"name":"לימונענע","price":10,"vegan":true,"vegetarian":true,"notFood":false,"drinks":false},{"name":"מים מינרלים","price":8,"vegan":true,"vegetarian":true,"notFood":false,"drinks":false},{"name":"מקיאטו","price":6,"vegan":true,"vegetarian":true,"notFood":false,"drinks":false},{"name":"מקיאטו כפול","description":"מוגש עם עוגיה","price":8,"vegan":true,"vegetarian":true,"notFood":false,"drinks":false},{"name":"סודה","price":8,"vegan":true,"vegetarian":true,"notFood":false,"drinks":true},{"name":"פאנטה - פחית","price":7,"vegan":true,"vegetarian":true,"notFood":false,"drinks":false},{"name":"פחית דיאט ספרייט","price":8,"vegan":true,"vegetarian":true,"notFood":false,"drinks":true},{"name":"פחית ספרייט","price":8,"vegan":true,"vegetarian":true,"notFood":false,"drinks":true},{"name":"פריגת לימונדה","price":10,"vegan":true,"vegetarian":true,"notFood":false,"drinks":false},{"name":"קפה לאטה","price":10,"vegan":true,"vegetarian":true,"notFood":false,"drinks":false},{"name":"קפה פילטר","price":9,"vegan":true,"vegetarian":true,"notFood":false,"drinks":false},{"name":"קפה פרדו - קר","price":14,"vegan":true,"vegetarian":true,"notFood":false,"drinks":false},{"name":"קפוצ`ינו","price":10,"vegan":true,"vegetarian":true,"notFood":false,"drinks":false},{"name":"קפוצ`ינו גדול","price":12,"vegan":true,"vegetarian":true,"notFood":false,"drinks":false},{"name":"שוקו חם גדול","price":12,"vegan":true,"vegetarian":true,"notFood":false,"drinks":false},{"name":"שוקו קר","price":9,"vegan":true,"vegetarian":true,"notFood":false,"drinks":false},{"name":"שוקוצ`ינו","price":15,"vegan":true,"vegetarian":true,"notFood":false,"drinks":false},{"name":"תה","price":8,"vegan":true,"vegetarian":true,"notFood":false,"drinks":false},{"name":"תפוזים טבעי","price":12,"vegan":true,"vegetarian":true,"notFood":false,"drinks":false},{"name":"פחית פפסי","price":8,"vegan":true,"vegetarian":true,"notFood":false,"drinks":true},{"name":"בלינצס גבינה","price":10,"vegan":false,"vegetarian":true,"notFood":false,"drinks":false},{"name":"בלינצס גבינה מתוקה","price":10,"vegan":false,"vegetarian":true,"notFood":false,"drinks":false},{"name":"בלינצס פיטריות","price":10,"vegan":true,"vegetarian":true,"notFood":false,"drinks":false},{"name":"בלינצס ביצה  קשה","price":10,"vegan":false,"vegetarian":true,"notFood":false,"drinks":false},{"name":"בלינצס ביצה קשה ופיטריות","price":10,"vegan":false,"vegetarian":true,"notFood":false,"drinks":false}]}