{"track_id":"1032","filters":["homeMade","meatGrill"],"image":"https://tenbis-static.azureedge.net/restaurant-default-card-image/CuzineType_homemade_11.jpg","address":"אחוזה, 117 רעננה","location":[34.8748985,32.180279],"name":"שניצלס","city":"הרצליה - רמת השרון","priceAverage":32.61290322580645,"menu":[{"name":"שניצל'ס במבחר טעמים במגשית","description":"מוגש עם תוספת, שני סלטים, באגט ושתייה במחיר מוזל","price":54,"vegan":false,"vegetarian":false,"image":"https://d25t2285lxl5rf.cloudfront.net/images/dishes/f2b03a46-e04f-4eb5-97ed-0c99809b5335.jpg","notFood":false,"drinks":false},{"name":"עסקית ביג באגט","description":"מוגש עם תוספת, שני סלטים, באגט ושתייה במחיר מוזל ","price":50,"vegan":true,"vegetarian":true,"image":"https://d25t2285lxl5rf.cloudfront.net/images/dishes/bd335257-2690-4f3a-8825-4fdfd4695e8a.jpg","notFood":false,"drinks":false},{"name":"עסקית פרגית בבאגט","description":"מוגש עם שני שיפודי פרגית, מבחר סלטים, תוספת ושתיה במחיר מוזל","price":59,"vegan":false,"vegetarian":false,"image":"https://d25t2285lxl5rf.cloudfront.net/images/dishes/166bf16c-9849-4929-8358-9c083e8eee0e.jpg","notFood":false,"drinks":false},{"name":"עסקית באגט בריאות","description":"מוגש עם מבחר סלטים ושתיה במחיר מוזל","price":45,"vegan":true,"vegetarian":true,"image":"https://d25t2285lxl5rf.cloudfront.net/images/dishes/1a8e5611-9733-44cc-8c85-9c1cc2ae6a8d.jpg","notFood":false,"drinks":false},{"name":"עסקית באגט חזה עוף","description":"מוגש עם סלטים ותוספת לבחירה ושתיה במחיר מוזל","price":42,"vegan":false,"vegetarian":false,"image":"https://d25t2285lxl5rf.cloudfront.net/images/dishes/aca1a17c-0c38-457c-a7a0-b4500cd454b4.jpg","notFood":false,"drinks":false},{"name":"חצי קילו כנפיים ברוטב ברביקיו","description":"מוגש עם תוספת ושתייה במחיר מוזל לבחירה ","price":55,"vegan":false,"vegetarian":false,"image":"https://d25t2285lxl5rf.cloudfront.net/images/dishes/99ae262f-a2a6-450f-8f1a-e23e7553489e.jpg","notFood":false,"drinks":false},{"name":"חצי קילו כנפיים ברוטב צ'ילי מתוק","description":"מוגש עם תוספת ושתייה במחיר מוזל לבחירה  ","price":55,"vegan":false,"vegetarian":false,"image":"https://d25t2285lxl5rf.cloudfront.net/images/dishes/a1d5f05d-f911-4721-b428-8fde81895097.jpg","notFood":false,"drinks":false},{"name":"שלוש שיפודי פרגית","description":"מוגש עם תוספת, שני סלטים, באגט ושתייה במחיר מוזל","price":64,"vegan":false,"vegetarian":false,"image":"https://d25t2285lxl5rf.cloudfront.net/images/dishes/63845592-2867-42b2-9681-4b4fc895361b.jpg","notFood":false,"drinks":false},{"name":"חזה עוף בגריל","description":"מוגש עם תוספת חמה, 2 סוגי סלטים ושתיה במחיר מוזל","price":52,"vegan":false,"vegetarian":false,"image":"https://d25t2285lxl5rf.cloudfront.net/images/dishes/21af9774-0327-4e24-8c6a-c4e783a656d3.jpg","notFood":false,"drinks":false},{"name":"רול שניצל'ס במבחר טעמים","description":"מוגש עם תוספת חמה ושתיה במחיר מוזל","price":54,"vegan":false,"vegetarian":false,"image":"https://d25t2285lxl5rf.cloudfront.net/images/dishes/ccbe6705-da27-40c8-9076-f91a9c1d8baf.jpg","notFood":false,"drinks":false},{"name":"רול חזה עוף","description":"מוגש עם תוספת חמה ושתיה במחיר מוזל","price":54,"vegan":false,"vegetarian":false,"image":"https://d25t2285lxl5rf.cloudfront.net/images/dishes/fd7aa685-ecdd-4a80-bd76-5bcf9128697e.jpg","notFood":false,"drinks":false},{"name":"רול פרגית","description":"מוגש עם תוספת חמה ושתיה במחיר מוזל","price":59,"vegan":false,"vegetarian":false,"image":"https://d25t2285lxl5rf.cloudfront.net/images/dishes/9acd3fcf-b4ae-4282-97bf-470d1c26e6eb.jpg","notFood":false,"drinks":false},{"name":"רול אנטריקוט","description":"מוגש עם תוספת וסלטים ושתיה במחיר מוזל","price":59,"vegan":false,"vegetarian":false,"notFood":false,"drinks":false},{"name":"סלט חזה עוף","description":"מוגש עם חסה, עגבנייה , מלפפון, מוגש עם חצי באגט מחיטה מלאה, רטבים לבחירה, ושתיה במחיר מוזל","price":55,"vegan":false,"vegetarian":false,"image":"https://d25t2285lxl5rf.cloudfront.net/images/dishes/b5ad02c1-2e20-4e86-a0d0-5a07227f7903.jpg","notFood":false,"drinks":false},{"name":"סלט שניצל","description":"מוגש עם חסה, עגבנייה, מלפפון, מוגש עם חצי באגט מחיטה מלאה, רטבים לבחירה, ושתיה במחיר מוזל","price":55,"vegan":false,"vegetarian":false,"image":"https://d25t2285lxl5rf.cloudfront.net/images/dishes/bfddf552-461d-4b11-9339-4153199d5b4a.jpg","notFood":false,"drinks":false},{"name":"שניצל'ס במבחר טעמים","description":"מוגש עם סלטים ורטבים בבאגט","price":40,"vegan":false,"vegetarian":false,"image":"https://d25t2285lxl5rf.cloudfront.net/images/dishes/d3874d43-a798-4d45-ace5-3886b3023b6d.jpg","notFood":false,"drinks":false},{"name":"רול פרגיות","description":"מוגש עם סלטים ורטבים","price":42,"vegan":false,"vegetarian":false,"image":"https://d25t2285lxl5rf.cloudfront.net/images/dishes/f5013461-f3bc-4261-a61f-50860b4c6e3d.jpg","notFood":false,"drinks":false},{"name":"חצי קילו כנפיים ברוטב ברביקיו","price":40,"vegan":false,"vegetarian":false,"image":"https://d25t2285lxl5rf.cloudfront.net/images/dishes/cc2c39e5-68b6-4e22-905d-190f01aa7e96.jpg","notFood":false,"drinks":false},{"name":"חצי קילו כנפיים ברוטב צ'ילי מתוק","price":40,"vegan":false,"vegetarian":false,"image":"https://d25t2285lxl5rf.cloudfront.net/images/dishes/a6a1812a-d7c6-4b9e-81d7-158e51f23d21.jpg","notFood":false,"drinks":false},{"name":"קילו כנפיים ברוטב צ'ילי מתוק","price":75,"vegan":false,"vegetarian":false,"image":"https://d25t2285lxl5rf.cloudfront.net/images/dishes/0422d286-6009-45f1-adf1-d253d2e22667.jpg","notFood":false,"drinks":false},{"name":"קילו כנפיים ברוטב ברביקיו","price":75,"vegan":false,"vegetarian":false,"image":"https://d25t2285lxl5rf.cloudfront.net/images/dishes/e6351199-b1b0-4720-8ed5-c151db0eddc3.jpg","notFood":false,"drinks":false},{"name":"באגט חזה עוף","description":"מוגש עם סלטים לבחירה ","price":38,"vegan":false,"vegetarian":false,"image":"https://d25t2285lxl5rf.cloudfront.net/images/dishes/70d75dc0-d6bb-440b-bd86-8ea87ee8f047.jpg","notFood":false,"drinks":false},{"name":"בגאט פרגית","description":"מוגש עם סלטים לבחירה ","price":42,"vegan":false,"vegetarian":false,"image":"https://d25t2285lxl5rf.cloudfront.net/images/dishes/11726fcc-88dc-4404-ae31-a73977362ed6.jpg","notFood":false,"drinks":false},{"name":"בגאט אנטריקוט","description":"מוגש עם סלטים לבחירה ","price":42,"vegan":false,"vegetarian":false,"image":"https://d25t2285lxl5rf.cloudfront.net/images/dishes/b0f1bc02-c595-4524-8b2a-6a0189ca8a80.jpg","notFood":false,"drinks":false},{"name":"נקניקיה ג'מבו בבאגט","price":29,"vegan":true,"vegetarian":true,"image":"https://d25t2285lxl5rf.cloudfront.net/images/dishes/7ababe9a-d8ff-44fb-a1ca-160b9b577e92.jpg","notFood":false,"drinks":false},{"name":"רול אנטריקוט","description":"מוגש עם סלטים ורטבים","price":42,"vegan":false,"vegetarian":false,"notFood":false,"drinks":false},{"name":"סלט חזה עוף","description":"מוגש עם רטבים ","price":50,"vegan":false,"vegetarian":false,"image":"https://d25t2285lxl5rf.cloudfront.net/images/dishes/3e26d5a8-a6f4-49c0-9c41-bdd45d9ce5c9.jpg","notFood":false,"drinks":false},{"name":"סלט שניצלס","description":"מוגש עם רטבים","price":50,"vegan":false,"vegetarian":false,"image":"https://d25t2285lxl5rf.cloudfront.net/images/dishes/3b52aa2c-4f0d-42de-b393-7cbaa9ef244f.jpg","notFood":false,"drinks":false},{"name":"סלט טונה","description":"מוגש עם רטבים  ","price":39,"vegan":false,"vegetarian":false,"image":"https://d25t2285lxl5rf.cloudfront.net/images/dishes/85b07dcd-ba93-4d07-a8b4-55deba04d801.jpg","notFood":false,"drinks":false},{"name":"סלט קצוץ","description":"מוגש עם רטבים ","price":30,"vegan":true,"vegetarian":true,"image":"https://d25t2285lxl5rf.cloudfront.net/images/dishes/f6402dbd-42a1-4113-b545-85a84f638412.jpg","notFood":false,"drinks":false},{"name":"אורז קטן","price":25,"vegan":true,"vegetarian":true,"image":"https://d25t2285lxl5rf.cloudfront.net/images/dishes/11a23079-3705-43bc-a095-5a9efdc418bf.jpg","notFood":false,"drinks":false},{"name":"פירה קטן","price":25,"vegan":true,"vegetarian":true,"image":"https://d25t2285lxl5rf.cloudfront.net/images/dishes/67b8b159-5aa8-4181-970e-d1d7ec610ff0.jpg","notFood":false,"drinks":false},{"name":"צ'יפס קטן","price":19,"vegan":true,"vegetarian":true,"image":"https://d25t2285lxl5rf.cloudfront.net/images/dishes/1d026ea8-ce20-41b8-9438-1c314127de3f.jpg","notFood":false,"drinks":false},{"name":"צ'יפס גדול","price":25,"vegan":true,"vegetarian":true,"image":"https://d25t2285lxl5rf.cloudfront.net/images/dishes/5d6a9888-4320-4df7-b4fe-790ffe0e1646.jpg","notFood":false,"drinks":false},{"name":"אורז גדול","price":32,"vegan":true,"vegetarian":true,"notFood":false,"drinks":false},{"name":"פירה גדול","price":32,"vegan":true,"vegetarian":true,"notFood":false,"drinks":false},{"name":"מנה כדורי פירה","description":"15 יחידות ","price":22,"vegan":true,"vegetarian":true,"notFood":false,"drinks":false},{"name":"טבעות בצל קטן","description":"8 יחידות ","price":20,"vegan":true,"vegetarian":true,"notFood":false,"drinks":false},{"name":"טבעות בצל גדול","description":"12 יחידות ","price":28,"vegan":true,"vegetarian":true,"notFood":false,"drinks":false},{"name":"מאודים קטן","price":30,"vegan":true,"vegetarian":true,"notFood":false,"drinks":false},{"name":"מאודים גדול","price":40,"vegan":true,"vegetarian":true,"notFood":false,"drinks":false},{"name":"בקבוק קוקה קולה 0.5 ליטר","price":12,"vegan":true,"vegetarian":true,"notFood":false,"drinks":true},{"name":"בקבוק דיאט קוקה קולה 0.5 ליטר","price":12,"vegan":true,"vegetarian":true,"notFood":false,"drinks":true},{"name":"בקבוק קוקה קולה זירו 0.5 ליטר","price":12,"vegan":true,"vegetarian":true,"notFood":false,"drinks":true},{"name":"בקבוק ספרייט 0.5 ליטר","price":12,"vegan":true,"vegetarian":true,"notFood":false,"drinks":true},{"name":"בקבוק דיאט ספרייט 0.5 ליטר","price":12,"vegan":true,"vegetarian":true,"notFood":false,"drinks":true},{"name":"בקבוק נסטי אפרסק 0.5 ליטר","price":12,"vegan":true,"vegetarian":true,"notFood":false,"drinks":true},{"name":"בקבוק מים בטעמים ענבים 0.5 ליטר","price":12,"vegan":true,"vegetarian":true,"notFood":false,"drinks":true},{"name":"בקבוק מים בטעמים תפוח 0.5 ליטר","price":12,"vegan":true,"vegetarian":true,"notFood":false,"drinks":true},{"name":"בקבוק מים בטעמים משמש אננס 0.5 ליטר","price":12,"vegan":true,"vegetarian":true,"notFood":false,"drinks":true},{"name":"פחית קוקה קולה","price":10,"vegan":true,"vegetarian":true,"notFood":false,"drinks":true},{"name":"פחית דיאט קולה","price":10,"vegan":true,"vegetarian":true,"notFood":false,"drinks":true},{"name":"פחית קולה זירו","price":10,"vegan":true,"vegetarian":true,"notFood":false,"drinks":true},{"name":"פחית ספרייט","price":10,"vegan":true,"vegetarian":true,"notFood":false,"drinks":true},{"name":"פחית דיאט ספרייט","price":10,"vegan":true,"vegetarian":true,"notFood":false,"drinks":true},{"name":"פחית פאנטה","price":10,"vegan":true,"vegetarian":true,"notFood":false,"drinks":false},{"name":"פחית מנגו","price":10,"vegan":true,"vegetarian":true,"notFood":false,"drinks":false},{"name":"פריגת ענבים","price":12,"vegan":true,"vegetarian":true,"notFood":false,"drinks":true},{"name":"פריגת לימונים","price":12,"vegan":true,"vegetarian":true,"notFood":false,"drinks":false},{"name":"פריגת אשכוליות","price":12,"vegan":true,"vegetarian":true,"notFood":false,"drinks":false},{"name":"פריגת דיאט אשכוליות","price":12,"vegan":true,"vegetarian":true,"notFood":false,"drinks":false},{"name":"מים מינרליים","price":12,"vegan":true,"vegetarian":true,"notFood":false,"drinks":true}]}