{"track_id":"10362","filters":["japaneseSushi","asianFusion","veganFood"],"image":"https://tenbis-static.azureedge.net/restaurant-card-image/ResCard_10362_20220110153411.jpg","address":"דרך אגודת ספורט בית\"ר, 1 ירושלים","location":[35.1871949,31.751541],"name":"אושי אושי ירושלים ","city":"ירושלים","priceAverage":51.71875,"menu":[{"name":"הוט סלמון","description":"רול מטוגן במילוי סלמון, אבוקדו, בטטה ובצל ירוק בציפוי טמפורה ופנקו","price":42,"vegan":false,"vegetarian":false,"image":"https://d25t2285lxl5rf.cloudfront.net/images/dishes/c4b7f9f9-b63d-406c-9d78-c26733cc8d44.png","notFood":false,"drinks":false},{"name":"אוקינאווה","description":"8 יחידות יסאהי רול, 8 יחידות דיינמייט, 4 יחידות סנדוויץ' ספייסי סלמון, 8 יחידות בטטה מאקי","price":105,"vegan":false,"vegetarian":false,"image":"https://d25t2285lxl5rf.cloudfront.net/images/dishes/ef3e791b-ce49-4615-a516-9c158f3521ab.png","notFood":false,"drinks":false},{"name":"סאנסט","description":"8 יחידות עם ספייסי סלמון, אבוקדו ובטטה, בציפוי סלמון צרוב עם שבבי בטטה, טמפורה, עירית, שומשום עם ספייסי מיונז וטריאקי מעל","price":53,"vegan":false,"vegetarian":false,"image":"https://d25t2285lxl5rf.cloudfront.net/images/dishes/7fc59315-0539-4762-bb18-1daa1685aa25.png","notFood":false,"drinks":false},{"name":"שיטאקי נודלס","description":"אטריות ביצים, עוף, פטריות שמפיניון, פטריות שיטאקי,כרוב לבן, בצל ירוק וברוקולי ברוטב סויה, שום, גינגר ושמן שומשום","price":59,"vegan":false,"vegetarian":false,"image":"https://d25t2285lxl5rf.cloudfront.net/images/dishes/c69be4d1-c9aa-442e-b34c-71e08c557b30.png","notFood":false,"drinks":false},{"name":"סלמון טמפורה","description":"8 יחידות עם סלמון נא, אבוקדו, בציפוי שבבי טמפורה","price":38,"vegan":false,"vegetarian":false,"image":"https://d25t2285lxl5rf.cloudfront.net/images/dishes/d4b2da60-b1d5-41e5-a326-222e6cfe49bd.png","notFood":false,"drinks":false},{"name":"דיינמייט","description":"8 יחידות עם סלמון אפוי בטריאקי ומלפפון, בציפוי אבוקדו","price":39,"vegan":false,"vegetarian":false,"image":"https://d25t2285lxl5rf.cloudfront.net/images/dishes/6d3ae67f-5f4f-4f74-bc65-67bb3c157b47.png","notFood":false,"drinks":false},{"name":"הספייסי מיונז הינו טבעוני","description":"","price":0,"vegan":false,"vegetarian":true,"image":"","notFood":false,"drinks":false},{"name":"קימצ'י","description":"חמוצים אסיאתיים ושומשום קלוי מעל","price":22,"vegan":true,"vegetarian":true,"image":"https://d25t2285lxl5rf.cloudfront.net/images/dishes/22ecf4d4-92ff-4ad3-82ec-345128df39bc.png","notFood":false,"drinks":false},{"name":"מיסו שירו","description":"מרק מיסו עם טופו, בצל ירוק ופטריות","price":23,"vegan":true,"vegetarian":true,"image":"https://d25t2285lxl5rf.cloudfront.net/images/dishes/b92a42ca-e8aa-4f5e-9647-17eb1ac326a2.png","notFood":false,"drinks":false},{"name":"אדממה","description":"עם מלח גס ","price":23,"vegan":true,"vegetarian":true,"image":"https://d25t2285lxl5rf.cloudfront.net/images/dishes/c975b045-0b30-49a5-98ca-6cd4e2aae189.png","notFood":false,"drinks":false},{"name":"מיסו נודל סופ","description":"אטריות זכוכית, טמגו, צ'ילי ובצל ירוק","price":26,"vegan":true,"vegetarian":true,"image":"https://d25t2285lxl5rf.cloudfront.net/images/dishes/d826be3b-fd90-436c-8391-0ce3e590558d.png","notFood":false,"drinks":false},{"name":"דים סאם צמחוני","description":"2 שיטאקי, 1 בטטה, 1 תרד\nעם שומשום קלוי מעל","price":32,"vegan":true,"vegetarian":true,"image":"https://d25t2285lxl5rf.cloudfront.net/images/dishes/9b7ee2ab-4dd2-4657-93ee-846e25d4a696.png","notFood":false,"drinks":false},{"name":"גיוזה צמחונית","description":"4 יח' עם שומשום קלוי מעל","price":32,"vegan":true,"vegetarian":true,"image":"https://d25t2285lxl5rf.cloudfront.net/images/dishes/ecae08c3-ade4-4370-8c4b-e96c6eec4443.png","notFood":false,"drinks":false},{"name":"סלט סנצ'אי","description":"סלט חסות, גזר, כרוב לבן, כרוב אדום, בוטנים וקריספי בטטה בויניגרייט כוסברה וחומץ מירין","price":44,"vegan":true,"vegetarian":true,"image":"https://d25t2285lxl5rf.cloudfront.net/images/dishes/6cbc3856-509e-4038-8d0e-c2166f6e0cd2.png","notFood":false,"drinks":false},{"name":"פטריות בטמפורה","description":"פטריות טריות במעטפת טמפורה ופנקו מוגש ברוטב ויניגרייט אסייתי ושומשום קלוי מעל","price":35,"vegan":true,"vegetarian":true,"image":"https://d25t2285lxl5rf.cloudfront.net/images/dishes/d64f6755-b5df-4e51-99c5-7efd20a5d6dc.png","notFood":false,"drinks":false},{"name":"היאשי אושי","description":"סלט אטריות זכוכית, עלי בייבי, שערות גזר, שערות מלפפון ושומשום קלוי מעל","price":37,"vegan":true,"vegetarian":true,"image":"https://d25t2285lxl5rf.cloudfront.net/images/dishes/7f538e39-5d6b-4131-bc40-a51f9a1f7ef7.png","notFood":false,"drinks":false},{"name":"ספיישל אושי באן סלמון","description":"זוג לחמניות שמרים מאודות עם סלמון מטוגן בציפוי פאנקו עם רוטב טחינה יפנית וכוסברה. מוגש בליווי חמוצים יפנים ורסק צ'ילי בצד","price":54,"vegan":false,"vegetarian":false,"image":"https://d25t2285lxl5rf.cloudfront.net/images/dishes/e7245e6b-31a6-4ac3-bf8d-7546d7accfa0.png","notFood":false,"drinks":false},{"name":"ספיישל אושי באן טופו","description":"זוג לחמניות שמרים מאודות עם טופו מטוגן בציפוי פאנקו עם רוטב טחינה יפנית וכוסברה. מוגש בליווי חמוצים יפנים ורסק צ'ילי בצד","price":44,"vegan":true,"vegetarian":true,"image":"https://d25t2285lxl5rf.cloudfront.net/images/dishes/156bd135-0aa8-40e6-b859-c97851ef7555.png","notFood":false,"drinks":false},{"name":"עוף בטמפורה","description":"נתחי חזה עוף במעטפת טמפורה מוגש עם רוטב הבית","price":38,"vegan":false,"vegetarian":false,"image":"https://d25t2285lxl5rf.cloudfront.net/images/dishes/8e278e19-0a28-44ca-80f9-95e9541a0c6e.jpg","notFood":false,"drinks":false},{"name":"סלט אוסקה","description":"קוביות חזה עוף/טופו עם אבוקדו, עגבניות שרי, גזר, בצל סגול וירוק, עלי בייבי וקריספי בטטה","price":45,"vegan":false,"vegetarian":false,"image":"https://d25t2285lxl5rf.cloudfront.net/images/dishes/f0f8d408-1124-4def-9162-2b1ae563084c.png","notFood":false,"drinks":false},{"name":"אורז לבן","description":"עם שומשום קלוי מעל","price":21,"vegan":true,"vegetarian":true,"image":"https://d25t2285lxl5rf.cloudfront.net/images/dishes/8b03d63e-feca-4360-80ec-9f5fd97526f5.jpg","notFood":false,"drinks":false},{"name":"פיש אנד צ'יפס","description":"אצבעות סלמון בפנקולצד פוטטוס עם ספייסי מיונז וצילי מתוק","price":49,"vegan":false,"vegetarian":false,"image":"https://d25t2285lxl5rf.cloudfront.net/images/dishes/b37ae6bc-ab12-4ac5-92dc-3ff0bcf9518e.png","notFood":false,"drinks":false},{"name":"כדורי ניגירי ספיישל","description":"4 כדורי אורז בציפוי סלמון (2 יחידות), טונה (יחידה) ודניס (יחידה) על מצע רוטב טחינה יפנית ושומשום קלוי מעל","price":37,"vegan":false,"vegetarian":false,"image":"https://d25t2285lxl5rf.cloudfront.net/images/dishes/53c35f20-dcc1-4fe6-b653-e695b52803dd.jpg","notFood":false,"drinks":false},{"name":"ניגירי טמאגו","description":"2 יחידות","price":21,"vegan":false,"vegetarian":true,"image":"https://d25t2285lxl5rf.cloudfront.net/images/dishes/1000d436-4cca-497e-a169-cbd2574b7894.png","notFood":false,"drinks":false},{"name":"ניגירי דניס","description":"2 יחידות","price":28,"vegan":false,"vegetarian":false,"image":"https://d25t2285lxl5rf.cloudfront.net/images/dishes/df279d84-927d-4458-a4dd-8122ebcb8f22.png","notFood":false,"drinks":false},{"name":"ניגירי דג ים","description":"2 יחידות","price":22,"vegan":false,"vegetarian":false,"image":"https://d25t2285lxl5rf.cloudfront.net/images/dishes/573661.gif","notFood":false,"drinks":false},{"name":"ניגירי אבוקדו","description":"2 יחידות","price":25,"vegan":true,"vegetarian":true,"image":"https://d25t2285lxl5rf.cloudfront.net/images/dishes/9f8c6d5b-605a-4ff4-8a72-b3943d7b9d94.png","notFood":false,"drinks":false},{"name":"ניגירי סלמון","description":"2 יחידות","price":27,"vegan":false,"vegetarian":false,"image":"https://d25t2285lxl5rf.cloudfront.net/images/dishes/b474f822-e3b3-4143-8d8f-a402d3d1eb16.png","notFood":false,"drinks":false},{"name":"ניגירי טונה","description":"2 יחידות","price":28,"vegan":false,"vegetarian":false,"image":"https://d25t2285lxl5rf.cloudfront.net/images/dishes/7c893f53-7000-4f31-8fc2-57fe97fe09f2.jpg","notFood":false,"drinks":false},{"name":"סשימי סלמון - 3 יחידות","description":"","price":35,"vegan":false,"vegetarian":false,"image":"https://d25t2285lxl5rf.cloudfront.net/images/dishes/4cd3ba90-3f45-40e8-abb5-3626d0ebc4c2.png","notFood":false,"drinks":false},{"name":"סשימי סלמון - 5 יחידות","description":"","price":41,"vegan":false,"vegetarian":false,"image":"https://d25t2285lxl5rf.cloudfront.net/images/dishes/45b0b59d-1c9c-42c3-939f-eb81e9bdab01.png","notFood":false,"drinks":false},{"name":"סשימי טונה - 3 יחידות","description":"","price":38,"vegan":false,"vegetarian":false,"image":"https://d25t2285lxl5rf.cloudfront.net/images/dishes/2ea757af-9243-4b6b-814a-9bbfa2ad9e92.jpg","notFood":false,"drinks":false},{"name":"סשימי טונה - 5 יחידות","description":"","price":48,"vegan":false,"vegetarian":false,"image":"https://d25t2285lxl5rf.cloudfront.net/images/dishes/701d85c4-3f7f-459e-a408-9459319f5070.jpg","notFood":false,"drinks":false},{"name":"מאקי אבוקדו","description":"","price":24,"vegan":true,"vegetarian":true,"image":"https://d25t2285lxl5rf.cloudfront.net/images/dishes/fcbbefa1-9362-40cb-b436-88d1cc24b979.png","notFood":false,"drinks":false},{"name":"מאקי קנפיו","description":"","price":24,"vegan":true,"vegetarian":true,"image":"https://d25t2285lxl5rf.cloudfront.net/images/dishes/c35ccb6f-1b26-4327-8f75-4671327db800.png","notFood":false,"drinks":false},{"name":"מאקי טמגו","description":"","price":24,"vegan":true,"vegetarian":true,"image":"https://d25t2285lxl5rf.cloudfront.net/images/dishes/3289d42f-815c-4dac-a0f1-98c39ac969c9.png","notFood":false,"drinks":false},{"name":"מאקי דניס","description":"","price":29,"vegan":false,"vegetarian":false,"image":"https://d25t2285lxl5rf.cloudfront.net/images/dishes/3c72a92e-cf6b-43a8-9831-ec74d9f89609.png","notFood":false,"drinks":false},{"name":"מאקי שיטאקי","description":"","price":24,"vegan":true,"vegetarian":true,"image":"https://d25t2285lxl5rf.cloudfront.net/images/dishes/68fa8628-4b18-4a46-bac2-5930fae506ed.png","notFood":false,"drinks":false},{"name":"מאקי סלמון מעושן","description":"","price":29,"vegan":false,"vegetarian":false,"image":"https://d25t2285lxl5rf.cloudfront.net/images/dishes/cc01632c-7792-4dd2-9e4f-468e860c04c4.png","notFood":false,"drinks":false},{"name":"מאקי מלפפון","description":"","price":24,"vegan":true,"vegetarian":true,"image":"https://d25t2285lxl5rf.cloudfront.net/images/dishes/a15aa96c-f98e-47fa-bd7b-2e47d2000f43.png","notFood":false,"drinks":false},{"name":"מאקי גזר","description":"","price":24,"vegan":true,"vegetarian":true,"image":"https://d25t2285lxl5rf.cloudfront.net/images/dishes/2f700bd2-3d13-4dac-90c6-e7964711c816.png","notFood":false,"drinks":false},{"name":"מאקי בטטה","description":"","price":24,"vegan":true,"vegetarian":true,"image":"https://d25t2285lxl5rf.cloudfront.net/images/dishes/e2131a58-4ba9-4a48-b6dc-52a0f72741b6.png","notFood":false,"drinks":false},{"name":"מאקי סלמון","description":"","price":29,"vegan":false,"vegetarian":false,"image":"https://d25t2285lxl5rf.cloudfront.net/images/dishes/9fd39dd5-57a6-47a1-bd00-c0b2886124d2.png","notFood":false,"drinks":false},{"name":"מאקי סלמון גריל","description":"","price":29,"vegan":false,"vegetarian":false,"image":"https://d25t2285lxl5rf.cloudfront.net/images/dishes/d4d82232-5ac8-4cdb-b329-aa168dac8089.png","notFood":false,"drinks":false},{"name":"מאקי טונה","description":"","price":29,"vegan":false,"vegetarian":false,"image":"https://d25t2285lxl5rf.cloudfront.net/images/dishes/92a42504-5e3b-4aba-9f14-fa277c131a3e.png","notFood":false,"drinks":false},{"name":"סאקורה","description":"רול רחב 4 יחידות עם סלמון מעושן, טמאגו, אבוקדו, מלפפון וקרם טופו","price":42,"vegan":false,"vegetarian":false,"image":"https://d25t2285lxl5rf.cloudfront.net/images/dishes/177fcf13-2565-4f7f-afd2-bd04d3cc3856.png","notFood":false,"drinks":false},{"name":"יאקוזה","description":"רול רחב 4 יחידות עם דניס, טוביקו צמחי כתום, אבוקדו, מלפפון ובצל ירוק","price":37,"vegan":false,"vegetarian":false,"image":"https://d25t2285lxl5rf.cloudfront.net/images/dishes/38da2611-5369-4226-affb-6feda24db7f1.png","notFood":false,"drinks":false},{"name":"בונזאי","description":"רול רחב 4 יחידות עם טמאגו, קנפיו, אבוקדו, גזר ומלפפון","price":31,"vegan":false,"vegetarian":true,"image":"https://d25t2285lxl5rf.cloudfront.net/images/dishes/21d63f3e-2b2e-408a-8656-5375bc4a507a.png","notFood":false,"drinks":false},{"name":"הרכבה דג","description":"דג לבחירה ו-3 ירקות לבחירה\n**טונה תוספת 3 ש\"ח","price":39,"vegan":false,"vegetarian":false,"image":"","notFood":false,"drinks":false},{"name":"הרכבה צמחונית","description":"4 ירקות לבחירה ","price":36,"vegan":true,"vegetarian":true,"image":"","notFood":false,"drinks":false},{"name":"טמגוצ'י","description":"8 יחידות עם טמאגו, קרם טופו, אבוקדו ומלפפון בציפוי שומשום קלוי","price":37,"vegan":false,"vegetarian":true,"image":"https://d25t2285lxl5rf.cloudfront.net/images/dishes/2f42b77c-4573-4039-9c4c-dea96ec7aac5.png","notFood":false,"drinks":false},{"name":"מאמא סאן","description":"8 יחידות עם ספייסי טונה אדומה, אבוקדו ומלפפון עם שומשום קלוי מעל","price":37,"vegan":false,"vegetarian":false,"image":"https://d25t2285lxl5rf.cloudfront.net/images/dishes/c680a3ac-44d6-475e-a670-813a9c003020.png","notFood":false,"drinks":false},{"name":"ספייסי דניס","description":"8 יחידות עם דניס בתיבול ספייסי, אבוקדו ומלפפון\nעם שומשום קלוי מעל","price":39,"vegan":false,"vegetarian":false,"image":"https://d25t2285lxl5rf.cloudfront.net/images/dishes/0fdcf18b-2fdd-41fd-8179-40250a06cd09.png","notFood":false,"drinks":false},{"name":"פאפא סאן","description":"8 יחידות עם ספייסי סלמון, אבוקדו ומלפפון עם שומשום קלוי מעל","price":35,"vegan":false,"vegetarian":false,"image":"https://d25t2285lxl5rf.cloudfront.net/images/dishes/d760525c-d3f5-4a0d-8a5e-be328ba56f06.png","notFood":false,"drinks":false},{"name":"יסאהי רול","description":"8 יחידות עם אבוקדו, מלפפון וגזר\nעם שומשום קלוי מעל","price":32,"vegan":true,"vegetarian":true,"image":"https://d25t2285lxl5rf.cloudfront.net/images/dishes/3f555fd6-d0a4-4531-ad49-f8898cddc8a8.png","notFood":false,"drinks":false},{"name":"סלמון טמפורה","description":"8 יחידות עם סלמון נא, אבוקדו, בציפוי שבבי טמפורה","price":38,"vegan":false,"vegetarian":false,"image":"https://d25t2285lxl5rf.cloudfront.net/images/dishes/d4b2da60-b1d5-41e5-a326-222e6cfe49bd.png","notFood":false,"drinks":false},{"name":"צונאמי","description":"8 יחידות עם סלט טונה במיונז, בצל ירוק ואבוקדו במעטפת שומשום קלוי","price":38,"vegan":false,"vegetarian":false,"image":"https://d25t2285lxl5rf.cloudfront.net/images/dishes/a36353cd-7f81-45d2-a355-50b25108331e.png","notFood":false,"drinks":false},{"name":"דיינמייט","description":"8 יחידות עם סלמון אפוי בטריאקי ומלפפון, בציפוי אבוקדו","price":39,"vegan":false,"vegetarian":false,"image":"https://d25t2285lxl5rf.cloudfront.net/images/dishes/6d3ae67f-5f4f-4f74-bc65-67bb3c157b47.png","notFood":false,"drinks":false},{"name":"אנד רול","description":"8 יחידות עם קריספי סלמון סקין קרים טופו ומלפפון עם ציפוי בטטה קריספי","price":39,"vegan":false,"vegetarian":false,"image":"https://d25t2285lxl5rf.cloudfront.net/images/dishes/396f46ce-e743-4b44-b2cb-d7d990940ebe.png","notFood":false,"drinks":false},{"name":"וג'טבל נודלס","description":"אטריות ביצים, ביצה, גזר, נבטים, פלפל, כרוב ופטריות מוקפצים עם סויה","price":47,"vegan":false,"vegetarian":true,"image":"https://d25t2285lxl5rf.cloudfront.net/images/dishes/0ceaf3c9-96a1-4b26-9c83-e4599d85d846.png","notFood":false,"drinks":false},{"name":"פרייד רייס ספיישל","description":"אורז, עוף, פטריות, כרוב צילי חריף, אפונה ובצל ירוק","price":55,"vegan":false,"vegetarian":false,"image":"https://d25t2285lxl5rf.cloudfront.net/images/dishes/bb75a041-8371-4f50-a1fb-4bbdd8f360a5.jpg","notFood":false,"drinks":false},{"name":"קארי ווק","description":"אטריות ביצים, ברוקולי, בצל, כרוב ונתחי חזה עוף ברוטב קארי","price":61,"vegan":false,"vegetarian":false,"image":"https://d25t2285lxl5rf.cloudfront.net/images/dishes/59f60181-7841-4a51-8524-8ed0f5cb19c3.png","notFood":false,"drinks":false},{"name":"שיטאקי נודלס","description":"אטריות ביצים, עוף, פטריות שמפיניון, פטריות שיטאקי,כרוב לבן, בצל ירוק וברוקולי ברוטב סויה, שום, גינגר ושמן שומשום","price":59,"vegan":false,"vegetarian":false,"image":"https://d25t2285lxl5rf.cloudfront.net/images/dishes/c69be4d1-c9aa-442e-b34c-71e08c557b30.png","notFood":false,"drinks":false},{"name":"אושי ווק","description":"קוביות סלמון במעטפת טמפורה, מוקפצות עם אטריות אורז, פלפלים, גזר, בצל ירוק ופטריות","price":63,"vegan":false,"vegetarian":false,"image":"https://d25t2285lxl5rf.cloudfront.net/images/dishes/a104a7d4-c563-4b47-b4af-c81bb4528678.png","notFood":false,"drinks":false},{"name":"פאד תאי אושי","description":"אטריות אורז עם נתחי עוף,נטיפי ביצה,כרוב, בצל ירוק וגזר. המנה מגיעה עם בוטנים","price":62,"vegan":false,"vegetarian":false,"image":"https://d25t2285lxl5rf.cloudfront.net/images/dishes/f18c8c25-9eef-4898-be98-cda289806e93.png","notFood":false,"drinks":false},{"name":"אושי רייס קארי","description":"אורז,עוף,בצל,פטריות,ברוקולי,גמבה אדמה ופלפ חריף ברוטב קרם קוקוס וקארי אדום","price":58,"vegan":false,"vegetarian":false,"image":"https://d25t2285lxl5rf.cloudfront.net/images/dishes/f2fd30fa-995b-4986-ada6-04772ace35d5.png","notFood":false,"drinks":false},{"name":"פינטס ווק","description":"אטריות ביצים, עוף, פטריות פורט לו, פטריות שיטאקי, שעועית ירוקה, ברוטב חמאת בוטנים\n","price":58,"vegan":false,"vegetarian":false,"image":"https://d25t2285lxl5rf.cloudfront.net/images/dishes/0c94e9da-7f44-4f76-84ec-c925cb60a8c0.png","notFood":false,"drinks":false},{"name":"צילי פפר נודלס","description":"אטריות ביצים, בצל ירוק וסגול, גזר, נבטים, פלפל אדום, צהוב וירוק בשילוב עוף *מנה חריפה*","price":61,"vegan":false,"vegetarian":false,"image":"https://d25t2285lxl5rf.cloudfront.net/images/dishes/2502431.jpg","notFood":false,"drinks":false},{"name":"פנקירול","description":"8 יחידות עם טמאגו, קנפיו, אבוקדו ומלפפון במעטפת בטטה","price":39,"vegan":false,"vegetarian":true,"image":"https://d25t2285lxl5rf.cloudfront.net/images/dishes/00cdcef6-8433-47c8-86d4-f1864deb4de2.png","notFood":false,"drinks":false},{"name":"פילדלפיה","description":"8 יחידות עם קרם טופו, אבוקדו, מלפפון ובצל ירוק, בציפוי סלמון מעושן","price":39,"vegan":false,"vegetarian":false,"image":"https://d25t2285lxl5rf.cloudfront.net/images/dishes/b3385f13-ea94-4ecc-b7e8-c327327e0f74.png","notFood":false,"drinks":false},{"name":"צ'אקי","description":"8 יחידות עם ספייסי דניס, אבוקדו ומלפפון, עטוף בדניס צרוב עם טוביקו צמחי כתום וצ'ילי טרי מעל","price":54,"vegan":false,"vegetarian":false,"image":"https://d25t2285lxl5rf.cloudfront.net/images/dishes/f35adbcc-7f60-4247-95fa-2b8513a2f79f.png","notFood":false,"drinks":false},{"name":"ריו רול","description":"8 יחידות , סלמון אפוי בטריאקי, טמאגו, קנפיו ומלפפון, בציפוי עירית עם תערובת אבוקדו, צ'ילי , בצל ירוק ולימון","price":51,"vegan":false,"vegetarian":false,"image":"https://d25t2285lxl5rf.cloudfront.net/images/dishes/978a1802-4024-4d37-bd7d-ab6706c7d815.png","notFood":false,"drinks":false},{"name":"אלסקה","description":"עם סלמוןנא,  קרם טופו  אבוקדו טמפורה בציפוי דניס וקרם וואסבי   ","price":46,"vegan":false,"vegetarian":false,"image":"https://d25t2285lxl5rf.cloudfront.net/images/dishes/cc7f12f9-7880-41c6-8e49-279083281646.png","notFood":false,"drinks":false},{"name":"סלמון איקורה","description":"8 יחידות עם סלמון נא, אבוקדו ומלפפון, בציפוי אבוקדו ואיקורה צמחית מעל","price":47,"vegan":false,"vegetarian":false,"image":"https://d25t2285lxl5rf.cloudfront.net/images/dishes/d708d702-e73a-4159-929d-b3c108d82b9c.png","notFood":false,"drinks":false},{"name":"שוגון","description":"8 יחידות עם טונה, דניס, סלמון ואבוקדו במעטפת עירית","price":49,"vegan":false,"vegetarian":false,"image":"https://d25t2285lxl5rf.cloudfront.net/images/dishes/10fd7399-10b6-404d-a996-f6f5e27044c3.png","notFood":false,"drinks":false},{"name":"קוקו טונה","description":"אבוקדו, ושיטאקי במעטפת טונה עם ציפס קוקוס ורוטב כוסברה","price":52,"vegan":false,"vegetarian":false,"image":"https://d25t2285lxl5rf.cloudfront.net/images/dishes/faa8a126-ba32-4e01-a6b2-223d7f469d15.jpg","notFood":false,"drinks":false},{"name":"קליפורניה","description":"סלמון נא, דניס, אבוקדו ובצל ירוק בציפוי טוביקו צמחי כתום","price":47,"vegan":false,"vegetarian":false,"image":"https://d25t2285lxl5rf.cloudfront.net/images/dishes/53cb0983-9b45-4a5d-a90d-8c90bb10480b.jpg","notFood":false,"drinks":false},{"name":"שאגי רול","description":"סלמון, מלפפון, בצל ירוק ונענע בציפוי טונה, אבוקדו צילי אדום ורוטב אסייתי","price":51,"vegan":false,"vegetarian":false,"image":"https://d25t2285lxl5rf.cloudfront.net/images/dishes/709c9cf1-0b4e-44b8-9ef7-b6b05039b64e.png","notFood":false,"drinks":false},{"name":"ראסטי","description":"8 יחידות עם סלמון אפוי בטריאקי, טמגו, קנפיו, אבוקדו ומלפפון, במעטפת בטטה קריספי","price":42,"vegan":false,"vegetarian":false,"image":"https://d25t2285lxl5rf.cloudfront.net/images/dishes/7459e7e7-e316-4550-bb8f-99c68928574e.png","notFood":false,"drinks":false},{"name":"צ'רליז אנג'לס","description":"8 יחידות עם ספייסי טונה אדומה, מלפפון ואבוקדו, בציפוי סלמון, טונה ודניס.\nיש אפשרות ללא ספייסי בתוספת תשלום.","price":51,"vegan":false,"vegetarian":false,"image":"https://d25t2285lxl5rf.cloudfront.net/images/dishes/94289387-615b-4b62-bb26-08d6e7c449fb.png","notFood":false,"drinks":false},{"name":"ריינבואו","description":"ספייסי סלמון, מלפפון ואבוקדו, \nעטוף בסלמון, דניס, טונה, בטטה ואבוקדו","price":51,"vegan":false,"vegetarian":false,"image":"https://d25t2285lxl5rf.cloudfront.net/images/dishes/56b390b4-7e1d-4588-8df2-05fccd971651.png","notFood":false,"drinks":false},{"name":"סאנסט","description":"8 יחידות עם ספייסי סלמון, אבוקדו ובטטה, בציפוי סלמון צרוב עם שבבי בטטה, טמפורה, עירית, שומשום עם ספייסי מיונז וטריאקי מעל","price":53,"vegan":false,"vegetarian":false,"image":"https://d25t2285lxl5rf.cloudfront.net/images/dishes/7fc59315-0539-4762-bb18-1daa1685aa25.png","notFood":false,"drinks":false},{"name":"שאוקן","description":"טונה אדומה, סלמון, טמגו, ואבוקדו במעטפת טונה אדומה צרובה, טוביקו כתום צמחי וקרם וואסבי","price":55,"vegan":false,"vegetarian":false,"image":"https://d25t2285lxl5rf.cloudfront.net/images/dishes/84d3ebf2-298d-4a9b-a826-afb0ba3836de.png","notFood":false,"drinks":false},{"name":"קנדי רול","description":"8 יחידות , אבוקדו, בטטה, קנפיו, ופקאן מסוכר, במעטפת טמאגו וטריאקי","price":39,"vegan":false,"vegetarian":true,"image":"https://d25t2285lxl5rf.cloudfront.net/images/dishes/ea5da29c-877f-4bfd-a31d-39c064008670.png","notFood":false,"drinks":false},{"name":"וולקנו רול","description":"8 יחידות, אבוקדו, מלפפון בציפוי עירית עם תערובת סלמון, גמבה אדומה, צ'ילי, לימון, בצל ירוק ושומשום","price":52,"vegan":false,"vegetarian":false,"image":"https://d25t2285lxl5rf.cloudfront.net/images/dishes/91d0c4fa-e230-4223-91b8-1be9aae90bbe.png","notFood":false,"drinks":false},{"name":"ואג'י סנסט","description":"8 יחידות , בטטה, טמאגו, מלפפון וקנפיו, בציפוי אבוקדו עם שבבי בטטה, טמפורה, עירית, שומשום עם ספייסי מיונז וטריאקי","price":47,"vegan":false,"vegetarian":true,"image":"https://d25t2285lxl5rf.cloudfront.net/images/dishes/651069d8-96d8-417c-acea-8aafe9c5f021.png","notFood":false,"drinks":false},{"name":"רד דרגון","description":"8 יחידות עם טמגו, אבוקדו, מלפפון ובצל ירוק, בציפוי סלמון צרוב, עירית, שומשום וצ'ילי חריף","price":51,"vegan":false,"vegetarian":false,"image":"https://d25t2285lxl5rf.cloudfront.net/images/dishes/3614394c-8406-4de5-b641-0d529e00c33e.png","notFood":false,"drinks":false},{"name":"אושי קאנאפי","description":"8 יחידות עם  אבוקדו ומלפפון בציפוי שומשום קלוי עם תערובת ספייסי סלמון ואיקורה צמחית מעל","price":52,"vegan":false,"vegetarian":false,"image":"https://d25t2285lxl5rf.cloudfront.net/images/dishes/42b68560-73e1-43bf-8ad8-667020f1190a.png","notFood":false,"drinks":false},{"name":"מיסטר מיאגי","description":"סלמו מטוגן, מלפפון,בצל סגול מטוגן בציפוי אבוקדו בטטה טמפורה קריספי בטטה עירית בוטנים טריאקי ורוטב כוסברה","price":53,"vegan":true,"vegetarian":true,"image":"https://d25t2285lxl5rf.cloudfront.net/images/dishes/b04d9078-af9b-4ffd-a5a8-e3653a700384.png","notFood":false,"drinks":false},{"name":"קימוסאבי","description":"דניס מטוגן ,אבוקדו ,בטטה,קנפיו,בצל ירוק בציו סלמון צרוב,ספייסי מיונז וצ'ילי חריף","price":52,"vegan":false,"vegetarian":false,"image":"https://d25t2285lxl5rf.cloudfront.net/images/dishes/1ebc6150-ada6-4bd5-bd2c-944e282c5b35.png","notFood":false,"drinks":false},{"name":"סנדוויץ' אבוקדו","description":"4 יחידות","price":36,"vegan":true,"vegetarian":true,"image":"https://d25t2285lxl5rf.cloudfront.net/images/dishes/bd44df5d-c914-4515-84dd-3f32d88f2d42.jpg","notFood":false,"drinks":false},{"name":"טמאגו ואבוקדו","description":"4 יחידות","price":37,"vegan":false,"vegetarian":true,"image":"https://d25t2285lxl5rf.cloudfront.net/images/dishes/2b031ca0-df6b-49a0-b9fa-5320df1194f3.png","notFood":false,"drinks":false},{"name":"ספייסי סלמון ואבוקדו","description":"4 יחידות","price":40,"vegan":false,"vegetarian":false,"image":"https://d25t2285lxl5rf.cloudfront.net/images/dishes/ad54437f-a70d-4060-a023-20f887f9b7fa.png","notFood":false,"drinks":false},{"name":"ספייסי טונה ואבוקדו","description":"4 יחידות","price":41,"vegan":false,"vegetarian":false,"image":"https://d25t2285lxl5rf.cloudfront.net/images/dishes/503f929f-e9c2-44dc-8343-abcb04dc96a1.png","notFood":false,"drinks":false},{"name":"טונה גריל ואבוקדו","description":"4 יחידות","price":39,"vegan":false,"vegetarian":false,"image":"https://d25t2285lxl5rf.cloudfront.net/images/dishes/8e864169-382c-4233-8912-58fd555e04af.png","notFood":false,"drinks":false},{"name":"סלמון גריל ואבוקדו","description":"4 יחידות","price":39,"vegan":false,"vegetarian":false,"image":"https://d25t2285lxl5rf.cloudfront.net/images/dishes/a6e7a0a4-b1f7-49a0-98a5-fc97f0fec084.png","notFood":false,"drinks":false},{"name":"סאקה טמאקי","description":"סלמון, אבוקדו ומלפפון","price":27,"vegan":false,"vegetarian":false,"image":"https://d25t2285lxl5rf.cloudfront.net/images/dishes/34665683-6d37-45fa-8ca4-358ce2091dd4.png","notFood":false,"drinks":false},{"name":"טאקה טמאקי","description":"טונה, אבוקדו ומלפפון","price":29,"vegan":false,"vegetarian":false,"image":"https://d25t2285lxl5rf.cloudfront.net/images/dishes/1e7d504d-f0ec-4c94-8890-4b763012f3c8.png","notFood":false,"drinks":false},{"name":"יסאהי טמאקי","description":" אבוקדו, גזר ומלפפון","price":26,"vegan":true,"vegetarian":true,"image":"https://d25t2285lxl5rf.cloudfront.net/images/dishes/a56ef330-0be7-447f-b07d-0150972b5462.png","notFood":false,"drinks":false},{"name":"שוגון טמאקי","description":"טונה, דניס, סלמון, אבוקדו, מלפפון ובצל ירוק","price":33,"vegan":false,"vegetarian":false,"image":"https://d25t2285lxl5rf.cloudfront.net/images/dishes/db61a029-6823-42be-9ebe-cf36e9249e4f.png","notFood":false,"drinks":false},{"name":"סקאמורי טמאקי","description":"סלמון, סלמון סקין, מלפפון, אבוקדו ובצל ירוק","price":30,"vegan":false,"vegetarian":false,"image":"https://d25t2285lxl5rf.cloudfront.net/images/dishes/24dcd08f-6017-484a-994d-4fa3f11f9a62.png","notFood":false,"drinks":false},{"name":"וינסנט ספיישל","description":" רול מטוגן במילוי אבוקדו, סלמון,\nבצל ירוק שומשום קלוי וקרים טופו בציפוי טמפורה","price":42,"vegan":false,"vegetarian":false,"image":"https://d25t2285lxl5rf.cloudfront.net/images/dishes/048e84b8-2803-48b4-b163-60dfc6bf1483.png","notFood":false,"drinks":false},{"name":"רולס רויס","description":"פוטומקי מטוגן במילוי סלמון, טונה,\nדניס, גזר, אבוקדו, בצל ירוק וטמגו בציפוי טמפורה","price":42,"vegan":false,"vegetarian":false,"image":"https://d25t2285lxl5rf.cloudfront.net/images/dishes/5f739197-1fe0-42f6-9c34-05b405123750.png","notFood":false,"drinks":false},{"name":"דזרט רול","description":"אינסיידאאוט  עם טופו, בטטה,\nקנפיו, אבוקדו  בציפוי טמפורה ופנקו","price":39,"vegan":true,"vegetarian":true,"image":"https://d25t2285lxl5rf.cloudfront.net/images/dishes/6bcf4a25-b3c4-46f9-bdf8-9ddc49cdea37.png","notFood":false,"drinks":false},{"name":"פקאנקו רול","description":"רול מטוגן במילוי קרים טופו, פקאן מסוכר, בטטה וטמגו ","price":39,"vegan":true,"vegetarian":true,"image":"https://d25t2285lxl5rf.cloudfront.net/images/dishes/9c5bc63e-60af-4bca-99a8-6a741631419a.png","notFood":false,"drinks":false},{"name":"הוט צ'יקן","description":"רול מטוגן במילוי עוף, בטטה ואבוקדו בציפוי טמפורה ופנקו ","price":42,"vegan":false,"vegetarian":false,"image":"https://d25t2285lxl5rf.cloudfront.net/images/dishes/eecbc8f5-54f7-4097-9bf5-6434a363f478.png","notFood":false,"drinks":false},{"name":"ליו רול","description":"רול מטוגן עם סלמון אפוי, קנפיו,\nבטטה ואבוקדו בציפוי טמפורה ופנקו","price":42,"vegan":false,"vegetarian":false,"image":"https://d25t2285lxl5rf.cloudfront.net/images/dishes/732b2d87-95a7-4212-aad3-35bd70a25370.png","notFood":false,"drinks":false},{"name":"טייגר סנדוויץ’","description":"סושי סנדוויץ’ במילוי ספייסי טונה,\nאבוקדו, בצל ירוק וקנפיו עם ציפוי טמפורה ופנקו","price":42,"vegan":false,"vegetarian":false,"image":"https://d25t2285lxl5rf.cloudfront.net/images/dishes/c79df007-ab10-48ef-933d-020860386316.png","notFood":false,"drinks":false},{"name":"הוט סלמון","description":"רול מטוגן במילוי סלמון, אבוקדו, בטטה ובצל ירוק בציפוי טמפורה ופנקו","price":42,"vegan":false,"vegetarian":false,"image":"https://d25t2285lxl5rf.cloudfront.net/images/dishes/c4b7f9f9-b63d-406c-9d78-c26733cc8d44.png","notFood":false,"drinks":false},{"name":"אוקינאווה","description":"8 יחידות יסאהי רול, 8 יחידות דיינמייט, 4 יחידות סנדוויץ' ספייסי סלמון, 8 יחידות בטטה מאקי","price":105,"vegan":false,"vegetarian":false,"image":"https://d25t2285lxl5rf.cloudfront.net/images/dishes/ef3e791b-ce49-4615-a516-9c158f3521ab.png","notFood":false,"drinks":false},{"name":"הפי פמילי","description":"8 יחידות מאמא סאן, 8 יחידות פאפא סאן, יחידה אחת ניגירי סלמון, יחידה אחת ניגירי טונה","price":83,"vegan":false,"vegetarian":false,"image":"https://d25t2285lxl5rf.cloudfront.net/images/dishes/e280dc08-92e8-4d9f-bad5-5ba12da86244.png","notFood":false,"drinks":false},{"name":"קריספי","description":"8 יח' ליו רול, 8 יחידות צונאמי, 4 יחידות סנדוויץ סלמון גריל, 8 יחידות טאמגוצ'י","price":125,"vegan":false,"vegetarian":false,"image":"https://d25t2285lxl5rf.cloudfront.net/images/dishes/0f7a1702-5bf7-411c-9489-55049bd4384c.png","notFood":false,"drinks":false},{"name":"יפן","description":"8 יחידות רוק אנד רול, 2 יחידות ניגירי טונה, 2 יחידות ניגירי סלמון, 3 יחידות סשימי טונה, 3 יחידות סשימי דניס","price":127,"vegan":false,"vegetarian":false,"image":"https://d25t2285lxl5rf.cloudfront.net/images/dishes/387d759c-5bed-4194-82fa-b33fc0f173b2.png","notFood":false,"drinks":false},{"name":"ספיישל","description":"8 יח' פנקירול, 8 יח' רד דרגון, 8 יח' סלמון טמפורה, 8 יח' צונאמי, 4 יח' סנדוויץ סלמון גריל","price":187,"vegan":false,"vegetarian":false,"image":"https://d25t2285lxl5rf.cloudfront.net/images/dishes/2592c590-f6af-4e17-9a4c-65f50efef48e.png","notFood":false,"drinks":false},{"name":"קומבינציית סלמון","description":"8 יח' ראסטי רול\n8 יח' פאפא סאן\n8 יח' סלמון טמפורה\n8 יח' רד דרגון\n4 יח' סנדוויץ סלמון ואבוקדו","price":185,"vegan":false,"vegetarian":false,"image":"https://d25t2285lxl5rf.cloudfront.net/images/dishes/cdeed1f0-91d5-43cb-a3f2-c3f60b6cc6ef.png","notFood":false,"drinks":false},{"name":"ואג'י קומבו","description":"8 יח' פנקירול\n4 יח' סנדוויץ' טמאגו ואבוקדו.\n4 יח' מאקי מלפפון.\n4 יח' מאקי גזר.","price":81,"vegan":false,"vegetarian":true,"image":"https://d25t2285lxl5rf.cloudfront.net/images/dishes/8c942c77-eff2-4b33-9559-c4ceb002a54e.jpg","notFood":false,"drinks":false},{"name":"צמחונית","description":"4 יח' מאקי בטטה\n4 יח' מאקי טמגו\n8 יח' טמגוצ'י","price":49,"vegan":true,"vegetarian":true,"image":"https://d25t2285lxl5rf.cloudfront.net/images/dishes/9637ab02-3870-46ed-8ed0-7672d15eafa9.png","notFood":false,"drinks":false},{"name":"קומבו גרנדה","description":"8 יחידות צונאמי\n8 יחידות יסאהי\n8 יחידות סלמון טמפורה\n8 יחידות מאמא סאן בציפוי עירית\n8 יחידות פאפא סאן בציפוי בטטה\n8 יחידות דינמייט\n8 יחידות צ'רליז אנג'לס\n8 יחידות פנקירול בציפוי אבוקדו\n8 יחידות מאקי טונה\n8 יחידות מאקי אבוקדו\n8 יחידות מאקי סלמון\n8 יחידות פנקירול\n4 יחידות סנדוויץ' ספייסי סלמון\n2 יחידו","price":399,"vegan":false,"vegetarian":false,"image":"https://d25t2285lxl5rf.cloudfront.net/images/dishes/573910.gif","notFood":false,"drinks":false},{"name":"קומבו פרנדלי","description":"8 יחידות צונמי\n8 יחידות יסאהי\n8 יחידות פנקירול\n16 יחידות דיינמייט\n8 יחידות סלמון טמפורה\n8 יחידות מאמא סאן בציפוי עירית\n8 יחידות פאפא סאן בציפוי קריספי בטטה\n8 יחידות מאמא סאן בציפוי בטטה\n8 יחידות סלמון טמפורה בציפוי קריספי בטטה\n8 יחידות מאקי סלמון\n8 יחידות מאקי אבוקדו\n","price":335,"vegan":false,"vegetarian":false,"image":"https://d25t2285lxl5rf.cloudfront.net/images/dishes/573911.gif","notFood":false,"drinks":false},{"name":"combo vip","description":"16 יח' רד דרגון\n8 יח' פנקירול\n16 יח' ראסטי רול\n8 יח' שוגון\n8 יח' פילדלפיה\n8 יח' וג'י סנסט\n8 יח' רוק אנד רול\n8 יח' דיינמייט\n8 יח' צונאמי\n16 יח' סלמון טמפורה\n8 יח' קנדי רול\n8 יח' ריינבואו","price":499,"vegan":false,"vegetarian":false,"image":"https://d25t2285lxl5rf.cloudfront.net/images/dishes/788b5e31-75ed-4276-bbd4-aea3f4e5791c.jpg","notFood":false,"drinks":false},{"name":"קוקה קולה","description":"","price":11,"vegan":true,"vegetarian":true,"image":"","notFood":false,"drinks":true},{"name":"דיאט קוקה קולה","description":"","price":11,"vegan":true,"vegetarian":true,"image":"","notFood":false,"drinks":true},{"name":"קוקה קולה זירו\n","description":"","price":11,"vegan":true,"vegetarian":true,"image":"","notFood":false,"drinks":true},{"name":"סודה","description":"","price":10,"vegan":true,"vegetarian":true,"image":"","notFood":false,"drinks":true},{"name":"מים בטעם תפוח","description":"","price":11,"vegan":true,"vegetarian":true,"image":"","notFood":false,"drinks":false},{"name":"מים בטעם אפרסק","description":"","price":11,"vegan":true,"vegetarian":true,"image":"","notFood":false,"drinks":false},{"name":"נסטי","description":"","price":11,"vegan":true,"vegetarian":true,"image":"","notFood":false,"drinks":true},{"name":"תפוזים","description":"","price":11,"vegan":true,"vegetarian":true,"image":"","notFood":false,"drinks":false},{"name":"ענבים","description":"","price":11,"vegan":true,"vegetarian":true,"image":"","notFood":false,"drinks":true}]}