{"track_id":"1049","filters":["japaneseSushi","asianFusion","fish"],"image":"https://tenbis-static.azureedge.net/restaurant-card-image/ResCard_1049_1910030506.jpg","address":"אריה שנקר, 7 הרצליה","location":[34.8090175,32.1592829],"name":"קיוטו","city":"הרצליה - רמת השרון","priceAverage":83.00921658986175,"menu":[{"name":"ספייסי סלמון קראנצ'י","description":"סלמון פיקנטי, אבוקדו, בצל ירוק, פירורי טמפורה עטוף בסלמון ואבוקדו. 6 יח'.","price":66,"vegan":false,"vegetarian":false,"image":"https://d25t2285lxl5rf.cloudfront.net/images/dishes/b1fe3311-cdfe-4c02-9109-8468945202cd.jpg","notFood":false,"drinks":false},{"name":"חמוצים יפנים","description":"","price":34,"vegan":true,"vegetarian":true,"image":"https://d25t2285lxl5rf.cloudfront.net/images/dishes/b629dda6-ab55-42e7-a2ae-9ec4fb043431.jpg","notFood":false,"drinks":false},{"name":"ניגירי טמאגו - חביתה יפנית","description":"יחידה אחת","price":14,"vegan":false,"vegetarian":true,"image":"https://d25t2285lxl5rf.cloudfront.net/images/dishes/62f49b6c-9550-43e6-ac4e-ab7b54724711.jpg","notFood":false,"drinks":false},{"name":"קטרפילר ירקות - 6 יחידות","description":"אינסיידאאוט עטוף באבוקדו","price":46,"vegan":true,"vegetarian":true,"image":"https://d25t2285lxl5rf.cloudfront.net/images/dishes/55b972ee-c666-48ac-ac84-20f3be8472a9.jpg","notFood":false,"drinks":false},{"name":"ירקות מאודים","description":"","price":19,"vegan":true,"vegetarian":true,"image":"https://d25t2285lxl5rf.cloudfront.net/images/dishes/2bfeaea8-d843-48e3-ac07-6100b9cd652e.jpg","notFood":false,"drinks":false},{"name":"סלסה רול","description":"ה פיקנטית ואבוקדו עטוף בטונה צרובה ברוטב פונזו. 6 יח'","price":68,"vegan":false,"vegetarian":false,"image":"https://d25t2285lxl5rf.cloudfront.net/images/dishes/9e57132a-a3c2-4536-b352-d415026dd56f.jpg","notFood":false,"drinks":false},{"name":"סלט קיוטו","description":"חסה, תערובת עלי בייבי, קולורבי, גזר, בצל ירוק, אדממה וסלק","price":48,"vegan":true,"vegetarian":true,"image":"https://d25t2285lxl5rf.cloudfront.net/images/dishes/7924935f-3939-433f-b21f-7ba5edff137c.jpg","notFood":false,"drinks":false},{"name":"טטאקי טונה","description":"טונה צרובה ברוטב פונזו ","price":76,"vegan":false,"vegetarian":false,"image":"https://d25t2285lxl5rf.cloudfront.net/images/dishes/455e5b0e-dd6c-4931-950e-71e53383210e.jpg","notFood":false,"drinks":false},{"name":"סלט מלפפונים ואצות ים","description":"","price":39,"vegan":true,"vegetarian":true,"image":"https://d25t2285lxl5rf.cloudfront.net/images/dishes/cc1f21fb-09cc-4f11-969e-0dd9b30cfd3e.jpg","notFood":false,"drinks":false},{"name":"סלט מלפפונים ואטריות","description":"אטריות שעועית דקות,מלפפונים,פטריות שיטאקה,\nטמאגו וג'ינג'ר","price":47,"vegan":false,"vegetarian":true,"image":"https://d25t2285lxl5rf.cloudfront.net/images/dishes/97c7bcbf-011b-4475-9390-2cb9d7ba7333.jpg","notFood":false,"drinks":false},{"name":"חמוצים יפנים","description":"","price":34,"vegan":true,"vegetarian":true,"image":"https://d25t2285lxl5rf.cloudfront.net/images/dishes/b629dda6-ab55-42e7-a2ae-9ec4fb043431.jpg","notFood":false,"drinks":false},{"name":"סלט סשימי","description":"חסה, קולורבי וגזר שעליהם מונחים שלושה סוגי סשימי (סלמון, טונה, ילוטייל) עם מעט שומשום.","price":69,"vegan":false,"vegetarian":false,"image":"https://d25t2285lxl5rf.cloudfront.net/images/dishes/d30b7682-71a9-49cc-b0fe-3c003ea09fe5.jpg","notFood":false,"drinks":false},{"name":"סלט וולקנו","description":"מלפפונים, כרוב סגול, גזר, קולורבי, בוטנים ונבטים","price":50,"vegan":true,"vegetarian":true,"image":"https://d25t2285lxl5rf.cloudfront.net/images/dishes/712c21c5-4131-45fe-952e-214f92cef6f0.jpg","notFood":false,"drinks":false},{"name":"בנג'י רול","description":"6 יחידות, סאקה מאקי עטוף בפאנקו מטוגן","price":52,"vegan":true,"vegetarian":true,"image":"https://d25t2285lxl5rf.cloudfront.net/images/dishes/b092406b-118e-491a-86e8-f2de0220dc9f.jpg","notFood":false,"drinks":false},{"name":"טופו פיקנטי","description":"קוביות טופו עטופות\nקורנפלור מטוגנות - פיקנטי","price":46,"vegan":true,"vegetarian":true,"image":"https://d25t2285lxl5rf.cloudfront.net/images/dishes/f716cc30-1618-4bc7-a67c-4ce46b4ed2ab.jpg","notFood":false,"drinks":false},{"name":"אגדשי טופו","description":"קוביות טופו עטופות קורנפלור ברוטב מתקתק","price":46,"vegan":true,"vegetarian":true,"image":"https://d25t2285lxl5rf.cloudfront.net/images/dishes/0a99f610-d9c5-4272-9359-c75eab50b2a6.jpg","notFood":false,"drinks":false},{"name":"גיוזה - 5 יח'\n","description":"5 יחידות כיסוני בצק במילוי עוף וירקות","price":55,"vegan":false,"vegetarian":false,"image":"https://d25t2285lxl5rf.cloudfront.net/images/dishes/114dd029-9643-4b6f-9037-438d31af0388.jpg","notFood":false,"drinks":false},{"name":"טונה בלו לגונה","description":"12 פרוסות נתח טונה אדומה עטוף באצה, עשוי בטמפורה, קריספי\nמבחוץ ונא מבפנים. מגיע עם\nסלט אטריות קר בצד.","price":99,"vegan":false,"vegetarian":false,"image":"https://d25t2285lxl5rf.cloudfront.net/images/dishes/b665dda4-d211-4fc5-96c2-a7659cb8e9bf.jpg","notFood":false,"drinks":false},{"name":"סשימי ניו סטייל","description":"שני סוגי דגים לבחירה חתוכים דק במרינדה","price":104,"vegan":false,"vegetarian":false,"image":"https://d25t2285lxl5rf.cloudfront.net/images/dishes/a1e5c859-7c12-41ab-95a0-b9f21546f0d5.jpg","notFood":false,"drinks":false},{"name":"סשימי אוסוקורי","description":"סשימי בס חתוך דק ברוטב פונדו","price":88,"vegan":false,"vegetarian":false,"image":"https://d25t2285lxl5rf.cloudfront.net/images/dishes/69582b3a-4b97-46a5-9c21-459a3032fcc3.jpg","notFood":false,"drinks":false},{"name":"טרטר סלמון","description":"אבוקדו, בצל ירוק וכוסברה מוגשים\r\nעל טרטר דג ברוטב לימון וקריספי רייס","price":82,"vegan":false,"vegetarian":false,"image":"https://d25t2285lxl5rf.cloudfront.net/images/dishes/4eebfb61-baf2-485d-9ef8-d902beabd40d.png","notFood":false,"drinks":false},{"name":"טרטר טונה","description":"אבוקדו, בצל ירוק וכוסברה מוגשים\r\nעל טרטר דג ברוטב לימון וקריספי רייס","price":76,"vegan":false,"vegetarian":false,"image":"https://d25t2285lxl5rf.cloudfront.net/images/dishes/eb789386-040f-4606-93d8-31c12c97d7e0.jpg","notFood":false,"drinks":false},{"name":"שרימפס טמפורה","description":"6 יח' שרימפס עשויים בטמפורה","price":72,"vegan":false,"vegetarian":false,"image":"https://d25t2285lxl5rf.cloudfront.net/images/dishes/363a8177-9b9d-4363-ac88-245ba078c78d.jpg","notFood":false,"drinks":false},{"name":"אספרגוס ופטריות\t","description":"אספרגוס ופטריות\t","price":69,"vegan":true,"vegetarian":true,"image":"https://d25t2285lxl5rf.cloudfront.net/images/dishes/6a007d10-4e73-47fa-84d0-daa0ac862c4c.jpg","notFood":false,"drinks":false},{"name":"אדממה","description":"פולי סויה","price":28,"vegan":true,"vegetarian":true,"image":"","notFood":false,"drinks":false},{"name":"קלמרי טוגראשי","description":"","price":62,"vegan":false,"vegetarian":false,"image":"","notFood":false,"drinks":false},{"name":"סשימי טריו","description":"סלמון , טונה ויילוטייל במרינדת יוזו, שמן שומשום ופונזו","price":88,"vegan":false,"vegetarian":false,"image":"","notFood":false,"drinks":false},{"name":"קריספי שרימפס","description":"","price":60,"vegan":false,"vegetarian":false,"image":"","notFood":false,"drinks":false},{"name":"קוביות לוקוס","description":"ברוטב קארי צהוב וחלב קוקוס עם ירקות שורש","price":88,"vegan":true,"vegetarian":true,"image":"","notFood":false,"drinks":false},{"name":"טונה טרטר","description":"\tטונה טרטר\t68\tטרטר טונה מתובל בשמן שומשום, כוסברה ומעט חריף על קרם אבוקדו\t","price":83,"vegan":false,"vegetarian":false,"image":"","notFood":false,"drinks":false},{"name":"ספיישל סשימי","description":"על מיקס עשבים פיקנטי ברוטב סויה קרמל ","price":89,"vegan":true,"vegetarian":true,"image":"","notFood":false,"drinks":false},{"name":"מיסו","description":"מרק יפני מסורתי, מוגש עם טופו, אצות ובצל ירוק","price":32,"vegan":true,"vegetarian":true,"image":"","notFood":false,"drinks":false},{"name":"ניגירי סלמון","description":"יחידה אחת","price":22,"vegan":false,"vegetarian":false,"image":"https://d25t2285lxl5rf.cloudfront.net/images/dishes/da219b27-7286-426b-9203-c752b314057a.jpg","notFood":false,"drinks":false},{"name":"ניגירי ילוטייל","description":"יחידה אחת","price":22,"vegan":false,"vegetarian":false,"image":"https://d25t2285lxl5rf.cloudfront.net/images/dishes/8db7c773-5c1a-43c7-ab13-a52722bad14d.jpg","notFood":false,"drinks":false},{"name":"ניגירי לוקוס","description":"","price":22,"vegan":true,"vegetarian":true,"image":"https://d25t2285lxl5rf.cloudfront.net/images/dishes/2b5709d3-5f3c-4ad7-afe4-84355343ab61.jpg","notFood":false,"drinks":false},{"name":"ניגירי סיבס","description":"יחידה אחת","price":22,"vegan":true,"vegetarian":true,"image":"https://d25t2285lxl5rf.cloudfront.net/images/dishes/dcd3077f-6cd3-4f0e-a202-44741e6e1cbf.jpg","notFood":false,"drinks":false},{"name":"ניגירי דניס","description":"יחידה אחת","price":22,"vegan":false,"vegetarian":false,"image":"https://d25t2285lxl5rf.cloudfront.net/images/dishes/24ffd5da-636a-43f9-a268-5bc7b400f111.jpg","notFood":false,"drinks":false},{"name":"ניגירי טונה אדומה","description":"יחידה אחת","price":22,"vegan":false,"vegetarian":false,"image":"https://d25t2285lxl5rf.cloudfront.net/images/dishes/f60c1d37-155d-455f-965f-94a66b240a9d.jpg","notFood":false,"drinks":false},{"name":"ניגירי טמאגו - חביתה יפנית","description":"יחידה אחת","price":14,"vegan":false,"vegetarian":true,"image":"https://d25t2285lxl5rf.cloudfront.net/images/dishes/62f49b6c-9550-43e6-ac4e-ab7b54724711.jpg","notFood":false,"drinks":false},{"name":"ניגירי שרימפס","description":"יחידה אחת","price":22,"vegan":false,"vegetarian":false,"image":"https://d25t2285lxl5rf.cloudfront.net/images/dishes/ada96b0e-6c85-4a6a-873b-b99aee3a4f73.jpg","notFood":false,"drinks":false},{"name":"ניגירי סלמון חם","description":"ברוטב טריאקי חם אפוי - יחידה אחת","price":22,"vegan":false,"vegetarian":false,"image":"https://d25t2285lxl5rf.cloudfront.net/images/dishes/086290b0-5201-4660-a88c-f28e9127a2f5.jpg","notFood":false,"drinks":false},{"name":"ניגירי ילוטייל חם","description":"ברוטב טריאקי חם אפוי - יחידה אחת","price":22,"vegan":false,"vegetarian":false,"image":"https://d25t2285lxl5rf.cloudfront.net/images/dishes/b390385c-1266-4038-a763-0e44fcfc865b.jpg","notFood":false,"drinks":false},{"name":"ניגירי לוקוס חם","description":"ברוטב טריאקי חם אפוי - יחידה אחת","price":22,"vegan":true,"vegetarian":true,"image":"https://d25t2285lxl5rf.cloudfront.net/images/dishes/c2d58990-085d-4fed-b9aa-b54b4924ea9a.jpg","notFood":false,"drinks":false},{"name":"ניגירי קראנצ'י","description":"אורז מטוגן עטוף באצה במילוי דג לבחירה עם בצל ירוק ומיונז פיקנטי","price":25,"vegan":false,"vegetarian":false,"image":"https://d25t2285lxl5rf.cloudfront.net/images/dishes/63a57d36-d2bc-4e3a-8619-dcbddfe539e6.jpg","notFood":false,"drinks":false},{"name":"ניגירי ניו סטייל","description":"עטוף במלפפון בליווי דג לבחירה עם בצל ירוק ומיונז פיקנטי. יחידה אחת","price":28,"vegan":false,"vegetarian":false,"image":"https://d25t2285lxl5rf.cloudfront.net/images/dishes/e617994e-312d-495f-89a2-383dc360fb2d.jpg","notFood":false,"drinks":false},{"name":"ניגירי איקורה","description":"ביצי סלמון עטופות באצה - יחידה אחת","price":26,"vegan":false,"vegetarian":false,"image":"https://d25t2285lxl5rf.cloudfront.net/images/dishes/27ce67bd-47cc-4dc6-b42b-a9c7349ea064.jpg","notFood":false,"drinks":false},{"name":"ניגירי אבוקדו","description":"","price":14,"vegan":true,"vegetarian":true,"image":"https://d25t2285lxl5rf.cloudfront.net/images/dishes/05605e6a-8fc5-429b-9eeb-f8bf1a7c8d55.jpg","notFood":false,"drinks":false},{"name":"ניגירי צלופח","description":"צלופח ברוטב טריאקי. יחידה אחת","price":23,"vegan":true,"vegetarian":true,"image":"","notFood":false,"drinks":false},{"name":"ניגירי המאצ'י חריף","description":"ילוטייל חריף עם בצל ירוק עטוף באצה - יחידה אחת","price":20,"vegan":false,"vegetarian":false,"image":"","notFood":false,"drinks":false},{"name":"ניגירי אינארי","description":"כיסון טופו מתקתק במילוי אורז, ותוספת לבחירה","price":26,"vegan":true,"vegetarian":true,"image":"","notFood":false,"drinks":false},{"name":"ניגירי סקלופ","description":"סקלופ רגיל או חריף עטוף באצה - יחידה אחת","price":26,"vegan":true,"vegetarian":true,"image":"","notFood":false,"drinks":false},{"name":"ניגירי אביקו","description":"יחידה אחת","price":25,"vegan":true,"vegetarian":true,"image":"","notFood":false,"drinks":false},{"name":"ניגירי טוביקו","description":"יחידה אחת","price":26,"vegan":true,"vegetarian":true,"image":"","notFood":false,"drinks":false},{"name":"ניגירי גונקן","description":"כדור אורז עטוף דג במילוי דג/ איקורה/ שרימפס/ירק\t","price":22,"vegan":false,"vegetarian":false,"image":"","notFood":false,"drinks":false},{"name":"סשימי סיבס","description":"4 יחידות","price":58,"vegan":true,"vegetarian":true,"image":"https://d25t2285lxl5rf.cloudfront.net/images/dishes/be4c451f-ad83-4763-9ad3-20b55b4ddf5e.jpg","notFood":false,"drinks":false},{"name":"סשימי סלמון","description":"4 יחידות","price":58,"vegan":false,"vegetarian":false,"image":"https://d25t2285lxl5rf.cloudfront.net/images/dishes/2161bee2-9144-47d5-8366-797de1aa3b53.jpg","notFood":false,"drinks":false},{"name":"סשימי דניס","description":"4 יחידות","price":58,"vegan":false,"vegetarian":false,"image":"https://d25t2285lxl5rf.cloudfront.net/images/dishes/cc3769fd-aba6-4c97-9848-714151bb08f7.jpg","notFood":false,"drinks":false},{"name":"סשימי סקלופ","description":"4 יחידות","price":64,"vegan":true,"vegetarian":true,"image":"https://d25t2285lxl5rf.cloudfront.net/images/dishes/5c6a65e2-ffd5-4e95-8a6b-be0f8ec22e30.jpg","notFood":false,"drinks":false},{"name":"סשימי צלופח","description":"4 יחידות","price":64,"vegan":true,"vegetarian":true,"image":"https://d25t2285lxl5rf.cloudfront.net/images/dishes/cbe7e0f5-297f-4de0-ab1d-1ccbf400ee85.jpg","notFood":false,"drinks":false},{"name":"סשימי טונה","description":"4 יחידות","price":78,"vegan":false,"vegetarian":false,"image":"https://d25t2285lxl5rf.cloudfront.net/images/dishes/c75bd1b2-14a1-4746-93a1-f9ea1c9252da.jpg","notFood":false,"drinks":false},{"name":"סשימי לוקוס","description":"4 יחידות","price":78,"vegan":true,"vegetarian":true,"image":"https://d25t2285lxl5rf.cloudfront.net/images/dishes/795b2342-fa10-40a7-abd3-4e466c359a55.jpg","notFood":false,"drinks":false},{"name":"סשימי ילוטייל","description":"4 יחידות","price":78,"vegan":false,"vegetarian":false,"image":"https://d25t2285lxl5rf.cloudfront.net/images/dishes/a255c27b-eb0a-4e16-bc84-093df91ee925.jpg","notFood":false,"drinks":false},{"name":"סשימי אושינקו","description":"4 יח'","price":22,"vegan":true,"vegetarian":true,"image":"","notFood":false,"drinks":false},{"name":"קונוס סלמון סקין קריספי","description":"","price":28,"vegan":false,"vegetarian":false,"image":"https://d25t2285lxl5rf.cloudfront.net/images/dishes/58acff15-b584-47b8-b67b-23d367da7b9c.jpg","notFood":false,"drinks":false},{"name":"קונוס סלמון פיקנטי","description":"סלמון פיקנטי ואבוקדו","price":30,"vegan":false,"vegetarian":false,"image":"https://d25t2285lxl5rf.cloudfront.net/images/dishes/f22a90e2-c5c9-420e-a9ec-af8e99375367.jpg","notFood":false,"drinks":false},{"name":"קונוס אבי טמפורה","description":"שרימפס טמפורה עם ירקות, מיונז ואבוקדו","price":33,"vegan":false,"vegetarian":false,"image":"https://d25t2285lxl5rf.cloudfront.net/images/dishes/b5e1f7f3-a168-4c87-a550-fefd897ad0aa.jpg","notFood":false,"drinks":false},{"name":"קונוס יוד רול","description":"צלופח, סלמון, שרימפס טמפורה ומלפפון","price":38,"vegan":false,"vegetarian":false,"image":"https://d25t2285lxl5rf.cloudfront.net/images/dishes/c4310721-3bf2-405b-86f5-33cef8ef5f87.jpg","notFood":false,"drinks":false},{"name":"קונוס טונה פיקנטית","description":"טונה פיקנטית ואבוקדו","price":36,"vegan":false,"vegetarian":false,"image":"https://d25t2285lxl5rf.cloudfront.net/images/dishes/82051d91-2428-4a12-b0e0-695e906f062d.jpg","notFood":false,"drinks":false},{"name":"קונוס סקלופ, טונה פיקנטית ובצל ירוק","description":"","price":38,"vegan":false,"vegetarian":false,"image":"https://d25t2285lxl5rf.cloudfront.net/images/dishes/6b0c3ec9-0b6c-4c9d-ab0f-f6488cd772b5.jpg","notFood":false,"drinks":false},{"name":"קונוס קליפורניה","description":"שרימפס חלוט, מקל סרטן וירקות","price":33,"vegan":false,"vegetarian":false,"image":"https://d25t2285lxl5rf.cloudfront.net/images/dishes/bac37e27-1dea-45bc-96fb-2c3203780cf4.jpg","notFood":false,"drinks":false},{"name":"קונוס חם","description":"סלמון / ילוטייל / לוקוס חם ברוטב טריאקי","price":33,"vegan":false,"vegetarian":false,"image":"https://d25t2285lxl5rf.cloudfront.net/images/dishes/6b16cc3d-a51b-4e24-adb7-1756d396a818.jpg","notFood":false,"drinks":false},{"name":"קונוס אבי טונה פיקנטית","description":"טונה פיקנטית, שרימפס טמפורה ואבוקדו","price":36,"vegan":false,"vegetarian":false,"image":"https://d25t2285lxl5rf.cloudfront.net/images/dishes/409ad41d-d8ff-4e2f-aab3-ba08b5b4cb50.jpg","notFood":false,"drinks":false},{"name":"קונוס נגי המאצ׳י","description":"ילוטייל ובצל ירוק","price":35,"vegan":false,"vegetarian":false,"image":"https://d25t2285lxl5rf.cloudfront.net/images/dishes/54ca57b5-43aa-4360-afa5-63cbc5fb3927.jpg","notFood":false,"drinks":false},{"name":"קונוס אונאגי","description":"צלופח ברוטב טריאקי ומלפפון","price":35,"vegan":true,"vegetarian":true,"image":"https://d25t2285lxl5rf.cloudfront.net/images/dishes/6f6cd04e-e582-4a36-82b6-6d484088d17d.jpg","notFood":false,"drinks":false},{"name":"קונוס פאנקו","description":"סלמון בפאנקו, אבוקדו , בצל ירוק עטוף בגזר ","price":36,"vegan":false,"vegetarian":false,"image":"https://d25t2285lxl5rf.cloudfront.net/images/dishes/4746a471-a392-452b-a5f7-3b02db8d14df.jpg","notFood":false,"drinks":false},{"name":"קטרפילר ירקות - 6 יחידות","description":"אינסיידאאוט עטוף באבוקדו","price":46,"vegan":true,"vegetarian":true,"image":"https://d25t2285lxl5rf.cloudfront.net/images/dishes/55b972ee-c666-48ac-ac84-20f3be8472a9.jpg","notFood":false,"drinks":false},{"name":"מאקי ירקות - 3 יחידות","description":"ירקות לבחירה","price":26,"vegan":true,"vegetarian":true,"image":"https://d25t2285lxl5rf.cloudfront.net/images/dishes/064c998b-c36b-470b-bc1f-1c8c3a38848e.jpg","notFood":false,"drinks":false},{"name":"אוניון קריספי ווג' - 3 יחידות","description":"טמגו, חסה, מלפפון, אבוקדו עטוף בפתיתי בצל מטוגן","price":28,"vegan":true,"vegetarian":true,"image":"","notFood":false,"drinks":false},{"name":"אוניון קריספי ווג' - 6 יחידות","description":"טמגו, חסה, מלפפון, אבוקדו עטוף בפתיתי בצל מטוגן","price":44,"vegan":true,"vegetarian":true,"image":"","notFood":false,"drinks":false},{"name":"קמפיו מאקי - 3 יחידות","description":"אינסיידאאוט קמפיו, אבוקדו ומלפפון","price":26,"vegan":true,"vegetarian":true,"image":"","notFood":false,"drinks":false},{"name":"קמפיו מאקי - 6 יחידות","description":"אינסיידאאוט קמפיו, אבוקדו ומלפפון","price":44,"vegan":true,"vegetarian":true,"image":"","notFood":false,"drinks":false},{"name":"קטרפילר ירקות - 3 יחידות","description":"אינסיידאאוט עטוף באבוקדו","price":28,"vegan":true,"vegetarian":true,"image":"","notFood":false,"drinks":false},{"name":"בטטה מאקי - 3 יחידות","description":"בטטה בטמפורה, אבוקדו ומלפפון","price":28,"vegan":true,"vegetarian":true,"image":"","notFood":false,"drinks":false},{"name":"בטטה מאקי - 6 יחידות","description":"בטטה בטמפורה, אבוקדו ומלפפון","price":44,"vegan":true,"vegetarian":true,"image":"","notFood":false,"drinks":false},{"name":"טופו רול - 3 יחידות","description":"טופו בטמפורה, מלפפון וקמפיו עטוף באבוקדו וטריאקי","price":26,"vegan":true,"vegetarian":true,"image":"","notFood":false,"drinks":false},{"name":"טופו רול - 6 יחידות","description":"טופו בטמפורה, מלפפון וקמפיו עטוף באבוקדו וטריאקי","price":44,"vegan":true,"vegetarian":true,"image":"","notFood":false,"drinks":false},{"name":"מאקי ירקות - 6 יחידות","description":"ירקות לבחירה","price":44,"vegan":true,"vegetarian":true,"image":"","notFood":false,"drinks":false},{"name":"סלמון פיקנטי ואבוקדו 3 יחידות","description":"","price":32,"vegan":false,"vegetarian":false,"image":"","notFood":false,"drinks":false},{"name":"סלמון פיקנטי ואבוקדו 6 יחידות","description":"","price":58,"vegan":false,"vegetarian":false,"image":"","notFood":false,"drinks":false},{"name":"טונה פיקנטית ואבוקדו 3 יחידות","description":"","price":32,"vegan":false,"vegetarian":false,"image":"","notFood":false,"drinks":false},{"name":"טונה פיקנטית ואבוקדו 6 יחידות","description":"","price":58,"vegan":false,"vegetarian":false,"image":"","notFood":false,"drinks":false},{"name":"אבי טמפורה מאקי 3 יחדות","description":"שרימפס טמפורה ירקות ומיונז\r\n","price":33,"vegan":false,"vegetarian":false,"image":"","notFood":false,"drinks":false},{"name":"אבי טמפורה מאקי 6 יחדות","description":"שרימפס טמפורה ירקות ומיונז\r\n","price":68,"vegan":false,"vegetarian":false,"image":"","notFood":false,"drinks":false},{"name":"ספיידר רול 3יחידות","description":"סרטן רך בציפוי פריך וירקות","price":36,"vegan":true,"vegetarian":true,"image":"","notFood":false,"drinks":false},{"name":"ספיידר רול 6 יחידות","description":"סרטן רך בציפוי פריך וירקות","price":64,"vegan":true,"vegetarian":true,"image":"","notFood":false,"drinks":false},{"name":"טונה שרימפס פיקנטית 3 יחידות","description":"שרימפס טמפורה ואבוקדו","price":36,"vegan":false,"vegetarian":false,"image":"","notFood":false,"drinks":false},{"name":"טונה שרימפס פיקנטית 6 יחידות","description":"שרימפס טמפורה ואבוקדו","price":64,"vegan":false,"vegetarian":false,"image":"","notFood":false,"drinks":false},{"name":"שף רול 3 יחידות","description":"שרימפס טמפורה ואבוקדו\r\nעטוף בסלמון","price":36,"vegan":false,"vegetarian":false,"image":"","notFood":false,"drinks":false},{"name":"שף רול 6 יחידות","description":"שרימפס טמפורה ואבוקדו\r\nעטוף בסלמון","price":62,"vegan":false,"vegetarian":false,"image":"","notFood":false,"drinks":false},{"name":"קליפורניה מאקי 3 יחידות","description":"שרימפס חלוט מקל סרטן וירקות","price":36,"vegan":false,"vegetarian":false,"image":"","notFood":false,"drinks":false},{"name":"קליפורניה מאקי 6 יחידות","description":"שרימפס חלוט מקל סרטן וירקות","price":58,"vegan":false,"vegetarian":false,"image":"","notFood":false,"drinks":false},{"name":"קטרפילר רול 3 יחידות","description":"צלופח / סלמון / לוקוס אפוי ומלפפון\r\nעטוף באבוקדו ורוטב טריאקי\r\n","price":38,"vegan":false,"vegetarian":false,"image":"","notFood":false,"drinks":false},{"name":"קטרפילר רול 6 יחדות","description":"צלופח / סלמון / לוקוס אפוי ומלפפון\r\nעטוף באבוקדו ורוטב טריאקי\r\n","price":68,"vegan":false,"vegetarian":false,"image":"","notFood":false,"drinks":false},{"name":"טריאקי מאקי 3 יחידות","description":"רול ירקות עטוף בסלמון / יילוטייל /\r\nלוקוס אפוי ברוטב טריאקי","price":33,"vegan":false,"vegetarian":false,"image":"","notFood":false,"drinks":false},{"name":"טריאקי מאקי 6 יחידות","description":"רול ירקות עטוף בסלמון / יילוטייל /\r\nלוקוס אפוי ברוטב טריאקי","price":62,"vegan":false,"vegetarian":false,"image":"","notFood":false,"drinks":false},{"name":"קיוטו מאקי 2 יחידות","description":"שרימפס טמפורה, סלמון,\r\nסלמון סקין, אבוקדו ואספרגוס\r\nעטוף באבוקדו ופירורי טמפורה","price":36,"vegan":false,"vegetarian":false,"image":"","notFood":false,"drinks":false},{"name":"קיוטו מאקי 6 יחידות","description":"שרימפס טמפורה, סלמון,\r\nסלמון סקין, אבוקדו ואספרגוס\r\nעטוף באבוקדו ופירורי טמפורה","price":76,"vegan":false,"vegetarian":false,"image":"","notFood":false,"drinks":false},{"name":"crispy Onio salmon 3 יחידות","description":"נא/אפוי, אבוקדו,\r\nעטוף בפתיתי בצל מטוגן\r\n","price":36,"vegan":true,"vegetarian":true,"image":"","notFood":false,"drinks":false},{"name":"crispy Onio salmon 6 יחידות","description":"נא/אפוי, אבוקדו,\r\nעטוף בפתיתי בצל מטוגן","price":64,"vegan":true,"vegetarian":true,"image":"","notFood":false,"drinks":false},{"name":"סלמון סקין ואבוקדו 3 יחידות","description":"","price":32,"vegan":false,"vegetarian":false,"image":"","notFood":false,"drinks":false},{"name":"סלמון סקין ואבוקד ו6 יחידות","description":"","price":54,"vegan":false,"vegetarian":false,"image":"","notFood":false,"drinks":false},{"name":"סלמון אבוקדו 3 יחידות","description":"רול של אבוקדו עטוף בסלמון\r\n","price":32,"vegan":false,"vegetarian":false,"image":"","notFood":false,"drinks":false},{"name":"סלמון ואבוקדו  6 יחידות","description":"רול של אבוקדו עטוף בסלמון","price":58,"vegan":false,"vegetarian":false,"image":"","notFood":false,"drinks":false},{"name":"סלמון צ׳יז רול 3 יחידות","description":"אבוקדו, בטטה, עירית ומלפפון\r\nברוטב טריאקי","price":36,"vegan":false,"vegetarian":false,"image":"","notFood":false,"drinks":false},{"name":"סלמון צ׳יז רול 6יחידות","description":"אבוקדו, בטטה, עירית ומלפפון\r\nברוטב טריאקי","price":64,"vegan":false,"vegetarian":false,"image":"","notFood":false,"drinks":false},{"name":"roll Chiken 3 יחידות","description":"עוף בפנקו עם מלפפון עטוף\r\nבאבוקדו ורוטב טריאקי\r\n","price":33,"vegan":false,"vegetarian":false,"image":"","notFood":false,"drinks":false},{"name":"roll Chiken 6 יחידות","description":"עוף בפנקו עם מלפפון עטוף\r\nבאבוקדו ורוטב טריאקי\r\n","price":64,"vegan":false,"vegetarian":false,"image":"","notFood":false,"drinks":false},{"name":"נגי המאצ'י מאקי - 6 יחידות","description":"ילוטייל ובצל ירוק","price":40,"vegan":false,"vegetarian":false,"image":"https://d25t2285lxl5rf.cloudfront.net/images/dishes/a45b73ad-f59f-4ecf-a81e-6be5f0fd27e8.jpg","notFood":false,"drinks":false},{"name":"סאקה מאקי - 6 יחידות","description":"רול סלמון","price":38,"vegan":false,"vegetarian":false,"image":"https://d25t2285lxl5rf.cloudfront.net/images/dishes/0a2461bf-c9d9-47e7-b15f-9b8ba05b1325.jpg","notFood":false,"drinks":false},{"name":"טקה מאקי - 6 יחידות","description":"רול טונה","price":38,"vegan":false,"vegetarian":false,"image":"https://d25t2285lxl5rf.cloudfront.net/images/dishes/5e217119-0b7b-4083-83d6-285b1e5cf6be.jpg","notFood":false,"drinks":false},{"name":"קיוטו צ'יז","description":"משולשי טמפורה עם סלמון, גבינה צהובה ואבוקדו ברוטב טריאקי. 8 יח'.","price":68,"vegan":false,"vegetarian":false,"image":"https://d25t2285lxl5rf.cloudfront.net/images/dishes/15a1dc85-e366-43a8-811d-1939fb75bf9a.jpg","notFood":false,"drinks":false},{"name":"סלסה רול","description":"ה פיקנטית ואבוקדו עטוף בטונה צרובה ברוטב פונזו. 6 יח'","price":68,"vegan":false,"vegetarian":false,"image":"https://d25t2285lxl5rf.cloudfront.net/images/dishes/9e57132a-a3c2-4536-b352-d415026dd56f.jpg","notFood":false,"drinks":false},{"name":"ריינבו","description":"שרימפס חלוט, מקל סרטן וירקות עטוף בסלמון, טונה, ילוטייל ואבוקדו.6 יח","price":68,"vegan":false,"vegetarian":false,"image":"https://d25t2285lxl5rf.cloudfront.net/images/dishes/6e421b52-f415-4a3a-a318-75c7466e7a4b.jpg","notFood":false,"drinks":false},{"name":"לוקוס קראנצ'י","description":"לוקוס מטוגן בטמפורה עטוף באבוקדו ופירורי טמפורה. 4 יח'.","price":68,"vegan":true,"vegetarian":true,"image":"https://d25t2285lxl5rf.cloudfront.net/images/dishes/b6a9986e-f16a-4518-819e-36ed9c8ee60b.jpg","notFood":false,"drinks":false},{"name":"ספיישל אונאגי","description":"שרימפס חלוט, מקל סרטן, ירקות ומיונז עטוף בצלופח ברוטב טריאקי. 6 יח'","price":66,"vegan":false,"vegetarian":false,"image":"https://d25t2285lxl5rf.cloudfront.net/images/dishes/168049f5-c380-4430-9f82-6c4c045a4970.jpg","notFood":false,"drinks":false},{"name":"רול משולש","description":"סלמון, טונה, ילוטייל, וואסבי, מלפפון ומיונז עטוף בפירורי טמפורה. 6 יח","price":65,"vegan":false,"vegetarian":false,"image":"https://d25t2285lxl5rf.cloudfront.net/images/dishes/e1c43224-9dd5-4dca-bde7-1352b8fd586e.jpg","notFood":false,"drinks":false},{"name":"סנשיין","description":"סלמון אפוי ואבוקדו עטוף בסלמון, טונה ויילוטייל מטוגן בטמפורה. 4 יח'.","price":66,"vegan":false,"vegetarian":false,"image":"https://d25t2285lxl5rf.cloudfront.net/images/dishes/1e972ed1-34cb-4cae-99f2-1060d263914b.jpg","notFood":false,"drinks":false},{"name":"יוד קראנצ'י רול","description":"צלופח, שרימפס, טמפורה ומלפפון עטוף בפירורי טמפורה. 6 יח","price":68,"vegan":false,"vegetarian":false,"image":"https://d25t2285lxl5rf.cloudfront.net/images/dishes/7fe050ea-d536-47c1-87bd-79698cff07fc.jpg","notFood":false,"drinks":false},{"name":"גונקן סלמון","description":"אורז עטוף בסלמון בנגיעות טריאקי. 4 יח'.","price":64,"vegan":false,"vegetarian":false,"image":"https://d25t2285lxl5rf.cloudfront.net/images/dishes/b1c29681-ade6-4bcc-8911-e31fee783699.jpg","notFood":false,"drinks":false},{"name":"דרקון אדום","description":"סקלופ פיקנטי ובצל ירוק עטוף בטונה. 6 יח'.","price":68,"vegan":false,"vegetarian":false,"image":"https://d25t2285lxl5rf.cloudfront.net/images/dishes/776deb21-1f46-41d1-bd94-a50fac849f32.jpg","notFood":false,"drinks":false},{"name":"קיוטו סנדוויץ'","description":"משולשים במילוי סלמון וטונה קצוצים, מיונז פיקנטי, בצל ירוק ואבוקדו עטופים בפירורי טמפורה ואביקו. 4 יח'.","price":68,"vegan":false,"vegetarian":false,"image":"https://d25t2285lxl5rf.cloudfront.net/images/dishes/f05d8e08-8605-4530-840b-768b98590ad0.jpg","notFood":false,"drinks":false},{"name":"ספייסי טונה קראנצי","description":"טונה פיקנטית קצוצה, בצל ירוק, פירורי טמפורה ואבוקדו עטופים בטונה ואבוקדו. 6 יח'.","price":69,"vegan":false,"vegetarian":false,"image":"https://d25t2285lxl5rf.cloudfront.net/images/dishes/66b21d85-8fe8-4df7-a300-64f38a4a5752.jpg","notFood":false,"drinks":false},{"name":"ספייסי סלמון קראנצ'י","description":"סלמון פיקנטי, אבוקדו, בצל ירוק, פירורי טמפורה עטוף בסלמון ואבוקדו. 6 יח'.","price":66,"vegan":false,"vegetarian":false,"image":"https://d25t2285lxl5rf.cloudfront.net/images/dishes/b1fe3311-cdfe-4c02-9109-8468945202cd.jpg","notFood":false,"drinks":false},{"name":"צ'ו שף רול","description":"סלמון פנקו, אבוקדו ואספרגוס עטופים בסלמון נא ובצל ירוק","price":68,"vegan":false,"vegetarian":false,"image":"https://d25t2285lxl5rf.cloudfront.net/images/dishes/fdfceb3b-8207-4c08-9fab-cf49d2b93de5.jpg","notFood":false,"drinks":false},{"name":"טאקי סלמון רול","description":"סלמון פיקנטי, אבוקדו ואספרגוס עטופים בטטאקי סלמון ורוטב פונזו","price":66,"vegan":false,"vegetarian":false,"image":"https://d25t2285lxl5rf.cloudfront.net/images/dishes/2642c2ac-9960-45b6-9ff7-95bff62308d2.jpg","notFood":false,"drinks":false},{"name":"פנטסטיק רול","description":"צלופח, שרימפס טמפורה ומלפפון עטוף באבוקדו ואביקו. 6 יח'.","price":68,"vegan":false,"vegetarian":false,"image":"","notFood":false,"drinks":false},{"name":"יאקוזה רול","description":"סלמון, טונה וילוטייל, אבוקדו ומיונז פיקנטי עטוף בעירית/טוביקו. 6 יח'.","price":68,"vegan":false,"vegetarian":false,"image":"","notFood":false,"drinks":false},{"name":"סיימון רול","description":"סלמון בטמפורה ואבוקדו עטוף באבוקדו, פירורי טמפורה ובצל ירוק. 6 יח'.","price":68,"vegan":false,"vegetarian":false,"image":"","notFood":false,"drinks":false},{"name":"אסיאן רול","description":"סלמון אבוקדו ורוקט עטופי בילוטייל טמפורה ורוטב קיוטי","price":68,"vegan":false,"vegetarian":false,"image":"","notFood":false,"drinks":false},{"name":"פוטו-מאקי ווי סטייל","description":"סלמון, טונה, סלמון פנקו, אבוקדו, מלפפון, רוקט וטוביקו מטוגן בטמפורה בליווי רוטב לימון","price":68,"vegan":false,"vegetarian":false,"image":"","notFood":false,"drinks":false},{"name":"סלמון קוויאר רול","description":"אספרגוס, אבוקדו ומלפפון עטופים בסלמון וקוויאר שחור","price":68,"vegan":false,"vegetarian":false,"image":"","notFood":false,"drinks":false},{"name":"מנו ספיישל","description":"כדור אורז עטוף אבוקדו עם סלט סלמון פיקנטי, שבבי טמפורה ופלפל חריף (","price":66,"vegan":false,"vegetarian":false,"image":"","notFood":false,"drinks":false},{"name":"אביקו סלמון רול","description":"סלמון,אבוקדו, מלפפון עטוף בסלט סלמון פיקנטי, עירית, אביקו ושבבי טמפורה","price":68,"vegan":false,"vegetarian":false,"image":"","notFood":false,"drinks":false},{"name":"אבי פוראי","description":"שרימפס פנקו, אספרגוס, אבוקדו. עטוף בטונה אדומה","price":68,"vegan":false,"vegetarian":false,"image":"","notFood":false,"drinks":false},{"name":"סוואר רול","description":"סלמון, אושינקו, אבוקדו ומלפפון עטוף בסלט סלמון ספייסי, עירית ופלחי לימון","price":68,"vegan":false,"vegetarian":false,"image":"","notFood":false,"drinks":false},{"name":"בס פנקו","description":"סיבס בפנקו, אבוקדו ומלפפון, עטוף אבוקדו, צ'יפס הודי ורוטב איולי כמהין","price":68,"vegan":true,"vegetarian":true,"image":"","notFood":false,"drinks":false},{"name":"טונה בזיל","description":"טרטר טונה, אספרגוס, מלפפון וצ'ילי חריף. עטוף טונה, מחית כמהין, עגבניות שרי ובזיליקום","price":68,"vegan":false,"vegetarian":false,"image":"","notFood":false,"drinks":false},{"name":"קפה רול","description":"טונה, אבוקדו ואספרגוס עטוף במעטפת סלמון צרוב, מלפפון קצוץ ורוטב ליים יפני","price":68,"vegan":false,"vegetarian":false,"image":"","notFood":false,"drinks":false},{"name":"פלדלפיה רול","description":"סלמון, עירית, מלפפון וגבינת פילדלפיה עטוף סלמון ואיקורה","price":68,"vegan":false,"vegetarian":false,"image":"","notFood":false,"drinks":false},{"name":"סשימי רול","description":"4 יחידות. רול של דגים וירקות לבחירה עטוף גזר / מלפפון (ללא אורז)","price":66,"vegan":false,"vegetarian":false,"image":"","notFood":false,"drinks":false},{"name":"סושי וסשימי לאדם","description":"6 יחידות סשימי, 4 יחידות ניגירי, 3 יחידות מאקי","price":139,"vegan":true,"vegetarian":true,"image":"https://d25t2285lxl5rf.cloudfront.net/images/dishes/fe80cadd-6dfb-4bf6-9ae7-3fa66b4f12a2.jpg","notFood":false,"drinks":false},{"name":"סושי וסשימי לזוג","description":"12 יחידות סשימי , 7 יחידות ניגירי , 12 יחידות מאקי","price":297,"vegan":true,"vegetarian":true,"image":"https://d25t2285lxl5rf.cloudfront.net/images/dishes/5ee1753c-0112-480a-8070-708ed126bd7a.jpg","notFood":false,"drinks":false},{"name":"סאנשוקו מאקי","description":"18 יחידות מאקי: סלמון, טונה וירקות","price":108,"vegan":false,"vegetarian":false,"image":"https://d25t2285lxl5rf.cloudfront.net/images/dishes/48339996-44f4-423a-b222-e061ab063840.jpg","notFood":false,"drinks":false},{"name":"סושי וסשימי סלמון","description":"5 יחידות סשימי,  4 יחידות  ניגירי , 3 יחידות מאקי ","price":127,"vegan":false,"vegetarian":false,"image":"https://d25t2285lxl5rf.cloudfront.net/images/dishes/d66e80eb-f448-4a8a-92ce-95f85cb071cb.jpg","notFood":false,"drinks":false},{"name":"צ'ירשי סושי","description":"מבחר דגים וירקות על מצע אורז","price":89,"vegan":false,"vegetarian":false,"image":"","notFood":false,"drinks":false},{"name":"קומבינציית צמחונית","description":"18 יחידות מאקי","price":94,"vegan":true,"vegetarian":true,"image":"","notFood":false,"drinks":false},{"name":"רי או סומון","description":"סלמון ואבוקדו קצוצים דג על מצע של אורז ","price":87,"vegan":false,"vegetarian":false,"image":"","notFood":false,"drinks":false},{"name":"מידורי","description":"אטריות ביצים ירוקות בחלב קוקוס וקארי ירוק עם ירקות ירוקים, כוסברה טריה ובוטנים קצוצים (חריף)","price":68,"vegan":false,"vegetarian":true,"image":"https://d25t2285lxl5rf.cloudfront.net/images/dishes/ed344f7c-820e-4381-a596-efd5c20b79ea.png","notFood":false,"drinks":false},{"name":"פאד-תאי","description":" אטריות אורז עם ביצה, גזר, נבטים ובצל ירוק עם בוטנים מעל. על בסיס סאקה מירין ומיץ לימון, מתקתק.","price":64,"vegan":false,"vegetarian":true,"image":"https://d25t2285lxl5rf.cloudfront.net/images/dishes/a4eaa545-a926-43db-862f-fa8d26ad42a4.jpg","notFood":false,"drinks":false},{"name":"סצ׳ואן","description":"אטריות ביצים, גמבות, חצילים, בצל וכרישה\nברוטב מתקתק\n* אפשרות לפיקנטי","price":64,"vegan":false,"vegetarian":true,"image":"https://d25t2285lxl5rf.cloudfront.net/images/dishes/41328366-ab38-42b5-878e-3d778db55942.jpg","notFood":false,"drinks":false},{"name":"קוקוס קארי","description":"אטריות ביצים בחלב קוקוס וקארי אדום, גמבות, בזיליקום ובוטנים קצוצים - פיקנטי.","price":68,"vegan":false,"vegetarian":true,"image":"https://d25t2285lxl5rf.cloudfront.net/images/dishes/1ba998e1-de1b-4796-8b12-6236dec3ab71.png","notFood":false,"drinks":false},{"name":"קינוקו פטריות","description":"אטריות אורז רחבות , פטריות שימג'י, פורטובלו , שיטאקה, ברוקולי , בצל ירוק ומחית כמהין (מנה טבעונית)","price":68,"vegan":true,"vegetarian":true,"image":"https://d25t2285lxl5rf.cloudfront.net/images/dishes/90f275fd-c547-4275-907f-1fb0048b6263.jpg","notFood":false,"drinks":false},{"name":"יאקיטורי פרגית","description":"יאקיטורי על הגריל ברוטב טריאקי","price":46,"vegan":false,"vegetarian":false,"image":"","notFood":false,"drinks":false},{"name":"שיפוד סלמון","description":"שיפוד על הגריל עם רוטב טריאקי מעל","price":52,"vegan":false,"vegetarian":false,"image":"","notFood":false,"drinks":false},{"name":"סלמון טריאקי","description":"פילה סלמון ברוטב טאריקי עם תוספת לבחירה ","price":128,"vegan":false,"vegetarian":false,"image":"https://d25t2285lxl5rf.cloudfront.net/images/dishes/bd9b3dce-9de7-40f7-9ce5-0e80c91bfc47.jpg","notFood":false,"drinks":false},{"name":"סלמון טאפניקי","description":"עם ירקות מוקפצים בשום וגינגר ","price":128,"vegan":false,"vegetarian":false,"image":"https://d25t2285lxl5rf.cloudfront.net/images/dishes/48707491-44e8-4f06-bfb3-d5900ecd61cb.jpg","notFood":false,"drinks":false},{"name":"דניס טריאקי","description":"ברוטב טריאקי עם תוספת לבחירה ","price":132,"vegan":false,"vegetarian":false,"image":"https://d25t2285lxl5rf.cloudfront.net/images/dishes/5b8b40d9-a0f4-448d-8738-1160d6f26ddb.jpg","notFood":false,"drinks":false},{"name":"דניס טאפניקי","description":"עם ירקות מוקפצים בשום וגינגר ","price":132,"vegan":false,"vegetarian":false,"image":"https://d25t2285lxl5rf.cloudfront.net/images/dishes/0608a047-a298-4228-b179-e91d43f0668c.jpg","notFood":false,"drinks":false},{"name":"חזה עוף","description":"220 גרם חזה עוף במיקס תבלינים מוגש עם תוספת לבחירה","price":88,"vegan":false,"vegetarian":false,"image":"https://d25t2285lxl5rf.cloudfront.net/images/dishes/b5d851e6-94cb-45db-b825-3234a2372281.jpg","notFood":false,"drinks":false},{"name":"שרימפס טאפניקי","description":"ברוטב טפניאקי עם ירקות מוקפצים ושומשום ","price":129,"vegan":false,"vegetarian":false,"image":"https://d25t2285lxl5rf.cloudfront.net/images/dishes/cd07906a-2bef-4d9b-a5de-695f1270c16c.jpg","notFood":false,"drinks":false},{"name":"יאקיניקו עוף","description":"נתחי פרגית ברוטב שום וג'ינג'ר עם ירקות מוקפצים ","price":98,"vegan":false,"vegetarian":false,"image":"https://d25t2285lxl5rf.cloudfront.net/images/dishes/b13039a8-b238-4efb-b2cb-cdfcbaee5835.jpg","notFood":false,"drinks":false},{"name":"פירות ים וסלמון על הפלאנצ'ה","description":"מולים , קלאמרי, שרימפס וסלמון ביין לבן וחמאה עם ירקות מוקפצים","price":129,"vegan":false,"vegetarian":false,"image":"https://d25t2285lxl5rf.cloudfront.net/images/dishes/16631d7c-b98f-4e38-bbc9-bf3871a47d2b.jpg","notFood":false,"drinks":false},{"name":"טוריקטסו","description":"חזה עוף מצופה פאנקו עם תוספת לבחירה","price":75,"vegan":false,"vegetarian":false,"image":"https://d25t2285lxl5rf.cloudfront.net/images/dishes/e027932f-cb55-47ad-8b06-2b45d24f70b1.jpg","notFood":false,"drinks":false},{"name":"אספרגוס פטריות","description":"ברוטב טפניאקי עם שומשום (צמחוני)","price":68,"vegan":true,"vegetarian":true,"image":"https://d25t2285lxl5rf.cloudfront.net/images/dishes/2612adae-d9d1-4d6c-870f-135c494ce880.jpg","notFood":false,"drinks":false},{"name":"יאסאי מיקוסו","description":"ברוקולי, גמבה , גזר , קישוא , פטריות , קוביות טופו וכרובית מוקפצים על הפלאנצ׳ה (טבעוני)\nבתוספת לבחירה\n","price":66,"vegan":true,"vegetarian":true,"image":"","notFood":false,"drinks":false},{"name":"גורקי סלמון","description":"סלמון מאודה עם ירקות מאודים בתוספת אורז לבן ","price":136,"vegan":false,"vegetarian":false,"image":"","notFood":false,"drinks":false},{"name":"יאקיניקו סירליון","description":"נתחי סינטה ברוטב סויה, שום וג׳ינג׳ר\r\nעם ירקות מוקפצים","price":108,"vegan":false,"vegetarian":false,"image":"","notFood":false,"drinks":false},{"name":"ראמן ירקות","description":"מרק על ציר עוף יפני מוגש עם אטריות ביצים, ירקות וביצה קשה","price":58,"vegan":false,"vegetarian":false,"image":"https://d25t2285lxl5rf.cloudfront.net/images/dishes/24bfb65b-09a2-4979-b016-365d90b72db6.jpg","notFood":false,"drinks":false},{"name":"ראמן עוף","description":"מרק על ציר עוף יפני מוגש עם אטריות ביצים, ירקות וביצה קשה","price":68,"vegan":false,"vegetarian":false,"image":"https://d25t2285lxl5rf.cloudfront.net/images/dishes/561f1c6b-b4cb-4bb0-b518-82e240ca857f.jpg","notFood":false,"drinks":false},{"name":"ראמן פירות ים","description":"חריף / רגיל. מרק על ציר עוף יפני מוגש עם אטריות ביצים, ירקות וביצה קשה","price":72,"vegan":false,"vegetarian":false,"image":"https://d25t2285lxl5rf.cloudfront.net/images/dishes/08753e42-c2e9-4ab9-a987-385a0065626c.jpg","notFood":false,"drinks":false},{"name":"ראמן שרימפס","description":"חריף / רגיל. מרק על ציר עוף יפני מוגש עם אטריות ביצים, ירקות וביצה קשה","price":72,"vegan":false,"vegetarian":false,"image":"","notFood":false,"drinks":false},{"name":"מנרוי טאנוקי אודון","description":"בסיס ציר פטריות יפני מוגש עם אצות,\nאטריות אודון, פירורי טמפורה ובצל ירוק","price":52,"vegan":true,"vegetarian":true,"image":"","notFood":false,"drinks":false},{"name":"מנרוי טמפורה טופו","description":"בסיס ציר פטריות יפני מוגש עם אצות,\nאטריות אודון, פירורי טמפורה ובצל ירוק","price":58,"vegan":true,"vegetarian":true,"image":"","notFood":false,"drinks":false},{"name":"מנרוי שרימפס טמפורה","description":"בסיס ציר פטריות יפני מוגש עם אצות,\nאטריות אודון, פירורי טמפורה ובצל ירוק","price":68,"vegan":false,"vegetarian":false,"image":"","notFood":false,"drinks":false},{"name":"מנרוי שרימפס","description":"בסיס ציר פטריות יפני מוגש עם אצות,\nאטריות אודון, פירורי טמפורה ובצל ירוק","price":68,"vegan":false,"vegetarian":false,"image":"","notFood":false,"drinks":false},{"name":"גוהן","description":"אורז מאודה","price":15,"vegan":true,"vegetarian":true,"image":"https://d25t2285lxl5rf.cloudfront.net/images/dishes/ade65e24-87b4-4305-9ad0-e5b2a1000ad0.jpg","notFood":false,"drinks":false},{"name":"אורז שום","description":"אורז מטוגן עם שום ונטיפי ביצה","price":15,"vegan":false,"vegetarian":true,"image":"https://d25t2285lxl5rf.cloudfront.net/images/dishes/be00ac37-1469-4254-8b91-51cfe157f2ce.jpg","notFood":false,"drinks":false},{"name":"יאקימשי","description":"אורז מטוגן עם ירקות ונטיפי ביצה","price":15,"vegan":false,"vegetarian":true,"image":"https://d25t2285lxl5rf.cloudfront.net/images/dishes/a8821bbc-61ec-4f42-87b3-851079fb6209.jpg","notFood":false,"drinks":false},{"name":"ירקות מאודים","description":"","price":19,"vegan":true,"vegetarian":true,"image":"https://d25t2285lxl5rf.cloudfront.net/images/dishes/2bfeaea8-d843-48e3-ac07-6100b9cd652e.jpg","notFood":false,"drinks":false},{"name":"פירה","description":"","price":15,"vegan":true,"vegetarian":true,"image":"","notFood":false,"drinks":false},{"name":"נמסיס","description":"","price":46,"vegan":true,"vegetarian":true,"image":"","notFood":false,"drinks":false},{"name":"קראמבל תפוחים","description":"פאי עם תפוחים וקינמון בליווי קרם אנגלז","price":58,"vegan":true,"vegetarian":true,"image":"","notFood":false,"drinks":false},{"name":"לה קסטה","description":"עוגיות בראוניז במילוי קרם מסקרפונה בליווי רוטב שוקלד חם","price":48,"vegan":true,"vegetarian":true,"image":"","notFood":false,"drinks":false},{"name":"קרם בורלה פטל\t\t","description":"על קראסט שקדים מקורמלים","price":54,"vegan":true,"vegetarian":true,"image":"","notFood":false,"drinks":false},{"name":"קוקה קולה","description":"","price":15,"vegan":true,"vegetarian":true,"image":"","notFood":false,"drinks":true},{"name":"ד.קולה","description":"","price":15,"vegan":true,"vegetarian":true,"image":"","notFood":false,"drinks":true},{"name":"קולה זירו","description":"","price":14,"vegan":true,"vegetarian":true,"image":"","notFood":false,"drinks":true},{"name":"ספרייט","description":"","price":14,"vegan":true,"vegetarian":true,"image":"","notFood":false,"drinks":true},{"name":"ד. ספרייט","description":"","price":14,"vegan":true,"vegetarian":true,"image":"","notFood":false,"drinks":true},{"name":"מים 0.5 ליטר","description":"","price":15,"vegan":true,"vegetarian":true,"image":"","notFood":false,"drinks":false},{"name":"פיוז טי","description":"","price":14,"vegan":true,"vegetarian":true,"image":"","notFood":false,"drinks":false},{"name":"פאנטה","description":"","price":14,"vegan":true,"vegetarian":true,"image":"","notFood":false,"drinks":false},{"name":"מים ענבים","description":"","price":13,"vegan":true,"vegetarian":true,"image":"","notFood":false,"drinks":true},{"name":"מים תפוח","description":"","price":13,"vegan":true,"vegetarian":true,"image":"","notFood":false,"drinks":false},{"name":"סאן פלגרינו קטן","description":"קטן","price":14,"vegan":true,"vegetarian":true,"image":"","notFood":false,"drinks":false},{"name":"מגש צמחוני - 60 יחידות","description":"\n","price":324,"vegan":true,"vegetarian":true,"image":"https://d25t2285lxl5rf.cloudfront.net/images/dishes/a5546e91-f5ae-449c-97f0-3993f70a8fd5.png","notFood":false,"drinks":false},{"name":"מגש דגים וצמחוני - 60 יחידות","description":"\n","price":366,"vegan":false,"vegetarian":false,"image":"https://d25t2285lxl5rf.cloudfront.net/images/dishes/bf0cb36e-6005-4e4e-9373-21387816f4c8.png","notFood":false,"drinks":false},{"name":"מגש דגים בלבד - 60 יחידות","description":"\n","price":448,"vegan":false,"vegetarian":false,"image":"https://d25t2285lxl5rf.cloudfront.net/images/dishes/e295d895-e476-418e-bde1-c800ba9487dd.png","notFood":false,"drinks":false},{"name":"מגש דגים ופירות ים - 60 יחידות","description":"","price":475,"vegan":false,"vegetarian":false,"image":"https://d25t2285lxl5rf.cloudfront.net/images/dishes/67df58b4-bb4d-4acb-8ce9-45b87f093809.png","notFood":false,"drinks":false},{"name":"מגש צמחוני - 100 יחידות","description":"\n","price":557,"vegan":true,"vegetarian":true,"image":"https://d25t2285lxl5rf.cloudfront.net/images/dishes/3db61093-dc47-44e3-9bfb-b20308b6ceb3.png","notFood":false,"drinks":false},{"name":"מגש דגים וצמחוני - 100 יחידות","description":"","price":631,"vegan":false,"vegetarian":false,"image":"https://d25t2285lxl5rf.cloudfront.net/images/dishes/6ba421e2-ebe1-4b54-82ff-03fc54c0c869.png","notFood":false,"drinks":false},{"name":"מגש דגים בלבד - 100 יחידות","description":"\n","price":770,"vegan":false,"vegetarian":false,"image":"https://d25t2285lxl5rf.cloudfront.net/images/dishes/66cd4341-f5e8-47ab-b4b9-8116f065a7d0.png","notFood":false,"drinks":false},{"name":"מגש דגים ופירות ים - 100 יחידות","description":"","price":797,"vegan":false,"vegetarian":false,"image":"https://d25t2285lxl5rf.cloudfront.net/images/dishes/7e954e68-841e-49e7-a775-1e0d0bd283c4.png","notFood":false,"drinks":false},{"name":"מגש ספיישל -  100 יחידות","description":"מורכב מ- 76 יחידות רולים מיוחדים, 16 פרוסות סשימי, 8 ניגירי מיוחדים","price":875,"vegan":true,"vegetarian":true,"image":"https://d25t2285lxl5rf.cloudfront.net/images/dishes/ae51ef50-f4e5-4db0-b1f9-85f55df49bc0.png","notFood":false,"drinks":false},{"name":"מגש צמחוני ואפויים 60 יחידות","description":"","price":458,"vegan":true,"vegetarian":true,"image":"https://d25t2285lxl5rf.cloudfront.net/images/dishes/3554aaca-a58b-44c0-88ed-d8951c2a571f.png","notFood":false,"drinks":false},{"name":"מגש צמחוני ואפויים 100 יחידות","description":"","price":805,"vegan":true,"vegetarian":true,"image":"https://d25t2285lxl5rf.cloudfront.net/images/dishes/43d184cd-115d-4f09-bd14-8d2cc9550423.png","notFood":false,"drinks":false},{"name":"מגש ספיישל ניגרי","description":"","price":345,"vegan":true,"vegetarian":true,"image":"https://d25t2285lxl5rf.cloudfront.net/images/dishes/bfc7e610-7ab7-4d32-974f-56a898b1f92d.png","notFood":false,"drinks":false}]}