{"track_id":"10651","filters":["meatGrill","homeMade"],"image":"https://tenbis-static.azureedge.net/restaurant-default-card-image/CuzineType_meatgrill_10.jpg","address":"שדרות העצמאות, 15 יבנה","location":[34.7486568,31.871855],"name":"שווארמה תומר ","city":"יבנה","priceAverage":33.58536585365854,"menu":[{"name":"חזה עוף","description":"מוגש עם שתי תוספות לבחירה ","price":45,"vegan":false,"vegetarian":false,"image":"https://d25t2285lxl5rf.cloudfront.net/images/dishes/e60f30a6-d85b-4d56-ac80-ed09cc2dbcf1.jpg","notFood":false,"drinks":false},{"name":"שווארמה","description":"מוגש עם שתי תוספות לבחירה ","price":54,"vegan":false,"vegetarian":false,"image":"https://d25t2285lxl5rf.cloudfront.net/images/dishes/2aace483-cb76-4eaa-8037-628d52a82992.jpg","notFood":false,"drinks":false},{"name":"המבורגר","description":"מוגש עם שתי תוספות לבחירה ","price":45,"vegan":false,"vegetarian":false,"image":"https://d25t2285lxl5rf.cloudfront.net/images/dishes/e6a94d0e-99a8-418d-8411-518874bbe851.jpg","notFood":false,"drinks":false},{"name":"שיפוד כבד עוף","description":"מוגש עם שתי תוספות לבחירה ","price":45,"vegan":false,"vegetarian":false,"image":"https://d25t2285lxl5rf.cloudfront.net/images/dishes/da9352ba-35f5-4cd3-940a-4df8f64c0565.jpg","notFood":false,"drinks":false},{"name":"מעורב ירושלמי","price":45,"vegan":true,"vegetarian":true,"image":"https://d25t2285lxl5rf.cloudfront.net/images/dishes/8ca3f3a7-d5ab-47e1-9e6d-255346e77da5.jpg","notFood":false,"drinks":false},{"name":"שקשוקה","description":"מוגש עם שתי תוספות לבחירה ","price":30,"vegan":true,"vegetarian":true,"image":"https://d25t2285lxl5rf.cloudfront.net/images/dishes/e819e816-59fa-4675-b3e6-edcc7d87df58.jpg","notFood":false,"drinks":false},{"name":"פלאפל","description":"מוגש עם שתי תוספות לבחירה ","price":30,"vegan":true,"vegetarian":true,"image":"https://d25t2285lxl5rf.cloudfront.net/images/dishes/6e6367c3-bbac-4db9-85bd-b751156d5357.jpg","notFood":false,"drinks":false},{"name":"קציצות עוף ברוטב","price":45,"vegan":false,"vegetarian":false,"notFood":false,"drinks":false},{"name":"שניצל\n","description":"מוגש עם שתי תוספות לבחירה ","price":45,"vegan":false,"vegetarian":false,"notFood":false,"drinks":false},{"name":"קובה בשר","description":"מוגש עם שתי תוספות לבחירה ","price":45,"vegan":false,"vegetarian":false,"notFood":false,"drinks":false},{"name":"שיפוד פרגית","price":45,"vegan":false,"vegetarian":false,"notFood":false,"drinks":false},{"name":"קבב","price":45,"vegan":false,"vegetarian":false,"notFood":false,"drinks":false},{"name":"קציצות כרובית ברוקולי","price":30,"vegan":true,"vegetarian":true,"notFood":false,"drinks":false},{"name":"שניצל תירס","description":"מוגש עם שתי תוספות לבחירה ","price":45,"vegan":false,"vegetarian":false,"notFood":false,"drinks":false},{"name":"דג סלמון","price":45,"vegan":false,"vegetarian":false,"notFood":false,"drinks":false},{"name":"פרגית ממולאת","description":"מוגש עם שתי תוספות לבחירה ","price":45,"vegan":false,"vegetarian":false,"notFood":false,"drinks":false},{"name":"סנדויץ טוניסאי","price":30,"vegan":true,"vegetarian":true,"notFood":false,"drinks":false},{"name":"חביתת ירק","price":30,"vegan":true,"vegetarian":true,"notFood":false,"drinks":false},{"name":"סלט טונה עם ביצה","price":45,"vegan":false,"vegetarian":false,"notFood":false,"drinks":false},{"name":"סלט חזה עוף","price":45,"vegan":false,"vegetarian":false,"notFood":false,"drinks":false},{"name":"סלט שווארמה","price":45,"vegan":false,"vegetarian":false,"notFood":false,"drinks":false},{"name":"שווארמה","description":"בליווי סלטים לבחירה","price":39,"vegan":false,"vegetarian":false,"image":"https://d25t2285lxl5rf.cloudfront.net/images/dishes/ccc737c5-aa6a-4ab6-90e5-a826e7543914.jpg","notFood":false,"drinks":false},{"name":"שיפוד פרגית","description":"בליווי סלטים לבחירה","price":35,"vegan":false,"vegetarian":false,"image":"https://d25t2285lxl5rf.cloudfront.net/images/dishes/d4331222-7046-43ea-beee-149f64fdf2f0.jpg","notFood":false,"drinks":false},{"name":"חזה עוף","description":"בליווי סלטים לבחירה","price":35,"vegan":false,"vegetarian":false,"image":"https://d25t2285lxl5rf.cloudfront.net/images/dishes/73540696-1c45-4869-87fa-8aa13176a54e.jpg","notFood":false,"drinks":false},{"name":"מעורב ירושלמי","description":"בליווי סלטים לבחירה","price":39,"vegan":true,"vegetarian":true,"image":"https://d25t2285lxl5rf.cloudfront.net/images/dishes/7f351785-ffa8-4f22-aeac-ad9c96754393.jpg","notFood":false,"drinks":false},{"name":"פלאפל בפיתה","price":24,"vegan":true,"vegetarian":true,"image":"https://d25t2285lxl5rf.cloudfront.net/images/dishes/6f8e12fb-6e8d-4e89-b315-fbb238a57a33.jpg","notFood":false,"drinks":false},{"name":"שקשוקה בפיתה","price":24,"vegan":true,"vegetarian":true,"image":"https://d25t2285lxl5rf.cloudfront.net/images/dishes/f17bda74-a6df-4944-baeb-9744adceea1f.jpg","notFood":false,"drinks":false},{"name":"שיפוד כבד","description":"בליווי סלטים לבחירה","price":35,"vegan":true,"vegetarian":true,"notFood":false,"drinks":false},{"name":"קציצות קבב","description":"בליווי סלטים לבחירה","price":39,"vegan":false,"vegetarian":false,"notFood":false,"drinks":false},{"name":"שניצל","description":"בליווי סלטים לבחירה","price":35,"vegan":false,"vegetarian":false,"notFood":false,"drinks":false},{"name":"שווארמה","description":"בליווי סלטים לבחירה","price":49,"vegan":false,"vegetarian":false,"image":"https://d25t2285lxl5rf.cloudfront.net/images/dishes/c6a104ac-67f0-467f-ab54-a9d92cb3122e.jpg","notFood":false,"drinks":false},{"name":"שיפוד פרגית","description":"בליווי סלטים לבחירה ","price":40,"vegan":false,"vegetarian":false,"image":"https://d25t2285lxl5rf.cloudfront.net/images/dishes/5ddd04bf-df60-440a-adab-c4314e515ec2.jpg","notFood":false,"drinks":false},{"name":"חזה עוף","description":"בליווי סלטים לבחירה","price":40,"vegan":false,"vegetarian":false,"image":"https://d25t2285lxl5rf.cloudfront.net/images/dishes/d5a13a45-485a-4735-bf0b-0e00555993c6.jpg","notFood":false,"drinks":false},{"name":"מעורב ירושלמי","description":"בליווי סלטים לבחירה","price":45,"vegan":true,"vegetarian":true,"image":"https://d25t2285lxl5rf.cloudfront.net/images/dishes/e3a9946d-c818-4e5d-a383-5d36a8fb65ba.jpg","notFood":false,"drinks":false},{"name":"פלאפל בבאגט","price":27,"vegan":true,"vegetarian":true,"image":"https://d25t2285lxl5rf.cloudfront.net/images/dishes/6e286385-95df-4e68-8c79-23fede5c756d.jpg","notFood":false,"drinks":false},{"name":"שקשוקה בבאגט","price":27,"vegan":true,"vegetarian":true,"image":"https://d25t2285lxl5rf.cloudfront.net/images/dishes/8e9a72f3-5a99-4859-8aa6-66881d93811e.jpg","notFood":false,"drinks":false},{"name":"שיפוד כבד","description":"בליווי סלטים לבחירה ","price":40,"vegan":true,"vegetarian":true,"notFood":false,"drinks":false},{"name":"קציצות קבב","description":"בליווי סלטים לבחירה ","price":45,"vegan":false,"vegetarian":false,"notFood":false,"drinks":false},{"name":"שניצל","description":"בליווי סלטים לבחירה ","price":40,"vegan":false,"vegetarian":false,"notFood":false,"drinks":false},{"name":"שווארמה","description":"בליווי סלטים לבחירה","price":49,"vegan":false,"vegetarian":false,"image":"https://d25t2285lxl5rf.cloudfront.net/images/dishes/8c08cb62-03bd-4f7c-b9d0-ab6afb7c8225.jpg","notFood":false,"drinks":false},{"name":"שיפוד פרגית","description":"בליווי סלטים לבחירה","price":40,"vegan":false,"vegetarian":false,"image":"https://d25t2285lxl5rf.cloudfront.net/images/dishes/f37a7a05-021d-4442-8a01-175bfc932896.jpg","notFood":false,"drinks":false},{"name":"חזה עוף","description":"בליווי סלטים לבחירה","price":40,"vegan":false,"vegetarian":false,"image":"https://d25t2285lxl5rf.cloudfront.net/images/dishes/581eaadf-9550-4fc0-9f99-918c693bc1a4.jpg","notFood":false,"drinks":false},{"name":"מעורב ירושלמי","description":"בליווי סלטים לבחירה","price":45,"vegan":true,"vegetarian":true,"image":"https://d25t2285lxl5rf.cloudfront.net/images/dishes/79cc8a74-f1a0-4dcc-9588-10c00519712d.jpg","notFood":false,"drinks":false},{"name":"שיפוד כבד","description":"בליווי סלטים לבחירה","price":40,"vegan":true,"vegetarian":true,"notFood":false,"drinks":false},{"name":"קציצות קבב","description":"בליווי סלטים לבחירה","price":45,"vegan":false,"vegetarian":false,"notFood":false,"drinks":false},{"name":"שניצל","description":"בליווי סלטים לבחירה","price":40,"vegan":false,"vegetarian":false,"notFood":false,"drinks":false},{"name":"פלאפל","description":"בליווי סלטים לבחירה","price":30,"vegan":true,"vegetarian":true,"notFood":false,"drinks":false},{"name":"שקשוקה","description":"בליווי סלטים לבחירה","price":30,"vegan":true,"vegetarian":true,"notFood":false,"drinks":false},{"name":"שאוורמה","description":"שאוורמה","price":54,"vegan":true,"vegetarian":true,"image":"https://d25t2285lxl5rf.cloudfront.net/images/dishes/900fa100-c01a-4ff5-b722-3fe6245da0af.jpg","notFood":false,"drinks":false},{"name":"שיפוד פרגית","price":45,"vegan":false,"vegetarian":false,"image":"https://d25t2285lxl5rf.cloudfront.net/images/dishes/7f5091e3-3996-465c-9004-8cc2b99a093e.jpg","notFood":false,"drinks":false},{"name":"חזה עוף","price":45,"vegan":false,"vegetarian":false,"image":"https://d25t2285lxl5rf.cloudfront.net/images/dishes/b08c7481-e336-4542-b3d2-65c08ce8221e.jpg","notFood":false,"drinks":false},{"name":"מעורב ירושלמי","price":45,"vegan":true,"vegetarian":true,"image":"https://d25t2285lxl5rf.cloudfront.net/images/dishes/ba9ec24e-55e1-4926-a5d1-801f2cf722c0.jpg","notFood":false,"drinks":false},{"name":"שקשוקה","price":30,"vegan":true,"vegetarian":true,"image":"https://d25t2285lxl5rf.cloudfront.net/images/dishes/05cb7f42-408f-491a-9dd7-d5bd71e18ac9.jpg","notFood":false,"drinks":false},{"name":"פלאפל","price":30,"vegan":true,"vegetarian":true,"image":"https://d25t2285lxl5rf.cloudfront.net/images/dishes/4f5f64e5-c67c-4c80-b764-7e2a14d98d5e.jpg","notFood":false,"drinks":false},{"name":"שיפוד כבד","price":45,"vegan":true,"vegetarian":true,"notFood":false,"drinks":false},{"name":"קציצות קבב","price":45,"vegan":false,"vegetarian":false,"notFood":false,"drinks":false},{"name":"שניצל","price":45,"vegan":false,"vegetarian":false,"notFood":false,"drinks":false},{"name":"המבורגר בלחמניה+ 200 גרם","price":40,"vegan":false,"vegetarian":false,"notFood":false,"drinks":false},{"name":"סלט חזה עוף","price":40,"vegan":false,"vegetarian":false,"image":"https://d25t2285lxl5rf.cloudfront.net/images/dishes/8335e196-8c91-4cb3-b06a-f9dfb092aff6.jpg","notFood":false,"drinks":false},{"name":"סלט שווארמה","price":45,"vegan":false,"vegetarian":false,"image":"https://d25t2285lxl5rf.cloudfront.net/images/dishes/0be3866f-e9a0-4168-9c66-89f241ebc98a.jpg","notFood":false,"drinks":false},{"name":"סלט טונה וביצה","price":40,"vegan":false,"vegetarian":false,"notFood":false,"drinks":false},{"name":"שקשוקה","price":30,"vegan":true,"vegetarian":true,"image":"https://d25t2285lxl5rf.cloudfront.net/images/dishes/976c2e1e-2739-475b-be1e-c8cf29ea62bf.jpg","notFood":false,"drinks":false},{"name":"פלאפל","price":30,"vegan":true,"vegetarian":true,"image":"https://d25t2285lxl5rf.cloudfront.net/images/dishes/e59aff29-d820-4061-ba92-e47f9a590dbc.jpg","notFood":false,"drinks":false},{"name":"שניצל תירס","price":40,"vegan":false,"vegetarian":false,"notFood":false,"drinks":false},{"name":"חביתה","price":30,"vegan":false,"vegetarian":true,"notFood":false,"drinks":false},{"name":"בקבוק מים","price":7,"vegan":true,"vegetarian":true,"notFood":false,"drinks":true},{"name":"בקבוק סודה","price":7,"vegan":true,"vegetarian":true,"notFood":false,"drinks":true},{"name":"פחית קולה","price":10,"vegan":true,"vegetarian":true,"notFood":false,"drinks":true},{"name":"פחית דיאט קולה","price":10,"vegan":true,"vegetarian":true,"notFood":false,"drinks":true},{"name":"פחית קולה זירו","price":10,"vegan":true,"vegetarian":true,"notFood":false,"drinks":true},{"name":"פחית ספרייט","price":10,"vegan":true,"vegetarian":true,"notFood":false,"drinks":true},{"name":"פחית דיאט ספרייט","price":10,"vegan":true,"vegetarian":true,"notFood":false,"drinks":true},{"name":"פחית פאנטה","price":10,"vegan":true,"vegetarian":true,"notFood":false,"drinks":false},{"name":"בקבוק קולה 330 מ``ל","price":10,"vegan":true,"vegetarian":true,"notFood":false,"drinks":true},{"name":"בקבוק דיאט קולה 330 מ``ל","price":10,"vegan":true,"vegetarian":true,"notFood":false,"drinks":true},{"name":"בקבוק קולה זירו 330 מ``ל","price":10,"vegan":true,"vegetarian":true,"notFood":false,"drinks":true},{"name":"בקבוק ספרייט 330 מ``ל","price":10,"vegan":true,"vegetarian":true,"notFood":false,"drinks":true},{"name":"בקבוק דיאט ספרייט 330 מ``ל","price":10,"vegan":true,"vegetarian":true,"notFood":false,"drinks":true},{"name":"בקבוק פאנטה 330 מ``ל","price":10,"vegan":true,"vegetarian":true,"notFood":false,"drinks":true},{"name":"בקבוק קולה 1.5 ליטר","price":15,"vegan":true,"vegetarian":true,"notFood":false,"drinks":true},{"name":"בקבוק קולה זירו 1.5 ליטר","price":15,"vegan":true,"vegetarian":true,"notFood":false,"drinks":true},{"name":"בקבוק נסטי 1.5 ליטר","price":15,"vegan":true,"vegetarian":true,"notFood":false,"drinks":true}]}