{"track_id":"10828","filters":["meatGrill","homeMade","salads"],"image":"https://tenbis-static.azureedge.net/restaurant-default-card-image/CuzineType_meatgrill_05.jpg","address":"המלאכה, 4 ראש העין","location":[34.9658355,32.108756],"name":"שווארמה השף","city":"עינת","priceAverage":31.72222222222222,"menu":[{"name":"שווארמה","description":"שווארמה פרגית בתיבול עדין ,מוגש עם צ'יפס וסלטים לבחירה","price":39,"vegan":false,"vegetarian":false,"image":"https://d25t2285lxl5rf.cloudfront.net/images/dishes/7925d6bb-29a4-41c7-bc48-26698f60a14e.jpg","notFood":false,"drinks":false},{"name":"שווארמה","description":"מוגש עם סלטים לבחירה ","price":49,"vegan":false,"vegetarian":false,"image":"https://d25t2285lxl5rf.cloudfront.net/images/dishes/45d66f9b-3de9-4ef6-b241-0443db777316.jpg","notFood":false,"drinks":false},{"name":"חזה עוף על הגריל","description":"חזה עוף במרינדה צלוי על גחלים ,מוגש עם שתי תוספות חמות, שני סלטים, שני רטבים ולחם לבחירה","price":49,"vegan":false,"vegetarian":false,"image":"https://d25t2285lxl5rf.cloudfront.net/images/dishes/e7e9fcb1-5a68-4823-9df2-2778964f5e3a.jpg","notFood":false,"drinks":false},{"name":"שווארמת השף","description":"שווארמה פרגית עסיסית ,מוגש עם שתי תוספות חמות, שני סלטים, שני רטבים ולחם לבחירה","price":53,"vegan":false,"vegetarian":false,"image":"https://d25t2285lxl5rf.cloudfront.net/images/dishes/6790d868-3e20-4bbd-9443-b3b6c4a6b32b.jpg","notFood":false,"drinks":false},{"name":"שיפוד פרגית","description":"פרגית בתיבול עדין צלויה על גחלים,מוגש עם שתי תוספות חמות, שני סלטים, שני רטבים ולחם לבחירה","price":49,"vegan":false,"vegetarian":false,"image":"https://d25t2285lxl5rf.cloudfront.net/images/dishes/5885e5fd-6231-4db7-9d97-07b9a524848b.jpg","notFood":false,"drinks":false},{"name":"שיפוד פרגית","description":"מוגש עם צ'יפס וסלטים לבחירה","price":38,"vegan":false,"vegetarian":false,"image":"https://d25t2285lxl5rf.cloudfront.net/images/dishes/5fa5771c-baf7-4c1d-8810-7a3dcccfc303.jpg","notFood":false,"drinks":false},{"name":"שווארמת השף","description":"שווארמה פרגית עסיסית ,מוגש עם שתי תוספות חמות, שני סלטים, שני רטבים ולחם לבחירה","price":53,"vegan":false,"vegetarian":false,"image":"https://d25t2285lxl5rf.cloudfront.net/images/dishes/6790d868-3e20-4bbd-9443-b3b6c4a6b32b.jpg","notFood":false,"drinks":false},{"name":"פלאפל","description":"מוגש עם שתי תוספות חמות, שני סלטים, שני רטבים ולחם לבחירה","price":45,"vegan":true,"vegetarian":true,"image":"https://d25t2285lxl5rf.cloudfront.net/images/dishes/ed768ce3-1db7-4d88-bc0c-6ce280a255da.jpg","notFood":false,"drinks":false},{"name":"שיפוד פרגית","description":"פרגית בתיבול עדין צלויה על גחלים,מוגש עם שתי תוספות חמות, שני סלטים, שני רטבים ולחם לבחירה","price":49,"vegan":false,"vegetarian":false,"image":"https://d25t2285lxl5rf.cloudfront.net/images/dishes/5885e5fd-6231-4db7-9d97-07b9a524848b.jpg","notFood":false,"drinks":false},{"name":"שיפוד קבב טלה","description":"מוגש עם שתי תוספות חמות, שני סלטים, שני רטבים ולחם לבחירה","price":49,"vegan":false,"vegetarian":false,"image":"https://d25t2285lxl5rf.cloudfront.net/images/dishes/7b3340c2-0eeb-4193-84e4-e552324dde5f.jpg","notFood":false,"drinks":false},{"name":"שניצל הבית","description":"שניצל הבית בציפוי פריך,מוגש עם שתי תוספות חמות, שני סלטים, שני רטבים ולחם לבחירה","price":49,"vegan":false,"vegetarian":false,"image":"https://d25t2285lxl5rf.cloudfront.net/images/dishes/0b311dff-478e-4c7e-8506-58b51c14d934.jpg","notFood":false,"drinks":false},{"name":"חזה עוף על הגריל","description":"חזה עוף במרינדה צלוי על גחלים ,מוגש עם שתי תוספות חמות, שני סלטים, שני רטבים ולחם לבחירה","price":49,"vegan":false,"vegetarian":false,"image":"https://d25t2285lxl5rf.cloudfront.net/images/dishes/e7e9fcb1-5a68-4823-9df2-2778964f5e3a.jpg","notFood":false,"drinks":false},{"name":"מיקס גריל השף","description":"שני שיפודים לבחירה+שווארמה פרגית , מוגש עם שתי תוספות חמות, שני סלטים, שני רטבים ולחם לבחירה","price":65,"vegan":false,"vegetarian":false,"image":"https://d25t2285lxl5rf.cloudfront.net/images/dishes/0ed30bac-0800-40fb-beb5-a8287a0503b3.jpg","notFood":false,"drinks":false},{"name":"2 שיפודי פרגית","description":"","price":55,"vegan":false,"vegetarian":false,"image":"","notFood":false,"drinks":false},{"name":"2 שיפודי קבב הבית","description":"","price":55,"vegan":false,"vegetarian":false,"image":"","notFood":false,"drinks":false},{"name":"פלאפל תימני מקורי","description":"מוגש עם סלטים לבחירה","price":20,"vegan":true,"vegetarian":true,"image":"https://d25t2285lxl5rf.cloudfront.net/images/dishes/b9efedaf-78c1-44a8-8983-a9c2bc1f9b80.jpg","notFood":false,"drinks":false},{"name":"שניצל","description":"מוגש עם צ'יפס וסלטים לבחירה","price":38,"vegan":false,"vegetarian":false,"image":"https://d25t2285lxl5rf.cloudfront.net/images/dishes/d91d6915-23a9-4314-8a0c-d01a23a8ebff.jpg","notFood":false,"drinks":false},{"name":"חזה עוף","description":"מוגש עם צ'יפס וסלטים לבחירה","price":38,"vegan":false,"vegetarian":false,"image":"https://d25t2285lxl5rf.cloudfront.net/images/dishes/ad2d19f9-3485-4de8-92bc-bc29a31ba461.jpg","notFood":false,"drinks":false},{"name":"קבב טלה","description":"מוגש עם צ'יפס וסלטים לבחירה","price":38,"vegan":false,"vegetarian":false,"image":"https://d25t2285lxl5rf.cloudfront.net/images/dishes/242dfa3b-f621-4887-929d-3569f0cc793e.jpg","notFood":false,"drinks":false},{"name":"שווארמה","description":"שווארמה פרגית בתיבול עדין ,מוגש עם צ'יפס וסלטים לבחירה","price":39,"vegan":false,"vegetarian":false,"image":"https://d25t2285lxl5rf.cloudfront.net/images/dishes/7925d6bb-29a4-41c7-bc48-26698f60a14e.jpg","notFood":false,"drinks":false},{"name":"שיפוד פרגית","description":"מוגש עם צ'יפס וסלטים לבחירה","price":38,"vegan":false,"vegetarian":false,"image":"https://d25t2285lxl5rf.cloudfront.net/images/dishes/5fa5771c-baf7-4c1d-8810-7a3dcccfc303.jpg","notFood":false,"drinks":false},{"name":"פלאפל תימני מקורי","description":"מוגש עם סלטים לבחירה","price":25,"vegan":true,"vegetarian":true,"image":"","notFood":false,"drinks":false},{"name":"שניצל  הבית בבאגט","description":"מוגש עם סלטים לבחירה ","price":40,"vegan":false,"vegetarian":false,"image":"","notFood":false,"drinks":false},{"name":"חזה עוף","description":"מוגש עם סלטים לבחירה ","price":43,"vegan":false,"vegetarian":false,"image":"","notFood":false,"drinks":false},{"name":"קבב טלה","description":"מוגש עם סלטים לבחירה ","price":43,"vegan":false,"vegetarian":false,"image":"","notFood":false,"drinks":false},{"name":"שיפוד פרגית","description":"מוגש עם סלטים לבחירה ","price":43,"vegan":false,"vegetarian":false,"image":"","notFood":false,"drinks":false},{"name":"שווארמה","description":"מוגש עם סלטים לבחירה ","price":49,"vegan":false,"vegetarian":false,"image":"","notFood":false,"drinks":false},{"name":"פלאפל תימני מקורי","description":"מוגש עם סלטים לבחירה","price":25,"vegan":true,"vegetarian":true,"image":"https://d25t2285lxl5rf.cloudfront.net/images/dishes/14841804-869a-42e2-9939-9341de8e1635.jpg","notFood":false,"drinks":false},{"name":"שניצל","description":"מוגש עם סלטים לבחירה ","price":43,"vegan":false,"vegetarian":false,"image":"https://d25t2285lxl5rf.cloudfront.net/images/dishes/974f8c5b-5dea-4a1f-ad34-eecb499a5455.ashx","notFood":false,"drinks":false},{"name":"חזה עוף","description":"מוגש עם סלטים לבחירה ","price":43,"vegan":false,"vegetarian":false,"image":"https://d25t2285lxl5rf.cloudfront.net/images/dishes/b2fa05bb-92fa-44cb-b1b9-f5144e27472c.jpg","notFood":false,"drinks":false},{"name":"שווארמה","description":"מוגש עם סלטים לבחירה ","price":49,"vegan":false,"vegetarian":false,"image":"https://d25t2285lxl5rf.cloudfront.net/images/dishes/45d66f9b-3de9-4ef6-b241-0443db777316.jpg","notFood":false,"drinks":false},{"name":"שיפוד קבב טלה","description":"מוגש עם סלטים לבחירה ","price":43,"vegan":false,"vegetarian":false,"image":"https://d25t2285lxl5rf.cloudfront.net/images/dishes/6f20cebe-1532-4527-b22e-e32b3ebd5ed5.jpg","notFood":false,"drinks":false},{"name":"שיפוד פרגית","description":"מוגש עם סלטים לבחירה ","price":43,"vegan":false,"vegetarian":false,"image":"https://d25t2285lxl5rf.cloudfront.net/images/dishes/5a229006-70b6-46bc-94d6-32f05ffe2d9a.jpg","notFood":false,"drinks":false},{"name":"2 שיפודי פרגית בלאפה","description":"מוגש עם סלטים לבחירה","price":49,"vegan":false,"vegetarian":false,"image":"","notFood":false,"drinks":false},{"name":"2 שיפודי קבב טלה בלאפה","description":"","price":49,"vegan":false,"vegetarian":false,"image":"","notFood":false,"drinks":false},{"name":"פלאפל תימני מקורי","description":"מוגש עם סלטים לבחירה","price":25,"vegan":true,"vegetarian":true,"image":"https://d25t2285lxl5rf.cloudfront.net/images/dishes/e7a175fb-2160-4a9d-ba8c-22ee38bacc89.jpg","notFood":false,"drinks":false},{"name":"חזה עוף","description":"מוגש עם סלטים לבחירה","price":43,"vegan":false,"vegetarian":false,"image":"https://d25t2285lxl5rf.cloudfront.net/images/dishes/5bedd1c2-c90b-41ce-acd3-235222af7926.jpg","notFood":false,"drinks":false},{"name":"שניצל","description":"מוגש עם סלטים לבחירה","price":43,"vegan":false,"vegetarian":false,"image":"https://d25t2285lxl5rf.cloudfront.net/images/dishes/e83c8b7c-ae91-454c-9a64-62aab9734b37.jpg","notFood":false,"drinks":false},{"name":"שווארמה","description":"מוגש עם סלטים לבחירה","price":49,"vegan":false,"vegetarian":false,"image":"https://d25t2285lxl5rf.cloudfront.net/images/dishes/dd19444e-7481-4f5d-ab5a-47195f5711a5.jpg","notFood":false,"drinks":false},{"name":"פרגית","description":"מוגש עם סלטים לבחירה","price":43,"vegan":false,"vegetarian":false,"image":"https://d25t2285lxl5rf.cloudfront.net/images/dishes/517b19cd-deaa-4d32-b6fa-5dc918185d78.jpg","notFood":false,"drinks":false},{"name":"קבב טלה","description":"מוגש עם סלטים לבחירה","price":43,"vegan":false,"vegetarian":false,"image":"","notFood":false,"drinks":false},{"name":"סלט שניצלונים","description":"1000CC, מוגש עם שניצלונים עגבניות, מלפפונים, כרוב לבן,סלט גזר,סלט כרוב לבן,סלט כרוב אדום ומלפפונים חמוצים, מוגש עם פיתה ורטבים","price":45,"vegan":false,"vegetarian":false,"image":"https://d25t2285lxl5rf.cloudfront.net/images/dishes/a23907b1-4ffd-450f-9eb4-ef19f211e52c.jpg","notFood":false,"drinks":false},{"name":"סלט מיקס עוף","description":"1000CC, מוגש עם נתחי עוף, פטריות, בצל ופלפלים אדומים מוקפצים על הפלנצה, עלי בייבי, חסה, עגבניות, מלפפונים, גזר ובצל סגול, מוגש עם לחם ורטבים לבחירה","price":45,"vegan":false,"vegetarian":false,"image":"https://d25t2285lxl5rf.cloudfront.net/images/dishes/a75a6cc7-76d5-42be-8289-43f695aee65c.jpg","notFood":false,"drinks":false},{"name":"סלט השף","description":"1000CC, מוגש עם שווארמה, עגבניות, מלפפונים, כרוב לבן,סלט גזר,סלט כרוב לבן,סלט כרוב אדום ומלפפונים חמוצים, מוגש עם פיתה ורטבים","price":49,"vegan":false,"vegetarian":false,"image":"https://d25t2285lxl5rf.cloudfront.net/images/dishes/5be87852-b325-4c23-b553-71f6081ecdf5.jpg","notFood":false,"drinks":false},{"name":"סלט פרגית","description":"1000CC, מוגש עם נתחי פרגית, עגבניות, מלפפונים, כרוב לבן,סלט גזר,סלט כרוב לבן,סלט כרוב אדום ומלפפונים חמוצים, מוגש עם פיתה ורטבים","price":45,"vegan":false,"vegetarian":false,"image":"https://d25t2285lxl5rf.cloudfront.net/images/dishes/9484c47e-2387-45d9-801b-07c92290717f.jpg","notFood":false,"drinks":false},{"name":"אורז","description":"","price":12,"vegan":true,"vegetarian":true,"image":"","notFood":false,"drinks":false},{"name":"צ'יפס","description":"","price":9,"vegan":true,"vegetarian":true,"image":"","notFood":false,"drinks":false},{"name":"נביעות - מים מינרלים","description":"","price":9,"vegan":true,"vegetarian":true,"image":"","notFood":false,"drinks":false},{"name":"פחית קוקה קולה","description":"","price":10,"vegan":true,"vegetarian":true,"image":"","notFood":false,"drinks":true},{"name":"פחית דיאט קוקה קולה","description":"","price":10,"vegan":true,"vegetarian":true,"image":"","notFood":false,"drinks":true},{"name":"פחית קוקה קולה זירו","description":"","price":10,"vegan":true,"vegetarian":true,"image":"","notFood":false,"drinks":true},{"name":"קינלי סודה","description":"","price":10,"vegan":true,"vegetarian":true,"image":"","notFood":false,"drinks":true},{"name":"בקבוק תפוזינה תפוז","description":"","price":12,"vegan":true,"vegetarian":true,"image":"","notFood":false,"drinks":true},{"name":"בקבוק תפוזינה אשכולית","description":"","price":12,"vegan":true,"vegetarian":true,"image":"","notFood":false,"drinks":true},{"name":"בקבוק תפוזינה ענבים","description":"","price":12,"vegan":true,"vegetarian":true,"image":"","notFood":false,"drinks":true},{"name":"בקבוק תפוזינה מנגו","description":"","price":12,"vegan":true,"vegetarian":true,"image":"","notFood":false,"drinks":true},{"name":"מים בטעם אפרסק","description":"","price":12,"vegan":true,"vegetarian":true,"image":"","notFood":false,"drinks":false},{"name":"מים בטעם ענבים","description":"","price":12,"vegan":true,"vegetarian":true,"image":"","notFood":false,"drinks":true},{"name":"מים בטעם פירות יער","description":"","price":12,"vegan":true,"vegetarian":true,"image":"","notFood":false,"drinks":false},{"name":"מוגז עדין בטעם אננס-schweppes","description":"","price":12,"vegan":true,"vegetarian":true,"image":"","notFood":false,"drinks":false},{"name":"מים בטעם תפוח","description":"","price":12,"vegan":true,"vegetarian":true,"image":"","notFood":false,"drinks":false},{"name":"מוגז עדין בטעם תות ליים - schweppes","description":"","price":12,"vegan":true,"vegetarian":true,"image":"","notFood":false,"drinks":false},{"name":"ספרייט זירו","description":"","price":12,"vegan":true,"vegetarian":true,"image":"","notFood":false,"drinks":true},{"name":"בירה שחורה מאלט","description":"","price":12,"vegan":true,"vegetarian":true,"image":"","notFood":false,"drinks":true},{"name":"ספרינג טי אפרסק","description":"","price":12,"vegan":true,"vegetarian":true,"image":"","notFood":false,"drinks":false},{"name":"ספרייט","description":"","price":12,"vegan":true,"vegetarian":true,"image":"","notFood":false,"drinks":true},{"name":"ג'ינג'ר אייל -schweppes","description":"חדש !","price":12,"vegan":true,"vegetarian":true,"image":"","notFood":false,"drinks":false},{"name":"פנטה אורנג","description":"","price":12,"vegan":true,"vegetarian":true,"image":"","notFood":false,"drinks":false},{"name":"מוגז עדין בטעם לימון - schweppes","description":"","price":12,"vegan":true,"vegetarian":true,"image":"","notFood":false,"drinks":false},{"name":"ביטר למון - schweppes","description":"חדש !","price":12,"vegan":true,"vegetarian":true,"image":"","notFood":false,"drinks":false},{"name":"מוגז עדין בטעם אפרסק - schweppes","description":"","price":12,"vegan":true,"vegetarian":true,"image":"","notFood":false,"drinks":false},{"name":"מוגז עדין בטעם פירות יער -schweppes","description":"","price":12,"vegan":true,"vegetarian":true,"image":"","notFood":false,"drinks":false}]}