{"track_id":"10912","filters":["homeMade"],"image":"https://tenbis-static.azureedge.net/restaurant-card-image/ResCard_10912_20220502180247.jpg","address":"בוגרשוב, 25 תל אביב-יפו","location":[34.7699012,32.0769689],"name":"פלאפל גבאי ","city":"תל אביב-יפו","priceAverage":26,"menu":[{"name":"החלה של גבאי","description":"חלה שניצל מטבוחה חצילים ותפוא \r\n","price":50,"vegan":false,"vegetarian":false,"image":"https://d25t2285lxl5rf.cloudfront.net/images/dishes/2000459.jpeg","notFood":false,"drinks":false},{"name":"קציצות בקר ברוטב עגבניות","description":"","price":52,"vegan":false,"vegetarian":false,"image":"https://d25t2285lxl5rf.cloudfront.net/images/dishes/fa9b983e-d9b0-4348-995d-53ce7961c886.jpg","notFood":false,"drinks":false},{"name":"סכו\"ם חד\"פ","description":"","price":0,"vegan":true,"vegetarian":true,"image":"","notFood":true,"drinks":false},{"name":"אורז עם שעועית","description":"שעועית ברוטב עגבניות ומוגש עם אורז - בשרי ","price":37,"vegan":false,"vegetarian":false,"image":"https://d25t2285lxl5rf.cloudfront.net/images/dishes/26e7d011-98aa-4f87-9c97-738497435b39.jpg","notFood":false,"drinks":false},{"name":"אורז עם שעועית ובשר","description":"שעועית ובשר ברוטב עגבניות, מוגש עם אורז","price":52,"vegan":false,"vegetarian":false,"image":"https://d25t2285lxl5rf.cloudfront.net/images/dishes/2d65a19d-82b5-488f-9fcf-555bae533bd2.jpg","notFood":false,"drinks":false},{"name":"אורז עם שעועית ובשר","description":"שעועית ובשר ברוטב עגבניות מוגש עם אורז ","price":52,"vegan":false,"vegetarian":false,"image":"https://d25t2285lxl5rf.cloudfront.net/images/dishes/abc52a4a-ae22-4392-b5ae-f79263b6756a.jpg","notFood":false,"drinks":false},{"name":"אורז שעועית","description":"אורז ושעועית ברוטב עגבניות (בשרי).","price":37,"vegan":false,"vegetarian":false,"image":"https://d25t2285lxl5rf.cloudfront.net/images/dishes/563c3034-f2cf-4370-8ac8-cca64a33a3d0.jpg","notFood":false,"drinks":false},{"name":"קציצות בקר ברוטב עגבניות","description":"","price":52,"vegan":false,"vegetarian":false,"image":"https://d25t2285lxl5rf.cloudfront.net/images/dishes/fa9b983e-d9b0-4348-995d-53ce7961c886.jpg","notFood":false,"drinks":false},{"name":"החלה של גבאי","description":"חלה שניצל מטבוחה חצילים ותפוא \r\n","price":50,"vegan":false,"vegetarian":false,"image":"https://d25t2285lxl5rf.cloudfront.net/images/dishes/2000459.jpeg","notFood":false,"drinks":false},{"name":"מרק שעועית על ציר בשר","description":"מרק שעועית על ציר בשר וללא חתיכות בשר","price":35,"vegan":false,"vegetarian":false,"image":"https://d25t2285lxl5rf.cloudfront.net/images/dishes/adf3d7a1-bffa-461c-97d1-2d05c9ee3a59.jpg","notFood":false,"drinks":false},{"name":"מרק חרירה","description":"","price":35,"vegan":true,"vegetarian":true,"image":"","notFood":false,"drinks":false},{"name":"מרק שעועית בשר","description":"","price":45,"vegan":false,"vegetarian":false,"image":"","notFood":false,"drinks":false},{"name":"קובה חם","description":"קובה מטוגן ממולא בבשר","price":12,"vegan":false,"vegetarian":false,"image":"https://d25t2285lxl5rf.cloudfront.net/images/dishes/51f694e2-97a4-49b6-9725-8d3787fa4025.jpg","notFood":false,"drinks":false},{"name":"6 כדורי פלאפל","description":"","price":9,"vegan":true,"vegetarian":true,"image":"","notFood":false,"drinks":false},{"name":"תוספת פיתה","description":"","price":2,"vegan":true,"vegetarian":true,"image":"","notFood":false,"drinks":false},{"name":"חומוס במשקל","description":"בחרו גודל","price":19,"vegan":true,"vegetarian":true,"image":"","notFood":false,"drinks":false},{"name":"גולדסטאר","description":"0.33","price":20,"vegan":true,"vegetarian":true,"image":"","notFood":false,"drinks":false},{"name":"קוקה קולה","description":"0.33","price":13,"vegan":true,"vegetarian":true,"image":"","notFood":false,"drinks":true},{"name":"ספרייט","description":"0.33","price":13,"vegan":true,"vegetarian":true,"image":"","notFood":false,"drinks":true},{"name":"פריגת תפוזים","description":"0.33","price":13,"vegan":true,"vegetarian":true,"image":"","notFood":false,"drinks":false},{"name":"מים מינרלים","description":"0.5","price":13,"vegan":true,"vegetarian":true,"image":"","notFood":false,"drinks":false},{"name":"קוקה קולה זירו","description":"0.33","price":13,"vegan":true,"vegetarian":true,"image":"","notFood":false,"drinks":true},{"name":"דיאט קוקה קולה","description":"0.33","price":13,"vegan":true,"vegetarian":true,"image":"","notFood":false,"drinks":true},{"name":"ספרייט זירו","description":"0.33","price":13,"vegan":true,"vegetarian":true,"image":"","notFood":false,"drinks":true},{"name":"פיוז טי אפרסק","description":"0.33","price":13,"vegan":true,"vegetarian":true,"image":"","notFood":false,"drinks":false},{"name":"פריגת ענבים","description":"0.33","price":13,"vegan":true,"vegetarian":true,"image":"","notFood":false,"drinks":true},{"name":"פריגת אשכוליות","description":"0.33","price":13,"vegan":true,"vegetarian":true,"image":"","notFood":false,"drinks":false},{"name":"בירה שחורה","description":"0.33","price":13,"vegan":true,"vegetarian":true,"image":"","notFood":false,"drinks":true}]}