{"track_id":"10949","filters":["asianFusion","japaneseSushi"],"image":"https://tenbis-static.azureedge.net/restaurant-card-image/ResCard_10949_20211202143221.jpeg","address":"שדרות יגאל אלון, 3 בית שמש","location":[34.9908329,31.7561863],"name":"ג`אפן ג`אפן בית שמש","city":"בית שמש","priceAverage":54.13223140495868,"menu":[{"name":"ספייסי סאקה מאקי","description":"רול במילוי ספייסי סלמון ואבוקדו","price":24,"vegan":false,"vegetarian":false,"image":"https://d25t2285lxl5rf.cloudfront.net/images/dishes/2339126.jpg","notFood":false,"drinks":false},{"name":"עוף בלימון","description":"נתחי עוף מצופים ברוטב חמוץ מתוק בתוספת אורז מאודה ","price":75,"vegan":false,"vegetarian":false,"image":"https://d25t2285lxl5rf.cloudfront.net/images/dishes/741ac8d4-624b-4672-bfce-1b3c9993f560.jpg","notFood":false,"drinks":false},{"name":"95 סאקה רול","description":"סלמון סקין, בטטה בטמפורה, קנפיו, אבוקדו במעטפת סלמון בטריאקי, עירית קצוצה וקרם יוזו","price":53,"vegan":false,"vegetarian":false,"image":"https://d25t2285lxl5rf.cloudfront.net/images/dishes/051b2051-a194-43c5-969b-5e946860d894.jpg","notFood":false,"drinks":false},{"name":"125 וג'י רול","description":"פטריות שיטאקה, אבוקדו, בטטה בטמפורה ואספרגוס במעטפת טמאגו ונגיעות טריאקי","price":35,"vegan":false,"vegetarian":true,"image":"https://d25t2285lxl5rf.cloudfront.net/images/dishes/2339099.jpg","notFood":false,"drinks":false},{"name":"אגרול ירקות אסיאתי","description":"שתי יחידות בצק דק מטוגן במילוי כרוב, גזר, סלרי ופטריות שמפניון","price":30,"vegan":true,"vegetarian":true,"image":"https://d25t2285lxl5rf.cloudfront.net/images/dishes/880c43dd-9ca2-4723-acec-8b24c224bca2.jpg","notFood":false,"drinks":false},{"name":"91 סמוראי רול","description":"סלמון בטמפורה, אבוקדו, מלפפון ובצל ירוק במעטפת סלומון צרוב וקרם צ'ילי","price":59,"vegan":false,"vegetarian":false,"image":"https://d25t2285lxl5rf.cloudfront.net/images/dishes/25676407-d1f6-49fa-8bd0-72f69fa29dce.jpg","notFood":false,"drinks":false},{"name":"*המטבחים שלנו מכילים מוצרי גלוטן ולכן מוצרינו עלולים להכיל אלרגניים וכל מנה עלולה להכיל שאריות גלוטן. תודה על ההבנה*","description":"","price":0,"vegan":true,"vegetarian":true,"image":"","notFood":false,"drinks":false},{"name":"אדממה","description":"פולי סויה חמים, מוגשים עם מלח גס ופלח לימון","price":25,"vegan":true,"vegetarian":true,"image":"https://d25t2285lxl5rf.cloudfront.net/images/dishes/040ee5c3-ec5e-44e8-97fd-6334499a734a.jpg","notFood":false,"drinks":false},{"name":"אגרול ירקות אסיאתי","description":"שתי יחידות בצק דק מטוגן במילוי כרוב, גזר, סלרי ופטריות שמפניון","price":30,"vegan":true,"vegetarian":true,"image":"https://d25t2285lxl5rf.cloudfront.net/images/dishes/880c43dd-9ca2-4723-acec-8b24c224bca2.jpg","notFood":false,"drinks":false},{"name":"קימצ'י","description":"סלט חמוצים בתחמיץ יפני עם כרוב, פלפל אדום וירוק, גזר ומלפפון","price":19,"vegan":true,"vegetarian":true,"image":"https://d25t2285lxl5rf.cloudfront.net/images/dishes/7fcab9ce-a03d-47d0-8bc8-4707d5662ce7.jpg","notFood":false,"drinks":false},{"name":"מיקס פטריות","description":"פטריות שמפיניון ופורטובלו ברוטב טריאקי","price":42,"vegan":true,"vegetarian":true,"image":"https://d25t2285lxl5rf.cloudfront.net/images/dishes/fc3f3d98-4dd4-4272-9c8f-8f91ad850f0a.jpg","notFood":false,"drinks":false},{"name":"דים סאם","description":"4 יח' (2 זוגות לבחירה)\r\nמאודות וצרובות על המחבת בליווי רוטב סויה גינג'ר","price":39,"vegan":true,"vegetarian":true,"image":"https://d25t2285lxl5rf.cloudfront.net/images/dishes/2605844.jpg","notFood":false,"drinks":false},{"name":"כרובית בפנקו","description":"כרובית מטוגנת בפנקו מוקפצת ברוטב צילי מתוק וטראיקי","price":49,"vegan":true,"vegetarian":true,"image":"","notFood":false,"drinks":false},{"name":"טאבסקי","description":"כנפים ברוטב צילי גדול","price":39,"vegan":true,"vegetarian":true,"image":"","notFood":false,"drinks":false},{"name":"מרק קוקוס","description":"מרק תאילנדי מוגש בקערה גדולה עם נתחי חזה עוף, פטריות שמפניון, בצל ירוק ולבן, עגבניות שרי וקרם קוקוס","price":35,"vegan":false,"vegetarian":false,"image":"https://d25t2285lxl5rf.cloudfront.net/images/dishes/cefc1e69-67ef-4c64-821f-24b813deffef.jpg","notFood":false,"drinks":false},{"name":"מרק תירס","description":"מרק תירס אסייאתי מתקתק עפ נטיפי ביצה וגרעיני תירס טריים","price":25,"vegan":false,"vegetarian":true,"image":"https://d25t2285lxl5rf.cloudfront.net/images/dishes/5b82df84-6ac8-4b06-a35e-f0d7d2356f17.jpg","notFood":false,"drinks":false},{"name":"מרק חמוץ חריף","description":"מציר עוף ארומטי, מוגש בקערה גדולה עם נתחי בקר,  כרוב, גזר ופטריות שמפניון","price":49,"vegan":false,"vegetarian":false,"image":"https://d25t2285lxl5rf.cloudfront.net/images/dishes/98ed5a25-0b90-47fc-98f0-3deac053c605.jpg","notFood":false,"drinks":false},{"name":"ראמן","description":"אטריות ראמן בציר עוף, רצועות עוף עטופות בגלייז מתקתק חרוך בגריל, כרוב לבן, נבטים סינים, גרעיני תירס טריים, צ׳ילי אדום, נענע, כוסברה וטוגראשי\t","price":67,"vegan":false,"vegetarian":false,"image":"https://d25t2285lxl5rf.cloudfront.net/images/dishes/3662646.jpg","notFood":false,"drinks":false},{"name":"מרק טום ים","description":"קרם קוקוס רוטב טום ים (חריף )","price":35,"vegan":true,"vegetarian":true,"image":"","notFood":false,"drinks":false},{"name":"סלט שורשים","description":"מיקס עלים, מלפפון, גזר, נבטים ועגבניות שרי בוינגרט צ'ילי","price":39,"vegan":true,"vegetarian":true,"image":"https://d25t2285lxl5rf.cloudfront.net/images/dishes/6f0c22bb-256c-448a-82b4-51a3cf26589c.jpg","notFood":false,"drinks":false},{"name":"13 סלט סלמון אסייאתי","description":"מיקס עלי בייבי, גזר, מלפפון, עגבניות שרי ונבטים בוינגרט ליים, כוסברה ורצועות סלמון מטוגנות בקרם יוזו","price":65,"vegan":false,"vegetarian":false,"image":"https://d25t2285lxl5rf.cloudfront.net/images/dishes/c6839bcd-8310-4ee0-8238-75fe9f81481d.jpg","notFood":false,"drinks":false},{"name":"סלט עוף אסייאתי","description":"חזה עוף במרינדה צרוב על הגריל , חסה אייסברג ועלי סלנובה,   סלק ג׳וליאני, דפי מלפפון , נבטים סינים,  גזר ג'וליאני,קולורבי,בצל סגול, עגבניות שרי,  כוסברה,  וניגרייט תאילנדי  ובוטנים גרוסים","price":59,"vegan":false,"vegetarian":false,"image":"https://d25t2285lxl5rf.cloudfront.net/images/dishes/baf56a1f-9795-4234-9fad-c54f2c8cded5.jpg","notFood":false,"drinks":false},{"name":"עוף / בקר סצ'ואן","description":"ברוטב סצ'ואן עם חצילים בטמפורה, בצל ירוק ,מיקס פלפלים , בצל לבן פריך, זוקיני, צ'ילי אדום, ג׳ינג׳ר טרי, מוגש על אורז מאודה","price":62,"vegan":false,"vegetarian":false,"image":"https://d25t2285lxl5rf.cloudfront.net/images/dishes/464d3174-d3d9-4d73-bd96-2a41ab035982.jpg","notFood":false,"drinks":false},{"name":"עוף / בקר פטריות שמפניון","description":"נתחי עוף / בקר מוקפצים ברוטב אסייאתי מלוח עדין עם כרוב, גזר, בצל לבן ופטריות שמפניון פלפלים אדום וירוק בתוספת אורז מאודה","price":62,"vegan":false,"vegetarian":false,"image":"https://d25t2285lxl5rf.cloudfront.net/images/dishes/6a11d47c-729a-462f-9587-2e9ad58ac4b7.png","notFood":false,"drinks":false},{"name":"עוף בלימון","description":"נתחי עוף מצופים ברוטב חמוץ מתוק בתוספת אורז מאודה ","price":75,"vegan":false,"vegetarian":false,"image":"https://d25t2285lxl5rf.cloudfront.net/images/dishes/741ac8d4-624b-4672-bfce-1b3c9993f560.jpg","notFood":false,"drinks":false},{"name":"צ'אזה ביף","description":"נתחי אנטרקוט חצילים , בצל ירוק ועלי בזיליקום ברוטב שימג'י מוגש על אורז מאודה","price":62,"vegan":true,"vegetarian":true,"image":"https://d25t2285lxl5rf.cloudfront.net/images/dishes/f6907637-d3ac-4cfc-bd68-46fe443a9c9a.jpg","notFood":false,"drinks":false},{"name":"צ'יקן בנגקוק","description":"קוביות עוף ובטטה מטוגנת, שעועית בצל ירוק, נבטים ובוטנים על אורז מאודה","price":60,"vegan":false,"vegetarian":false,"image":"https://d25t2285lxl5rf.cloudfront.net/images/dishes/991c8e00-cd44-443c-a91b-d36e31d3f359.jpg","notFood":false,"drinks":false},{"name":"הקוריאנית","description":"אטריות אודון(חיטה), נתחי אנטריקוט, פטריות שמפניון, פטריות פורטובלו, בצל לבן ברוטב שימאג'י","price":62,"vegan":false,"vegetarian":false,"image":"https://d25t2285lxl5rf.cloudfront.net/images/dishes/2577e76d-f54c-406b-860b-0c866fbc114d.jpg","notFood":false,"drinks":false},{"name":"הפיליפינית","description":"תוספת לבחירה, אטריות ביצים, גזר, כרוב, נבטים, בצל ירוק ברוטב צ'או צ'או, חריף","price":59,"vegan":false,"vegetarian":true,"image":"https://d25t2285lxl5rf.cloudfront.net/images/dishes/e535e6c3-1617-4c46-ab83-1e89c23aa026.jpg","notFood":false,"drinks":false},{"name":"צ'יקן פרייד רייס","description":"קוביות פרגיות, נטיפי ביצה, אורז, כרוב, גזר, בצל ירוק, פטריות פורטובלו ונטים ברוטב הוי סטיר","price":54,"vegan":false,"vegetarian":false,"image":"https://d25t2285lxl5rf.cloudfront.net/images/dishes/7a401a46-d874-4e74-800c-c6ff99bb4ae9.jpg","notFood":false,"drinks":false},{"name":"המלזית","description":"אטריות ביצים עם סלמון בטמפורה, בצל לבן, גזר, שעועית ירוקה, פטריות שמפניון, בצל ירוק ונבטים בקארי מלזי","price":69,"vegan":false,"vegetarian":false,"image":"https://d25t2285lxl5rf.cloudfront.net/images/dishes/a603e83f-d9cd-4cdf-8f57-d607e840ce56.jpg","notFood":false,"drinks":false},{"name":"יאסי מאקי נודלס (צמחוני )","description":"אטריות ביצים, כרוב, נבטים, גזר ובצל ירוק ברוטב הוי סטיר","price":40,"vegan":false,"vegetarian":true,"image":"https://d25t2285lxl5rf.cloudfront.net/images/dishes/eef07917-0c7b-46dc-9ea7-117272fb410c.jpg","notFood":false,"drinks":false},{"name":"פאד תאי","description":"עוף\\בקר\\טופו\\צמחוני לבחירה, אטריות אורז, נטיפי ביצים, כרוב, גזר, בצל ירוק, נבטים ובייבי תרד ברוטב חריף מתוק ושבבי בוטנים","price":44,"vegan":false,"vegetarian":false,"image":"https://d25t2285lxl5rf.cloudfront.net/images/dishes/1a470708-6f08-4f5d-aefd-4054c7711c8c.jpg","notFood":false,"drinks":false},{"name":"נאם טוק אנטריקוט\t","description":"נתחי אנטריקוט צרובים בפלאנצ'ה, דפי אורז שבורים, פטריות פורטובלו, שימאג'י, שעועית ירוקה, בצל סגול, כוסברה, נענע, צ'ילי אדום ברוטב הוי סטיר ובלק סויה\t","price":69,"vegan":false,"vegetarian":false,"image":"https://d25t2285lxl5rf.cloudfront.net/images/dishes/3662647.jpg","notFood":false,"drinks":false},{"name":"מעורב אסיאתי","description":"נודלס מקופץ עם חזה עוף ובקר מיושן ברוטב קארי ירוק ,\nפיטריות חציל כרוב סגול שעועוית ירוקה ובצל לבן ","price":59,"vegan":false,"vegetarian":false,"image":"","notFood":false,"drinks":false},{"name":"95 סאקה רול","description":"סלמון סקין, בטטה בטמפורה, קנפיו, אבוקדו במעטפת סלמון בטריאקי, עירית קצוצה וקרם יוזו","price":53,"vegan":false,"vegetarian":false,"image":"https://d25t2285lxl5rf.cloudfront.net/images/dishes/051b2051-a194-43c5-969b-5e946860d894.jpg","notFood":false,"drinks":false},{"name":"92 ריינבואו","description":"מלפפון, גזר, קנפיו, אבוקדו ופטריות שיטאקה במעטפת סלמון, טונה אדומה ויילטייל","price":65,"vegan":false,"vegetarian":false,"image":"https://d25t2285lxl5rf.cloudfront.net/images/dishes/b13f3cd5-3e0f-473e-bc90-7454c28a41cf.jpg","notFood":false,"drinks":false},{"name":"91 סמוראי רול","description":"סלמון בטמפורה, אבוקדו, מלפפון ובצל ירוק במעטפת סלומון צרוב וקרם צ'ילי","price":59,"vegan":false,"vegetarian":false,"image":"https://d25t2285lxl5rf.cloudfront.net/images/dishes/25676407-d1f6-49fa-8bd0-72f69fa29dce.jpg","notFood":false,"drinks":false},{"name":"90 סלסה רול","description":"טונה פיקנטית, עירית ואבוקדו עטוף בטונה אדומה וקרם סויה ג'ינג'ר","price":59,"vegan":false,"vegetarian":false,"image":"https://d25t2285lxl5rf.cloudfront.net/images/dishes/60483f9a-055e-4668-9952-642863bc8da6.jpg","notFood":false,"drinks":false},{"name":"97 אלסקה רול","description":"סלמון סקין, טופו טמפורה, אבוקדו, מלפפון, עירית וקנפיו (דלעת יפנית) במעטפת שבבי טמפורה, שומשום ונגיעות טריאקי.\n","price":45,"vegan":false,"vegetarian":false,"image":"https://d25t2285lxl5rf.cloudfront.net/images/dishes/19f5dfe5-818b-4cb8-965a-7bbeef0a9dcb.jpg","notFood":false,"drinks":false},{"name":"93 קרייזי רול","description":"פוטומאקי בטמפורה חם , במילוי סלמון , אבוקדו שיטאקי, עירית , בזילוף טריאקי ","price":55,"vegan":false,"vegetarian":false,"image":"https://d25t2285lxl5rf.cloudfront.net/images/dishes/d0eee21d-5b8e-4aa5-bd96-7dd73421edcd.jpg","notFood":false,"drinks":false},{"name":"98 סביצ'ה סלמון","description":"אבוקדו, בצל ירוק בתערובת קרם ואסאבי במילוי מלפפון, קנפיו (דלעת יפנית) וגרדת לימון עטוף צ'יפס סלק בזילוף קרם ווסאבי.\n","price":55,"vegan":false,"vegetarian":false,"image":"https://d25t2285lxl5rf.cloudfront.net/images/dishes/6343eb31-078a-4872-8a17-3e3f71ecc21c.jpg","notFood":false,"drinks":false},{"name":"87 ג'אפן רול","description":"במילוי דניס חם , קרם יוז'ו , פילה לימון , אבוקדו , בצל ירוק , עטוף שבבי בוטנים , טמפורה ושומשום שחור ","price":58,"vegan":false,"vegetarian":false,"image":"https://d25t2285lxl5rf.cloudfront.net/images/dishes/c40c3f0f-1c74-4fe5-802a-4a62ee71dab8.jpg","notFood":false,"drinks":false},{"name":"88 דניס גריל","description":"שיטאקי , אבוקדו , אספרגוס , מלפפון , \nבמעטפת סלמון צרוב ודניס צרוב בזיגזוג קרם וואסבי","price":52,"vegan":false,"vegetarian":false,"image":"https://d25t2285lxl5rf.cloudfront.net/images/dishes/8a0a29ff-0312-4992-9d4d-50126b168a19.jpg","notFood":false,"drinks":false},{"name":"80 הוט דניס רול","description":"89.במילוי דניס , אבוקדו , בטטה , טמאגו , עטוף בפנקו חם בזילוף טריאקי ","price":48,"vegan":false,"vegetarian":false,"image":"https://d25t2285lxl5rf.cloudfront.net/images/dishes/56249004-fea2-49d4-bbbb-2d61f490f97d.jpg","notFood":false,"drinks":false},{"name":"94 וולקנו רול","description":"ספייסי טונה , אספרגוס , שיטאקי , ובצל ירוק , במעטפת אבוקדו , בזילוף קרם וואסבי","price":49,"vegan":false,"vegetarian":false,"image":"https://d25t2285lxl5rf.cloudfront.net/images/dishes/627f2340-7688-4076-8774-3c9b2966ae9f.jpg","notFood":false,"drinks":false},{"name":"512 יאנצ'י רול\t","description":"סלמון, בטטה, אבוקדו, אספרגוס ובצל ירוק במעטפת דניס וקרפצ'יו סלק, בזילוף איולי סלק ונבטי בזיל\t","price":59,"vegan":false,"vegetarian":false,"image":"https://d25t2285lxl5rf.cloudfront.net/images/dishes/3662648.jpg","notFood":false,"drinks":false},{"name":"513 דרגון רול\t","description":"דניס, בטטה טמפורה, קרפצ'יו סלק, מלפפון במעטפת אבוקודו וטונה בזילוף איולי חלפיניו ותערובת תבלינים יפנית וטריאקי הדרים\t","price":62,"vegan":false,"vegetarian":false,"image":"https://d25t2285lxl5rf.cloudfront.net/images/dishes/3662649.jpg","notFood":false,"drinks":false},{"name":"511 קוגארשי רול\t","description":"טרטר ספייסי סלמון, אבוקדו טמפורה, עירית, טמאגו במעטפת טונה בהברשת טריאקי הדרים ונגיעות ממרח לימון יפני ותערובת תבלינים אסייאתית\t","price":69,"vegan":false,"vegetarian":false,"image":"https://d25t2285lxl5rf.cloudfront.net/images/dishes/3662650.jpg","notFood":false,"drinks":false},{"name":"515 סאנסט רול\t","description":"בטטה טמפורה, אורוגולה, קנפיו, אבוקדו טמפורה במעטפת סלק, בטטה ואבוקדו עם שבבי סלק ובטטה בזילוף איולי סלק ועירית קצוצה\t","price":55,"vegan":true,"vegetarian":true,"image":"https://d25t2285lxl5rf.cloudfront.net/images/dishes/3662651.jpg","notFood":false,"drinks":false},{"name":"מאקי דג בהרכבה","description":"דג ותוספת לבחירה","price":25,"vegan":false,"vegetarian":false,"image":"https://d25t2285lxl5rf.cloudfront.net/images/dishes/3217505.jpg","notFood":false,"drinks":false},{"name":"מאקי צמחוני בהרכבה\t","description":"2 תוספות לבחירה","price":19,"vegan":true,"vegetarian":true,"image":"https://d25t2285lxl5rf.cloudfront.net/images/dishes/3217506.jpg","notFood":false,"drinks":false},{"name":"אורמאקי דג בהרכבה","description":"דג ו-3 תוספות לבחירה","price":39,"vegan":false,"vegetarian":false,"image":"https://d25t2285lxl5rf.cloudfront.net/images/dishes/3175128.jpg","notFood":false,"drinks":false},{"name":"אורמאקי צמחוני בהרכבה","description":"4 תוספות לבחירה","price":35,"vegan":true,"vegetarian":true,"image":"https://d25t2285lxl5rf.cloudfront.net/images/dishes/3175129.jpg","notFood":false,"drinks":false},{"name":"פוטומאקי דג בהרכבה","description":"דג ו-3 תוספות לבחירה","price":41,"vegan":false,"vegetarian":false,"image":"https://d25t2285lxl5rf.cloudfront.net/images/dishes/3217507.jpg","notFood":false,"drinks":false},{"name":"פוטומאקי צמחוני בהרכבה","description":"4 תוספות לבחירה","price":37,"vegan":true,"vegetarian":true,"image":"https://d25t2285lxl5rf.cloudfront.net/images/dishes/3217508.jpg","notFood":false,"drinks":false},{"name":"סנדוויץ' דג בהרכבה","description":"דג ו-2 תוספות לבחירה","price":45,"vegan":false,"vegetarian":false,"image":"https://d25t2285lxl5rf.cloudfront.net/images/dishes/3217509.jpg","notFood":false,"drinks":false},{"name":"סנדוויץ' צמחוני בהרכבה","description":"4 תוספות לבחירה","price":43,"vegan":true,"vegetarian":true,"image":"https://d25t2285lxl5rf.cloudfront.net/images/dishes/3217510.jpg","notFood":false,"drinks":false},{"name":"122 ספייסי סלמון","description":"ספייסי סלמון, אבוקדו ובצל ירוק במעטפת שבבי טמפורה ושומשום","price":39,"vegan":false,"vegetarian":false,"image":"https://d25t2285lxl5rf.cloudfront.net/images/dishes/2339096.jpg","notFood":false,"drinks":false},{"name":"120 סלמון ואבוקדו","description":"סלמון ואבוקדו במעטפת שבבי טמפורה ושומשום","price":39,"vegan":false,"vegetarian":false,"image":"https://d25t2285lxl5rf.cloudfront.net/images/dishes/717dfed7-28ea-48c5-8b4e-cf11c9ca7c0e.jpg","notFood":false,"drinks":false},{"name":"121 טונה אדומה","description":" טונה, אבוקדו ומלפפון במעטפת שבבי טמפורה ושומשום","price":42,"vegan":false,"vegetarian":false,"image":"https://d25t2285lxl5rf.cloudfront.net/images/dishes/2339098.jpg","notFood":false,"drinks":false},{"name":"125 וג'י רול","description":"פטריות שיטאקה, אבוקדו, בטטה בטמפורה ואספרגוס במעטפת טמאגו ונגיעות טריאקי","price":35,"vegan":false,"vegetarian":true,"image":"https://d25t2285lxl5rf.cloudfront.net/images/dishes/2339099.jpg","notFood":false,"drinks":false},{"name":"123 ספייסי טונה","description":"טונה אדומה, מלפפון ואבוקדו במעטפת שבבי טמפורה ושומשום","price":42,"vegan":false,"vegetarian":false,"image":"https://d25t2285lxl5rf.cloudfront.net/images/dishes/2339100.jpg","notFood":false,"drinks":false},{"name":"דניס הוט  רול","description":"במילוי דניס , אבוקדו , בטטה , טמאגו , עטוף בפנקו חם בזילוף טריאקי ","price":45,"vegan":false,"vegetarian":false,"image":"https://d25t2285lxl5rf.cloudfront.net/images/dishes/2339094.jpg","notFood":false,"drinks":false},{"name":"מאגורו טמפורה","description":"טונה אדומה, אספרגוס, פטריות שיטאקה ועירית בציפוי טמפורה ונגיעות טריאקי","price":49,"vegan":false,"vegetarian":false,"image":"https://d25t2285lxl5rf.cloudfront.net/images/dishes/2339103.jpg","notFood":false,"drinks":false},{"name":"מנהטן טמפורה","description":"סלמון, טונה אדומה, מלפפון, עירית ואבוקדו בציפוי טמפורה ונגיעת טריאקי","price":49,"vegan":false,"vegetarian":false,"image":"https://d25t2285lxl5rf.cloudfront.net/images/dishes/2339104.jpg","notFood":false,"drinks":false},{"name":"וג'י טמפורה","description":"פטריות שיטאקה, אבוקדו, בטטה בטמפורה, אספרגוס וטמאגו בציפוי טמפורה ונגיעות טריאקי","price":39,"vegan":false,"vegetarian":true,"image":"https://d25t2285lxl5rf.cloudfront.net/images/dishes/2339105.jpg","notFood":false,"drinks":false},{"name":"סאקה טמפורה","description":"סלמון, קנפיו, בצל ירוק ואבוקדו בציפוי טמפורה עם נגיעות טריאקי","price":45,"vegan":false,"vegetarian":false,"image":"https://d25t2285lxl5rf.cloudfront.net/images/dishes/2339106.jpg","notFood":false,"drinks":false},{"name":"300 פוטומאקי סלמון אבוקדו","description":"סלמון אבוקדו","price":40,"vegan":false,"vegetarian":false,"image":"https://d25t2285lxl5rf.cloudfront.net/images/dishes/2339108.jpg","notFood":false,"drinks":false},{"name":"301 פוטומאקי  טונה","description":"טונה אדומה , מלפפון , אבוקדו","price":44,"vegan":false,"vegetarian":false,"image":"https://d25t2285lxl5rf.cloudfront.net/images/dishes/2339109.jpg","notFood":false,"drinks":false},{"name":"302 פוטומאקי ספייסי סלמון","description":"ספייסי סלמון , אבוקדו בצל ירוק","price":40,"vegan":false,"vegetarian":false,"image":"https://d25t2285lxl5rf.cloudfront.net/images/dishes/2339110.jpg","notFood":false,"drinks":false},{"name":"303 פוטומאקי ספייסי טונה","description":"ספייסי טונה , אבוקדו , מלפפון","price":42,"vegan":false,"vegetarian":false,"image":"https://d25t2285lxl5rf.cloudfront.net/images/dishes/2339111.jpg","notFood":false,"drinks":false},{"name":"305 פוטומאקי  Vג'י רול","description":"שיטאקי , אבוקדו , בטטה בטמפורה ,אספרגוס","price":37,"vegan":true,"vegetarian":true,"image":"https://d25t2285lxl5rf.cloudfront.net/images/dishes/2339112.jpg","notFood":false,"drinks":false},{"name":"סנדוויץ' ס.סלמון","description":"ספייסי סלמון, בצל ירוק, אבוקדו ובטטה בטמפורה עטוף בשבבי טמפורה ושמשום שחור","price":46,"vegan":false,"vegetarian":false,"image":"https://d25t2285lxl5rf.cloudfront.net/images/dishes/2339113.jpg","notFood":false,"drinks":false},{"name":"סנדוויץ' ווג'י","description":"אבוקדו, טמאגו, בטטה בטמפורה ומללפון עטוף בשבבי טמפורה","price":39,"vegan":false,"vegetarian":true,"image":"https://d25t2285lxl5rf.cloudfront.net/images/dishes/2339114.jpeg","notFood":false,"drinks":false},{"name":"סנדוויץ' סאקה","description":"סלמון, בצל ירוק, אבוקדו, מלפפון וגזר עטוף בשבבי טמפורה ושומשום שחור","price":46,"vegan":false,"vegetarian":false,"image":"https://d25t2285lxl5rf.cloudfront.net/images/dishes/2339115.jpg","notFood":false,"drinks":false},{"name":"סנדוויץ' מאגורו","description":"טונ ה, בצל ירוק, מלפפון, אבוקדו ופטריות שיטאקה עטוף בשבבי טמפורה ושומשום שחור","price":49,"vegan":true,"vegetarian":true,"image":"https://d25t2285lxl5rf.cloudfront.net/images/dishes/2339116.jpg","notFood":false,"drinks":false},{"name":"סנדוויץ' ס.טונה","description":"ספייסי טונה, בצל ירוק, מלפפון ואבוקדו עטוף בשבבי טמפורה ושומשום שחור","price":47,"vegan":false,"vegetarian":false,"image":"https://d25t2285lxl5rf.cloudfront.net/images/dishes/2339117.jpg","notFood":false,"drinks":false},{"name":"סנדוויץ' ווג'י","description":"אבוקדו, טמאגו, בטטה וקנפיו במעטפת פנקו מטוגן וזילוף טריאקי","price":43,"vegan":false,"vegetarian":true,"image":"https://d25t2285lxl5rf.cloudfront.net/images/dishes/2339118.jpg","notFood":false,"drinks":false},{"name":"סנדוויץ' סלמון וסלמון סקין","description":"סלמון, סלמון סקין, אבוקדו, בטטה בטמפורה ואספרגוס במעטפת פנקו מטוגן בזילוף טריאקי","price":46,"vegan":false,"vegetarian":false,"image":"https://d25t2285lxl5rf.cloudfront.net/images/dishes/2339119.jpeg","notFood":false,"drinks":false},{"name":"סנדוויץ' טונה אדומה","description":"","price":49,"vegan":false,"vegetarian":false,"image":"https://d25t2285lxl5rf.cloudfront.net/images/dishes/2339120.jpg","notFood":false,"drinks":false},{"name":"קונוס סלמון טמפורה","description":"סלמון בטמפורה, אבוקדו, בצל ירוק ואיקורה בנגיעות טריאקי","price":24,"vegan":false,"vegetarian":false,"image":"https://d25t2285lxl5rf.cloudfront.net/images/dishes/2339121.jpg","notFood":false,"drinks":false},{"name":"קונוס ווג'י","description":"טמאגו, אספרגוס, בטטה בטמפורה, קנפיו ואבוקדו","price":19,"vegan":false,"vegetarian":true,"image":"https://d25t2285lxl5rf.cloudfront.net/images/dishes/2339122.jpg","notFood":false,"drinks":false},{"name":"קונוס ס.טונה","description":"ספייסי טונה, מלפפון ובצל ירוק","price":25,"vegan":false,"vegetarian":false,"image":"https://d25t2285lxl5rf.cloudfront.net/images/dishes/2339123.jpg","notFood":false,"drinks":false},{"name":"קונוס סלמון אבוקדו","description":"סלמון ואבוקדו","price":24,"vegan":false,"vegetarian":false,"image":"https://d25t2285lxl5rf.cloudfront.net/images/dishes/2339124.jpg","notFood":false,"drinks":false},{"name":"סאקה מאקי","description":"רול במילוי סלמון ואבוקדו","price":25,"vegan":false,"vegetarian":false,"image":"https://d25t2285lxl5rf.cloudfront.net/images/dishes/2339127.jpg","notFood":false,"drinks":false},{"name":"טאקה מאקי","description":"רול במילוי טונה אדומה ואבוקדו","price":26,"vegan":false,"vegetarian":false,"image":"https://d25t2285lxl5rf.cloudfront.net/images/dishes/2339128.jpg","notFood":false,"drinks":false},{"name":"אבוקדו מאקי","description":"רול במילוי אבוקדו","price":20,"vegan":true,"vegetarian":true,"image":"https://d25t2285lxl5rf.cloudfront.net/images/dishes/2339129.jpg","notFood":false,"drinks":false},{"name":"קנפיו מאקי","description":"רול במילוי רצועות דלעת כבושה מתקתקה","price":20,"vegan":true,"vegetarian":true,"image":"https://d25t2285lxl5rf.cloudfront.net/images/dishes/2339131.jpg","notFood":false,"drinks":false},{"name":"המאצ'י מאקי","description":"רול במילוי דניס, קנפיו ואבוקדו","price":25,"vegan":false,"vegetarian":false,"image":"https://d25t2285lxl5rf.cloudfront.net/images/dishes/2339132.jpg","notFood":false,"drinks":false},{"name":"ספייסי סאקה מאקי","description":"רול במילוי ספייסי סלמון ואבוקדו","price":24,"vegan":false,"vegetarian":false,"image":"https://d25t2285lxl5rf.cloudfront.net/images/dishes/2339126.jpg","notFood":false,"drinks":false},{"name":"ספייסי טאקה מאקי","description":"","price":25,"vegan":true,"vegetarian":true,"image":"https://d25t2285lxl5rf.cloudfront.net/images/dishes/2339130.jpg","notFood":false,"drinks":false},{"name":"נגירי אבוקדו","description":"אצבעות אורז במעטפת אבוקדו","price":19,"vegan":true,"vegetarian":true,"image":"https://d25t2285lxl5rf.cloudfront.net/images/dishes/2339133.jpg","notFood":false,"drinks":false},{"name":"ניגירי סאקה","description":"אצבעות אורז במעטפת דג סלמון טרי","price":25,"vegan":false,"vegetarian":false,"image":"https://d25t2285lxl5rf.cloudfront.net/images/dishes/2339134.jpg","notFood":false,"drinks":false},{"name":"נגירי מאגורו","description":"אצבעות אורז במעטפת דג טונה טרי","price":28,"vegan":false,"vegetarian":false,"image":"https://d25t2285lxl5rf.cloudfront.net/images/dishes/2339135.jpg","notFood":false,"drinks":false},{"name":"נגירי טמאגו","description":"חביתה יפנית מתקתקה","price":19,"vegan":false,"vegetarian":true,"image":"https://d25t2285lxl5rf.cloudfront.net/images/dishes/2339136.jpg","notFood":false,"drinks":false},{"name":"נגירי דניס","description":"","price":25,"vegan":false,"vegetarian":false,"image":"https://d25t2285lxl5rf.cloudfront.net/images/dishes/2339137.jpg","notFood":false,"drinks":false},{"name":"קומבנציית סאקה סאקי(19 יח)","description":"4 יחידות סלמון ואבוקדו, 4 יחידות אורמאקי סלמון חם, 8 יחידות מאקי סאקה, 2 יחידות נגירי סלמון , 1 קונוס סלמון","price":92,"vegan":false,"vegetarian":false,"image":"https://d25t2285lxl5rf.cloudfront.net/images/dishes/55fb6445-9e62-4dcf-96c8-3989ea8a00d5.jpg","notFood":false,"drinks":false},{"name":"קומבנציית ג'אפן ג'אפן ספיישל (48 יח )","description":"8 יחידות סמוראי רול, 4 יחידות ריינבאו, 4 יחידות רול סלמון חם, 4 יחידות סנדוויץ ספייסי סלמון, 8 יחידות מאקי סוזוקי, 8 יחידות סאקה רול, 8 יח סביצ'ה סלמון\n1יח ניגירי דניס\n1 יח ניגירי סלמון\n1 יח ניגירי אבוקדו \n1 יח ניגירי טמאגו","price":256,"vegan":false,"vegetarian":false,"image":"https://d25t2285lxl5rf.cloudfront.net/images/dishes/a304bf75-2e89-494e-85a7-13f836e4d38c.jpg","notFood":false,"drinks":false},{"name":"קומבנציית ווג'י (18יח)","description":"8 יחידות מאקי וג'י רול, 8 יחידות מאקי אבוקדו 2 יח ניגירי","price":59,"vegan":true,"vegetarian":true,"image":"https://d25t2285lxl5rf.cloudfront.net/images/dishes/4ea679f0-9e16-4787-96c9-379a8c393e11.jpg","notFood":false,"drinks":false},{"name":"קומבינציית קיוטו (16יח)","description":"8 יחידות אורמאקי סלמון ואבוקדו, 8 יחידות מאקי אבוקדו","price":55,"vegan":false,"vegetarian":false,"image":"https://d25t2285lxl5rf.cloudfront.net/images/dishes/682d6830-7554-49ca-a909-932cbcb720c6.jpg","notFood":false,"drinks":false},{"name":"קומבנציית יו צ'אי (32 יח)","description":"חצי צמחוני / חצי דגים","price":139,"vegan":false,"vegetarian":false,"image":"https://d25t2285lxl5rf.cloudfront.net/images/dishes/cf1e3c41-3383-427c-a2c0-93a8100941bb.jpg","notFood":false,"drinks":false},{"name":"טמפורה זוגית (20 יח)","description":"8 יח' סאקה טמפורה, 4 יח' מאגורו טמפורה, 4 יח' Vג'י טמפורה, \n 4 יח' סנדוויץ' סלמון בפנקו\n","price":118,"vegan":false,"vegetarian":false,"image":"https://d25t2285lxl5rf.cloudfront.net/images/dishes/ae43e0eb-5de4-418c-b06e-f3da4095e333.jpg","notFood":false,"drinks":false},{"name":"קומבו טבעוני (18 יח)","description":"8 יח אורומאקי טבעוני 8 יח מאקי אבוקדו 2 יח ניגירי אבוקדו","price":49,"vegan":true,"vegetarian":true,"image":"https://d25t2285lxl5rf.cloudfront.net/images/dishes/39089481-f26f-48a3-a2cc-e3bf499a668e.jpg","notFood":false,"drinks":false},{"name":"דואט סושי חצי/חצי (18 יח)","description":"4 יח סלמון מטוגן 4 יח טונה מטוגן 8 יח סאקה סאקי רול 1 יח ניגירי סלמון 1 יח ניגירי דניס חם","price":95,"vegan":false,"vegetarian":false,"image":"https://d25t2285lxl5rf.cloudfront.net/images/dishes/15ed6bc2-c545-4653-b3b1-158550c4e5ed.jpg","notFood":false,"drinks":false},{"name":"507 COMBO PARTY","description":"8 אורומאקי טונה,8 אורומאקי ספייסי סלמון,8 פוטומאקי סלמון,2 יח' ניגירי סלמון,8 מאקי אבוקדו,8 מאקי קנפיו,8 מאקי טונה,צמחוני אורומאקי 8,8 אורומאקי צמחוני,4 סנדוויץ' סלמון","price":295,"vegan":false,"vegetarian":false,"image":"","notFood":false,"drinks":false},{"name":"GREEN PARTY 508","description":" 8 מאקי אבוקדו, 8 מאקי קנפיו,8 מאקי טמאגו,8 מאקי מלפפון,8 אורומאקי צמחוני,8 אורומאקי צמחוני, 8 פוטומאקי צמחוני,4 סנצ'וויץ צמחוני,2 ניגירי אבוקדו,2 ניגירי טמאגו, 8 אבוקדו/שיטאקי/בצל ירוק/עטוף צ'יפס סלק O/I","price":249,"vegan":false,"vegetarian":true,"image":"","notFood":false,"drinks":false},{"name":"Tokyo Party 510","description":"8 אבוקדו/שיטאקי/בצל ירוק/עטוף צ'יפס סלק O/I,י 8 אורומאקי טונה,8 אורומאקי ספייסי סלמון,8 פוטומאקי סלמון,8 מאקי אבוקדו,8 מאקי קנפיו,8 מאקי טונה,8 המאצ'י מאקי,8 ג'אפן רול,8 אורומאקי צמחוני,8 אורומאקי צמחוני,4 סנדוויץ' צמחוני,4 סנדוויץ' סלמון,1 ניגירי טונה,1 ניגירי אבוקדו,סלמון ניגירי 1,1 ניגירי דניס","price":389,"vegan":false,"vegetarian":false,"image":"","notFood":false,"drinks":false},{"name":"ONLIY FISH PARTY 509","description":" 8 אורומאקי טונה, 8 אורומאקי סלמון, 2 ניגירי סלמון,2 ניגירי טונה,8 מאקי ספייסי סלמון,8 מאקי ספייסי טונה,8 המאצ'י מאקי,4 סנדוויץ' סלמון,8 סביצ'ה סלמון,8 ג'אפן רול, 8 וולקנו רול,8 פוטומאקי ספייסי סלמון","price":410,"vegan":false,"vegetarian":false,"image":"","notFood":false,"drinks":false},{"name":"קוקה קולה 500 מ\"ל","description":"","price":14,"vegan":true,"vegetarian":true,"image":"","notFood":false,"drinks":true},{"name":"קוקה קולה זירו 500 מ\"ל","description":"","price":14,"vegan":true,"vegetarian":true,"image":"","notFood":false,"drinks":true},{"name":"ספרייט 500 מ\"ל","description":"","price":14,"vegan":true,"vegetarian":true,"image":"","notFood":false,"drinks":true},{"name":"דיאט ספרייט 500 מ\"ל","description":"","price":14,"vegan":true,"vegetarian":true,"image":"","notFood":false,"drinks":true},{"name":"פאנטה 500 מ\"ל","description":"","price":14,"vegan":true,"vegetarian":true,"image":"","notFood":false,"drinks":false},{"name":"נסטי אפרסק 500 מ\"ל","description":"","price":14,"vegan":true,"vegetarian":true,"image":"","notFood":false,"drinks":true},{"name":"תפוזים זכוכית 500 מ\"ל","description":"","price":14,"vegan":true,"vegetarian":true,"image":"","notFood":false,"drinks":false},{"name":"אשכוליות 330 מ\"ל","description":"","price":14,"vegan":true,"vegetarian":true,"image":"","notFood":false,"drinks":false},{"name":"סודה זכוכית סינגה 330","description":"","price":12,"vegan":true,"vegetarian":true,"image":"","notFood":false,"drinks":true},{"name":"מים מינרלים אישי","description":"","price":12,"vegan":true,"vegetarian":true,"image":"","notFood":false,"drinks":false},{"name":"לימונענע זכוכית 500 מ\"ל","description":"","price":14,"vegan":true,"vegetarian":true,"image":"","notFood":false,"drinks":false},{"name":"בירה לאו לבנה","description":"בירה פרימיום תאילנדית לבנה ","price":18,"vegan":true,"vegetarian":true,"image":"","notFood":false,"drinks":true},{"name":"מיץ ענבים 500 מ\"ל","description":"","price":14,"vegan":true,"vegetarian":true,"image":"","notFood":false,"drinks":true}]}