{"track_id":"10968","filters":["meatGrill","salads","sandwichesWraps"],"image":"https://tenbis-static.azureedge.net/restaurant-default-card-image/CuzineType_meatgrill_15.jpg","address":"המרד, 29 תל אביב-יפו","location":[34.763117,32.0636052],"name":"במבי","city":"פתח תקוה - בקעת אונו","priceAverage":34.0625,"menu":[{"name":"סלט גדול להרכבה - בשרי","description":"מוגש עם תוספת בשרית, לחם, רוטב צ'ילי וויניגרט","price":45,"vegan":false,"vegetarian":false,"image":"https://d25t2285lxl5rf.cloudfront.net/images/dishes/db99fbde-326d-40d0-8f72-2656278d6049.jpg","notFood":false,"drinks":false},{"name":"סלט בינוני להרכבה - בשרי\t","price":40,"vegan":false,"vegetarian":false,"notFood":false,"drinks":false},{"name":"סלט גדול בהרכבה - חלבי","description":"מוגש עם תוספת חלבית, לחם, רוטב צ'ילי וויניגרט ","price":30,"vegan":false,"vegetarian":true,"notFood":false,"drinks":false},{"name":"סלט בנוני רגיל","price":30,"vegan":true,"vegetarian":true,"notFood":false,"drinks":false},{"name":"סלט גדול רגיל","price":34,"vegan":true,"vegetarian":true,"notFood":false,"drinks":false},{"name":"טוסט בהרכבה","description":"מוג עם שתי תוספות, רוטב אלף האיים ושום","price":28,"vegan":true,"vegetarian":true,"notFood":false,"drinks":false},{"name":"כריך חביתת ירק","description":"בלחם קל, מוגש עם סלט אישי קטן","price":28,"vegan":true,"vegetarian":true,"notFood":false,"drinks":false},{"name":"כריך צפתית","description":"בלחם קל, מוגש עם סלט אישי קטן","price":35,"vegan":true,"vegetarian":true,"notFood":false,"drinks":false},{"name":"כריך בולגרית","description":"בלחם קל, מוגש עם סלט אישי קטן","price":28,"vegan":false,"vegetarian":true,"notFood":false,"drinks":false},{"name":"כריך שניצל","description":"ממרחים וירקות לבחירה","price":35,"vegan":false,"vegetarian":false,"notFood":false,"drinks":false},{"name":"כריך רוסטביף","description":"ממרחים וירקות לבחירה","price":35,"vegan":true,"vegetarian":true,"notFood":false,"drinks":false},{"name":"כריך כתף בקר","description":"ממרחים וירקות לבחירה","price":35,"vegan":false,"vegetarian":false,"notFood":false,"drinks":false},{"name":"כריך פסטרמה","description":"ממרחים וירקות לבחירה","price":35,"vegan":true,"vegetarian":true,"notFood":false,"drinks":false},{"name":"כריך טונה","description":"ממרחים וירקות לבחירה+ סלט אישי","price":35,"vegan":false,"vegetarian":false,"notFood":false,"drinks":false},{"name":"כריך קציצות עוף","description":"לחם, ממרחים וירקות לבחירה","price":35,"vegan":false,"vegetarian":false,"notFood":false,"drinks":false},{"name":"טוסט נקניק","description":"מוגש עם סלט","price":37,"vegan":true,"vegetarian":true,"image":"https://d25t2285lxl5rf.cloudfront.net/images/dishes/dc93ba60-997b-4b0f-ba2c-fdce20c5f75e.jpg","notFood":false,"drinks":false}]}