{"track_id":"11114","filters":["asianFusion","japaneseSushi"],"image":"https://tenbis-static.azureedge.net/restaurant-card-image/ResCard_11114_20220217133251.jpg","address":"המדע, 8 רחובות","location":[34.8051502,31.9122495],"name":"הסושיה","city":"נס ציונה - רחובות","priceAverage":46.3955223880597,"menu":[{"name":"אינסיידאאוט","description":"דג אחד ושני ירקות לבחירה","price":38,"vegan":false,"vegetarian":false,"image":"https://d25t2285lxl5rf.cloudfront.net/images/dishes/64dd442b-cbba-4c19-9d41-4cb892856226.jpg","notFood":false,"drinks":false},{"name":"קומבינציית סלמון","description":"2 יח' סשימי סלמון\n2 יח' ניגירי סלמון\n8 יח' o/i סלמון ואבוקדו\n4 יח' פוטומאקי o/i סלמון אבוקדו\nמלפפון וגזר","price":79,"vegan":false,"vegetarian":false,"image":"https://d25t2285lxl5rf.cloudfront.net/images/dishes/eec4539c-fe5a-4246-8338-8a6d506fa219.jpg","notFood":false,"drinks":false},{"name":"קומבינציה קלאסית","description":"8 יח' o/i סלמון אבוקדו\n8 יח' o/i סלמון בטמפורה ומלפפון\n8 יח' מאקי טונה","price":71,"vegan":false,"vegetarian":false,"image":"https://d25t2285lxl5rf.cloudfront.net/images/dishes/3f2bb5d4-0efd-44d4-a5f1-30e900682330.jpg","notFood":false,"drinks":false},{"name":"פאד תאי עוף","description":"אטריות אורז מוקפצות עם  עוף , גזר, כרוב, נבטים ונטיפי\nביצה ברוטב תאילנדי. בעיטור בוטנים, בצל ירוק, כוסברה ופלח לימון\n","price":56,"vegan":false,"vegetarian":false,"image":"https://d25t2285lxl5rf.cloudfront.net/images/dishes/bdfa6dbc-2303-457f-b400-b0515227ef02.jpg","notFood":false,"drinks":false},{"name":"דג","description":"דג אחד לבחירה","price":24,"vegan":false,"vegetarian":false,"image":"https://d25t2285lxl5rf.cloudfront.net/images/dishes/2489090c-0f48-4312-9c1d-c9f7eeb14cbf.jpg","notFood":false,"drinks":false},{"name":"אינסיידאאוט צמחוני","description":"עד שלושה סוגי ירקות לבחירה","price":34,"vegan":true,"vegetarian":true,"image":"https://d25t2285lxl5rf.cloudfront.net/images/dishes/a4715426-36e3-4ef7-82ed-f54eeb836e28.jpg","notFood":false,"drinks":false},{"name":"קימצי","description":"","price":18,"vegan":true,"vegetarian":true,"image":"https://d25t2285lxl5rf.cloudfront.net/images/dishes/9d7fcc12-30fa-42e2-9178-7b975af21e1e.jpg","notFood":false,"drinks":false},{"name":"סלט וואקמה","description":"אטריות זכוכית, אצות וואקמה, גזר, מלפפון, בצל ירוק ושומשום","price":22,"vegan":true,"vegetarian":true,"image":"https://d25t2285lxl5rf.cloudfront.net/images/dishes/5db0de95-3334-464b-a184-9cadffc8f879.jpg","notFood":false,"drinks":false},{"name":"אגרול - יחידה אחת","description":"בליווי מטבל צ'ילי לימון","price":15,"vegan":true,"vegetarian":true,"image":"https://d25t2285lxl5rf.cloudfront.net/images/dishes/9e4d5727-ff3a-452b-a7ee-6f7a8655576d.jpg","notFood":false,"drinks":false},{"name":"אגרול - שלוש יחידות","description":"בליווי מטבל צ'ילי לימון","price":39,"vegan":true,"vegetarian":true,"image":"https://d25t2285lxl5rf.cloudfront.net/images/dishes/559b5b4d-9c87-495b-9994-cf391c87a4dd.jpg","notFood":false,"drinks":false},{"name":"כנפיים","description":"כנפי עוף ברוטב צ'ילי הדרים ושומשום","price":36,"vegan":false,"vegetarian":false,"image":"https://d25t2285lxl5rf.cloudfront.net/images/dishes/ce9bbfda-a464-4428-94b6-75912cd4d3ec.jpg","notFood":false,"drinks":false},{"name":"נגאסקי","description":"נתחוני עוף בבלילת בירה ושומשום קלוי, בליווי צ'ילי מתוק/חריף ","price":32,"vegan":false,"vegetarian":false,"image":"https://d25t2285lxl5rf.cloudfront.net/images/dishes/b3da27b3-4be5-4ad7-aff6-4493ee43169c.jpg","notFood":false,"drinks":true},{"name":"שרימפס","description":"שרימפס במעטפת קראנצ', בצל ירוק ופלח לימון בליווי מטבלי\nאיולי נענע ואיולי קארי","price":49,"vegan":false,"vegetarian":false,"image":"https://d25t2285lxl5rf.cloudfront.net/images/dishes/01e8110d-81b7-4111-b588-4118cca58d1e.jpg","notFood":false,"drinks":false},{"name":"פטריות בטמפורה","description":"\nפטריות בציפוי פריך, ברוטב טריאקי\n","price":34,"vegan":true,"vegetarian":true,"image":"https://d25t2285lxl5rf.cloudfront.net/images/dishes/7214a8b7-ff5f-4fa3-8e9b-63660747e9d1.jpg","notFood":false,"drinks":false},{"name":"סלט אסייתי","description":"כרוב לבן, גזר ומלפפון ברוטב אסייתי, בעיטור שומשום\r\nושבבי בטטה","price":22,"vegan":true,"vegetarian":true,"image":"https://d25t2285lxl5rf.cloudfront.net/images/dishes/dd3f86b3-338f-4d7a-b7d4-42bd6614f7fc.jpg","notFood":false,"drinks":false},{"name":"סלט מלפפונים ועוף","description":"עוף קצוץ, מלפפון וכוסברה, ברוטב חמאת בוטנים וקוקוס\r\nובעיטור בוטנים;","price":31,"vegan":false,"vegetarian":false,"image":"https://d25t2285lxl5rf.cloudfront.net/images/dishes/f589b107-fdce-4154-95bf-58577a6df177.jpg","notFood":false,"drinks":false},{"name":"אורז מאודה","description":"","price":14,"vegan":true,"vegetarian":true,"image":"https://d25t2285lxl5rf.cloudfront.net/images/dishes/ab08b131-16fd-45ba-8f76-3c3a783e569b.jpg","notFood":false,"drinks":false},{"name":"אורז מוקפץ","description":"","price":18,"vegan":true,"vegetarian":true,"image":"https://d25t2285lxl5rf.cloudfront.net/images/dishes/3cb528cd-724f-43b9-9c1b-75ddbeb28839.jpg","notFood":false,"drinks":false},{"name":"קלמארי","description":"טבעות קלמארי בציפוי טמפורה, בליווי איולי קארי, לימון ועירית","price":42,"vegan":true,"vegetarian":true,"image":"https://d25t2285lxl5rf.cloudfront.net/images/dishes/78268591-b3b0-4dc3-b45d-b3a6f83140fd.jpg","notFood":false,"drinks":false},{"name":"כנפיים 12 יח'","description":"","price":49,"vegan":false,"vegetarian":false,"image":"","notFood":false,"drinks":false},{"name":"כנפיים 16 יח'","description":"","price":64,"vegan":false,"vegetarian":false,"image":"","notFood":false,"drinks":false},{"name":"שניצלוני עוף קריספי בשומשום","description":"מוגשים לצד רוטב צ'ילי מתוק","price":32,"vegan":false,"vegetarian":false,"image":"","notFood":false,"drinks":false},{"name":"מרק מיסו","description":"אצות וואקמה, דאשי, מיסו וקוביות טופו, בעיטור בצל ירוק","price":19,"vegan":true,"vegetarian":true,"image":"https://d25t2285lxl5rf.cloudfront.net/images/dishes/3e9450ae-0b12-4d7b-ab64-8eea44341b77.jpg","notFood":false,"drinks":false},{"name":"מרק תירס","description":"בצל, קרם קוקוס ותירס, בעיטור בצל ירוק\n","price":22,"vegan":true,"vegetarian":true,"image":"https://d25t2285lxl5rf.cloudfront.net/images/dishes/7cde196a-014f-42f0-8892-05616006e006.jpg","notFood":false,"drinks":false},{"name":"מרק טום יאם","description":"שרימפס, קלאמרי, מולים, אטריות אודון, פטריות שמפיניון,\nנבטים, עגבניות שרי, בצל ירוק, צ'ילי אדום, ג'ינגר, למון גראס\nוכפיר ליים\n","price":59,"vegan":false,"vegetarian":false,"image":"https://d25t2285lxl5rf.cloudfront.net/images/dishes/4cd48d82-1960-4dbf-bcc7-9171ca44a999.jpg","notFood":false,"drinks":false},{"name":"מרק ראמן עוף","description":"ציר עוף, אטריות אודון, פטריות שיטאקה, בצל ירוק, נבטים,\nכרישה וגזר","price":56,"vegan":false,"vegetarian":false,"image":"https://d25t2285lxl5rf.cloudfront.net/images/dishes/cccc7783-1db1-4142-8010-9264405bcd71.jpg","notFood":false,"drinks":false},{"name":"מרק ראמן בקר","description":"ציר בקר, אטריות אודון, פטריות שיטאקה, בצל ירוק, נבטים,\nכרישה וגזר","price":59,"vegan":false,"vegetarian":false,"image":"https://d25t2285lxl5rf.cloudfront.net/images/dishes/ddbdcc16-129e-4afa-a9c9-032e127cf576.jpg","notFood":false,"drinks":false},{"name":"סלט הסושיה - טופו","description":"טופו בציפוי פריך, חסה אייסברג, מלפפון,\nקוביות בטטה, בצל סגול ופרי העונה. ברוטב וויניגרט הדרים,\nבעיטור בוטנים ושבבי בטטה","price":44,"vegan":true,"vegetarian":true,"image":"https://d25t2285lxl5rf.cloudfront.net/images/dishes/b23e49c4-004b-4900-87f1-bfee9567208b.jpg","notFood":false,"drinks":false},{"name":"סלט הסושיה - עוף","description":"עוף, בציפוי פריך, חסה אייסברג, מלפפון,\nקוביות בטטה, בצל סגול ופרי העונה. ברוטב וויניגרט הדרים,\nבעיטור בוטנים ושבבי בטטה","price":48,"vegan":false,"vegetarian":false,"image":"https://d25t2285lxl5rf.cloudfront.net/images/dishes/3adac3e8-6cdd-4569-ac80-ea78e22402ad.jpg","notFood":false,"drinks":false},{"name":"סלט הסושיה - קלמארי","description":"קלמארי, בציפוי פריך, חסה אייסברג, מלפפון,\nקוביות בטטה, בצל סגול ופרי העונה. ברוטב וויניגרט הדרים,\nבעיטור בוטנים ושבבי בטטה","price":50,"vegan":true,"vegetarian":true,"image":"https://d25t2285lxl5rf.cloudfront.net/images/dishes/413dd538-d7f5-4b47-8370-f6fed8510f0d.jpg","notFood":false,"drinks":false},{"name":"סלט וויאטנמי טופו","description":"טופו בציפוי פריך , חסה אייסברג,\nנבטים, מלפפון, גזר ופטריות שיטאקה. ברוטב חמאת בוטנים\nוקוקוס ובעיטור בוטנים, שבבי בצל שאלוט ושומשום\n","price":52,"vegan":false,"vegetarian":true,"image":"https://d25t2285lxl5rf.cloudfront.net/images/dishes/0f38db10-c04d-4581-b04b-4c9732e28740.jpg","notFood":false,"drinks":false},{"name":"סלט וויאטנמי עוף","description":" עוף בציפוי פריך, חסה אייסברג,\nנבטים, מלפפון, גזר ופטריות שיטאקה. ברוטב חמאת בוטנים\nוקוקוס ובעיטור בוטנים, שבבי בצל שאלוט ושומשום\n","price":56,"vegan":false,"vegetarian":false,"image":"https://d25t2285lxl5rf.cloudfront.net/images/dishes/217d861a-32c4-46b9-a1bb-36525de52f6f.jpg","notFood":false,"drinks":false},{"name":"סלט וויאטנמי קלמארי","description":" קלמארי בציפוי פריך, חסה אייסברג,\nנבטים, מלפפון, גזר ופטריות שיטאקה. ברוטב חמאת בוטנים\nוקוקוס ובעיטור בוטנים, שבבי בצל שאלוט ושומשום\n","price":56,"vegan":false,"vegetarian":true,"image":"https://d25t2285lxl5rf.cloudfront.net/images/dishes/fd24780c-b08f-4f10-be72-d856872d3f5d.jpg","notFood":false,"drinks":false},{"name":"סלט וויאטנמי שרימפס","description":"שרימפס בציפוי פריך, חסה אייסברג,\nנבטים, מלפפון, גזר ופטריות שיטאקה. ברוטב חמאת בוטנים\nוקוקוס ובעיטור בוטנים, שבבי בצל שאלוט ושומשום\n","price":57,"vegan":false,"vegetarian":false,"image":"https://d25t2285lxl5rf.cloudfront.net/images/dishes/5c2f2b53-bf2c-44d5-85a3-b1668dce7865.jpg","notFood":false,"drinks":false},{"name":"סלט אווז","description":"אווז מוקפץ עם בצל לבן ומיקס פטריות, ברוטב טריאקי.\nעל מצע חסה אייסברג, בטטה ומלפפון. ברוטב וויניגרט אסייתי\nובעיטור קשיו\n","price":59,"vegan":false,"vegetarian":false,"image":"https://d25t2285lxl5rf.cloudfront.net/images/dishes/e72cee01-0176-4993-b340-7d72c1882418.jpg","notFood":false,"drinks":false},{"name":"סלט פוקי שרימפס מטוגן","description":" שרימפס מטוגן, אבוקדו, מלפפון, בצל ירוק,\nפטריות שיטאקה וקוביות בטטה, על מצע אורז סושי. בליווי\nספייסי מיונז וסויה, עם שבבי בטטה ושומשום מעל","price":57,"vegan":false,"vegetarian":false,"image":"https://d25t2285lxl5rf.cloudfront.net/images/dishes/4d9a5c61-2f21-44bf-a5a8-b6b1187175f4.jpg","notFood":false,"drinks":false},{"name":"סלט פוקי טונה","description":"טרטר טונה, אבוקדו, מלפפון, בצל ירוק, פטריות\nשיטאקה, קוביות בטטה, על מצע אורז סושי. בליווי ספייסי\nמיונז וסויה, עם שבבי בטטה ושומשום מעל","price":62,"vegan":false,"vegetarian":false,"image":"https://d25t2285lxl5rf.cloudfront.net/images/dishes/2f8d33ff-c01c-4a8d-8d7e-c9857d20adec.jpg","notFood":false,"drinks":false},{"name":"סלט פוקי קלמארי מטוגן","description":"קלאמרי מטוגן, אבוקדו, מלפפון, בצל ירוק,\nפטריות שיטאקה וקוביות בטטה, על מצע אורז סושי. בליווי\nספייסי מיונז וסויה, עם שבבי בטטה ושומשום מעל","price":54,"vegan":false,"vegetarian":true,"image":"","notFood":false,"drinks":false},{"name":"סלט פוקי סלמון","description":"טרטר סלמון , אבוקדו, מלפפון, בצל ירוק, פטריות\nשיטאקה, קוביות בטטה, על מצע אורז סושי. בליווי ספייסי\nמיונז וסויה, עם שבבי בטטה ושומשום מעל","price":58,"vegan":false,"vegetarian":false,"image":"","notFood":false,"drinks":false},{"name":"גיוזה ירקות","description":"בליווי רוטב פונזי","price":29,"vegan":true,"vegetarian":true,"image":"https://d25t2285lxl5rf.cloudfront.net/images/dishes/68bdaadf-d1cc-4cfa-85ac-310a53b02deb.jpg","notFood":false,"drinks":false},{"name":"גיוזה עוף","description":"בליווי רוטב פונזי","price":29,"vegan":false,"vegetarian":false,"image":"https://d25t2285lxl5rf.cloudfront.net/images/dishes/68ee35bf-6157-4c11-823c-45bedd42ebbd.jpg","notFood":false,"drinks":false},{"name":"גיוזה אווז","description":"בליווי רוטב פונזי","price":29,"vegan":false,"vegetarian":false,"image":"https://d25t2285lxl5rf.cloudfront.net/images/dishes/57081831-163d-47f5-a525-b855b2a2262c.jpg","notFood":false,"drinks":false},{"name":"קריספי בטטה","description":"בטטה קראנצ'ית בליווי צ'ילי לימון\n","price":36,"vegan":true,"vegetarian":true,"image":"https://d25t2285lxl5rf.cloudfront.net/images/dishes/00e19671-eb52-4f20-856f-ba210b3d28fe.jpg","notFood":false,"drinks":false},{"name":"כריך הסושיה סלמון","description":"רול סושי מטוגן במילוי סלמון בטמפורה,  אבוקדו,\nמלפפון, קולסלאו אסייתי. בליווי איולי נענע, ספייסי מיונז וקימצ'י\n(מוגש ככריך)","price":46,"vegan":false,"vegetarian":false,"image":"https://d25t2285lxl5rf.cloudfront.net/images/dishes/d38313ce-171e-4ab8-95ad-acbdc1c60c6c.jpg","notFood":false,"drinks":false},{"name":"באן אווז","description":"אווז  מטוגן, מוקפץ עם בצל ירוק, קולסלאו\nאסיאתי, איולי נענע","price":54,"vegan":false,"vegetarian":false,"image":"","notFood":false,"drinks":false},{"name":"באן שרימפס","description":"שרימפס  מטוגן, מוקפץ עם בצל ירוק, קולסלאו\nאסיאתי, איולי נענע","price":54,"vegan":false,"vegetarian":false,"image":"","notFood":false,"drinks":false},{"name":"כריך הסושיה טונה","description":"רול סושי מטוגן במילוי  טונה, אבוקדו,\nמלפפון, קולסלאו אסייתי. בליווי איולי נענע, ספייסי מיונז וקימצ'י\n(מוגש ככריך)","price":49,"vegan":false,"vegetarian":false,"image":"","notFood":false,"drinks":false},{"name":"סי פוד אודון","description":"אטריות אודון מוקפצות עם שרימפס, קלאמרי, בצל סגול וירוק,\nעגבניות שרי, צ'ילי חריף, ברוטב אסייתי","price":66,"vegan":false,"vegetarian":false,"image":"https://d25t2285lxl5rf.cloudfront.net/images/dishes/1478c91f-834a-47fb-9add-5d2925ba677b.jpg","notFood":false,"drinks":false},{"name":"המנצחת עוף","description":"אטריות ביצים מוקפצות עם עוף , פטריות, בצל לבן וירוק.\r\nברוטב קארי צהוב, קוקוס וחמאת בוטנים, בעיטור בוטנים\r\n","price":61,"vegan":false,"vegetarian":false,"image":"https://d25t2285lxl5rf.cloudfront.net/images/dishes/d8068d0f-f5db-4b8c-88e5-c58c303c84d1.jpg","notFood":false,"drinks":false},{"name":"בקר סצ'ואן","description":"רצועות  בקר מוקפצות עם בצל לבן ופלפלים בשני\nצבעים. ברוטב סצ'ואן, על מצע אורז מאודה ובעיטור בוטנים\n","price":59,"vegan":false,"vegetarian":false,"image":"https://d25t2285lxl5rf.cloudfront.net/images/dishes/ae53eba9-22ca-49a4-a24f-05521014d043.jpg","notFood":false,"drinks":false},{"name":"צ'יקן קארי","description":"רצועות עוף מוקפצות עם בצל סגול, שעועית, בטטה ועגבניות\nשרי, ברוטב קארי צהוב וחמאת בוטנים. בעיטור בצל ירוק, כוסברה,\nשבבי שאלוט ובוטנים, בליווי אורז לבן\n","price":54,"vegan":false,"vegetarian":false,"image":"https://d25t2285lxl5rf.cloudfront.net/images/dishes/32b92e88-e8b9-4e62-bc8c-e0dfb3917950.jpg","notFood":false,"drinks":false},{"name":"גרין קארי בקר","description":"אטריות אורז מוקפצות עם בקר, ברוקולי, בצל סגול,\nשעועית ובייבי תרד, ברוטב קארי ירוק וקוקוס. בעיטור בצל ירוק וכוסברה","price":62,"vegan":false,"vegetarian":false,"image":"https://d25t2285lxl5rf.cloudfront.net/images/dishes/0f1c23d2-6eb1-4cbd-b3bc-efa10bcdff15.jpg","notFood":false,"drinks":false},{"name":"ספייסי ביף","description":"אטריות ביצים מוקפצות עם בקר, מיקס פטריות, אספרגוס, בטטה,\nצ'ילי חריף ונטיפי ביצה, ברוטב פיקנטי ובעיטור בצל ירוק וקשיו ","price":62,"vegan":false,"vegetarian":false,"image":"https://d25t2285lxl5rf.cloudfront.net/images/dishes/b3c44e7e-1126-400a-b6b4-a74a861bcc56.jpg","notFood":false,"drinks":false},{"name":"סאקה סלמון","description":"אטריות ביצים מוקפצות עם קוביות סלמון, בצל סגול, ברוקולי, גזר, כרוב\nלבן ונטיפי ביצה. ברוטב טריאקי ובעיטור בצל ירוק וקשיו","price":65,"vegan":false,"vegetarian":false,"image":"https://d25t2285lxl5rf.cloudfront.net/images/dishes/caa958a3-545a-4133-a0f0-08f1c2e16e0e.jpg","notFood":false,"drinks":false},{"name":"פרייד רייס עוף","description":"אורז מוקפץ עם גזר, כרוב, בצל לבן וירוק ונטיפי ביצה, ברוטב אסייתי","price":55,"vegan":false,"vegetarian":false,"image":"https://d25t2285lxl5rf.cloudfront.net/images/dishes/d8e67083-ce25-4747-970f-111cbff03b83.jpg","notFood":false,"drinks":false},{"name":"פרייד רייס בקר","description":"אורז מוקפץ עם גזר, כרוב, בצל לבן וירוק ונטיפי ביצה, ברוטב אסייתי","price":59,"vegan":false,"vegetarian":false,"image":"https://d25t2285lxl5rf.cloudfront.net/images/dishes/0d803bcb-4fc9-4e90-b175-cc4c97e989ca.jpg","notFood":false,"drinks":false},{"name":"היפנית","description":"אטריות אודון מוקפצות עם חזה אווז, בצל סגול, פטריות שיטאקה ושמפיניון,\nקוביות בטטה. ברוטב אוייסטר אסייתי ובעיטור בצל ירוק וקשיו","price":66,"vegan":false,"vegetarian":false,"image":"https://d25t2285lxl5rf.cloudfront.net/images/dishes/8d53fa72-fb88-48fb-b74d-72852fa23622.jpg","notFood":false,"drinks":false},{"name":"צופ סוי טופו","description":"טופו, בצל סגול, כרוב לבן, גזר, פטריות, ברוקולי, בטטה, קישואים\nוחצילים מוקפצים ברוטב אסייתי. בעיטור בוטנים, בצל ירוק ושבבי שאלוט","price":51,"vegan":true,"vegetarian":true,"image":"https://d25t2285lxl5rf.cloudfront.net/images/dishes/ef11f8de-5928-42ec-a950-44f657a32ba5.jpg","notFood":false,"drinks":false},{"name":"צופ סוי עוף","description":"עוף, בצל סגול, כרוב לבן, גזר, פטריות, ברוקולי, בטטה, קישואים\nוחצילים מוקפצים ברוטב אסייתי. בעיטור בוטנים, בצל ירוק ושבבי שאלוט","price":53,"vegan":false,"vegetarian":false,"image":"https://d25t2285lxl5rf.cloudfront.net/images/dishes/5c15888c-3a83-4891-ae27-da1f8db82d88.jpg","notFood":false,"drinks":false},{"name":"פאד קפאו","description":"בקר טחון מוקפץ עם בצל לבן, קישואים וחצילים ברוטב בזיליקום תאילנדי.\nעל מצע אורז מאודה וביצת עין מעל\n","price":63,"vegan":false,"vegetarian":false,"image":"https://d25t2285lxl5rf.cloudfront.net/images/dishes/425eafc4-a07c-4454-a385-883e29aad007.jpg","notFood":false,"drinks":false},{"name":"פאד תאי טופו","description":"אטריות אורז מוקפצות עם טופו, גזר, כרוב, נבטים ונטיפי\nביצה ברוטב תאילנדי. בעיטור בוטנים, בצל ירוק, כוסברה ופלח לימון\n","price":52,"vegan":false,"vegetarian":true,"image":"https://d25t2285lxl5rf.cloudfront.net/images/dishes/4cf88971-75fe-41bd-a507-bf8c3ddf4ecd.jpg","notFood":false,"drinks":false},{"name":"פאד תאי עוף","description":"אטריות אורז מוקפצות עם  עוף , גזר, כרוב, נבטים ונטיפי\nביצה ברוטב תאילנדי. בעיטור בוטנים, בצל ירוק, כוסברה ופלח לימון\n","price":56,"vegan":false,"vegetarian":false,"image":"https://d25t2285lxl5rf.cloudfront.net/images/dishes/bdfa6dbc-2303-457f-b400-b0515227ef02.jpg","notFood":false,"drinks":false},{"name":"פאד תאי סי- פוד","description":"אטריות אורז מוקפצות עם  סי-פוד, גזר, כרוב, נבטים ונטיפי\nביצה ברוטב תאילנדי. בעיטור בוטנים, בצל ירוק, כוסברה ופלח לימון\n","price":60,"vegan":false,"vegetarian":true,"image":"https://d25t2285lxl5rf.cloudfront.net/images/dishes/00fb6a63-5522-4f71-833e-5cc07ae62d73.jpg","notFood":false,"drinks":false},{"name":"המנצחת בקר","description":"אטריות ביצים מוקפצות עם בקר, פטריות, בצל לבן וירוק.\nברוטב קארי צהוב, קוקוס וחמאת בוטנים, בעיטור בוטנים\n","price":65,"vegan":false,"vegetarian":false,"image":"","notFood":false,"drinks":false},{"name":"המנצחת טופו","description":"אטריות ביצים מוקפצות עם טופו, פטריות, בצל לבן וירוק.\r\nברוטב קארי צהוב, קוקוס וחמאת בוטנים, בעיטור בוטנים\r\n","price":57,"vegan":false,"vegetarian":true,"image":"","notFood":false,"drinks":false},{"name":"טופו סצ'ואן","description":"רצועות טופו מוקפצות עם בצל לבן ופלפלים בשני\nצבעים. ברוטב סצ'ואן, על מצע אורז מאודה ובעיטור בוטנים\n","price":54,"vegan":true,"vegetarian":true,"image":"","notFood":false,"drinks":false},{"name":"עוף סצ'ואן","description":"רצועות עוף מוקפצות עם בצל לבן ופלפלים בשני\nצבעים. ברוטב סצ'ואן, על מצע אורז מאודה ובעיטור בוטנים\n","price":57,"vegan":false,"vegetarian":false,"image":"","notFood":false,"drinks":false},{"name":"גרין קארי טופו","description":"אטריות אורז מוקפצות עם טופו, ברוקולי, בצל סגול,\nשעועית ובייבי תרד, ברוטב קארי ירוק וקוקוס. בעיטור בצל ירוק וכוסברה","price":55,"vegan":true,"vegetarian":true,"image":"","notFood":false,"drinks":false},{"name":"גרין קארי עוף","description":"אטריות אורז מוקפצות עם  עוף , ברוקולי, בצל סגול,\nשעועית ובייבי תרד, ברוטב קארי ירוק וקוקוס. בעיטור בצל ירוק וכוסברה","price":58,"vegan":false,"vegetarian":false,"image":"","notFood":false,"drinks":false},{"name":"עוף בלימון","description":"עוף בציפוי טמפורה בתיבול צ'ילי מתוק, לימון וסויה. בליווי\nאורז מאודה\n","price":57,"vegan":false,"vegetarian":false,"image":"https://d25t2285lxl5rf.cloudfront.net/images/dishes/ac52f36b-079c-4787-96ce-2d2d2db09ad7.jpg","notFood":false,"drinks":false},{"name":"פנקו צ'יקן","description":"חזה עוף בציפוי פנקו, על מצע אורז מוקפץ. בליווי איולי קארי /\nאיולי נענע","price":56,"vegan":false,"vegetarian":false,"image":"https://d25t2285lxl5rf.cloudfront.net/images/dishes/981a43e7-9d05-4519-8941-6fbfdcd3dae6.jpg","notFood":false,"drinks":false},{"name":"טורו טריאקי צ'יקן","description":"חזה עוף בטריאקי בליווי קריספי בטטה\n","price":56,"vegan":false,"vegetarian":false,"image":"https://d25t2285lxl5rf.cloudfront.net/images/dishes/7c681053-52de-49dc-9008-7c3f2215bd55.jpg","notFood":false,"drinks":false},{"name":"פיש אנד צ'יפס","description":"דג לבן בציפוי פריך, בליווי קריספי בטטה, איולי קארי ואיולי נענע\n\n","price":79,"vegan":false,"vegetarian":false,"image":"https://d25t2285lxl5rf.cloudfront.net/images/dishes/a44b9555-4b40-49cd-aa88-c04f186d714b.jpg","notFood":false,"drinks":false},{"name":"סי-פוד","description":"שרימפס, קלאמרי ומולים בחמאת שום לימון, ג'ינגר יוזו\nוכוסברה. בליווי אורז מאודה ועיטור בצל ירוק וצ'ילי חריף","price":82,"vegan":false,"vegetarian":false,"image":"https://d25t2285lxl5rf.cloudfront.net/images/dishes/49aca411-bbd8-498e-b0e4-895784ddb42a.jpg","notFood":false,"drinks":false},{"name":"שניצלונים","description":"מכילים שומשום -מוגש עם אורז ושתייה לבחירה","price":44,"vegan":false,"vegetarian":false,"image":"https://d25t2285lxl5rf.cloudfront.net/images/dishes/81ca0aed-2056-4772-92d4-0ecb98304d3e.jpg","notFood":false,"drinks":false},{"name":"נודלס","description":"עם עוף ברוטב טריאקי","price":44,"vegan":false,"vegetarian":false,"image":"https://d25t2285lxl5rf.cloudfront.net/images/dishes/43fa2b3a-9e98-4a76-a2d4-af03f800fe35.jpg","notFood":false,"drinks":false},{"name":"אינסיידאאוט צמחוני","description":"עד שלושה סוגי ירקות לבחירה","price":34,"vegan":true,"vegetarian":true,"image":"https://d25t2285lxl5rf.cloudfront.net/images/dishes/a4715426-36e3-4ef7-82ed-f54eeb836e28.jpg","notFood":false,"drinks":false},{"name":"אינסיידאאוט","description":"דג אחד ושני ירקות לבחירה","price":38,"vegan":false,"vegetarian":false,"image":"https://d25t2285lxl5rf.cloudfront.net/images/dishes/64dd442b-cbba-4c19-9d41-4cb892856226.jpg","notFood":false,"drinks":false},{"name":"סשימי סלמון","description":"3 יחידות","price":36,"vegan":false,"vegetarian":false,"image":"https://d25t2285lxl5rf.cloudfront.net/images/dishes/b9b6e0a6-8d30-44bf-8be7-2527d114c3a8.jpg","notFood":false,"drinks":false},{"name":"סשימי דניס","description":"3 יחידות ","price":34,"vegan":false,"vegetarian":false,"image":"https://d25t2285lxl5rf.cloudfront.net/images/dishes/710fcd78-be37-4763-8987-0ff4e55d4af7.jpg","notFood":false,"drinks":false},{"name":"סשימי טונה","description":"3 יחידות","price":39,"vegan":false,"vegetarian":false,"image":"","notFood":false,"drinks":false},{"name":"קומבינציית סלמון","description":"2 יח' סשימי סלמון\n2 יח' ניגירי סלמון\n8 יח' o/i סלמון ואבוקדו\n4 יח' פוטומאקי o/i סלמון אבוקדו\nמלפפון וגזר","price":79,"vegan":false,"vegetarian":false,"image":"https://d25t2285lxl5rf.cloudfront.net/images/dishes/eec4539c-fe5a-4246-8338-8a6d506fa219.jpg","notFood":false,"drinks":false},{"name":"קומבינציה טבעונית","description":"8 יח' o/i קאמפיו, גזר ומלפפון\n8 יח' מאקי אבוקדו\n4 יח' סנדביץ' אבוקדו ושיטאקה","price":59,"vegan":true,"vegetarian":true,"image":"https://d25t2285lxl5rf.cloudfront.net/images/dishes/732da1f4-bb07-41a4-8038-7424ea0976bd.jpg","notFood":false,"drinks":false},{"name":"קומבינציה טונה","description":"2יח' ניגירי טונה\n8 יח' o/i ספייסי טונה ואבוקדו\n8 יח' מאקי טונה","price":69,"vegan":false,"vegetarian":false,"image":"https://d25t2285lxl5rf.cloudfront.net/images/dishes/a2ac5814-f6dc-4d9f-864e-2b9bb759f71d.jpg","notFood":false,"drinks":false},{"name":"קומבינציה צמחונית","description":"4 יח' פוטומאקי צמחוני\n8 יח' o/i טופו בטמפורה אבוקדו\n8 יח' o/i בטטה שיטאקה וקאמפיו\n2 יח' o/i ניגירי טמגו\n","price":69,"vegan":true,"vegetarian":true,"image":"https://d25t2285lxl5rf.cloudfront.net/images/dishes/90d5928f-590e-4cab-9182-f84d1a2c4f50.jpg","notFood":false,"drinks":false},{"name":"קומבינציית ים","description":"4 יח' פוטומאקי סלמון\n8 יח' o/i סלמון טמפורה ומלפפון\n8 יח' מאקי שרימפס\n8 יח' מאקי דג לבן","price":74,"vegan":false,"vegetarian":false,"image":"https://d25t2285lxl5rf.cloudfront.net/images/dishes/a72bc85f-b483-4abf-9154-469c15c22d09.jpg","notFood":false,"drinks":false},{"name":"קומבינציה קלאסית","description":"8 יח' o/i סלמון אבוקדו\n8 יח' o/i סלמון בטמפורה ומלפפון\n8 יח' מאקי טונה","price":71,"vegan":false,"vegetarian":false,"image":"https://d25t2285lxl5rf.cloudfront.net/images/dishes/3f2bb5d4-0efd-44d4-a5f1-30e900682330.jpg","notFood":false,"drinks":false},{"name":"קומבינציית פירות ים","description":"8 יח' o/i שרימפס בטטה אבוקדו\n8 יח' o/i קלמרי אבוקדו בצל ירוק\n2 שיפודי יקיטורי שרימפס מטוגן\nסלט מלפפונים אישי","price":71,"vegan":false,"vegetarian":false,"image":"https://d25t2285lxl5rf.cloudfront.net/images/dishes/8ed19205-0c32-48b1-bb9e-420e1583a878.jpg","notFood":false,"drinks":false},{"name":"קומבינציה מטוגנת","description":"8 יח' רול מטוגן סלמון ואבוקדו\r\n4 יח׳ סנדביץ' מטוגן\r\nסלמון בטטה ואבוקדו\r\n","price":75,"vegan":false,"vegetarian":false,"image":"https://d25t2285lxl5rf.cloudfront.net/images/dishes/eae605d3-ec73-49bd-8577-1152d73895ac.jpg","notFood":false,"drinks":false},{"name":"קומבינציה זוגית טבעונית","description":"8 יח' o/i קאמפיו, בצל ירוק, מלפפון\nואבוקדו\n8 יח' o/i שיטאקה, אבוקדו,\nבצל ירוק וגזר\n8 יח' מאקי אבוקדו\n4 יח' o/i סנדביץ' אבוקדו, שיטאקה\nובצל ירוק","price":99,"vegan":true,"vegetarian":true,"image":"https://d25t2285lxl5rf.cloudfront.net/images/dishes/5e87336e-4651-4d5b-9ae4-dc0c53d54bba.jpg","notFood":false,"drinks":false},{"name":"זוגית צמחונית","description":"8 יח' o/i בטטה בטמפורה, אבוקדו,\nשיטאקה, במעטפת אבוקדו\n8 יח' o/i טופו בטמפורה, אבוקדו,\nבצל ירוק ומלפפון\n4 יח' o/i סנדביץ' אבוקדו, טמגו,\nבצל ירוק ושיטאקה\n8 יח' מאקי אבוקדו","price":99,"vegan":true,"vegetarian":true,"image":"https://d25t2285lxl5rf.cloudfront.net/images/dishes/1f4a1e18-fa72-4267-ac6b-6d6d652fdec7.jpg","notFood":false,"drinks":false},{"name":"זוגית חם קר","description":"8 יח' פנקו סלמון ואבוקדו\n8 יח' פנקו שרימפס ואבוקדו\n4 יח' o/i סנדביץ' סלמון,\nבטטה ואבוקדו\n8 יח' מאקי ספייסי טונה","price":122,"vegan":false,"vegetarian":false,"image":"https://d25t2285lxl5rf.cloudfront.net/images/dishes/48164027-6a4f-4873-8e13-9d29a37810e5.jpg","notFood":false,"drinks":false},{"name":"זוגית דגים ופירות ים","description":"8 יח' סלמון בטמפורה אבוקדו גזר\n8 יח' ספייסי טונה מלפפון אבוקדו\n8 יח' שרימפס בטמפורה שיטאקה\nואבוקדו\n8 יח' דג לבן בטטה בטמפורה קאמפיו\nובצל ירוק\n","price":119,"vegan":false,"vegetarian":false,"image":"https://d25t2285lxl5rf.cloudfront.net/images/dishes/3da5ac6d-85c9-4907-aa78-08805430f912.jpg","notFood":false,"drinks":false},{"name":"קומבינציה זוגית","description":"8 יח' o/i סלמון, אבוקדו וגזר\r\n8 יח' o/i בטטה, קאמפיו, אבוקדו\r\nובצל ירוק\r\n4 יח' o/i סנדביץ ספייסי טונה\r\n8 יח' מאקי טמגו\r\n","price":109,"vegan":false,"vegetarian":false,"image":"https://d25t2285lxl5rf.cloudfront.net/images/dishes/5a317657-01a1-4a4b-8ebd-4a9fe344a5ff.jpg","notFood":false,"drinks":false},{"name":"סנדוויץ' סושי צמחוני","description":"אינסיידאאוט בטטה, טמגו ואבוקדו בציפוי פירורי פנגו (לא מטוג) ","price":39,"vegan":true,"vegetarian":true,"image":"https://d25t2285lxl5rf.cloudfront.net/images/dishes/57f31a21-5279-4351-9c0c-1b5c9a04fe87.jpg","notFood":false,"drinks":false},{"name":"סנדוויץ' סושי דג","description":"דג לבחירה בציפוי עם אבוקדו ובצל ירוק קצוץ","price":44,"vegan":false,"vegetarian":false,"image":"https://d25t2285lxl5rf.cloudfront.net/images/dishes/92582a28-1745-4b95-a02d-8255d726a396.jpg","notFood":false,"drinks":false},{"name":"צמחוני","description":"ירק אחד לבחירה.","price":20,"vegan":true,"vegetarian":true,"image":"https://d25t2285lxl5rf.cloudfront.net/images/dishes/5539bcf7-5aeb-4233-a340-3ae735d03768.jpg","notFood":false,"drinks":false},{"name":"דג","description":"דג אחד לבחירה","price":24,"vegan":false,"vegetarian":false,"image":"https://d25t2285lxl5rf.cloudfront.net/images/dishes/2489090c-0f48-4312-9c1d-c9f7eeb14cbf.jpg","notFood":false,"drinks":false},{"name":"ספייסי טונה","description":"טונה מתובלת, אבוקדו ובצל ירוק. במעטפת אבוקדו\nוטוגרשי\n","price":49,"vegan":false,"vegetarian":false,"image":"https://d25t2285lxl5rf.cloudfront.net/images/dishes/8dfe73ef-d2ad-404d-9de5-eec478f3e336.jpg","notFood":false,"drinks":false},{"name":"ריינבואו","description":"דג לבן, טונה, מלפפון, גזר ובצל ירוק. במעטפת סלמון,\nאבוקדו וטונה אדומה","price":54,"vegan":false,"vegetarian":false,"image":"https://d25t2285lxl5rf.cloudfront.net/images/dishes/7ee42674-041c-4be2-910a-7fcac34d14bb.jpg","notFood":false,"drinks":false},{"name":"ספיידר רול","description":"דג לבן בטמפורה, אספרגוס, קאמפיו ושיטאקה. במעטפת\nשבבי שרימפס בטמפורה ונגיעות איולי יוזו וואסבי\n","price":52,"vegan":false,"vegetarian":false,"image":"https://d25t2285lxl5rf.cloudfront.net/images/dishes/c59b9175-ff9b-4606-b525-e468463bea88.jpg","notFood":false,"drinks":false},{"name":"סאן רול","description":"סלמון בטמפורה, אספרגוס, בטטה, גבינת שמנת ובצל\nירוק, במעטפת סלמון ואבוקדו\n","price":54,"vegan":false,"vegetarian":false,"image":"https://d25t2285lxl5rf.cloudfront.net/images/dishes/aca9cd29-a84d-476d-84fe-c2f3316b8d65.jpg","notFood":false,"drinks":false},{"name":"צ'אנג רול","description":"סלמון, שיטאקה, בצל ירוק וגבינת שמנת. במעטפת\nשבבי בטטה","price":49,"vegan":false,"vegetarian":false,"image":"https://d25t2285lxl5rf.cloudfront.net/images/dishes/9173f87b-6e1a-479a-8471-27884cb22180.jpg","notFood":false,"drinks":false},{"name":"דרגון רול סלמון","description":"סלמון בטמפורה, אבוקדו, אספרגוס, בצל ירוק ובטטה.\nבמעטפת אבוקדו, נגיעות ספייסי מיונז וטוביקו\n","price":53,"vegan":false,"vegetarian":false,"image":"https://d25t2285lxl5rf.cloudfront.net/images/dishes/8147716a-1d50-4c1e-8c50-138f118bccc6.jpg","notFood":false,"drinks":false},{"name":"Smoked סלמון","description":"סלמון, אבוקדו, אספרגוס, בטטה בטמפורה וגבינת שמנת.\nבמעטפת סלמון מעושן ונגיעות טוביקו","price":54,"vegan":false,"vegetarian":false,"image":"https://d25t2285lxl5rf.cloudfront.net/images/dishes/efcd45d1-e810-48d2-9342-96f55d335183.jpg","notFood":false,"drinks":false},{"name":"אקה טונה רול 5 יח'","description":"טונה, סלמון, דג לבן, אספרגוס, אבוקדו, בטמפורה )ללא\nאורז( בנגיעות ספייסי מיונז וטוביקו","price":49,"vegan":false,"vegetarian":false,"image":"https://d25t2285lxl5rf.cloudfront.net/images/dishes/33f0d599-bcd2-4e57-acd5-41f4bc8f75b7.jpg","notFood":false,"drinks":false},{"name":"קליפורניה רול","description":"שרימפס בטמפורה. אבוקדו, גזר, מלפפון ובצל ירוק.\nבמעטפת אבוקדו ועיטור גבינת שמנת מלמעלה","price":49,"vegan":false,"vegetarian":false,"image":"https://d25t2285lxl5rf.cloudfront.net/images/dishes/8844aa2f-8202-43e4-8f99-2ebdf719edbd.jpg","notFood":false,"drinks":false},{"name":"טוקיו סטייל","description":"סלמון בטמפורה, שיטאקה, בוטנים ובצל ירוק. במעטפת\nטונה ונגיעות איולי נענע","price":54,"vegan":false,"vegetarian":false,"image":"https://d25t2285lxl5rf.cloudfront.net/images/dishes/f9ab6266-7cb1-4bae-b506-8500f564fcb4.jpg","notFood":false,"drinks":false},{"name":"פוטו צמחוני","description":"טמגו, אבוקדו, מלפפון וגזר - 8 יחידות","price":38,"vegan":true,"vegetarian":true,"image":"https://d25t2285lxl5rf.cloudfront.net/images/dishes/13a4e4bc-d18a-491b-a1d8-235951cec517.jpg","notFood":false,"drinks":false},{"name":"פוטו דג","description":"אבוקדו, מלפפון וגזר - 8 יחידות","price":41,"vegan":false,"vegetarian":false,"image":"https://d25t2285lxl5rf.cloudfront.net/images/dishes/67a31028-9cc5-452a-bf70-43befdb15580.jpg","notFood":false,"drinks":false},{"name":"דניס- 2 יחידות","description":"","price":22,"vegan":false,"vegetarian":false,"image":"https://d25t2285lxl5rf.cloudfront.net/images/dishes/cafb3d02-bb72-4486-8b82-8c46d4a9fae8.jpg","notFood":false,"drinks":false},{"name":"סלמון- 2 יחידות","description":"","price":24,"vegan":false,"vegetarian":false,"image":"https://d25t2285lxl5rf.cloudfront.net/images/dishes/61adbfed-885d-489c-bc61-695c11832b66.jpg","notFood":false,"drinks":false},{"name":"טונה- 2 יחידות","description":"","price":26,"vegan":false,"vegetarian":false,"image":"","notFood":false,"drinks":false},{"name":"פאי לימון ופיסטוק","description":"פאי מבצק פריך עשיר במילוי קרם פראנג'יפן פיסטוק וקרם לימון אפוי","price":39,"vegan":true,"vegetarian":true,"image":"https://d25t2285lxl5rf.cloudfront.net/images/dishes/06a27bec-1709-403b-8078-f76322ee51a5.jpg","notFood":false,"drinks":false},{"name":"קראק פאי","description":"פאי קראנצ'י ונימוח של גרנולה טופי קרמל וניל ","price":39,"vegan":true,"vegetarian":true,"image":"https://d25t2285lxl5rf.cloudfront.net/images/dishes/8a21b632-7f14-497c-a785-81378c88b873.jpg","notFood":false,"drinks":false},{"name":"סושי שוקולד קוקוס","description":"מעטפת של טראפלס שוקולד במילוי קרם קוקוס עטוף בקוקוס לבן וקלוי","price":39,"vegan":false,"vegetarian":true,"image":"https://d25t2285lxl5rf.cloudfront.net/images/dishes/710fb3c2-c6f6-43f4-9a13-67860d70184a.jpg","notFood":false,"drinks":false},{"name":"עוגת שוקולד חמה- ללא קמח","description":"עוגת שוקולד ביתית חמה ונימוחה מאוד העשויה ללא קמח ומלאה בשוקולד מבפנים ומבחוץ ","price":44,"vegan":false,"vegetarian":true,"image":"https://d25t2285lxl5rf.cloudfront.net/images/dishes/5e1ee74c-eb6e-49a2-ab2a-8c9e3a357c6f.jpg","notFood":false,"drinks":false},{"name":"קרמינו","description":"על מצע קראנצ' של שוקולד מריר נוגט ובייגלה קרם שוקולד קטיפתי שבמרכזו קרם ברולה בציפוי קריספי מתפצפץ של נוגט ובייגלה","price":39,"vegan":false,"vegetarian":true,"image":"https://d25t2285lxl5rf.cloudfront.net/images/dishes/dc13a4ac-84a8-42cd-9330-6844c3a7f444.jpg","notFood":false,"drinks":false},{"name":"מים מינרלים נביעות","description":"","price":11,"vegan":true,"vegetarian":true,"image":"","notFood":false,"drinks":false},{"name":"סודה בקבוק זכוכית 250 מ\"ל","description":"","price":11,"vegan":true,"vegetarian":true,"image":"","notFood":false,"drinks":true},{"name":"קולה 330 מ\"ל","description":"","price":13,"vegan":true,"vegetarian":true,"image":"","notFood":false,"drinks":true},{"name":"קולה זירו  330 מ\"ל","description":"","price":13,"vegan":true,"vegetarian":true,"image":"","notFood":false,"drinks":true},{"name":"פאנטה 330 מ\"ל","description":"","price":13,"vegan":true,"vegetarian":true,"image":"","notFood":false,"drinks":false},{"name":"ספרייט  330 מ\"ל","description":"","price":13,"vegan":true,"vegetarian":true,"image":"","notFood":false,"drinks":true},{"name":"ספרייט זירו 330 מ\"ל","description":"","price":13,"vegan":true,"vegetarian":true,"image":"","notFood":false,"drinks":true},{"name":"בקבוק פיוז תה אפרסק 330 מ\"ל","description":"","price":13,"vegan":true,"vegetarian":true,"image":"","notFood":false,"drinks":true},{"name":"בקבוק אשכוליות 330 מ\"ל","description":"","price":13,"vegan":true,"vegetarian":true,"image":"","notFood":false,"drinks":true},{"name":"בקבוק תפוזים 330 מ\"ל","description":"","price":13,"vegan":true,"vegetarian":true,"image":"","notFood":false,"drinks":true},{"name":"בקבוק ענבים 330 מ\"ל","description":"","price":13,"vegan":true,"vegetarian":true,"image":"","notFood":false,"drinks":true},{"name":"בקבוק סיידר תפוחים צלול 330 מ\"ל","description":"","price":13,"vegan":true,"vegetarian":true,"image":"","notFood":false,"drinks":true},{"name":"מים בטעם אפרסק","description":"","price":13,"vegan":true,"vegetarian":true,"image":"","notFood":false,"drinks":false},{"name":"מים בטעם ענבים","description":"","price":13,"vegan":true,"vegetarian":true,"image":"","notFood":false,"drinks":true},{"name":"מים בטעם תפוח","description":"","price":13,"vegan":true,"vegetarian":true,"image":"","notFood":false,"drinks":false},{"name":"בירה שחורה מאלט","description":"","price":14,"vegan":true,"vegetarian":true,"image":"","notFood":false,"drinks":true},{"name":"סכ\"ום","description":"","price":0,"vegan":true,"vegetarian":true,"image":"","notFood":false,"drinks":false},{"name":"צ'ופסטיק","description":"","price":0,"vegan":true,"vegetarian":true,"image":"","notFood":false,"drinks":false}]}