{"track_id":"11221","filters":["pizza","salads","glutenFree"],"image":"https://tenbis-static.azureedge.net/restaurant-default-card-image/CuzineType_pizza_05.jpg","address":"יער אודם, 20 יוקנעם עילית","location":[35.0893714,32.6369847],"name":"מנאיש בגבעה","city":"יוקנעם","priceAverage":29.205128205128204,"menu":[{"name":"מנאיש שמן זית וזעתר","description":"בצק פיצה שמן זית, זעתר וגבינה בולגרית ","price":55,"vegan":false,"vegetarian":true,"image":"https://d25t2285lxl5rf.cloudfront.net/images/dishes/b9311101-145f-4e25-acaf-c52ef518d646.jpg","notFood":false,"drinks":false},{"name":"מנאיש חצילים ופלפל קלוי","description":"בצק פיצה חמאה, חצילים מטוגנים פלפל קלוי, גבינה צהובה וגבינה בולגרית ","price":60,"vegan":false,"vegetarian":true,"image":"https://d25t2285lxl5rf.cloudfront.net/images/dishes/5fc2982f-6bee-431c-a902-3f7de6ecb17c.jpg","notFood":false,"drinks":false},{"name":"פיצה משפחתית","description":"גבינה צהובה ומוצרלה ","price":55,"vegan":false,"vegetarian":true,"image":"https://d25t2285lxl5rf.cloudfront.net/images/dishes/607f4a21-262b-4fcb-87f4-b8f9843ccb5e.jpg","notFood":false,"drinks":false},{"name":"פיצה אישית","price":25,"vegan":false,"vegetarian":true,"notFood":false,"drinks":false},{"name":"פיצה ענקית","description":"פיצה ענקית","price":65,"vegan":false,"vegetarian":true,"notFood":false,"drinks":false},{"name":"פיצה ללא גלוטן","description":"פיצה ללא גלוטן ","price":34,"vegan":false,"vegetarian":true,"notFood":false,"drinks":false},{"name":"פיצה משפחתית טבעונית","description":"100 אחוז גבינה טבעונית","price":60,"vegan":false,"vegetarian":true,"notFood":false,"drinks":false},{"name":"פיצה אישית טבעונית","price":30,"vegan":false,"vegetarian":true,"notFood":false,"drinks":false},{"name":"סלט יווני גדול","description":"חסה, מלפפון, עגבנייה, גבינה בולגרית זיתים ובצל","price":35,"vegan":false,"vegetarian":true,"image":"https://d25t2285lxl5rf.cloudfront.net/images/dishes/f3e9346c-901b-4ba7-8493-1db30adcb64a.jpg","notFood":false,"drinks":false},{"name":"סלט טונה גדול","description":"חסה, מלפפון, עגבנייה, טונה תירס ובצל","price":35,"vegan":false,"vegetarian":false,"image":"https://d25t2285lxl5rf.cloudfront.net/images/dishes/0eb7fbe2-a3f7-4459-b426-8d2b646606c4.jpg","notFood":false,"drinks":false},{"name":"סלט טונה קטן","description":"חסה עגבנייה מלפפון טונה תירס","price":25,"vegan":false,"vegetarian":false,"image":"https://d25t2285lxl5rf.cloudfront.net/images/dishes/70b3f6ed-f15e-4354-acdc-8d4c86b74e8f.jpg","notFood":false,"drinks":false},{"name":"סלט יווני קטן","description":"חסה עגבנייה מלפפון זיתים שחורים בצל.","price":25,"vegan":true,"vegetarian":true,"image":"https://d25t2285lxl5rf.cloudfront.net/images/dishes/1004d4bc-62fb-40b7-a180-195d2a554fcd.jpg","notFood":false,"drinks":false},{"name":"סלט ענקי","description":"יווני/טונה","price":45,"vegan":false,"vegetarian":false,"notFood":false,"drinks":false},{"name":"סמבוסק פיצה אישי","description":"מוגש עם 2 רטבים","price":25,"vegan":false,"vegetarian":true,"image":"https://d25t2285lxl5rf.cloudfront.net/images/dishes/d793252c-121e-436c-beea-4cb5855015c5.jpg","notFood":false,"drinks":false},{"name":"סמבוסק פיצה משפחתי","description":"מוגש עם רטבים","price":55,"vegan":false,"vegetarian":true,"notFood":false,"drinks":false},{"name":"סמבוסק חציל ביצה קשה אישי","description":"מוגש עם רטבים","price":30,"vegan":false,"vegetarian":true,"notFood":false,"drinks":false},{"name":"סמבוסק פיצה חציל וביצה קשה משפחתית","description":"מוגש עם תוספת לבחירה","price":60,"vegan":false,"vegetarian":true,"notFood":false,"drinks":false},{"name":"סמבוסק זעתר בולגרית אישי","price":25,"vegan":false,"vegetarian":true,"notFood":false,"drinks":false},{"name":"סמבוסק זעתר בולגרית משפחתית","description":"בורקס פינוק בטעם גבינה אפשר להוסיף תוספות","price":55,"vegan":false,"vegetarian":true,"notFood":false,"drinks":false},{"name":"סודה","price":7,"vegan":true,"vegetarian":true,"notFood":false,"drinks":true},{"name":"פחית קוקה קולה","price":9,"vegan":true,"vegetarian":true,"notFood":false,"drinks":true},{"name":"פחית קוקה קולה זירו","price":9,"vegan":true,"vegetarian":true,"notFood":false,"drinks":true},{"name":"בקבוק מים מינרלים 0.5 ליטר","price":8,"vegan":true,"vegetarian":true,"notFood":false,"drinks":true},{"name":"קוקה קולה 0.5 ליטר","price":9,"vegan":true,"vegetarian":true,"notFood":false,"drinks":true},{"name":"קוקה קולה זירו 0.5 ליטר","price":9,"vegan":true,"vegetarian":true,"notFood":false,"drinks":true},{"name":"ספרייט 0.5 ליטר","price":8,"vegan":true,"vegetarian":true,"notFood":false,"drinks":true},{"name":"בקבוק פיוז טי 0.5 ליטר","price":10,"vegan":true,"vegetarian":true,"notFood":false,"drinks":true},{"name":"בקבוק מים בטעם אפרסק 0.5 ליטר","price":10,"vegan":true,"vegetarian":true,"notFood":false,"drinks":true},{"name":"BLU","price":8,"vegan":true,"vegetarian":true,"notFood":false,"drinks":false},{"name":"קוקה קולה 1.5 ליטר","price":15,"vegan":true,"vegetarian":true,"notFood":false,"drinks":true},{"name":"פיצה ללא גלוטן","description":"פיצה ללא גלוטן","price":35,"vegan":false,"vegetarian":true,"notFood":false,"drinks":false},{"name":"ג'חנון","description":"ג'חנון מגיע עם רסק עגבניות וביצה","price":22,"vegan":false,"vegetarian":true,"notFood":false,"drinks":false},{"name":"קינוח אוראו","description":"מתוק וטעים ","price":25,"vegan":true,"vegetarian":true,"image":"https://d25t2285lxl5rf.cloudfront.net/images/dishes/b828f74d-901b-499b-b6d1-f3492993567f.jpg","notFood":false,"drinks":false},{"name":"עוגת פירורים","description":"קינוח טעים","price":25,"vegan":true,"vegetarian":true,"image":"https://d25t2285lxl5rf.cloudfront.net/images/dishes/a3600606-b92a-4014-badb-7fb26902c7b5.jpg","notFood":false,"drinks":false},{"name":"זיווה צהובה בולגרית","description":"מוגש עם רסק עגבניות ","price":30,"vegan":false,"vegetarian":true,"image":"https://d25t2285lxl5rf.cloudfront.net/images/dishes/c7884c5a-ae18-4ff4-8055-ed7f525da6a1.jpg","notFood":false,"drinks":false},{"name":"זיווה צהובה זיתים","description":"מוגש עם רסק עגבניות","price":28,"vegan":true,"vegetarian":true,"image":"https://d25t2285lxl5rf.cloudfront.net/images/dishes/e257650c-78b1-46c4-a61c-48bcafd7c542.jpg","notFood":false,"drinks":false},{"name":"זיווה פיצה","description":"זיווה פיצה עם רוטב וגבינה צהובה","price":28,"vegan":false,"vegetarian":true,"notFood":false,"drinks":false},{"name":"מלוואח פיצה","price":25,"vegan":false,"vegetarian":true,"notFood":false,"drinks":false},{"name":"מלוואח קלאסי","description":"מלוואח מוגש עם רסק עגבניות","price":20,"vegan":true,"vegetarian":true,"notFood":false,"drinks":false}]}