{"track_id":"11254","filters":["asianFusion","japaneseSushi"],"image":"https://tenbis-static.azureedge.net/restaurant-card-image/ResCard_11254_1910030504.jpg","address":"שדרות טום לנטוס, 26 נתניה","location":[34.8696391,32.3066367],"name":"ווק אנד ווק","city":"בני דרור","priceAverage":53.81578947368421,"menu":[{"name":"אטריות עם ירקות ועוף-ענק(מומלץ לזוג)","description":"אטריות ביצים מוקפצות עם ירקות, ביצה ועוף","price":76,"vegan":false,"vegetarian":false,"image":"https://d25t2285lxl5rf.cloudfront.net/images/dishes/3d91fc30-60e1-47f0-aba9-354c76b65cc4.jpg","notFood":false,"drinks":false},{"name":"ארוחה עסקית בנגקוק","description":"מנה עקרית, תוספת ושתיה (פחית ב 6 ש\"ח בלבד)","price":70,"vegan":true,"vegetarian":true,"image":"https://d25t2285lxl5rf.cloudfront.net/images/dishes/9d42ea00-3313-4db9-be08-09c4e3206cb7.jpg","notFood":false,"drinks":false},{"name":"עוף בלימון-גדול","description":"שניצלוני עוף מטוגנים בציפוי פריך,רוטב בצד","price":65,"vegan":false,"vegetarian":false,"image":"https://d25t2285lxl5rf.cloudfront.net/images/dishes/1ea88cc3-95a7-446c-a489-bf683564a471.jpg","notFood":false,"drinks":false},{"name":"אטריות עם ירקות ובקר","description":"אטריות ביצים מוקפצות עם ירקות, ביצה ובקר","price":63,"vegan":false,"vegetarian":false,"image":"https://d25t2285lxl5rf.cloudfront.net/images/dishes/c38455ec-aeea-4d3a-8de9-609f059c2e7b.jpg","notFood":false,"drinks":false},{"name":"עוף בשומשום-גדול","description":"שניצלוני עוף מטוגנים בציפוי שומשום","price":65,"vegan":false,"vegetarian":false,"image":"https://d25t2285lxl5rf.cloudfront.net/images/dishes/01514cb7-dcc8-4eca-b06b-d9fc2886735a.jpg","notFood":false,"drinks":false},{"name":"אטריות עם ירקות","description":"אטריות ביצים מוקפצות עם ירקות וביצה","price":47,"vegan":false,"vegetarian":true,"image":"https://d25t2285lxl5rf.cloudfront.net/images/dishes/9e5884cb-5b02-4997-94b1-20aa584338a6.jpg","notFood":false,"drinks":false},{"name":"ארוחה גדולה לזוג כולל מנה ראשונה ושתיה","description":"2 מנות פתיחה לבחירה, 2 מנות ווק ו2 פחיות שתיה ","price":137,"vegan":true,"vegetarian":true,"image":"https://d25t2285lxl5rf.cloudfront.net/images/dishes/d8d430f5-2701-436a-8504-d3400d81d7ac.jpg","notFood":false,"drinks":false},{"name":"ארוחה עסקית  Street Plus","description":"מנה עיקרית ושתייה","price":57,"vegan":true,"vegetarian":true,"image":"https://d25t2285lxl5rf.cloudfront.net/images/dishes/a8fe2147-0b00-4b03-92be-fa7a115363b6.jpg","notFood":false,"drinks":false},{"name":"ארוחה עסקית בנגקוק","description":"מנה עקרית, תוספת ושתיה (פחית ב 6 ש\"ח בלבד)","price":70,"vegan":true,"vegetarian":true,"image":"https://d25t2285lxl5rf.cloudfront.net/images/dishes/9d42ea00-3313-4db9-be08-09c4e3206cb7.jpg","notFood":false,"drinks":false},{"name":"ארוחת ילדים","description":"מוגש עם שניצלונים, אטריות, אורז מטוגן וטרופית","price":48,"vegan":false,"vegetarian":false,"image":"https://d25t2285lxl5rf.cloudfront.net/images/dishes/cc9ec99d-76c6-42c2-9d8c-c82f1a646794.jpg","notFood":false,"drinks":false},{"name":"סטריט פלוס צמחונית - נודלס, ראשונה ושתיה בפחית","description":"מנת נודלס צמחונית משביעה + מנה ראשונה, פחית שתיה ב 6 ש\"ח בלבד","price":55,"vegan":true,"vegetarian":true,"image":"","notFood":false,"drinks":false},{"name":"כנפיים","description":"","price":29,"vegan":false,"vegetarian":false,"image":"https://d25t2285lxl5rf.cloudfront.net/images/dishes/0a447ba6-8cb8-4b8a-94fc-53759c5290bd.jpg","notFood":false,"drinks":false},{"name":"מרק תירס","description":"","price":30,"vegan":true,"vegetarian":true,"image":"https://d25t2285lxl5rf.cloudfront.net/images/dishes/06ad4345-52c5-48b6-b7d1-230dc76ac24b.jpg","notFood":false,"drinks":false},{"name":"המרק של אמיר","description":"חריף חמוץ","price":32,"vegan":true,"vegetarian":true,"image":"https://d25t2285lxl5rf.cloudfront.net/images/dishes/e864136a-b43f-4d2b-851a-d3ca82c23e39.jpg","notFood":false,"drinks":false},{"name":"מוקפץ צמחוני עם טופו","description":"ירקות וטופו מוקפצים בווק.","price":58,"vegan":true,"vegetarian":true,"image":"https://d25t2285lxl5rf.cloudfront.net/images/dishes/eb4f4c2a-323c-47e7-9b38-b70d6475375a.jpg","notFood":false,"drinks":false},{"name":"מוקפץ צמחוני עם טופו- גדול","description":"ירקות וטופו מוקפצים בווק.","price":75,"vegan":true,"vegetarian":true,"image":"https://d25t2285lxl5rf.cloudfront.net/images/dishes/e315571a-a983-47bd-be48-b0866468acb9.jpg","notFood":false,"drinks":false},{"name":"פאד תאי טבעוני","description":"אטריות אורז רחבות מוקפות עם ירקות ופרורי בוטנים ברוטב מתקתק, ללא ביצה","price":47,"vegan":false,"vegetarian":true,"image":"https://d25t2285lxl5rf.cloudfront.net/images/dishes/47b6cb85-f83b-4dd3-a49b-ff9094123516.jpg","notFood":false,"drinks":false},{"name":"פאד תאי טבעוני- גדול","description":"אטריות אורז רחבות מוקפות עם ירקות ופרורי בוטנים ברוטב מתקתק, ללא ביצה","price":63,"vegan":false,"vegetarian":true,"image":"https://d25t2285lxl5rf.cloudfront.net/images/dishes/b317db30-4448-46bb-a176-6c14964f3d66.jpg","notFood":false,"drinks":false},{"name":"פאד תאי- טופו טבעוני","description":"אטריות אורז רחבות מוקפצות עם ירקות וטופו ברוטב מתקתק, ללא ביצה","price":58,"vegan":false,"vegetarian":true,"image":"","notFood":false,"drinks":false},{"name":"אטריות עם ירקות","description":"אטריות ביצים מוקפצות עם ירקות וביצה","price":47,"vegan":false,"vegetarian":true,"image":"https://d25t2285lxl5rf.cloudfront.net/images/dishes/9e5884cb-5b02-4997-94b1-20aa584338a6.jpg","notFood":false,"drinks":false},{"name":"אטריות עם ירקות-ענק(מומלץ לזוג)","description":"אטריות ביצים מוקפצות עם ירקות וביצה","price":59,"vegan":false,"vegetarian":true,"image":"https://d25t2285lxl5rf.cloudfront.net/images/dishes/6579e6fb-208c-41c4-b594-cbb6aebaa3c5.jpg","notFood":false,"drinks":false},{"name":"אטריות עם ירקות ועוף","description":"אטריות ביצים מוקפצות עם ירקות, ביצה ועוף","price":59,"vegan":false,"vegetarian":false,"image":"https://d25t2285lxl5rf.cloudfront.net/images/dishes/9e1d17ea-40b6-424c-871c-c64b272e0e16.jpg","notFood":false,"drinks":false},{"name":"אטריות עם ירקות ועוף-ענק(מומלץ לזוג)","description":"אטריות ביצים מוקפצות עם ירקות, ביצה ועוף","price":76,"vegan":false,"vegetarian":false,"image":"https://d25t2285lxl5rf.cloudfront.net/images/dishes/3d91fc30-60e1-47f0-aba9-354c76b65cc4.jpg","notFood":false,"drinks":false},{"name":"אטריות עם ירקות ובקר","description":"אטריות ביצים מוקפצות עם ירקות, ביצה ובקר","price":63,"vegan":false,"vegetarian":false,"image":"https://d25t2285lxl5rf.cloudfront.net/images/dishes/c38455ec-aeea-4d3a-8de9-609f059c2e7b.jpg","notFood":false,"drinks":false},{"name":"אטריות עם ירקות ובקר-ענק(מומלץ לזוג)","description":"אטריות ביצים מוקפצות עם ירקות, ביצה ובקר","price":79,"vegan":false,"vegetarian":false,"image":"https://d25t2285lxl5rf.cloudfront.net/images/dishes/122a0211-9358-47a3-becc-ac9765596e48.jpg","notFood":false,"drinks":false},{"name":"פאד תאי ירקות","description":"אטריות אורז רחבות מוקפצות עם ירקות, ביצה ופרורי בוטנים ברוטב מתקתק","price":49,"vegan":false,"vegetarian":true,"image":"https://d25t2285lxl5rf.cloudfront.net/images/dishes/ce2464f4-325e-4232-ae27-4aaacd4e0f4a.jpg","notFood":false,"drinks":false},{"name":"פאד תאי ירקות-גדול","description":"אטריות אורז רחבות מוקפצות עם ירקות, ביצה ופרורי בוטנים ברוטב מתקתק","price":64,"vegan":false,"vegetarian":true,"image":"https://d25t2285lxl5rf.cloudfront.net/images/dishes/6bae13ea-d0e6-4d38-878f-b51bc9376882.jpg","notFood":false,"drinks":false},{"name":"פאד תאי עוף","description":"אטריות אורז רחבות מוקפצות עם ירקות, ביצה פרורי בוטנים ועוף ברוטב מתקתק","price":60,"vegan":false,"vegetarian":false,"image":"https://d25t2285lxl5rf.cloudfront.net/images/dishes/da2667fa-de7e-4a2d-b545-34ca533e0f70.jpg","notFood":false,"drinks":false},{"name":"פאד תאי עוף-גדול","description":"אטריות אורז רחבות מוקפצות עם ירקות, ביצה פרורי בוטנים ועוף ברוטב מתקתק","price":76,"vegan":false,"vegetarian":false,"image":"https://d25t2285lxl5rf.cloudfront.net/images/dishes/24a7a810-2ccc-4c7a-bab0-49d673e516e5.jpg","notFood":false,"drinks":false},{"name":"פאד תאי טופו","description":"אטריות אורז רחבות מוקפצות עם ירקות, ביצה פרורי בוטנים וטופו ברוטב מתקתק","price":60,"vegan":false,"vegetarian":true,"image":"https://d25t2285lxl5rf.cloudfront.net/images/dishes/69f1e0e8-4581-4f95-a79e-0c6ff6a11ebc.jpg","notFood":false,"drinks":false},{"name":"פאד תאי טופו-גדול","description":"אטריות אורז רחבות מוקפצות עם ירקות, ביצה פרורי בוטנים וטופו ברוטב מתקתק","price":76,"vegan":false,"vegetarian":true,"image":"https://d25t2285lxl5rf.cloudfront.net/images/dishes/f5cb452e-6033-495c-b56c-39d5b700f249.jpg","notFood":false,"drinks":false},{"name":"פאד תאי בקר","description":"אטריות אורז רחבות מוקפצות עם ירקות, ביצה פרורי בוטנים ובקר ברוטב מתקתק","price":63,"vegan":false,"vegetarian":false,"image":"https://d25t2285lxl5rf.cloudfront.net/images/dishes/df35bdf9-d4fc-4c31-8094-deae3ce7e137.jpg","notFood":false,"drinks":false},{"name":"פאד תאי בקר-גדול","description":"אטריות אורז רחבות מוקפצות עם ירקות, ביצה פרורי בוטנים ובקר ברוטב מתקתק","price":79,"vegan":false,"vegetarian":false,"image":"https://d25t2285lxl5rf.cloudfront.net/images/dishes/07576ca9-b474-4eb9-a9bb-53313bf6a5ad.jpg","notFood":false,"drinks":false},{"name":"אטריות שעועית עם עוף","description":"אטריות דקיקות מוקפצות עם ירקות, ביצה ועוף","price":60,"vegan":false,"vegetarian":false,"image":"https://d25t2285lxl5rf.cloudfront.net/images/dishes/1294408b-637b-42a1-9b9c-de95d897f76b.jpg","notFood":false,"drinks":false},{"name":"אטריות שעועית עם עוף-גדול","description":"אטריות דקיקות מוקפצות עם ירקות, ביצה ועוף","price":75,"vegan":false,"vegetarian":false,"image":"https://d25t2285lxl5rf.cloudfront.net/images/dishes/37c4184c-0c0f-4c50-a659-d20dbbaeff27.jpg","notFood":false,"drinks":false},{"name":"אטריות שעועית עם בקר","description":"אטריות דקיקות מוקפצות עם ירקות, ביצה ובקר","price":63,"vegan":false,"vegetarian":false,"image":"https://d25t2285lxl5rf.cloudfront.net/images/dishes/b2c4a997-4155-4372-9394-9159b9b9c94e.jpg","notFood":false,"drinks":false},{"name":"אטריות שעועית עם בקר-גדול","description":"אטריות דקיקות מוקפצות עם ירקות, ביצה ובקר","price":79,"vegan":false,"vegetarian":false,"image":"https://d25t2285lxl5rf.cloudfront.net/images/dishes/56f07430-d211-4714-9813-e7d6c4a92bed.jpg","notFood":false,"drinks":false},{"name":"אורז עם עוף סצ'ואן","description":"אורז מוקפץ עם ירקות ועוף ברוטב פיקנטי","price":59,"vegan":false,"vegetarian":false,"image":"https://d25t2285lxl5rf.cloudfront.net/images/dishes/6dd51a69-0541-4e28-be99-2059d6ccc4d1.jpg","notFood":false,"drinks":false},{"name":"אורז עם עוף סצ'ואן-גדול","description":"אורז מוקפץ עם ירקות ועוף ברוטב פיקנטי","price":75,"vegan":false,"vegetarian":false,"image":"https://d25t2285lxl5rf.cloudfront.net/images/dishes/52a4db7a-9661-4cfe-80ae-68fa53673343.jpg","notFood":false,"drinks":false},{"name":"אורז עם בקר סצ'ואן","description":"אורז מוקפץ עם ירקות ובקר ברוטב פיקנטי","price":63,"vegan":false,"vegetarian":false,"image":"https://d25t2285lxl5rf.cloudfront.net/images/dishes/8e823af3-9d33-4ca5-8951-217061e5dcc2.jpg","notFood":false,"drinks":false},{"name":"אורז עם בקר סצ'ואן-גדול","description":"אורז מוקפץ עם ירקות ובקר ברוטב פיקנטי","price":79,"vegan":false,"vegetarian":false,"image":"https://d25t2285lxl5rf.cloudfront.net/images/dishes/2ec74311-70f5-40b9-b591-405c429b0989.jpg","notFood":false,"drinks":false},{"name":"אורז מטוגן מוקפץ עם ירקות וביצה","description":"","price":39,"vegan":false,"vegetarian":true,"image":"https://d25t2285lxl5rf.cloudfront.net/images/dishes/a2795e28-0fd0-4070-a9f6-c203d01d68f5.jpg","notFood":false,"drinks":false},{"name":"אורז מטוגן מוקפץ עם ירקות וביצה  -גדול","description":"","price":49,"vegan":false,"vegetarian":true,"image":"https://d25t2285lxl5rf.cloudfront.net/images/dishes/cd179858-6c51-46ac-b3b5-e1286d0f6f49.jpg","notFood":false,"drinks":false},{"name":"בקר סצ'ואן","description":"נתחי בקר וירקות מוקפצים ברוטב פלפל חריף עדין (פיקנטי).","price":59,"vegan":false,"vegetarian":false,"image":"https://d25t2285lxl5rf.cloudfront.net/images/dishes/4bfea3da-8cd2-449c-86c7-7dee9a2ba817.jpg","notFood":false,"drinks":false},{"name":"בקר סצ'ואן-גדול","description":"נתחי בקר וירקות מוקפצים ברוטב פלפל חריף עדין (פיקנטי).","price":77,"vegan":false,"vegetarian":false,"image":"https://d25t2285lxl5rf.cloudfront.net/images/dishes/369e7e04-b5f3-4b13-a132-1d79b2701c21.jpg","notFood":false,"drinks":false},{"name":"בקר בקשיו","description":"נתחי בקר מוקפצים עם ירקות, ברוטב השף עם אגוזי קשיו.","price":59,"vegan":false,"vegetarian":false,"image":"https://d25t2285lxl5rf.cloudfront.net/images/dishes/361cac25-7bc1-4736-a2b2-772f5375012d.jpg","notFood":false,"drinks":false},{"name":"בקר קשיו-גדול","description":"נתחי בקר מוקפצים עם ירקות, ברוטב השף עם אגוזי קשיו.","price":77,"vegan":false,"vegetarian":false,"image":"https://d25t2285lxl5rf.cloudfront.net/images/dishes/55876d3c-5484-498c-8385-22eb1c17c07b.jpg","notFood":false,"drinks":false},{"name":"עוף בשומשום","description":"שניצלוני עוף מטוגנים בציפוי שומשום","price":54,"vegan":false,"vegetarian":false,"image":"https://d25t2285lxl5rf.cloudfront.net/images/dishes/261b3c52-85df-4674-8fad-cc462005f5ed.jpg","notFood":false,"drinks":false},{"name":"עוף בשומשום-גדול","description":"שניצלוני עוף מטוגנים בציפוי שומשום","price":65,"vegan":false,"vegetarian":false,"image":"https://d25t2285lxl5rf.cloudfront.net/images/dishes/01514cb7-dcc8-4eca-b06b-d9fc2886735a.jpg","notFood":false,"drinks":false},{"name":"עוף בלימון","description":"שניצלוני עוף מטוגנים בציפוי פריך","price":54,"vegan":false,"vegetarian":false,"image":"https://d25t2285lxl5rf.cloudfront.net/images/dishes/eb43f6d4-9d2e-4f5a-8bf8-259f54db89ef.jpg","notFood":false,"drinks":false},{"name":"עוף בלימון-גדול","description":"שניצלוני עוף מטוגנים בציפוי פריך,רוטב בצד","price":65,"vegan":false,"vegetarian":false,"image":"https://d25t2285lxl5rf.cloudfront.net/images/dishes/1ea88cc3-95a7-446c-a489-bf683564a471.jpg","notFood":false,"drinks":false},{"name":"עוף סצ'ואן","description":"נתחי עוף וירקות מוקפצים ברוטב פלפל חריף -עדין","price":59,"vegan":false,"vegetarian":false,"image":"https://d25t2285lxl5rf.cloudfront.net/images/dishes/ffcbcb0a-8ccf-4598-8b95-94b4bb9e4faf.jpg","notFood":false,"drinks":false},{"name":"עוף סצ'ואן-גדול","description":"נתחי עוף וירקות מוקפצים ברוטב פלפל חריף -עדין","price":75,"vegan":false,"vegetarian":false,"image":"https://d25t2285lxl5rf.cloudfront.net/images/dishes/03c275e3-8946-47e8-9d12-351c08325277.jpg","notFood":false,"drinks":false},{"name":"עוף ספיישל-מנת הבית","description":"נתחי עוף מצופים ומטוגנים מוקפצים עם ירקות וקשיו ברוטב חריף מתוק","price":59,"vegan":false,"vegetarian":false,"image":"https://d25t2285lxl5rf.cloudfront.net/images/dishes/5e3813d4-bc5f-4a8f-8b14-5b44bf886750.jpg","notFood":false,"drinks":false},{"name":"עוף ספיישל-מנת הבית-גדול","description":"נתחי עוף מצופים ומטוגנים מוקפצים עם ירקות וקשיו ברוטב חריף מתוק","price":75,"vegan":false,"vegetarian":false,"image":"https://d25t2285lxl5rf.cloudfront.net/images/dishes/177cb869-b973-493a-ba19-314d9e50e268.jpg","notFood":false,"drinks":false},{"name":"עוף חמוץ מתוק","description":"נתחי עוף מצופים ומטוגנים מוקפצים עם ירקות ברוטב חמוץ מתוק","price":59,"vegan":false,"vegetarian":false,"image":"https://d25t2285lxl5rf.cloudfront.net/images/dishes/294a9383-c230-4b01-9603-aa7c5a51f019.jpg","notFood":false,"drinks":false},{"name":"עוף חמוץ מתוק-גדול","description":"נתחי עוף מצופים ומטוגנים מוקפצים עם ירקות ברוטב חמוץ מתוק","price":75,"vegan":false,"vegetarian":false,"image":"https://d25t2285lxl5rf.cloudfront.net/images/dishes/46ff14c0-346b-4943-b10e-cfde5331cfd7.jpg","notFood":false,"drinks":false},{"name":"עוף בקשיו","description":"נתחי עוף מוקפצים עם ירקות ברוטב השף ואגוזי קשיו","price":59,"vegan":false,"vegetarian":false,"image":"https://d25t2285lxl5rf.cloudfront.net/images/dishes/291d8783-76b9-4d5a-973b-9e0542f5fa2e.jpg","notFood":false,"drinks":false},{"name":"עוף בקשיו-גדול","description":"נתחי עוף מוקפצים עם ירקות ברוטב השף ואגוזי קשיו","price":75,"vegan":false,"vegetarian":false,"image":"https://d25t2285lxl5rf.cloudfront.net/images/dishes/af8cefb5-6ac4-419f-b021-807aaa393594.jpg","notFood":false,"drinks":false},{"name":"ווינגס","description":"כנפי עוף מוקפצות עם מעט ירקות ברוטב לבחירה","price":52,"vegan":false,"vegetarian":false,"image":"https://d25t2285lxl5rf.cloudfront.net/images/dishes/985cb434-13bb-4323-af8e-21e9941da638.jpg","notFood":false,"drinks":false},{"name":"ווינגס-גדול","description":"כנפי עוף מוקפצות עם מעט ירקות ברוטב שום אפשרות לצ'ילי מתוק","price":65,"vegan":false,"vegetarian":false,"image":"https://d25t2285lxl5rf.cloudfront.net/images/dishes/95ee3162-d8df-41d8-b7cf-e4d9bb5b8e3c.jpg","notFood":false,"drinks":false},{"name":"מרק תירס","description":"","price":30,"vegan":true,"vegetarian":true,"image":"https://d25t2285lxl5rf.cloudfront.net/images/dishes/5da09724-c7c7-47e5-be6b-37339ae46bdf.jpg","notFood":false,"drinks":false},{"name":"המרק של אמיר","description":"חמוץ חריף","price":32,"vegan":true,"vegetarian":true,"image":"https://d25t2285lxl5rf.cloudfront.net/images/dishes/caacad21-18e9-4919-b165-7fae27440e45.jpg","notFood":false,"drinks":false},{"name":"אורז מטוגן","description":"","price":27,"vegan":true,"vegetarian":true,"image":"https://d25t2285lxl5rf.cloudfront.net/images/dishes/1ed18e33-11ed-423d-9032-86a16b00c387.jpg","notFood":false,"drinks":false},{"name":"אטריות ביצים","description":"","price":32,"vegan":false,"vegetarian":true,"image":"https://d25t2285lxl5rf.cloudfront.net/images/dishes/db338dba-f899-4fe3-b753-b62df8fdb957.jpg","notFood":false,"drinks":false},{"name":"מים מינרלים","description":"","price":9,"vegan":true,"vegetarian":true,"image":"","notFood":false,"drinks":false},{"name":"סודה","description":"","price":9,"vegan":true,"vegetarian":true,"image":"","notFood":false,"drinks":true},{"name":"פחית קוקה קולה","description":"","price":10,"vegan":true,"vegetarian":true,"image":"","notFood":false,"drinks":true},{"name":"פחית קוקה קולה זירו","description":"","price":10,"vegan":true,"vegetarian":true,"image":"","notFood":false,"drinks":true},{"name":"פחית ספרייט","description":"","price":10,"vegan":true,"vegetarian":true,"image":"","notFood":false,"drinks":true},{"name":"פחית ספרייט דיאט","description":"","price":10,"vegan":true,"vegetarian":true,"image":"","notFood":false,"drinks":true},{"name":"פחית פאנטה","description":"","price":10,"vegan":true,"vegetarian":true,"image":"","notFood":false,"drinks":false},{"name":"פיוז טי","description":"","price":11,"vegan":true,"vegetarian":true,"image":"","notFood":false,"drinks":false},{"name":"מים בטעמים- אפרסק","description":"","price":11,"vegan":true,"vegetarian":true,"image":"","notFood":false,"drinks":false},{"name":"פריגת תפוזים  330 מ\"ל","description":"","price":10,"vegan":true,"vegetarian":true,"image":"","notFood":false,"drinks":false},{"name":"פריגת ענבים 330 מ\"ל","description":"","price":10,"vegan":true,"vegetarian":true,"image":"","notFood":false,"drinks":true}]}