{"track_id":"11346","filters":["pasta","fish","salads"],"image":"https://tenbis-static.azureedge.net/restaurant-default-card-image/CuzineType_italian_04.jpg","address":"אפעל, 5 פתח תקווה","location":[34.8486235,32.0935756],"name":"קפה קפרזה ","city":"השרון","priceAverage":51.11267605633803,"menu":[{"name":"פסטה שמנת ופטריות","description":"רוטב שמנת עשיר בתיבול אגוז מוסקט מלח ופלפל שחור מוקפץ עם פטריות טריות","price":56,"vegan":false,"vegetarian":true,"image":"https://d25t2285lxl5rf.cloudfront.net/images/dishes/83d2b5b9-6781-4570-84f1-28cdaf4a750b.jpg","notFood":false,"drinks":false},{"name":"סלט חלומי","description":"חסה, מלפפון ירוק, עגבניות שרי, בצל סגול ולבן, זיתי קלמטה, כרוב סגול ולבן, קוביות בטטה וקוביות חלומי מצופות בליווי רוטב ויניגרט. מוגש לצד ג'בטה","price":60,"vegan":true,"vegetarian":true,"image":"https://d25t2285lxl5rf.cloudfront.net/images/dishes/6806157c-393f-47aa-86ed-e9351692cfde.jpg","notFood":false,"drinks":false},{"name":"טוסט של בית","description":"רוטב פיצה ביתי, גבינת מוצרלה 100% ושתי תוספות לבחירה - מוגש בבייגל טוסט לצד סלט עלים","price":46,"vegan":false,"vegetarian":true,"image":"https://d25t2285lxl5rf.cloudfront.net/images/dishes/a5c7a9d3-6662-461d-94b2-e322cd511724.jpg","notFood":false,"drinks":false},{"name":"פסטה רוטב רוזה","description":"רוטב העגבניות העשיר שלנו בשילוב רוטב שמנת","price":54,"vegan":false,"vegetarian":true,"image":"https://d25t2285lxl5rf.cloudfront.net/images/dishes/a45bec13-a734-400b-9451-e6cdb3ef3fca.jpg","notFood":false,"drinks":false},{"name":"פילה סלמון","description":"נתח סלמון אפוי בתנור אבן בתיבול עדין של מלח גס ופלפל שחור מוגש בליווי תוספת חמה לבחירה לצד סלט ירוק מרענן","price":74,"vegan":false,"vegetarian":false,"image":"https://d25t2285lxl5rf.cloudfront.net/images/dishes/a735c4c0-2597-4a9c-9724-3448961e7777.jpg","notFood":false,"drinks":false},{"name":"פילה סלמון ברוטב טריאקי בליווי תוספת חמה לבחירה. מוגש בליווי סלט עלים","description":"","price":75,"vegan":false,"vegetarian":false,"image":"https://d25t2285lxl5rf.cloudfront.net/images/dishes/0a0c1a1c-cfe5-4d9b-b241-58c9db0c0c2c.jpg","notFood":false,"drinks":false},{"name":"פילה סלמון ברוטב טריאקי בליווי תוספת חמה לבחירה. מוגש בליווי סלט עלים","description":"","price":75,"vegan":false,"vegetarian":false,"image":"https://d25t2285lxl5rf.cloudfront.net/images/dishes/0a0c1a1c-cfe5-4d9b-b241-58c9db0c0c2c.jpg","notFood":false,"drinks":false},{"name":"פילה סלמון ברוטב עגבניות עשיר בליווי פתיתים עם ירקות מוגש לצד סלט עלים","description":"","price":74,"vegan":false,"vegetarian":false,"image":"","notFood":false,"drinks":false},{"name":"פילה לברק ברוטב עגבניות עשיר בליווי פתיתים עם ירקות מוגש לצד סלט עלים","description":"","price":74,"vegan":true,"vegetarian":true,"image":"","notFood":false,"drinks":false},{"name":"פילה לברק מוגש בליווי תוספת חמה לבחירה לצד סלט עלים","description":"","price":75,"vegan":true,"vegetarian":true,"image":"","notFood":false,"drinks":false},{"name":"שקשוקה של בית","description":"תבשיל רוטב השקשוקה הביתי שלנו עם פלפלים, בצל, שום, פפריקה אדומה, שתי ביצי משק טריות ופטרוזיליה. מוגש לצד סלט קצוץ טחינה וג'בטה","price":55,"vegan":true,"vegetarian":true,"image":"https://d25t2285lxl5rf.cloudfront.net/images/dishes/fa040a36-9917-4844-b3cb-e3716d106236.jpg","notFood":false,"drinks":false},{"name":"שקשוקה בלקנית","description":"תבשיל השקשוקה הביתי שלנו עם פלפלים, בצל, שום, פפריקה אדומה בתוספת חצילים, זיתי קלמטה וגבינה בולגרית. מוגש לצד סלט קצוץ טחינה וג'בטה","price":62,"vegan":false,"vegetarian":true,"image":"https://d25t2285lxl5rf.cloudfront.net/images/dishes/7550737f-f083-4ed6-9de7-c1c05ab04522.jpg","notFood":false,"drinks":false},{"name":"שקשוקה איטליאנה","description":"תבשיל רוטב השקשוקה הביתי שלנו עם פלפלים, בצל, שום, פפריקה אדומה בתוספת גבינת מוצרלה ופסטו. מוגש לצד סלט קצוץ טחינה וג'בטה","price":62,"vegan":false,"vegetarian":true,"image":"https://d25t2285lxl5rf.cloudfront.net/images/dishes/68c0f91c-d5ff-427d-88ae-2d9cf56276be.jpg","notFood":false,"drinks":false},{"name":"טורטיה גוואקמולי","description":"טורטיה במילוי גוואקמולי, סלסת עגבניות, עדשים שחורות, אורז לבן  ועלים צעירים. מוגש לצד סלט ירוק מרענן","price":42,"vegan":true,"vegetarian":true,"image":"https://d25t2285lxl5rf.cloudfront.net/images/dishes/26eea84a-4779-4571-a114-c3838add3163.jpg","notFood":false,"drinks":false},{"name":"סלט ערבי קצוץ","description":"עגבנייה, מלפפון, בצל סגול, גזר, כרוב לבן, גרגירי חומוס ועשבי תיבול טריים בתיבול שמן זית לימון וטחינה מוגש לצד לחם לבחירה דגנים/לבן","price":52,"vegan":false,"vegetarian":false,"image":"https://d25t2285lxl5rf.cloudfront.net/images/dishes/b6afe433-f288-4dd3-8b72-71f6df5a4ffd.jpg","notFood":false,"drinks":false},{"name":"סלט מהגליל","description":"עדשים שחורות, קולורבי, גזר, שקדים מולבנים, צימוקים בהירים, פטרוזיליה, בצל ירוק וסגול בתיבול הויניגרט שלנו מוגש לצד לחם לבחירה דגנים/לבן","price":54,"vegan":false,"vegetarian":false,"image":"https://d25t2285lxl5rf.cloudfront.net/images/dishes/f9c19984-7d8b-4285-845b-cafdc4b66b0a.jpg","notFood":false,"drinks":false},{"name":"ירוקים מוקפצים ברוטב קארי וחלב קוקוס עם אורז","description":"שעועית ירוקה, ואפונה, ברוטב קארי צהוב וקרם קוקוס על אורז לבן בעיטור עשבי תיבול טריים, בצל ירוק ובוטנים","price":49,"vegan":true,"vegetarian":true,"image":"https://d25t2285lxl5rf.cloudfront.net/images/dishes/5a050f39-cb73-4ed6-8fdc-39b48e69bc48.jpg","notFood":false,"drinks":false},{"name":"מג'דרה","description":"","price":30,"vegan":true,"vegetarian":true,"image":"","notFood":false,"drinks":false},{"name":"מרק היום","description":"מרק משתנה מדי יום מוגש לצד קרוטונים","price":35,"vegan":true,"vegetarian":true,"image":"","notFood":false,"drinks":false},{"name":"כריך חביתה של בית","description":"חביתה של בית, גבינת שמנת, מלפפון ירוק, עגבניה וחסה. מוגש לצד סלט ירוק מרענן","price":45,"vegan":false,"vegetarian":true,"image":"https://d25t2285lxl5rf.cloudfront.net/images/dishes/d28113e7-562f-407c-83f7-22d91fac5e0e.jpg","notFood":false,"drinks":false},{"name":"כריך טונה","description":"סלט טונה מתובל, מלפפון חמוץ, עגבניה, ביצה קשה וחסה. מוגש לצד סלט ירוק מרענן","price":51,"vegan":false,"vegetarian":false,"image":"https://d25t2285lxl5rf.cloudfront.net/images/dishes/ebc251d3-d0d3-4e43-b3cc-b83f4454c962.jpg","notFood":false,"drinks":false},{"name":"כריך חלומי","description":"פרוסות גבינת חלומי צרובות, רוטב פסטו עשיר, מלפפון חמוץ, עגבניה וחסה. מוגש לצד סלט ירוק מרענן","price":55,"vegan":false,"vegetarian":true,"image":"https://d25t2285lxl5rf.cloudfront.net/images/dishes/b61b4521-5cf5-4a0e-b738-d40adb7e1b37.jpg","notFood":false,"drinks":false},{"name":"כריך סלט ביצים","description":"סלט ביצים מתובל, מלפפון חמוץ, עגבנייה וחסה. מוגש לצד סלט ירוק מרענן","price":53,"vegan":false,"vegetarian":true,"image":"https://d25t2285lxl5rf.cloudfront.net/images/dishes/f17bb967-1fe8-4d31-b555-5f03ff9561b6.jpg","notFood":false,"drinks":false},{"name":"כריך סלמון מעושן","description":"פרוסות סלמון מעושן, גבינת שמנת, ביצה קשה, מלפפון ירוק, עגבניה וחסה. מוגש לצד סלט ירוק מרענן","price":58,"vegan":false,"vegetarian":false,"image":"https://d25t2285lxl5rf.cloudfront.net/images/dishes/718909d1-45d2-41ab-8301-aecf4c7af1a2.jpg","notFood":false,"drinks":false},{"name":"טורטיה סלמון מעושן","description":"טורטיה קלויה, גבינת שמנת, סלמון מעושן, ביצה קשה, מלפפון ירוק וחסה. מוגש לצד סלט ירוק מרענן","price":54,"vegan":false,"vegetarian":false,"image":"https://d25t2285lxl5rf.cloudfront.net/images/dishes/c9ba7460-c371-4bde-b0e5-718ff1f5deef.jpg","notFood":false,"drinks":false},{"name":"טורטיה גוואקומולי","description":"טורטיה במילוי גוואקמולי (אבוקדו), סלסת עגבניות, עדשים שחורות, אורז לבן, פלפל צ'ילי ועלים צעירים","price":44,"vegan":true,"vegetarian":true,"image":"https://d25t2285lxl5rf.cloudfront.net/images/dishes/fd79f7d6-eaf4-435a-b34d-af92d080bee3.jpg","notFood":false,"drinks":false},{"name":"כריך קפרזה","description":"ממרח פסטו עשיר, גבינת פטה, פלפלים קלויים, חציל קלוי, מלפפון ירוק וחסה. מוגש לצד סלט ירוק מרענן","price":47,"vegan":false,"vegetarian":true,"image":"https://d25t2285lxl5rf.cloudfront.net/images/dishes/d1eef4bc-dc66-4282-b336-919d64e6cfd6.jpg","notFood":false,"drinks":false},{"name":"המבורגר מהים","description":"נתח סלמון עם בצל, 180 גרם, מונח בלחמניית המבורגר המרוחה בקרם איולי, פלפלים וירקות טריים, עגבנייה, בצל, עלים צעירים, מוגש לצד סלט עלים ","price":70,"vegan":false,"vegetarian":false,"image":"https://d25t2285lxl5rf.cloudfront.net/images/dishes/9a3770ec-c056-4501-a5fd-286ab89a0b37.jpg","notFood":false,"drinks":false},{"name":"סלט ערבי קצוץ","description":"עגבנייה, מלפפון, בצל סגול, גזר, גרגירי חומוס ועשבי תיבול טריים לצד שמן זית לימון וטחינה.מוגש לצד גבט'ה","price":49,"vegan":true,"vegetarian":true,"image":"https://d25t2285lxl5rf.cloudfront.net/images/dishes/4f3196b9-cada-44f9-86a2-0f4a1e6dc966.jpg","notFood":false,"drinks":false},{"name":"סלט פיראוס","description":"חסה, עגבניות שרי, מלפפון ירוק, בצל סגול ולבן, זיתי קלמטה, גבינת בולגרית מגורדת, ושברי קרוטונים בליווי רוטב ויניגרט. מוגש לצד ג'בטה","price":55,"vegan":false,"vegetarian":true,"image":"https://d25t2285lxl5rf.cloudfront.net/images/dishes/35fb6830-229e-4e92-90a9-4fd8e8faa999.jpg","notFood":false,"drinks":false},{"name":"סלט ניסואז","description":"חסה, מלפפון, עגבניות שרי, בצל סגול ולבן, זיתי קלמטה, 2 כדורי טונה, מלפפון חמוץ, ביצה קשה, פלחי תפוח אדמה בליווי רוטב ויניגרט. מוגש לצד ג'בטה.","price":58,"vegan":false,"vegetarian":false,"image":"https://d25t2285lxl5rf.cloudfront.net/images/dishes/05fba0e9-c06c-4734-a3ba-1d996ce23f43.jpg","notFood":false,"drinks":false},{"name":"סלט מהגליל וריקוטה","description":"עדשים שחורות, קולובי, גזר, שקדים מולבנים, צימוקים בהירים, פטרוזיליה,בצל ירוק סגול ולבן בליווי רוטב ויניגרט. מוגש לצד ג'בטה","price":56,"vegan":false,"vegetarian":true,"image":"https://d25t2285lxl5rf.cloudfront.net/images/dishes/51939326-2967-476a-8d3e-23701346e323.jpg","notFood":false,"drinks":false},{"name":"סלט חלומי","description":"חסה, מלפפון ירוק, עגבניות שרי, בצל סגול ולבן, זיתי קלמטה, כרוב סגול ולבן, קוביות בטטה וקוביות חלומי מצופות בליווי רוטב ויניגרט. מוגש לצד ג'בטה","price":60,"vegan":true,"vegetarian":true,"image":"https://d25t2285lxl5rf.cloudfront.net/images/dishes/6806157c-393f-47aa-86ed-e9351692cfde.jpg","notFood":false,"drinks":false},{"name":"סלט טוסט מפנק","description":"חסה, מלפפון ירוק, עגבניות שרי, בצל סגול ולבן, זיתי קלמטה, כרוב סגול ולבן, קוביות טוסט של מוצרלה ופסטו וגבינה בולגרית מגורדת בליווי ויניגרט. (מוגש ללא לחם) ","price":62,"vegan":false,"vegetarian":true,"image":"https://d25t2285lxl5rf.cloudfront.net/images/dishes/8c958a54-b0c5-4f6f-a942-a67e378daf62.jpg","notFood":false,"drinks":false},{"name":"סלט המזרח הרחוק","description":"נתחי סלמון, אטריות אורז, אפונה, שעועית ירוקה מוקפצים עם בצל לבן וסגול רצועות פלפלים ברוטב טריאקי מתקתק מוגש על מצע של עלי חסה. מוגש לצד ג'בטה","price":69,"vegan":false,"vegetarian":false,"image":"https://d25t2285lxl5rf.cloudfront.net/images/dishes/7232320a-e42e-4a6a-a376-829d72af2bd4.jpg","notFood":false,"drinks":false},{"name":"סלט קפרזה","description":"חסה, מלפפון ירוק, עגבניות שרי, בצל סגול, פלפלים קלויים, חצילים קלויים וגבינת ריקוטה עשירה. מוגש לצד ג'בטה","price":56,"vegan":false,"vegetarian":true,"image":"https://d25t2285lxl5rf.cloudfront.net/images/dishes/cc6d351a-8de6-4ab1-9917-fe06e9a15646.jpg","notFood":false,"drinks":false},{"name":"סלט בריאות","description":"בורגול, בטטה, עדשים שחורות ,בצל, חמוציות, שקדים מולבנים ועגבניה","price":62,"vegan":true,"vegetarian":true,"image":"","notFood":false,"drinks":false},{"name":"טוסט של בית","description":"רוטב פיצה ביתי, גבינת מוצרלה 100% ושתי תוספות לבחירה - מוגש בבייגל טוסט לצד סלט עלים","price":46,"vegan":false,"vegetarian":true,"image":"https://d25t2285lxl5rf.cloudfront.net/images/dishes/a5c7a9d3-6662-461d-94b2-e322cd511724.jpg","notFood":false,"drinks":false},{"name":"טוסט איטליאנה","description":"רוטב פסטו עשיר, גבינת מוצרלה 100%, פלפלים קלויים וביצת עין - מוגש בביגל טוסט לצד סלט עלים","price":48,"vegan":false,"vegetarian":true,"image":"https://d25t2285lxl5rf.cloudfront.net/images/dishes/0fe79d8f-24b4-4571-86a6-37f41f8d1def.jpg","notFood":false,"drinks":false},{"name":"טוסט קפרזה","description":"ממרח עגבניות מיובשות, טפנד זיתים, גבינת מוצרלה 100%, גבינה בולגרית וביצה קשה. מוגש לצד סלט ירוק מרענן","price":48,"vegan":false,"vegetarian":true,"image":"https://d25t2285lxl5rf.cloudfront.net/images/dishes/0d81d5f2-884c-4d27-9995-296aa1203bec.jpg","notFood":false,"drinks":false},{"name":"פסטה רוטב עגבניות","description":"רוטב עגבניות עשיר בשום, בצל, עלי ריחן, גזר ואורגנו","price":54,"vegan":true,"vegetarian":true,"image":"https://d25t2285lxl5rf.cloudfront.net/images/dishes/d312097b-6b25-40c7-bdb4-e1f8f542d2d2.jpg","notFood":false,"drinks":false},{"name":"פסטה רוטב רוזה","description":"רוטב העגבניות העשיר שלנו בשילוב רוטב שמנת","price":54,"vegan":false,"vegetarian":true,"image":"https://d25t2285lxl5rf.cloudfront.net/images/dishes/a45bec13-a734-400b-9451-e6cdb3ef3fca.jpg","notFood":false,"drinks":false},{"name":"פסטה שמנת וערמונים","description":"רוטב שמנת עשיר מוקפץ עם ערמונים טריים","price":56,"vegan":false,"vegetarian":true,"image":"https://d25t2285lxl5rf.cloudfront.net/images/dishes/3f53e836-fb16-4b37-b18a-66c2bee8f759.jpg","notFood":false,"drinks":false},{"name":"פסטה אליו אוליו סלמון","description":"נתחי סלמון מוקפצים ברוטב שמן זית, שום, בצל, ממרח עגבניות מיובשות ופטרוזיליה","price":66,"vegan":false,"vegetarian":false,"image":"https://d25t2285lxl5rf.cloudfront.net/images/dishes/de1a1e41-61a8-45da-bc6f-eaab8a2edca0.jpg","notFood":false,"drinks":false},{"name":"פסטה שמנת ופטריות","description":"רוטב שמנת עשיר בתיבול אגוז מוסקט מלח ופלפל שחור מוקפץ עם פטריות טריות","price":56,"vegan":false,"vegetarian":true,"image":"https://d25t2285lxl5rf.cloudfront.net/images/dishes/83d2b5b9-6781-4570-84f1-28cdaf4a750b.jpg","notFood":false,"drinks":false},{"name":"פסטה קפרזה","description":"רוטב שמנת עשיר, ממרח פסטו, בשילוב גבינת ריקוטה רכה","price":57,"vegan":false,"vegetarian":true,"image":"https://d25t2285lxl5rf.cloudfront.net/images/dishes/ce18eac6-6328-4203-a83c-e9ce0c2dfcf7.jpg","notFood":false,"drinks":false},{"name":"בטטות","description":"מלח גס, שמנת מתוקה, בטטות , אגוז מוסקט ועלי ריחן","price":59,"vegan":false,"vegetarian":true,"image":"","notFood":false,"drinks":false},{"name":"מלאנזנה","description":"שמן זית, קונפי שום, חציל קלוי, זיתי קלמטה, עגבניות מיובשות, עלי ריחן וגבינת פטה","price":54,"vegan":false,"vegetarian":true,"image":"","notFood":false,"drinks":false},{"name":"קיש עבודת יד","description":"קיש עבודת יד לבחירה מוגש לצד סלט ירוק מרענן","price":59,"vegan":true,"vegetarian":true,"image":"https://d25t2285lxl5rf.cloudfront.net/images/dishes/3501e947-4481-4415-84ec-394a893b58fa.jpg","notFood":false,"drinks":false},{"name":"מוקפץ מהמזרח","description":"אטריות ביצים מוקפצות עם נתחי סלמון, בצל, פלפלים צבעוניים, כרוב לבן וסגול, שעועית ירוקה אפונה  מוקפצים ברוטב טריאקי מתקתק","price":72,"vegan":false,"vegetarian":false,"image":"https://d25t2285lxl5rf.cloudfront.net/images/dishes/6f73898c-25ef-490b-8610-c548d4879c53.jpg","notFood":false,"drinks":false},{"name":"קציצות סלמון 4 קציצות סלמון ברוטב עגבניות עם שעועית ירוקה בליווי לחם הבית","description":"קציצות סלמון 5 קציצות סלמון ברוטב עגבניות עם שעועית ירוקה בליווי לחם הבית","price":71,"vegan":false,"vegetarian":false,"image":"https://d25t2285lxl5rf.cloudfront.net/images/dishes/32d7d98d-6818-4a11-985e-50dc0d6d8999.jpg","notFood":false,"drinks":false},{"name":"פילה סלמון","description":"נתח סלמון אפוי בתנור אבן בתיבול עדין של מלח גס ופלפל שחור מוגש בליווי תוספת חמה לבחירה לצד סלט ירוק מרענן","price":74,"vegan":false,"vegetarian":false,"image":"https://d25t2285lxl5rf.cloudfront.net/images/dishes/a735c4c0-2597-4a9c-9724-3448961e7777.jpg","notFood":false,"drinks":false},{"name":"פילה לברק אפוי","description":"פילה לברק אפוי בתיבול עדין מוגש לצד תוספת לבחירה וסלט ירוק מרענן ","price":74,"vegan":true,"vegetarian":true,"image":"https://d25t2285lxl5rf.cloudfront.net/images/dishes/e9dec725-246c-4408-909c-d8062607b142.jpg","notFood":false,"drinks":false},{"name":"חריימה של דג היום","description":"מוגש עם טחינה וג'בטה","price":59,"vegan":false,"vegetarian":false,"image":"https://d25t2285lxl5rf.cloudfront.net/images/dishes/8e85ef75-ffd3-4f5e-bd02-1c47de462b5a.jpg","notFood":false,"drinks":false},{"name":"לזניה בטטה ברוטב רוזה מושלם","description":"לזניה לבחירה מוגש לצד סלט ירוק מרענן","price":60,"vegan":true,"vegetarian":true,"image":"https://d25t2285lxl5rf.cloudfront.net/images/dishes/c18e6147-ac8f-4b8b-8574-77158b1f6dc9.jpg","notFood":false,"drinks":false},{"name":"קיש  ברוקולי","description":"מוגש עם סלט עלים לבחירה","price":59,"vegan":true,"vegetarian":true,"image":"https://d25t2285lxl5rf.cloudfront.net/images/dishes/680d812e-6ec0-4d8e-bdcf-05435b7bfa23.jpg","notFood":false,"drinks":false},{"name":"קיש בטטה","description":"מוגש עם סלט עלים אישי\n","price":59,"vegan":true,"vegetarian":true,"image":"https://d25t2285lxl5rf.cloudfront.net/images/dishes/151f1392-a8f1-4af4-9dd6-911e0476c362.jpg","notFood":false,"drinks":false},{"name":"קיש פטריות","description":"מוגש עם סלט עלים מרענן","price":59,"vegan":true,"vegetarian":true,"image":"https://d25t2285lxl5rf.cloudfront.net/images/dishes/515e68ea-dc12-4d57-bf28-2c3f4443857d.jpg","notFood":false,"drinks":false},{"name":"ירוקים סלמון ונודלס מוקפצים בחלב קוקוס","description":"אטריות ביצים מוקפצות ברוטב קארי וקרם קוקוס,נתחי סלמון, שעועית ירוקה, ואפונה. בעיטור עשבי תיבול בצל ירוק ובוטנים","price":72,"vegan":false,"vegetarian":false,"image":"","notFood":false,"drinks":false},{"name":"לזניה","description":"לזניה לבחירה בליווי סלט ירוק מרענן","price":60,"vegan":true,"vegetarian":true,"image":"","notFood":false,"drinks":false},{"name":"קוקה קולה","description":"","price":14,"vegan":true,"vegetarian":true,"image":"","notFood":false,"drinks":true},{"name":"קולה דיאט","description":"","price":14,"vegan":true,"vegetarian":true,"image":"","notFood":false,"drinks":true},{"name":"קולה זירו","description":"","price":14,"vegan":true,"vegetarian":true,"image":"","notFood":false,"drinks":true},{"name":"פאנטה אורנג'","description":"","price":13,"vegan":true,"vegetarian":true,"image":"","notFood":false,"drinks":false},{"name":"דיאט ספרייט","description":"","price":13,"vegan":true,"vegetarian":true,"image":"","notFood":false,"drinks":true},{"name":"פיוז תה","description":"","price":14,"vegan":true,"vegetarian":true,"image":"","notFood":false,"drinks":false},{"name":"נביעות מים מינרלים","description":"","price":11,"vegan":true,"vegetarian":true,"image":"","notFood":false,"drinks":false},{"name":"מים בטעם ענבים","description":"","price":14,"vegan":true,"vegetarian":true,"image":"","notFood":false,"drinks":true},{"name":"מים בטעם אפרסק","description":"","price":14,"vegan":true,"vegetarian":true,"image":"","notFood":false,"drinks":false},{"name":"מים בטעם תפוח","description":"","price":14,"vegan":true,"vegetarian":true,"image":"","notFood":false,"drinks":false},{"name":"סודה","description":"","price":10,"vegan":true,"vegetarian":true,"image":"","notFood":false,"drinks":true}]}