{"track_id":"11398","filters":["homeMade","salads","sandwichesWraps"],"image":"https://tenbis-static.azureedge.net/restaurant-default-card-image/CuzineType_homemade_02.jpg","address":"המלאכה, 18 רעננה","location":[34.8783324,32.1978381],"name":"מקור הטוניסאי ","city":"רעננה","priceAverage":34.0625,"menu":[{"name":"רבע עוף בגריל","description":"מוגש עם שתי תוספות ושני סוגי סלטים לבחירה  ","price":52,"vegan":false,"vegetarian":false,"image":"https://d25t2285lxl5rf.cloudfront.net/images/dishes/b6a71f42-5fca-48ed-aeb7-dcb4079b0c80.jpeg","notFood":false,"drinks":false},{"name":"קציצות בקר ברוטב","description":"מוגש עם שתי תוספות ושני סוגי סלטים לבחירה  ","price":52,"vegan":false,"vegetarian":false,"image":"https://d25t2285lxl5rf.cloudfront.net/images/dishes/764bda91-2f31-4d1c-862c-0b651b0a9749.jpeg","notFood":false,"drinks":false},{"name":"ממולאים בבשר ואורז","description":"מוגש עם שתי תוספות ושני סוגי סלטים לבחירה  ","price":52,"vegan":false,"vegetarian":false,"image":"https://d25t2285lxl5rf.cloudfront.net/images/dishes/6cd9a05e-22bf-4ea8-8ee4-562f833e76b1.jpeg","notFood":false,"drinks":false},{"name":"דג סלמון טרי בתנור","description":"מוגש עם שתי תוספות ושני סוגי סלטים לבחירה  ","price":55,"vegan":false,"vegetarian":false,"image":"https://d25t2285lxl5rf.cloudfront.net/images/dishes/fe8976da-dc2c-455d-8f5b-76c7a2fed003.jpeg","notFood":false,"drinks":false},{"name":"קבב הבית","description":"מוגש עם שתי תוספות ושני סוגי סלטים לבחירה  ","price":52,"vegan":false,"vegetarian":false,"image":"https://d25t2285lxl5rf.cloudfront.net/images/dishes/7320c711-756c-4584-b88c-4fe340a2b03b.jpeg","notFood":false,"drinks":false},{"name":"מעורב","description":"חזה עוף, פרגיות, בצל ותיבול. מוגש עם שתי תוספות ושני סוגי סלטים לבחירה  ","price":52,"vegan":false,"vegetarian":false,"image":"https://d25t2285lxl5rf.cloudfront.net/images/dishes/c8f2c5d7-e538-4451-b22e-d624f836e3c1.png","notFood":false,"drinks":false},{"name":"שניצלים","description":"מוגש עם שתי תוספות ושני סוגי סלטים לבחירה  ","price":52,"vegan":false,"vegetarian":false,"image":"https://d25t2285lxl5rf.cloudfront.net/images/dishes/10f01927-164b-4257-8f39-814d1794fc87.jpg","notFood":false,"drinks":false},{"name":"חזה עוף","description":"מוגש עם שתי תוספות ושני סוגי סלטים לבחירה  ","price":52,"vegan":false,"vegetarian":false,"image":"https://d25t2285lxl5rf.cloudfront.net/images/dishes/0b9383a1-6dc6-40c7-99bf-54e591c149eb.jpg","notFood":false,"drinks":false},{"name":"מנה צמחונית המורכבת רק מתוספות וסלטים לבחירה","description":"שלוש תוספות לבחירה ושני סוגי סלטים לבחירה ","price":45,"vegan":true,"vegetarian":true,"image":"https://d25t2285lxl5rf.cloudfront.net/images/dishes/29b9a642-dc76-46a0-a50f-f3165a32cd2b.jpg","notFood":false,"drinks":false},{"name":"שווארמה צמחונית","description":"מוגש עם שתי תוספות ושני סוגי סלטים לבחירה\t","price":52,"vegan":false,"vegetarian":false,"image":"https://d25t2285lxl5rf.cloudfront.net/images/dishes/cede3711-1166-487a-bd04-803015b41f1d.jpg","notFood":false,"drinks":false},{"name":"מוסקה","description":"חציל ממולא בבשר","price":52,"vegan":false,"vegetarian":false,"notFood":false,"drinks":false},{"name":"פרגית ברוטב פטריות","description":"מוגש עם שתי תוספות ושני סוגי סלטים לבחירה  ","price":55,"vegan":false,"vegetarian":false,"notFood":false,"drinks":false},{"name":"סטייק פרגית","description":"מוגש עם שתי תוספות ושני סוגי סלטים לבחירה  ","price":55,"vegan":false,"vegetarian":false,"notFood":false,"drinks":false},{"name":"סלט בהרכבה אישית","price":40,"vegan":true,"vegetarian":true,"image":"https://d25t2285lxl5rf.cloudfront.net/images/dishes/02357aff-e5a6-4ebe-8f49-5ae05c29c90c.jpg","notFood":false,"drinks":false},{"name":"סלט בשרי בהרכבה אישית","price":49,"vegan":false,"vegetarian":false,"notFood":false,"drinks":false},{"name":"סנדוויץ' טוניסאי","description":"חריף, לימון כבוש, טונה, ביצה, תפוח אדמה, סלט וזיתים שחורים ","price":29,"vegan":false,"vegetarian":false,"image":"https://d25t2285lxl5rf.cloudfront.net/images/dishes/ecf71e85-3454-4ffd-a2fb-aeb9742c7338.jpeg","notFood":false,"drinks":false},{"name":"סנדוויץ' שקשוקה","price":29,"vegan":true,"vegetarian":true,"image":"https://d25t2285lxl5rf.cloudfront.net/images/dishes/8d3f4c0b-7338-41f4-9f64-9e2ec193dac1.jpg","notFood":false,"drinks":false},{"name":"קבב ביתי בבאגט","price":35,"vegan":false,"vegetarian":false,"image":"https://d25t2285lxl5rf.cloudfront.net/images/dishes/0a4f15ef-95eb-489c-8294-592f9d2646fb.jpeg","notFood":false,"drinks":false},{"name":"חזה עוף בבאגט","price":35,"vegan":false,"vegetarian":false,"image":"https://d25t2285lxl5rf.cloudfront.net/images/dishes/5a68aece-05f2-4752-83d1-d152c63b5df9.jpeg","notFood":false,"drinks":false},{"name":"שניצלים בבאגט","price":35,"vegan":false,"vegetarian":false,"image":"https://d25t2285lxl5rf.cloudfront.net/images/dishes/9ac4839c-0858-438d-b830-f19375ce3c90.jpeg","notFood":false,"drinks":false},{"name":"מעורב בבאגט","description":"חזה עוף, פרגיות, בצל ותיבול בבאגט ","price":35,"vegan":false,"vegetarian":false,"image":"https://d25t2285lxl5rf.cloudfront.net/images/dishes/2c000ec8-3e81-4081-ab9b-95ea8aad0401.jpg","notFood":false,"drinks":false},{"name":"פרגיות בבאגט","price":40,"vegan":false,"vegetarian":false,"image":"https://d25t2285lxl5rf.cloudfront.net/images/dishes/529ea7ae-c429-4272-abbb-81fd2c616f14.jpg","notFood":false,"drinks":false},{"name":"פחית קולה","price":8,"vegan":true,"vegetarian":true,"notFood":false,"drinks":true},{"name":"פחית קולה זירו","price":8,"vegan":true,"vegetarian":true,"notFood":false,"drinks":true},{"name":"פחית ספרייט","price":8,"vegan":true,"vegetarian":true,"notFood":false,"drinks":true},{"name":"פחית ענבים","price":8,"vegan":true,"vegetarian":true,"notFood":false,"drinks":true},{"name":"פחית פאנטה","price":8,"vegan":true,"vegetarian":true,"notFood":false,"drinks":false},{"name":"בקבוק קולה","price":9,"vegan":true,"vegetarian":true,"notFood":false,"drinks":true},{"name":"בקבוק קולה זירו","price":9,"vegan":true,"vegetarian":true,"notFood":false,"drinks":true},{"name":"בקבוק פאנטה","price":9,"vegan":true,"vegetarian":true,"notFood":false,"drinks":true},{"name":"בקבוק ספרייט","price":9,"vegan":true,"vegetarian":true,"notFood":false,"drinks":true},{"name":"בקבוק תפוזים","price":9,"vegan":true,"vegetarian":true,"notFood":false,"drinks":true}]}