{"track_id":"11413","filters":["burgers","meatGrill"],"image":"https://tenbis-static.azureedge.net/restaurant-card-image/ResCard_11413_1910030254.jpg","address":"שדרות הרצל, 43 רמלה","location":[34.8691544,31.932299],"name":"מייק  בורגר ","city":"לוד","priceAverage":49.50847457627118,"menu":[{"name":"המבורגר 150 גרם","description":"","price":42,"vegan":false,"vegetarian":false,"image":"https://cdn.paypo.com/images/mikeburger/1000/18002_0.jpg","notFood":false,"drinks":false},{"name":"ציפס קטן","description":"","price":20,"vegan":true,"vegetarian":true,"image":"https://cdn.paypo.com/images/mikeburger/1000/18300_0.jpg","notFood":false,"drinks":false},{"name":"ציפס ענק","description":"","price":32,"vegan":true,"vegetarian":true,"image":"https://cdn.paypo.com/images/mikeburger/1000/18302_0.jpg","notFood":false,"drinks":false},{"name":"המבורגר 200 גרם","description":"","price":47,"vegan":false,"vegetarian":false,"image":"https://cdn.paypo.com/images/mikeburger/1000/18003_0.jpg","notFood":false,"drinks":false},{"name":"טבעות בצל אישי 10 יח","description":"","price":18,"vegan":true,"vegetarian":true,"image":"https://cdn.paypo.com/images/mikeburger/1000/18307_0.jpg","notFood":false,"drinks":false},{"name":"המבורגר 110 גרם","description":"","price":36,"vegan":false,"vegetarian":false,"image":"https://cdn.paypo.com/images/mikeburger/1000/18001_0.jpg","notFood":false,"drinks":false},{"name":"דיל ל-3 100 גרם","description":"3 כפול 100 גרם בקר + צ`יפס ענק +  מיקס טבעות בצל וכדורי פירה + בקבוק שתיה גדול","price":150,"vegan":false,"vegetarian":false,"image":"","notFood":false,"drinks":true},{"name":"דיל ל-3 150 גרם","description":"3 כפול 150 גרם בקר + צ`יפס ענק + מיקס טבעות בצל וכדורי פירה + בקבוק שתיה גדול","price":165,"vegan":false,"vegetarian":false,"image":"","notFood":false,"drinks":true},{"name":"דיל ל-3 200 גרם","description":"3 כפול 220 גרם בקר + צ`יפס ענק + מיקס טבעות בצל וכדורי פירה + בקבוק שתיה גדול","price":180,"vegan":false,"vegetarian":false,"image":"","notFood":false,"drinks":true},{"name":"דיל ל-3 250 גרם","description":"3 כפול 250 גרם בקר + צ`יפס ענק + מיקס טבעות בצל וכדורי פירה + בקבוק שתיה גדול","price":200,"vegan":false,"vegetarian":false,"image":"","notFood":false,"drinks":true},{"name":"דיל ל-3 300 גרם","description":"3 כפול 300 גרם בקר + צ`יפס ענק + מיקס טבעות בצל וכדורי פירה + בקבוק שתיה גדול","price":210,"vegan":false,"vegetarian":false,"image":"","notFood":false,"drinks":true},{"name":"דיל ל-4 100 גרם","description":"4 כפול 100 גרם בקר + צ`יפס ענק +  מיקס טבעות בצל וכדורי פירה + בקבוק שתיה גדול","price":195,"vegan":false,"vegetarian":false,"image":"","notFood":false,"drinks":true},{"name":"דיל ל-4 150 גרם","description":"4 כפול 150 גרם בקר + צ`יפס ענק + מיקס טבעות בצל וכדורי פירה + בקבוק שתיה גדול","price":215,"vegan":false,"vegetarian":false,"image":"","notFood":false,"drinks":true},{"name":"דיל ל-4 200 גרם","description":"4 כפול 200 גרם בקר + צ`יפס ענק +  מיקס טבעות בצל וכדורי פירה + בקבוק שתיה גדול","price":235,"vegan":false,"vegetarian":false,"image":"","notFood":false,"drinks":true},{"name":"דיל ל-4 250 גרם","description":"4 כפול 250 גרם בקר + צ`יפס ענק + מיקס טבעות בצל וכדורי פירה + בקבוק שתיה גדול","price":265,"vegan":false,"vegetarian":false,"image":"","notFood":false,"drinks":true},{"name":"דיל ל-4 300 גרם","description":"4 כפול 300 גרם בקר + צ`יפס ענק + מיקס טבעות בצל וכדורי פירה + בקבוק שתיה גדול","price":275,"vegan":false,"vegetarian":false,"image":"","notFood":false,"drinks":true},{"name":"מיני המבורגר","description":"","price":25,"vegan":false,"vegetarian":false,"image":"https://cdn.paypo.com/images/mikeburger/1000/18000_0.jpg","notFood":false,"drinks":false},{"name":"המבורגר 110 גרם","description":"","price":36,"vegan":false,"vegetarian":false,"image":"https://cdn.paypo.com/images/mikeburger/1000/18001_0.jpg","notFood":false,"drinks":false},{"name":"המבורגר 150 גרם","description":"","price":42,"vegan":false,"vegetarian":false,"image":"https://cdn.paypo.com/images/mikeburger/1000/18002_0.jpg","notFood":false,"drinks":false},{"name":"המבורגר 200 גרם","description":"","price":47,"vegan":false,"vegetarian":false,"image":"https://cdn.paypo.com/images/mikeburger/1000/18003_0.jpg","notFood":false,"drinks":false},{"name":"המבורגר 300 גרם","description":"","price":62,"vegan":false,"vegetarian":false,"image":"https://cdn.paypo.com/images/mikeburger/1000/18005_0.jpg","notFood":false,"drinks":false},{"name":"כבש 150 גרם","description":"","price":46,"vegan":true,"vegetarian":true,"image":"https://cdn.paypo.com/images/mikeburger/1000/18010_0.jpg","notFood":false,"drinks":false},{"name":"כבש 200 גרם","description":"","price":54,"vegan":true,"vegetarian":true,"image":"https://cdn.paypo.com/images/mikeburger/1000/18011_0.jpg","notFood":false,"drinks":false},{"name":"כבש 300 גרם","description":"","price":65,"vegan":true,"vegetarian":true,"image":"https://cdn.paypo.com/images/mikeburger/1000/18012_0.jpg","notFood":false,"drinks":false},{"name":"שדרוג לעסקית ב-19 ₪ בהזמנת עיקרית","description":"","price":19,"vegan":true,"vegetarian":true,"image":"","notFood":false,"drinks":false},{"name":"המבורגר טבעוני 180 גרם","description":"","price":40,"vegan":true,"vegetarian":true,"image":"","notFood":false,"drinks":false},{"name":"ארוחת ילדים המבורגר (טרופית + הפתעה)","description":"המבורגר מיני + צ`יפס + טרופית+הפתעה","price":45,"vegan":false,"vegetarian":false,"image":"","notFood":false,"drinks":false},{"name":"ארוחת ילדים שניצלונים (טרופית + הפתעה)","description":"5 שניצלונים + צ`יפס + טרופית + הפתעה","price":45,"vegan":false,"vegetarian":false,"image":"","notFood":false,"drinks":false},{"name":"שווארמה פיתה","description":"","price":45,"vegan":false,"vegetarian":false,"image":"","notFood":false,"drinks":false},{"name":"שיפוד   פרגית בפיתה","description":"","price":45,"vegan":false,"vegetarian":false,"image":"","notFood":false,"drinks":false},{"name":"חזה עוף בפיתה","description":"","price":40,"vegan":false,"vegetarian":false,"image":"","notFood":false,"drinks":false},{"name":"שיפוד  קבב בפיתה","description":"","price":40,"vegan":false,"vegetarian":false,"image":"","notFood":false,"drinks":false},{"name":"שניצל בפיתה","description":"","price":40,"vegan":false,"vegetarian":false,"image":"","notFood":false,"drinks":false},{"name":"שיפוד כבד בפיתה","description":"","price":40,"vegan":true,"vegetarian":true,"image":"","notFood":false,"drinks":false},{"name":"שווארמה  בצלחת/חמגשית","description":"","price":70,"vegan":false,"vegetarian":false,"image":"","notFood":false,"drinks":false},{"name":"שתי שיפודי פרגית בצלחת/חמגשית","description":"","price":70,"vegan":false,"vegetarian":false,"image":"","notFood":false,"drinks":false},{"name":"חזה עוף בצלחת/חמגשית","description":"","price":65,"vegan":false,"vegetarian":false,"image":"","notFood":false,"drinks":false},{"name":"שתי שיפודי כבד בצלחת/חמגשית","description":"","price":65,"vegan":true,"vegetarian":true,"image":"","notFood":false,"drinks":false},{"name":"שניצל בצלחת/חמגשית","description":"","price":65,"vegan":false,"vegetarian":false,"image":"","notFood":false,"drinks":false},{"name":"שתי שיפודי  קבב בצלחת/חמגשית","description":"","price":70,"vegan":false,"vegetarian":false,"image":"","notFood":false,"drinks":false},{"name":"נקניקיות בצלחת/חמגשית","description":"","price":50,"vegan":true,"vegetarian":true,"image":"","notFood":false,"drinks":false},{"name":"סטייק אנטריקות 250 גרם בצלחת","description":"","price":120,"vegan":false,"vegetarian":false,"image":"","notFood":false,"drinks":false},{"name":"שתי שיפודי אנטריקות בצלחת 300גרם","description":"","price":120,"vegan":true,"vegetarian":true,"image":"","notFood":false,"drinks":false},{"name":"שווארמה משםחתית","description":"בליווי חומוס, ציפס, סלט, חמוצי הבית ופיתות","price":165,"vegan":false,"vegetarian":false,"image":"","notFood":false,"drinks":false},{"name":"צלעות טלה 250 גרם","description":"","price":120,"vegan":false,"vegetarian":false,"image":"","notFood":false,"drinks":false},{"name":"שווארמה בלאפה","description":"","price":50,"vegan":false,"vegetarian":false,"image":"","notFood":false,"drinks":false},{"name":"שיפוד כבד בלאפה","description":"","price":48,"vegan":true,"vegetarian":true,"image":"","notFood":false,"drinks":false},{"name":"שיפוד פרגית בלאפה","description":"","price":50,"vegan":false,"vegetarian":false,"image":"","notFood":false,"drinks":false},{"name":"חזה עוף בלאפה","description":"","price":45,"vegan":false,"vegetarian":false,"image":"","notFood":false,"drinks":false},{"name":"שיפוד  קבב בלאפה","description":"","price":48,"vegan":false,"vegetarian":false,"image":"","notFood":false,"drinks":false},{"name":"שניצל בלאפה","description":"","price":45,"vegan":false,"vegetarian":false,"image":"","notFood":false,"drinks":false},{"name":"שווארמה בגט","description":"","price":50,"vegan":false,"vegetarian":false,"image":"","notFood":false,"drinks":false},{"name":"שיפוד כבד בלאפה","description":"","price":48,"vegan":true,"vegetarian":true,"image":"","notFood":false,"drinks":false},{"name":"שיפוד פרגית בבגט","description":"","price":50,"vegan":false,"vegetarian":false,"image":"","notFood":false,"drinks":false},{"name":"חזה עוף בבגאט","description":"","price":45,"vegan":false,"vegetarian":false,"image":"","notFood":false,"drinks":false},{"name":"שיפוד  קבב בבגאט","description":"","price":48,"vegan":false,"vegetarian":false,"image":"","notFood":false,"drinks":false},{"name":"שניצל בבגאט","description":"","price":45,"vegan":false,"vegetarian":false,"image":"","notFood":false,"drinks":false},{"name":"סלט רצועות עוף","description":"רצועות עוף, עגבנייה, חסה, מלפפון, בצל סגול, פטרוזיליה, שמן זית ולימון.","price":47,"vegan":false,"vegetarian":false,"image":"https://cdn.paypo.com/images/mikeburger/1000/18401_0.jpg","notFood":false,"drinks":false},{"name":"סלט ישראלי","description":"עגבנייה, חסה, מלפפון, בצל סגול, פטרוזיליה ושמן זית ולימון.","price":35,"vegan":true,"vegetarian":true,"image":"","notFood":false,"drinks":false},{"name":"סלט שניצלונים","description":"שניצלונים, עגבנייה, חסה, מלפפון, בצל סגול, פטרוזיליה, שמן זית ולימון.","price":47,"vegan":false,"vegetarian":false,"image":"","notFood":false,"drinks":false},{"name":"סלט שווארמה","description":"רצועות שווארמה, עגבנייה, חסה, מלפפון, בצל סגול, פטרוזיליה, שמן זית ולימון.","price":65,"vegan":false,"vegetarian":false,"image":"","notFood":false,"drinks":false},{"name":"סלט מיקס פרגית קבב","description":"רצועות פרגית, עגבנייה, חסה, מלפפון, בצל סגול, פטרוזיליה, שמן זית ולימון.","price":65,"vegan":false,"vegetarian":false,"image":"","notFood":false,"drinks":false},{"name":"סלט כבד","description":"","price":47,"vegan":true,"vegetarian":true,"image":"","notFood":false,"drinks":false},{"name":"ציפס קטן","description":"","price":20,"vegan":true,"vegetarian":true,"image":"https://cdn.paypo.com/images/mikeburger/1000/18300_0.jpg","notFood":false,"drinks":false},{"name":"ציפס ענק","description":"","price":32,"vegan":true,"vegetarian":true,"image":"https://cdn.paypo.com/images/mikeburger/1000/18302_0.jpg","notFood":false,"drinks":false},{"name":"פוטטוס","description":"","price":25,"vegan":true,"vegetarian":true,"image":"https://cdn.paypo.com/images/mikeburger/1000/18305_0.jpg","notFood":false,"drinks":false},{"name":"ציפס בטטה","description":"","price":25,"vegan":true,"vegetarian":true,"image":"https://cdn.paypo.com/images/mikeburger/1000/18306_0.jpg","notFood":false,"drinks":false},{"name":"טבעות בצל אישי 10 יח","description":"","price":18,"vegan":true,"vegetarian":true,"image":"https://cdn.paypo.com/images/mikeburger/1000/18307_0.jpg","notFood":false,"drinks":false},{"name":"טבעות בצל ענק 20 יח","description":"","price":35,"vegan":true,"vegetarian":true,"image":"https://cdn.paypo.com/images/mikeburger/1000/18309_0.jpg","notFood":false,"drinks":false},{"name":"שניצלונים גדול 12 יח","description":"","price":40,"vegan":false,"vegetarian":false,"image":"https://cdn.paypo.com/images/mikeburger/1000/18312_0.jpg","notFood":false,"drinks":false},{"name":"כדורי פירה קטן 10 יח","description":"","price":18,"vegan":true,"vegetarian":true,"image":"https://cdn.paypo.com/images/mikeburger/1000/18314_0.jpg","notFood":false,"drinks":false},{"name":"כדורי פירה 20 יח","description":"","price":35,"vegan":true,"vegetarian":true,"image":"https://cdn.paypo.com/images/mikeburger/1000/18316_0.jpg","notFood":false,"drinks":false},{"name":"נקניקיות נשנוש 5 יח","description":"","price":28,"vegan":true,"vegetarian":true,"image":"","notFood":false,"drinks":false},{"name":"פחית קולה","description":"","price":9,"vegan":true,"vegetarian":true,"image":"","notFood":false,"drinks":true},{"name":"פחית קולה זירו","description":"","price":9,"vegan":true,"vegetarian":true,"image":"","notFood":false,"drinks":true},{"name":"פחית ספרייט","description":"","price":9,"vegan":true,"vegetarian":true,"image":"","notFood":false,"drinks":true},{"name":"פחית ספרייט זירו","description":"","price":9,"vegan":true,"vegetarian":true,"image":"","notFood":false,"drinks":true},{"name":"קולה זכוכית","description":"","price":9,"vegan":true,"vegetarian":true,"image":"","notFood":false,"drinks":true},{"name":"קולה זירו זכוכית","description":"","price":9,"vegan":true,"vegetarian":true,"image":"","notFood":false,"drinks":true},{"name":"פחית פאנטה אקזוטי","description":"","price":9,"vegan":true,"vegetarian":true,"image":"","notFood":false,"drinks":false},{"name":"פחית פאנטה","description":"פחית פאנטה","price":9,"vegan":true,"vegetarian":true,"image":"","notFood":false,"drinks":false},{"name":"תות בננה זכוכית","description":"","price":9,"vegan":true,"vegetarian":true,"image":"","notFood":false,"drinks":false},{"name":"לימונענע זכוכית","description":"","price":9,"vegan":true,"vegetarian":true,"image":"","notFood":false,"drinks":false},{"name":"פחית מנגו","description":"","price":9,"vegan":true,"vegetarian":true,"image":"","notFood":false,"drinks":false},{"name":"מים בטעם אפרסק","description":"","price":9,"vegan":true,"vegetarian":true,"image":"","notFood":false,"drinks":false},{"name":"מים בטעם ענבים","description":"","price":9,"vegan":true,"vegetarian":true,"image":"","notFood":false,"drinks":true},{"name":"מים בטעם תפוח","description":"","price":9,"vegan":true,"vegetarian":true,"image":"","notFood":false,"drinks":false},{"name":"ענבים זכוכית","description":"","price":9,"vegan":true,"vegetarian":true,"image":"","notFood":false,"drinks":true},{"name":"תפוזים זכוכית","description":"","price":9,"vegan":true,"vegetarian":true,"image":"","notFood":false,"drinks":false},{"name":"נסטי אפרסק","description":"","price":9,"vegan":true,"vegetarian":true,"image":"","notFood":false,"drinks":true},{"name":"בירה שחורה","description":"","price":9,"vegan":true,"vegetarian":true,"image":"","notFood":false,"drinks":true},{"name":"XL","description":"","price":9,"vegan":true,"vegetarian":true,"image":"","notFood":false,"drinks":false},{"name":"מים מינרלים","description":"","price":8,"vegan":true,"vegetarian":true,"image":"","notFood":false,"drinks":false},{"name":"סודה","description":"","price":8,"vegan":true,"vegetarian":true,"image":"","notFood":false,"drinks":true},{"name":"טרופית","description":"","price":3,"vegan":true,"vegetarian":true,"image":"","notFood":false,"drinks":false},{"name":"קולה 1.5","description":"","price":13,"vegan":true,"vegetarian":true,"image":"","notFood":false,"drinks":true},{"name":"קולה זירו 1.5","description":"","price":13,"vegan":true,"vegetarian":true,"image":"","notFood":false,"drinks":true},{"name":"פאנטה 1.5","description":"","price":13,"vegan":true,"vegetarian":true,"image":"","notFood":false,"drinks":false},{"name":"ספרייט 1.5","description":"","price":13,"vegan":true,"vegetarian":true,"image":"","notFood":false,"drinks":true},{"name":"נסטי  1.5","description":"","price":13,"vegan":true,"vegetarian":true,"image":"","notFood":false,"drinks":true},{"name":"תות בננה 1.5","description":"","price":13,"vegan":true,"vegetarian":true,"image":"","notFood":false,"drinks":false},{"name":"תפוזים 1.5","description":"","price":13,"vegan":true,"vegetarian":true,"image":"","notFood":false,"drinks":false},{"name":"ענבים 1.5","description":"","price":13,"vegan":true,"vegetarian":true,"image":"","notFood":false,"drinks":true},{"name":"עוגת מוצרט","description":"","price":20,"vegan":true,"vegetarian":true,"image":"","notFood":false,"drinks":false},{"name":"אוראו","description":"","price":20,"vegan":true,"vegetarian":true,"image":"","notFood":false,"drinks":false},{"name":"עוגת סניקרס","description":"","price":20,"vegan":true,"vegetarian":true,"image":"","notFood":false,"drinks":false},{"name":"קדאיף","description":"","price":15,"vegan":true,"vegetarian":true,"image":"","notFood":false,"drinks":false},{"name":"מוס שוקולד","description":"","price":15,"vegan":false,"vegetarian":true,"image":"","notFood":false,"drinks":false},{"name":"מלבי","description":"","price":15,"vegan":true,"vegetarian":true,"image":"","notFood":false,"drinks":false},{"name":"רול שוקולד","description":"2 יח","price":25,"vegan":false,"vegetarian":true,"image":"","notFood":false,"drinks":false},{"name":"וואפל בואנו","description":"","price":8,"vegan":true,"vegetarian":true,"image":"","notFood":false,"drinks":false},{"name":"כוסות צייסרים","description":"","price":10,"vegan":true,"vegetarian":true,"image":"","notFood":false,"drinks":false},{"name":"מים/סודה","description":"ארוחת חמגשית כולל שתיה","price":8,"vegan":true,"vegetarian":true,"image":"","notFood":false,"drinks":true},{"name":"צריפין","description":"","price":25,"vegan":true,"vegetarian":true,"image":"","notFood":false,"drinks":false},{"name":"מבצע 3 בורגר + ציפס","description":"","price":99,"vegan":true,"vegetarian":true,"image":"","notFood":false,"drinks":false},{"name":"לוד","description":"","price":25,"vegan":true,"vegetarian":true,"image":"","notFood":false,"drinks":false},{"name":"רק שיפודים","description":"","price":30,"vegan":true,"vegetarian":true,"image":"","notFood":false,"drinks":false},{"name":"שיפודי ירקות","description":"","price":18,"vegan":true,"vegetarian":true,"image":"","notFood":false,"drinks":false},{"name":"רק שיפודים","description":"","price":0,"vegan":true,"vegetarian":true,"image":"","notFood":false,"drinks":false}]}