{"track_id":"11437","filters":["asianFusion","japaneseSushi"],"image":"https://tenbis-static.azureedge.net/restaurant-card-image/ResCard_11437_20220707130107.jpg","address":"דרך משה דיין, 3 יהוד","location":[34.8781847,32.0304429],"name":"צ'וקה ","city":"זיתן","priceAverage":53.190140845070424,"menu":[{"name":"סכו\"ם","description":"‫אנא בחר/י בפריט זה במידה וברצונך לקבל סכו\"ם. *** במידה ולא תבחר/י בפריט זה לא יישלח סכו\"ם עם ההזמנה ***\n","vegan":true,"vegetarian":true,"notFood":true,"drinks":false},{"name":"צ'ופסטיקס","description":"‫אנא בחר/י בפריט זה במידה וברצונך לקבל סכו\"ם. *** במידה ולא תבחר/י בפריט זה לא יישלח סכו\"ם עם ההזמנה ***\t","vegan":false,"vegetarian":false,"notFood":true,"drinks":false},{"name":"סושי דיל","description":"אגרול /מרק/ קימצ'י לבחירה +  קומבינציית סלמון (16 יח'):\n8 יח' מאקי סלומון ואבוקדו \n4 יח' סלמון רול I/O:\nסלומון, אבוקדו ומלפפון עטוף בשבבי פנקו\n4 יח' מאורו I/O:\nסלמון בטמפורה, מלפפון ואבוקדו, עטוף באבוקדו, שומשום ורוטב טריאקי\n","price":65,"vegan":false,"vegetarian":false,"image":"https://d25t2285lxl5rf.cloudfront.net/images/dishes/6aeed655-b611-46be-a655-79590d0f7d9e.jpg","notFood":false,"drinks":false},{"name":"צ'וקה דיל","description":"מנת בשר/עוף/טופו, מוגשת עם שתי תוספות ומנה ראשונה לבחירה.","price":60,"vegan":false,"vegetarian":false,"image":"https://d25t2285lxl5rf.cloudfront.net/images/dishes/3b8e25bc-d49b-43d1-b446-72a645ddf37e.jpg","notFood":false,"drinks":false},{"name":"צ'וקה משפחתית","description":"מנה ראשונה, 2 עיקריות ו3 תוספות לבחירה.","price":220,"vegan":true,"vegetarian":true,"image":"https://d25t2285lxl5rf.cloudfront.net/images/dishes/2307852.jpg","notFood":false,"drinks":false},{"name":"סמוסה הודית","description":"כיסוני בצק מטוגנים במילוי תפוחי אדמה ואפונה בתיבול הודי פיקנטי מוגש עם רוטב קארי.","price":26,"vegan":true,"vegetarian":true,"image":"https://d25t2285lxl5rf.cloudfront.net/images/dishes/4343969.jpg","notFood":false,"drinks":false},{"name":"ניו דלהי נודלס עוף","description":"נודלס , נתחי עוף , פלפלים , גזר, אפונה , בצל סגול וירוק ברוטב קארי צהוב וקרם קוקוס.\r\n\r\n","price":58,"vegan":false,"vegetarian":false,"image":"https://d25t2285lxl5rf.cloudfront.net/images/dishes/4343972.jpg","notFood":false,"drinks":false},{"name":"ניו דלהי נודלס טופו","description":"נודלס , נתחי טופו , פלפלים , גזר , אפונה , בצל סגול וירוק ברוטב קארי צהוב וקרם קוקוס.\r\n\r\n","price":58,"vegan":true,"vegetarian":true,"image":"https://d25t2285lxl5rf.cloudfront.net/images/dishes/4343973.jpg","notFood":false,"drinks":false},{"name":"גואה קארי טופו","description":"תבשיל קארי טופו , גרגירי חומוס , גזר , אפונה , ובצל סגול מוגש עם אורז מאודה וכוסברה.\r\n\r\n","price":58,"vegan":true,"vegetarian":true,"image":"https://d25t2285lxl5rf.cloudfront.net/images/dishes/4343974.jpg","notFood":false,"drinks":false},{"name":"גואה קארי עוף","description":"תבשיל קארי עוף , גרגירי חומוס, גזר, אפונה ובצל סגול מוגש עם אורז מאודה וכוסברה.\r\n\r\n","price":58,"vegan":false,"vegetarian":false,"image":"https://d25t2285lxl5rf.cloudfront.net/images/dishes/4343976.jpg","notFood":false,"drinks":false},{"name":"קימצ'י קטן","description":"ירקות כבושים בתחמיץ יפני ","price":12,"vegan":true,"vegetarian":true,"image":"https://d25t2285lxl5rf.cloudfront.net/images/dishes/1b1ea699-31ec-4a44-9932-56196ec4f5e4.jpg","notFood":false,"drinks":false},{"name":"קימצ'י גדול","description":"ירקות כבושים בתחמיץ יפני.","price":28,"vegan":true,"vegetarian":true,"image":"https://d25t2285lxl5rf.cloudfront.net/images/dishes/2187244.jpg","notFood":false,"drinks":false},{"name":"אגרול צמחוני","description":"מעטפת בצק קריספית במילוי ירקות ","price":9,"vegan":true,"vegetarian":true,"image":"https://d25t2285lxl5rf.cloudfront.net/images/dishes/20eac11a-0cef-4fd9-99e0-2c32d48f61a2.jpg","notFood":false,"drinks":false},{"name":"שתי יחידות אגרול צמחוני","description":"מעטפת בצק קריספית במילוי ירקות ","price":16,"vegan":true,"vegetarian":true,"image":"https://d25t2285lxl5rf.cloudfront.net/images/dishes/1993abf1-229b-4cf8-b853-56e692096e27.jpg","notFood":false,"drinks":false},{"name":"ווינגס- קטן","description":"כנפי עוף פריכות ברוטב אסייתי מתקתק","price":23,"vegan":false,"vegetarian":false,"image":"https://d25t2285lxl5rf.cloudfront.net/images/dishes/b773e8eb-3e5b-40ab-bb46-c3642b9f3a62.jpg","notFood":false,"drinks":false},{"name":"ווינגס- גדול","description":"כנפי עוף פריכות ברוטב אסייתי מתקתק","price":39,"vegan":false,"vegetarian":false,"image":"https://d25t2285lxl5rf.cloudfront.net/images/dishes/128cef40-5d6c-4bfb-b8c0-ef88a54802d0.jpg","notFood":false,"drinks":false},{"name":"שתי יחידות ספרינג רול","description":"מעטפת בצק קריספית במילוי עוף וירקות ","price":26,"vegan":false,"vegetarian":false,"image":"https://d25t2285lxl5rf.cloudfront.net/images/dishes/cc40e770-1a60-4a89-9b50-e7f32c45d50e.jpg","notFood":false,"drinks":false},{"name":"ספרינג רול","description":"מעטפת בצק קריספית במילוי עוף וירקות","price":14,"vegan":false,"vegetarian":false,"image":"https://d25t2285lxl5rf.cloudfront.net/images/dishes/edf7abfe-adb0-4db8-abb4-e63b81c0b069.jpg","notFood":false,"drinks":false},{"name":"מרק תירס וחלב קוקוס","price":14,"vegan":true,"vegetarian":true,"image":"https://d25t2285lxl5rf.cloudfront.net/images/dishes/1fef4393-d04e-4395-9fbc-15aeefdd8b4b.jpg","notFood":false,"drinks":false},{"name":"מרק עדשים הודי","price":14,"vegan":true,"vegetarian":true,"image":"https://d25t2285lxl5rf.cloudfront.net/images/dishes/2c716c77-0d8b-4c67-9495-c20ef4189dfe.jpg","notFood":false,"drinks":false},{"name":"מרק בטטה ובוטנים","price":14,"vegan":true,"vegetarian":true,"image":"https://d25t2285lxl5rf.cloudfront.net/images/dishes/70e0a23f-c8c6-4b7f-a952-18285377e5b6.jpg","notFood":false,"drinks":false},{"name":"שניצלונים","description":"אצבעות עוף בציפוי קריספי ושומשום","price":39,"vegan":false,"vegetarian":false,"image":"https://d25t2285lxl5rf.cloudfront.net/images/dishes/51c8f3d5-f895-4d8d-a41c-6a134b0d9a14.jpg","notFood":false,"drinks":false},{"name":"עוף בלימון חמוץ מתוק","description":"רצועות עוף בציפוי פריך ברוטב לימון ודבש ","price":39,"vegan":false,"vegetarian":false,"image":"https://d25t2285lxl5rf.cloudfront.net/images/dishes/2c1628e5-a671-4d5a-984b-9b4691410721.jpg","notFood":false,"drinks":false},{"name":"עוף סצ‘ואן","description":" נתחי עוף וירקות מוקפצים ברוטב סצ‘ואן (חריף)","price":39,"vegan":false,"vegetarian":false,"image":"https://d25t2285lxl5rf.cloudfront.net/images/dishes/2c0c1f05-93a8-4946-bb44-4641fa6bc514.jpg","notFood":false,"drinks":false},{"name":"עוף בירקות","description":"נתחי עוף בירקות מוקפצים ברוטב סויה, שום וג'ינג'ר.","price":39,"vegan":false,"vegetarian":false,"image":"https://d25t2285lxl5rf.cloudfront.net/images/dishes/c5268652-c64c-4fa3-9dff-36592eb63006.jpg","notFood":false,"drinks":false},{"name":"בקר סצ‘ואן","description":"נתחי בקר וירקות ברוטב סצ‘ואן (חריף)","price":39,"vegan":false,"vegetarian":false,"image":"https://d25t2285lxl5rf.cloudfront.net/images/dishes/e7c0115b-d538-489b-9666-5e2862315297.jpg","notFood":false,"drinks":false},{"name":"בקר בירקות","description":"נתחי בקר בירקות מוקפצים ברוטב סויה, שום וג'ינג'ר.","price":39,"vegan":false,"vegetarian":false,"image":"https://d25t2285lxl5rf.cloudfront.net/images/dishes/d7a82c8b-80cc-4f02-b7fd-b65687c3ccf7.jpg","notFood":false,"drinks":false},{"name":"שניצלונים","description":"אצבעות עוף בציפוי קריספי ושומשום","price":49,"vegan":false,"vegetarian":false,"image":"https://d25t2285lxl5rf.cloudfront.net/images/dishes/b9a10eff-fb89-4c3a-b64f-9364bc183964.jpg","notFood":false,"drinks":false},{"name":"עוף בלימון חמוץ מתוק","description":"רצועות עוף בציפוי פריך ברוטב לימון ודבש ","price":49,"vegan":false,"vegetarian":false,"image":"https://d25t2285lxl5rf.cloudfront.net/images/dishes/556678a9-1cb0-4815-9106-9f5c5ae7bbc6.jpg","notFood":false,"drinks":false},{"name":"עוף סצ‘ואן","description":" נתחי עוף וירקות ברוטב סצ‘ואן (חריף)","price":49,"vegan":false,"vegetarian":false,"image":"https://d25t2285lxl5rf.cloudfront.net/images/dishes/092b8ae1-2058-4c5c-9e7e-9fe8deb79382.jpg","notFood":false,"drinks":false},{"name":"עוף בירקות","description":"נתחי עוף בירקות מוקפצים ברוטב סויה, שום וג'ינג'ר.","price":49,"vegan":false,"vegetarian":false,"image":"https://d25t2285lxl5rf.cloudfront.net/images/dishes/4980d693-5734-41a0-aeef-23d055df498a.jpg","notFood":false,"drinks":false},{"name":"בקר סצ‘ואן","description":"נתחי בקר וירקות ברוטב סצ‘ואן (חריף)","price":49,"vegan":false,"vegetarian":false,"image":"https://d25t2285lxl5rf.cloudfront.net/images/dishes/5fc8ac7a-6711-4e20-be53-2d4fab7f333b.jpg","notFood":false,"drinks":false},{"name":"בקר בירקות","description":"נתחי בקר בירקות מוקפצים ברוטב סויה, שום וג'ינג'ר.","price":49,"vegan":false,"vegetarian":false,"image":"https://d25t2285lxl5rf.cloudfront.net/images/dishes/bd64b140-c076-45ed-82b4-1bc27ae707f4.jpg","notFood":false,"drinks":false},{"name":"שעועית ירוקה","description":"מוקפצת בשום, ג'ינג'ר, סויה כהה ושומשום.","price":22,"vegan":true,"vegetarian":true,"image":"https://d25t2285lxl5rf.cloudfront.net/images/dishes/2344f92a-33ae-45b6-9185-79f41f5c5793.jpg","notFood":false,"drinks":false},{"name":"אורז מאודה","description":"מוגש עם אפונה וגזר","price":22,"vegan":true,"vegetarian":true,"image":"https://d25t2285lxl5rf.cloudfront.net/images/dishes/7e71331f-a3ab-456b-b928-703d413a155e.jpg","notFood":false,"drinks":false},{"name":"אורז מוקפץ","description":"ברוטב טריאקי וירקות","price":22,"vegan":true,"vegetarian":true,"image":"https://d25t2285lxl5rf.cloudfront.net/images/dishes/74c506d0-b476-47af-b6fd-5a22f88ee75a.jpg","notFood":false,"drinks":false},{"name":"ירקות מוקפצים","description":"ברוטב סויה ותבלינים אסייתים","price":22,"vegan":true,"vegetarian":true,"image":"https://d25t2285lxl5rf.cloudfront.net/images/dishes/c495cd6d-5685-41de-ad65-8b26b5ac9208.jpg","notFood":false,"drinks":false},{"name":"חצילים","description":"פלחי חצילים במעטפת טמפורה ברוטב טריאקי ג‘ינג‘ר","price":22,"vegan":true,"vegetarian":true,"image":"https://d25t2285lxl5rf.cloudfront.net/images/dishes/63a4db27-8a0a-4f94-8adc-47ba47710b1d.jpg","notFood":false,"drinks":false},{"name":"תפו\"א","description":"פלחי תפו‘‘א מוקפצים ברוטב צ‘ילי טריאקי","price":22,"vegan":true,"vegetarian":true,"image":"https://d25t2285lxl5rf.cloudfront.net/images/dishes/d547829d-9edd-40ac-b186-f61e7d903285.jpg","notFood":false,"drinks":false},{"name":"נודלס","description":"נודלס, נבטים וירקות מוקפצים ברוטב סויה בהירה","price":29,"vegan":true,"vegetarian":true,"image":"https://d25t2285lxl5rf.cloudfront.net/images/dishes/ab7b4137-8362-44ae-93eb-3f7c7a8f1f1f.jpg","notFood":false,"drinks":false},{"name":"נודלס חריף","description":"נודלס, נבטים וירקות מוקפצים ברוטב סצ'ואן חריף","price":29,"vegan":true,"vegetarian":true,"image":"https://d25t2285lxl5rf.cloudfront.net/images/dishes/f7c7b566-9ffb-4cc0-8fd7-06f9206166de.jpg","notFood":false,"drinks":false},{"name":"נודלס ללא ירקות","description":"נודלס מוקפץ ברוטב סויה בהירה","price":29,"vegan":true,"vegetarian":true,"notFood":false,"drinks":false},{"name":"שעועית ירוקה","description":"מוקפצת בשום, ג'ינג'ר, סויה כהה ושומשום. ","price":29,"vegan":true,"vegetarian":true,"image":"https://d25t2285lxl5rf.cloudfront.net/images/dishes/c204ec36-1386-4f22-9e28-327c81dbec71.jpg","notFood":false,"drinks":false},{"name":"אורז מאודה","description":"מוגש עם אפונה וגזר","price":29,"vegan":true,"vegetarian":true,"image":"https://d25t2285lxl5rf.cloudfront.net/images/dishes/2565a609-5924-47db-848a-b8dfd459975d.jpg","notFood":false,"drinks":false},{"name":"אורז מוקפץ","description":"ברוטב טריאקי וירקות","price":29,"vegan":true,"vegetarian":true,"image":"https://d25t2285lxl5rf.cloudfront.net/images/dishes/779a6e5b-13e5-42f8-9a73-389e3c4fc6a5.jpg","notFood":false,"drinks":false},{"name":"ירקות מוקפצים","description":"ברוטב סויה ותבלינים אסייתים","price":29,"vegan":true,"vegetarian":true,"image":"https://d25t2285lxl5rf.cloudfront.net/images/dishes/660d011f-377b-4141-bbaa-1b46888d189d.jpg","notFood":false,"drinks":false},{"name":"חצילים","description":"פלחי חצילים במעטפת טמפורה ברוטב טריאקי ג‘ינג‘ר","price":29,"vegan":true,"vegetarian":true,"image":"https://d25t2285lxl5rf.cloudfront.net/images/dishes/1edb9aef-de74-48aa-b5d6-28990f531427.jpg","notFood":false,"drinks":false},{"name":"תפו\"א","description":"פלחי תפו‘‘א מוקפצים ברוטב צ‘ילי טריאקי","price":29,"vegan":true,"vegetarian":true,"image":"https://d25t2285lxl5rf.cloudfront.net/images/dishes/90775a78-a008-498b-a818-962090f327e1.jpg","notFood":false,"drinks":false},{"name":"נודלס","description":"נודלס, נבטים וירקות מוקפצים ברוטב סויה בהירה","price":39,"vegan":true,"vegetarian":true,"image":"https://d25t2285lxl5rf.cloudfront.net/images/dishes/12ea6340-7e80-4583-a8da-15b0d610391d.jpg","notFood":false,"drinks":false},{"name":"נודלס חריף","description":"נודלס, נבטים וירקות מוקפצים ברוטב סצ'ואן חריף","price":39,"vegan":true,"vegetarian":true,"image":"https://d25t2285lxl5rf.cloudfront.net/images/dishes/ad0cd854-d864-4b4d-9c82-82ce1e34b2eb.jpg","notFood":false,"drinks":false},{"name":"נודלס ללא ירקות","description":"נודלס מוקפץ ברוטב סויה בהירה","price":39,"vegan":true,"vegetarian":true,"notFood":false,"drinks":false},{"name":"פרייד רייס עוף","description":"אורז מוקפץ, נתחי עוף, נטיפי ביצים וירקות ברוטב \nסויה ותבלינים אסייתים, מעוטר בכוסברה ולימון","price":54,"vegan":false,"vegetarian":false,"image":"https://d25t2285lxl5rf.cloudfront.net/images/dishes/9e994cf4-d39d-4c14-94d8-d456f5c8bb8d.jpg","notFood":false,"drinks":false},{"name":"פרייד רייס בקר","description":"אורז מוקפץ, נתחי בקר, נטיפי ביצים וירקות ברוטב \nסויה ותבלינים אסייתים, מעוטר בכוסברה ולימון","price":54,"vegan":false,"vegetarian":false,"image":"https://d25t2285lxl5rf.cloudfront.net/images/dishes/324e11b4-b206-46ac-a312-b2eb52577cf3.jpg","notFood":false,"drinks":false},{"name":"פרייד רייס טופו","description":"אורז מוקפץ, נתחי טופו, נטיפי ביצים וירקות ברוטב \nסויה ותבלינים אסייתים, מעוטר בכוסברה ולימון","price":54,"vegan":false,"vegetarian":true,"image":"https://d25t2285lxl5rf.cloudfront.net/images/dishes/d86086fd-d11a-45d1-bb2c-9720fbba1647.jpg","notFood":false,"drinks":false},{"name":"פרייד רייס עוף","description":"אורז, נתחי עוף, נטיפי ביצים וירקות ברוטב סויה ותבלינים אסייתים, מעוטר בכוסברה ולימון","price":54,"vegan":false,"vegetarian":false,"image":"https://d25t2285lxl5rf.cloudfront.net/images/dishes/90df58bf-4126-4891-8f4a-aedc473f859d.jpg","notFood":false,"drinks":false},{"name":"פרייד רייס בקר","description":"אורז, נתחי בקר, נטיפי ביצים וירקות ברוטב סויה ותבלינים אסייתים, מעוטר בכוסברה ולימון.סויה ותבלינים אסייתים, מעוטר בכוסברה ולימון","price":54,"vegan":false,"vegetarian":false,"image":"https://d25t2285lxl5rf.cloudfront.net/images/dishes/7026c4e4-daa5-49af-8a02-18721e1ffe6c.jpg","notFood":false,"drinks":false},{"name":"פרייד רייס טופו","description":"אורז, נתחי טופו, נטיפי ביצים וירקות ברוטב סויה ותבלינים אסייתים, מעוטר בכוסברה ולימון","price":54,"vegan":false,"vegetarian":true,"image":"https://d25t2285lxl5rf.cloudfront.net/images/dishes/d12969c6-38c8-4447-b821-4dcdda3a07e4.jpg","notFood":false,"drinks":false},{"name":"הקוריאינית","description":"אנטריקוט בצל סגול וירוק, חצילים, בזיליקום ופלפלים במחית צ'ילי, מוגש עם אורז מאודה (חריף אש) ","price":65,"vegan":false,"vegetarian":false,"notFood":false,"drinks":false},{"name":"נודלס סלמון","description":"נודלס, נתחי סלמון, שרי, פטריות, תרד, \nבזיליקום ובצל ירוק ברוטב \nצ‘ילי וסויה","price":58,"vegan":false,"vegetarian":false,"image":"https://d25t2285lxl5rf.cloudfront.net/images/dishes/0790ed90-0d2b-46a8-8623-9b0b2083b5e0.jpg","notFood":false,"drinks":false},{"name":"צ‘וקה נודלס","description":"נודלס, נתחי עוף, בקר, אווז מעושן, נטיפי ביצים, כרוב, גזר, נבטים, בצל סגול וירוק ברוטב טריאקי מעוטר בבוטנים.\n","price":58,"vegan":false,"vegetarian":false,"image":"https://d25t2285lxl5rf.cloudfront.net/images/dishes/f0335bd0-7be8-4836-8881-894c6f1fea74.jpg","notFood":false,"drinks":false},{"name":"פאד תאי עוף","description":"אטריות אורז רחבות, נתחי עוף, נטיפי ביצים, כרוב, גזר, נבטים, בצל סגול וירוק ברוטב סויה וצ’ילי, מעוטר בכוסברה בוטנים ולימון.\n","price":54,"vegan":false,"vegetarian":false,"image":"https://d25t2285lxl5rf.cloudfront.net/images/dishes/f0f75bed-ff57-477a-bc04-e2d1d6fd87fd.jpg","notFood":false,"drinks":false},{"name":"פאד תאי בקר","description":"אטריות אורז רחבות, נתחי בקר, נטיפי ביצים, כרוב, גזר, נבטים, בצל סגול וירוק ברוטב סויה וצ’ילי, מעוטר בכוסברה בוטנים ולימון.\n","price":54,"vegan":false,"vegetarian":false,"image":"https://d25t2285lxl5rf.cloudfront.net/images/dishes/245e59c3-aa8c-4323-bc75-1a4c5d7c42f7.jpg","notFood":false,"drinks":false},{"name":"פאד תאי טופו","description":"אטריות אורז רחבות, נתחי טופו, נטיפי ביצים, כרוב, גזר, נבטים, בצל סגול וירוק ברוטב סויה וצ’ילי, מעוטר בכוסברה בוטנים ולימון.","price":54,"vegan":false,"vegetarian":true,"image":"https://d25t2285lxl5rf.cloudfront.net/images/dishes/91d21167-3f6a-4af0-b891-db0dbf5e8fcc.jpg","notFood":false,"drinks":false},{"name":"קלאסיק נודלס עוף","description":"נודלס, נתחי עוף, נטיפי ביצים, כרוב, גזר, נבטים, בצל סגול וירוק ברוטב סויה בהירה.\n","price":54,"vegan":false,"vegetarian":false,"image":"https://d25t2285lxl5rf.cloudfront.net/images/dishes/51a5e577-14ea-458e-9d79-897876510dbc.jpg","notFood":false,"drinks":false},{"name":"קלאסיק נודלס בקר","description":"נודלס, נתחי בקר, נטיפי ביצים, כרוב, גזר, נבטים, בצל סגול וירוק ברוטב סויה בהירה.\n","price":54,"vegan":false,"vegetarian":false,"image":"https://d25t2285lxl5rf.cloudfront.net/images/dishes/32d67467-1e64-4faa-b2c1-75ac9c4aac76.jpg","notFood":false,"drinks":false},{"name":"קלאסיק נודלס טופו","description":"נודלס, נתחי טופו, נטיפי ביצים, כרוב, גזר, נבטים, בצל סגול וירוק ברוטב סויה בהירה.\n","price":54,"vegan":false,"vegetarian":true,"image":"https://d25t2285lxl5rf.cloudfront.net/images/dishes/331c8d5e-cf73-4995-b990-adf2577b4d97.jpg","notFood":false,"drinks":false},{"name":"נודלס בקארי עוף (חריף)","description":"נודלס, נתחי עוף, בצל סגול וירוק, פטריות, תרד, ברוטב בוטנים, מעוטר בבוטנים גרוסים.","price":54,"vegan":false,"vegetarian":false,"image":"https://d25t2285lxl5rf.cloudfront.net/images/dishes/c4d7608d-e793-4782-81da-81774372a558.jpg","notFood":false,"drinks":false},{"name":"נודלס בקארי בקר (חריף)","description":"נודלס, נתחי בקר, בצל סגול וירוק, פטריות, תרד, ברוטב בוטנים, מעוטר בבוטנים גרוסים.","price":54,"vegan":false,"vegetarian":false,"image":"https://d25t2285lxl5rf.cloudfront.net/images/dishes/eb7fe734-b6ea-4191-a3b3-27527c59d358.jpg","notFood":false,"drinks":false},{"name":"נודלס בקארי טופו (חריף)","description":"נודלס, נתחי טופו, בצל סגול וירוק, פטריות, תרד, ברוטב בוטנים, מעוטר בבוטנים גרוסים.","price":54,"vegan":true,"vegetarian":true,"image":"https://d25t2285lxl5rf.cloudfront.net/images/dishes/7b53b467-3bc2-4e4b-a8d9-3b83f78cd132.jpg","notFood":false,"drinks":false},{"name":"בלאק נודלס עוף","description":"נודלס, נתחי עוף, פטריות, תרד, כרוב, גזר, בצל סגול וירוק ברוטב סויה שחורה, שום\r\nוג'ינג'ר\r\n","price":54,"vegan":false,"vegetarian":false,"image":"https://d25t2285lxl5rf.cloudfront.net/images/dishes/52fd414c-5d27-4d44-b548-a79214d204cd.jpg","notFood":false,"drinks":false},{"name":"בלאק נודלס בקר","description":"נודלס, נתחי בקר, פטריות, תרד, כרוב, גזר, בצל סגול וירוק ברוטב סויה שחורה, \r\nשום וג'ינג'ר\r\n","price":54,"vegan":false,"vegetarian":false,"image":"https://d25t2285lxl5rf.cloudfront.net/images/dishes/b737d8c4-555e-4a59-8cfd-6cd29e9722ea.jpg","notFood":false,"drinks":false},{"name":"בלאק נודלס טופו","description":"נודלס, נתחי טופו, פטריות, תרד, כרוב, גזר, בצל סגול וירוק ברוטב סויה שחורה, \r\nשום וג'ינג'ר\r\n","price":54,"vegan":true,"vegetarian":true,"image":"https://d25t2285lxl5rf.cloudfront.net/images/dishes/a32490f6-918a-475d-9a79-5b5b450e20e5.jpg","notFood":false,"drinks":false},{"name":"פאד סי יו -עוף","description":"אטריות אורז,נתחי עוף,פטריות בצל סגול וירוק, נבטים, תרד וברוקולי בסויה מתוקה וג'ינג'ר ","price":58,"vegan":false,"vegetarian":false,"notFood":false,"drinks":false},{"name":"פאד סי יו- בקר","description":"אטריות אורז,נתחי בקר ,פטריות בצל סגול וירוק, נבטים, תרד וברוקולי בסויה מתוקה וג'ינג'ר ","price":58,"vegan":false,"vegetarian":false,"notFood":false,"drinks":false},{"name":"פאד סי יו - טופו","description":"אטריות אורז,נתחי טופו,פטריות בצל סגול וירוק, נבטים, תרד וברוקולי בסויה מתוקה וג'ינג'ר ","price":58,"vegan":true,"vegetarian":true,"notFood":false,"drinks":false},{"name":"מאקי צמחוני I/O 8 יח'","description":"רול צר, אצה בפנים, אורז בחוץ. 3 ירקות לבחירה.","price":31,"vegan":true,"vegetarian":true,"image":"https://d25t2285lxl5rf.cloudfront.net/images/dishes/50921e6d-185d-40c4-bf1f-8b48d3aca1a9.jpg","notFood":false,"drinks":false},{"name":"פוטומאקי צמחוני 8 יח'","description":"רול רחב. 4 ירקות לבחירה.","price":34,"vegan":true,"vegetarian":true,"image":"https://d25t2285lxl5rf.cloudfront.net/images/dishes/7a137e4d-d5c8-44be-b89e-1fb2efd6d122.jpg","notFood":false,"drinks":false},{"name":"פוטומאקי צמחוני I/O 8 יח'","description":"רול רחב, אצה בפנים, אורז בחוץ. 4 ירקות לבחירה.","price":36,"vegan":true,"vegetarian":true,"image":"https://d25t2285lxl5rf.cloudfront.net/images/dishes/606db19a-ac64-4043-ba74-6473d1110aec.jpg","notFood":false,"drinks":false},{"name":"ניגירי צמחוני 2 יח'","description":"ירק לבחירה","price":21,"vegan":true,"vegetarian":true,"image":"https://d25t2285lxl5rf.cloudfront.net/images/dishes/1d74470c-b180-479d-87b4-5a154217c95f.jpg","notFood":false,"drinks":false},{"name":"קונוס צמחוני 1 יח'","description":"3 ירקות לבחירה","price":23,"vegan":true,"vegetarian":true,"image":"https://d25t2285lxl5rf.cloudfront.net/images/dishes/52b231ab-85e5-4ac5-a354-6dfc52a44ddf.jpg","notFood":false,"drinks":false},{"name":"מאקי דג 8 יח'","description":"רול צר, אצה בחוץ ואורז בפנים. דג וירק לבחירה.","price":26,"vegan":false,"vegetarian":false,"image":"https://d25t2285lxl5rf.cloudfront.net/images/dishes/1857506.jpg","notFood":false,"drinks":false},{"name":"מאקי דג I/O 8 יח'","description":"רול צר אצה בפנים, אורז בחוץ. דג ושני ירקות לבחירה.","price":34,"vegan":false,"vegetarian":false,"image":"https://d25t2285lxl5rf.cloudfront.net/images/dishes/d7092e49-8566-43f9-a895-a95dfb66da35.jpg","notFood":false,"drinks":false},{"name":"פוטומאקי דג 8 יח'","description":"רול רחב, אצה בחוץ ואורז בפנים. דג ו-3 ירקות לבחירה.","price":38,"vegan":false,"vegetarian":false,"image":"https://d25t2285lxl5rf.cloudfront.net/images/dishes/2319b3a1-93c0-478a-a2f9-66c12f9fd1b3.jpg","notFood":false,"drinks":false},{"name":"פוטומאקי דג I/O 8 יח'","description":"רול רחב, אצה בפנים, אורז בחוץ. דג ו-3 ירקות לבחירה.","price":40,"vegan":false,"vegetarian":false,"image":"https://d25t2285lxl5rf.cloudfront.net/images/dishes/2c3680ec-f786-440d-ab41-49462bd5b54f.jpg","notFood":false,"drinks":false},{"name":"ניגירי דג 2 יח'","description":"דג לבחירה","price":26,"vegan":false,"vegetarian":false,"image":"https://d25t2285lxl5rf.cloudfront.net/images/dishes/419e2991-06b1-45da-a450-5efea4786a56.jpg","notFood":false,"drinks":false},{"name":"סשימי 4 יח'","description":"נתחי דג פילה מובחר, ","price":36,"vegan":false,"vegetarian":false,"image":"https://d25t2285lxl5rf.cloudfront.net/images/dishes/f95df814-d892-4a88-bcef-5e00a2793341.jpg","notFood":false,"drinks":false},{"name":"קונוס דג 1 יח'","description":"דג ו-2 ירקות לבחירה","price":26,"vegan":false,"vegetarian":false,"image":"https://d25t2285lxl5rf.cloudfront.net/images/dishes/fdee25c2-ba23-4b2d-974e-0238535f7928.jpg","notFood":false,"drinks":false},{"name":"מאקי צמחוני 8 יח'","description":"רול צר, אצה בחוץ ואורז בפנים. 2 ירקות לבחירה","price":22,"vegan":true,"vegetarian":true,"image":"https://d25t2285lxl5rf.cloudfront.net/images/dishes/a96d2cfe-8e16-4e0a-9d86-fd7d78ebd605.jpg","notFood":false,"drinks":false},{"name":"גרין רול I/O","description":"בטטה, אבוקדו, גזר, מלפפון ועירית עטוף באבוקדו ושומשום. 8 יחידות ","price":36,"vegan":true,"vegetarian":true,"image":"https://d25t2285lxl5rf.cloudfront.net/images/dishes/e0665278-f812-401c-99a3-f57fac5cbf3a.jpg","notFood":false,"drinks":false},{"name":"סלמון רול I/O","description":"סלמון, אבוקדו ומלפפון עטוף בשבבי פנקו. 8 יחידות ","price":38,"vegan":false,"vegetarian":false,"image":"https://d25t2285lxl5rf.cloudfront.net/images/dishes/6fc1b12d-58fe-4369-9db2-a6b668b8b246.jpg","notFood":false,"drinks":false},{"name":"מאורו I/O","description":"סלמון בטמפורה, מלפפון ואבוקדו עטוף באבוקדו, שומשום ורוטב טריאקי. 8 יחידות ","price":40,"vegan":false,"vegetarian":false,"image":"https://d25t2285lxl5rf.cloudfront.net/images/dishes/fdacd1c7-607d-442e-9db0-76f9e89c5e33.jpg","notFood":false,"drinks":false},{"name":"מנהטן I/O","description":"סלמון קצוץ בליים, נענע, אבוקדו, שבבי טמפורה ומלפפון, עטוף בסלמון, אבוקדו ומיונז לימוני.8 יח' ","price":48,"vegan":false,"vegetarian":false,"image":"https://d25t2285lxl5rf.cloudfront.net/images/dishes/05f493b0-2ed6-47d9-8a52-cafd9e5ab67d.jpg","notFood":false,"drinks":false},{"name":"דאבל סלמון רול I/O","description":"סלמון, עירית, אבוקדו ומלפפון עטוף סלמון צרוב, עירית, צ'ילי, מיונז לימוני ופלחי לימון. 8 יח'","price":50,"vegan":false,"vegetarian":false,"image":"https://d25t2285lxl5rf.cloudfront.net/images/dishes/ef7ef133-648a-439c-8237-fa4129aafe70.jpg","notFood":false,"drinks":false},{"name":"דרגון I/O","description":"מלפפון, אבוקדו ושיטאקי עטוף בטטה, אבוקדו ושומשום. 8 יח'","price":36,"vegan":true,"vegetarian":true,"image":"https://d25t2285lxl5rf.cloudfront.net/images/dishes/a49eaf1a-78a0-435d-b8e0-f1d56496304b.jpg","notFood":false,"drinks":false},{"name":"סאן רול I/O","description":"סלמון, מלפפון, אבוקדו וטמאגו עטוף סלמון צרוב, ספייסי מיונז, טריאקי  ושבבי בטטה קריספית. 8 יחידות","price":50,"vegan":false,"vegetarian":false,"image":"https://d25t2285lxl5rf.cloudfront.net/images/dishes/eec1231f-7e83-4bef-9f82-1e4b5896712c.jpg","notFood":false,"drinks":false},{"name":"סקיפי רול 8 יח'","description":"סלמון טמפורה, חמאת בוטנים ומלפפון עטוף באבוקדו ופנקו.","price":40,"vegan":false,"vegetarian":false,"image":"https://d25t2285lxl5rf.cloudfront.net/images/dishes/1ff111c9-1354-44e9-9238-5aa891e3d01c.jpg","notFood":false,"drinks":false},{"name":"סאקה רול 8 יח'","description":"סלמון, בטטה ואבוקדו עטוף בסלמון צרוב, בזיגוג טריאקי ובוטנים","price":48,"vegan":false,"vegetarian":false,"image":"https://d25t2285lxl5rf.cloudfront.net/images/dishes/5cc0e23f-5146-4889-8772-2a48783b23b0.jpg","notFood":false,"drinks":false},{"name":"ספייסי סלמון רול 8 יח'","description":"סלמון קצוץ מתובל ,טמאגו, אבוקדו ומלפפון עטוף בסלמון צרוב סרצ'ה וצ'ילי.","price":48,"vegan":false,"vegetarian":false,"image":"https://d25t2285lxl5rf.cloudfront.net/images/dishes/99cb58a1-b5f6-453d-ae9d-1fa28b62cdc3.jpg","notFood":false,"drinks":false},{"name":"ספייסי טונה 8 יח'","description":"טונה אדומה קצוצה מתובלת, מלפפון, עירית ואבוקדו עטוף בספייסי טונה קצוצה, עירית ופלחי לימון.","price":50,"vegan":false,"vegetarian":false,"image":"https://d25t2285lxl5rf.cloudfront.net/images/dishes/d5c53754-a78a-4860-929c-a95996a96344.jpg","notFood":false,"drinks":false},{"name":"ריינבו 8 יח'","description":"טונה, מלפפון, טמאגו ואבוקדו עטוף בסלמון ואבוקדו","price":48,"vegan":false,"vegetarian":false,"image":"https://d25t2285lxl5rf.cloudfront.net/images/dishes/ac70522f-d07f-49db-b602-cf9166f411ee.jpg","notFood":false,"drinks":false},{"name":"הוריקן","description":"סלמון מעושן, אבוקדו, עירית, עטוף אבוקדו וקריספי בטטה ","price":54,"vegan":false,"vegetarian":false,"notFood":false,"drinks":false},{"name":"ספיישל סי בס","description":"סי-בס בטמפורה, שיטאקי, אבוקדו עטוף סלמון צרוב, מיונז לימוני ועירית ","price":57,"vegan":false,"vegetarian":false,"notFood":false,"drinks":false},{"name":"סמוק סלמון","description":"טמאגו, אבוקדו, מלפפון, אספרגוס, עטוף סלמון מעושן, מיונז לימוני, שומשום, עירית וטוביקו ","price":56,"vegan":false,"vegetarian":false,"notFood":false,"drinks":false},{"name":"קמיקזי","description":"ספייסי סלמון, סרצ'ה, מלפפון ואבוקדו עטוף טונה, פנקו, עירית ספייסי מיונז ומיונז לימוני  ","price":57,"vegan":false,"vegetarian":false,"notFood":false,"drinks":false},{"name":"סנדוויץ' צמחוני","description":"טמאגו, אבוקדו ובטטה. 4 יחידות","price":38,"vegan":false,"vegetarian":true,"image":"https://d25t2285lxl5rf.cloudfront.net/images/dishes/0b600955-80c8-4f14-8a46-7b9702bfdaec.jpg","notFood":false,"drinks":false},{"name":"סנדוויץ' סלמון","description":"סלמון ואבוקדו. 4 יחידות","price":41,"vegan":false,"vegetarian":false,"image":"https://d25t2285lxl5rf.cloudfront.net/images/dishes/08f852b0-81a0-4ec0-a49b-a1a343fd0479.jpg","notFood":false,"drinks":false},{"name":"הוט סנדוויץ","description":"סלמון, אבוקדו, בטטה ועירית, מטוגן בטמפורה ושבבי פנקו – מוגש חם.\n4 יח' ","price":43,"vegan":false,"vegetarian":false,"image":"https://d25t2285lxl5rf.cloudfront.net/images/dishes/14df42c5-cb94-4e30-9158-1f513a05a299.jpg","notFood":false,"drinks":false},{"name":"קומבינציה צמחונית 1","description":" 8 יח' מאקי טמאגו וקנפיו.\n 4 יח' דרגון I/O: מלפפון, אבוקדו ושיטאקי, עטוף בטטה אבוקדו ושומשום.\n4  יח' גרין רול I/O: בטטה, אבוקדו, גזר, מלפפון ועירית עטוף באבוקדו ושומשום.\n","price":55,"vegan":false,"vegetarian":true,"image":"https://d25t2285lxl5rf.cloudfront.net/images/dishes/9e314604-fab7-463b-af90-ee0d9fe7dabd.jpeg","notFood":false,"drinks":false},{"name":"קומבינציית מאקי","description":"8 יחידות מאקי טמאגו וקנפיו, \n8 יחידות מאקי טונה ומלפפון, \n8 יחידות מאקי סלמון ואבוקדו.","price":68,"vegan":false,"vegetarian":false,"image":"https://d25t2285lxl5rf.cloudfront.net/images/dishes/f6baa551-247b-4d14-9186-373dd11fa86f.jpeg","notFood":false,"drinks":false},{"name":"קומבינצית סלמון","description":"8 יח'  מאקי סלמון ואבוקדו.\n4 יח'  סלמון רול I/O : \nסלמון, אבוקדו ומלפפון עטוף בשבבי פנקו.\n4 יח' מאורו I/O :\nסלמון בטמפורה, מלפפון ואבוקדו עטוף באבוקדו, שומשום ורוטב טריאקי.\n","price":62,"vegan":false,"vegetarian":false,"image":"https://d25t2285lxl5rf.cloudfront.net/images/dishes/4c8d00b4-8c8a-479b-bb9e-c6b349fa1c8b.jpeg","notFood":false,"drinks":false},{"name":"קומבינציית ספיישל","description":"8 יח' מאקי אבוקדו.\r\n4 יח' ריינבו: טונה, מלפפון, טמאגו ואבוקדו עטוף בסלמון ואבוקדו.\r\n4 יח' סאקה רול: סלמון, בטטה ואבוקדו עטוף בסלמון צרוב בזיגוג טריאקי ובוטנים.\r\n8 יח' צ'וקה הוט רול: סלמון בטמפורה, אבוקדו, גזר ומלפפון מטוגן בציפוי שבבי פנקו\r\n","price":105,"vegan":false,"vegetarian":false,"image":"https://d25t2285lxl5rf.cloudfront.net/images/dishes/166ba8f6-8223-4114-aa92-5c4988477b63.jpeg","notFood":false,"drinks":false},{"name":"קומבינציה זוגית","description":"8  יח' מאקי סלמון ואבוקדו.\r\n 8 יח' טונה ומלפפון.\r\n 4 יח' סנדוויץ' סלמון ואבוקדו.\r\n 4 יח' סלמון רול: סלמון, אבוקדו ומלפפון עטוף בשבבי פנקו.\r\n4  יח' מאורו: סלמון טמפורה, מלפפון ואבוקדו עטוף באבוקדו, שומשום ורוטב   טריאקי.\r\n 8 יח' ריינבו: טונה, מלפפון, טמאגו ואבוקדו עטוף בסלמון ואבוקדו.\r\n","price":170,"vegan":false,"vegetarian":false,"image":"https://d25t2285lxl5rf.cloudfront.net/images/dishes/86a13e3d-c3c3-43c7-9c99-3b8c1ad56d76.jpeg","notFood":false,"drinks":false},{"name":"הוט ווג'י I/O","description":"אבוקדו, מלפפון, בטטה וטמאגו, מטוגן בציפוי שבבי פנקו - מוגש חם. 8 יחידות","price":38,"vegan":false,"vegetarian":true,"image":"https://d25t2285lxl5rf.cloudfront.net/images/dishes/c1243c2a-b5dd-420c-98c7-e9b055e2a380.jpg","notFood":false,"drinks":false},{"name":"צ'וקה הוט רול I/O","description":"סלמון בטמפורה, אבוקדו, גזר ומלפפון, מטוגן בציפוי שבבי פנקו- מוגש חם.  8 יחידות","price":40,"vegan":false,"vegetarian":false,"image":"https://d25t2285lxl5rf.cloudfront.net/images/dishes/b4abe34a-d97b-48e8-bba8-dc9ed3cbdbe4.jpg","notFood":false,"drinks":false},{"name":"מגש גדול צמחוני - סה\"כ 88 יח'","description":"\tגרין רול 2 רולים (16 יח)\n\tדרגון X 2\n\tהוט ווג'י \n\tאינסייד אאוט – אבוקדו, גזר, מלפפון, טמגו עטוף פנקו \n\tמאקי טמגו קנפיו\n\tמאקי אבוקדו מלפפון\n\tמאקי בטטה קנפיו\n\tמאקי אבוקדו עירית\n\tפוטומאקי 4 יח טופו אבוקדו מלפפון עירית \n\tסנדביץ צמחוני\n","price":310,"vegan":true,"vegetarian":true,"image":"https://d25t2285lxl5rf.cloudfront.net/images/dishes/14ac174f-0d56-432d-adeb-d2c34de5a764.jpg","notFood":false,"drinks":false},{"name":"מגש גדול מעורב - סה\"כ 88 יח'","description":"\tגרין רול X 2\n\tדרגון\n\tספייסי סלמון\n\tריינבאו\n\tמאורו\n\tמאקי טמגו קנפיו\n\tמאקי סלמון אבוקדו\n\tמאקי בטטה קנפיו\n\tמאקי טונה מלפפון\n\tפוטומאקי 4 יח טופו אבוקדו מלפפון עירית \n\tסנדביץ סלמון\n","price":360,"vegan":false,"vegetarian":false,"image":"https://d25t2285lxl5rf.cloudfront.net/images/dishes/e943e9b8-8413-4307-ae33-20058e17d966.jpg","notFood":false,"drinks":false},{"name":"מגש גדול דגים - סה\"כ 88 יח'","description":"\tסאן רול\n\tמאורו\n\tריינבאו\n\tספיסי טונה\n\tדאבל סלמון\n\tצ'וקה הוט רול\n\tמאקי סלמון אפוי שטאקי\n\tמאקי סלמון אבוקדו\n\tמאקי טונה עירית\n\tמאקי טונה מלפפון \n\tפוטומאקי 4 יח סלמון אבוקדו מלפפון עירית \n\tסנדביץ סלמון\n","price":410,"vegan":false,"vegetarian":false,"image":"https://d25t2285lxl5rf.cloudfront.net/images/dishes/7077c16c-fbb6-46a7-a1a1-98e23eb6f21e.jpg","notFood":false,"drinks":false},{"name":"מגש בינוני צמחוני - סה\"כ 52 יח'","description":"\tגרין רול X 2\n\tדרגון\n\tהוט ווג'י\n\tמאקי טמגו קנפיו\n\tמאקי אבוקדו מלפפון\n\tסנדביץ צמחוני\n","price":220,"vegan":true,"vegetarian":true,"image":"https://d25t2285lxl5rf.cloudfront.net/images/dishes/4785cfc0-eb45-40d0-ad63-97bb369cb59b.jpg","notFood":false,"drinks":false},{"name":"מגש בינוני מעורב - סה\"כ 52 יח'","description":"\tגרין רול\n\tדרגון\n\tמאורו\n\tריינבאו\n\tמאקי בטטה קנפיו\n\tמאקי סלמון אבוקדו\n\tסנדביץ סלמון\n","price":240,"vegan":false,"vegetarian":false,"image":"https://d25t2285lxl5rf.cloudfront.net/images/dishes/6848dac9-7dfa-49b3-935f-03a625a4e02d.jpg","notFood":false,"drinks":false},{"name":"מגש בינוני דגים - סה\"כ 52 יח'","description":"\tמאורו\n\tסלמון רול\n\tספייסי סלמון\n\tרייבאו\n\tמאקי טונה מלפפון\n\tמאקי סלמון אבוקדו\n\tסנדביץ סלמון\n","price":260,"vegan":false,"vegetarian":false,"image":"https://d25t2285lxl5rf.cloudfront.net/images/dishes/cc940bb1-c286-494b-9af4-b471964cacee.jpg","notFood":false,"drinks":false},{"name":"מגש VIP- סה\"כ 92 יח'","description":"8 יח' גרין רול\n8 יח' דרגון רול\n8 יח' סלמון רול\n8 יח' מאורו\n8 יח' סאקה רול\n8 יח' מנהטן \n8 יח' ספייסי סלמון\n8 יח' ספייסי טונה\n8 יח' דאבל סלמון רול\n8 יח' ריינבו\n8 יח' סאן רול\n4 יח' ניגירי:סלמון, טונה, אבוקדו וטמאגו ","price":480,"vegan":false,"vegetarian":false,"image":"https://d25t2285lxl5rf.cloudfront.net/images/dishes/1979662.jpg","notFood":false,"drinks":false},{"name":"צ'וקה פאי","description":"רול מצופה פנקו במילוי שוקולד.","price":14,"vegan":false,"vegetarian":true,"image":"https://d25t2285lxl5rf.cloudfront.net/images/dishes/f19de0b9-78d5-413f-bda0-ba1f5856648a.jpg","notFood":false,"drinks":false},{"name":"טרופי מנגו","description":"על מצע של קראמבל אפוי, קרם מנגו, קרם וניל בציפוי רוטב מנגו מרענן. (מכיל ביצים, אגוזים)","price":14,"vegan":false,"vegetarian":true,"image":"https://d25t2285lxl5rf.cloudfront.net/images/dishes/77e134cd-f85c-45eb-b80c-66eb0424c62a.jpg","notFood":false,"drinks":false},{"name":"אוראו","description":"תחתית של בראוניז, קרם אוראו, בציפוי רוטב שוקולד קליק ועוגיות אוראו. (מכיל: ביצים, אגוזים, בוטנים, שומשום, סויה, גלוטן (חיטה)","price":14,"vegan":false,"vegetarian":true,"image":"https://d25t2285lxl5rf.cloudfront.net/images/dishes/01ed41f1-3d11-441b-a651-733345e5f3f4.jpg","notFood":false,"drinks":false},{"name":"סושי שוקולד","price":30,"vegan":false,"vegetarian":true,"image":"https://d25t2285lxl5rf.cloudfront.net/images/dishes/2291766.jpeg","notFood":false,"drinks":false},{"name":"פיצוץ שוקולד","price":30,"vegan":false,"vegetarian":true,"image":"https://d25t2285lxl5rf.cloudfront.net/images/dishes/2291767.jpeg","notFood":false,"drinks":false},{"name":"מים","price":9,"vegan":true,"vegetarian":true,"notFood":false,"drinks":false},{"name":"סודה","price":9,"vegan":true,"vegetarian":true,"notFood":false,"drinks":true},{"name":"פחית קוקה קולה","price":10,"vegan":true,"vegetarian":true,"notFood":false,"drinks":true},{"name":"פחית קולה זירו","price":10,"vegan":true,"vegetarian":true,"notFood":false,"drinks":true},{"name":"פחית ספרייט","price":10,"vegan":true,"vegetarian":true,"notFood":false,"drinks":true},{"name":"פחית ספרייט זירו\n","price":10,"vegan":true,"vegetarian":true,"notFood":false,"drinks":true},{"name":"פחית פאנטה","price":10,"vegan":true,"vegetarian":true,"notFood":false,"drinks":false},{"name":"פריגת ענבים","description":"330 מ\"ל","price":10,"vegan":true,"vegetarian":true,"notFood":false,"drinks":true},{"name":"פריגת תפוזים","description":"330 מ\"ל","price":10,"vegan":true,"vegetarian":true,"notFood":false,"drinks":false},{"name":"פריגת אשכוליות","description":"330 מ\"ל","price":10,"vegan":true,"vegetarian":true,"notFood":false,"drinks":false},{"name":"פריגת לימונענע","description":"330 מ\"ל","price":10,"vegan":true,"vegetarian":true,"notFood":false,"drinks":false},{"name":"פיוזטי אפרסק","price":11,"vegan":true,"vegetarian":true,"notFood":false,"drinks":false},{"name":"נביעות ענבים","price":11,"vegan":true,"vegetarian":true,"notFood":false,"drinks":true},{"name":"נביעות תפוח","price":11,"vegan":true,"vegetarian":true,"notFood":false,"drinks":false},{"name":"קוקה קולה","description":"0.5 ליטר","price":11,"vegan":true,"vegetarian":true,"notFood":false,"drinks":true},{"name":"קוקה קולה","description":"0.5 ליטר","price":11,"vegan":true,"vegetarian":true,"notFood":false,"drinks":true},{"name":"קולה זירו זכוכית","price":11,"vegan":true,"vegetarian":true,"notFood":false,"drinks":true},{"name":"קולה זכוכית","price":11,"vegan":true,"vegetarian":true,"notFood":false,"drinks":true}]}