{"track_id":"11471","filters":["homeMade","meatGrill","fish"],"image":"https://tenbis-static.azureedge.net/restaurant-default-card-image/CuzineType_homemade_09.jpg","address":"אבשלום גיסין, 7 פתח תקווה","location":[34.8841289,32.0978637],"name":"בישולים","city":"פתח תקוה - בקעת אונו","priceAverage":31.136363636363637,"menu":[{"name":"שניצל  \t","price":42,"vegan":false,"vegetarian":false,"notFood":false,"drinks":false},{"name":"שניצלונים","price":42,"vegan":false,"vegetarian":false,"notFood":false,"drinks":false},{"name":"פרגית","price":42,"vegan":false,"vegetarian":false,"notFood":false,"drinks":false},{"name":"כרעיים בגריל\n","price":42,"vegan":true,"vegetarian":true,"notFood":false,"drinks":false},{"name":"חזה עוף","price":42,"vegan":false,"vegetarian":false,"notFood":false,"drinks":false},{"name":"בלינצ'ס פטריות \t","description":"*צמחוני (2 יח')","price":42,"vegan":true,"vegetarian":true,"notFood":false,"drinks":false},{"name":"אגרול סיני \t","description":"*צמחוני (2 יח')","price":42,"vegan":true,"vegetarian":true,"notFood":false,"drinks":false},{"name":"קיש ירקות\t","description":"*צמחוני ","price":42,"vegan":true,"vegetarian":true,"notFood":false,"drinks":false},{"name":"עוף טבעוני","description":"(חלבון סויה)\t","price":42,"vegan":false,"vegetarian":false,"notFood":false,"drinks":false},{"name":"סלט בריאות","description":"חסה, עגבנייה, מלפפון, גזר, פלפלים, בצל, תירס","price":42,"vegan":true,"vegetarian":true,"notFood":false,"drinks":false},{"name":"שווארמה\t","price":42,"vegan":false,"vegetarian":false,"notFood":false,"drinks":false},{"name":"גולש \t","price":42,"vegan":true,"vegetarian":true,"notFood":false,"drinks":false},{"name":"בלינצ'ס בשר \t","price":42,"vegan":false,"vegetarian":false,"notFood":false,"drinks":false},{"name":"חזה עוף בלימון ודבש \t","price":42,"vegan":false,"vegetarian":false,"notFood":false,"drinks":false},{"name":"דג סול מטוגן \t","price":42,"vegan":false,"vegetarian":false,"notFood":false,"drinks":false},{"name":"מים מינרלים","price":7,"vegan":true,"vegetarian":true,"notFood":false,"drinks":false},{"name":"סודה","price":7,"vegan":true,"vegetarian":true,"notFood":false,"drinks":true},{"name":"פחית קולה","price":8,"vegan":true,"vegetarian":true,"notFood":false,"drinks":true},{"name":"פחית קולה זירו","price":8,"vegan":true,"vegetarian":true,"notFood":false,"drinks":true},{"name":"פחית ספרייט","price":8,"vegan":true,"vegetarian":true,"notFood":false,"drinks":true},{"name":"פחית ספרייט דיאט","price":8,"vegan":true,"vegetarian":true,"notFood":false,"drinks":true},{"name":"פיוזטי","price":9,"vegan":true,"vegetarian":true,"notFood":false,"drinks":false}]}