{"track_id":"11686","filters":["salads","coffeeHouse","sandwichesWraps"],"image":"https://tenbis-static.azureedge.net/restaurant-card-image/ResCard_11686_20201228142825.jpg","address":"המסגר, 34 תל אביב-יפו","location":[34.7859841,32.0642321],"name":"קופיסטיישן","city":"גבעתיים","priceAverage":18.081632653061224,"menu":[{"name":"סלט בהרכבה אישית 1000 מ\"ל","description":"","price":48,"vegan":true,"vegetarian":true,"image":"https://d25t2285lxl5rf.cloudfront.net/images/dishes/3a6baba3-54d2-49a4-b65f-220dd47373a5.jpg","notFood":false,"drinks":false},{"name":"סלט בהרכבה אישית 750 מ\"ל","description":"","price":44,"vegan":true,"vegetarian":true,"image":"https://d25t2285lxl5rf.cloudfront.net/images/dishes/b083dff2-e52a-4176-b6bf-1965d81b7b1c.jpg","notFood":false,"drinks":false},{"name":"כריך סלמון","description":"סלמון שמנת שום שמיר ומלפפון בבגאט רוסטיק מחיטה מלאה","price":33,"vegan":false,"vegetarian":false,"image":"https://d25t2285lxl5rf.cloudfront.net/images/dishes/dda8aa7a-ba57-4c7e-83f5-778031b5bc61.jpg","notFood":false,"drinks":false},{"name":"כריך קפרזה","description":"פסטו,מוצרלה,עלי בזיליקום,חסה עגבניה,זיתי קלמטה ובלסמי מצומצם בבגאט רוסטיק מחיטה מלאה","price":33,"vegan":false,"vegetarian":true,"image":"https://d25t2285lxl5rf.cloudfront.net/images/dishes/b4645ffb-5a51-4ab6-9829-23b45baebdcf.jpeg","notFood":false,"drinks":false},{"name":"סלט בהרכבה אישית 750 מ\"ל","description":"","price":44,"vegan":true,"vegetarian":true,"image":"https://d25t2285lxl5rf.cloudfront.net/images/dishes/b083dff2-e52a-4176-b6bf-1965d81b7b1c.jpg","notFood":false,"drinks":false},{"name":"סלט בהרכבה אישית 1000 מ\"ל","description":"","price":48,"vegan":true,"vegetarian":true,"image":"https://d25t2285lxl5rf.cloudfront.net/images/dishes/3a6baba3-54d2-49a4-b65f-220dd47373a5.jpg","notFood":false,"drinks":false},{"name":"כריך אוסטרי","description":"סלט ביצים חסה עגבניה ומלפפון ירוק בבגאט רוסטיק מחיטה מלאה","price":31,"vegan":false,"vegetarian":true,"image":"https://d25t2285lxl5rf.cloudfront.net/images/dishes/5452895d-51e1-4b82-8be2-d45986d64d5c.jpg","notFood":false,"drinks":false},{"name":"כריך סלמון","description":"סלמון שמנת שום שמיר ומלפפון בבגאט רוסטיק מחיטה מלאה","price":33,"vegan":false,"vegetarian":false,"image":"https://d25t2285lxl5rf.cloudfront.net/images/dishes/dda8aa7a-ba57-4c7e-83f5-778031b5bc61.jpg","notFood":false,"drinks":false},{"name":"כריך ים תיכוני","description":"ממרח טפנד זיתים בולגרית 5% חסה עגבניה ומלפפון ירוק בבגאט רוסטיק מחיטה מלאה","price":31,"vegan":false,"vegetarian":true,"image":"https://d25t2285lxl5rf.cloudfront.net/images/dishes/78ddef8d-ce91-4c23-a73c-7c4fe913725f.jpg","notFood":false,"drinks":false},{"name":"כריך בלגי","description":"מיונז גבינה צהובה ביצה קשה חסה עגבניה ומלפפון ירוק","price":31,"vegan":false,"vegetarian":true,"image":"https://d25t2285lxl5rf.cloudfront.net/images/dishes/d9aad355-72e0-45e4-9d2c-ca413e8930bd.jpg","notFood":false,"drinks":false},{"name":"כריך טונה","description":"סלט טונה חסה עגבניה מלפפון ירוק בבגאט רוסטיק מחיטה מלאה","price":31,"vegan":false,"vegetarian":false,"image":"https://d25t2285lxl5rf.cloudfront.net/images/dishes/011eb52e-9991-4bf5-9e85-112e34e781ca.jpg","notFood":false,"drinks":false},{"name":"כריך קפרזה","description":"פסטו,מוצרלה,עלי בזיליקום,חסה עגבניה,זיתי קלמטה ובלסמי מצומצם בבגאט רוסטיק מחיטה מלאה","price":33,"vegan":false,"vegetarian":true,"image":"https://d25t2285lxl5rf.cloudfront.net/images/dishes/b4645ffb-5a51-4ab6-9829-23b45baebdcf.jpeg","notFood":false,"drinks":false},{"name":"טוסט בהרכבה","description":"מגיע עם רוטב פיצה, רוטב שום, זיתים ירוקים וגבינה צהובה\n","price":30,"vegan":false,"vegetarian":true,"image":"","notFood":false,"drinks":false},{"name":"כדור שוקולד עם קוקוס","description":"","price":5,"vegan":false,"vegetarian":true,"image":"https://d25t2285lxl5rf.cloudfront.net/images/dishes/f828081e-8e20-4d79-a987-6fc91a8f5610.jpg","notFood":false,"drinks":false},{"name":"אלפחורס","description":"","price":6,"vegan":true,"vegetarian":true,"image":"https://d25t2285lxl5rf.cloudfront.net/images/dishes/6ec52c45-a00b-4d55-8039-c81a370853c3.jpg","notFood":false,"drinks":false},{"name":"אייס קפה","description":"","price":23,"vegan":true,"vegetarian":true,"image":"","notFood":false,"drinks":false},{"name":"אייס לאטה פקאן קרמל","description":"","price":25,"vegan":true,"vegetarian":true,"image":"","notFood":false,"drinks":false},{"name":"אייס לאטה קרם אגוזים","description":"","price":25,"vegan":true,"vegetarian":true,"image":"","notFood":false,"drinks":false},{"name":"אייס וניל פיסטוק","description":"","price":25,"vegan":true,"vegetarian":true,"image":"","notFood":false,"drinks":false},{"name":"אייס שוקו נוגט","description":"","price":25,"vegan":true,"vegetarian":true,"image":"","notFood":false,"drinks":false},{"name":"אייס שוקו טריו","description":"","price":25,"vegan":true,"vegetarian":true,"image":"","notFood":false,"drinks":false},{"name":"סודה","description":"","price":9,"vegan":true,"vegetarian":true,"image":"","notFood":false,"drinks":true},{"name":"נסטי מנגו אננס","description":"","price":11,"vegan":true,"vegetarian":true,"image":"","notFood":false,"drinks":true},{"name":"סיידר צלול בזכוכית","description":"","price":10,"vegan":true,"vegetarian":true,"image":"","notFood":false,"drinks":true},{"name":"פיוזטי דיאט אפרסק","description":"","price":11,"vegan":true,"vegetarian":true,"image":"","notFood":false,"drinks":false},{"name":"מים מינרליים","description":"","price":8,"vegan":true,"vegetarian":true,"image":"","notFood":false,"drinks":true},{"name":"מים בטעמים ענבים","description":"","price":11,"vegan":true,"vegetarian":true,"image":"","notFood":false,"drinks":true},{"name":"פיוז טי אפרסק","description":"","price":11,"vegan":true,"vegetarian":true,"image":"","notFood":false,"drinks":false},{"name":"בקבוק קוקה קולה","description":"","price":11,"vegan":true,"vegetarian":true,"image":"","notFood":false,"drinks":true},{"name":"בקבוק דיאט קולה","description":"","price":11,"vegan":true,"vegetarian":true,"image":"","notFood":false,"drinks":true},{"name":"בקבוק קולה זירו","description":"","price":11,"vegan":true,"vegetarian":true,"image":"","notFood":false,"drinks":true},{"name":"מים בטעם תפוח","description":"","price":11,"vegan":true,"vegetarian":true,"image":"","notFood":false,"drinks":false},{"name":"פחית ספרייט זירו","description":"","price":11,"vegan":true,"vegetarian":true,"image":"","notFood":false,"drinks":true},{"name":"בקבוק ספרייט","description":"","price":11,"vegan":true,"vegetarian":true,"image":"","notFood":false,"drinks":true},{"name":"xl","description":"","price":9,"vegan":true,"vegetarian":true,"image":"","notFood":false,"drinks":false},{"name":"פחית קוקה קולה","description":"","price":9,"vegan":true,"vegetarian":true,"image":"","notFood":false,"drinks":true},{"name":"פחית דיאט קולה","description":"","price":9,"vegan":true,"vegetarian":true,"image":"","notFood":false,"drinks":true},{"name":"פחית קולה זירו","description":"","price":9,"vegan":true,"vegetarian":true,"image":"","notFood":false,"drinks":true},{"name":"בקבוק פאנטה","description":"","price":11,"vegan":true,"vegetarian":true,"image":"","notFood":false,"drinks":true},{"name":"קינדר בואנו","description":"","price":7,"vegan":true,"vegetarian":true,"image":"","notFood":false,"drinks":false},{"name":"חלווה","description":"","price":7,"vegan":true,"vegetarian":true,"image":"","notFood":false,"drinks":false},{"name":"קורני ביג","description":"","price":7,"vegan":true,"vegetarian":true,"image":"","notFood":false,"drinks":false},{"name":"באונטי","description":"","price":7,"vegan":true,"vegetarian":true,"image":"","notFood":false,"drinks":false},{"name":"מארס","description":"","price":7,"vegan":true,"vegetarian":true,"image":"","notFood":false,"drinks":false},{"name":"נייצר ואלי","description":"","price":7,"vegan":true,"vegetarian":true,"image":"","notFood":false,"drinks":false},{"name":"במבה גדולה","description":"","price":7,"vegan":true,"vegetarian":true,"image":"","notFood":false,"drinks":false},{"name":"ביסלי","description":"","price":7,"vegan":true,"vegetarian":true,"image":"","notFood":false,"drinks":false},{"name":"חבילת מסטיק פייב","description":"","price":10,"vegan":true,"vegetarian":true,"image":"","notFood":false,"drinks":false},{"name":"סניקרס","description":"","price":7,"vegan":true,"vegetarian":true,"image":"","notFood":false,"drinks":false}]}