{"track_id":"11741","filters":["asianFusion","japaneseSushi"],"image":"https://tenbis-static.azureedge.net/restaurant-card-image/ResCard_11741_20211101151331.jpg","address":"שדרות מנחם בגין, 2 אשדוד","location":[34.6418144,31.7887433],"name":"סאן סושי ונודלס","city":"אשדוד","priceAverage":41.98692810457516,"menu":[{"name":"ספיישל סלמון טמפורה","description":"סלמון טמפורה, אבוקדו וגזר במעטפת שבבי בטטה","price":59,"vegan":false,"vegetarian":false,"image":"https://d25t2285lxl5rf.cloudfront.net/images/dishes/7c768262-2917-4a9c-972f-1b0eab08cb0f.jpg","notFood":false,"drinks":false},{"name":"ספיישל צ’יז רול","description":"סלמון, גבינת שמנת ומלפפון במעטפת אבוקדו","price":59,"vegan":false,"vegetarian":false,"image":"https://d25t2285lxl5rf.cloudfront.net/images/dishes/1503cccc-697e-4941-8fa3-fe7400b11e18.jpg","notFood":false,"drinks":false},{"name":"נודלס בקר","description":"אטריות ביצים עם ירקות ופטריות ברביקיו סיני, מעוטר בשומשום ובצל ירוק","price":49,"vegan":false,"vegetarian":false,"image":"https://d25t2285lxl5rf.cloudfront.net/images/dishes/08ca35e1-2cb3-40fa-b7ef-95267f8cc3c7.jpg","notFood":false,"drinks":false},{"name":"אגרול צמחוני במילוי ירקות 2יח'","description":"שתי יחידות","price":22,"vegan":true,"vegetarian":true,"image":"https://d25t2285lxl5rf.cloudfront.net/images/dishes/5a420425-e9b6-48da-8cb3-37ebc9b70a6e.jpg","notFood":false,"drinks":false},{"name":"סלמון ואבוקדו","description":"8 יחידות","price":35,"vegan":false,"vegetarian":false,"image":"https://d25t2285lxl5rf.cloudfront.net/images/dishes/e99f5d13-630c-4577-995e-360d44ed00c0.jpg","notFood":false,"drinks":false},{"name":"קמיצ’י","description":"חמוצים יפניים","price":16,"vegan":true,"vegetarian":true,"image":"https://d25t2285lxl5rf.cloudfront.net/images/dishes/f270ab8c-7b6b-4d39-a992-9b897156e33b.jpg","notFood":false,"drinks":false},{"name":"בהזמנת רול סושי מקבלים אחד במתנה (1+1)- יש להוסיף הודעה זו כמנה ולציין בהערות את הרול המבוקש.","description":"לא כולל קומבינציות","price":0,"vegan":true,"vegetarian":true,"image":"https://d25t2285lxl5rf.cloudfront.net/images/dishes/26686ace-51f8-4caa-87d5-15be84ae334b.jpg","notFood":false,"drinks":false},{"name":"אדממה","description":"חטיף פולי סויה","price":18,"vegan":true,"vegetarian":true,"image":"https://d25t2285lxl5rf.cloudfront.net/images/dishes/498ad59c-c8fe-46d5-bdd9-f7598f519dc0.jpg","notFood":false,"drinks":false},{"name":"קמיצ’י","description":"חמוצים יפניים","price":16,"vegan":true,"vegetarian":true,"image":"https://d25t2285lxl5rf.cloudfront.net/images/dishes/f270ab8c-7b6b-4d39-a992-9b897156e33b.jpg","notFood":false,"drinks":false},{"name":"ספרינג רול במילוי עוף וירקות 2יח'","description":"שתי יחידות ","price":25,"vegan":false,"vegetarian":false,"image":"https://d25t2285lxl5rf.cloudfront.net/images/dishes/6a833c3b-e820-43f3-acd6-5998d4a8c577.jpg","notFood":false,"drinks":false},{"name":"אגרול צמחוני במילוי ירקות 2יח'","description":"שתי יחידות","price":22,"vegan":true,"vegetarian":true,"image":"https://d25t2285lxl5rf.cloudfront.net/images/dishes/5a420425-e9b6-48da-8cb3-37ebc9b70a6e.jpg","notFood":false,"drinks":false},{"name":"כנפיים ברוטב טריאקי וצ’ילי פיקנטי","description":"","price":28,"vegan":false,"vegetarian":false,"image":"https://d25t2285lxl5rf.cloudfront.net/images/dishes/69aba714-f0a2-416f-813e-079f53f9559b.jpg","notFood":false,"drinks":false},{"name":"שניצלוני עוף","description":"בציפוי פנקו","price":29,"vegan":false,"vegetarian":false,"image":"https://d25t2285lxl5rf.cloudfront.net/images/dishes/83ade79a-f49a-41c2-8546-a19771e84fd8.jpg","notFood":false,"drinks":false},{"name":"אורז מוקפץ","description":" ברוטב סויה ונטיפי ביצים בתוספת טופו וירקות","price":29,"vegan":false,"vegetarian":true,"image":"https://d25t2285lxl5rf.cloudfront.net/images/dishes/58030ccd-9b30-4c54-bb3d-9de8d2d30c6e.jpg","notFood":false,"drinks":false},{"name":"אורז לבן מאודה","description":"","price":15,"vegan":true,"vegetarian":true,"image":"https://d25t2285lxl5rf.cloudfront.net/images/dishes/7ca15cbd-1606-42ca-a325-047c08bbe732.jpg","notFood":false,"drinks":false},{"name":"הומפרייז","description":"מתובל בצילי מתוק ושומשום","price":24,"vegan":true,"vegetarian":true,"image":"","notFood":false,"drinks":false},{"name":"ציפס' בטטה","description":"","price":25,"vegan":true,"vegetarian":true,"image":"","notFood":false,"drinks":false},{"name":"ציפס קלאסי","description":"","price":22,"vegan":true,"vegetarian":true,"image":"","notFood":false,"drinks":false},{"name":"אגרול פטריות","description":"","price":20,"vegan":true,"vegetarian":true,"image":"","notFood":false,"drinks":false},{"name":"כדורי פירה","description":"","price":25,"vegan":true,"vegetarian":true,"image":"","notFood":false,"drinks":false},{"name":"מרק מיסו","description":"בסיס סויה,טופו ואצות וואקמה","price":22,"vegan":true,"vegetarian":true,"image":"https://d25t2285lxl5rf.cloudfront.net/images/dishes/f60021d2-4d68-4b6b-bfb2-41f8c5e52e90.jpg","notFood":false,"drinks":false},{"name":"מרק קרם בטטה וג'ינג'ר","description":"","price":22,"vegan":true,"vegetarian":true,"image":"https://d25t2285lxl5rf.cloudfront.net/images/dishes/a4bb8320-0348-4439-aa55-8d97052a7a96.jpg","notFood":false,"drinks":false},{"name":"מרק תירס","description":"","price":18,"vegan":true,"vegetarian":true,"image":"https://d25t2285lxl5rf.cloudfront.net/images/dishes/0544c5c0-2acd-4e70-b3f8-3261a4c9dc42.jpg","notFood":false,"drinks":false},{"name":"סלמון","description":"4 יחידות","price":37,"vegan":false,"vegetarian":false,"image":"https://d25t2285lxl5rf.cloudfront.net/images/dishes/1daf1ec0-b902-4244-a65d-de9aadc4cdd5.jpg","notFood":false,"drinks":false},{"name":"טונה אדומה","description":"4 יחידות","price":39,"vegan":false,"vegetarian":false,"image":"","notFood":false,"drinks":false},{"name":"ניגירי אבוקדו 2 יח'","description":"2 יחידות ","price":19,"vegan":true,"vegetarian":true,"image":"https://d25t2285lxl5rf.cloudfront.net/images/dishes/462ee3f6-fded-4193-951c-9bf338516e72.jpg","notFood":false,"drinks":false},{"name":"ניגירי סלמון 4 יח","description":"4 יחידות","price":41,"vegan":false,"vegetarian":false,"image":"https://d25t2285lxl5rf.cloudfront.net/images/dishes/891bb5e5-fe39-4c1e-a2fe-fb73eecdc2d8.jpg","notFood":false,"drinks":false},{"name":"ניגירי מיקס 2 טונה 2 סלמון","description":"2 יחידות טונה ו-2 יחידות סלמון","price":41,"vegan":false,"vegetarian":false,"image":"https://d25t2285lxl5rf.cloudfront.net/images/dishes/d2d09f84-d126-4b80-b808-7795b0df26aa.jpg","notFood":false,"drinks":false},{"name":"ניגירי כדורי אורז עטופים סלמון 4 יח'","description":"4 יחידות","price":41,"vegan":false,"vegetarian":false,"image":"https://d25t2285lxl5rf.cloudfront.net/images/dishes/6daa3f9f-9a0f-457d-9218-44738fdaf9f3.jpg","notFood":false,"drinks":false},{"name":"מלפפון ואבוקדו","description":"8 יחידות","price":28,"vegan":true,"vegetarian":true,"image":"https://d25t2285lxl5rf.cloudfront.net/images/dishes/db1f5a4e-9b87-49b2-b968-84a1d94d6aba.jpg","notFood":false,"drinks":false},{"name":"אבוקדו ובטטה","description":"8 יחידות","price":28,"vegan":true,"vegetarian":true,"image":"https://d25t2285lxl5rf.cloudfront.net/images/dishes/c933e734-228a-4a27-97de-890681603f11.jpg","notFood":false,"drinks":false},{"name":"בטטה ובצל ירוק","description":"8 יחידות","price":28,"vegan":true,"vegetarian":true,"image":"https://d25t2285lxl5rf.cloudfront.net/images/dishes/a3bf7edd-0087-4027-8e5a-387114b37f6f.jpg","notFood":false,"drinks":false},{"name":"סלמון ואבוקדו","description":"8 יחידות","price":35,"vegan":false,"vegetarian":false,"image":"https://d25t2285lxl5rf.cloudfront.net/images/dishes/e99f5d13-630c-4577-995e-360d44ed00c0.jpg","notFood":false,"drinks":false},{"name":"טונה ואבוקדו","description":"8 יחידות","price":35,"vegan":false,"vegetarian":false,"image":"https://d25t2285lxl5rf.cloudfront.net/images/dishes/8bde483d-1a36-4cd9-a232-c0104b7e1629.jpg","notFood":false,"drinks":false},{"name":"ספייסי סלמון ומלפפון","description":"8 יחידות","price":35,"vegan":false,"vegetarian":false,"image":"https://d25t2285lxl5rf.cloudfront.net/images/dishes/50d34465-2b8f-4222-96a0-bfa021355fd5.jpg","notFood":false,"drinks":false},{"name":"ספייסי טונה ועירית","description":"","price":35,"vegan":false,"vegetarian":false,"image":"https://d25t2285lxl5rf.cloudfront.net/images/dishes/f1e065ed-0ba4-42b3-99b0-99c3818d69f2.jpg","notFood":false,"drinks":false},{"name":"סלמון סקין ואבוקדו","description":"8 יחידות","price":35,"vegan":false,"vegetarian":false,"image":"https://d25t2285lxl5rf.cloudfront.net/images/dishes/5da5251f-0b8b-44ce-ab49-9a832fcde50b.jpg","notFood":false,"drinks":false},{"name":"טונה במיונז ואבוקדו","description":"8 יחידות","price":35,"vegan":false,"vegetarian":false,"image":"https://d25t2285lxl5rf.cloudfront.net/images/dishes/1ff5191d-2f3f-458a-9457-69984fd90f83.jpg","notFood":false,"drinks":false},{"name":"סלמון בטמפורה ואבוקדו","description":"8 יחידות","price":35,"vegan":false,"vegetarian":false,"image":"https://d25t2285lxl5rf.cloudfront.net/images/dishes/ae23c1f1-4b0c-40a9-8ab9-abc035716c14.jpg","notFood":false,"drinks":false},{"name":"בטטה וקנפיו","description":"8 יחידות","price":28,"vegan":true,"vegetarian":true,"image":"","notFood":false,"drinks":false},{"name":"שיטאקי ואבוקדו","description":"8 יחידות","price":28,"vegan":true,"vegetarian":true,"image":"","notFood":false,"drinks":false},{"name":"פוטומאקי מלפפון","description":"מלפפון, אבוקדו,  ובטטה","price":39,"vegan":true,"vegetarian":true,"image":"https://d25t2285lxl5rf.cloudfront.net/images/dishes/de8f59e8-d2e1-430c-a6e9-88cfc55734ae.jpg","notFood":false,"drinks":false},{"name":"פוטומאקי אבוקדו","description":"אבוקדו, גזר, בטטה מלפפון","price":39,"vegan":true,"vegetarian":true,"image":"https://d25t2285lxl5rf.cloudfront.net/images/dishes/c1b765cc-521f-4e9d-b603-663bf19c4445.jpg","notFood":false,"drinks":false},{"name":"פוטומאקי שיטאקי","description":"שיטאקי, אבוקדו ומלפפון","price":39,"vegan":true,"vegetarian":true,"image":"https://d25t2285lxl5rf.cloudfront.net/images/dishes/3d9912d5-460a-49dc-a1e9-14bd7a484e87.jpg","notFood":false,"drinks":false},{"name":"פוטומאקי סלמון","description":"סלמון, אבוקדו, מלפפון וגזר","price":46,"vegan":false,"vegetarian":false,"image":"https://d25t2285lxl5rf.cloudfront.net/images/dishes/424ce440-2169-430d-99eb-8a2fe0ad8941.jpg","notFood":false,"drinks":false},{"name":"פוטומאקי טונה","description":"טונה, מלפפון, בטטה ועירית","price":46,"vegan":false,"vegetarian":false,"image":"https://d25t2285lxl5rf.cloudfront.net/images/dishes/cb413f9b-693b-46a6-918a-1b0f187b75aa.jpg","notFood":false,"drinks":false},{"name":"ספייסי סלמון","description":"ספייסי סלמון בטטה ובצל פריך","price":46,"vegan":false,"vegetarian":false,"image":"https://d25t2285lxl5rf.cloudfront.net/images/dishes/2ae5d333-97b7-4f2e-a2d5-ebba8b581b14.jpg","notFood":false,"drinks":false},{"name":"ספייסי טונה","description":"ספייסי טונה, מלפפון, בטטה וגזר","price":46,"vegan":false,"vegetarian":false,"image":"https://d25t2285lxl5rf.cloudfront.net/images/dishes/6725736e-82c3-4e01-880f-f66fe0d52414.jpg","notFood":false,"drinks":false},{"name":"פוטומאקי סלמון סקין","description":"סלמון סקין, אבוקדו ועירית","price":46,"vegan":false,"vegetarian":false,"image":"https://d25t2285lxl5rf.cloudfront.net/images/dishes/940f86be-8f63-4a7d-8fe7-5968787d2755.jpg","notFood":false,"drinks":false},{"name":"פוטומאקי סלמון טמפורה","description":"סלמון טמפורה, מלפפון, גזר ועירית ","price":46,"vegan":false,"vegetarian":false,"image":"https://d25t2285lxl5rf.cloudfront.net/images/dishes/47d628db-ec0b-4d75-b6df-15022a3c6ad5.jpg","notFood":false,"drinks":false},{"name":"פוטומאקי טונה במיונז","description":"טונה במיונז, אבוקדו ומלפפון","price":46,"vegan":false,"vegetarian":false,"image":"https://d25t2285lxl5rf.cloudfront.net/images/dishes/fdb0ce77-7c3d-4bbe-82f0-d682ef9ac41d.jpg","notFood":false,"drinks":false},{"name":"פוטומאקי עוף בטמפורה","description":"עוף טמפורה, אבוקדו ובטטה","price":46,"vegan":false,"vegetarian":false,"image":"","notFood":false,"drinks":false},{"name":"אבוקדו, גזר ובצל ירוק","description":"","price":39,"vegan":true,"vegetarian":true,"image":"","notFood":false,"drinks":false},{"name":"בטטה, בצל ירוק ובצל פריך","description":"","price":39,"vegan":true,"vegetarian":true,"image":"","notFood":false,"drinks":false},{"name":"קנפיו, אבוקדו בטטה","description":"","price":39,"vegan":true,"vegetarian":true,"image":"","notFood":false,"drinks":false},{"name":"סלמון ואבוקדו","description":"","price":46,"vegan":false,"vegetarian":false,"image":"","notFood":false,"drinks":false},{"name":"טונה ומלפפון","description":"","price":46,"vegan":false,"vegetarian":false,"image":"","notFood":false,"drinks":false},{"name":"ספייסי סלמון, בטטה ובצל פריך","description":"","price":46,"vegan":false,"vegetarian":false,"image":"","notFood":false,"drinks":false},{"name":"ספייסי טונה בטטה ובצל פריך","description":"","price":46,"vegan":false,"vegetarian":false,"image":"","notFood":false,"drinks":false},{"name":"עוף טמפורה, אבוקדו ובצל ירוק","description":"","price":46,"vegan":false,"vegetarian":false,"image":"","notFood":false,"drinks":false},{"name":"סלמון סקין, אבוקדו ועירית","description":"","price":46,"vegan":false,"vegetarian":false,"image":"","notFood":false,"drinks":false},{"name":"סלמון טמפורה, אבוקדו וגזר","description":"","price":46,"vegan":false,"vegetarian":false,"image":"","notFood":false,"drinks":false},{"name":"טונה במיונז, אבוקדו ובצל ירוק","description":"","price":46,"vegan":false,"vegetarian":false,"image":"","notFood":false,"drinks":false},{"name":"קונוס צמחוני","description":"מוגש עם שלושה ירקות לבחירה","price":39,"vegan":true,"vegetarian":true,"image":"https://d25t2285lxl5rf.cloudfront.net/images/dishes/cf1010e4-54ce-4b83-be38-4f29e468e307.jpg","notFood":false,"drinks":false},{"name":"קונוס דג","description":"מוגש עם שני ירקות ודג לבחירה","price":46,"vegan":false,"vegetarian":false,"image":"https://d25t2285lxl5rf.cloudfront.net/images/dishes/99bef445-9594-4ad9-b82d-8b0faaf50114.jpg","notFood":false,"drinks":false},{"name":"סושי סנדוויץ' שיטאקי","description":"פטריות שיטאקי, בטטה ומלפפון","price":59,"vegan":true,"vegetarian":true,"image":"https://d25t2285lxl5rf.cloudfront.net/images/dishes/ed607b8c-08f1-4dd7-b270-fb2691cd61a2.jpg","notFood":false,"drinks":false},{"name":"טונה מיונז","description":"טונה מיונז ואבוקדו ","price":59,"vegan":false,"vegetarian":false,"image":"https://d25t2285lxl5rf.cloudfront.net/images/dishes/29ceff8c-6717-4da1-b96a-277e8b8f579f.jpg","notFood":false,"drinks":false},{"name":"סושי סנדוויץ' טונה","description":"טונה, בטטה ובצל ירוק","price":59,"vegan":false,"vegetarian":false,"image":"https://d25t2285lxl5rf.cloudfront.net/images/dishes/7ce175e6-f51c-478d-8009-3f0d98b328de.jpg","notFood":false,"drinks":false},{"name":"סושי סנדוויץ' סלמון","description":"סלמון, אבוקדו ועירית","price":59,"vegan":false,"vegetarian":false,"image":"https://d25t2285lxl5rf.cloudfront.net/images/dishes/38cc1935-737e-40dc-b043-018fcea7aa97.jpg","notFood":false,"drinks":false},{"name":"סושי סנדוויץ' סלמון סקין","description":"סלמון סקין, אבוקדו ועירית","price":59,"vegan":false,"vegetarian":false,"image":"https://d25t2285lxl5rf.cloudfront.net/images/dishes/a25c1148-8f42-466f-b85a-f5ea45a6bf15.jpg","notFood":false,"drinks":false},{"name":"סושי סנדוויץ' מטוגן סלמון טמפורה","description":"אבוקדו וגזר בטמפורה (מטוגן)","price":59,"vegan":false,"vegetarian":false,"image":"https://d25t2285lxl5rf.cloudfront.net/images/dishes/ff5e28a7-ec67-4ad3-8229-2716a0d7702e.jpg","notFood":false,"drinks":false},{"name":"סושי סנדוויץ' עוף טמפורה","description":"עוף טמפורה, אבוקדו ועירית","price":59,"vegan":false,"vegetarian":false,"image":"","notFood":false,"drinks":false},{"name":"סאנפנקו חם עוף טמפורה","description":"עוף טמפורה, אבוקדו ועירית","price":52,"vegan":false,"vegetarian":false,"image":"","notFood":false,"drinks":false},{"name":"סאנפנקו חם סלמון טמפורה","description":"סלמון טמפורה, גזר ואבוקדו","price":52,"vegan":false,"vegetarian":false,"image":"","notFood":false,"drinks":false},{"name":"סאנפנקו חם צמחוני","description":"אבוקדו, בטטה ופטריות שיטאקי","price":52,"vegan":true,"vegetarian":true,"image":"","notFood":false,"drinks":false},{"name":"סאנפנקו חם טונה","description":"טונה אדומה, בטטה, עירית \r\nופטריות שיטאקי","price":52,"vegan":false,"vegetarian":false,"image":"","notFood":false,"drinks":false},{"name":"סאנפנקו חם טונה במיונז","description":"טונה במיונז, אבוקדו ועירית","price":52,"vegan":false,"vegetarian":false,"image":"","notFood":false,"drinks":false},{"name":"ספיישל סלמון טמפורה","description":"סלמון טמפורה, אבוקדו וגזר במעטפת שבבי בטטה","price":59,"vegan":false,"vegetarian":false,"image":"https://d25t2285lxl5rf.cloudfront.net/images/dishes/7c768262-2917-4a9c-972f-1b0eab08cb0f.jpg","notFood":false,"drinks":false},{"name":"ספיישל טונה","description":"טונה, מלפפון ובצל ירוק במעטפת אבוקדו","price":59,"vegan":false,"vegetarian":false,"image":"https://d25t2285lxl5rf.cloudfront.net/images/dishes/b6021f65-ef5a-40b9-a2d8-2385059c02f3.jpg","notFood":false,"drinks":false},{"name":"ספיישל עוף טמפורה","description":"עוף טמפורה, אבוקדו ובצל פריך במעטפת פנקו","price":59,"vegan":false,"vegetarian":false,"image":"https://d25t2285lxl5rf.cloudfront.net/images/dishes/bdfcd7bf-692f-4180-af41-c94376136502.jpg","notFood":false,"drinks":false},{"name":"סלמון טמפורה, שיטאקי ובטטה במעטפת אבוקדו","description":"503. סלמון טמפורה, שיטאקי ובטטה במעטפת אבוקדו","price":59,"vegan":false,"vegetarian":false,"image":"https://d25t2285lxl5rf.cloudfront.net/images/dishes/1a06a6b3-c395-4795-92bc-37850cbfd59f.jpg","notFood":false,"drinks":false},{"name":"ספיישל טונה","description":"טונה, אבוקדו ועירית בציפוי שבבי בטטה","price":59,"vegan":false,"vegetarian":false,"image":"https://d25t2285lxl5rf.cloudfront.net/images/dishes/e854ad8d-2306-47b6-bff6-28718a1f3e0b.jpg","notFood":false,"drinks":false},{"name":"ספיישל סלמון","description":"סלמון, שיטאקי בטטה במעטפת אבוקדו","price":59,"vegan":false,"vegetarian":false,"image":"https://d25t2285lxl5rf.cloudfront.net/images/dishes/930463b7-e923-4d13-bcd3-780d941b47c7.jpg","notFood":false,"drinks":false},{"name":"ספיישל rainbow","description":"בטטה, אבוקדו, קנפיו ועירית במעטפת טונה, וסלמון ","price":59,"vegan":false,"vegetarian":false,"image":"https://d25t2285lxl5rf.cloudfront.net/images/dishes/f8fb5f41-1b2e-4bf1-ba10-b8ddac6daeb3.jpg","notFood":false,"drinks":false},{"name":"ספיישל ספייסי סלמון","description":"קנפיו, גזר ובצל ירוק במעטפת סלמון","price":59,"vegan":false,"vegetarian":false,"image":"https://d25t2285lxl5rf.cloudfront.net/images/dishes/869d18ce-7ccf-44ee-a1dd-ee8a1fff0985.jpg","notFood":false,"drinks":false},{"name":"ספיישל צ’יז רול","description":"סלמון, גבינת שמנת ומלפפון במעטפת אבוקדו","price":59,"vegan":false,"vegetarian":false,"image":"https://d25t2285lxl5rf.cloudfront.net/images/dishes/1503cccc-697e-4941-8fa3-fe7400b11e18.jpg","notFood":false,"drinks":false},{"name":"קנפיו אבוקדו ומלפפון במעטפת סלמון","description":"508. קנפיו אבוקדו ומלפפון במעטפת סלמון","price":59,"vegan":false,"vegetarian":false,"image":"","notFood":false,"drinks":false},{"name":"ספיישל סלמון סקין","description":"סלמון סקין, סלמון  עירית במעטפת אבוקדו","price":59,"vegan":false,"vegetarian":false,"image":"","notFood":false,"drinks":false},{"name":"קומבינציה הראשונה","description":"8 יחידות  פוטו מאקי אבוקדו, מלפפון וגזר\r\n8 יחידות  מאקי טונה ואבוקדו\r\n8 יחידות INSIDE OUT סלמון טמפורה, אבוקדו וגזר","price":66,"vegan":false,"vegetarian":false,"image":"","notFood":false,"drinks":false},{"name":"קומבינציה צמחונית","description":"8 יחידות מאקי מלפפון ואבוקדו\n8 יחידות  מאקי אבוקדו ובטטה\n8 יחידות INSIDE OUT קאנפיו, אבוקדו וטמאגו\n8 יחידות  פוטו מאקי אבוקדו, ובטטה","price":68,"vegan":false,"vegetarian":true,"image":"","notFood":false,"drinks":false},{"name":"יאמי סאן","description":"8 יחידות  INSIDE OUT סלמון ואבוקדו\r\n8 יחידות  INSIDE OUT טונה ומלפפון\r\n8 יחידות  פוטו מאקי סלמון, אבוקדו, מלפפון וגזר\r\n8 יחידות פוטו מאקי סלמון טמפורה, מלפפון, גזר ועירית","price":81,"vegan":false,"vegetarian":false,"image":"","notFood":false,"drinks":false},{"name":"קומבינציה סאנפנקו חם","description":"8 יחידות סלמון טמפורה, אבוקדו ועירית בפנקו (רול מטוגן)\n8 יחידות  סלמון טמפורה, אבוקדו וגזר בפנקו (רול מטוגן)\n8 יחידות  INSIDE OUT סלמון ואבוקדו\n8 יחידות  מאקי טונה, מלפפון, בטטה ועירית","price":95,"vegan":false,"vegetarian":false,"image":"","notFood":false,"drinks":false},{"name":"אינו סאן","description":"4 יחידות  סושי סנדוויץ’ סלמון, אבוקדו ועירית\n8 יחידות  פוטו מאקי סלמון, אבוקדו, מלפפון וגזר\n8 יחידות  פוטו מאקי סלמון טמפורה, אבוקדו, בטטה ובצל ירוק במעטפת סלמון\n8 יחידות  INSIDE OUT עוף טמפורה, אבוקדו ובצל ירוק במעטפת אבוקדו\n8 יחידות  פוטו מאקי סלמון ואבוקדו\n8 יחידות פוטו מאקי טונה ואבוקדו","price":153,"vegan":false,"vegetarian":false,"image":"","notFood":false,"drinks":false},{"name":"ביג סאן","description":"8 יחידות  פוטו מאקי סלמון, אבוקדו, מלפפון וגזר\n8 יחידות  פוטו מאקי טונה, מלפפון, בטטה ועירית\n8 יחידות  סלמון טמפורה, אבוקדו וגזר במעטפת שבבי בטטה\n8 יחידות  קנפיו, אבוקדו במעטפת סלמון\n8 יחידות  INSIDE OUT אבוקדו, גזר ובצל ירוק\n8 יחידות  INSIDE OUT בטטה, בצל ירוק ובצל פריך\n8 יחידות פוטו מאקי","price":189,"vegan":false,"vegetarian":false,"image":"","notFood":false,"drinks":false},{"name":"עוף בלימון","description":"עוף טמפורה מוקפץ ברוטב לימון","price":49,"vegan":false,"vegetarian":false,"image":"https://d25t2285lxl5rf.cloudfront.net/images/dishes/bd8ce7bc-8c3e-4fe7-ae1f-ca03c515b18c.jpg","notFood":false,"drinks":false},{"name":"שניצלוני עוף","description":"שניצלוני עוף בציפוי שומשום פריך \r\nבליווי צ'ילי מתוק","price":49,"vegan":false,"vegetarian":false,"image":"https://d25t2285lxl5rf.cloudfront.net/images/dishes/affcff53-81ce-4de6-b3cf-4ca55dac5592.jpg","notFood":false,"drinks":false},{"name":"עוף סצ'ואן","description":"נתחי עוף וירקות מוקפצים ברוטב סצ'ואן","price":49,"vegan":false,"vegetarian":false,"image":"https://d25t2285lxl5rf.cloudfront.net/images/dishes/33eb53a4-f052-424c-8aca-7991296be1fb.jpg","notFood":false,"drinks":false},{"name":"בקר סצ'ואן","description":"נתחי בקר וירקות מוקפצים ברוטב סצ'ואן","price":49,"vegan":false,"vegetarian":false,"image":"https://d25t2285lxl5rf.cloudfront.net/images/dishes/08188c32-7a9e-4fca-9e55-128889221cc3.jpg","notFood":false,"drinks":false},{"name":"סלמון מוקפץ","description":"סלמון מוקפץ עם אורז וירקות על בסיס סויה","price":49,"vegan":false,"vegetarian":false,"image":"","notFood":false,"drinks":false},{"name":"עוף טמפורה ברוטב חמוץ מתוק","description":" מוקפצים עם ירקות ברוטב סצ'ואן","price":49,"vegan":false,"vegetarian":false,"image":"","notFood":false,"drinks":false},{"name":"נודלס צמחוני טופו","description":"אטריות ביצים עם ירקות ופטריות ברביקיו סיני, מעוטר בשומשום ובצל ירוק","price":42,"vegan":false,"vegetarian":true,"image":"https://d25t2285lxl5rf.cloudfront.net/images/dishes/603093db-2fbd-45fd-818d-052f741d4fb0.jpg","notFood":false,"drinks":false},{"name":"נודלס עוף","description":"אטריות ביצים עם ירקות ופטריות ברביקיו סיני, מעוטר בשומשום ובצל ירוק","price":47,"vegan":false,"vegetarian":false,"image":"https://d25t2285lxl5rf.cloudfront.net/images/dishes/5c12dbdd-0a10-4adc-a9e6-4b23b919482d.jpg","notFood":false,"drinks":false},{"name":"נודלס בקר","description":"אטריות ביצים עם ירקות ופטריות ברביקיו סיני, מעוטר בשומשום ובצל ירוק","price":49,"vegan":false,"vegetarian":false,"image":"https://d25t2285lxl5rf.cloudfront.net/images/dishes/08ca35e1-2cb3-40fa-b7ef-95267f8cc3c7.jpg","notFood":false,"drinks":false},{"name":"נודלס סלמון","description":"אטריות ביצים עם ירקות ופטריות ברביקיו סיני, מעוטר בשומשום ובצל ירוק","price":52,"vegan":false,"vegetarian":false,"image":"https://d25t2285lxl5rf.cloudfront.net/images/dishes/c9bc7c48-e73d-4730-a8dd-f18aa7852fcd.jpg","notFood":false,"drinks":false},{"name":"פאד תאי טופו צמחוני","description":"אטריות אורז עם ירקות,  \nטופו בעיטור בצל ירוק ובוטנים","price":42,"vegan":true,"vegetarian":true,"image":"https://d25t2285lxl5rf.cloudfront.net/images/dishes/9d515d06-fa03-40c9-9df3-c0585358b155.jpg","notFood":false,"drinks":false},{"name":"פאד תאי עוף","description":"אטריות אורז עם ירקות, , \nעוף בעיטור בצל ירוק ובוטנים","price":47,"vegan":false,"vegetarian":false,"image":"https://d25t2285lxl5rf.cloudfront.net/images/dishes/79320775-f24c-4c37-8e54-8e69a19e3c42.jpg","notFood":false,"drinks":false},{"name":"פאד תאי בקר","description":"אטריות אורז עם ירקות, , בקר בעיטור בצל ירוק ובוטנים ","price":49,"vegan":false,"vegetarian":false,"image":"https://d25t2285lxl5rf.cloudfront.net/images/dishes/3b92309f-431a-4d99-92d0-12b4d6ea1c21.jpg","notFood":false,"drinks":false},{"name":"פאד תאי סלמון","description":"אטריות אורז עם ירקות, , בעיטור בוטנים ובצל ירוק","price":52,"vegan":false,"vegetarian":false,"image":"https://d25t2285lxl5rf.cloudfront.net/images/dishes/fae4199c-0947-49f0-8a0c-396f477ffd59.jpg","notFood":false,"drinks":false},{"name":"נודלס קארי עוף","description":"אטריות ביצים עם ירקות ברוטב טאנדורי \r\nפיקנטי מעוטר בשומשום ובצל ירוק.","price":47,"vegan":false,"vegetarian":false,"image":"https://d25t2285lxl5rf.cloudfront.net/images/dishes/bb97f930-b51f-49fc-9ec7-91cc07669cc5.jpg","notFood":false,"drinks":false},{"name":"נודלס קארי בקר","description":"אטריות ביצים עם ירקות ברוטב טאנדורי \r\nפיקנטי מעוטר בשומשום ובצל ירוק.","price":49,"vegan":false,"vegetarian":false,"image":"https://d25t2285lxl5rf.cloudfront.net/images/dishes/c6332c81-feb8-4e4f-800b-a6dfb4aea00c.jpg","notFood":false,"drinks":false},{"name":"נודלס קארי טופו","description":"אטריות ביצים עם ירקות ברוטב טאנדורי פיקנטי מעוטר בשומשום ובצל ירוק. ","price":42,"vegan":false,"vegetarian":true,"image":"https://d25t2285lxl5rf.cloudfront.net/images/dishes/eff9e16e-b981-4aa0-b45c-84232cd050bd.jpg","notFood":false,"drinks":false},{"name":"נודלס קארי סלמון","description":"אטריות ביצים עם ירקות ברוטב טאנדורי פיקנטי מעוטר בשומשום ובצל ירוק","price":52,"vegan":false,"vegetarian":false,"image":"https://d25t2285lxl5rf.cloudfront.net/images/dishes/aca4db60-b81b-4625-826f-35cf1bf3663f.jpg","notFood":false,"drinks":false},{"name":"אודון יפני עם עוף","description":"אטריות קמח יפניות עם ירקות ופטריות שיטאקי מוקפצות ברוטב סויה וטריאקי בעיטור קשיו ובצל ירוק","price":47,"vegan":false,"vegetarian":false,"image":"https://d25t2285lxl5rf.cloudfront.net/images/dishes/f7fada01-2c60-4245-b9f2-d50f07bf16bf.jpg","notFood":false,"drinks":false},{"name":"אודון יפני עם בקר","description":"אטריות קמח יפניות עם ירקות ופטריות שיטאקי מוקפצות ברוטב סויה וטריאקי בעיטור קשיו ובצל ירוק","price":49,"vegan":false,"vegetarian":false,"image":"https://d25t2285lxl5rf.cloudfront.net/images/dishes/994a9364-2bb0-412e-9579-16fc599370f4.jpg","notFood":false,"drinks":false},{"name":"אודון יפני עם סלמון","description":"אטריות קמח יפניות עם ירקות ופטריות שיטאקי מוקפצות ברוטב סויה וטריאקי בעיטור קשיו ובצל ירוק","price":52,"vegan":false,"vegetarian":false,"image":"https://d25t2285lxl5rf.cloudfront.net/images/dishes/0b6a58e4-0097-4880-b736-2fceb5507f3a.jpg","notFood":false,"drinks":false},{"name":"נודלס אינדונזי צמחוני טופו","description":"אטריות ביצים עם ירקות בסאטה חלב קוקוס וחמאת בוטנים, מעוטר בבצל ירוק, \r\nאגוזי קשיו וטופו","price":42,"vegan":false,"vegetarian":true,"image":"https://d25t2285lxl5rf.cloudfront.net/images/dishes/e9dbe9c8-650b-4cbb-84d3-9efa246d0e3d.jpg","notFood":false,"drinks":false},{"name":"נודלס אינדונזי עם עוף","description":"אטריות ביצים עם ירקות בסאטה חלב קוקוס וחמאת בוטנים, מעוטר בבצל ירוק, \r\nאגוזי קשיו ועוף","price":47,"vegan":false,"vegetarian":false,"image":"https://d25t2285lxl5rf.cloudfront.net/images/dishes/44bd6118-99fb-45cf-9445-dbb746a14a4e.jpg","notFood":false,"drinks":false},{"name":"נודלס אינדונזי עם סלמון","description":"אטריות ביצים עם ירקות בסאטה חלב קוקוס וחמאת בוטנים, מעוטר בבצל ירוק, \r\nאגוזי קשיו וסלמון","price":52,"vegan":false,"vegetarian":false,"image":"https://d25t2285lxl5rf.cloudfront.net/images/dishes/5cdbff03-f942-40f8-b1da-8459f2af01bd.jpg","notFood":false,"drinks":false},{"name":"נודלס אינדונזי בקר","description":"אטריות ביצים עם ירקות בסאטה חלב קוקוס וחמאת בוטנים. מעוטר בבצל ירוק ואגוזי קשיו.","price":49,"vegan":false,"vegetarian":false,"image":"https://d25t2285lxl5rf.cloudfront.net/images/dishes/c9434f41-01ca-425b-bd11-8e961ffed700.jpg","notFood":false,"drinks":false},{"name":"נודלס תאילנדי צמחוני טופו","description":"אטריות ביצים עם ירקות בסאטה חלב קוקוס וטריאקי מעוטר בבוטנים, בצל ירוק וטופו","price":42,"vegan":false,"vegetarian":true,"image":"https://d25t2285lxl5rf.cloudfront.net/images/dishes/063b844f-3dc6-4642-beb0-7084e473e42e.jpg","notFood":false,"drinks":false},{"name":"נודלס תאילנדי עוף","description":"אטריות ביצים עם ירקות בסאטה חלב קוקוס וטריאקי מעוטר בבוטנים, בצל ירוק ועוף","price":47,"vegan":false,"vegetarian":false,"image":"https://d25t2285lxl5rf.cloudfront.net/images/dishes/efa7701e-19a2-403c-b337-f009518e729b.jpg","notFood":false,"drinks":false},{"name":"נודלס תאילנדי עם בקר","description":"אטריות ביצים עם ירקות בסאטה חלב קוקוס וטריאקי מעוטר בבוטנים, בצל ירוק ובקר","price":49,"vegan":false,"vegetarian":false,"image":"https://d25t2285lxl5rf.cloudfront.net/images/dishes/586c38b3-cb32-4ef4-a6ab-808428cc888e.jpg","notFood":false,"drinks":false},{"name":"נודלס תאילנדי סלמון","description":"אטריות ביצים עם ירקות ברוטב קארי אדום וחלב קוקוס. מעוטר בבוטנים ובצל ירוק","price":52,"vegan":false,"vegetarian":false,"image":"https://d25t2285lxl5rf.cloudfront.net/images/dishes/d7645577-ed7d-4a0b-87ea-824a127a2c65.jpg","notFood":false,"drinks":false},{"name":"ספייסי נודלס עוף","description":"אטריות ביצים עם ירקות ופלפל חריף \r\nברוטב אסייתי חריף, מעוטר בבוטנים \r\nובצל ירוק","price":47,"vegan":false,"vegetarian":false,"image":"https://d25t2285lxl5rf.cloudfront.net/images/dishes/7cc26d89-97e3-4c03-ba9f-46287c64374c.jpg","notFood":false,"drinks":false},{"name":"ספייסי נודלס בקר","description":"אטריות ביצים עם ירקות ופלפל חריף \r\nברוטב אסייתי חריף, מעוטר בבוטנים \r\nובצל ירוק","price":49,"vegan":false,"vegetarian":false,"image":"https://d25t2285lxl5rf.cloudfront.net/images/dishes/19095aa4-2d4b-426d-b4b0-3671b29d22e2.jpg","notFood":false,"drinks":false},{"name":"ספייסי נודלס טופו","description":"אטריות ביצים עם ירקות ופלפל חריף ברוטב אסייתי חריף, מעוטר בבצל ירוק ובטנים.","price":42,"vegan":false,"vegetarian":true,"image":"https://d25t2285lxl5rf.cloudfront.net/images/dishes/91607731-2307-4dd8-b31a-5ebab567c1db.jpg","notFood":false,"drinks":false},{"name":"ספייסי נודלס סלמון","description":"אטריות ביצים עם ירקות ופלפל חריף ברוטב אסייתי חריף, מעוטר בבצל ירוק ובטנים.","price":52,"vegan":false,"vegetarian":false,"image":"https://d25t2285lxl5rf.cloudfront.net/images/dishes/01558e16-3566-4340-85ce-7bedf55e15da.jpg","notFood":false,"drinks":false},{"name":"אודון יפני טופו","description":"אטריות קמח יפניות עם ירקות ברוטב סויה וטריאקי בעיטור קשיו ובצל ירוק","price":42,"vegan":true,"vegetarian":true,"image":"","notFood":false,"drinks":false},{"name":"1047 נודלס אנטריקוט","description":"נודלס ירקות בתוספת אנטריקוט קצוב","price":54,"vegan":false,"vegetarian":false,"image":"","notFood":false,"drinks":false},{"name":"טרטר סלמון","description":"על מצע אורז לבן בתוספת אבוקדו","price":50,"vegan":false,"vegetarian":false,"image":"https://d25t2285lxl5rf.cloudfront.net/images/dishes/9ffd0689-0a36-4f70-b625-ecef747a762c.jpg","notFood":false,"drinks":false},{"name":"עוף בלימון","description":"עוף טמפורה מוקפץ ברוטב לימון","price":49,"vegan":false,"vegetarian":false,"image":"https://d25t2285lxl5rf.cloudfront.net/images/dishes/7c5f0575-639e-45cb-b1b9-ae0a3717f99e.jpg","notFood":false,"drinks":false},{"name":"שניצלוני עוף","description":"שניצלוני עוף בציפוי שומשום פריך \r\nבליווי צ'ילי מתוק","price":49,"vegan":false,"vegetarian":false,"image":"https://d25t2285lxl5rf.cloudfront.net/images/dishes/45dc322e-2c98-4d31-9ad6-a8b503058a32.jpg","notFood":false,"drinks":false},{"name":"עוף סצ'ואן","description":"נתחי עוף וירקות מוקפצים ברוטב סצ'ואן","price":49,"vegan":false,"vegetarian":false,"image":"https://d25t2285lxl5rf.cloudfront.net/images/dishes/ec3351dd-c438-4f7d-81bf-d9e27e048901.jpg","notFood":false,"drinks":false},{"name":"בקר סצ'ואן","description":"נתחי בקר וירקות מוקפצים ברוטב סצ'ואן","price":49,"vegan":false,"vegetarian":false,"image":"https://d25t2285lxl5rf.cloudfront.net/images/dishes/9e83bedb-6737-435b-ad90-99dacef9051f.jpg","notFood":false,"drinks":false},{"name":"טרטר טונה במיונז אבוקדו","description":"","price":50,"vegan":false,"vegetarian":false,"image":"","notFood":false,"drinks":false},{"name":"עוף טמפורה ברוטב חמוץ מתוק","description":" מוקפצים עם ירקות ברוטב סצ'ואן","price":49,"vegan":false,"vegetarian":false,"image":"","notFood":false,"drinks":false},{"name":"פחית קוקה קולה","description":"","price":9,"vegan":true,"vegetarian":true,"image":"","notFood":false,"drinks":true},{"name":"פחית קוקה קולה זירו","description":"","price":9,"vegan":true,"vegetarian":true,"image":"","notFood":false,"drinks":true},{"name":"פחית ספרייט","description":"","price":9,"vegan":true,"vegetarian":true,"image":"","notFood":false,"drinks":true},{"name":"פחית פאנטה","description":"","price":9,"vegan":true,"vegetarian":true,"image":"","notFood":false,"drinks":false},{"name":"בקבוק  קולה","description":"","price":10,"vegan":true,"vegetarian":true,"image":"","notFood":false,"drinks":true},{"name":"בקבוק קולה זירו","description":"","price":10,"vegan":true,"vegetarian":true,"image":"","notFood":false,"drinks":true},{"name":"בקבוק סודה","description":"","price":7,"vegan":true,"vegetarian":true,"image":"","notFood":false,"drinks":true},{"name":"בקבוק פיוז טי אפרסק","description":"","price":10,"vegan":true,"vegetarian":true,"image":"","notFood":false,"drinks":true},{"name":"בקבוק פריגת-ענבים","description":"","price":9,"vegan":true,"vegetarian":true,"image":"","notFood":false,"drinks":true},{"name":"בקבוק פריגת-תפוזים","description":"","price":9,"vegan":true,"vegetarian":true,"image":"","notFood":false,"drinks":true},{"name":"בקבוק פריגת-לימונענע","description":"","price":9,"vegan":true,"vegetarian":true,"image":"","notFood":false,"drinks":true},{"name":"בקבוק פריגת-תותבננה","description":"","price":9,"vegan":true,"vegetarian":true,"image":"","notFood":false,"drinks":true},{"name":"בקבוק פריגת-אשכוליות","description":"","price":9,"vegan":true,"vegetarian":true,"image":"","notFood":false,"drinks":true},{"name":"מים בטעמים - אפרסק","description":"","price":10,"vegan":true,"vegetarian":true,"image":"","notFood":false,"drinks":false},{"name":"מים בטעמים-ענבים","description":"","price":10,"vegan":true,"vegetarian":true,"image":"","notFood":false,"drinks":true},{"name":"מים בטעמים - תפוח","description":"","price":10,"vegan":true,"vegetarian":true,"image":"","notFood":false,"drinks":false},{"name":"נביעות - מים מינרלים","description":"","price":6,"vegan":true,"vegetarian":true,"image":"","notFood":false,"drinks":false},{"name":"שתיה גדולה 1.5 ליטר","description":"קולה\nקולה זירו\nנסטי","price":15,"vegan":true,"vegetarian":true,"image":"","notFood":false,"drinks":true}]}