{"track_id":"11775","filters":["falafel","meatGrill","veganFood"],"image":"https://tenbis-static.azureedge.net/restaurant-default-card-image/CuzineType_falafel_05.jpg","address":"שלבים, 6 תל אביב-יפו","location":[34.764546,32.0499375],"name":"פלאפל ג'ינה","city":"תל אביב-יפו","priceAverage":31.733333333333334,"menu":[{"name":"שווארמה הודו על הפלנצ'ה בפיתה","description":"שווארמה הודו בפיתה עם ממרחים וסלטים לבחירה","price":40,"vegan":false,"vegetarian":false,"image":"","notFood":false,"drinks":false},{"name":"שווארמה הודו על הפלנצ'ה בבאגט","description":"שווארמה הודו על הפלנצ'ה בבאגט עם ממרחים וסלטים לבחירה","price":48,"vegan":false,"vegetarian":false,"image":"","notFood":false,"drinks":false},{"name":"שווארמה הודו על הפלנצ'ה בלאפה","description":"שווארמה הודו על הפלנצ'ה בלאפה עם ממרחים וסלטים לבחירה","price":48,"vegan":false,"vegetarian":false,"image":"","notFood":false,"drinks":false},{"name":"שווארמה הודו על הפלנצ'ה בחמגשית","description":"שווארמה הודו על הפלנצ'ה בחמגשית, מגיע עם חומוס טחינה סלט \r\nכרוב, מגיע עם חמוצים ופיתה.","price":69,"vegan":false,"vegetarian":false,"image":"","notFood":false,"drinks":false},{"name":"חזה עוף בפיתה","description":"","price":38,"vegan":false,"vegetarian":false,"image":"","notFood":false,"drinks":false},{"name":"חזה עוף בבאגט","description":"","price":44,"vegan":false,"vegetarian":false,"image":"","notFood":false,"drinks":false},{"name":"חזה עוף בחמגשית","description":"חזה עוף על הפלנצ'ה בחמגשית, מגיע עם חומוס טחינה סלט \nכרוב, מגיע עם חמוצים ופיתה.","price":59,"vegan":false,"vegetarian":false,"image":"","notFood":false,"drinks":false},{"name":"שניצל בפיתה","description":"","price":38,"vegan":false,"vegetarian":false,"image":"","notFood":false,"drinks":false},{"name":"שניצל בבאגט","description":"","price":44,"vegan":false,"vegetarian":false,"image":"","notFood":false,"drinks":false},{"name":"שניצל בחמגשית","description":"שניצל בחמגשית, מגיע עם חומוס טחינה סלט \r\nכרוב, מגיע עם חמוצים ופיתה.","price":59,"vegan":false,"vegetarian":false,"image":"","notFood":false,"drinks":false},{"name":"מיני פיתה סביח","description":"חצילים וביצה קשה","price":19,"vegan":false,"vegetarian":true,"image":"","notFood":false,"drinks":false},{"name":"סביח בפיתה","description":"חצילים וביצה קשה","price":27,"vegan":false,"vegetarian":true,"image":"","notFood":false,"drinks":false},{"name":"סביח בבאגט","description":"חצילים וביצה קשה","price":33,"vegan":false,"vegetarian":true,"image":"","notFood":false,"drinks":false},{"name":"סביח בחמגשית","description":"חצילים מטוגנים עם ביצה חומה מגיע עם חומוס טחינה סלט \r\nכרוב, מגיע עם חמוצים ופיתה.","price":49,"vegan":false,"vegetarian":true,"image":"","notFood":false,"drinks":false},{"name":"מיני פלאפל ג'ינה","description":"כדורי פלאפל במיני פיתה","price":17,"vegan":true,"vegetarian":true,"image":"","notFood":false,"drinks":false},{"name":"פלאפל ג'ינה בפיתה","description":"","price":24,"vegan":true,"vegetarian":true,"image":"","notFood":false,"drinks":false},{"name":"פלאפל ג'ינה בבאגט","description":"","price":30,"vegan":true,"vegetarian":true,"image":"","notFood":false,"drinks":false},{"name":"פלאפל ג'ינה בחמגשית","description":"","price":43,"vegan":true,"vegetarian":true,"image":"","notFood":false,"drinks":false},{"name":"סלט עוף","description":"רצועות עוף על הפלנצ'ה על מצע של כרוב עגבניה ומלפפון.","price":59,"vegan":false,"vegetarian":false,"image":"","notFood":false,"drinks":false},{"name":"סלט שניצל","description":"רצועות שניצל מטוגנות על מצע של כרוב עגבניה ומלפפון.","price":59,"vegan":false,"vegetarian":false,"image":"","notFood":false,"drinks":false},{"name":"סלט שווארמה","description":"נתחי הודו על הפלנצ'ה על מצע של כרוב עגבניה ומלפפון.","price":63,"vegan":false,"vegetarian":false,"image":"","notFood":false,"drinks":false},{"name":"סלט גדול","description":"750 מ\"ל. מלפפון, עגבניה וכרוב","price":30,"vegan":true,"vegetarian":true,"image":"","notFood":false,"drinks":false},{"name":"חומוס ביתי בחמגשית","description":"חומוס ביתי בחמגשית, עם ירקות ורטבים לבחירה. שמן זית לימון, טחינה ופטרוזיליה.מגיע עם 2 פיתות וחמוצים ","price":32,"vegan":true,"vegetarian":true,"image":"","notFood":false,"drinks":false},{"name":"צ'יפס בשקית","description":"","price":14,"vegan":true,"vegetarian":true,"image":"","notFood":false,"drinks":false},{"name":"צ'יפס בחמגשית","description":"","price":33,"vegan":true,"vegetarian":true,"image":"","notFood":false,"drinks":false},{"name":"1 כדור פלאפל","description":"","price":2,"vegan":true,"vegetarian":true,"image":"","notFood":false,"drinks":false},{"name":"10 כדורי פלאפל","description":"","price":18,"vegan":true,"vegetarian":true,"image":"","notFood":false,"drinks":false},{"name":"מארז 10 יחידות פיתות עבודת יד","description":"","price":18,"vegan":true,"vegetarian":true,"image":"","notFood":false,"drinks":false},{"name":"מארז 5 פיתות קמח מלא בעבודות יד","description":"","price":10,"vegan":true,"vegetarian":true,"image":"","notFood":false,"drinks":false},{"name":"מארז 10 יחידות פיתות קמח מלא עבודת יד","description":"","price":20,"vegan":true,"vegetarian":true,"image":"","notFood":false,"drinks":false},{"name":"20 יחידות שניצלונים","description":"","price":130,"vegan":false,"vegetarian":false,"image":"","notFood":false,"drinks":false},{"name":"חצי קילו חומוס","description":"","price":30,"vegan":true,"vegetarian":true,"image":"","notFood":false,"drinks":false},{"name":"חצי קילו טחינה","description":"","price":30,"vegan":true,"vegetarian":true,"image":"","notFood":false,"drinks":false},{"name":"פרוסות חצילים בחמגשית","description":"","price":47,"vegan":true,"vegetarian":true,"image":"","notFood":false,"drinks":false},{"name":"סודה קינלי","description":"","price":7,"vegan":true,"vegetarian":true,"image":"","notFood":false,"drinks":true},{"name":"מים מינרליים 0.5 ליטור","description":"","price":8,"vegan":true,"vegetarian":true,"image":"","notFood":false,"drinks":true},{"name":"פריגת אשכוליות","description":"","price":9,"vegan":true,"vegetarian":true,"image":"","notFood":false,"drinks":false},{"name":"פרגית תפוזים","description":"","price":9,"vegan":false,"vegetarian":false,"image":"","notFood":false,"drinks":false},{"name":"בירה שחורה מאלטי","description":"","price":11,"vegan":true,"vegetarian":true,"image":"","notFood":false,"drinks":true},{"name":"בקבוק קולה 0.5 ליטר","description":"","price":10,"vegan":true,"vegetarian":true,"image":"","notFood":false,"drinks":true},{"name":"בקבוק קולה זירו 0.5 ליטר","description":"","price":10,"vegan":true,"vegetarian":true,"image":"","notFood":false,"drinks":true},{"name":"בקבוק ספרייט 0.5 ליטר","description":"","price":10,"vegan":true,"vegetarian":true,"image":"","notFood":false,"drinks":true},{"name":"בקבוק ספרייט זירו 0.5 ליטר","description":"","price":10,"vegan":true,"vegetarian":true,"image":"","notFood":false,"drinks":true},{"name":"פאנטה אורנג'","description":"","price":10,"vegan":true,"vegetarian":true,"image":"","notFood":false,"drinks":false},{"name":"פרגית ענבים","description":"","price":10,"vegan":false,"vegetarian":false,"image":"","notFood":false,"drinks":true}]}