{"track_id":"11839","filters":["coffeeHouse","pasta","patisserie"],"image":"https://tenbis-static.azureedge.net/restaurant-default-card-image/CuzineType_coffeehouse_06.jpg","address":"רח' זאב ז'בוטינסקי, 5 רמת גן","location":[34.8025502,32.083415],"name":"קונדיטוריה שני","city":"רמת גן","priceAverage":27.42452830188679,"menu":[{"name":"קיסר","description":"טונה מעושנת, חסה, קרוטונים, בצל סגול, ביצה קשה, רוטב קיסר ופרמזן מגורד.","price":44,"vegan":false,"vegetarian":false,"image":"https://d25t2285lxl5rf.cloudfront.net/images/dishes/3517b707-13cd-4bcf-8cae-22f7ff0b8b97.jpg","notFood":false,"drinks":false},{"name":"הכפר","description":"חביתה )2 ביצים(, גבינת שמנת, פלחי עגבניה, חסה ומלפפון חמוץ","price":29,"vegan":false,"vegetarian":true,"image":"https://d25t2285lxl5rf.cloudfront.net/images/dishes/4e7ffa90-54b0-4058-a31b-f58b1b3f13c0.jpg","notFood":false,"drinks":false},{"name":"נפוליאון","description":"גבינת שמנת, סלמון מעושן ובצל ירוק ","price":36,"vegan":false,"vegetarian":false,"image":"https://d25t2285lxl5rf.cloudfront.net/images/dishes/980c9c30-1ecb-40df-97e5-8b581b464369.jpg","notFood":false,"drinks":false},{"name":"סביח","description":"חצילים, ביצה קשה מגורדת, טחינה, רוטב עגבניות, מלפפון כבוש ובצל סגול","price":29,"vegan":false,"vegetarian":true,"image":"https://d25t2285lxl5rf.cloudfront.net/images/dishes/3eaa34e3-098d-4684-a372-db4f82339737.jpg","notFood":false,"drinks":false},{"name":"מזרח תיכון","description":"חסה, עגבניה, מלפפון, טבעות בצל סגול, גבינה בולגרית וזיתים שחורים. בתיבול בזעתר ושמן זית.","price":38,"vegan":false,"vegetarian":true,"image":"https://d25t2285lxl5rf.cloudfront.net/images/dishes/215c5548-ead2-48d8-b288-efdaaa9c6d57.jpg","notFood":false,"drinks":false},{"name":"פטוצ'יני פונג'י","description":" רוטב שמנת, יין לבן, פטריות שמפיניון, בצל סגול ואגוז מוסקט","price":39,"vegan":false,"vegetarian":true,"image":"https://d25t2285lxl5rf.cloudfront.net/images/dishes/71b5e95e-7570-4840-89f9-bf4409618548.jpg","notFood":false,"drinks":false},{"name":"הכפר","description":"חביתה )2 ביצים(, גבינת שמנת, פלחי עגבניה, חסה ומלפפון חמוץ","price":29,"vegan":false,"vegetarian":true,"image":"https://d25t2285lxl5rf.cloudfront.net/images/dishes/4e7ffa90-54b0-4058-a31b-f58b1b3f13c0.jpg","notFood":false,"drinks":false},{"name":"טונה מעושנת","description":"רוטב איולי, עלי בייבי, בצל סגול, עגבניה וטונה מעושנת","price":39,"vegan":false,"vegetarian":false,"image":"https://d25t2285lxl5rf.cloudfront.net/images/dishes/901200fd-9f77-46f5-8a1e-dc8312bcf55d.jpg","notFood":false,"drinks":false},{"name":"טופו","description":"ממרח פלפלים גבינת טופו מוקפץ עם בצל סגול עגבניות שרי וזיתים שחורים","price":36,"vegan":false,"vegetarian":true,"image":"https://d25t2285lxl5rf.cloudfront.net/images/dishes/920f63b1-22ff-415c-ab1d-f82fe81cb46a.jpg","notFood":false,"drinks":false},{"name":"פריקסה","description":"רוטב עגבניות פיקנטי, סלט טונה, תפו״א, ביצה קשה, בצל סגול וזיתים שחורים","price":33,"vegan":false,"vegetarian":false,"image":"https://d25t2285lxl5rf.cloudfront.net/images/dishes/bbd7c310-a31b-42a4-997c-77505c61cd85.jpg","notFood":false,"drinks":false},{"name":"סביח","description":"חצילים, ביצה קשה מגורדת, טחינה, רוטב עגבניות, מלפפון כבוש ובצל סגול","price":29,"vegan":false,"vegetarian":true,"image":"https://d25t2285lxl5rf.cloudfront.net/images/dishes/3eaa34e3-098d-4684-a372-db4f82339737.jpg","notFood":false,"drinks":false},{"name":"טבעוני","description":"גבינת שמנת טופו חביתה מקמח חומוס עגבנייה מלפפון וחסה ","price":36,"vegan":false,"vegetarian":true,"image":"https://d25t2285lxl5rf.cloudfront.net/images/dishes/c8cc8868-7f14-4cd7-9484-5a43e4a213df.jpg","notFood":false,"drinks":false},{"name":"עין בורגר","description":"עין )2 ביצים(, רוטב שום שמיר, גבינה צהובה, בצל ופטריות מוקפצות ","price":32,"vegan":false,"vegetarian":true,"image":"https://d25t2285lxl5rf.cloudfront.net/images/dishes/9e361afb-6875-41a4-bdc3-1b647c3149fb.jpg","notFood":false,"drinks":false},{"name":"נפוליאון","description":"גבינת שמנת, סלמון מעושן ובצל ירוק ","price":36,"vegan":false,"vegetarian":false,"image":"https://d25t2285lxl5rf.cloudfront.net/images/dishes/980c9c30-1ecb-40df-97e5-8b581b464369.jpg","notFood":false,"drinks":false},{"name":"עדשים","description":"עגבניה, בצל ירוק, בצל סגול, צנונית, פטרוזיליה, כוסברה, עדשים שחורות, חמוציות וטחינה.","price":39,"vegan":true,"vegetarian":true,"image":"https://d25t2285lxl5rf.cloudfront.net/images/dishes/2b325bdd-fa3f-4531-8e7a-357712296140.jpg","notFood":false,"drinks":false},{"name":"קיסר","description":"טונה מעושנת, חסה, קרוטונים, בצל סגול, ביצה קשה, רוטב קיסר ופרמזן מגורד.","price":44,"vegan":false,"vegetarian":false,"image":"https://d25t2285lxl5rf.cloudfront.net/images/dishes/3517b707-13cd-4bcf-8cae-22f7ff0b8b97.jpg","notFood":false,"drinks":false},{"name":"מזרח תיכון","description":"חסה, עגבניה, מלפפון, טבעות בצל סגול, גבינה בולגרית וזיתים שחורים. בתיבול בזעתר ושמן זית.","price":38,"vegan":false,"vegetarian":true,"image":"https://d25t2285lxl5rf.cloudfront.net/images/dishes/215c5548-ead2-48d8-b288-efdaaa9c6d57.jpg","notFood":false,"drinks":false},{"name":"משאוושה","description":"לקט עלי חסה, עגבניה, מלפפון, פטרוזיליה, בצל, גרגירי חומוס, טחינה, קרוטונים וביצה קשה.","price":36,"vegan":false,"vegetarian":true,"image":"","notFood":false,"drinks":false},{"name":"בריא","description":"לקט עלי חסה, עגבניה, מלפפון, פטרוזיליה, בורגול, בצל סגול, גבינת פטה וחמוציות.\nבתיבול שמן זית ולימון.\n","price":42,"vegan":false,"vegetarian":true,"image":"","notFood":false,"drinks":false},{"name":"סלט ניוקי מוצרלה","description":"עלי בייבי, עגבניות שרי, חסה, צנונית, פלפל אדום, בצל סגול, בייבי מוצרלה, ניוקי מטוגן, ברוטב ויניגרט\r\nבלסמי וסילאן ","price":45,"vegan":false,"vegetarian":true,"image":"","notFood":false,"drinks":false},{"name":"צרפתי","description":"לקט עלי חסה וירקות, תירס, סלט טונה, ביצה קשה, תפוח אדמה, מלפפון חמוץ וזיתים שחורים.\r\nבתיבול שמן זית ולימון ","price":42,"vegan":false,"vegetarian":false,"image":"","notFood":false,"drinks":false},{"name":"שמפניון","description":"עגבניות שרי, בצל סגול, ופטריות שמפיניון טריות, מוקפצות ברוטב סויה דבש וצ'ילי מתוק.\r\nבתוספת גבינה בולגרית מגורדת. מוגש על לקט חסה וירקות. ","price":46,"vegan":false,"vegetarian":true,"image":"https://d25t2285lxl5rf.cloudfront.net/images/dishes/11d64398-8cc3-40c3-a746-e20e51d91b34.jpg","notFood":false,"drinks":false},{"name":"סלט טוסט","description":"פטריות שמפיניון, פלפלים, בצל סגול, עגבניות שרי ונבטים, מוקפצים ברוטב יין לבן, רוטב סויה וצ'ילי מתוק,\r\nבתוספת קוביות בייגל טוסט, וגבינה בולגרית מגורדת. מוגש על לקט עלי חסה וירקות. ","price":46,"vegan":false,"vegetarian":true,"image":"","notFood":false,"drinks":false},{"name":"מצפה","description":"גבינת חלומי, פטריות שמפיניון, עגבניות שרי, נבטים, תפוחים ומשמש מיובש, מוקפצים ברוטב\r\nויניגרט ויין לבן. מוגש על לקט חסה וירקות. ","price":46,"vegan":false,"vegetarian":true,"image":"","notFood":false,"drinks":false},{"name":"סלט גדול","description":"מצע עלים וירקות טריים עם שני תוספות לבחירה. ","price":34,"vegan":true,"vegetarian":true,"image":"","notFood":false,"drinks":false},{"name":"סלט רגיל","description":"מצע עלים וירקות טריים עם שני תוספות לבחירה. ","price":27,"vegan":true,"vegetarian":true,"image":"","notFood":false,"drinks":false},{"name":"שקשוקה ישראלית קלאסית","description":"","price":44,"vegan":true,"vegetarian":true,"image":"https://d25t2285lxl5rf.cloudfront.net/images/dishes/e30200f1-7d88-491d-9447-df12869231a5.jpg","notFood":false,"drinks":false},{"name":"שקשוקה דוד מרוקו השמן","description":"בתוספת חצילים קלויים, פלפלים וקישואים. ","price":46,"vegan":true,"vegetarian":true,"image":"https://d25t2285lxl5rf.cloudfront.net/images/dishes/9a70206f-c96a-4a50-9887-c87dd568c6e3.jpg","notFood":false,"drinks":false},{"name":"שקשוקה גבינות","description":"בתוספת גבינת חלומי, בייבי מוצרלה ופתיתי גבינה צהובה ","price":49,"vegan":false,"vegetarian":true,"image":"https://d25t2285lxl5rf.cloudfront.net/images/dishes/38fb8ea0-3d26-4a19-a604-c81eaa90885f.jpg","notFood":false,"drinks":false},{"name":"קיש בטטה פטריות","description":"\r\nמוגש לצד סלט ירקות ורוטב יוגורט","price":44,"vegan":true,"vegetarian":true,"image":"https://d25t2285lxl5rf.cloudfront.net/images/dishes/489aa471-1820-420e-9fa3-38b9b8f05d81.jpg","notFood":false,"drinks":false},{"name":"קיש חציל ועגבניות מיובשות","description":"מוגש לצד סלט ירקות ורוטב יוגורט ","price":44,"vegan":true,"vegetarian":true,"image":"https://d25t2285lxl5rf.cloudfront.net/images/dishes/c2008286-bad7-46a0-bde7-962aaaaa261e.jpg","notFood":false,"drinks":false},{"name":"קיש בצל כרישה","description":"מוגש לצד סלט ירקות ורוטב יוגורט ","price":44,"vegan":true,"vegetarian":true,"image":"https://d25t2285lxl5rf.cloudfront.net/images/dishes/fcba5c2b-9d36-449e-87e2-e83fff7d453f.jpg","notFood":false,"drinks":false},{"name":"פילה סלומון","description":"צרוב על מחבת לוהטת ברוטב טריאקי, בתוספת פלחי תפו«א מתובלים / בורגול וירקות מוקפצים\nשעועית/ אורז אסייתי. מוגש לצד סלט רענן בתיבול ויניגרט הדרים.\n","price":57,"vegan":true,"vegetarian":true,"image":"","notFood":false,"drinks":false},{"name":"קרייזי נודלס","description":"אטריות מוקפצות בתוספת בצלים, גזר, פלפלים, פטריות, נבטים, אגוזי קשיו, ברוטב סויה, צ’ילי ודבש. ","price":46,"vegan":true,"vegetarian":true,"image":"","notFood":false,"drinks":false},{"name":"סמבה נודלס","description":"אטריות מוקפצות בתוספת קוביות סלמון ובצלצלים, רצועות גזר, פלפלים, פטריות, נבטים\r\nובוטנים קלויים. ","price":52,"vegan":false,"vegetarian":false,"image":"","notFood":false,"drinks":false},{"name":"תפוח אדמה אפוי","description":"ברוטב שמנת, פטריות ופרמז’ן ","price":39,"vegan":false,"vegetarian":true,"image":"","notFood":false,"drinks":false},{"name":"נפוליטנה","description":"גבינה צהובה, רוטב פיצה, אורגנו, זיתים שחורים","price":25,"vegan":false,"vegetarian":true,"image":"","notFood":false,"drinks":false},{"name":"בולגרית","description":"גבינה צהובה, גבינה בולגרית, פלחי עגבניה וזעתר","price":32,"vegan":false,"vegetarian":true,"image":"","notFood":false,"drinks":false},{"name":"נרווגי","description":"גבינת שמנת, וסלמון מעושן","price":36,"vegan":false,"vegetarian":false,"image":"","notFood":false,"drinks":false},{"name":"בלקני","description":"ממרח פלפלים מעושנים, גבינת מוצרלה, אנטי פסטי, זיתי קלמטה ונגיעות איולי חרדל","price":32,"vegan":false,"vegetarian":true,"image":"","notFood":false,"drinks":false},{"name":"רביולי קסטלו","description":"רביולי גבינה ברוטב צ'ילי בטטה","price":44,"vegan":false,"vegetarian":true,"image":"https://d25t2285lxl5rf.cloudfront.net/images/dishes/da2ab557-f6f0-4d88-ab1c-19fa27c9132b.jpg","notFood":false,"drinks":true},{"name":"רביולי בטטה","description":"רביולי בטטה, עגבניות אש, זוקיני ועלי נענע","price":44,"vegan":true,"vegetarian":true,"image":"https://d25t2285lxl5rf.cloudfront.net/images/dishes/2fe19353-8260-4620-beb9-f63bb3d27a39.jpg","notFood":false,"drinks":false},{"name":"ספגטי שריס","description":"ברוטב שמנת פסטו, עגבניות שרי, בתיבול שום וגבינה בולגרית מגורדת","price":39,"vegan":false,"vegetarian":true,"image":"https://d25t2285lxl5rf.cloudfront.net/images/dishes/3300de38-117e-4cbc-99ca-125908a9948b.jpg","notFood":false,"drinks":false},{"name":"פטוצ'יני פונג'י","description":" רוטב שמנת, יין לבן, פטריות שמפיניון, בצל סגול ואגוז מוסקט","price":39,"vegan":false,"vegetarian":true,"image":"https://d25t2285lxl5rf.cloudfront.net/images/dishes/71b5e95e-7570-4840-89f9-bf4409618548.jpg","notFood":false,"drinks":false},{"name":"ספגטי פומדרו","description":"רוטב עגבניות ועשבי תיבול","price":36,"vegan":true,"vegetarian":true,"image":"https://d25t2285lxl5rf.cloudfront.net/images/dishes/29536275-b30f-415c-92a6-0115164fa25e.jpg","notFood":false,"drinks":false},{"name":"ניוקי פומודרו","description":"רוטב עגבניות ועשבי תיבול","price":44,"vegan":true,"vegetarian":true,"image":"","notFood":false,"drinks":false},{"name":"פטריות","description":"פטריות שמפניון טריות, וגבינה 5%","price":42,"vegan":false,"vegetarian":true,"image":"https://d25t2285lxl5rf.cloudfront.net/images/dishes/c765b905-ee3c-4562-809b-0115d13ff217.jpg","notFood":false,"drinks":false},{"name":"בצל וכרישב","description":"בצל, כרישה וגבניה 5%","price":42,"vegan":true,"vegetarian":true,"image":"https://d25t2285lxl5rf.cloudfront.net/images/dishes/70330864-c8b0-4c35-a196-521596810e69.jpg","notFood":false,"drinks":false},{"name":"חציל וגבינת עזים","description":"","price":42,"vegan":false,"vegetarian":true,"image":"https://d25t2285lxl5rf.cloudfront.net/images/dishes/82f65055-6e51-4541-ba7a-a6d4a2b1b17f.jpg","notFood":false,"drinks":false},{"name":"בטטה","description":"בטטה מובחרת, נגיעות בצל, וגבניה 5%","price":42,"vegan":true,"vegetarian":true,"image":"https://d25t2285lxl5rf.cloudfront.net/images/dishes/ebc4ce65-e52a-4bcc-b6e3-3762479ce657.jpg","notFood":false,"drinks":false},{"name":"המבורגר חלומות","description":"ממרח פלפלים, גבינת חלומי מוקפצת בחמאת שום, טבעות בצל סגול, עגבניות שרי וזיתים שחורים","price":36,"vegan":false,"vegetarian":false,"image":"","notFood":false,"drinks":false},{"name":"עין בורגר","description":"עין רוטב שום שמיר, גבינה צהובה, בצל ופטריות מוקפץ","price":32,"vegan":false,"vegetarian":true,"image":"","notFood":false,"drinks":false},{"name":"המבורגר גורמה טבעוני","description":"קציצת המבורגר טבעוני על בסיס אפונה ובצל מיובש, רוטב הבית עגבנייה מלפפון חמוץ בצל מטוגן וחסה.","price":46,"vegan":true,"vegetarian":true,"image":"","notFood":false,"drinks":false},{"name":"טבולה קינואה","description":"מלפפון, עלי בייבי, חמוציות, פטרוזיליה, נענע קצוצה, תפוח עץ, קינואה ובצל ירוק,\r\nברוטב ויניגרט לימון.\r\n ","price":39,"vegan":true,"vegetarian":true,"image":"https://d25t2285lxl5rf.cloudfront.net/images/dishes/6de10152-a1a2-4eb6-8280-2d246e6bc2dd.jpg","notFood":false,"drinks":false},{"name":"סלט איטלקי","description":"פנה חיטה מלאה בתוספת עגבניות מיובשות, עגבניות שרי, פלפלים קלויים, זיתי קלמטה, זוקיני,\r\nבתיבול בזיליקום ובלסמי ","price":39,"vegan":true,"vegetarian":true,"image":"https://d25t2285lxl5rf.cloudfront.net/images/dishes/54ef37a6-c038-4ac9-a2a5-e328967d09cd.jpg","notFood":false,"drinks":false},{"name":"סלט שוק בולגרי","description":"עלי חסה, מלפפון, צנון, עגבניה, פלפל אדום, פטרוזיליה, נענע, זיתים שחורים וגבינה בולגרית %5.\n","price":36,"vegan":false,"vegetarian":true,"image":"","notFood":false,"drinks":false},{"name":"סלט Fitness","description":"רצועות גזר דקיקות, קולורבי, פלפל אדום, פטריות שיטאקי ונבטים. בתיבול טריאקי הדרים.","price":34,"vegan":true,"vegetarian":true,"image":"","notFood":false,"drinks":false},{"name":"מחבר עוגות קרם","description":"","price":36,"vegan":true,"vegetarian":true,"image":"https://d25t2285lxl5rf.cloudfront.net/images/dishes/1af450fc-4ee6-4334-98e2-fad9b37f7355.jpg","notFood":false,"drinks":false},{"name":"מבחר עוגות קרם","description":"","price":36,"vegan":true,"vegetarian":true,"image":"https://d25t2285lxl5rf.cloudfront.net/images/dishes/02368569-8376-458a-9d63-d135f46f56f4.jpg","notFood":false,"drinks":false},{"name":"מבחר עוגות גבינה","description":"","price":36,"vegan":false,"vegetarian":true,"image":"https://d25t2285lxl5rf.cloudfront.net/images/dishes/a05e49b4-9a25-4bef-93c5-a595310a0475.jpg","notFood":false,"drinks":false},{"name":"מבחר מקרון","description":"יחי'","price":6,"vegan":true,"vegetarian":true,"image":"https://d25t2285lxl5rf.cloudfront.net/images/dishes/94571c58-4020-4de0-9d7f-48519e5ee0de.jpg","notFood":false,"drinks":false},{"name":"מבחר כדורי שוקולד","description":"יחי'","price":6,"vegan":false,"vegetarian":true,"image":"https://d25t2285lxl5rf.cloudfront.net/images/dishes/e59595d0-5443-4ebb-ad87-44af8c4afbc9.jpg","notFood":false,"drinks":false},{"name":"מבחר פרלונים טאפלס","description":"יחי'","price":6,"vegan":true,"vegetarian":true,"image":"","notFood":false,"drinks":false},{"name":"מבחר פחזניות","description":"יחי'","price":6,"vegan":true,"vegetarian":true,"image":"","notFood":false,"drinks":false},{"name":"מבחר פלורנטין","description":"יחי'","price":6,"vegan":true,"vegetarian":true,"image":"","notFood":false,"drinks":false},{"name":"מבחר בראוניז","description":"יחי'","price":6,"vegan":true,"vegetarian":true,"image":"","notFood":false,"drinks":false},{"name":"מיץ תפוזים","description":"","price":16,"vegan":true,"vegetarian":true,"image":"","notFood":false,"drinks":false},{"name":"מיץ גזר","description":"","price":16,"vegan":true,"vegetarian":true,"image":"","notFood":false,"drinks":false},{"name":"מיץ לימונדה","description":"","price":14,"vegan":true,"vegetarian":true,"image":"","notFood":false,"drinks":false},{"name":"מיץ אשכולית אדומה","description":"","price":14,"vegan":true,"vegetarian":true,"image":"","notFood":false,"drinks":false},{"name":"מיץ לימונענע","description":"גרוס עם קרח כתוש","price":16,"vegan":true,"vegetarian":true,"image":"","notFood":false,"drinks":false},{"name":"מיץ תפוח עץ","description":"","price":18,"vegan":true,"vegetarian":true,"image":"","notFood":false,"drinks":false},{"name":"אייס קפה","description":"אספרסו עם קרח כתוש, חלב, גלידה וקצפת","price":26,"vegan":false,"vegetarian":true,"image":"","notFood":false,"drinks":false},{"name":"אייס שוקו","description":"שוקו, חלב קר, קרח כתוש, גלידה וניל וקצפת","price":26,"vegan":false,"vegetarian":true,"image":"","notFood":false,"drinks":false},{"name":"שוקו קר","description":"שוקו, חלב, עם קרח כתוש","price":12,"vegan":false,"vegetarian":true,"image":"","notFood":false,"drinks":false},{"name":"קפה פרמיום","description":"אספרסו, חלב, שמנת מתוקה וקרח כתוש בתוספת סירופ מובחר","price":24,"vegan":false,"vegetarian":true,"image":"","notFood":false,"drinks":false},{"name":"קפה ברד","description":"תערובת קפה ואספרסו, חלב","price":13,"vegan":false,"vegetarian":true,"image":"","notFood":false,"drinks":false},{"name":"קוקה קולה","description":"330 מ''ל","price":10,"vegan":true,"vegetarian":true,"image":"","notFood":false,"drinks":true},{"name":"דיאט קוקה קולה","description":"330 מ''ל","price":10,"vegan":true,"vegetarian":true,"image":"","notFood":false,"drinks":true},{"name":"קוקה קולה זירו","description":"330 מ''ל","price":10,"vegan":true,"vegetarian":true,"image":"","notFood":false,"drinks":true},{"name":"ספרייט","description":"330 מ''ל","price":10,"vegan":true,"vegetarian":true,"image":"","notFood":false,"drinks":true},{"name":"זירו ספרייט","description":"330 מ''ל","price":10,"vegan":true,"vegetarian":true,"image":"","notFood":false,"drinks":true},{"name":"מים מינרלים נביעות","description":"","price":8,"vegan":true,"vegetarian":true,"image":"","notFood":false,"drinks":false},{"name":"מים מינרלים נביעות בטעמים","description":"","price":10,"vegan":true,"vegetarian":true,"image":"","notFood":false,"drinks":false},{"name":"קינלי סודה","description":"","price":10,"vegan":true,"vegetarian":true,"image":"","notFood":false,"drinks":true},{"name":"פיוז טי","description":"","price":10,"vegan":true,"vegetarian":true,"image":"","notFood":false,"drinks":false},{"name":"הפוך קטן","description":"אספרסו, חלב מוקצף","price":10,"vegan":false,"vegetarian":true,"image":"","notFood":false,"drinks":false},{"name":"הפוך גדול","description":"אספרסו, חלב מוקצף","price":12,"vegan":false,"vegetarian":true,"image":"","notFood":false,"drinks":false},{"name":"הפוף מאג בטעמים","description":"אייריש קרים, ריבת חלב, וניל, אגוז לוז, קרם שקדים","price":16,"vegan":false,"vegetarian":true,"image":"","notFood":false,"drinks":false},{"name":"מקיאטו","description":"אספרסו מוכתם בקצף קל","price":8,"vegan":true,"vegetarian":true,"image":"","notFood":false,"drinks":false},{"name":"מקיאטו כפול","description":"אספרסו מוכתם בקצף חלב","price":10,"vegan":false,"vegetarian":true,"image":"","notFood":false,"drinks":false},{"name":"לאטה מקיאטו","description":"מנת אספרסו בתוספת הרבה חלב ומעט חלב מוקצף","price":10,"vegan":false,"vegetarian":true,"image":"","notFood":false,"drinks":false},{"name":"שוקו חם","description":"","price":12,"vegan":true,"vegetarian":true,"image":"","notFood":false,"drinks":false},{"name":"קפה נמס","description":"","price":11,"vegan":true,"vegetarian":true,"image":"","notFood":false,"drinks":false},{"name":"קפה נמס בחלב","description":"","price":12,"vegan":false,"vegetarian":true,"image":"","notFood":false,"drinks":false},{"name":"קפה שחור \"בוץ\"","description":"","price":10,"vegan":true,"vegetarian":true,"image":"","notFood":false,"drinks":false},{"name":"שוקולטה","description":"","price":18,"vegan":true,"vegetarian":true,"image":"","notFood":false,"drinks":false},{"name":"אמריקנו קטן","description":"אספרסו ארך מאוד","price":10,"vegan":true,"vegetarian":true,"image":"","notFood":false,"drinks":false},{"name":"אמריקנו גדול","description":"אספרסו ארוך מאוד","price":11,"vegan":true,"vegetarian":true,"image":"","notFood":false,"drinks":false},{"name":"שוקו שוקולד חם","description":"חלב חם מוגש עם מטבעות שוקולד בלגי איכותי","price":16,"vegan":false,"vegetarian":true,"image":"","notFood":false,"drinks":false},{"name":"אספרסו","description":"","price":8,"vegan":true,"vegetarian":true,"image":"","notFood":false,"drinks":false},{"name":"אספרסו כפול","description":"","price":10,"vegan":true,"vegetarian":true,"image":"","notFood":false,"drinks":false},{"name":"כוס תה בטעמים","description":"","price":12,"vegan":true,"vegetarian":true,"image":"","notFood":false,"drinks":false},{"name":"כוס תה חליטה","description":"","price":12,"vegan":true,"vegetarian":true,"image":"","notFood":false,"drinks":false},{"name":"סיידר חם","description":"מיץ תפוחים סחוט טבעי, תפוח מיובש ומקל קינמון","price":18,"vegan":true,"vegetarian":true,"image":"","notFood":false,"drinks":true},{"name":"סחלב קוקוס","description":"סחלב, קינמון, שברי אגוזי קליפוניה וקוקוס","price":18,"vegan":true,"vegetarian":true,"image":"","notFood":false,"drinks":false}]}