{"track_id":"11845","filters":["pizza","pasta","salads"],"image":"https://tenbis-static.azureedge.net/restaurant-card-image/ResCard_11845_20220120103853.jpeg","address":"אחוזה, 124 רעננה","location":[34.87399389999999,32.1808257],"name":"אמריקן פיצה רעננה","city":"רעננה","priceAverage":30.64814814814815,"menu":[{"name":"מגש משפחתי","description":"","price":34,"vegan":true,"vegetarian":true,"image":"https://d25t2285lxl5rf.cloudfront.net/images/dishes/48254d7c-1ecc-4982-aa4b-7bda41f81d83.jpg","notFood":false,"drinks":false},{"name":"מגש ענק","description":"","price":44,"vegan":true,"vegetarian":true,"image":"https://d25t2285lxl5rf.cloudfront.net/images/dishes/d5dfae3c-c239-401f-8ba8-56a8fa8c9c75.jpg","notFood":false,"drinks":false},{"name":"מלוואח פיצה","description":"בצק עלים עם רוטב פיצה וגבינה צהובה ","price":25,"vegan":false,"vegetarian":true,"image":"https://d25t2285lxl5rf.cloudfront.net/images/dishes/f8141cf5-52b6-4bc4-9de0-193b1401edf6.jpg","notFood":false,"drinks":false},{"name":"2 מגשי ג'מבו + תוספת למגש אחד + שתייה גדולה","description":"2 מגשי ג'מבו + תוספת למגש אחד + שתייה גדולה ","price":125,"vegan":true,"vegetarian":true,"image":"","notFood":false,"drinks":false},{"name":"ענק אול אמריקן","description":"מגש ענק + 4 תוספות לבחירה ","price":68,"vegan":true,"vegetarian":true,"image":"","notFood":false,"drinks":false},{"name":"מגש משפחתי","description":"שתייה גדולה + 2 מקלות שום ","price":62,"vegan":true,"vegetarian":true,"image":"","notFood":false,"drinks":false},{"name":"2 מגשים משפחתיים","description":"","price":60,"vegan":true,"vegetarian":true,"image":"","notFood":false,"drinks":false},{"name":"מגש ענק","description":"שתייה גדולה + תוספת אחת לבחירה ","price":62,"vegan":true,"vegetarian":true,"image":"","notFood":false,"drinks":false},{"name":"אול אמריקן L","description":"פיצה מושחתת עם גבינה כפולה ו 6 תוספות לבחירה","price":67,"vegan":false,"vegetarian":true,"image":"","notFood":false,"drinks":false},{"name":"אול אמריקן XL","description":"פיצה ענקית מושחתת עם גבינה כפולה ו 6 תוספות לבחירה","price":91,"vegan":false,"vegetarian":true,"image":"","notFood":false,"drinks":false},{"name":"משפחתית קליפורניה","description":"רוטב פיצה גבינה צהובה עגבניות גבינה בולגרית זיתי קלמטה ובצל ","price":55,"vegan":false,"vegetarian":true,"image":"","notFood":false,"drinks":false},{"name":"משפחתית לאס וגאס","description":"רוטב פיצה גבינה צהובה טונה אנשובי חצילים בולגרית וגמבה ","price":49,"vegan":false,"vegetarian":false,"image":"","notFood":false,"drinks":false},{"name":"משפחתית הוואי","description":"רוטב פיצה גבינה צהובה אננס תירס גבינה בולגרית ופלפל חריף ","price":55,"vegan":false,"vegetarian":true,"image":"","notFood":false,"drinks":false},{"name":"משפחתית בוסטון","description":"רוטב פיצה גבינה צהובה טונה גמבה תירס וזיתים ירוקים ","price":55,"vegan":false,"vegetarian":false,"image":"","notFood":false,"drinks":false},{"name":"משפחתית שיקגו","description":"רוטב פיצה גבינה צהובה בייבי מוצרלה פטריות טריות עגבניה ובצל ","price":55,"vegan":false,"vegetarian":true,"image":"","notFood":false,"drinks":false},{"name":"משפחתית טקסס","description":"רוטב פיצה גבינה צהובה פטריות טריות גבינה בולגרית תירס וזיתים ירוקים ","price":55,"vegan":false,"vegetarian":true,"image":"","notFood":false,"drinks":false},{"name":"משפחתית אלסקה","description":"רוטב פיצה גבינה צהובה גבינה בולגרית גבינת בייבי מוצרלה ","price":55,"vegan":false,"vegetarian":true,"image":"","notFood":false,"drinks":false},{"name":"מגש משפחתי","description":"","price":34,"vegan":true,"vegetarian":true,"image":"https://d25t2285lxl5rf.cloudfront.net/images/dishes/48254d7c-1ecc-4982-aa4b-7bda41f81d83.jpg","notFood":false,"drinks":false},{"name":"מגש ענק","description":"","price":44,"vegan":true,"vegetarian":true,"image":"https://d25t2285lxl5rf.cloudfront.net/images/dishes/d5dfae3c-c239-401f-8ba8-56a8fa8c9c75.jpg","notFood":false,"drinks":false},{"name":"מגש ג'מבו","description":"מגש ענק עם 8 משולשים גדולים","price":49,"vegan":true,"vegetarian":true,"image":"","notFood":false,"drinks":false},{"name":"טבעונית משפחתית","description":"","price":39,"vegan":true,"vegetarian":true,"image":"","notFood":false,"drinks":false},{"name":"טבעונית ענקית","description":"","price":51,"vegan":true,"vegetarian":true,"image":"","notFood":false,"drinks":false},{"name":"מגש לחם שום טבעוני","description":"מגש לחם שום גדול בתוספת שום עשבי תיבול ושומשום","price":18,"vegan":true,"vegetarian":true,"image":"","notFood":false,"drinks":false},{"name":"פיצה ג'מבו טבעונית","description":"","price":56,"vegan":false,"vegetarian":true,"image":"","notFood":false,"drinks":false},{"name":"מלוואח פיצה","description":"בצק עלים עם רוטב פיצה וגבינה צהובה ","price":25,"vegan":false,"vegetarian":true,"image":"https://d25t2285lxl5rf.cloudfront.net/images/dishes/f8141cf5-52b6-4bc4-9de0-193b1401edf6.jpg","notFood":false,"drinks":false},{"name":"מגש לחם שום משפחתי","description":"טבעוני","price":18,"vegan":true,"vegetarian":true,"image":"","notFood":false,"drinks":false},{"name":"מקל שום","description":"עם חמאת שום ועשבי תיבול","price":7,"vegan":false,"vegetarian":true,"image":"","notFood":false,"drinks":false},{"name":"אלף האיים","description":"","price":3,"vegan":true,"vegetarian":true,"image":"","notFood":false,"drinks":false},{"name":"שום לבן","description":"","price":3,"vegan":true,"vegetarian":true,"image":"","notFood":false,"drinks":false},{"name":"שום אדום","description":"","price":3,"vegan":true,"vegetarian":true,"image":"","notFood":false,"drinks":false},{"name":"רוטב פיצה","description":"","price":3,"vegan":false,"vegetarian":true,"image":"","notFood":false,"drinks":false},{"name":"זיווה במילוי קרם הרשיז ושוקולד לבן","description":"","price":27,"vegan":false,"vegetarian":true,"image":"","notFood":false,"drinks":false},{"name":"זיווה במילוי קרם לואקר ושוקולד חלב","description":"","price":27,"vegan":false,"vegetarian":true,"image":"","notFood":false,"drinks":false},{"name":"זיווה במילוי קרם שוקולד אגוזים","description":"","price":27,"vegan":false,"vegetarian":true,"image":"","notFood":false,"drinks":false},{"name":"בקבוק ספרייט 1.5 ליטר","description":"","price":12,"vegan":true,"vegetarian":true,"image":"","notFood":false,"drinks":true},{"name":"בקבוק דיאט ספרייט 1.5 ליטר","description":"","price":12,"vegan":true,"vegetarian":true,"image":"","notFood":false,"drinks":true},{"name":"בקבוק דיאט פיוזטי 1.5 ליטר","description":"","price":12,"vegan":true,"vegetarian":true,"image":"","notFood":false,"drinks":true},{"name":"בקבוק פאנטה אורנג 1.5 ליטר","description":"","price":11,"vegan":true,"vegetarian":true,"image":"","notFood":false,"drinks":true},{"name":"בקבוק פאנטה אקזוטיק 1.5 ליטר","description":"","price":11,"vegan":true,"vegetarian":true,"image":"","notFood":false,"drinks":true},{"name":"פחית קוקה קולה זירו","description":"","price":7,"vegan":true,"vegetarian":true,"image":"","notFood":false,"drinks":true},{"name":"פחית קוקה קוקה","description":"","price":7,"vegan":true,"vegetarian":true,"image":"","notFood":false,"drinks":false},{"name":"בקבוק קולה קולה זירו 0.5","description":"","price":9,"vegan":true,"vegetarian":true,"image":"","notFood":false,"drinks":true},{"name":"בקבוק קוקה קולה 0.5 ליטר","description":"","price":9,"vegan":true,"vegetarian":true,"image":"","notFood":false,"drinks":true},{"name":"בקבוק בירה שחורה 0.5 ליטר","description":"","price":9,"vegan":true,"vegetarian":true,"image":"","notFood":false,"drinks":true},{"name":"בקבוק תות בננה 0.5 ליטר","description":"","price":9,"vegan":true,"vegetarian":true,"image":"","notFood":false,"drinks":true},{"name":"בקבוק פיוז טי 0.5 ליטר","description":"","price":9,"vegan":true,"vegetarian":true,"image":"","notFood":false,"drinks":true},{"name":"בקבוק ענבים 0.5 ליטר","description":"","price":9,"vegan":true,"vegetarian":true,"image":"","notFood":false,"drinks":true},{"name":"בקבוק קוקה קולה 1.5 ליטר","description":"","price":12,"vegan":true,"vegetarian":true,"image":"","notFood":false,"drinks":true},{"name":"בקבוק קוקה קולה זירו 1.5 ליטר","description":"","price":12,"vegan":true,"vegetarian":true,"image":"","notFood":false,"drinks":true},{"name":"בקבוק פיוזטי 1.5 ליטר","description":"","price":12,"vegan":true,"vegetarian":true,"image":"","notFood":false,"drinks":true},{"name":"בקבוק מים תפוח 1.5 ליטר","description":"","price":12,"vegan":true,"vegetarian":true,"image":"","notFood":false,"drinks":true},{"name":"בקבוק מים ענבים 1.5 ליטר","description":"","price":12,"vegan":true,"vegetarian":true,"image":"","notFood":false,"drinks":true},{"name":"בקבוק מים 1.5 ליטר","description":"","price":11,"vegan":true,"vegetarian":true,"image":"","notFood":false,"drinks":true},{"name":"בקבוק 0.5 ליטר מים מינרלים","description":"","price":7,"vegan":true,"vegetarian":true,"image":"","notFood":false,"drinks":true}]}