{"track_id":"11994","filters":["japaneseSushi","asianFusion"],"image":"https://tenbis-static.azureedge.net/restaurant-card-image/ResCard_11994_1910030255.jpg","address":"שדרות בן גוריון, 22 חיפה","location":[34.9909322,32.8211413],"name":"פרנגליקו","city":"חיפה","priceAverage":46.8,"menu":[{"name":"הירו רול","description":"O/I סלמון, בטטה, אבוקדו וגבינת העמק. מוגש חם","price":41,"vegan":false,"vegetarian":false,"image":"https://d25t2285lxl5rf.cloudfront.net/images/dishes/cfa5fb21-df25-4bf8-a7ff-d3e36786e708.jpg","notFood":false,"drinks":false},{"name":"סמווראי רול","description":"O/I סלמון, אבוקדו, שיטאקה וגבינת עיזים,\nבמעטפת סלמון צרוב","price":41,"vegan":false,"vegetarian":false,"image":"https://d25t2285lxl5rf.cloudfront.net/images/dishes/9c1101a7-c068-499c-ab6f-db6c03054c69.jpg","notFood":false,"drinks":false},{"name":"קרייזי רול","description":"O/I סלמון בטמפורה, אספרגוס, בטטה, גבינת שמנת ועירית,\nבמעטפת סלמון ואבוקדו","price":48,"vegan":false,"vegetarian":false,"image":"https://d25t2285lxl5rf.cloudfront.net/images/dishes/8b379ac4-79c0-4383-a270-f54cddb0738e.jpg","notFood":false,"drinks":false},{"name":"ניגירי סלמון","description":"","price":22,"vegan":false,"vegetarian":false,"image":"https://d25t2285lxl5rf.cloudfront.net/images/dishes/26f54291-e6d8-48e9-a37d-491080166ad5.jpg","notFood":false,"drinks":false},{"name":"המנצחת טופו","description":"אטריות ביצים, פטריות, בצל לבן וירוק\nברוטב קארי צהוב קרם קוקוס וחמאת בוטנים ","price":56,"vegan":false,"vegetarian":true,"image":"https://d25t2285lxl5rf.cloudfront.net/images/dishes/58f0ea55-87de-4e04-87ea-3dec7c28a8d4.jpg","notFood":false,"drinks":false},{"name":"ניגירי צמחוני","description":"1 ירק לבחירה\n","price":16,"vegan":true,"vegetarian":true,"image":"https://d25t2285lxl5rf.cloudfront.net/images/dishes/88e24500-a36b-4bc3-a41e-59e19576d846.jpg","notFood":false,"drinks":false},{"name":"קימצ׳י (חמוצים יפניים)","description":"כרוב,גזר,מלפפון,בתחמיץ יפני בליווי שומשום","price":19,"vegan":true,"vegetarian":true,"image":"","notFood":false,"drinks":false},{"name":"אדממה","description":"פולי סויה חלוטים במלח גס.(טבעוני)","price":20,"vegan":true,"vegetarian":true,"image":"","notFood":false,"drinks":false},{"name":"אגרול צמחוני","description":"3 יח' אגרול ירקות בליווי חמוץ מתוק","price":36,"vegan":true,"vegetarian":true,"image":"","notFood":false,"drinks":false},{"name":"סלט עוף ומלפפונים","description":"מלפפון,כוסברה עוף, ברוטב חמאת בוטנים בליווי בוטנים","price":32,"vegan":false,"vegetarian":false,"image":"","notFood":false,"drinks":false},{"name":"סלט וואקמה","description":"אצות וואקמה,גזר,מלפפון,אטריות זכוכית בליווי שומשום","price":24,"vegan":true,"vegetarian":true,"image":"","notFood":false,"drinks":false},{"name":"נגאסקי","description":"נתחוני עוף בבלילת בירה ושומשום,בליווי צ׳ילי מתוק/חריף","price":36,"vegan":false,"vegetarian":false,"image":"","notFood":false,"drinks":true},{"name":"כנפיים","description":"8 יח' כנפיים פריכות ברוטב צ׳ילי הדרים","price":34,"vegan":false,"vegetarian":false,"image":"","notFood":false,"drinks":false},{"name":"שרימפס פופקורן","description":"שרימפס פריך במעטפת פנקו עדינה בליווי איולי נענע וחצי לימון","price":32,"vegan":false,"vegetarian":false,"image":"","notFood":false,"drinks":false},{"name":"פטריות בטמפורה","description":"פטריות בטמפורה פריכה ברוטב טריאקי בליווי שומשום","price":36,"vegan":true,"vegetarian":true,"image":"","notFood":false,"drinks":false},{"name":"קריספי בטטה","description":"אצבעות בטטה קריספית בליווי צ׳ילי חריף/צ׳ילי מתוק","price":36,"vegan":true,"vegetarian":true,"image":"","notFood":false,"drinks":false},{"name":"קריספי קלמארי (120 גר׳)","description":"בליווי רוטב איולי יוזו,חצי לימון ובצל ירוק","price":39,"vegan":true,"vegetarian":true,"image":"","notFood":false,"drinks":false},{"name":"מאקי צמחוני","description":"8 יח׳ רול צר עם ירק אחד לבחירה","price":20,"vegan":true,"vegetarian":true,"image":"","notFood":false,"drinks":false},{"name":"מאקי דג","description":"8 יח׳ רול צר עם דג לבחירה","price":26,"vegan":false,"vegetarian":false,"image":"","notFood":false,"drinks":false},{"name":"אינסיידאאוט I/O צמחוני","description":"8 יח׳ רול אצה בפנים אורז בחוץ, עד 3 ירקות לבחירה \n*מגוון תוספות בתשלום.","price":30,"vegan":true,"vegetarian":true,"image":"","notFood":false,"drinks":false},{"name":"אינסיידאאוט I/O דג","description":"8 יח׳ רול אצה בפנים אורז בחוץ, עם דג ו-2 ירקות לבחירה.\n*מגוון תוספות בתשלום.","price":36,"vegan":false,"vegetarian":false,"image":"","notFood":false,"drinks":false},{"name":"פוטומאקי צמחוני","description":"8 יח׳ רול עבה אצה בחוץ ואורז בפנים,עד 4 ירקות לבחירה.\n*מגוון תוספות בתשלום.","price":35,"vegan":true,"vegetarian":true,"image":"","notFood":false,"drinks":false},{"name":"פוטומאקי דגים","description":"8 יח׳ רול עבה בחוץ ואורז בפנים,עם דג ו-3 ירקות לבחירה.\n*מגוון תוספות בתשלום.","price":39,"vegan":false,"vegetarian":false,"image":"","notFood":false,"drinks":false},{"name":"פוטומאקי אינסיידאאוט I/O צמחוני","description":"8 יח׳ רול i/o עבה אורז בחוץ ואצה בפנים,עד 4 ירקות לבחירה.\n*מגוון תוספות בתשלום.","price":35,"vegan":true,"vegetarian":true,"image":"","notFood":false,"drinks":false},{"name":"פוטומאקי אינסיידאאוט I/O דגים","description":"8 יח׳ רול i/o עבה אורז בחוץ ואצה בפנים,עם דג ו-3 ירקות לבחירה.\n*מגוון תוספות בתשלום.","price":39,"vegan":false,"vegetarian":false,"image":"","notFood":false,"drinks":false},{"name":"סנדוויץ׳ סושי צמחוני","description":"4 יח׳ משולשי סנדוויץ׳ סושי עם 3 ירקות לבחירה.\n*מגוון תוספות בתשלום.","price":36,"vegan":true,"vegetarian":true,"image":"","notFood":false,"drinks":false},{"name":"סנדוויץ׳ סושי דגים","description":"4 יח׳ משולשי סנדוויץ׳ סושי עם דג ו-2 ירקות לבחירה.\n*מגוון תוספות בתשלום.","price":42,"vegan":false,"vegetarian":false,"image":"","notFood":false,"drinks":false},{"name":"ניגירי צמחוני","description":"1 ירק לבחירה\n","price":16,"vegan":true,"vegetarian":true,"image":"https://d25t2285lxl5rf.cloudfront.net/images/dishes/88e24500-a36b-4bc3-a41e-59e19576d846.jpg","notFood":false,"drinks":false},{"name":"ניגירי סלמון","description":"","price":22,"vegan":false,"vegetarian":false,"image":"https://d25t2285lxl5rf.cloudfront.net/images/dishes/26f54291-e6d8-48e9-a37d-491080166ad5.jpg","notFood":false,"drinks":false},{"name":"ניגירי טונה","description":"","price":24,"vegan":false,"vegetarian":false,"image":"","notFood":false,"drinks":false},{"name":"סשימי סלמון","description":"3 יח׳ פרוסות דג נא טרי","price":36,"vegan":false,"vegetarian":false,"image":"","notFood":false,"drinks":false},{"name":"סשימי דג לבן","description":"3 יח׳ פרוסות דג נא טרי\t","price":36,"vegan":false,"vegetarian":false,"image":"","notFood":false,"drinks":false},{"name":"סשימי טונה","description":"3 יח׳ פרוסות דג נא טרי\t","price":42,"vegan":false,"vegetarian":false,"image":"","notFood":false,"drinks":false},{"name":"קרייזי רול","description":"O/I סלמון בטמפורה, אספרגוס, בטטה, גבינת שמנת ועירית,\nבמעטפת סלמון ואבוקדו","price":48,"vegan":false,"vegetarian":false,"image":"https://d25t2285lxl5rf.cloudfront.net/images/dishes/8b379ac4-79c0-4383-a270-f54cddb0738e.jpg","notFood":false,"drinks":false},{"name":"סמווראי רול","description":"O/I סלמון, אבוקדו, שיטאקה וגבינת עיזים,\nבמעטפת סלמון צרוב","price":41,"vegan":false,"vegetarian":false,"image":"https://d25t2285lxl5rf.cloudfront.net/images/dishes/9c1101a7-c068-499c-ab6f-db6c03054c69.jpg","notFood":false,"drinks":false},{"name":"הירו רול","description":"O/I סלמון, בטטה, אבוקדו וגבינת העמק. מוגש חם","price":41,"vegan":false,"vegetarian":false,"image":"https://d25t2285lxl5rf.cloudfront.net/images/dishes/cfa5fb21-df25-4bf8-a7ff-d3e36786e708.jpg","notFood":false,"drinks":false},{"name":"ספיישל פרנג׳ליקו 8 יח׳","description":"דג לבן, שרימפס וסלמון בטמפורה, עם אבוקדו וגזר,\r\nספייסי מיונז וטריאקי","price":59,"vegan":false,"vegetarian":false,"image":"","notFood":false,"drinks":false},{"name":"פוטו נורי 5 יח'","description":"דג לבן, סלמון, טונה, אבוקדו, אספרגוס, בצל ירוק, טוביקו,\r\n)מוגש חם( ללא אורז","price":53,"vegan":false,"vegetarian":false,"image":"","notFood":false,"drinks":false},{"name":"קליפורניה רול","description":"דג לבן בטמפורה, אבוקדו, מלפפון, גזר, בצל ירוק\r\nבמעטפת שבבי סלמון בטמפורה\r\n","price":44,"vegan":false,"vegetarian":false,"image":"","notFood":false,"drinks":false},{"name":"Smoked סלמון","description":"סלמון, בטטה, גבינת שמנת, בצל ירוק, במעטפת סלמון מעושן\r\nונגיעות טוביקו","price":44,"vegan":false,"vegetarian":false,"image":"","notFood":false,"drinks":false},{"name":"ריינבו","description":"סלמון, אבוקדו, קנפיו במעטפת דג לבן, טונה, וסלמון","price":49,"vegan":false,"vegetarian":false,"image":"","notFood":false,"drinks":false},{"name":"שירומי סאקנה","description":"דג לבן בטמפורה, בטטה, שיטאקה, אספרגוס,\r\nבמעטפת אבוקדו ונגיעות טוביקו\r\n","price":44,"vegan":false,"vegetarian":false,"image":"","notFood":false,"drinks":false},{"name":"מאקי סאן","description":"O/I ספייסי טונה, אבוקדו, בצל ירוק וגבינת שמנת,\r\nבציפוי בטטה קריספי\r\n","price":42,"vegan":false,"vegetarian":false,"image":"","notFood":false,"drinks":false},{"name":"דרגון רול","description":"O/I שרימפס בטמפורה, אבוקדו, אספרגוס, בצל ירוק, מעטפת\r\nאבוקדו, קריספי בטטה ונגיעות איולי יוזו וואסבי\r\n","price":51,"vegan":false,"vegetarian":false,"image":"","notFood":false,"drinks":false},{"name":"Vegan Combo","description":"8 יח‘ O/I מלפפון, קנפיו, אבוקדו, גזר\n+ 8 יח‘ מאקי בטטה טמפורה + 2 יח‘ ניגירי אבוקדו/בטטה/טמגו","price":59,"vegan":true,"vegetarian":true,"image":"","notFood":false,"drinks":false},{"name":"קומבינציית A","description":"8 יח‘ O/I סלמון טמפורה אבוקדו\n+ 8 יח' O/I סלמון מקורמל ואבוקדו\n","price":45,"vegan":false,"vegetarian":false,"image":"","notFood":false,"drinks":false},{"name":"קומבינציית צמחונית","description":"8 יח' O/I בטטה בטמפורה, אבוקדו\n+ שיטאקה, במעטפת אבוקדו\n8 יח' O/I טופו בטמפורה, אבוקדו, בצל ירוק ומלפפון\n+ 4 יח' O/I סנדביץ׳ מטוגן אבוקדו, טמגו, בצל ירוק ושיטאקה\n+ 8 יח' מאקי אבוקדו\n","price":99,"vegan":true,"vegetarian":true,"image":"","notFood":false,"drinks":false},{"name":"קומבינציה זוגית חם + קר","description":"8 יח’ O/I סלמון, אבוקדו, מוצרלה ]רול חם[\n+ 4 יח׳ סנדוויץ׳ קריספי ]מוגש חם[\n+ 8 יח׳ O/I ספייסי טונה ואבוקדו\n+ 8 יח׳ O/I שרימפס בטמפורה אבוקדו גזר \n","price":116,"vegan":false,"vegetarian":false,"image":"","notFood":false,"drinks":false},{"name":"קומבינציה פרג'ליקו","description":"8 יח׳ דרגון רול + 8 יח׳ פוטומאקי ספיישל פרנג׳ליקו\n+ 8 יח’ O/I ספייסי טונה + 8 יח׳ מאקי דג לבן בטמפורה\n","price":159,"vegan":false,"vegetarian":false,"image":"","notFood":false,"drinks":false},{"name":"קומבינציה מטוגנת","description":"8 יח' O/I רול מטוגן טונה ושיטאקה + 4 יח׳ סנדביץ׳ מטוגן\r\n)סלמון, אבוקדו וגבינה צהובה( + 8 יח' רול מטוגן סלמון, בטטה\r\nואבוקדו + 8 יח׳ O/I מטוגן דג לבן ובטטה\r\n","price":109,"vegan":false,"vegetarian":false,"image":"","notFood":false,"drinks":false},{"name":"קומבינציית ים","description":"8 יח‘ O/I סלמון, אבוקדו ועירית במעטפת שומשום\r\n+ 8 יח׳ שירומי סאקנה )ספיישל( + 2 יח׳ ניגירי סלמון","price":89,"vegan":false,"vegetarian":false,"image":"","notFood":false,"drinks":false},{"name":"קרפצ'יו סלמון","description":"קרפצ׳יו בליווי סלסת אבוקדו, צילי חריף, בצל סגול ירוק, שרי\r\nמנומר, איולי יוזו, וואסבי, שמן זית ונגיעות טוביקו בליווי\r\nטוסטונים","price":49,"vegan":false,"vegetarian":false,"image":"","notFood":false,"drinks":false},{"name":"קרפצ'יו טונה","description":"קרפצ׳יו בליווי סלסת אבוקדו, צילי חריף, בצל סגול ירוק, שרי\r\nמנומר, איולי יוזו, וואסבי, שמן זית ונגיעות טוביקו בליווי\r\nטוסטונים","price":56,"vegan":false,"vegetarian":false,"image":"","notFood":false,"drinks":false},{"name":"קרפצ'יו בקר","description":"רצועות פילה בקר דקיקות, עגבניות תמר, עלי רוקט, שמן זית,\r\nבלסמי מרוכ ולימון, בליווי טוסטונים ופרמז׳ן\r\n","price":56,"vegan":false,"vegetarian":false,"image":"","notFood":false,"drinks":false},{"name":"באן אסאדו","description":"באן במילוי אסאדו, איולי נענע, קולסלאו אסייתי,\r\nבליווי קריספי בטטה ","price":58,"vegan":true,"vegetarian":true,"image":"","notFood":false,"drinks":false},{"name":"פרנג׳ליקו בורגר","description":"בורגר עסיסי מנתח מובחר איולי יוזו וואסבי בליווי ירקות\r\nוצ׳יפס בטטה\r\n","price":62,"vegan":true,"vegetarian":true,"image":"","notFood":false,"drinks":false},{"name":"פילה סלמון","description":"פילה סלמון ברוטב קפאו, בליווי אורז וירקות מוקפצים / קריספי\nבטטה\n","price":94,"vegan":false,"vegetarian":false,"image":"","notFood":false,"drinks":false},{"name":"שניצלים בבצק בירה","description":"נתחי חזה עוף מצופים בבצק בירה.\r\nמוגשים עם צי'פס ורוטב צ'ילי","price":69,"vegan":false,"vegetarian":false,"image":"","notFood":false,"drinks":true},{"name":"סי פוד","description":"שרימפס ומולים, ברוטב חמאת שום ולימון עם בצל ירוק, בליווי\r\n\"הר\" קלמרי פריך ורוטב איולי נענע","price":96,"vegan":false,"vegetarian":false,"image":"","notFood":false,"drinks":false},{"name":"קדירת פירות ים","description":"קלמרי, מולים, שרימפס בצל ירוק צילי חריף חמאה,\r\nברוטב שמנת מוגש בתוספת אורז מאודה","price":99,"vegan":false,"vegetarian":false,"image":"","notFood":false,"drinks":false},{"name":"חזה עוף","description":"עם אורז מאודה, ברוטב טריאקי/שום לימון/שמנת פטריות, \n\n","price":68,"vegan":false,"vegetarian":false,"image":"","notFood":false,"drinks":false},{"name":"שניצל פנקו","description":"זה עוף בציפוי פריך בליווי אורז מוקפץ/פירה, בליווי מטבלים/\r\nאיולי נענע/איולי יוזו וואסבי","price":69,"vegan":false,"vegetarian":false,"image":"","notFood":false,"drinks":false},{"name":"שרימפס מוקפץ","description":"שרימפס ברוטב שמנת ויסקי וגבינת עיזים/שום לימון\r\nעל מצע אורז מאודה בעיטור עירית","price":98,"vegan":false,"vegetarian":false,"image":"","notFood":false,"drinks":false},{"name":"פאד תאי טופו","description":"אטריות אורז, גזר, נבטים וכרוב לבן, נטיפי ביצה,\nבעיטור בוטנים, כוסברה ופלח לימון, ברוטב תאילנדי","price":52,"vegan":false,"vegetarian":true,"image":"https://d25t2285lxl5rf.cloudfront.net/images/dishes/61401dc8-19f5-4752-9d5e-1d50e4ef09e5.jpg","notFood":false,"drinks":false},{"name":"הירוקה","description":"שבבי אורז, טופו, בצל סגול, קישואים, ברוקולי, שעועית\nירוקה, תרד, פטריות, ברוטב קארי ירוק וקרם קוקוס","price":49,"vegan":true,"vegetarian":true,"image":"https://d25t2285lxl5rf.cloudfront.net/images/dishes/6a07c773-d69f-44b2-8be7-85cc1559ccc5.jpg","notFood":false,"drinks":false},{"name":"המנצחת טופו","description":"אטריות ביצים, פטריות, בצל לבן וירוק\nברוטב קארי צהוב קרם קוקוס וחמאת בוטנים ","price":56,"vegan":false,"vegetarian":true,"image":"https://d25t2285lxl5rf.cloudfront.net/images/dishes/58f0ea55-87de-4e04-87ea-3dec7c28a8d4.jpg","notFood":false,"drinks":false},{"name":"החריפה טופו","description":"אטריות ביצים, פלפלים בצבעים, כרוב לבן,\nנבטים ובצל לבן, צילי חריף ברוטב אסייתי","price":56,"vegan":false,"vegetarian":true,"image":"https://d25t2285lxl5rf.cloudfront.net/images/dishes/c8bb1a7a-f113-419a-b4d7-a6b5908e4b4a.jpg","notFood":false,"drinks":false},{"name":"פאד קפאו","description":"בקר טחון, בצל סגול, קישואים, חצילים, על מצע אורז מאודה\nברוטב תאילנדי בליווי ביצת עין","price":58,"vegan":false,"vegetarian":false,"image":"https://d25t2285lxl5rf.cloudfront.net/images/dishes/3d91d0cd-db0d-4a6f-9e29-dbdfc72f0d83.jpg","notFood":false,"drinks":false},{"name":"בקר סצ'ואן","description":"בקר, פלפלים בשני צבעים, בצל לבן, רוטב סצואן פיקנטי\nעל מצע אורז מאודה\n","price":59,"vegan":false,"vegetarian":false,"image":"https://d25t2285lxl5rf.cloudfront.net/images/dishes/a7fcf247-1248-45ec-94c7-2476192be1d6.jpg","notFood":false,"drinks":false},{"name":"פרייד רייס","description":"אורז מוקפץ, עוף, נטיפי ביצה, גזר, כרוב לבן, בצל לבן וירוק\nושעועית ירוקה ברוטב אסייתי","price":56,"vegan":false,"vegetarian":false,"image":"https://d25t2285lxl5rf.cloudfront.net/images/dishes/96e2be8c-abfe-4792-a126-b8840c39599f.jpg","notFood":false,"drinks":false},{"name":"פאד תאי עוף","description":"אטריות אורז, גזר, נבטים וכרוב לבן, נטיפי ביצה,\nבעיטור בוטנים, כוסברה ופלח לימון, ברוטב תאילנדי","price":54,"vegan":false,"vegetarian":false,"image":"","notFood":false,"drinks":false},{"name":"פאד תאי שרימפס","description":"אטריות אורז, גזר, נבטים וכרוב לבן, נטיפי ביצה,\nבעיטור בוטנים, כוסברה ופלח לימון, ברוטב תאילנדי","price":57,"vegan":false,"vegetarian":false,"image":"","notFood":false,"drinks":false},{"name":"המנצחת עוף","description":"אטריות ביצים, פטריות, בצל לבן וירוק\nברוטב קארי צהוב קרם קוקוס וחמאת בוטנים ","price":59,"vegan":false,"vegetarian":false,"image":"","notFood":false,"drinks":false},{"name":"המנצחת בקר","description":"אטריות ביצים, פטריות, בצל לבן וירוק\nברוטב קארי צהוב קרם קוקוס וחמאת בוטנים ","price":62,"vegan":false,"vegetarian":false,"image":"","notFood":false,"drinks":false},{"name":"החריפה עוף","description":"אטריות ביצים, פלפלים בצבעים, כרוב לבן,\nנבטים ובצל לבן, צילי חריף ברוטב אסייתי","price":59,"vegan":false,"vegetarian":false,"image":"","notFood":false,"drinks":false},{"name":"החריפה בקר","description":"אטריות ביצים, פלפלים בצבעים, כרוב לבן,\nנבטים ובצל לבן, צילי חריף ברוטב אסייתי","price":62,"vegan":false,"vegetarian":false,"image":"","notFood":false,"drinks":false},{"name":"היפנית","description":"אטריות אודון, חזה אווז, בצל סגול, פטריות שיטאקה, בטטה,\r\nבעיטור קשיו ובצל ירוק ורוטב הוייסטר יפני","price":68,"vegan":false,"vegetarian":false,"image":"","notFood":false,"drinks":false},{"name":"קוקו קארי פלייקס טופו","description":"טופו, שבבי אורז, בצל לבן, פטריות, בטטות\r\nברוטב קארי אדום קרם קוקוס וחמאת בוטנים בעיטור בצל ירוק\r\n","price":59,"vegan":false,"vegetarian":true,"image":"","notFood":false,"drinks":false},{"name":"קוקו קארי פלייקס עוף","description":" עוף, שבבי אורז, בצל לבן, פטריות, בטטות\r\nברוטב קארי אדום קרם קוקוס וחמאת בוטנים בעיטור בצל ירוק\r\n","price":63,"vegan":false,"vegetarian":false,"image":"","notFood":false,"drinks":false},{"name":"מרק מיסו","description":"אצות וואקמה, דאשי, מיסו וקוביות טופו, בעיטור בצל ירוק","price":24,"vegan":true,"vegetarian":true,"image":"https://d25t2285lxl5rf.cloudfront.net/images/dishes/100c97dd-5c88-497c-a100-c78ca79bd934.jpg","notFood":false,"drinks":false},{"name":"מרק תירס","description":"בצל, קרם קוקוס ותירס, בעיטור בצל ירוק","price":29,"vegan":true,"vegetarian":true,"image":"https://d25t2285lxl5rf.cloudfront.net/images/dishes/b1014b7b-ee61-4f82-8a82-045636ca704b.jpg","notFood":false,"drinks":false},{"name":"מרק טום יאם","description":"פירות ים, נבטים, בצל ירוק, עגבניות שרי, למון גראס,\nפטריות שמפניון, כפיר ליים, ג׳ינג׳ר, גלנגל וחלב קוקוס","price":59,"vegan":false,"vegetarian":false,"image":"https://d25t2285lxl5rf.cloudfront.net/images/dishes/3f41c578-6560-472f-ab54-af8fcf714bf7.jpg","notFood":false,"drinks":false},{"name":"מרק ראמן עוף","description":"ציר עוף, אטריות אודון, פטריות שיטאקה, בצל ירוק, נבטים,\nכרישה וגזר","price":56,"vegan":false,"vegetarian":false,"image":"https://d25t2285lxl5rf.cloudfront.net/images/dishes/eb70c70a-09dc-4143-bc48-19bea871e170.jpg","notFood":false,"drinks":false},{"name":"סלט קיסר","description":"עגבניות שרי, חסה,בצל סגול,בוטנים,חזה עוף על הגריל,מוגש עם גבינת פרמזן מגדרת מעל ברוטב וינגרייט ","price":56,"vegan":false,"vegetarian":false,"image":"","notFood":false,"drinks":false},{"name":"סלט יווני","description":"מלפפון,עגבניה,בצל סגול,חסה,זיתים שחורים,גבינה בולגרית, שמן זית,מלח,לימון.מוגש בליווי רוטב אלף האיים","price":52,"vegan":false,"vegetarian":true,"image":"","notFood":false,"drinks":false},{"name":"סלט טאבולה","description":"פטרוזיליה,נענע,בצל ירוק,בורגול,עגבניות,מלפפון ירוק קצוץ דק,שמן זית,לימון ומלח","price":43,"vegan":true,"vegetarian":true,"image":"","notFood":false,"drinks":false},{"name":"סלט פוקי קלמארי מטוגן","description":"קלאמרי מטוגן אבוקדו, מלפפון, בצל ירוק,\r\nפטריות שיטאקה וקוביות בטטה, גזר, נבטים וצנונית על מצע אורז\r\nסושי. בליווי ספייסי מיונז וסויה, עם שבבי בטטה ושומשום מעל","price":54,"vegan":false,"vegetarian":true,"image":"","notFood":false,"drinks":false},{"name":"סלט פוקי שרימפס מטוגן","description":"שרימפס מטוגן, אבוקדו, מלפפון, בצל ירוק,\r\nפטריות שיטאקה וקוביות בטטה, גזר, נבטים וצנונית על מצע אורז\r\nסושי. בליווי ספייסי מיונז וסויה, עם שבבי בטטה ושומשום מעל","price":52,"vegan":false,"vegetarian":false,"image":"","notFood":false,"drinks":false},{"name":"סלט פוקי סלמון","description":"טרטר סלמון  אבוקדו, מלפפון, בצל ירוק, פטריות\r\nשיטאקה, קוביות בטטה, גזר, נבטים וצנונית על מצע אורז סושי.\r\nבליווי ספייסי מיונז וסויה, עם שבבי בטטה ושומשום מעל","price":62,"vegan":false,"vegetarian":false,"image":"","notFood":false,"drinks":false},{"name":"סלט פוקי טונה","description":"טרטר טונה, אבוקדו, מלפפון, בצל ירוק, פטריות\r\nשיטאקה, קוביות בטטה, גזר, נבטים וצנונית על מצע אורז סושי.\r\nבליווי ספייסי מיונז וסויה, עם שבבי בטטה ושומשום מעל","price":56,"vegan":false,"vegetarian":false,"image":"","notFood":false,"drinks":false},{"name":"סלט פרנג׳ליקו טופו","description":"טופו,חסה אייסברג,מלפפון,עגבניות שרי,בצל סגול,בצל ירוק,גזר,בצלי שאלוט יבש,ברוטב ויניגרט הדרים,שומשום ובצל ירוק מעל","price":52,"vegan":true,"vegetarian":true,"image":"","notFood":false,"drinks":false},{"name":"סלט פרנג׳ליקו עוף","description":"עוף, חסה אייסברג,מלפפון,עגבניות שרי,בצל סגול,בצל ירוק,גזר,בצל שאלוט יבש,ברוטב ויניגרט הדרים,שומשום ובצל ירוק מעל","price":54,"vegan":false,"vegetarian":false,"image":"","notFood":false,"drinks":false},{"name":"סלט פרנג׳ליקו סלמון","description":"סלמון,חסה אייסברג,מלפפון,עגבניות שרי,בצל סגול,בצל ירוק,גזר,בצלי שאלוט יבש,ברוטב ויניגרט הדרים,שומשום ובצל ירוק מעל","price":58,"vegan":false,"vegetarian":false,"image":"","notFood":false,"drinks":false},{"name":"סלט עוף ובוטנים","description":"רצעות עוף,חסה אייסברג,מלפפון,כוסברה,נבטים וצ׳ילי אדום,בליווי בוטנים,ברוטב קוקוס וחמאת בוטנים.","price":49,"vegan":false,"vegetarian":false,"image":"","notFood":false,"drinks":false},{"name":"פאי לימון ופיסטוק","description":"פאי מבצק פריך עשיר במילוי קרם פראנג׳יפן פיסטוק וקרם לימון אפוי","price":39,"vegan":true,"vegetarian":true,"image":"","notFood":false,"drinks":false},{"name":"קראק פאי","description":"פאי קראנצ׳י ונימוח של גרנולה,טופי וקרמל וניל.","price":39,"vegan":true,"vegetarian":true,"image":"","notFood":false,"drinks":false},{"name":"סושי שוקולד וקוקוס","description":"מעטפת של טראפלס שוקולד במילוי קרם קוקוס,עטוף בקוקוס לבן וקלוי.","price":39,"vegan":false,"vegetarian":true,"image":"","notFood":false,"drinks":false},{"name":"עוגת שוקולד חמה (ללא גלוטן)","description":"עוגת שוקולד ביתית חמה ונימוחה מאוד, העשויה ללא קמח ומלאה בשוקולד מבפנים ומבחוץ.","price":44,"vegan":false,"vegetarian":true,"image":"","notFood":false,"drinks":false},{"name":"נביעות מים מינרלים","description":"","price":11,"vegan":true,"vegetarian":true,"image":"","notFood":false,"drinks":false},{"name":"קינלי סודה","description":"","price":11,"vegan":true,"vegetarian":true,"image":"","notFood":false,"drinks":true},{"name":"קוקה קולה","description":"","price":13,"vegan":true,"vegetarian":true,"image":"","notFood":false,"drinks":true},{"name":"דיאט קולה","description":"","price":13,"vegan":true,"vegetarian":true,"image":"","notFood":false,"drinks":true},{"name":"קולה זירו","description":"","price":13,"vegan":true,"vegetarian":true,"image":"","notFood":false,"drinks":true},{"name":"ספרייט","description":"","price":13,"vegan":true,"vegetarian":true,"image":"","notFood":false,"drinks":true},{"name":"ספרייט זירו","description":"","price":13,"vegan":true,"vegetarian":true,"image":"","notFood":false,"drinks":true},{"name":"פאנטה","description":"","price":13,"vegan":true,"vegetarian":true,"image":"","notFood":false,"drinks":false},{"name":"בירה שחורה","description":"","price":15,"vegan":true,"vegetarian":true,"image":"","notFood":false,"drinks":true},{"name":"פריגת ענבים","description":"","price":13,"vegan":true,"vegetarian":true,"image":"","notFood":false,"drinks":true},{"name":"פריגת סיידר תפוחים","description":"","price":13,"vegan":true,"vegetarian":true,"image":"","notFood":false,"drinks":true},{"name":"פיוזטי אפרסק","description":"","price":13,"vegan":true,"vegetarian":true,"image":"","notFood":false,"drinks":false}]}