{"track_id":"12009","filters":["homeMade","veganFood","meatGrill"],"image":"https://tenbis-static.azureedge.net/restaurant-card-image/ResCard_12009_20191116204749.jpg","address":"שדרות אבא אבן, 12 הרצליה","location":[34.8081608,32.1619013],"name":"גוטה בריא ומהיר","city":"הרצליה - רמת השרון","priceAverage":73.4388888888889,"menu":[{"name":"ארוחת רצועות חזה עוף בגידול טבעי בשמן זית ולימון","description":"מוגש עם תוספת, סלט ורוטב לבחירה - מומלץ עם פירה כתום וסלט כרוב מתקתק","price":63.2,"vegan":false,"vegetarian":false,"image":"https://d25t2285lxl5rf.cloudfront.net/images/dishes/d45cdb2a-8178-421a-a70c-6bb76daa5c61.jpg","notFood":false,"drinks":false},{"name":"ארוחת קציצות בקר (חי בריא) ברוטב עגבניות ושום שחור.","description":"מוגש עם תוספת, סלט ורוטב לבחירה - מומלץ עם אורז שחור אורגני מלא ולקט ירוקים מרענן.","price":63.8,"vegan":false,"vegetarian":false,"image":"https://d25t2285lxl5rf.cloudfront.net/images/dishes/74dfe740-b79d-443b-a30c-1cfb07c6a235.jpg","notFood":false,"drinks":false},{"name":"חדש! שניצל קסמים אפוי מגידול טבעי (ללא גלוטן)","description":"מוגש עם תוספת חמה לבחירה וסלט ","price":62.9,"vegan":false,"vegetarian":false,"image":"https://d25t2285lxl5rf.cloudfront.net/images/dishes/65256040-e6b2-4338-b941-1d61637ede2a.jpg","notFood":false,"drinks":false},{"name":"ארוחת קציצות עדשים אורגניות עם טחינה מלאה","description":"מוגש עם תוספת, סלט ורוטב לבחירה מומלץ עם קוסקוס מלא עם טנזיה מפירות יבשים וסלט קינואה אורגנית","price":59.7,"vegan":true,"vegetarian":true,"image":"https://d25t2285lxl5rf.cloudfront.net/images/dishes/a59e00a5-02e9-4fe9-af93-cdfb848ec33d.jpg","notFood":false,"drinks":false},{"name":"ארוחת רצועות חזה עוף בגידול טבעי בשמן זית ולימון","description":"מוגש עם תוספת, סלט ורוטב לבחירה - מומלץ עם פירה כתום וסלט כרוב מתקתק","price":63.2,"vegan":false,"vegetarian":false,"image":"https://d25t2285lxl5rf.cloudfront.net/images/dishes/d45cdb2a-8178-421a-a70c-6bb76daa5c61.jpg","notFood":false,"drinks":false},{"name":"ארוחת סלט","description":"סלט לבחירה המוגש עם ריבועי קרקר מכוסמין וסלק ורוטב לבחירה ","price":44.9,"vegan":true,"vegetarian":true,"image":"https://d25t2285lxl5rf.cloudfront.net/images/dishes/b6b47852-89fc-4f17-ac6d-6baaa8365df6.jpg","notFood":false,"drinks":false},{"name":"ארוחת סינייה בשרית (חי בריא) עם עדשים שחורות ובורגול אורגניים","description":"מוגש עם סלט ורוטב לבחירה, מומלץ עם סלט ארץ ישראלי קצוץ ","price":62.3,"vegan":false,"vegetarian":false,"image":"https://d25t2285lxl5rf.cloudfront.net/images/dishes/b954ce6f-9a64-47b2-8940-5b2fa56703a3.jpg","notFood":false,"drinks":false},{"name":"ארוחת תבשיל טופו אורגני במי קוקוס, קייל וג'ינג'ר","description":"מוגש עם תוספת, סלט ורוטב לבחירה - מומלץ עם אורז שחור אורגני מלא וסלט ארץ ישראלי קצוץ","price":59.8,"vegan":true,"vegetarian":true,"image":"https://d25t2285lxl5rf.cloudfront.net/images/dishes/646a10f2-c421-48a2-97a7-bbbe8f229f8b.jpg","notFood":false,"drinks":false},{"name":"ספיישל היום- קציצות חזה עוף ברוטב פלפלים אדומים","description":"מוגש עם תוספת חמה לבחירה וסלט ","price":61.2,"vegan":false,"vegetarian":false,"image":"","notFood":false,"drinks":false},{"name":"ארוחת קציצות בקר (חי בריא) ברוטב עגבניות ושום שחור.","description":"מוגש עם תוספת ומרק היום - מומלץ עם אורז שחור אורגני מלא","price":63.8,"vegan":false,"vegetarian":false,"image":"https://d25t2285lxl5rf.cloudfront.net/images/dishes/35220b3c-8264-489e-ba4a-8de01ab9f45c.jpg","notFood":false,"drinks":false},{"name":"ארוחת קציצות עדשים אורגניות עם טחינה מלאה","description":"מוגש עם תוספת ומרק היום - מומלץ עם קוסקוס מלא עם טנזיה מפירות יבשים","price":59.7,"vegan":true,"vegetarian":true,"image":"https://d25t2285lxl5rf.cloudfront.net/images/dishes/24bda626-550b-43e6-91da-24897af99844.jpg","notFood":false,"drinks":false},{"name":"חדש! שניצל קסמים אפוי מגידול טבעי (ללא גלוטן)","description":"מוגש עם תוספת חמה לבחירה ומרק","price":62.9,"vegan":false,"vegetarian":false,"image":"https://d25t2285lxl5rf.cloudfront.net/images/dishes/053b8b75-5c40-4726-9ed6-b25c020c32ef.jpg","notFood":false,"drinks":false},{"name":"ארוחת סינייה בשרית (חי בריא) עם עדשים שחורות ובורגול אורגניים","description":"מוגש עם תוספת ומרק היום","price":62.3,"vegan":false,"vegetarian":false,"image":"https://d25t2285lxl5rf.cloudfront.net/images/dishes/6915df88-70ff-4aaf-b9b5-ffbbf1d2f435.jpg","notFood":false,"drinks":false},{"name":"ארוחת רצועות חזה עוף בגידול טבעי בשמן זית ולימון","description":"מוגש עם תוספת ומרק היום - מומלץ עם פירה כתום","price":63.2,"vegan":false,"vegetarian":false,"image":"https://d25t2285lxl5rf.cloudfront.net/images/dishes/8f5fa826-4124-474a-b778-6077a429ebdc.jpg","notFood":false,"drinks":false},{"name":"ארוחת תבשיל טופו אורגני במי קוקוס, קייל וג'ינג'ר","description":"מוגש עם תוספת ומרק היום - מומלץ עם אורז שחור אורגני מלא","price":59.8,"vegan":true,"vegetarian":true,"image":"https://d25t2285lxl5rf.cloudfront.net/images/dishes/34e88489-0de9-49cf-b0bc-330ebd7ca7df.jpg","notFood":false,"drinks":false},{"name":"ספיישל היום- קציצות חזה עוף ברוטב פלפלים אדומים","description":"מוגש עם תוספת חמה ומרק","price":61.2,"vegan":false,"vegetarian":false,"image":"","notFood":false,"drinks":false},{"name":"ארוחת משפחה מצומצמת","description":"לבחירה שתי מנות עיקריות, שתי תוספות, שני מרקים/סלטים ושתי פסטות. הארוחה מגיעה עם סט רטבי הבית.","price":154,"vegan":true,"vegetarian":true,"image":"https://d25t2285lxl5rf.cloudfront.net/images/dishes/8fd03dee-654d-441d-826d-c68e25f0ed0e.jpg","notFood":false,"drinks":false},{"name":"ארוחת משפחה מורחבת","description":"לבחירה שלוש מנות עיקריות, שלוש תוספות, שלושה מרקים/סלטים ושלוש פסטות. הארוחה מגיעה עם סט רטבי הבית.\t","price":194,"vegan":true,"vegetarian":true,"image":"https://d25t2285lxl5rf.cloudfront.net/images/dishes/b6befd23-a704-4347-959c-6a7319f16c08.jpg","notFood":false,"drinks":false}]}