{"track_id":"12077","filters":["asianFusion","japaneseSushi","veganFood"],"image":"https://tenbis-static.azureedge.net/restaurant-card-image/ResCard_12077_20220110153540.jpg","address":"דרך מנחם בגין, 132 תל אביב-יפו","location":[34.7921693,32.0743897],"name":"אושי אושי עזריאלי ","city":"תל אביב-יפו","priceAverage":56.83050847457627,"menu":[{"name":"מטבח המשלוחים נפתח בשעה 11:00!","vegan":true,"vegetarian":true,"image":"https://d25t2285lxl5rf.cloudfront.net/images/dishes/1d85bc0f-e290-44ff-a0c7-8d9369c94933.jpg","notFood":false,"drinks":false},{"name":"אין אפשרות לבצע שינויים במנות","vegan":true,"vegetarian":true,"image":"https://d25t2285lxl5rf.cloudfront.net/images/dishes/e24f84cb-3588-43cd-973c-53cdaf22e087.jpg","notFood":false,"drinks":false},{"name":"מוצרי הטוביקו הם צמחיים","vegan":true,"vegetarian":true,"notFood":false,"drinks":false},{"name":"קימצ'י","description":"חמוצים אסיאתיים ושומשום קלוי מעל","price":22,"vegan":true,"vegetarian":true,"image":"https://d25t2285lxl5rf.cloudfront.net/images/dishes/bbe62e3d-f62e-4b9e-9a1d-b92d13be8a7d.png","notFood":false,"drinks":false},{"name":"אדממה","description":"עם מלח גס ","price":23,"vegan":true,"vegetarian":true,"image":"https://d25t2285lxl5rf.cloudfront.net/images/dishes/667f3817-140a-4dd1-9594-3db702afa1a4.png","notFood":false,"drinks":false},{"name":"אגרול צמחוני","description":"שתי יחידות","price":27,"vegan":true,"vegetarian":true,"image":"https://d25t2285lxl5rf.cloudfront.net/images/dishes/8192a971-26ce-4860-b1e8-0207b5ef6b00.png","notFood":false,"drinks":false},{"name":"אורז לבן","description":"עם שומשום קלוי מעל","price":21,"vegan":true,"vegetarian":true,"image":"https://d25t2285lxl5rf.cloudfront.net/images/dishes/bcbae8b2-ab9d-4278-a7ed-d3902882cd9c.jpg","notFood":false,"drinks":false},{"name":"פטריות בטמפורה","description":"פטריות טריות במעטפת טמפורה ופנקו מוגש ברוטב ויניגרייט אסייתי ושומשום קלוי מעל","price":35,"vegan":true,"vegetarian":true,"image":"https://d25t2285lxl5rf.cloudfront.net/images/dishes/db2d70ad-6e87-49fc-927c-bec563781960.jpg","notFood":false,"drinks":false},{"name":"סלט סנצ'אי","description":"חסות, גזר, כרוב לבן, כרוב אדום, בוטנים וקריספי בטטה בויניגרט כוסברה וחומץ מירין","price":44,"vegan":true,"vegetarian":true,"image":"https://d25t2285lxl5rf.cloudfront.net/images/dishes/8a5bd22d-e166-4464-8fea-edf06502054f.png","notFood":false,"drinks":false},{"name":"סלט קניקמה","description":"סורימי דג, גזר, שערות מלפפון, בייבי וקריספי בטטה","price":35,"vegan":false,"vegetarian":false,"image":"https://d25t2285lxl5rf.cloudfront.net/images/dishes/39ac3540-2e7f-4d6d-a05f-29d3468c49a3.png","notFood":false,"drinks":false},{"name":"היאשי אושי","description":"סלט אצות עם אטריות זכוכית, שערות גזר, שערות מלפפון ושומשום קלוי מעל","price":41,"vegan":true,"vegetarian":true,"image":"https://d25t2285lxl5rf.cloudfront.net/images/dishes/bf905e29-c07e-43ae-9d59-fa5c8aeac2b0.png","notFood":false,"drinks":false},{"name":"סלט טופו","description":"טופו בטריאקי, מלפפון, אבוקדו, בייבי מיקס ושומשום קלוי מעל","price":36,"vegan":true,"vegetarian":true,"image":"https://d25t2285lxl5rf.cloudfront.net/images/dishes/c6fe0818-2a30-4923-9d91-d67501626cf1.png","notFood":false,"drinks":false},{"name":"פיש אנד צ'יפס","description":"אצבעות סלמון בפנקו לצד פוטטוס עם ספייסי מיונז וצ’ילי מתוק","price":49,"vegan":false,"vegetarian":false,"image":"https://d25t2285lxl5rf.cloudfront.net/images/dishes/a704e2de-5130-46da-b18b-1ae7347fa448.jpg","notFood":false,"drinks":false},{"name":"כדורי ניגירי ספיישל","description":"4 כדורי אורז בציפוי סלמון (2 יחידות), טונה (יח') ודניס (יח') על מצע רוטב טחינה יפנית ושומשום קלוי מעל","price":37,"vegan":false,"vegetarian":false,"image":"https://d25t2285lxl5rf.cloudfront.net/images/dishes/f228299d-a254-41f3-99d8-5f53b4bfc976.jpg","notFood":false,"drinks":false},{"name":"מיסו נודל סופ","description":"אטריות זכוכית, טמגו, תירס,  צ'ילי ובצל ירוק","price":26,"vegan":true,"vegetarian":true,"image":"https://d25t2285lxl5rf.cloudfront.net/images/dishes/313f9b70-b17b-40ea-8542-be64db53ab4a.png","notFood":false,"drinks":false},{"name":"סלט קבורה","price":35,"vegan":true,"vegetarian":true,"notFood":false,"drinks":false},{"name":"אגרול עוף","price":32,"vegan":false,"vegetarian":false,"notFood":false,"drinks":false},{"name":"ניגירי טמאגו","description":"2 יחידות","price":21,"vegan":false,"vegetarian":true,"image":"https://d25t2285lxl5rf.cloudfront.net/images/dishes/4c8611dc-84e2-48fc-b5fa-9d893a826d99.png","notFood":false,"drinks":false},{"name":"ניגירי סלמון","description":"2 יחידות","price":27,"vegan":false,"vegetarian":false,"image":"https://d25t2285lxl5rf.cloudfront.net/images/dishes/42007c19-a62d-4f08-99ae-ba0183cc8196.png","notFood":false,"drinks":false},{"name":"ניגירי אבוקדו","description":"2 יחידות","price":25,"vegan":true,"vegetarian":true,"image":"https://d25t2285lxl5rf.cloudfront.net/images/dishes/f4be241c-526e-4223-90e6-a5508f33e24b.png","notFood":false,"drinks":false},{"name":"ניגירי טונה","description":"2 יחידות","price":28,"vegan":false,"vegetarian":false,"image":"https://d25t2285lxl5rf.cloudfront.net/images/dishes/efa48b49-a373-4c78-83d9-5713cb35f4a0.jpg","notFood":false,"drinks":false},{"name":"ניגירי דניס","description":"2 יחידות","price":28,"vegan":false,"vegetarian":false,"image":"https://d25t2285lxl5rf.cloudfront.net/images/dishes/42aa5feb-e802-49da-934f-cd5bb66a0d14.png","notFood":false,"drinks":false},{"name":"סשימי סלמון - 3 יחידות","price":35,"vegan":false,"vegetarian":false,"image":"https://d25t2285lxl5rf.cloudfront.net/images/dishes/5731809b-7673-4082-9e3f-fc67f3c65807.png","notFood":false,"drinks":false},{"name":"סשימי סלמון - 5 יחידות","price":41,"vegan":false,"vegetarian":false,"image":"https://d25t2285lxl5rf.cloudfront.net/images/dishes/3f7da30c-6a53-4788-80a0-6d468459bead.png","notFood":false,"drinks":false},{"name":"סשימי דניס - 3 יחידות","price":38,"vegan":false,"vegetarian":false,"image":"https://d25t2285lxl5rf.cloudfront.net/images/dishes/670d8cb9-c08c-451a-91f3-3c603213f1de.png","notFood":false,"drinks":false},{"name":"סשימי דניס - 5 יחידות","price":48,"vegan":false,"vegetarian":false,"image":"https://d25t2285lxl5rf.cloudfront.net/images/dishes/c18fd65e-9e5d-4fe7-bb2a-82220cf1e863.png","notFood":false,"drinks":false},{"name":"סשימי טונה - 3 יחידות","price":38,"vegan":false,"vegetarian":false,"image":"https://d25t2285lxl5rf.cloudfront.net/images/dishes/7a6c8ca3-6f7c-4587-989b-6ff8d5abd34a.jpg","notFood":false,"drinks":false},{"name":"סשימי טונה - 5 יחידות","price":48,"vegan":false,"vegetarian":false,"image":"https://d25t2285lxl5rf.cloudfront.net/images/dishes/48e8c2fc-36b1-482b-a3bb-c450ab0b0cf6.jpg","notFood":false,"drinks":false},{"name":"מאקי סלמון","price":29,"vegan":false,"vegetarian":false,"image":"https://d25t2285lxl5rf.cloudfront.net/images/dishes/e0843e54-c222-4d72-9be1-8647e28f0686.png","notFood":false,"drinks":false},{"name":"מאקי סלמון מעושן","price":29,"vegan":false,"vegetarian":false,"image":"https://d25t2285lxl5rf.cloudfront.net/images/dishes/2a0c7a58-dbef-49f9-a7ed-100709093f7d.png","notFood":false,"drinks":false},{"name":"מאקי סלמון גריל","price":29,"vegan":false,"vegetarian":false,"image":"https://d25t2285lxl5rf.cloudfront.net/images/dishes/bceecb4f-b3b1-4e7d-937a-857042c0529a.png","notFood":false,"drinks":false},{"name":"מאקי טונה","price":29,"vegan":false,"vegetarian":false,"image":"https://d25t2285lxl5rf.cloudfront.net/images/dishes/065a260f-3642-40d6-b9cf-c8c624234cdc.png","notFood":false,"drinks":false},{"name":"מאקי דניס","price":29,"vegan":false,"vegetarian":false,"image":"https://d25t2285lxl5rf.cloudfront.net/images/dishes/0bfcbb46-31d7-4283-90c2-849fde8ac62b.png","notFood":false,"drinks":false},{"name":"מאקי סורימי דג","price":29,"vegan":false,"vegetarian":false,"image":"https://d25t2285lxl5rf.cloudfront.net/images/dishes/dcec1c6c-4555-42a8-a9d3-f5d12cd71141.png","notFood":false,"drinks":false},{"name":"מאקי איקורה","price":29,"vegan":true,"vegetarian":true,"image":"https://d25t2285lxl5rf.cloudfront.net/images/dishes/4a9ddbec-264b-4b28-adc4-9f686c6d71bd.png","notFood":false,"drinks":false},{"name":"מאקי אבוקדו","price":24,"vegan":true,"vegetarian":true,"image":"https://d25t2285lxl5rf.cloudfront.net/images/dishes/19ba03d2-b5af-4501-8cca-10f70c2a55b8.png","notFood":false,"drinks":false},{"name":"מאקי מלפפון","price":24,"vegan":true,"vegetarian":true,"image":"https://d25t2285lxl5rf.cloudfront.net/images/dishes/bda87316-4d7e-473e-9834-8da8cd16edec.png","notFood":false,"drinks":false},{"name":"מאקי שיטאקי","price":24,"vegan":true,"vegetarian":true,"image":"https://d25t2285lxl5rf.cloudfront.net/images/dishes/e90f2e68-7f40-4501-bafd-56a9c77c2b58.png","notFood":false,"drinks":false},{"name":"מאקי גזר","price":24,"vegan":true,"vegetarian":true,"image":"https://d25t2285lxl5rf.cloudfront.net/images/dishes/c7414dbf-261f-4c1f-a175-00624fa6e6a2.png","notFood":false,"drinks":false},{"name":"מאקי אספרגוס","price":24,"vegan":true,"vegetarian":true,"image":"https://d25t2285lxl5rf.cloudfront.net/images/dishes/b29bb3b5-d886-415b-85bf-dd5032a6f5f0.png","notFood":false,"drinks":false},{"name":"מאקי בטטה","price":24,"vegan":true,"vegetarian":true,"image":"https://d25t2285lxl5rf.cloudfront.net/images/dishes/b1e925fe-bc2c-4e54-9a51-13b9f92d0fa6.png","notFood":false,"drinks":false},{"name":"מאקי קנפיו","price":24,"vegan":true,"vegetarian":true,"image":"https://d25t2285lxl5rf.cloudfront.net/images/dishes/58e15b37-3de3-4b85-a68f-b698ac3e968a.png","notFood":false,"drinks":false},{"name":"מאקי טמגו","price":24,"vegan":true,"vegetarian":true,"image":"https://d25t2285lxl5rf.cloudfront.net/images/dishes/0ee64cbf-d635-4bfa-8b54-0086e288ad3b.png","notFood":false,"drinks":false},{"name":"יאקוזה","description":"רול רחב 4 יחידות עם דניס, טוביקו צמחי כתום, אבוקדו, מלפפון ובצל ירוק","price":37,"vegan":false,"vegetarian":false,"image":"https://d25t2285lxl5rf.cloudfront.net/images/dishes/c902f02d-d4b0-4e8c-9e9c-a6173e2e6c44.png","notFood":false,"drinks":false},{"name":"בונזאי","description":"רול רחב 4 יחידות עם טמאגו, קנפיו, אבוקדו, גזר ומלפפון","price":29,"vegan":false,"vegetarian":true,"image":"https://d25t2285lxl5rf.cloudfront.net/images/dishes/298d850c-7b77-43fb-92ca-ff82caca335c.png","notFood":false,"drinks":false},{"name":"סאקורה","description":"רול רחב 4 יחידות עם סלמון מעושן, טמאגו, אבוקדו, מלפפון וגבינת שמנת","price":42,"vegan":false,"vegetarian":false,"image":"https://d25t2285lxl5rf.cloudfront.net/images/dishes/d0e8d23d-d1e7-4f7e-b33b-3c6190610dba.png","notFood":false,"drinks":false},{"name":"הרכבה צמחונית","description":"4 ירקות לבחירה","price":36,"vegan":true,"vegetarian":true,"notFood":false,"drinks":false},{"name":"הרכבה דג","description":"דג לבחירה ו-3 ירקות לבחירה\n**טונה בתוספת 3 ש\"ח","price":39,"vegan":false,"vegetarian":false,"notFood":false,"drinks":false},{"name":"מאמא סאן","description":"8 יחידות עם ספייסי טונה אדומה, אבוקדו ומלפפון עם שומשום קלוי מעל","price":35,"vegan":false,"vegetarian":false,"image":"https://d25t2285lxl5rf.cloudfront.net/images/dishes/63951a35-e0d8-4249-b628-a54c9d2d7f40.png","notFood":false,"drinks":false},{"name":"פאפא סאן","description":"8 יחידות עם ספייסי סלמון, אבוקדו ומלפפון עם שומשום קלוי מעל","price":35,"vegan":false,"vegetarian":false,"image":"https://d25t2285lxl5rf.cloudfront.net/images/dishes/7bad8dd9-cd9c-4ea4-abfe-4eca062def75.png","notFood":false,"drinks":false},{"name":"יסאהי רול","description":"8 יחידות עם אספרגוס, אבוקדו, מלפפון וגזר עם שומשום קלוי מעל","price":32,"vegan":true,"vegetarian":true,"image":"https://d25t2285lxl5rf.cloudfront.net/images/dishes/bcb3f8b7-e1a8-4ea6-8f2f-af7faca356d2.png","notFood":false,"drinks":false},{"name":"ספייסי דניס","description":"8 יחידות עם דניס בתיבול ספייסי, אבוקדו ומלפפון עם שומשום קלוי מעל","price":39,"vegan":false,"vegetarian":false,"image":"https://d25t2285lxl5rf.cloudfront.net/images/dishes/5626e247-bec4-4f37-8931-696449492a19.png","notFood":false,"drinks":false},{"name":"רוק אנד רול","description":"8 יחידות עם קריספי סלמון סקין ומלפפון, גבינת קרם טופו שמנת, עם ציפוי קריספי בטטה","price":39,"vegan":false,"vegetarian":false,"image":"https://d25t2285lxl5rf.cloudfront.net/images/dishes/119b5af4-63c8-4d6a-a76a-7d3422b3003b.png","notFood":false,"drinks":false},{"name":"סלמון טמפורה - אין טמפורה","description":"8 יחידות עם סלמון נא, אבוקדו, בציפוי שבבי טמפורה- אין טמפורה ","price":38,"vegan":false,"vegetarian":false,"image":"https://d25t2285lxl5rf.cloudfront.net/images/dishes/08d14aec-5431-4884-9361-17e2b6fdcf39.png","notFood":false,"drinks":false},{"name":"טמגוצ'י","description":"8 יחידות עם טמאגו, גבינת קרם טופו שמנת, אבוקדו ומלפפון","price":37,"vegan":false,"vegetarian":true,"image":"https://d25t2285lxl5rf.cloudfront.net/images/dishes/99b8c65a-cd7b-44b6-a9d8-64de567f151c.png","notFood":false,"drinks":false},{"name":"צונאמי","description":"טונה גריל במיונז, בצל ירוק ואבוקדו במעטפת שומשום קלוי","price":38,"vegan":false,"vegetarian":false,"image":"https://d25t2285lxl5rf.cloudfront.net/images/dishes/df946b58-4667-4072-b024-dbc024d6e342.png","notFood":false,"drinks":false},{"name":"דיינמייט","description":"8 יחידות עם סלמון אפוי בטריאקי ומלפפון, בציפוי אבוקדו","price":39,"vegan":false,"vegetarian":false,"image":"https://d25t2285lxl5rf.cloudfront.net/images/dishes/5d442958-c2a9-42a6-b454-ddaabd751fcc.png","notFood":false,"drinks":false},{"name":"פנקירול","description":"8 יחידות עם טמאגו, קנפיו, אבוקדו ומלפפון במעטפת בטטה","price":39,"vegan":false,"vegetarian":true,"image":"https://d25t2285lxl5rf.cloudfront.net/images/dishes/95d95ff6-8725-460c-aa32-f88e23d977df.png","notFood":false,"drinks":false},{"name":"אלסקה","description":"סלמון נא, גבינת קרם טופו שמנת,, אבוקדו, טמפורה בציפוי סורימי דג וקרם וואסבי","price":46,"vegan":false,"vegetarian":false,"image":"https://d25t2285lxl5rf.cloudfront.net/images/dishes/4d57a825-5bb3-45d1-91e1-6309dfbc0088.png","notFood":false,"drinks":false},{"name":"שוגון","description":"8 יחידות עם טונה, דניס, סלמון ואבוקדו במעטפת עירית","price":49,"vegan":false,"vegetarian":false,"image":"https://d25t2285lxl5rf.cloudfront.net/images/dishes/f0cc9fb7-9059-45c6-af9f-f6f1059d56cb.png","notFood":false,"drinks":false},{"name":"קליפורניה","description":"סורימי דג, סלמון נא, אבוקדו, בצל ירוק וקרם וואסבי עם ציפוי טוביקו כתום צמחי","price":47,"vegan":false,"vegetarian":false,"image":"https://d25t2285lxl5rf.cloudfront.net/images/dishes/3c498d2b-a4f8-485f-9c18-8306726e4982.jpg","notFood":false,"drinks":false},{"name":"קוקו טונה","description":"אבוקדו, אספרגוס ושיטאקי במעטפת טונה עם ציפס קוקוס ורוטב כוסברה","price":52,"vegan":false,"vegetarian":false,"image":"https://d25t2285lxl5rf.cloudfront.net/images/dishes/c9de4082-7678-4ccb-a2b5-7911410cc787.jpg","notFood":false,"drinks":false},{"name":"פילדלפיה","description":"8 יחידות עם גבינת קרם טופו שמנת, אבוקדו, מלפפון ובצל ירוק, בציפוי סלמון מעושן ועירית","price":39,"vegan":false,"vegetarian":false,"image":"https://d25t2285lxl5rf.cloudfront.net/images/dishes/8b8d50b4-8aa0-4d7c-aba5-7b95becd119d.png","notFood":false,"drinks":false},{"name":"סלמון איקורה","description":"8 יחידות עם סלמון נא, אבוקדו ומלפפון, בציפוי אבוקדו ואיקורה מעל","price":47,"vegan":false,"vegetarian":false,"image":"https://d25t2285lxl5rf.cloudfront.net/images/dishes/9708120d-c6bd-4d07-81cb-224e1ccfbe85.png","notFood":false,"drinks":false},{"name":"ראסטי","description":"8 יחידות עם סלמון אפוי בטריאקי, טמגו, קנפיו, אבוקדו ומלפפון, במעטפת בטטה קריספי","price":42,"vegan":false,"vegetarian":false,"image":"https://d25t2285lxl5rf.cloudfront.net/images/dishes/43b1a7a6-9d6c-4b53-93e5-7741215c0190.png","notFood":false,"drinks":false},{"name":"צ'רליז אנג'לס","description":"8 יחידות עם ספייסי טונה אדומה, מלפפון ואבוקדו, בציפוי סלמון, טונה ודניס","price":51,"vegan":false,"vegetarian":false,"image":"https://d25t2285lxl5rf.cloudfront.net/images/dishes/8839820a-895a-42f4-b80d-174a2e2bff96.png","notFood":false,"drinks":false},{"name":"שאגי רול","description":"סלמון, מלפפון, בצל ירוק ונענע בציפוי טונה, אבוקדו צ’ילי אדום ורוטב אסייתי","price":51,"vegan":false,"vegetarian":false,"image":"https://d25t2285lxl5rf.cloudfront.net/images/dishes/d88850ad-0afc-4eab-8972-9bb6d4ed10e3.png","notFood":false,"drinks":false},{"name":"סאנסט","description":"8 יחידות עם ספייסי סלמון, אבוקדו ובטטה, בציפוי סלמון צרוב, שבבי בטטה, טמפורה, עירית ושומשום, עם טריאקי מעל","price":53,"vegan":false,"vegetarian":false,"image":"https://d25t2285lxl5rf.cloudfront.net/images/dishes/ee935690-ef1d-4cf1-8b8d-149e62d6b6ba.png","notFood":false,"drinks":false},{"name":"שאוקן","description":"טונה אדומה, סלמון, טמגו, ואבוקדו במעטפת טונה אדומה צרובה, טוביקו כתום צמחי וקרם וואסבי","price":55,"vegan":false,"vegetarian":false,"image":"https://d25t2285lxl5rf.cloudfront.net/images/dishes/306ee27f-112c-4dbc-a31c-4a87fb12565a.png","notFood":false,"drinks":false},{"name":"ריו רול","description":"סלמון אפוי, טמגו, קנפיו ומלפפון בציפוי עירית, עם תערובת צ'ילי, אבוקדו, לימון ובצל ירוק","price":49,"vegan":false,"vegetarian":false,"image":"https://d25t2285lxl5rf.cloudfront.net/images/dishes/db223e8c-d3d8-4f3a-b461-c5d8af5b4622.png","notFood":false,"drinks":false},{"name":"קנדי רול","description":"אבוקדו, בטטה, קנפיו ופאקן מסוכר במעטפת טמגו וטריאקי","price":39,"vegan":true,"vegetarian":true,"image":"https://d25t2285lxl5rf.cloudfront.net/images/dishes/839fea86-787f-4a61-ad80-267d408ecd47.png","notFood":false,"drinks":false},{"name":"ריינבואו","description":"סורימי דג, מלפפון ואבוקדו, עטוף בסלמון, דניס, טונה, בטטה ואבוקדו","price":51,"vegan":false,"vegetarian":false,"image":"https://d25t2285lxl5rf.cloudfront.net/images/dishes/c1c1855c-f9a7-478b-bb6d-59c2fb980dce.png","notFood":false,"drinks":false},{"name":"צ'אקי","description":"8 יחידות עם ספייסי דניס, אבוקדו ומלפפון, עטוף בדניס צרוב עם טוביקו כתום צמחי וצ'ילי טרי מעל","price":54,"vegan":false,"vegetarian":false,"image":"https://d25t2285lxl5rf.cloudfront.net/images/dishes/665102bb-9cdc-4b31-9770-bc23fdc4580d.png","notFood":false,"drinks":false},{"name":"וולקנו רול","description":"אבוקדו ומלפפון בציפוי עירית עם תערובת סלמון, גמבה אדומה, צ'ילי, לימון, בצל ירוק ושומשום","price":52,"vegan":false,"vegetarian":false,"image":"https://d25t2285lxl5rf.cloudfront.net/images/dishes/2d6ae17d-2694-4682-9871-a6c01d020162.png","notFood":false,"drinks":false},{"name":"וג'י סנסט","description":"בטטה, טמגו, מלפפון וקנפיו בציפוי אבוקדו עם שבבי בטטה, טמפורה, עירית, שומשום עם ספייסי מיונז וטריאקי","price":47,"vegan":false,"vegetarian":true,"image":"https://d25t2285lxl5rf.cloudfront.net/images/dishes/f4015f4f-e2ca-44dc-9af4-a9653a9b4c9e.png","notFood":false,"drinks":false},{"name":"רד דרגון","description":"8 יחידות עם טמגו, אבוקדו, מלפפון ובצל ירוק, בציפוי סלמון צרוב, עירית, שומשום וצ'ילי חריף","price":51,"vegan":false,"vegetarian":false,"image":"https://d25t2285lxl5rf.cloudfront.net/images/dishes/4345600d-c64f-4a52-976b-64fd1948616a.jpg","notFood":false,"drinks":false},{"name":"אושי קאנאפי","description":"8 יחידות עם אספרגוס, אבוקדו ומלפפון בציפוי שומשום קלוי עם תערובת ספייסי סלמון ואיקורה מעל","price":52,"vegan":false,"vegetarian":false,"image":"https://d25t2285lxl5rf.cloudfront.net/images/dishes/727b8edc-f38e-41c7-a757-9f2b29f0cc0b.png","notFood":false,"drinks":false},{"name":"ספייסי טונה ואבוקדו","description":"4 יחידות","price":41,"vegan":false,"vegetarian":false,"image":"https://d25t2285lxl5rf.cloudfront.net/images/dishes/2d412bb0-e3d4-44bc-b963-25e7f48d9e2b.png","notFood":false,"drinks":false},{"name":"ספייסי סלמון ואבוקדו","description":"4 יחידות","price":40,"vegan":false,"vegetarian":false,"image":"https://d25t2285lxl5rf.cloudfront.net/images/dishes/2adf0db7-1c78-4cf3-8238-c2c91814a532.png","notFood":false,"drinks":false},{"name":"סנדוויץ' אבוקדו","description":"4 יחידות","price":36,"vegan":true,"vegetarian":true,"image":"https://d25t2285lxl5rf.cloudfront.net/images/dishes/92a7fcef-393c-41c5-aa41-ef918c478f57.jpg","notFood":false,"drinks":false},{"name":"טמאגו ואבוקדו","description":"4 יחידות","price":37,"vegan":false,"vegetarian":true,"image":"https://d25t2285lxl5rf.cloudfront.net/images/dishes/e3faca73-ceba-4caa-ba0e-3d1d2580294a.png","notFood":false,"drinks":false},{"name":"טונה גריל ואבוקדו","description":"4 יחידות","price":39,"vegan":false,"vegetarian":false,"image":"https://d25t2285lxl5rf.cloudfront.net/images/dishes/5ebaedba-8335-4185-8534-5f7f3e522764.png","notFood":false,"drinks":false},{"name":"סלמון גריל ואבוקדו","description":"4 יחידות","price":39,"vegan":false,"vegetarian":false,"image":"https://d25t2285lxl5rf.cloudfront.net/images/dishes/d95377c2-309d-4df2-b940-96d6de04fe38.png","notFood":false,"drinks":false},{"name":"סאקה טמאקי","description":"סלמון, אבוקדו ומלפפון","price":27,"vegan":false,"vegetarian":false,"image":"https://d25t2285lxl5rf.cloudfront.net/images/dishes/f09821fb-9b1d-436e-8bc3-d934e67fb17b.png","notFood":false,"drinks":false},{"name":"טאקה טמאקי","description":"טונה, אבוקדו ומלפפון","price":28,"vegan":false,"vegetarian":false,"image":"https://d25t2285lxl5rf.cloudfront.net/images/dishes/fd33b1e0-d546-4c60-9d11-b2b4dc313d33.png","notFood":false,"drinks":false},{"name":"יסאהי טמאקי","description":"אספרגוס, אבוקדו, גזר ומלפפון","price":26,"vegan":true,"vegetarian":true,"image":"https://d25t2285lxl5rf.cloudfront.net/images/dishes/fe529432-631b-4fd7-b41e-9e6c11fc73ef.png","notFood":false,"drinks":false},{"name":"שוגון טמאקי","description":"טונה, דניס, סלמון עם אבוקדו, מלפפון ובצל ירוק","price":33,"vegan":false,"vegetarian":false,"image":"https://d25t2285lxl5rf.cloudfront.net/images/dishes/0e48e4a6-5b45-486d-bdb4-f90feb6c829d.png","notFood":false,"drinks":false},{"name":"סקאמורי טמאקי","description":"סלמון, סלמון סקין, מלפפון, אבוקדו ובצל ירוק","price":30,"vegan":false,"vegetarian":false,"image":"https://d25t2285lxl5rf.cloudfront.net/images/dishes/90aa427b-5608-4d29-9148-420ff0a1f079.png","notFood":false,"drinks":false},{"name":"רולס רויס","description":"פוטומאקי מטוגן במילוי סלמון, טונה,\nדניס, גזר, אבוקדו, בצל ירוק וטמגו בציפוי טמפורה","price":42,"vegan":false,"vegetarian":false,"image":"https://d25t2285lxl5rf.cloudfront.net/images/dishes/88b675f5-907b-4665-a3d5-05a5e20edd06.png","notFood":false,"drinks":false},{"name":"ליו רול","description":"רול מטוגן עם סלמון אפוי, קנפיו,\nבטטה ואבוקדו בציפוי טמפורה ופנקו","price":42,"vegan":false,"vegetarian":false,"image":"https://d25t2285lxl5rf.cloudfront.net/images/dishes/b497097f-ad0e-4789-b206-ba9fdbce6e82.png","notFood":false,"drinks":false},{"name":"דזרט רול","description":"אינסיידאאוט עם טופו, בטטה,\nקנפיו, אבוקדו ואספרגוס בציפוי טמפורה ופנקו","price":39,"vegan":true,"vegetarian":true,"image":"https://d25t2285lxl5rf.cloudfront.net/images/dishes/440d5b92-6d75-4beb-9290-3a0fa86ac5d3.png","notFood":false,"drinks":false},{"name":"פקאנקו רול","description":"רול מטוגן במילוי גבינת קרם טופו שמנת, פקאן מסוכר, בטטה וטמגו","price":39,"vegan":false,"vegetarian":true,"image":"https://d25t2285lxl5rf.cloudfront.net/images/dishes/ef42486d-436c-43a6-8525-602f6b8e14b4.png","notFood":false,"drinks":false},{"name":"הוט סלמון","description":"רול מטוגן במילוי סלמון נא, בטטה, אבוקדו ובצל ירוק בציפוי טמפורה ופנקו","price":42,"vegan":false,"vegetarian":false,"image":"https://d25t2285lxl5rf.cloudfront.net/images/dishes/100d2b9e-abab-4579-9178-beabc48005eb.png","notFood":false,"drinks":false},{"name":"וינסנט ספיישל","description":" רול מטוגן במילוי אבוקדו, סלמון,\nבצל ירוק, שומשום קלוי גבינת קרם טופו שמנת,בציפוי טמפורה ופנקו","price":42,"vegan":false,"vegetarian":false,"image":"https://d25t2285lxl5rf.cloudfront.net/images/dishes/71afa4c5-3c30-4a04-b82d-a2e96c577075.png","notFood":false,"drinks":false},{"name":"טייגר סנדוויץ’","description":"סושי סנדוויץ’ במילוי ספייסי טונה,\nאבוקדו, בצל ירוק וקנפיו עם ציפוי טמפורה ופנקו","price":42,"vegan":false,"vegetarian":false,"image":"https://d25t2285lxl5rf.cloudfront.net/images/dishes/2a33feb5-194c-4186-9f01-7add6aff0919.png","notFood":false,"drinks":false},{"name":"אוקינאווה","description":"8 יחידות יסאהי רול, 8 יחידות דיינמייט, 4 יחידות סנדוויץ' ספייסי סלמון, 8 יחידות בטטה מאקי","price":105,"vegan":false,"vegetarian":false,"image":"https://d25t2285lxl5rf.cloudfront.net/images/dishes/b3993c56-081d-49ed-8fcf-c185b6d68b7b.png","notFood":false,"drinks":false},{"name":"הפי פמילי","description":"8 יחידות מאמא סאן, 8 יחידות פאפא סאן, יחידה אחת ניגירי סלמון, יחידה אחת ניגירי טונה","price":85,"vegan":false,"vegetarian":false,"image":"https://d25t2285lxl5rf.cloudfront.net/images/dishes/8862bb6d-8599-45f0-8317-76d3ef5a6dcf.png","notFood":false,"drinks":false},{"name":"קריספי","description":"8 יח' צונאמי, 8 יח' טמגוצ'י, 8 יח' הוט סלמון, 4 יח' סנדוויץ סלמון גריל","price":125,"vegan":false,"vegetarian":false,"image":"https://d25t2285lxl5rf.cloudfront.net/images/dishes/a7a8cf46-6436-43fe-acab-8398555b3fd9.png","notFood":false,"drinks":false},{"name":"יפן","description":"8 יח' רוק אנד רול, 2 יח' ניגירי טונה, 2 ניגירי סלמון, 3 יח' סשימי טונה, 3 יח' סשימי דניס","price":127,"vegan":false,"vegetarian":false,"image":"https://d25t2285lxl5rf.cloudfront.net/images/dishes/24e42277-39cd-4019-a39e-7bb418f7a13c.png","notFood":false,"drinks":false},{"name":"קומבינציית ספיישל","description":"8 יח’ פנקירול\n8 יח’ רד דרגון\n8 יח’ סלמון טמפורה\n8 יח’ צונאמי\n4 יח’ סנדוויץ סלמון גריל","price":187,"vegan":false,"vegetarian":false,"image":"https://d25t2285lxl5rf.cloudfront.net/images/dishes/53948029-b972-458a-b593-7695967e41d1.png","notFood":false,"drinks":false},{"name":"קומבינציית סלמון","description":"8 יח' ראסטי רול\n8 יח' פאפא סאן\n8 יח' סלמון טמפורה\n8 יח' רד דרגון\n4 יח' סנדוויץ סלמון ואבוקדו","price":185,"vegan":false,"vegetarian":false,"image":"https://d25t2285lxl5rf.cloudfront.net/images/dishes/9375a54f-c029-4564-ac62-3a5bb0697f38.jpg","notFood":false,"drinks":false},{"name":"וג'י קומבו","description":"4 יח’ סנדוויץ טמגו ואבוקדו\n4 יח’ מאקי מלפפון\n4 יח’ מאקי גזר\n8 יח’ פנקירול","price":79,"vegan":true,"vegetarian":true,"image":"https://d25t2285lxl5rf.cloudfront.net/images/dishes/34b82e43-f337-4198-aa7c-3cc2af87ec6d.jpg","notFood":false,"drinks":false},{"name":"צמחונית","description":"4 יח' מאקי בטטה\n4 יח' מאקי טמגו\n8 יח' טמגוצ'י","price":49,"vegan":true,"vegetarian":true,"image":"https://d25t2285lxl5rf.cloudfront.net/images/dishes/f0b1da5d-3e63-4a19-af19-be722272473f.png","notFood":false,"drinks":false},{"name":"קומבו גרנדה","description":"8 יחידות צונמי 8 יחידות יסאהי 8 יחידות סלמון טמפורה 8 יחידות מאמא סאן בציפוי עירית 8 יחידות פאפא סאן בציפוי בטטה 8 יחידות דינמייט 8 יחידות צרליז איינגלס 8 יחידות פנקירול בציפוי אבוקדו 8 יחידות מאקי טונה 8 יחידות מאקי אבוקדו 8 יחידות מאקי סלמון 8 יחידות פנקירול 4 יחידות סנדוויץ ספייסי סלמון 2 יחידות ניגירי סלמון 2 יחידות ניגירי טונה 2 יחידות ניגירי אבוקדו","price":399,"vegan":false,"vegetarian":false,"image":"https://d25t2285lxl5rf.cloudfront.net/images/dishes/92918b90-8d0c-4d37-ab0c-92f47ffe72d8.jpg","notFood":false,"drinks":false},{"name":"קומבו פרנדלי","description":"8 יחידות צונמי\n8 יחידות יסאהי\n8 יחידות פנקירול\n16 יחידות דיינמייט\n8 יחידות סלמון טמפורה\n8 יחידות מאמא סאן בציפוי עירית\n8 יחידות פאפא סאן בציפוי קריספי בטטה\n8 יחידות מאמא סאן בציפוי בטטה\n8 יחידות סלמון טמפורה בציפוי קריספי בטטה\n8 יחידות מאקי סלמון\n8 יחידות מאקי אבוקדו\n","price":325,"vegan":false,"vegetarian":false,"image":"https://d25t2285lxl5rf.cloudfront.net/images/dishes/74b97e36-30d0-43b2-9670-8f1178b68029.jpg","notFood":false,"drinks":false},{"name":"combo vip","description":"16 יח' רד דרגון\n8 יח' פנקירול\n16 יח' ראסטי רול\n8 יח' שוגון\n8 יח' פילדלפיה\n8 יח' וג'י סנסט\n8 יח' רוק אנד רול\n8 יח' דיינמייט\n8 יח' צונאמי\n16 יח' סלמון טמפורה\n8 יח' קנדי רול\n8 יח' ריינבואו","price":499,"vegan":false,"vegetarian":false,"image":"https://d25t2285lxl5rf.cloudfront.net/images/dishes/f0a1b056-2e40-48ec-b2a6-5fb8b2acdc1d.png","notFood":false,"drinks":false},{"name":"נסטי","price":11,"vegan":true,"vegetarian":true,"notFood":false,"drinks":true},{"name":"קוקה קולה","price":11,"vegan":true,"vegetarian":true,"notFood":false,"drinks":true},{"name":"דיאט קוקה קולה","price":11,"vegan":true,"vegetarian":true,"notFood":false,"drinks":true},{"name":"קוקה קולה זירו\n","price":11,"vegan":true,"vegetarian":true,"notFood":false,"drinks":true},{"name":"ספרייט","price":11,"vegan":true,"vegetarian":true,"notFood":false,"drinks":true},{"name":"דיאט ספרייט","price":11,"vegan":true,"vegetarian":true,"notFood":false,"drinks":true},{"name":"סודה","price":10,"vegan":true,"vegetarian":true,"notFood":false,"drinks":true},{"name":"אשכוליות","price":11,"vegan":true,"vegetarian":true,"notFood":false,"drinks":false},{"name":"תפוזים","price":11,"vegan":true,"vegetarian":true,"notFood":false,"drinks":false},{"name":"ענבים","price":11,"vegan":true,"vegetarian":true,"notFood":false,"drinks":true},{"name":"מים מינרלים","price":10,"vegan":true,"vegetarian":true,"notFood":false,"drinks":false},{"name":"קרלסברג","price":22,"vegan":true,"vegetarian":true,"notFood":false,"drinks":false},{"name":"טובורג","price":22,"vegan":true,"vegetarian":true,"notFood":false,"drinks":false},{"name":"סטלה","price":23,"vegan":false,"vegetarian":false,"notFood":false,"drinks":false},{"name":"3 מגשים לחברת yes","price":975,"vegan":true,"vegetarian":true,"notFood":false,"drinks":false}]}