{"track_id":"12258","filters":["burgers","sandwichesWraps","salads"],"image":"https://tenbis-static.azureedge.net/restaurant-card-image/ResCard_12258_20191219174915.jpg","address":"מורד הגיא, 100 כרמיאל","location":[35.2928099,32.9085443],"name":"בורגרים כרמיאל","city":"כרמיאל","priceAverage":44.741379310344826,"menu":[{"name":"זוג עם תוספת ליד","description":"זוג בורגרים כ- 80 גר' בלחמנייה עם חסה, עגבנייה, בצל ורוטב הבית, \nלבחירה: סוג הבורגר, סוג הלחמנייה ותוספות מעל בתשלום. בליווי תוספת ליד","price":49,"vegan":true,"vegetarian":true,"image":"https://d25t2285lxl5rf.cloudfront.net/images/dishes/0acad484-35b7-45a6-97a9-2e61076d4ba4.png","notFood":false,"drinks":false},{"name":"שלישייה עם תוספת ליד","description":"שלישיית בורגרים כ- 80 גר' בלחמנייה עם חסה, עגבנייה, בצל ורוטב הבית,\nלבחירה:סוג הבורגר, סוג הלחמנייה ותוספות מעל בתשלום. בליווי תוספת ליד","price":59,"vegan":true,"vegetarian":true,"image":"https://d25t2285lxl5rf.cloudfront.net/images/dishes/5c098fa2-f3b3-4ad9-b460-498735be2f87.png","notFood":false,"drinks":false},{"name":"דיל משתלם 8 + 2 תוספות","description":"שמיניית בורגרים כ - 80 גר' בלחמנייה עם חסה, עגבנייה, בצל ורוטב הבית, \nבליווי שתי תוספות בצד","price":149,"vegan":true,"vegetarian":true,"image":"https://d25t2285lxl5rf.cloudfront.net/images/dishes/9fa19c6a-b300-4362-a7b2-511c4764bc37.png","notFood":false,"drinks":false},{"name":"דיל משפחתי 8 + 4 תוספות","description":"שמיניית בורגרים כ - 80 גר' בלחמנייה עם חסה, עגבנייה, בצל ורוטב הבית, בליווי 4 תוספות בצד (מתאים ל4 סועדים).\t","price":179,"vegan":true,"vegetarian":true,"image":"https://d25t2285lxl5rf.cloudfront.net/images/dishes/4263824.jpg","notFood":false,"drinks":false},{"name":"מארז 16 עם 4 תוספות ליד\t","description":"16 בורגרים כ - 80 גר' בלחמנייה עם חסה, עגבנייה, בצל ורוטב הבית, בליווי 4 תוספות בצד\t","price":295,"vegan":true,"vegetarian":true,"image":"https://d25t2285lxl5rf.cloudfront.net/images/dishes/19586a51-cb45-4cb5-95f4-bae3756a5ded.png","notFood":false,"drinks":false},{"name":"מארז חגיגה 16 בורגרים עם 8 תוספות ליד","description":"16 בורגרים כ - 80 גר' בלחמנייה עם חסה, עגבנייה, בצל ורוטב הבית, בליווי 8 תוספות בצד\t","price":333,"vegan":true,"vegetarian":true,"image":"https://d25t2285lxl5rf.cloudfront.net/images/dishes/c6b4b593-1994-4ede-8cb6-9969a564fd42.jpg","notFood":false,"drinks":false},{"name":"זוג בורגרים","description":"זוג בורגרים, כ- 80 גר' בלחמנייה עם חסה, עגבנייה, בצל ורוטב הבית, \nלבחירה: סוג הבורגר, סוג הלחמנייה ותוספות מעל בתשלום\n","price":39,"vegan":true,"vegetarian":true,"image":"https://d25t2285lxl5rf.cloudfront.net/images/dishes/fd364e67-b3cb-487b-8d3c-e3c6f7b8b571.jpg","notFood":false,"drinks":false},{"name":"שלישיית בורגרים","description":"שלישיית בורגרים כ- 80 גר' בלחמנייה עם חסה, עגבנייה, בצל ורוטב הבית,\n\nלבחירה: סוג הבורגר, סוג הלחמנייה ותוספות מעל בתשלו","price":49,"vegan":true,"vegetarian":true,"image":"https://d25t2285lxl5rf.cloudfront.net/images/dishes/a79696f1-513c-498d-830b-9f4f9d6ce4d4.jpg","notFood":false,"drinks":false},{"name":"שמיניית בורגרים","description":"שמיניית בורגרים כ - 80 גר' בלחמנייה עם חסה, עגבנייה, בצל ורוטב הבית, \nלבחירה: סוג הבורגר, סוג הלחמנייה ותוספות מעל בתשלום\n","price":129,"vegan":true,"vegetarian":true,"image":"https://d25t2285lxl5rf.cloudfront.net/images/dishes/2777e100-a143-440d-9fd5-09a6f6400a04.02","notFood":false,"drinks":false},{"name":"16 בורגרים","description":"16 בורגרים כ- 80 גר' בלחמנייה עם חסה, עגבנייה, בצל ורוטב הבית,\nלבחירה: סוג הבורגר, סוג הלחמנייה ותוספות מעל בתשלום","price":255,"vegan":true,"vegetarian":true,"image":"https://d25t2285lxl5rf.cloudfront.net/images/dishes/96e89bd1-d842-4964-bf5e-b75726165957.02","notFood":false,"drinks":false},{"name":"ארוחת בורגר גדול (כ-120 גר')","description":"ארוחת בורגר גדול (כ 120 גר') עם תוספת ליד ופחית","price":53,"vegan":true,"vegetarian":true,"image":"https://d25t2285lxl5rf.cloudfront.net/images/dishes/684956f8-8cd4-46b1-99e2-b398893726e3.png","notFood":false,"drinks":false},{"name":"ארוחת ביג פרימיום (כ-120 גר')","description":"ארוחת בורגר מנתחי בקר ואנטריקוט גדול (120 גר) עם תוספת ליד ופחית ","price":59,"vegan":false,"vegetarian":false,"image":"https://d25t2285lxl5rf.cloudfront.net/images/dishes/1f6a5ad7-e9b5-4e8a-a3b4-c384c73207d2.png","notFood":false,"drinks":false},{"name":"בורגר גדול בקר ללא ארוחה (כ-120 גר')","price":33,"vegan":false,"vegetarian":false,"image":"https://d25t2285lxl5rf.cloudfront.net/images/dishes/27acf2dd-b95e-40d9-b5c9-e7b5b586dfa7.png","notFood":false,"drinks":false},{"name":"בורגר פרימיום גדול ללא ארוחה  (כ-120 גר)","description":"בורגר מנתחי בקר ואנטריקוט גדול (120 גר') ","price":39,"vegan":false,"vegetarian":false,"image":"https://d25t2285lxl5rf.cloudfront.net/images/dishes/6238a1d4-b3b6-424e-83f3-f76365cfe779.png","notFood":false,"drinks":false},{"name":"כריך עוף במרינדה","description":"רצועות עוף במרינדת שמן זית, תבלינים ועישבי תיבול עם איולי שום, חסה קצוצה, פרוסות עגבנייה ופטריות צלויות ","price":37,"vegan":false,"vegetarian":false,"image":"https://d25t2285lxl5rf.cloudfront.net/images/dishes/0ff281e6-2435-4087-ba6f-f482ccd7e1b8.jpg","notFood":false,"drinks":false},{"name":"כריך קריספי צ'יקן","description":"רצועות עוף בציפוי פירורי, איולי שום, חסה קצוצה, פרוסות עגבנייה ובצל  ","price":37,"vegan":false,"vegetarian":false,"image":"https://d25t2285lxl5rf.cloudfront.net/images/dishes/24657da2-80a4-48e0-a642-dc96975f4df2.jpg","notFood":false,"drinks":false},{"name":"פילה עוף עם תוספת","description":"רצועות עוף במרינדת שמן זית, תבלינים ועשבי תיבול צרובות בגריל \nבתוספת טחינה \nבליווי תוספת ליד","price":46,"vegan":false,"vegetarian":false,"image":"https://d25t2285lxl5rf.cloudfront.net/images/dishes/15ea90ca-a94a-4a04-bb3a-2dc9d1a8df64.jpg","notFood":false,"drinks":false},{"name":"שניצל עם תוספת","description":"שניצל עוף בציפוי פריך עם מטבל איולי שום ותוספת ליד","price":46,"vegan":false,"vegetarian":false,"image":"https://d25t2285lxl5rf.cloudfront.net/images/dishes/28e84aba-120e-470e-b919-3db90a5f8f2e.png","notFood":false,"drinks":false},{"name":"כנפיים קטן ברוטב ברביקיו","description":"שמונה יחידות","price":24,"vegan":false,"vegetarian":false,"image":"https://d25t2285lxl5rf.cloudfront.net/images/dishes/1158812.jpg","notFood":false,"drinks":false},{"name":"כנפיים קטן ברוטב צ'ילי מתוק","description":"שמונה יחידות","price":24,"vegan":false,"vegetarian":false,"image":"https://d25t2285lxl5rf.cloudfront.net/images/dishes/1158814.jpg","notFood":false,"drinks":false},{"name":"כנפיים קטן ברוטב חריף טעים","description":"8 יחידות","price":24,"vegan":false,"vegetarian":false,"image":"https://d25t2285lxl5rf.cloudfront.net/images/dishes/1158816.jpg","notFood":false,"drinks":false},{"name":"כנפיים גדול ברוטב ברביקיו","description":"שש עשרה יחידות","price":38,"vegan":false,"vegetarian":false,"image":"https://d25t2285lxl5rf.cloudfront.net/images/dishes/1158813.jpg","notFood":false,"drinks":false},{"name":"כנפיים גדול ברוטב צ'ילי מתוק","description":"16 יחידות","price":38,"vegan":false,"vegetarian":false,"image":"https://d25t2285lxl5rf.cloudfront.net/images/dishes/1158815.jpg","notFood":false,"drinks":false},{"name":"כנפיים גדול ברוטב חריף טעים","description":"שש עשרה יחידות","price":38,"vegan":false,"vegetarian":false,"image":"https://d25t2285lxl5rf.cloudfront.net/images/dishes/1158817.jpg","notFood":false,"drinks":false},{"name":"סלט טבולה עדשים שחורות  גדול","description":"מלפפון, בצל סגול, פלפל צהוב ואדום, פטרוזיליה, בצל ירוק, נענע, בורגול ועדשים שחורות, ברוטב שמן זית ולימון, טחינה ושקדים קלויים פרוסים מוגש עם לחמנייה,\n\nאופציה לתוספת מעל בתוספת מחיר","price":37,"vegan":true,"vegetarian":true,"image":"https://d25t2285lxl5rf.cloudfront.net/images/dishes/3182a961-1a5a-452b-b1d4-e4d128e2a67a.png","notFood":false,"drinks":false},{"name":"סלט ישראלי גדול","description":"חסה קצוצה, מלפפון, עגבנייה, בצל סגול, פטרוזיליה, ושמן זית ולימון ","price":37,"vegan":true,"vegetarian":true,"image":"https://d25t2285lxl5rf.cloudfront.net/images/dishes/5f024dd0-9408-45a2-9a46-eed3f23a45bb.png","notFood":false,"drinks":false},{"name":"ארוחת ילדים בורגר","description":"ארוחה ילדים המורכבת מהבורגר כ- 80 גר' בלחמנייה עם חסה, עגבנייה, בצל ורוטב הבית. לבחירה:\n סוג הבורגר, סוג הלחמנייה ותוספות מעל בתשלום עם ירקות חתוכים ותוספת ליד, מינרלים והפתעה","price":38,"vegan":true,"vegetarian":true,"image":"https://d25t2285lxl5rf.cloudfront.net/images/dishes/b6725a1e-8d54-4229-98ed-337f01ae0cc2.png","notFood":false,"drinks":false},{"name":"ארוחת ילדים שניצל","description":"ארוחה ילדים הכוללת שניצלים בציפוי פריך, בליווי ירקות חתוכים, תוספת ליד, מינרליים והפתעה","price":38,"vegan":false,"vegetarian":false,"image":"https://d25t2285lxl5rf.cloudfront.net/images/dishes/65c2f5b3-c1bd-417a-817a-c164b8457e83.png","notFood":false,"drinks":true},{"name":"צ'יפס","price":15,"vegan":true,"vegetarian":true,"image":"https://d25t2285lxl5rf.cloudfront.net/images/dishes/6fa4ceb1-5837-49b3-95f5-d82e0d18da85.png","notFood":false,"drinks":false},{"name":"צ'יפס מתובל","price":15,"vegan":true,"vegetarian":true,"image":"https://d25t2285lxl5rf.cloudfront.net/images/dishes/571c6e91-b1c3-4bdf-97db-b771a57451ce.png","notFood":false,"drinks":false},{"name":"צ'יפס בטטה","price":19,"vegan":true,"vegetarian":true,"image":"https://d25t2285lxl5rf.cloudfront.net/images/dishes/d0fdd5fd-c9f2-46fa-b997-c55a4d28ead8.jpg","notFood":false,"drinks":false},{"name":"טבעות בצל","price":15,"vegan":true,"vegetarian":true,"image":"https://d25t2285lxl5rf.cloudfront.net/images/dishes/bc76518a-1727-43ae-98cf-5a96c979cba5.jpg","notFood":false,"drinks":false},{"name":"חצי חצי צ'יפס וטבעות בצל","price":15,"vegan":true,"vegetarian":true,"image":"https://d25t2285lxl5rf.cloudfront.net/images/dishes/9e5cf6a3-ff13-492e-9940-bedde98d4266.png","notFood":false,"drinks":false},{"name":"הום פרייז עם רוטב צ'ילי ושומשום קלוי","price":19,"vegan":true,"vegetarian":true,"image":"https://d25t2285lxl5rf.cloudfront.net/images/dishes/85502eea-6620-49a0-b749-24ca9eba446b.jpg","notFood":false,"drinks":false},{"name":"סלט ישראלי אישי","description":"חסה, מלפפון,עגבנייה,בצל סגול,פטרוזיליה, שמן זית ולימון","price":15,"vegan":true,"vegetarian":true,"image":"https://d25t2285lxl5rf.cloudfront.net/images/dishes/4205125d-adb0-46e0-b850-e93bdcc14617.png","notFood":false,"drinks":false},{"name":"סלט טבולה עדשים שחורות אישי","description":"מלפפון, בצל סגול, פלפל צהוב ואדום, פטרוזיליה, בצל ירוק, נענע, בורגול ועדשים שחורות, ברוטב שמן זית ולימון, טחינה ושקדים קלויים פרוסים.","price":15,"vegan":true,"vegetarian":true,"image":"https://d25t2285lxl5rf.cloudfront.net/images/dishes/d810859c-84d8-4000-87aa-c41ffe63c1e6.png","notFood":false,"drinks":false},{"name":"רול שוקולד לוהט","description":"גליל בצק פריך ממולא בשוקולד מובחר ואגוזי לוז","price":9,"vegan":false,"vegetarian":true,"image":"https://d25t2285lxl5rf.cloudfront.net/images/dishes/f1c8db98-b22e-4108-8832-a67fc9887e12.jpg","notFood":false,"drinks":false},{"name":"כדורי שוקולד מצופים בקוקוס וסוכריות","price":15,"vegan":false,"vegetarian":true,"image":"https://d25t2285lxl5rf.cloudfront.net/images/dishes/2dbb6213-1f36-4337-ba96-8ca90933151e.jpg","notFood":false,"drinks":false},{"name":"קרם עוגיות וקליקים","description":"קוביות בראוניז עם קרם עוגיות, קליקים ורוטב שוקולד מריר","price":15,"vegan":false,"vegetarian":true,"image":"https://d25t2285lxl5rf.cloudfront.net/images/dishes/73fe2407-5877-4572-a73f-9cf578450ba6.jpg","notFood":false,"drinks":false},{"name":"מינרלים","description":"בקבוק 500 מ\"ל ( 1.8 ש\"ח ל 100 מ\"ל )","price":9,"vegan":true,"vegetarian":true,"notFood":false,"drinks":true},{"name":"סודה","description":"בקבוק 250 מ\"ל ( 3.6 ש\"ח ל 100 מ\"ל )","price":9,"vegan":true,"vegetarian":true,"notFood":false,"drinks":true},{"name":"קוקה קולה","description":"פחית 330 מ\"ל ( 3.03 ש\"ח ל 100 מ\"ל )","price":10,"vegan":true,"vegetarian":true,"notFood":false,"drinks":true},{"name":"דיאט קוקה קולה","description":"פחית 330 מ\"ל ( 3.03 ש\"ח ל 100 מ\"ל )","price":10,"vegan":true,"vegetarian":true,"notFood":false,"drinks":true},{"name":"קוקה קולה זירו","description":"פחית 330 מ\"ל ( 3.03 ש\"ח ל 100 מ\"ל )","price":10,"vegan":true,"vegetarian":true,"notFood":false,"drinks":true},{"name":"ספרייט","description":"פחית 330 מ\"ל ( 3.03 ש\"ח ל 100 מ\"ל )","price":10,"vegan":true,"vegetarian":true,"notFood":false,"drinks":true},{"name":"דיאט ספרייט","description":"פחית 330 מ\"ל ( 3.03 ש\"ח ל 100 מ\"ל )","price":10,"vegan":true,"vegetarian":true,"notFood":false,"drinks":true},{"name":"פאנטה אורנג'","description":"פחית 330 מ\"ל ( 3.03 ש\"ח ל 100 מ\"ל )","price":10,"vegan":true,"vegetarian":true,"notFood":false,"drinks":false},{"name":"פיוז טי","description":"בקבוק 330 מ\"ל ( 3.03 ש\"ח ל 100 מ\"ל )","price":10,"vegan":true,"vegetarian":true,"notFood":false,"drinks":true},{"name":"ענבים בקבוק","description":"בקבוק 330 מ\"ל ( 3.03 ש\"ח ל 100 מ\"ל )","price":10,"vegan":true,"vegetarian":true,"notFood":false,"drinks":true},{"name":"תפוזים בקבוק","description":"בקבוק 330 מ\"ל ( 3.03 ש\"ח ל 100 מ\"ל )","price":10,"vegan":true,"vegetarian":true,"notFood":false,"drinks":true},{"name":"לימונדה בקבוק","price":10,"vegan":true,"vegetarian":true,"notFood":false,"drinks":true},{"name":"אשכוליות בקבוק","description":"בקבוק 330 מ\"ל ( 3.03 ש\"ח ל 100 מ\"ל )","price":10,"vegan":true,"vegetarian":true,"notFood":false,"drinks":true},{"name":"מים בטעם אפרסק","description":"בקבוק 500 מ\"ל ( 2 ש\"ח ל 100 מ\"ל )","price":10,"vegan":true,"vegetarian":true,"notFood":false,"drinks":true},{"name":"מים בטעם ענבים","description":"בקבוק 500 מ\"ל ( 2 ש\"ח ל 100 מ\"ל )","price":10,"vegan":true,"vegetarian":true,"notFood":false,"drinks":true},{"name":"מים בטעם תפוח","description":"בקבוק 500 מ\"ל ( 2 ש\"ח ל 100 מ\"ל )","price":10,"vegan":true,"vegetarian":true,"notFood":false,"drinks":true},{"name":"בירה שחורה","description":"בקבוק 330 מ\"ל ( 3.03 ש\"ח ל 100 מ\"ל )","price":10,"vegan":true,"vegetarian":true,"notFood":false,"drinks":true},{"name":"בקבוק 330 מ\"ל קרלסברג","description":"5.75 ש״ל ל 100 מ״ל","price":19,"vegan":true,"vegetarian":true,"notFood":false,"drinks":true},{"name":"בקבוק 330 מ\"ל טובורג","description":"5.75 ש״ל ל 100 מ״ל","price":19,"vegan":true,"vegetarian":true,"notFood":false,"drinks":true}]}