{"track_id":"12341","filters":["meatGrill","sandwichesWraps","bar"],"image":"https://tenbis-static.azureedge.net/restaurant-card-image/ResCard_12341_20220214181328.jpg","address":"ברנר, 6 רעננה","location":[34.878031,32.1789611],"name":"ג'מס  ","city":"רעננה","priceAverage":42.21621621621622,"menu":[{"name":"פניני אנטריקוט","description":" מיונז וחרדל, עגבניה,\nמלפפון חמוץ ביתי, זיתי קלמטה,\nבזיליקום ואורגנו טרי\n","price":59,"vegan":false,"vegetarian":false,"image":"https://d25t2285lxl5rf.cloudfront.net/images/dishes/c77b5ac8-8dab-494c-a10a-7689271bd8a0.jpg","notFood":false,"drinks":false},{"name":"פניני חזה עוף צלוי","description":" מיונז, צ׳יפוטלה, עגבניה,\nבצל סגול, זיתי קלמטה אורגנו טרי ובזיליקום\n","price":52,"vegan":false,"vegetarian":false,"image":"https://d25t2285lxl5rf.cloudfront.net/images/dishes/d61f24f5-2f74-4094-bf96-352f80064650.jpg","notFood":false,"drinks":false},{"name":"שישיית בירה ג'מס","description":"","price":66,"vegan":true,"vegetarian":true,"image":"https://d25t2285lxl5rf.cloudfront.net/images/dishes/b0eb5d48-4b91-41d3-8d75-d4146161b116.jpg","notFood":false,"drinks":true},{"name":"פניני פורטובלו","description":"מיונז, עגבניה, זיתי קלמטה,\nבזיליקום ואורגנו טרי (טבעוני עם\nטחינה)\n","price":56,"vegan":false,"vegetarian":true,"image":"https://d25t2285lxl5rf.cloudfront.net/images/dishes/7187ebe4-0048-415a-9627-05dd4f72e7b3.jpg","notFood":false,"drinks":false},{"name":"פניני מטיאס","description":"מיונז, צנונית, תפוח אדמה, עגבנייה, בצל סגול, זיתי קלמטה, אורגנו טרי ובזיליקום","price":46,"vegan":false,"vegetarian":true,"image":"https://d25t2285lxl5rf.cloudfront.net/images/dishes/9d9be8ba-479f-4ea7-af86-603aa9173708.jpg","notFood":false,"drinks":false},{"name":"פניני איקרה","description":"ביצה קשה, ,תפוח אדמה, צנונית, עגבניה, בצל סגול, זיתי קלמטה, אורגנו טרי ובזיליקום","price":42,"vegan":false,"vegetarian":true,"image":"https://d25t2285lxl5rf.cloudfront.net/images/dishes/36877710-bb3d-4828-8775-3989894e5694.jpg","notFood":false,"drinks":false},{"name":"פניני סביח","description":"טחינה עמבה, חציל קלוי, תפו\"א, ביצה קשה, עגבנייה, מלפפון,\r\nפטרוזיליה, כוסברה, בצל סגול וסומק.","price":48,"vegan":false,"vegetarian":true,"image":"https://d25t2285lxl5rf.cloudfront.net/images/dishes/f6bd30ea-d316-45da-9414-760f84fe7344.jpg","notFood":false,"drinks":false},{"name":"פניני חזה הודו מעושן","description":" מיונז , חרדל, עגבניה,\nמלפפון חמוץ ביתי, זיתי קלמטה,\nבזיליקום ואורגנו טרי","price":46,"vegan":false,"vegetarian":false,"image":"https://d25t2285lxl5rf.cloudfront.net/images/dishes/cd5af122-c8b0-4434-a917-2592f39e7ab9.jpg","notFood":false,"drinks":false},{"name":"פניני חזה עוף צלוי","description":" מיונז, צ׳יפוטלה, עגבניה,\nבצל סגול, זיתי קלמטה אורגנו טרי ובזיליקום\n","price":52,"vegan":false,"vegetarian":false,"image":"https://d25t2285lxl5rf.cloudfront.net/images/dishes/d61f24f5-2f74-4094-bf96-352f80064650.jpg","notFood":false,"drinks":false},{"name":"פניני כתף בקר","description":"מיונז, חזרת, עגבניה, זיתי\nקלמטה, מלפפון חמוץ ביתי, בזיליקום\nואורגנו טרי","price":56,"vegan":false,"vegetarian":false,"image":"https://d25t2285lxl5rf.cloudfront.net/images/dishes/6f577646-9152-488d-930b-6055be95c439.jpg","notFood":false,"drinks":false},{"name":"פניני אנטריקוט","description":" מיונז וחרדל, עגבניה,\nמלפפון חמוץ ביתי, זיתי קלמטה,\nבזיליקום ואורגנו טרי\n","price":59,"vegan":false,"vegetarian":false,"image":"https://d25t2285lxl5rf.cloudfront.net/images/dishes/c77b5ac8-8dab-494c-a10a-7689271bd8a0.jpg","notFood":false,"drinks":false},{"name":"פניני אסאדו","description":"מיונז, צ׳יפוטלה, עגבניה\nוזיתי קלמטה\n","price":56,"vegan":false,"vegetarian":false,"image":"https://d25t2285lxl5rf.cloudfront.net/images/dishes/1175d4b8-893f-4283-a438-90879c76a05a.jpg","notFood":false,"drinks":false},{"name":"פניני אווז","description":"אווז מעושן, מיונז ובוטנים קלויים","price":49,"vegan":false,"vegetarian":false,"image":"https://d25t2285lxl5rf.cloudfront.net/images/dishes/74c4cf45-67a2-40e7-ac15-3b0332866d72.jpg","notFood":false,"drinks":false},{"name":"סלופי ג'מס","description":"בשר בקר בבישול ארוך, ברוטב אסיאתי מתקתק, מוגש בלחמנייה מתוקה וטרייה עם מיונז, בצל סגול, עלי בזיליקום וכוסברה","price":59,"vegan":false,"vegetarian":false,"image":"https://d25t2285lxl5rf.cloudfront.net/images/dishes/5fe4b080-1c4b-4efd-89a5-7d34ea9b3d1e.jpg","notFood":false,"drinks":false},{"name":"סלט שוק","description":"ירקות טריים חתוכים גס, זיתי קלמטה\nובצל,  מתובלים בשמן זית ולימון, בזיליקום\nואורגנו\n","price":48,"vegan":true,"vegetarian":true,"image":"https://d25t2285lxl5rf.cloudfront.net/images/dishes/a0110807-3ff9-4a35-9569-a7f5ae64c608.jpg","notFood":false,"drinks":false},{"name":"סלט שוק עם עוף צלוי","description":"","price":62,"vegan":false,"vegetarian":false,"image":"https://d25t2285lxl5rf.cloudfront.net/images/dishes/979d8b19-97fd-4c58-9b05-ae53228f2ccd.jpg","notFood":false,"drinks":false},{"name":"סלט שוק עם פורטבלו","description":"","price":62,"vegan":true,"vegetarian":true,"image":"https://d25t2285lxl5rf.cloudfront.net/images/dishes/ffae5287-bcdd-408d-97cc-948e41060f78.jpg","notFood":false,"drinks":false},{"name":"סלט שוק עם מטיאס","description":"","price":62,"vegan":true,"vegetarian":true,"image":"https://d25t2285lxl5rf.cloudfront.net/images/dishes/4d0c0114-19d4-4431-8186-90e4f7831010.jpg","notFood":false,"drinks":false},{"name":"מלבי טבעוני קלאסי","description":"עם קוקוס ושברי בוטנים","price":12,"vegan":true,"vegetarian":true,"image":"https://d25t2285lxl5rf.cloudfront.net/images/dishes/56ea042b-0caa-4df0-959a-0703cb709b54.jpg","notFood":false,"drinks":false},{"name":"רביעיית בירה ג'מס","description":"","price":49,"vegan":true,"vegetarian":true,"image":"https://d25t2285lxl5rf.cloudfront.net/images/dishes/0ff9fe95-da3b-4326-804b-077aa9f6c041.jpg","notFood":false,"drinks":true},{"name":"שישיית בירה ג'מס","description":"","price":66,"vegan":true,"vegetarian":true,"image":"https://d25t2285lxl5rf.cloudfront.net/images/dishes/b0eb5d48-4b91-41d3-8d75-d4146161b116.jpg","notFood":false,"drinks":true},{"name":"ארגז 24 בקבוקים","description":"","price":249,"vegan":true,"vegetarian":true,"image":"https://d25t2285lxl5rf.cloudfront.net/images/dishes/1918189.jpg","notFood":false,"drinks":true},{"name":"IPA","description":"","price":15,"vegan":true,"vegetarian":true,"image":"https://d25t2285lxl5rf.cloudfront.net/images/dishes/0ba29821-59ec-4549-b76c-2bde9646bd50.jpg","notFood":false,"drinks":false},{"name":"DARK LAGER","description":"","price":15,"vegan":true,"vegetarian":true,"image":"https://d25t2285lxl5rf.cloudfront.net/images/dishes/7e0f05f3-0e25-434d-91db-37a69e92249a.jpg","notFood":false,"drinks":false},{"name":"WHEAT","description":"","price":15,"vegan":true,"vegetarian":true,"image":"https://d25t2285lxl5rf.cloudfront.net/images/dishes/ed4ce6a5-f036-4c9f-a200-39b2625430f9.jpg","notFood":false,"drinks":false},{"name":"PILS","description":"","price":15,"vegan":true,"vegetarian":true,"image":"https://d25t2285lxl5rf.cloudfront.net/images/dishes/863a514f-ed69-470b-8313-f6b8440c6d19.jpg","notFood":false,"drinks":false},{"name":"AMBER ALE","description":"","price":15,"vegan":true,"vegetarian":true,"image":"https://d25t2285lxl5rf.cloudfront.net/images/dishes/f9b6ee72-2840-4d9d-a3cf-d2dd4f3bc2b6.jpg","notFood":false,"drinks":false},{"name":"8.8","description":"","price":15,"vegan":true,"vegetarian":true,"image":"https://d25t2285lxl5rf.cloudfront.net/images/dishes/b4357bfd-fc32-4627-a3f0-bc3474c7f18b.jpg","notFood":false,"drinks":false},{"name":"מים מינרליים","description":"","price":9,"vegan":true,"vegetarian":true,"image":"","notFood":false,"drinks":true},{"name":"סודה","description":"","price":9,"vegan":true,"vegetarian":true,"image":"","notFood":false,"drinks":true},{"name":"קוקה קולה","description":"","price":14,"vegan":true,"vegetarian":true,"image":"","notFood":false,"drinks":true},{"name":"קוקה קולה זירו","description":"","price":14,"vegan":true,"vegetarian":true,"image":"","notFood":false,"drinks":true},{"name":"דיאט קוקה קולה","description":"","price":14,"vegan":true,"vegetarian":true,"image":"","notFood":false,"drinks":true},{"name":"ספרייט","description":"","price":14,"vegan":true,"vegetarian":true,"image":"","notFood":false,"drinks":true},{"name":"ספרייט זירו","description":"","price":14,"vegan":true,"vegetarian":true,"image":"","notFood":false,"drinks":true},{"name":"מי טוניק","description":"","price":14,"vegan":true,"vegetarian":true,"image":"","notFood":false,"drinks":true},{"name":"פיוזטי","description":"","price":14,"vegan":true,"vegetarian":true,"image":"","notFood":false,"drinks":false}]}