{"track_id":"12533","filters":["coffeeHouse","salads","sandwichesWraps"],"image":"https://tenbis-static.azureedge.net/restaurant-card-image/ResCard_12533_20200722160847.jpg","address":"מצדה, 9 בני ברק","location":[34.8242972,32.09470710000001],"name":"ארקפה ","city":"גבעתיים","priceAverage":33.46666666666667,"menu":[{"name":"סלט קינואה ועדשים","description":"קינואה, עדשים שחורות, קוביות בטטה צלויות, חמוציות, עלי רוקט, חסהֿ, נענע,\nפטרוזיליה, תערובת גרעינים בוינגרט שמן זית ולימון.\n*מוגש עם לחם דגנים אישי מהתנור וחמאה.\n","price":58,"vegan":false,"vegetarian":false,"image":"https://d25t2285lxl5rf.cloudfront.net/images/dishes/81dc8db2-f29d-4328-82d6-bda6b08f6729.jpg","notFood":false,"drinks":false},{"name":"סלט ניסואז","description":"עגבניות שרי, מלפפון, נתחי טונה, ביצה קשה, עלי רוקט, חסה, תפוחי אדמה אפויים,\nשעועית ירוקה, בצל סגול, בצל ירוק, צנוניות, פטרוזיליה בוינגרט שמן זית ולימון.\n*מוגש עם לחם דגנים אישי מהתנור וחמאה.","price":58,"vegan":false,"vegetarian":false,"image":"https://d25t2285lxl5rf.cloudfront.net/images/dishes/04a2cce6-7f4a-4027-ae7a-b23b871d3747.jpg","notFood":false,"drinks":false},{"name":"סלט קיסר","description":"לבבות חסה קיסר פריכים, רוטב קיסר הבית, קרוטונים ופרמז׳ן.\n*מוגש עם לחם דגנים אישי מהתנור וחמאה. ","price":58,"vegan":false,"vegetarian":false,"image":"https://d25t2285lxl5rf.cloudfront.net/images/dishes/54bf82a9-6703-4ebd-8bbc-905ab228ccda.jpg","notFood":false,"drinks":false},{"name":"טוסט מוצרלה","description":"מוצרלה, פרמז'ן, עגבניה, בזיליקום, פסטו עגבניות ופסטו בזיליקום. ","price":55,"vegan":false,"vegetarian":true,"notFood":false,"drinks":false},{"name":"מרגריטה","description":"רוטב עגבניות איטלקי,מוצרלה שמן זית ופרמגנו","price":52,"vegan":false,"vegetarian":true,"image":"https://d25t2285lxl5rf.cloudfront.net/images/dishes/1e11645c-9dbe-40f8-9bef-7903bbc425f6.jpg","notFood":false,"drinks":false},{"name":"פונגי","description":"רוטב עגבניות איטלקי,פטריות, מוצרלה,עלי פטרוזיליה שמן זית ופרמגנו","price":57,"vegan":false,"vegetarian":true,"image":"https://d25t2285lxl5rf.cloudfront.net/images/dishes/a3317f3f-08d3-4bb0-8205-d3071c95ceca.jpg","notFood":false,"drinks":false},{"name":"גבינת עזים ואורוגולה","description":"רוטב עגבניות איטלקי,מוצרלה גבינת עזים עלי אורוגולה ופרמגנו","price":57,"vegan":false,"vegetarian":true,"image":"https://d25t2285lxl5rf.cloudfront.net/images/dishes/3a72325a-7e40-4437-b7ce-efe58cf0bd8c.jpg","notFood":false,"drinks":false},{"name":"Power Green","price":17,"vegan":true,"vegetarian":true,"image":"https://d25t2285lxl5rf.cloudfront.net/images/dishes/60274761-9761-4c40-a767-2dc3fcb36fdc.jpg","notFood":false,"drinks":false},{"name":"מים מינרליים","price":10,"vegan":true,"vegetarian":true,"notFood":false,"drinks":true},{"name":"סודה","price":10,"vegan":true,"vegetarian":true,"notFood":false,"drinks":true},{"name":"קוקה קולה","price":14,"vegan":true,"vegetarian":true,"notFood":false,"drinks":true},{"name":"דיאט קולה","price":14,"vegan":true,"vegetarian":true,"notFood":false,"drinks":true},{"name":"קולה זירו","price":14,"vegan":true,"vegetarian":true,"notFood":false,"drinks":true},{"name":"ספרייט","price":14,"vegan":true,"vegetarian":true,"notFood":false,"drinks":true},{"name":"ספרייט זירו","price":14,"vegan":true,"vegetarian":true,"notFood":false,"drinks":true}]}