{"track_id":"12607","filters":["salads","veganFood","homeMade"],"image":"https://tenbis-static.azureedge.net/restaurant-default-card-image/CuzineType_defaultcuisine_04.jpg","address":"שלמה אבן גבירול, 30 תל אביב-יפו","location":[34.7819586,32.0750419],"name":"בריא סלט ישראלי","city":"גבעתיים","priceAverage":39.24285714285714,"menu":[{"name":"סלט בהרכבה גדול","description":"ירקות לבחירה מוגש עם שתי רטבים לבחירה ולחם מחיטה מלאה\n900 מ\"ל","price":48,"vegan":true,"vegetarian":true,"image":"https://d25t2285lxl5rf.cloudfront.net/images/dishes/a8cfd997-4a6e-46f5-ba1b-c1bdd35103e4.jpg","notFood":false,"drinks":false},{"name":"סלט בהרכבה קטן","description":"ירקות לבחירה מוגש עם שתי רטבים לבחירה ולחם מחיטה מלאה \n600 מ\"ל","price":38,"vegan":true,"vegetarian":true,"image":"https://d25t2285lxl5rf.cloudfront.net/images/dishes/fb212d1d-afcc-4d2e-9d25-660c359055a3.jpg","notFood":false,"drinks":false},{"name":"סלמון ירקות מוקפצים","description":"סלמון מוקפץ עם ירקות ואורז מלא + סלט אישי","price":72,"vegan":false,"vegetarian":false,"image":"https://d25t2285lxl5rf.cloudfront.net/images/dishes/70a2a922-f651-432b-a3ec-fc580544bd92.jpg","notFood":false,"drinks":false},{"name":"סלט יווני  - גדול","description":"900 מ\"ל : מלפפון, עגבנייה, חסה, פלפל אדום, בצל סגול, זיתי קלמטה, גבינה בולגרית 5% מגורדת, מתובל  בשמן זית וזעתר, מוגש עם לחם קל ","price":44,"vegan":false,"vegetarian":true,"image":"https://d25t2285lxl5rf.cloudfront.net/images/dishes/d82804c5-b320-4f0d-a066-fa60cb932751.jpg","notFood":false,"drinks":false},{"name":"סלט סלומון מנתח שלם - קטן","description":"600 מ\"ל : מלפפון, עגבנייה, חסה,  בצל סגול, מלפפון חמוץ, זיתים, טונה, מתובל  בשמן זית ולימון, מוגש עם לחם קל ","price":54,"vegan":false,"vegetarian":false,"image":"https://d25t2285lxl5rf.cloudfront.net/images/dishes/ff70caca-f84c-4bc7-a8a3-d4325e863a69.jpg","notFood":false,"drinks":false},{"name":"פסטה פוטוצ'יני","description":"רוטב שמנת, פיטריות ובטטה, מוגש עם סלט אישי","price":44,"vegan":false,"vegetarian":true,"image":"https://d25t2285lxl5rf.cloudfront.net/images/dishes/c83ff523-6f3f-41e8-9916-4c0f1d6b5239.jpg","notFood":false,"drinks":false},{"name":"סלמון בלימון","description":"פילה סלמון בעשבי תיבול, אפוי בתנור, מוגש על מצע אורז בסמטי מלא וסלט אישי ","price":68,"vegan":false,"vegetarian":false,"image":"https://d25t2285lxl5rf.cloudfront.net/images/dishes/92853145-1a66-462c-8bab-d57284abd334.jpg","notFood":false,"drinks":false},{"name":"תבשיל חצילים","description":"תבשיל חצילים ברוטב עגבניות , מוגש על מצע אורז מלא עם סלט אישי ","price":54,"vegan":true,"vegetarian":true,"image":"https://d25t2285lxl5rf.cloudfront.net/images/dishes/4b8a477c-8341-4606-b7d0-a0b9ce3b3bd9.jpg","notFood":false,"drinks":false},{"name":"צ'ילי שעועית","description":"צ'ילי שעועית בתוספת אורז מלא וטורטיה + סלט אישי","price":49,"vegan":true,"vegetarian":true,"image":"https://d25t2285lxl5rf.cloudfront.net/images/dishes/5a351dbf-50ba-4802-bbed-85b763cc0146.jpg","notFood":false,"drinks":false},{"name":"טורטיה סביח","description":"טורטיה סביח הכולל ביצה קשה חצילים מלפפון חמוץ תפו\"א ופטרוזליה + סלט אישי","price":48,"vegan":false,"vegetarian":true,"image":"https://d25t2285lxl5rf.cloudfront.net/images/dishes/2b287484-089e-40c1-bcb6-4dfbf6e44885.jpg","notFood":false,"drinks":false},{"name":"סלמון ירקות מוקפצים","description":"סלמון מוקפץ עם ירקות ואורז מלא + סלט אישי","price":72,"vegan":false,"vegetarian":false,"image":"https://d25t2285lxl5rf.cloudfront.net/images/dishes/70a2a922-f651-432b-a3ec-fc580544bd92.jpg","notFood":false,"drinks":false},{"name":"פאד תאי סלמון","description":"איטריות רחבות וקוביות סלמון מוקפצות עם רצועות בצל, פלפל, כרוב, פיטריות, גזר, נבטים ובצל ירוק, ברוטב פאד תאי פיקנטי, שומשום ולימון טרי, מוגש עם סלט אישי ","price":66,"vegan":false,"vegetarian":false,"image":"","notFood":false,"drinks":false},{"name":"פיטריות פורטבלה","description":"פיטריות פורטבלה מוקפצות עם ירקות + סלט אישי","price":58,"vegan":true,"vegetarian":true,"image":"","notFood":false,"drinks":false},{"name":"ניוקי","description":"ניוקי ברוטב שמנת , פסטו, עגבניות או רוזה + סלט אישי ","price":54,"vegan":false,"vegetarian":true,"image":"","notFood":false,"drinks":false},{"name":"קציצות עדשים","description":"קציצות עדשים אורז מלא או רגיל בתוספת ירקות מבושלים \nמוגש עם סלט אישי","price":54,"vegan":true,"vegetarian":true,"image":"","notFood":false,"drinks":false},{"name":"טופו מוקפץ עם ירקות ברוטב צ'ילי טריאקי או קארי","description":"המנה מגיעה עם אורז מלא או רגיל טופו וירקות מוקפצים ברוטב צ'ילי טריאקי או קארי וסלט אישי","price":54,"vegan":true,"vegetarian":true,"image":"","notFood":false,"drinks":false},{"name":"שקשוקת הבית","description":"עשויה מ 2 ביצים ושתי פרוסות לחם מלחם מלא וסלט אישי.","price":44,"vegan":false,"vegetarian":true,"image":"","notFood":false,"drinks":false},{"name":"סלט בהרכבה קטן","description":"ירקות לבחירה מוגש עם שתי רטבים לבחירה ולחם מחיטה מלאה \n600 מ\"ל","price":38,"vegan":true,"vegetarian":true,"image":"https://d25t2285lxl5rf.cloudfront.net/images/dishes/fb212d1d-afcc-4d2e-9d25-660c359055a3.jpg","notFood":false,"drinks":false},{"name":"סלט בהרכבה גדול","description":"ירקות לבחירה מוגש עם שתי רטבים לבחירה ולחם מחיטה מלאה\n900 מ\"ל","price":48,"vegan":true,"vegetarian":true,"image":"https://d25t2285lxl5rf.cloudfront.net/images/dishes/a8cfd997-4a6e-46f5-ba1b-c1bdd35103e4.jpg","notFood":false,"drinks":false},{"name":"סלט פאטוש - קטן","description":"600 מ\"ל : חסה , מלפפון, עגבנייה, בצל, גבינת פטה 5%, גרעיני חמנייה, מתובל בפסטו, לימון ושמן זית, מוגש עם לחם קל ","price":38,"vegan":false,"vegetarian":true,"image":"https://d25t2285lxl5rf.cloudfront.net/images/dishes/887fd279-9288-42dc-b5cd-453cf5b6230d.jpg","notFood":false,"drinks":false},{"name":"סלט פאטוש  - גדול","description":"900 מ\"ל : חסה , מלפפון, עגבנייה, בצל, גבינת פטה 5%, גרעיני חמנייה, מתובל בפסטו, לימון ושמן זית, מוגש עם לחם קל ","price":44,"vegan":false,"vegetarian":true,"image":"https://d25t2285lxl5rf.cloudfront.net/images/dishes/768bdd36-de7b-4009-a81f-e85c43c72558.jpg","notFood":false,"drinks":false},{"name":"סלט בורגול ועדשים  - קטן","description":"600 מ\"ל : בורגול, עדשים, מלפפון, עגבנייה, בצל,  פטרוזיליה, חמוציות, גבינת פטה 5% מגורדת, מתובל  בלימון ושמן זית, מוגש עם לחם קל ","price":38,"vegan":false,"vegetarian":true,"image":"https://d25t2285lxl5rf.cloudfront.net/images/dishes/548b7a5a-3a95-4a2a-bfc1-748a9f75c586.jpg","notFood":false,"drinks":false},{"name":"סלט בורגול ועדשים  - גדול","description":"900 מ\"ל : בורגול, עדשים, מלפפון, עגבנייה, בצל,  פטרוזיליה, חמוציות, גבינת פטה 5% מגורדת, מתובל  בלימון ושמן זית, מוגש עם לחם קל ","price":44,"vegan":false,"vegetarian":true,"image":"https://d25t2285lxl5rf.cloudfront.net/images/dishes/83b15aaa-7c78-495a-a966-7106f63efe3e.jpg","notFood":false,"drinks":false},{"name":"סלט בריאות  - קטן","description":"600 מ\"ל : בורגול, מלפפון, עגבנייה, חסה, סלק, תירס, גבינת פטה 5% מגורדת, מתובל  בלימון ושמן זית, מוגש עם לחם קל ","price":38,"vegan":false,"vegetarian":true,"image":"https://d25t2285lxl5rf.cloudfront.net/images/dishes/95344a2b-7328-4b79-85fa-d02e03272af9.jpg","notFood":false,"drinks":false},{"name":"סלט בריאות  - גדול","description":"900 מ\"ל : בורגול, מלפפון, עגבנייה, חסה, סלק, תירס, גבינת פטה 5% מגורדת, מתובל  בלימון ושמן זית, מוגש עם לחם קל ","price":44,"vegan":false,"vegetarian":true,"image":"https://d25t2285lxl5rf.cloudfront.net/images/dishes/3ac1872f-14e7-444a-ba1d-35fea93a6733.jpg","notFood":false,"drinks":false},{"name":"סלט יווני  - קטן","description":"600 מ\"ל : מלפפון, עגבנייה, חסה, פלפל אדום, בצל סגול, זיתי קלמטה, גבינה בולגרית 5% מגורדת, מתובל  בשמן זית וזעתר, מוגש עם לחם קל ","price":38,"vegan":false,"vegetarian":true,"image":"https://d25t2285lxl5rf.cloudfront.net/images/dishes/f7670cd8-6533-4cca-a0f8-d0ffe72185b9.jpg","notFood":false,"drinks":false},{"name":"סלט יווני  - גדול","description":"900 מ\"ל : מלפפון, עגבנייה, חסה, פלפל אדום, בצל סגול, זיתי קלמטה, גבינה בולגרית 5% מגורדת, מתובל  בשמן זית וזעתר, מוגש עם לחם קל ","price":44,"vegan":false,"vegetarian":true,"image":"https://d25t2285lxl5rf.cloudfront.net/images/dishes/d82804c5-b320-4f0d-a066-fa60cb932751.jpg","notFood":false,"drinks":false},{"name":"סלט סלומון מנתח שלם - קטן","description":"600 מ\"ל : מלפפון, עגבנייה, חסה,  בצל סגול, מלפפון חמוץ, זיתים, טונה, מתובל  בשמן זית ולימון, מוגש עם לחם קל ","price":54,"vegan":false,"vegetarian":false,"image":"https://d25t2285lxl5rf.cloudfront.net/images/dishes/ff70caca-f84c-4bc7-a8a3-d4325e863a69.jpg","notFood":false,"drinks":false},{"name":"סלט סלומון מנתח שלם - גדול","description":"900 מ\"ל : מלפפון, עגבנייה, חסה,  בצל סגול, מלפפון חמוץ, זיתים, טונה, מתובל  בשמן זית ולימון, מוגש עם לחם קל ","price":64,"vegan":false,"vegetarian":false,"image":"https://d25t2285lxl5rf.cloudfront.net/images/dishes/517a2e72-e993-4b3e-92aa-5e6edbb57b04.jpg","notFood":false,"drinks":false},{"name":"סלט אנטיפסטי - קטן","description":"600 מ\"ל : מלפפון, עגבנייה, חסה,  כרוב סגול, עלי בייבי, גזר, נבטים, חצילים, פלפלים, בטטה קלויה, גבינה בולגרית מגוררת, מתובל  בשמן זית , עשבי תיבול וויניגרט, מוגש עם לחם קל ","price":42,"vegan":false,"vegetarian":true,"image":"https://d25t2285lxl5rf.cloudfront.net/images/dishes/1fba9452-6feb-456b-a468-a3f57552b23b.jpg","notFood":false,"drinks":false},{"name":"סלט אנטיפסטי - גדול","description":"900 מ\"ל : מלפפון, עגבנייה, חסה,  כרוב סגול, עלי בייבי, גזר, נבטים, חצילים, פלפלים, בטטה קלויה, גבינה בולגרית מגוררת, מתובל  בשמן זית, עשבי תיבול וויניגרט,  מוגש עם לחם קל ","price":52,"vegan":false,"vegetarian":true,"image":"https://d25t2285lxl5rf.cloudfront.net/images/dishes/0cab9af5-52ac-4792-bd38-511e7e9c2625.jpg","notFood":false,"drinks":false},{"name":"סלט קינואה - קטן","description":"600 מ\"ל : קינואה, פלפל אדם, בצל סגול, גרעיני דלעת, גרעיני חמניות, חמוציות , כרוב וגזר מוקפצים בצ'ילי, מוגש עם לחם קל ","price":44,"vegan":true,"vegetarian":true,"image":"","notFood":false,"drinks":false},{"name":"סלט קינואה - גדול","description":"900 מ\"ל : קינואה, פלפל אדם, בצל סגול, גרעיני דלעת, גרעיני חמניות, חמוציות , כרוב וגזר ברוטב צ'ילי, מוגש עם לחם קל ","price":54,"vegan":true,"vegetarian":true,"image":"","notFood":false,"drinks":false},{"name":"רטבים","description":"שום וינגריט אלף האיים שום רוטב הבית טחינה שמן זית לימון","price":1,"vegan":true,"vegetarian":true,"image":"","notFood":false,"drinks":false},{"name":"סלט טופו","description":"עגבניה מלפפון גמבה גזר חסה נבטים כרוב ירוק בצל סלרי כוסברה פיטרוזליה . הטופו מוקפץ  ברוטב צ'ילי טריאקי או קארי. ׁ( סלט 1000 מ'ל)","price":54,"vegan":true,"vegetarian":true,"image":"","notFood":false,"drinks":false},{"name":"פסטה עגבניות","description":"רוטב עגבניות, חציל קלוי וגבינה בולגרית מוגש עם סלט אישי","price":44,"vegan":false,"vegetarian":true,"image":"https://d25t2285lxl5rf.cloudfront.net/images/dishes/0f26eb21-3eb4-40ea-9b52-ea5faa51ff7a.jpg","notFood":false,"drinks":false},{"name":"פסטה פוטוצ'יני","description":"רוטב שמנת, פיטריות ובטטה, מוגש עם סלט אישי","price":44,"vegan":false,"vegetarian":true,"image":"https://d25t2285lxl5rf.cloudfront.net/images/dishes/c83ff523-6f3f-41e8-9916-4c0f1d6b5239.jpg","notFood":false,"drinks":false},{"name":"פסטה רוזה","description":"רוטב שמנת, עגבניות, בזיליקום ושום, מוגש עם סלט אישי","price":44,"vegan":false,"vegetarian":true,"image":"https://d25t2285lxl5rf.cloudfront.net/images/dishes/e9733812-0093-448e-9c44-5a63a825cd85.jpg","notFood":false,"drinks":false},{"name":"פסטה פסטו","description":"רוטב פסטו טרי, שמן זית, שום ופרמז'ן, מוגש עם סלט אישי","price":44,"vegan":false,"vegetarian":true,"image":"https://d25t2285lxl5rf.cloudfront.net/images/dishes/ae8976cb-8678-4030-9597-d877d6ff75b3.jpg","notFood":false,"drinks":false},{"name":"פסטה אלפרדו","description":"רוטב  שמנת, אגוז מוסקט, יין לבן, פלפל, שום ומלח מוגש עם סלט אישי","price":44,"vegan":false,"vegetarian":true,"image":"https://d25t2285lxl5rf.cloudfront.net/images/dishes/58599baa-cda8-4e1d-a407-da56e771b15a.jpg","notFood":false,"drinks":false},{"name":"פסטה נפוליטנה","description":"רוטב  עגבניות טריות, שום, בזיליקום ואורגנו, מוגש עם סלט אישי","price":44,"vegan":true,"vegetarian":true,"image":"https://d25t2285lxl5rf.cloudfront.net/images/dishes/d8ff4e6e-1616-47d5-a908-1fe78e3b4fd4.jpg","notFood":false,"drinks":false},{"name":"פסטה ברוטב אסיאתי","description":"פסטה ברוטב אסיאתי עם ירקות מוקפצים בתוספת סלט אישי","price":54,"vegan":true,"vegetarian":true,"image":"","notFood":false,"drinks":false},{"name":"פסטה פורטבלה","description":"פיטריות פורטבלה מוקפצות ברוטב אסיאתי שום ושמן זית כולל סלט אישי.","price":54,"vegan":true,"vegetarian":true,"image":"","notFood":false,"drinks":false},{"name":"כריך חביתה","description":"חביתה משתי ביצים, גבינת שמנת 5%, עגבנייה, מלפפון, עלי בייבי, מיקס עלי רוקט ונבטים, מוגש על לחם דגנים בליווי סלטי אישי","price":39,"vegan":false,"vegetarian":false,"image":"https://d25t2285lxl5rf.cloudfront.net/images/dishes/c2778e6c-2a61-447b-b5b0-25d4d5438207.jpg","notFood":false,"drinks":false},{"name":"כריך סלט טונה","description":"טונה, עגבנייה, מלפפון חמוץ, חסה, ממרח עשבי תיבול וביצה קשה, מוגש על לחם דגנים בליווי סלטי אישי","price":42,"vegan":false,"vegetarian":false,"image":"https://d25t2285lxl5rf.cloudfront.net/images/dishes/3b100fc8-e7c4-42aa-9160-99ce5a6e9f64.jpg","notFood":false,"drinks":false},{"name":"כריך בלקני","description":"גבינת פטה, גבינת שמנת 5%, פלפל קלוי, חציל קלוי ורוטב פסטו, מוגש על לחם  דגנים בליווי סלטי אישי ","price":38,"vegan":false,"vegetarian":false,"image":"https://d25t2285lxl5rf.cloudfront.net/images/dishes/294a8b10-950e-4fb6-b903-74e0cdfc6eea.jpg","notFood":false,"drinks":false},{"name":"כריך בריאות","description":"פיטריות, נבטים, עגבנייה ורוטב פסטו, מוגש על לחם  דגנים בליווי סלטי אישי ","price":38,"vegan":false,"vegetarian":false,"image":"https://d25t2285lxl5rf.cloudfront.net/images/dishes/cda5a211-a43b-40e6-a668-deadbe426c34.jpg","notFood":false,"drinks":false},{"name":"מרק היום","description":"לברור מרק היום יש ליצור קשר עם המסעדה בטלפון03-6526564","price":30,"vegan":true,"vegetarian":true,"image":"https://d25t2285lxl5rf.cloudfront.net/images/dishes/2e534e1f-ddb2-47bd-a2b7-b4aba35b0aa1.jpg","notFood":false,"drinks":false},{"name":"מרק ענק","description":"מרק ענק 750 מיל\nלהתקשר לרשימת המרקים  03-9806222","price":40,"vegan":true,"vegetarian":true,"image":"","notFood":false,"drinks":false},{"name":"מיץ תפוזים סחוט  250 מל","description":"","price":16,"vegan":true,"vegetarian":true,"image":"","notFood":false,"drinks":false},{"name":"מיץ גזר סחוט 250 מל","description":"","price":15,"vegan":true,"vegetarian":true,"image":"","notFood":false,"drinks":false},{"name":"מיץ רימון סחוט 250 מל","description":"","price":16,"vegan":true,"vegetarian":true,"image":"","notFood":false,"drinks":false},{"name":"מיץ רימון תפוז סחוט 250 מל","description":"","price":16,"vegan":true,"vegetarian":true,"image":"","notFood":false,"drinks":false},{"name":"מיץ תפוח סחוט 250 מל","description":"","price":16,"vegan":true,"vegetarian":true,"image":"","notFood":false,"drinks":false},{"name":"מיץ תפוזים סחוט 330 מל","description":"","price":21,"vegan":true,"vegetarian":true,"image":"","notFood":false,"drinks":false},{"name":"מיץ רימונים סחוט 330 מיל","description":"","price":21,"vegan":true,"vegetarian":true,"image":"","notFood":false,"drinks":false},{"name":"מיץ תפוחים סחוט 330 מיל","description":"","price":21,"vegan":true,"vegetarian":true,"image":"","notFood":false,"drinks":false},{"name":"מיץ רימון תפוז 330 מיל","description":"","price":21,"vegan":true,"vegetarian":true,"image":"","notFood":false,"drinks":false},{"name":"מיץ תפוח גזר 330 מיל","description":"","price":21,"vegan":true,"vegetarian":true,"image":"","notFood":false,"drinks":false},{"name":"פחית קולה","description":"","price":10,"vegan":true,"vegetarian":true,"image":"","notFood":false,"drinks":true},{"name":"פחית דיאט קולה","description":"","price":10,"vegan":true,"vegetarian":true,"image":"","notFood":false,"drinks":true},{"name":"פחית קולה זירו","description":"","price":10,"vegan":true,"vegetarian":true,"image":"","notFood":false,"drinks":true},{"name":"בקבוק מים חצי ליטר","description":"","price":8,"vegan":true,"vegetarian":true,"image":"","notFood":false,"drinks":true},{"name":"ספרייט פחית","description":"פחית ספרייט","price":10,"vegan":true,"vegetarian":true,"image":"","notFood":false,"drinks":true},{"name":"פחית ספרייט זירו","description":"פחית ספרייט זירו","price":10,"vegan":true,"vegetarian":true,"image":"","notFood":false,"drinks":true},{"name":"שוופס בקבוק","description":"בקבוק שוופס בטעמים שונים","price":10,"vegan":true,"vegetarian":true,"image":"","notFood":false,"drinks":true},{"name":"בקבוק סודה","description":"בקבוק סודה 330 מיל","price":9,"vegan":true,"vegetarian":true,"image":"","notFood":false,"drinks":true},{"name":"דיל בוקר","description":"כריך חביתה מלחם מלא + סלט אישי 500 מל + מיץ טבעי 250 מל","price":58,"vegan":false,"vegetarian":true,"image":"","notFood":false,"drinks":false},{"name":"דיל צהריים","description":"פסטה לבחירה עגבניות /רוזה / שמנת + סלט אישי 500 מל + שתיה קלה","price":50,"vegan":false,"vegetarian":true,"image":"","notFood":false,"drinks":false},{"name":"דיל בריאות","description":"סלט בהרכבה 1000 מל + מרק 500 מל לפי בחירה + מיץ טבעי 250 מל","price":79,"vegan":true,"vegetarian":true,"image":"","notFood":false,"drinks":false}]}