{"track_id":"12606","filters":["meatGrill","sandwichesWraps","salads"],"image":"https://tenbis-static.azureedge.net/restaurant-card-image/ResCard_12606_20220106102021.jpg","address":"המשביר, 1 חולון","location":[34.8010698,32.0152866],"name":"השניצליה","city":"אזור","priceAverage":35.78666666666667,"menu":[{"name":"בגט שניצל ספרדי","description":"פילה עוף איכותי עם מעטפת צ'ילי חריף ופירורי זהב בבגט חם וטרי הנאפה במקום. ","price":37,"vegan":false,"vegetarian":false,"image":"https://d25t2285lxl5rf.cloudfront.net/images/dishes/4729ddc9-d1c6-4e64-a545-299ea813be6e.jpg","notFood":false,"drinks":false},{"name":"בגט שניצל צרפתי","description":"פילה עוף איכותי עם מעטפת שום, חרדל דיז'ון ופירורי זהב בבגט חם וטרי הנאפה במקום.  ","price":37,"vegan":false,"vegetarian":false,"image":"https://d25t2285lxl5rf.cloudfront.net/images/dishes/d5a9531d-0a9a-4fc4-9db7-d0f4095abd3b.jpg","notFood":false,"drinks":false},{"name":"בגט שניצל פולני","description":"פילה עוף איכותי עם מעטפת צ'ילי חריף ופירורי זהב בבגט חם וטרי הנאפה במקום. ","price":37,"vegan":false,"vegetarian":false,"image":"https://d25t2285lxl5rf.cloudfront.net/images/dishes/5ffbaa5e-b713-4061-9b29-bdefd58fe27c.jpg","notFood":false,"drinks":false},{"name":"בגט מיקס שניצלים","description":"מיקס שניצלים לבחירה, ערבב בין טעמי השניצלים מהטובים ביותר, סלטים ורטבים לבחירה בבאגט טרי הנאפה במקום.","price":37,"vegan":false,"vegetarian":false,"image":"https://d25t2285lxl5rf.cloudfront.net/images/dishes/41a791b8-3ca3-4217-b30e-884227e3e39d.jpg","notFood":false,"drinks":false},{"name":"פילה עוף (חמגשית)","description":"פילה עוף איכותי צרוב על הפלנצ'ה מוגש עם תוספת חמה ו 2 סלטים לבחירה. \nללא שתיה","price":45,"vegan":false,"vegetarian":false,"image":"https://d25t2285lxl5rf.cloudfront.net/images/dishes/e1572d57-aed5-42e7-97cc-41be189f9ecd.jpg","notFood":false,"drinks":false},{"name":"שניצל ספרדי (חמגשית)","description":"פילה עוף איכותי במעטפת צ'ילי חריף ופירורי זהב, מוגש עם תוספת חמה ו 2 סלטים לבחירה. \nללא שתיה","price":48,"vegan":false,"vegetarian":false,"image":"https://d25t2285lxl5rf.cloudfront.net/images/dishes/176b7f95-1d59-4943-bee3-c4aa3b26cc9e.jpg","notFood":false,"drinks":false},{"name":"בגט שניצל פולני","description":"פילה עוף איכותי עם מעטפת צ'ילי חריף ופירורי זהב בבגט חם וטרי הנאפה במקום. ","price":37,"vegan":false,"vegetarian":false,"image":"https://d25t2285lxl5rf.cloudfront.net/images/dishes/5ffbaa5e-b713-4061-9b29-bdefd58fe27c.jpg","notFood":false,"drinks":false},{"name":"בגט שניצל צרפתי","description":"פילה עוף איכותי עם מעטפת שום, חרדל דיז'ון ופירורי זהב בבגט חם וטרי הנאפה במקום.  ","price":37,"vegan":false,"vegetarian":false,"image":"https://d25t2285lxl5rf.cloudfront.net/images/dishes/d5a9531d-0a9a-4fc4-9db7-d0f4095abd3b.jpg","notFood":false,"drinks":false},{"name":"בגט שניצל ישראלי","description":"פילה עוף איכותי עם מעטפת פלאפל ופירורי זהב בבגט חם וטרי הנאפה במקום.","price":37,"vegan":false,"vegetarian":false,"image":"https://d25t2285lxl5rf.cloudfront.net/images/dishes/6fb0b509-deee-4dfd-892c-38300f052715.jpg","notFood":false,"drinks":false},{"name":"בגט שניצל סיני","description":"פילה עוף איכותי עם מעטפת שומשום ופירורי זהב בבגט חם וטרי הנאפה במקום.  ","price":37,"vegan":false,"vegetarian":false,"image":"https://d25t2285lxl5rf.cloudfront.net/images/dishes/7b093da0-867f-4cdf-b66a-22642ddd33d2.jpg","notFood":false,"drinks":false},{"name":"בגט מיקס שניצלים","description":"מיקס שניצלים לבחירה, ערבב בין טעמי השניצלים מהטובים ביותר, סלטים ורטבים לבחירה בבאגט טרי הנאפה במקום.","price":37,"vegan":false,"vegetarian":false,"image":"https://d25t2285lxl5rf.cloudfront.net/images/dishes/41a791b8-3ca3-4217-b30e-884227e3e39d.jpg","notFood":false,"drinks":false},{"name":"בגט שניצל ספרדי","description":"פילה עוף איכותי עם מעטפת צ'ילי חריף ופירורי זהב בבגט חם וטרי הנאפה במקום. ","price":37,"vegan":false,"vegetarian":false,"image":"https://d25t2285lxl5rf.cloudfront.net/images/dishes/4729ddc9-d1c6-4e64-a545-299ea813be6e.jpg","notFood":false,"drinks":false},{"name":"בגט שניצל יווני","description":"פילה עוף איכותי במעטפת שום ופירורי זהב בבגט חם וטרי הנאפה במקום. ","price":37,"vegan":false,"vegetarian":false,"image":"https://d25t2285lxl5rf.cloudfront.net/images/dishes/7cf123e1-2561-42f4-bec7-81eda0f3abc3.jpg","notFood":false,"drinks":false},{"name":"צ'וריסוס","description":"","price":38,"vegan":true,"vegetarian":true,"image":"","notFood":false,"drinks":false},{"name":"בגט שווארמה- חדש!","description":"","price":40,"vegan":false,"vegetarian":false,"image":"","notFood":false,"drinks":false},{"name":"באגט סלטים","description":"סלטים ורטבים לבחירה בבגט חם וטרי הנאפה במקום. ","price":32,"vegan":true,"vegetarian":true,"image":"","notFood":false,"drinks":false},{"name":"ארוחת ספרדי בבגט","description":"פילה עוף איכותי עם מעטפת צ'ילי חריף ופירורי זהב, סלטים ורטבים לבחירה בבגט טרי אשר נאפה במקום. \nמוגש עם צ'יפס ופחית שתייה לבחירה.  ","price":53,"vegan":false,"vegetarian":false,"image":"","notFood":false,"drinks":false},{"name":"ארוחת פולני בבגט","description":"פילה עוף איכותי עם מעטפת פירורי זהב, סלטים ורטבים לבחירה בבגט טרי אשר נאפה במקום. \nמוגש עם צ'יפס ופחית שתייה לבחירה. ","price":53,"vegan":false,"vegetarian":false,"image":"","notFood":false,"drinks":false},{"name":"ארוחת צרפתי בבגט","description":"מעטפת שום, חרדל דיז'ון ופירורי זהב","price":53,"vegan":true,"vegetarian":true,"image":"","notFood":false,"drinks":false},{"name":"ארוחת יווני בבגט","description":"פילה עוף איכותי במעטפת שום ופירורי זהב, סלטים ורטבים לבחירה בבגט טרי אשר נאפה במקום. \nמוגש עם צ'יפס ופחית שתייה לבחירה.  ","price":53,"vegan":false,"vegetarian":false,"image":"","notFood":false,"drinks":false},{"name":"ארוחת ישראלי בבגט","description":"פילה עוף איכותי עם מעטפת פלאפל ופירורי זהב, סלטים ורטבים לבחירה בבגט טרי אשר נאפה במקום. \nמוגש עם צ'יפס ופחית שתייה לבחירה. ","price":53,"vegan":false,"vegetarian":false,"image":"","notFood":false,"drinks":false},{"name":"ארוחת סיני בבגט","description":"פילה עוף איכותי עם מעטפת שומשום ופירורי זהב, סלטים ורטבים לבחירה בבגט טרי אשר נאפה במקום. \nמוגש עם צ'יפס ופחית שתייה לבחירה.  ","price":53,"vegan":false,"vegetarian":false,"image":"","notFood":false,"drinks":false},{"name":"ארוחת בגט מיקס שניצלים","description":"מיקס שניצלים לבחירה, ערבב בין טעמי השניצלים מהטובים ביותר, סלטים ורטבים לבחירה בבאגט טרי הנאפה במקום. \nמוגש עם צ'יפס ופחית שתייה לבחירה.","price":53,"vegan":false,"vegetarian":false,"image":"","notFood":false,"drinks":false},{"name":"ארוחת בגט סלטים","description":"סלטים ורטבים לבחירה בבגט טרי אשר נאפה במקום. \nמוגש עם צ'יפס ופחית שתייה לבחירה. ","price":46,"vegan":true,"vegetarian":true,"image":"","notFood":false,"drinks":false},{"name":"שניצל ספרדי (חמגשית)","description":"פילה עוף איכותי במעטפת צ'ילי חריף ופירורי זהב, מוגש עם תוספת חמה ו 2 סלטים לבחירה. \nללא שתיה","price":48,"vegan":false,"vegetarian":false,"image":"https://d25t2285lxl5rf.cloudfront.net/images/dishes/176b7f95-1d59-4943-bee3-c4aa3b26cc9e.jpg","notFood":false,"drinks":false},{"name":"שניצל פולני (חמגשית)","description":"פילה עוף איכותי במעטפת פירורי זהב, מוגש עם תוספת חמה ו 2 סלטים לבחירה.\nללא שתיה","price":48,"vegan":false,"vegetarian":false,"image":"https://d25t2285lxl5rf.cloudfront.net/images/dishes/4a101dc6-cd06-4b27-9ddd-e79d697ec173.jpg","notFood":false,"drinks":false},{"name":"שניצל צרפתי (חמגשית)","description":"פילה עוף איכותי במעטפת שום, חרדל דיז'ון ופירורי זהב, מוגש עם תוספת חמה ו 2 סלטים לבחירה. \nללא שתיה","price":48,"vegan":false,"vegetarian":false,"image":"https://d25t2285lxl5rf.cloudfront.net/images/dishes/e93d71b0-9633-4ab4-904e-bc768d299a02.jpg","notFood":false,"drinks":false},{"name":"שניצל יווני (חמגשית)","description":"פילה עוף איכותי במעטפת שום ופירורי זהב, מוגש עם תוספת חמה ו 2 סלטים לבחירה. \nללא שתיה","price":48,"vegan":false,"vegetarian":false,"image":"https://d25t2285lxl5rf.cloudfront.net/images/dishes/4845566a-2b1f-4d3e-ace9-19ceab7c3ad8.jpg","notFood":false,"drinks":false},{"name":"שניצל ישראלי (חמגשית)","description":"פילה עוף איכותי במעטפת פלאפל ופירורי זהב, מוגש עם תוספת חמה ו 2 סלטים לבחירה. \nללא שתיה","price":48,"vegan":false,"vegetarian":false,"image":"https://d25t2285lxl5rf.cloudfront.net/images/dishes/6f2815e5-7c9c-4df8-a3ad-c66e28a85f85.jpg","notFood":false,"drinks":false},{"name":"שניצל סיני (חמגשית)","description":"פילה עוף איכותי במעטפת שומשום ופירורי זהב, מוגש עם תוספת חמה ו 2 סלטים לבחירה. \nללא שתיה","price":48,"vegan":false,"vegetarian":false,"image":"https://d25t2285lxl5rf.cloudfront.net/images/dishes/86a1afad-3bd3-4ac8-988a-32c8d49441f0.jpg","notFood":false,"drinks":false},{"name":"מיקס שניצלים (חמגשית)","description":"מיקס שניצלים לבחירה, ערבב בין טעמי השניצלים מהטובים ביותר, סלטים ורטבים לבחירה בבאגט טרי הנאפה במקום. \nללא שתיה","price":48,"vegan":false,"vegetarian":false,"image":"https://d25t2285lxl5rf.cloudfront.net/images/dishes/628e70be-ef74-4411-a2a7-7e08806fabd4.jpg","notFood":false,"drinks":false},{"name":"פילה עוף (חמגשית)","description":"פילה עוף איכותי צרוב על הפלנצ'ה מוגש עם תוספת חמה ו 2 סלטים לבחירה. \nללא שתיה","price":45,"vegan":false,"vegetarian":false,"image":"https://d25t2285lxl5rf.cloudfront.net/images/dishes/e1572d57-aed5-42e7-97cc-41be189f9ecd.jpg","notFood":false,"drinks":false},{"name":"שווארמה (בחמגשית)- חדש!","description":"","price":50,"vegan":false,"vegetarian":false,"image":"","notFood":false,"drinks":false},{"name":"סלט פילה עוף","description":"פילה עוף צרוב על הפלנצ'ה מונח על סלט ירקות טריים ורעננים\nבתיבול שמן זית ולימון.\n[ערך תזונתי ל-100g - קלוריות 47, פחמימות 2.04, נתרן 55, שומן 0.91]","price":42,"vegan":false,"vegetarian":false,"image":"https://d25t2285lxl5rf.cloudfront.net/images/dishes/bd054121-3542-45d0-b43e-7571b0089c02.jpg","notFood":false,"drinks":false},{"name":"סלט שניצלים","description":"שניצל במגוון טעמי הרשת מונח על סלט ירקות טריים ורעננים\nבתיבול שמן זית ולימון.  \n[ערך תזונתי ל-100g - קלוריות 62, פחמימות 4.81, נתרן 65, שומן 2.21]","price":42,"vegan":false,"vegetarian":false,"image":"https://d25t2285lxl5rf.cloudfront.net/images/dishes/9cc5437d-a6ea-4295-8f9e-8d5d267b4a90.jpg","notFood":false,"drinks":false},{"name":"סלט בריאות","description":"סלט ירקות טריים ורעננים בתיבול שמן זית ולימון.  \n","price":37,"vegan":true,"vegetarian":true,"image":"https://d25t2285lxl5rf.cloudfront.net/images/dishes/7aeb9bcb-a6d6-48c0-898d-efa5bbb9dae5.jpg","notFood":false,"drinks":false},{"name":"סלט צ'וריסוס","description":"","price":45,"vegan":true,"vegetarian":true,"image":"","notFood":false,"drinks":false},{"name":"צ'יפס רגיל","description":"","price":14,"vegan":true,"vegetarian":true,"image":"https://d25t2285lxl5rf.cloudfront.net/images/dishes/b28c9d59-2581-43fd-b0c5-3f17510fe719.jpg","notFood":false,"drinks":false},{"name":"צ'יפס גדול","description":"","price":22,"vegan":true,"vegetarian":true,"image":"https://d25t2285lxl5rf.cloudfront.net/images/dishes/577966bb-ae8c-45fa-ae0e-79f34809cc62.jpg","notFood":false,"drinks":false},{"name":"טבעות בצל","description":"","price":22,"vegan":true,"vegetarian":true,"image":"https://d25t2285lxl5rf.cloudfront.net/images/dishes/3c13ce3f-7dcb-4fa6-89d8-2e8aada0977b.jpg","notFood":false,"drinks":false},{"name":"מיקס ציפס וכדורי פירה","description":"","price":22,"vegan":true,"vegetarian":true,"image":"https://d25t2285lxl5rf.cloudfront.net/images/dishes/75d4ebe2-7ebc-47f3-9e63-c05830265a8d.jpg","notFood":false,"drinks":false},{"name":"מיקס ציפס וטבעות בצל","description":"","price":22,"vegan":true,"vegetarian":true,"image":"https://d25t2285lxl5rf.cloudfront.net/images/dishes/551c8249-0aa4-4eff-bf1a-a945b83e691b.jpg","notFood":false,"drinks":false},{"name":"מיקס כדורי פירה וטבעות בצל","description":"","price":22,"vegan":true,"vegetarian":true,"image":"https://d25t2285lxl5rf.cloudfront.net/images/dishes/70742a14-45db-4324-9d12-3f0e4ba8e819.jpg","notFood":false,"drinks":false},{"name":"קומבינה זוגית","description":" שני בגטים עם שניצל לבחירה, צ'יפס גדול ובקבוק 1.5 ליטר קולה","price":90,"vegan":false,"vegetarian":false,"image":"https://d25t2285lxl5rf.cloudfront.net/images/dishes/f8284b94-cf24-4d1d-ba01-c8e2249eba63.jpg","notFood":false,"drinks":true},{"name":"קומבינה משולשת","description":"שלושה בגטים מוגשים עם שניצל לבחירה, צ'יפס גדול ובקבוק 1.5 ליטר קולה ","price":120,"vegan":false,"vegetarian":false,"image":"","notFood":false,"drinks":true},{"name":"קומבינה משפחתית","description":"ארבעה בגטים מוגשים עם שניצל לבחירה, צ'יפס גדול ובקבוק 1.5 ליטר קולה ","price":150,"vegan":false,"vegetarian":false,"image":"","notFood":false,"drinks":true},{"name":"פולני","description":"מעטפת פירורי זהב ","price":35,"vegan":true,"vegetarian":true,"image":"https://d25t2285lxl5rf.cloudfront.net/images/dishes/d1174af2-da7c-4d47-838d-d5908216d90d.png","notFood":false,"drinks":false},{"name":"צרפתי","description":"מעטפת שום, חרדל דיז'ון ופירורי זהב ","price":35,"vegan":true,"vegetarian":true,"image":"https://d25t2285lxl5rf.cloudfront.net/images/dishes/9ee46ff8-1a3d-475d-aa40-f2fd94de6a7c.png","notFood":false,"drinks":false},{"name":"ספרדי","description":"מעטפת צ'ילי חריף ופירורי זהב ","price":35,"vegan":true,"vegetarian":true,"image":"https://d25t2285lxl5rf.cloudfront.net/images/dishes/baa7407f-d801-42d6-8437-3009e8333e5e.png","notFood":false,"drinks":false},{"name":"יווני","description":"מעטפת שום ופירורי זהב ","price":35,"vegan":true,"vegetarian":true,"image":"https://d25t2285lxl5rf.cloudfront.net/images/dishes/76347abf-e4e8-49a3-a75c-aa12ec9fb6b9.png","notFood":false,"drinks":false},{"name":"ישראלי","description":"מעטפת פלאפל ופירורי זהב ","price":35,"vegan":true,"vegetarian":true,"image":"https://d25t2285lxl5rf.cloudfront.net/images/dishes/6b38faf4-aea8-4459-81a2-bec5c66ba70f.png","notFood":false,"drinks":false},{"name":"סיני","description":"מעטפת שומשום ופירורי זהב ","price":35,"vegan":true,"vegetarian":true,"image":"https://d25t2285lxl5rf.cloudfront.net/images/dishes/9104def4-f26b-490b-b902-5a52ab781d2e.png","notFood":false,"drinks":false},{"name":"חזה עוף צרוב","description":"","price":35,"vegan":false,"vegetarian":false,"image":"https://d25t2285lxl5rf.cloudfront.net/images/dishes/7dcdec05-6008-46f5-8d99-410f54e91e77.png","notFood":false,"drinks":false},{"name":"חזה עוף במרינדה","description":"","price":35,"vegan":false,"vegetarian":false,"image":"https://d25t2285lxl5rf.cloudfront.net/images/dishes/b3a5639a-96c8-42c6-8521-d2e58adf6442.jpg","notFood":false,"drinks":false},{"name":"פרגיות על הגריל","description":"","price":35,"vegan":false,"vegetarian":false,"image":"https://d25t2285lxl5rf.cloudfront.net/images/dishes/3c27ff0a-7afb-4194-8b0c-96189c61e175.jpg","notFood":false,"drinks":false},{"name":"שווארמה-חדש!","description":"","price":35,"vegan":false,"vegetarian":false,"image":"","notFood":false,"drinks":false},{"name":"צ'וריסוס","description":"","price":35,"vegan":true,"vegetarian":true,"image":"","notFood":false,"drinks":false},{"name":"מים מינרלים","description":"","price":8,"vegan":true,"vegetarian":true,"image":"","notFood":false,"drinks":false},{"name":"בקבוק סודה","description":"","price":9,"vegan":true,"vegetarian":true,"image":"","notFood":false,"drinks":true},{"name":"פחית קוקה קולה","description":"","price":9,"vegan":true,"vegetarian":true,"image":"","notFood":false,"drinks":true},{"name":"פחית זירו","description":"","price":9,"vegan":true,"vegetarian":true,"image":"","notFood":false,"drinks":false},{"name":"פחית פאנטה","description":"","price":9,"vegan":true,"vegetarian":true,"image":"","notFood":false,"drinks":false},{"name":"פחית פאנטה אקזוטי","description":"","price":9,"vegan":true,"vegetarian":true,"image":"","notFood":false,"drinks":false},{"name":"פחית ספרייט","description":"","price":9,"vegan":true,"vegetarian":true,"image":"","notFood":false,"drinks":true},{"name":"פחית זירו ספרייט","description":"","price":9,"vegan":true,"vegetarian":true,"image":"","notFood":false,"drinks":true},{"name":"קוקה קולה זכוכית","description":"","price":12,"vegan":true,"vegetarian":true,"image":"","notFood":false,"drinks":true},{"name":"קולה זירו זכוכית","description":"","price":12,"vegan":true,"vegetarian":true,"image":"","notFood":false,"drinks":true},{"name":"בקבוק קוקה קולה","description":"","price":12,"vegan":true,"vegetarian":true,"image":"","notFood":false,"drinks":true},{"name":"בקבוק זירו","description":"","price":12,"vegan":true,"vegetarian":true,"image":"","notFood":false,"drinks":true},{"name":"בקבוק פריגת ענבים","description":"","price":12,"vegan":true,"vegetarian":true,"image":"","notFood":false,"drinks":true},{"name":"בקבוק פריגת תפוזים","description":"","price":12,"vegan":true,"vegetarian":true,"image":"","notFood":false,"drinks":true},{"name":"בקבוק פריגת אשכוליות","description":"","price":12,"vegan":true,"vegetarian":true,"image":"","notFood":false,"drinks":true},{"name":"מים בטעם תפוח","description":"","price":12,"vegan":true,"vegetarian":true,"image":"","notFood":false,"drinks":false},{"name":"בקבוק נביעות ענבים","description":"","price":12,"vegan":true,"vegetarian":true,"image":"","notFood":false,"drinks":true},{"name":"מים בטעם אפרסק","description":"","price":12,"vegan":true,"vegetarian":true,"image":"","notFood":false,"drinks":false}]}