{"track_id":"1268","filters":["meatGrill","homeMade","fish"],"image":"https://tenbis-static.azureedge.net/restaurant-default-card-image/CuzineType_meatgrill_06.jpg","address":"משה שרת, 32 ראשון לציון","location":[34.7548817,31.99278379999999],"name":"מפגשולה","city":"ראשון לציון, חולון, בת ים","priceAverage":23.30851063829787,"menu":[{"name":"כרעיים עוף בתנור + 2 תוספות","price":44,"vegan":false,"vegetarian":false,"image":"https://d25t2285lxl5rf.cloudfront.net/images/dishes/70bf8fcb-d871-4f5e-838b-fd3ca50075a3.jpg","notFood":false,"drinks":false},{"name":"מעורב ירושלמי + 2 תוספות","description":"טחול, קורקבן, לבבות ופרגית","price":44,"vegan":false,"vegetarian":false,"image":"https://d25t2285lxl5rf.cloudfront.net/images/dishes/3ffbcb1e-eeeb-4670-a9a5-10d431ea00ef.jpg","notFood":false,"drinks":false},{"name":"דג פילה אמנון מטוגן + 2 תוספות","price":44,"vegan":false,"vegetarian":false,"image":"https://d25t2285lxl5rf.cloudfront.net/images/dishes/68b66792-b91f-4ed2-bc20-181b04b979fa.jpg","notFood":false,"drinks":false},{"name":"כבד עוף עם רצועות בצל + 2 תוספות","price":44,"vegan":false,"vegetarian":false,"image":"https://d25t2285lxl5rf.cloudfront.net/images/dishes/61f16fb2-b109-48d2-b0e0-c7141e462ebc.jpg","notFood":false,"drinks":false},{"name":"קציצות בקר ברוטב עגבניות + 2 תוספות","price":44,"vegan":false,"vegetarian":false,"image":"https://d25t2285lxl5rf.cloudfront.net/images/dishes/dfc86191-97d9-41a8-82cf-3474c31e0f70.jpg","notFood":false,"drinks":false},{"name":"נתחי עוף ברוטב פיקנטי + 2 תוספות","price":44,"vegan":false,"vegetarian":false,"image":"https://d25t2285lxl5rf.cloudfront.net/images/dishes/aadb3b48-fc77-49ca-a11a-e9d353b14f46.jpg","notFood":false,"drinks":false},{"name":"שניצל עוף + 2 תוספות","price":44,"vegan":false,"vegetarian":false,"image":"https://d25t2285lxl5rf.cloudfront.net/images/dishes/f9d3266f-4669-4caa-b3dc-0db265255430.jpg","notFood":false,"drinks":false},{"name":"סטייק פרגית + 2 תוספות","price":44,"vegan":false,"vegetarian":false,"image":"https://d25t2285lxl5rf.cloudfront.net/images/dishes/50742cc4-2e2f-4686-8a5c-8be290738121.jpg","notFood":false,"drinks":false},{"name":"קבב בקר ביתי + 2 תוספות","price":44,"vegan":false,"vegetarian":false,"image":"https://d25t2285lxl5rf.cloudfront.net/images/dishes/528998b7-aad0-46bb-bc06-95500428cd22.jpg","notFood":false,"drinks":false},{"name":"חזה על האש + 2 תוספות","price":44,"vegan":false,"vegetarian":false,"image":"https://d25t2285lxl5rf.cloudfront.net/images/dishes/83321699-6977-4bda-937a-3d444ac3567b.jpg","notFood":false,"drinks":false},{"name":"המבורגר בקר + 2 תוספות","price":44,"vegan":false,"vegetarian":false,"image":"https://d25t2285lxl5rf.cloudfront.net/images/dishes/ae5dc7f9-8ac8-4693-a37f-ca051ce3e175.jpg","notFood":false,"drinks":false},{"name":"שווארמה על שיח + 2 תוספות","price":44,"vegan":false,"vegetarian":false,"image":"https://d25t2285lxl5rf.cloudfront.net/images/dishes/3a7d4ccc-5578-44b0-a718-dbf8a1311162.jpg","notFood":false,"drinks":false},{"name":"ארוחות 3 תוספות חמות","price":35,"vegan":true,"vegetarian":true,"notFood":false,"drinks":false},{"name":"סלט ירקות + לחם","description":"חסה, מלפפון, עגבנייה, כרוב לבן, גזר, בצל, גמבה ופטרוזיליה","price":35,"vegan":true,"vegetarian":true,"image":"https://d25t2285lxl5rf.cloudfront.net/images/dishes/7d61a426-217a-45bd-ad9b-30226d153e6d.jpg","notFood":false,"drinks":false},{"name":"סלט ירקות + נתחי עוף + לחם","description":"נתחי עוף, חסה, מלפפון, עגבנייה, כרוב לבן, גזר, בצל, גמבה ופטרוזיליה","price":42,"vegan":false,"vegetarian":false,"image":"https://d25t2285lxl5rf.cloudfront.net/images/dishes/5c25fdb0-76e8-488e-a50d-ff8b07f9a61a.jpg","notFood":false,"drinks":false},{"name":"סלט ירקות + שניצל + לחם","description":"נתחי שניצל, חסה, מלפפון, עגבנייה, כרוב לבן, גזר, בצל, גמבה ופטרוזיליה","price":42,"vegan":false,"vegetarian":false,"image":"https://d25t2285lxl5rf.cloudfront.net/images/dishes/8caf9615-5ca4-41fe-9b49-15c8b142914e.jpg","notFood":false,"drinks":false},{"name":"סלט ירקות + פרגית + לחם","description":"נתחי פרגית, חסה, מלפפון, עגבנייה, כרוב לבן, גזר, בצל, גמבה ופטרוזיליה","price":42,"vegan":false,"vegetarian":false,"image":"https://d25t2285lxl5rf.cloudfront.net/images/dishes/31045fc1-84a5-4f58-a715-1f7f4df1a384.jpg","notFood":false,"drinks":false},{"name":"סלט ירקות + טונה, ביצה קשה + לחם","description":"טונה + ביצה קשה, חסה, מלפפון, עגבנייה, כרוב לבן, גזר, בצל, גמבה ופטרוזיליה","price":42,"vegan":false,"vegetarian":false,"image":"https://d25t2285lxl5rf.cloudfront.net/images/dishes/a7f754ff-eccd-420e-bf5c-b536640cb298.jpg","notFood":false,"drinks":false},{"name":"אנטריקוט בבגט + צ'יפס בצד","price":42,"vegan":false,"vegetarian":false,"image":"https://d25t2285lxl5rf.cloudfront.net/images/dishes/a0480985-fc47-4f85-9bde-9eb5430b59a7.jpg","notFood":false,"drinks":false},{"name":"שווארמה פרגית בבגט + צ'יפס בצד","price":42,"vegan":false,"vegetarian":false,"image":"https://d25t2285lxl5rf.cloudfront.net/images/dishes/d10e6324-91ce-4987-b5cf-311167787535.jpg","notFood":false,"drinks":false},{"name":"שניצל בבגט + צ'יפס בצד","price":42,"vegan":false,"vegetarian":false,"image":"https://d25t2285lxl5rf.cloudfront.net/images/dishes/2dd06430-3742-402e-8324-c2f9205a0a18.jpg","notFood":false,"drinks":false},{"name":"קבב בבגט + צ'יפס בצד","price":42,"vegan":false,"vegetarian":false,"image":"https://d25t2285lxl5rf.cloudfront.net/images/dishes/6da1660d-afd5-4081-a878-7bdc085397f9.jpg","notFood":false,"drinks":false},{"name":"פרגית בבגט + צ'יפס בצד","price":42,"vegan":false,"vegetarian":false,"image":"https://d25t2285lxl5rf.cloudfront.net/images/dishes/a1dfe034-af37-4705-9f31-f36033ffa58b.jpg","notFood":false,"drinks":false},{"name":"חזה עוף בבגט + צ'יפס בצד","price":42,"vegan":false,"vegetarian":false,"image":"https://d25t2285lxl5rf.cloudfront.net/images/dishes/11e9b6b6-27f8-4c41-beaf-e228d20d73b8.jpg","notFood":false,"drinks":false},{"name":"כבד עוף בבגט + צ'יפס בצד","price":42,"vegan":false,"vegetarian":false,"image":"https://d25t2285lxl5rf.cloudfront.net/images/dishes/3fba8de5-3523-45e9-b444-4b8c54184cdf.jpg","notFood":false,"drinks":false},{"name":"המבורגר בקר בלחמנייה + צ'יפס בצד","price":42,"vegan":false,"vegetarian":false,"image":"https://d25t2285lxl5rf.cloudfront.net/images/dishes/8a1b6b91-174f-4885-bc98-be97411c4663.jpg","notFood":false,"drinks":false},{"name":"כרע עוף בתנור","price":33,"vegan":false,"vegetarian":false,"image":"https://d25t2285lxl5rf.cloudfront.net/images/dishes/2b3e2434-d68b-4fda-a045-90a991bdcd70.jpg","notFood":false,"drinks":false},{"name":"מעורב ירושלמי","description":"פרגית,לבבות,קורקבן וטחול","price":33,"vegan":false,"vegetarian":false,"image":"https://d25t2285lxl5rf.cloudfront.net/images/dishes/12f93b13-cb0d-45f5-91ac-a49926cccaff.jpg","notFood":false,"drinks":false},{"name":"פילה דג אמנון בתנור (פיקנטי)","price":33,"vegan":false,"vegetarian":false,"image":"https://d25t2285lxl5rf.cloudfront.net/images/dishes/0d242c79-3924-4690-b96e-6e66117b7529.jpg","notFood":false,"drinks":false},{"name":"מוקפץ עוף וירקות בטריאקי","price":33,"vegan":false,"vegetarian":false,"image":"https://d25t2285lxl5rf.cloudfront.net/images/dishes/cf27a3ba-6930-41f8-9c2a-703d507fa53c.jpg","notFood":false,"drinks":false},{"name":"מוקפץ עוף וירקות בצ'ילי","price":33,"vegan":false,"vegetarian":false,"image":"https://d25t2285lxl5rf.cloudfront.net/images/dishes/e2fe367b-7532-4615-bbdf-39de9b0d4012.jpg","notFood":false,"drinks":false},{"name":"שניצל עוף","price":33,"vegan":false,"vegetarian":false,"image":"https://d25t2285lxl5rf.cloudfront.net/images/dishes/3facb74b-31b7-4aca-9b3d-9c988dce9a18.jpg","notFood":false,"drinks":false},{"name":"סטייק פרגית","price":33,"vegan":false,"vegetarian":false,"image":"https://d25t2285lxl5rf.cloudfront.net/images/dishes/48ee8b3a-36bb-4878-b1bd-eeb0c9e89451.jpg","notFood":false,"drinks":false},{"name":"קבב בקר ביתי","price":33,"vegan":false,"vegetarian":false,"image":"https://d25t2285lxl5rf.cloudfront.net/images/dishes/fb5d3443-fc94-4da3-aba9-b61f7d61f753.jpg","notFood":false,"drinks":false},{"name":"חזה עוף על האש","price":33,"vegan":false,"vegetarian":false,"image":"https://d25t2285lxl5rf.cloudfront.net/images/dishes/00f0e234-d848-4857-8810-d7c974563289.jpg","notFood":false,"drinks":false},{"name":"כבד עוף עם בצל","price":33,"vegan":false,"vegetarian":false,"image":"https://d25t2285lxl5rf.cloudfront.net/images/dishes/503d49d7-2786-4465-ac0c-5a78c84478ae.jpg","notFood":false,"drinks":false},{"name":"שווארמה פרגית של שיח","price":33,"vegan":false,"vegetarian":false,"image":"https://d25t2285lxl5rf.cloudfront.net/images/dishes/17553374-8798-4ba5-8bf7-ce325431d37b.jpg","notFood":false,"drinks":false},{"name":"קציצות בשר בקר ברוטב עגבניות","price":33,"vegan":false,"vegetarian":false,"image":"https://d25t2285lxl5rf.cloudfront.net/images/dishes/9a285f92-7f37-470f-80c4-5fae014f6dc5.jpg","notFood":false,"drinks":false},{"name":"נתחי עוף ברוטב פיקנטי","price":33,"vegan":false,"vegetarian":false,"notFood":false,"drinks":false},{"name":"צמחוני - פלפל ממולא","price":25,"vegan":true,"vegetarian":true,"notFood":false,"drinks":false},{"name":"צ'יפס גדול","price":18,"vegan":true,"vegetarian":true,"image":"https://d25t2285lxl5rf.cloudfront.net/images/dishes/75b6a432-d8b2-4060-a47c-ead89b60a707.jpg","notFood":false,"drinks":false},{"name":"סלט ירקות גדול","price":25,"vegan":true,"vegetarian":true,"image":"https://d25t2285lxl5rf.cloudfront.net/images/dishes/4c795ba7-e127-486a-a15f-296635842fdf.jpg","notFood":false,"drinks":false},{"name":"אנטיפסטי גדול","price":25,"vegan":true,"vegetarian":true,"image":"https://d25t2285lxl5rf.cloudfront.net/images/dishes/df37aaef-2adf-49e7-9dc7-37c6a835737c.jpg","notFood":false,"drinks":false},{"name":"פירה גדול","price":25,"vegan":true,"vegetarian":true,"image":"https://d25t2285lxl5rf.cloudfront.net/images/dishes/d791aa6e-0f9e-42dd-a50b-9f72dabea5f5.jpg","notFood":false,"drinks":false},{"name":"אורז לבן גדול","price":25,"vegan":true,"vegetarian":true,"image":"https://d25t2285lxl5rf.cloudfront.net/images/dishes/188ce2a6-bd6b-4ed2-92ca-810fec5d5aed.jpg","notFood":false,"drinks":false},{"name":"אורז כורכום צהוב גדול","price":25,"vegan":true,"vegetarian":true,"image":"https://d25t2285lxl5rf.cloudfront.net/images/dishes/caba7914-a486-4c9e-889a-fafe779186b1.jpg","notFood":false,"drinks":false},{"name":"שעועית ירוקה ברוטב עגבניות גדול","price":25,"vegan":true,"vegetarian":true,"image":"https://d25t2285lxl5rf.cloudfront.net/images/dishes/5a3e4671-8ef0-413c-a0db-75e862a10a5f.jpg","notFood":false,"drinks":false},{"name":"אורז אושפלו גדול","price":25,"vegan":true,"vegetarian":true,"notFood":false,"drinks":false},{"name":"פסטה פסטו גדול","price":25,"vegan":true,"vegetarian":true,"notFood":false,"drinks":false},{"name":"כרוב לבן מאודה גדול","price":25,"vegan":true,"vegetarian":true,"notFood":false,"drinks":false},{"name":"טחינה  100 מ\"ל","price":5,"vegan":true,"vegetarian":true,"image":"https://d25t2285lxl5rf.cloudfront.net/images/dishes/fc39e061-5079-43ba-b46f-7b6a2c85359f.jpg","notFood":false,"drinks":false},{"name":"סחוג ירוק 100 מ\"ל","price":5,"vegan":true,"vegetarian":true,"image":"https://d25t2285lxl5rf.cloudfront.net/images/dishes/ed2f89ce-fbb0-49ad-b210-748176fd33b6.jpg","notFood":false,"drinks":false},{"name":"כרוב אדום 100 מ\"ל","price":5,"vegan":true,"vegetarian":true,"image":"https://d25t2285lxl5rf.cloudfront.net/images/dishes/76604a89-158a-4e1d-a82f-945afa642197.jpg","notFood":false,"drinks":false},{"name":"סלט גזר 100 מ\"ל","price":5,"vegan":true,"vegetarian":true,"image":"https://d25t2285lxl5rf.cloudfront.net/images/dishes/9161851e-b067-4d36-92e2-1e22549adab2.jpg","notFood":false,"drinks":false},{"name":"סלק אדום 100 מ\"ל","price":5,"vegan":true,"vegetarian":true,"image":"https://d25t2285lxl5rf.cloudfront.net/images/dishes/4c99052c-61c5-4f02-a530-5bfe24711062.jpg","notFood":false,"drinks":false},{"name":"סלט ירקות 100 מ\"ל","description":"מלפפון, עגבניה וכרוב לבן","price":5,"vegan":true,"vegetarian":true,"image":"https://d25t2285lxl5rf.cloudfront.net/images/dishes/93a730bf-3131-4e25-a9b7-69b2f1646b17.jpg","notFood":false,"drinks":false},{"name":"חצילים במיונז  100 מ\"ל","price":5,"vegan":false,"vegetarian":true,"image":"https://d25t2285lxl5rf.cloudfront.net/images/dishes/253380b1-cd29-47d2-8e34-6a91e8ffdae0.jpg","notFood":false,"drinks":false},{"name":"מלפפונים חמוצים  100 מ\"ל","price":5,"vegan":true,"vegetarian":true,"image":"https://d25t2285lxl5rf.cloudfront.net/images/dishes/c8ecbeb2-394f-4e17-98f0-03577215fc33.jpg","notFood":false,"drinks":false},{"name":"שיפקה  100 מ\"ל","price":5,"vegan":true,"vegetarian":true,"image":"https://d25t2285lxl5rf.cloudfront.net/images/dishes/c28e4810-be58-4268-9005-8c3c89926e40.jpg","notFood":false,"drinks":false},{"name":"לחם דגנים","price":5,"vegan":false,"vegetarian":false,"image":"https://d25t2285lxl5rf.cloudfront.net/images/dishes/0468bc37-0ce9-4efa-818a-f9ce4ecf6bb7.jpg","notFood":false,"drinks":false},{"name":"פיתה","price":5,"vegan":true,"vegetarian":true,"image":"https://d25t2285lxl5rf.cloudfront.net/images/dishes/07ec284b-02c7-4030-826b-64d9c43ccac5.jpg","notFood":false,"drinks":false},{"name":"כרוב כבוש 100 מ\"ל","price":5,"vegan":true,"vegetarian":true,"notFood":false,"drinks":false},{"name":"חמוצים תורשי  100 מ\"ל","price":5,"vegan":true,"vegetarian":true,"notFood":false,"drinks":false},{"name":"סלסה עגבניות  100 מ\"ל","price":5,"vegan":true,"vegetarian":true,"notFood":false,"drinks":false},{"name":"בגט","price":6,"vegan":true,"vegetarian":true,"notFood":false,"drinks":false},{"name":"גבטה","price":6,"vegan":true,"vegetarian":true,"notFood":false,"drinks":false},{"name":"פחית קוקה קולה","price":9,"vegan":true,"vegetarian":true,"notFood":false,"drinks":true},{"name":"פחית זירו","price":9,"vegan":true,"vegetarian":true,"notFood":false,"drinks":false},{"name":"פחית ספרייט","price":9,"vegan":true,"vegetarian":true,"notFood":false,"drinks":true},{"name":"פחית זירו ספרייט","price":9,"vegan":true,"vegetarian":true,"notFood":false,"drinks":true},{"name":"מים מינרלים","price":10,"vegan":true,"vegetarian":true,"notFood":false,"drinks":false},{"name":"ענבים זכוכית","price":10,"vegan":true,"vegetarian":true,"notFood":false,"drinks":true},{"name":"תפוזים זכוכית","price":10,"vegan":true,"vegetarian":true,"notFood":false,"drinks":false},{"name":"אשכולית זכוכית","price":10,"vegan":true,"vegetarian":true,"notFood":false,"drinks":false},{"name":"סודה","price":9,"vegan":true,"vegetarian":true,"notFood":false,"drinks":true},{"name":"קוקה קולה זכוכית","price":10,"vegan":true,"vegetarian":true,"notFood":false,"drinks":true},{"name":"קולה זירו זכוכית","price":10,"vegan":true,"vegetarian":true,"notFood":false,"drinks":true},{"name":"ספרייט זכוכית","price":10,"vegan":true,"vegetarian":true,"notFood":false,"drinks":true},{"name":"ד.ספרייט זכוכית","price":10,"vegan":true,"vegetarian":true,"notFood":false,"drinks":true},{"name":"נסטי אפרסק","price":10,"vegan":true,"vegetarian":true,"notFood":false,"drinks":true},{"name":"שוופס בטעם לימונים","price":10,"vegan":true,"vegetarian":true,"notFood":false,"drinks":false},{"name":"מים בטעם תפוח שוופס","price":10,"vegan":true,"vegetarian":true,"notFood":false,"drinks":false},{"name":"מים בטעם ענבים שוופס","price":10,"vegan":true,"vegetarian":true,"notFood":false,"drinks":true},{"name":"מים בטעם פירות יער שוופס","price":10,"vegan":true,"vegetarian":true,"notFood":false,"drinks":false},{"name":"סיידר תפוחים","price":10,"vegan":true,"vegetarian":true,"notFood":false,"drinks":true},{"name":"בירה שחורה","price":10,"vegan":true,"vegetarian":true,"notFood":false,"drinks":true},{"name":"משקה אנרגיה","price":10,"vegan":true,"vegetarian":true,"notFood":false,"drinks":false},{"name":"בקבוק 1.5 ליטר קולה זירו","price":15,"vegan":true,"vegetarian":true,"notFood":false,"drinks":true},{"name":"בקבוק 1.5 ליטר קוקה קולה","price":15,"vegan":true,"vegetarian":true,"notFood":false,"drinks":true},{"name":"בקבוק 1.5 ליטר סודה","price":15,"vegan":true,"vegetarian":true,"notFood":false,"drinks":true},{"name":"בקבוק 1.5 ליטר מים בטעם ענבים","price":15,"vegan":true,"vegetarian":true,"notFood":false,"drinks":true},{"name":"בקבוק 1.5 ליטר מים בטעם פירות יער","price":15,"vegan":true,"vegetarian":true,"notFood":false,"drinks":true},{"name":"בקבוק 1.5 ליטר ענבים","price":15,"vegan":true,"vegetarian":true,"notFood":false,"drinks":true},{"name":"בקבוק 1.5 ליטר אשכוליות","price":15,"vegan":true,"vegetarian":true,"notFood":false,"drinks":true}]}