{"track_id":"12739","filters":["coffeeHouse","sandwichesWraps","salads"],"image":"https://tenbis-static.azureedge.net/restaurant-card-image/ResCard_12739_20200603112219.jpg","address":"הסדנא, 6 רעננה","location":[34.8785902,32.1950275],"name":"לנדוור רעננה","city":"כפר סבא","priceAverage":43.525,"menu":[{"name":"לנדוור בורגר","description":"250 גרם בשר בקר משובח בלחמניית בריוש, עם ירקות טריים. מוגש עם צ'יפס","price":69,"vegan":false,"vegetarian":false,"image":"https://d25t2285lxl5rf.cloudfront.net/images/dishes/9ae36d47-6991-4c3e-ab51-08b6960214ed.jpg","notFood":false,"drinks":false},{"name":"המבורגר טבעוני 🌱\t","description":"*טבעוני* המבורגר טבעוני  עם איולי טבעוני וירקות טריים בלחמניית בריוש. מוגש עם תפוחי אדמה צלויים \n\tומבוקעים\n","price":69,"vegan":true,"vegetarian":true,"image":"https://d25t2285lxl5rf.cloudfront.net/images/dishes/bd086232-aedf-4081-9fb9-ebd4df440cc7.jpg","notFood":false,"drinks":false},{"name":"מנת לחם - בייגל עם דואה\t","description":"*טבעוני* בייגל מחמצת גדול מוגש חם מהתנור, עם תערובת דואה מצרית ושמן זית ","price":24,"vegan":true,"vegetarian":true,"image":"https://d25t2285lxl5rf.cloudfront.net/images/dishes/ed1ea818-8891-4274-a061-141e7c58334a.jpg","notFood":false,"drinks":false},{"name":"כרובית פריכה","description":"\tכרובית פריכה מטוגנת מוגשת עם איולי חרדל","price":34,"vegan":true,"vegetarian":true,"image":"https://d25t2285lxl5rf.cloudfront.net/images/dishes/c9e1b828-fa8a-45c9-b726-8f459f1f6503.jpg","notFood":false,"drinks":false},{"name":"גבינת חלומי מטוגנת\n","description":"מוגשת על איולי בזיליקום","price":38,"vegan":false,"vegetarian":true,"image":"https://d25t2285lxl5rf.cloudfront.net/images/dishes/65cf915b-4887-46ed-a1b6-9c337b97086e.jpg","notFood":false,"drinks":false},{"name":"חציל שלם קלוי על טחינה","description":"*טבעוני* חציל קלוי בתנור עם שמן זית, מוגש על טחינה, זרעי עגבנייה, צ'ילי, פטרוזיליה קצוצה וסירופ בלסמי \n\tמצומצם\n","price":38,"vegan":true,"vegetarian":true,"image":"https://d25t2285lxl5rf.cloudfront.net/images/dishes/d36935a0-9564-4c76-8d13-091e0587b003.jpg","notFood":false,"drinks":false},{"name":"בוריק","description":"\tבצק פילאס אפוי במילוי תרד וג'יבנה, מוגש עם יוגורט עשבים","price":36,"vegan":true,"vegetarian":true,"image":"https://d25t2285lxl5rf.cloudfront.net/images/dishes/1688ad7a-c82b-486d-884d-e3f904e9a0ae.jpg","notFood":false,"drinks":false},{"name":"לביבות מנגולד","description":"לביבות מנגולד ותרד עם יוגורט יווני וסלסה ורדה","price":36,"vegan":true,"vegetarian":true,"image":"https://d25t2285lxl5rf.cloudfront.net/images/dishes/73f1d4e5-3eec-4ad5-ad9a-3c01f3b7d47c.jpg","notFood":false,"drinks":false},{"name":"לנדוור בורגר","description":"250 גרם בשר בקר משובח בלחמניית בריוש, עם ירקות טריים. מוגש עם צ'יפס","price":69,"vegan":false,"vegetarian":false,"image":"https://d25t2285lxl5rf.cloudfront.net/images/dishes/9ae36d47-6991-4c3e-ab51-08b6960214ed.jpg","notFood":false,"drinks":false},{"name":"קלאב סלמון מעושן","description":"טוסט גבוה משלוש פרוסות של חלת בריוש במילוי סלמון מעושן, גבינה סקנדינבית, איולי חרדל ודבש, עגבנייה, רוקט וטבסקו. מוגש עם סלט ירוק","price":57,"vegan":false,"vegetarian":false,"image":"https://d25t2285lxl5rf.cloudfront.net/images/dishes/ede44620-cda5-4cfa-96bf-62a00360eb15.jpg","notFood":false,"drinks":false},{"name":"כריך עוף","description":"חזה עוף צלוי ועסיסי עם אבוקדו / פלפל קלוי, רוטב איולי וירקות טריים, מוגש עם סלט ירוק","price":55,"vegan":false,"vegetarian":false,"image":"https://d25t2285lxl5rf.cloudfront.net/images/dishes/0b7a94d2-7ec6-4671-93c8-6db292c55cf6.jpg","notFood":false,"drinks":false},{"name":"שניצל קלאסי","description":"חזה עוף עסיסי מטוגן בציפוי פריך. מוגש עם תוספת לבחירה","price":68,"vegan":false,"vegetarian":false,"image":"https://d25t2285lxl5rf.cloudfront.net/images/dishes/6d25306d-b254-4edb-99e0-a43a8a3f0c9e.jpg","notFood":false,"drinks":false},{"name":"חזה עוף במרינדת תבלינים","description":"חזה עוף צלוי במרינדת תבלינים. מוגש עם תוספת לבחירה","price":67,"vegan":false,"vegetarian":false,"image":"https://d25t2285lxl5rf.cloudfront.net/images/dishes/3d01e6fa-e0c5-445e-af8e-835e85354bc0.jpg","notFood":false,"drinks":false},{"name":"סקלופיני עוף עם ארטישוק צלוי ועגבניות","description":"חזה עוף בציפוי פריך עם ארטישוקים ועגבניות שרי צלויים ביין לבן. מוגש עם פירה נימוח","price":69,"vegan":false,"vegetarian":false,"image":"https://d25t2285lxl5rf.cloudfront.net/images/dishes/f6a5848a-251b-4f45-93d0-15e918a2468f.jpg","notFood":false,"drinks":false},{"name":"פרגית בסילאן והדרים","description":"סטייק פרגית ברוטב מתקתק של סילאן והדרים,\nמוגש עם תוספת לבחירה\n","price":69,"vegan":false,"vegetarian":false,"image":"https://d25t2285lxl5rf.cloudfront.net/images/dishes/3427250.jpg","notFood":false,"drinks":false},{"name":"פרגית במרינדת תבלינים","description":"פרגית במרינדת תבלינים מוגש עם תוספת לבחירה","price":67,"vegan":false,"vegetarian":false,"image":"https://d25t2285lxl5rf.cloudfront.net/images/dishes/3429174.jpg","notFood":false,"drinks":false},{"name":"מג'דרה שלנו","description":"אורז מלא עגול, עדשים ירוקות בלאדי, עדשי קוויאר שחורות וקריספי שאלוט, לצד סלט ירוקים לימוני ויוגורט/טחינה","price":52,"vegan":true,"vegetarian":true,"image":"https://d25t2285lxl5rf.cloudfront.net/images/dishes/952a8c1a-69d6-4d45-8e57-bd854b523a88.jpg","notFood":false,"drinks":false},{"name":"לנדוור בורגר","description":"250 גרם בשר בקר משובח בלחמניית בריוש, עם ירקות טריים. מוגש עם צ'יפס","price":69,"vegan":false,"vegetarian":false,"image":"https://d25t2285lxl5rf.cloudfront.net/images/dishes/9ae36d47-6991-4c3e-ab51-08b6960214ed.jpg","notFood":false,"drinks":false},{"name":"המבורגר טבעוני 🌱\t","description":"*טבעוני* המבורגר טבעוני  עם איולי טבעוני וירקות טריים בלחמניית בריוש. מוגש עם תפוחי אדמה צלויים \n\tומבוקעים\n","price":69,"vegan":true,"vegetarian":true,"image":"https://d25t2285lxl5rf.cloudfront.net/images/dishes/bd086232-aedf-4081-9fb9-ebd4df440cc7.jpg","notFood":false,"drinks":false},{"name":"פסטה נפוליטנה\t","description":"רוטב עגבניות טריות ובזיליקום","price":55,"vegan":true,"vegetarian":true,"image":"https://d25t2285lxl5rf.cloudfront.net/images/dishes/3427231.jpg","notFood":false,"drinks":false},{"name":"פסטה פטריות צלויות ושמנת","description":"\tפטריות צלויות, שמנת ופרמז'ן","price":64,"vegan":false,"vegetarian":true,"image":"https://d25t2285lxl5rf.cloudfront.net/images/dishes/529cdd3a-a64a-4064-ad9e-601ef2c2b279.jpg","notFood":false,"drinks":false},{"name":"פסטה בטטה וערמונים","description":"קוביות בטטה צלויות, ערמונים, פרמז'ן ובזיליקום\n","price":64,"vegan":false,"vegetarian":true,"image":"https://d25t2285lxl5rf.cloudfront.net/images/dishes/408ee1ab-1244-45bf-a1f5-3aabac8efe60.jpg","notFood":false,"drinks":false},{"name":"פסטה עגבניות ורודות","description":"\tעגבניות צלויות, רוטב עגבניות ומעט שמנת ובזיליקום","price":52,"vegan":false,"vegetarian":true,"image":"https://d25t2285lxl5rf.cloudfront.net/images/dishes/a7656158-8fdb-4e17-9775-cfb8e804072b.jpg","notFood":false,"drinks":false},{"name":"רביולי ברוטב פטריות צלויות ושמנת","description":"רביולי גבינות ברוטב פטריות צלויות, שמנת ופרמז'ן","price":68,"vegan":false,"vegetarian":true,"image":"https://d25t2285lxl5rf.cloudfront.net/images/dishes/947013a2-eac8-4001-aed8-7cff16a98103.jpg","notFood":false,"drinks":false},{"name":"רביולי ברוטב עגבניות ורודות\n","description":"רביולי גבינות ברוטב עגבניות צלויות, רוטב עגבניות ומעט שמנת, פרמז'ן ובזיליקום","price":65,"vegan":false,"vegetarian":true,"image":"https://d25t2285lxl5rf.cloudfront.net/images/dishes/5a589892-ded7-4ed7-aee0-f196ed27e77e.jpg","notFood":false,"drinks":false},{"name":"ריזוטו ים תיכוני עם קראסט פיסטוק","description":"תבשיל אורז מלא עם ירקות שורש ועגבניות שרי צלויות בציר ירקות ויין עם פיסטוק טחון, תערובת דואה וגרידת לימון *ניתן להזמין ללא פרמז'ן (טבעוני)*","price":57,"vegan":false,"vegetarian":true,"image":"https://d25t2285lxl5rf.cloudfront.net/images/dishes/dc1f985d-44e7-42f1-ad96-c76711e6ff8f.jpg","notFood":false,"drinks":false},{"name":"ריזוטו פטריות","description":"פטריות שמפיניון ושימג'י, כרישה, יין לבן, שמנת מתוקה ופרמז'ן","price":58,"vegan":false,"vegetarian":true,"image":"https://d25t2285lxl5rf.cloudfront.net/images/dishes/dc66e4b6-06b8-4f8a-a6b5-06c410a7d73c.jpg","notFood":false,"drinks":false},{"name":"פיצה מרגריטה\n","description":"\tרוטב עגבניות עשיר ומוצרלה איטלקית ","price":55,"vegan":false,"vegetarian":true,"image":"https://d25t2285lxl5rf.cloudfront.net/images/dishes/43b3b2ed-db46-467d-8247-6f986b21a8d9.jpg","notFood":false,"drinks":false},{"name":"פיצה פסטו","description":"\tרוטב פסטו, מוצרלה איטלקית, פטה, פרמז'ן וגבינת עיזים","price":59,"vegan":false,"vegetarian":true,"image":"https://d25t2285lxl5rf.cloudfront.net/images/dishes/75ca7681-2d35-413e-8a8f-c7f7540f6879.jpg","notFood":false,"drinks":false},{"name":"המבורגר טבעוני 🌱\t","description":"*טבעוני* המבורגר טבעוני  עם איולי טבעוני וירקות טריים בלחמניית בריוש. מוגש עם תפוחי אדמה צלויים \n\tומבוקעים\n","price":69,"vegan":true,"vegetarian":true,"image":"https://d25t2285lxl5rf.cloudfront.net/images/dishes/bd086232-aedf-4081-9fb9-ebd4df440cc7.jpg","notFood":false,"drinks":false},{"name":"מנת לחם - בייגל עם דואה\t","description":"*טבעוני* בייגל מחמצת גדול מוגש חם מהתנור, עם תערובת דואה מצרית ושמן זית ","price":24,"vegan":true,"vegetarian":true,"image":"https://d25t2285lxl5rf.cloudfront.net/images/dishes/ed1ea818-8891-4274-a061-141e7c58334a.jpg","notFood":false,"drinks":false},{"name":"חציל שלם קלוי על טחינה","description":"*טבעוני* חציל קלוי בתנור עם שמן זית, מוגש על טחינה, זרעי עגבנייה, צ'ילי, פטרוזיליה קצוצה וסירופ בלסמי \n\tמצומצם\n","price":38,"vegan":true,"vegetarian":true,"image":"https://d25t2285lxl5rf.cloudfront.net/images/dishes/d36935a0-9564-4c76-8d13-091e0587b003.jpg","notFood":false,"drinks":false},{"name":"ריזוטו ים תיכוני עם קראסט פיסטוק","description":"תבשיל אורז מלא עם ירקות שורש ועגבניות שרי צלויות בציר ירקות ויין עם פיסטוק טחון, תערובת דואה וגרידת לימון *ניתן להזמין ללא פרמז'ן (טבעוני)*","price":57,"vegan":false,"vegetarian":true,"image":"https://d25t2285lxl5rf.cloudfront.net/images/dishes/dc1f985d-44e7-42f1-ad96-c76711e6ff8f.jpg","notFood":false,"drinks":false},{"name":"כריך חביתת עדשים","description":"אבוקדו בעונה (או פלפל קלוי), טחינה, ממרח עגבניות  מיובשות, מלפפון, עגבנייה וחסה *טבעוני\n\n","price":44,"vegan":true,"vegetarian":true,"image":"https://d25t2285lxl5rf.cloudfront.net/images/dishes/36c5ee50-464f-4832-aea7-ebdd3ec5fb38.jpg","notFood":false,"drinks":false},{"name":"כריך VUNA","description":"*טבעוני* סלט VUNA, איולי טבעוני ולימון כבוש, אבוקדו, עגבנייה וחסה. מוגש עם סלט ירוק","price":44,"vegan":true,"vegetarian":true,"image":"https://d25t2285lxl5rf.cloudfront.net/images/dishes/b5b94362-0b85-4508-a283-be480f5ac0db.jpg","notFood":false,"drinks":false},{"name":"סלט ניסואז טבעוני","description":"*טבעוני* VUNA, אבוקדו, קרעי תפוחי אדמה צלויים, שעועית ירוקה, זיתי קלמטה, חסה, ארוגולה, עגבניות וצנוניות בויניגרט נענע ולימון","price":63,"vegan":true,"vegetarian":true,"image":"https://d25t2285lxl5rf.cloudfront.net/images/dishes/5ce0100c-719e-480c-81f9-1a6d36bd8fd9.jpg","notFood":false,"drinks":false},{"name":"פסטה נפוליטנה\t🌱","description":"רוטב עגבניות טריות ובזיליקום\t","price":55,"vegan":true,"vegetarian":true,"image":"https://d25t2285lxl5rf.cloudfront.net/images/dishes/3429198.jpg","notFood":false,"drinks":false},{"name":"סופר שווארמה\t","description":"*טבעוני* נתחי שווארמה סופר פוד מוזהבים עם בצל מתוק ופלפלים צבעוניים, מוגשים על מצע של טחינת לימונים כבושים עם פלוט טימין\t","price":53,"vegan":false,"vegetarian":false,"image":"https://d25t2285lxl5rf.cloudfront.net/images/dishes/e2cbbb9d-1683-4045-beab-8af5c69cee86.jpg","notFood":false,"drinks":false},{"name":"תבשיל כוסמת ירוקה וטופו","description":"*טבעוני* כוסמת ובורגול עם טופו, ברוקולי, בטטה, תרד, ירקות שורש, אגוזי מלך, עשבי תיבול, טחינה וסילאן","price":55,"vegan":true,"vegetarian":true,"image":"https://d25t2285lxl5rf.cloudfront.net/images/dishes/5ef3a415-3eca-49dd-9e24-b72eab79c4a9.jpg","notFood":false,"drinks":false},{"name":"רוזלך לוטוס 🌱","description":"בצק פריך בתנור לבנים במילוי עשיר של ממרח עוגיות לוטוס ","price":47,"vegan":true,"vegetarian":true,"image":"https://d25t2285lxl5rf.cloudfront.net/images/dishes/bf393d52-f672-4357-a584-6e6dfa5e2bf0.jpg","notFood":false,"drinks":false},{"name":"סלט ניסואז טבעוני","description":"*טבעוני* VUNA, אבוקדו, קרעי תפוחי אדמה צלויים, שעועית ירוקה, זיתי קלמטה, חסה, ארוגולה, עגבניות וצנוניות בויניגרט נענע ולימון","price":63,"vegan":true,"vegetarian":true,"image":"https://d25t2285lxl5rf.cloudfront.net/images/dishes/5ce0100c-719e-480c-81f9-1a6d36bd8fd9.jpg","notFood":false,"drinks":false},{"name":"סלט חלומי ופסטו אגוזים","description":"עגבניות שרי צבעוניות, ארטישוק, ארוגולה\nובזיליקום בויניגרט שרי עם גבינת חלומי צרובה\nעל פסטו ריחן ואגוזים. מוגש עם לחמניה\nמהבייקרי של לנדוור\n","price":65,"vegan":false,"vegetarian":true,"image":"https://d25t2285lxl5rf.cloudfront.net/images/dishes/3429171.jpg","notFood":false,"drinks":false},{"name":"סלט עוף ועדשים","description":"עגבניות שרי, מלפפונים, חסה לאליק, ברוקולי,\nצנוניות ואבוקדו בויניגרט נענע ולימון עם נתחי\nעוף עסיסיים צלויים בגריל. מוגש עם לחמניה\nמהבייקרי של לנדוור\n","price":65,"vegan":false,"vegetarian":false,"image":"https://d25t2285lxl5rf.cloudfront.net/images/dishes/3429172.jpg","notFood":false,"drinks":false},{"name":"סלט קיסר מושלג","description":"לבבות חסה קיסר, עלי חסה לאליק וקרוטונים\nברוטב קיסר לימוני עם שלג פרמז'ן\n","price":45,"vegan":false,"vegetarian":true,"image":"https://d25t2285lxl5rf.cloudfront.net/images/dishes/3429173.jpg","notFood":false,"drinks":false},{"name":"סלט ים תיכוני","description":"פטה עם זעתר וסומק על מצע עשיר של ירקות טריים - מיקס עגבניות, פלפלים, מלפפונים, צנוניות, זיתי \n\tקלמטה, חסה, ארוגולה ובצל סגול בויניגרט נענע ולימון\n","price":61,"vegan":false,"vegetarian":true,"image":"https://d25t2285lxl5rf.cloudfront.net/images/dishes/6a2405d7-a1ee-4986-b034-c29b3bf97c88.jpg","notFood":false,"drinks":false},{"name":"סלט קצוץ","description":"עגבניה, מלפפון ופטרוזיליה. מוגש לצד ביצה קשה וטחינה.","price":38,"vegan":false,"vegetarian":true,"image":"https://d25t2285lxl5rf.cloudfront.net/images/dishes/3d3df2d4-7b42-4a83-920c-f55fba0ab4a6.jpg","notFood":false,"drinks":false},{"name":"סלט איכרים איטלקי\t","description":"מוצרלה טרייה, מיקס עגבניות, פלפלים קלויים, חסה, ארוגולה, בצל סגול וצנוניות בויניגרט בלסמי, מוגש \n\tעל פוקצ'ה אפויה במקום\n","price":65,"vegan":false,"vegetarian":true,"image":"https://d25t2285lxl5rf.cloudfront.net/images/dishes/26651644-7d59-473c-868a-464527a4bf44.jpg","notFood":false,"drinks":false},{"name":"סלט לבבות ארטישוק וסלק צבעוני","description":"לבבות ארטישוק בגריל, סלקים צלויים, אגסים, צנוניות וארוגולה עם גבינת פטה דודוני יוונית בויניגרט שרי. *מגיע ללא לחמניה","price":54,"vegan":false,"vegetarian":true,"image":"https://d25t2285lxl5rf.cloudfront.net/images/dishes/aebe449e-bc7d-4f9b-a34e-eb561c97c5fd.jpg","notFood":false,"drinks":false},{"name":"כריך חביתת עדשים","description":"אבוקדו בעונה (או פלפל קלוי), טחינה, ממרח עגבניות  מיובשות, מלפפון, עגבנייה וחסה *טבעוני\n\n","price":44,"vegan":true,"vegetarian":true,"image":"https://d25t2285lxl5rf.cloudfront.net/images/dishes/36c5ee50-464f-4832-aea7-ebdd3ec5fb38.jpg","notFood":false,"drinks":false},{"name":"כריך VUNA","description":"*טבעוני* סלט VUNA, איולי טבעוני ולימון כבוש, אבוקדו, עגבנייה וחסה. מוגש עם סלט ירוק","price":44,"vegan":true,"vegetarian":true,"image":"https://d25t2285lxl5rf.cloudfront.net/images/dishes/b5b94362-0b85-4508-a283-be480f5ac0db.jpg","notFood":false,"drinks":false},{"name":"כריך חביתה","description":"מוגשת בלחם חם עם מלפפון, עגבנייה , חסה וגבינת שמנת / טחינה.","price":44,"vegan":false,"vegetarian":true,"image":"https://d25t2285lxl5rf.cloudfront.net/images/dishes/ca995ba9-e5e7-4f4f-ae2b-999ec3f0d33c.jpg","notFood":false,"drinks":false},{"name":"בייגל טוסט ירושלמי","description":"\tגבינה צהובה, ביצה קשה, ממרח עגבניות מיובשות וזעתר. מוגש עם סלט ירוק ואיולי פסטו","price":49,"vegan":false,"vegetarian":true,"image":"https://d25t2285lxl5rf.cloudfront.net/images/dishes/4f971806-5f32-4135-a059-c41c92baba23.jpg","notFood":false,"drinks":false},{"name":"בייגל טוסט צהובה","description":"גבינה צהובה, עגבנייה, חמאה ובזיליקום. מוגש עם סלט ירוק ואיולי פסטו","price":47,"vegan":false,"vegetarian":true,"image":"https://d25t2285lxl5rf.cloudfront.net/images/dishes/c5e6e266-5996-4b8f-b3c4-9fb47e9a7dc1.jpg","notFood":false,"drinks":false},{"name":"בייגל טוסט בולגרית","description":"\tגבינה צהובה, גבינה בולגרית, עגבנייה, בצל בזעתר וזיתי קלמטה. מוגש עם סלט ירוק ואיולי פסטו","price":49,"vegan":false,"vegetarian":true,"image":"https://d25t2285lxl5rf.cloudfront.net/images/dishes/d45be980-8ca7-4499-ae0a-1f2adbcd0275.jpg","notFood":false,"drinks":false},{"name":"פסטה","description":"ברוטב עגבניות או שמנת לבחירה. מוגש עם ירקות חתוכים.\n","price":32,"vegan":false,"vegetarian":true,"image":"https://d25t2285lxl5rf.cloudfront.net/images/dishes/48a75686-8098-4d6e-9316-657417e57cef.jpg","notFood":false,"drinks":false},{"name":"שניצלונים","description":"מוגש עם צ'יפס, ירקות, קטשופ וטחינה\t","price":36,"vegan":false,"vegetarian":false,"image":"https://d25t2285lxl5rf.cloudfront.net/images/dishes/b60f957e-8fe0-4d59-be2e-6dfabe5ed6cc.jpg","notFood":false,"drinks":false},{"name":"רוזלך לוטוס 🌱","description":"בצק פריך בתנור לבנים במילוי עשיר של ממרח עוגיות לוטוס ","price":47,"vegan":true,"vegetarian":true,"image":"https://d25t2285lxl5rf.cloudfront.net/images/dishes/bf393d52-f672-4357-a584-6e6dfa5e2bf0.jpg","notFood":false,"drinks":false},{"name":"רוזלך קלאסי","description":"בצק פריך ממולא בממרח שוקולד ואגוזים, נאפה במקום בתנור לבנים","price":45,"vegan":false,"vegetarian":true,"image":"https://d25t2285lxl5rf.cloudfront.net/images/dishes/f21fccbd-e014-4836-912c-0d88042abfa6.jpg","notFood":false,"drinks":false},{"name":"רוזלך חצי חצי","description":"בצק פריך ממולא בממרח שוקולד ואגוזים/ממרח לוטוס, נאפה במקום בתנור לבנים","price":45,"vegan":false,"vegetarian":true,"image":"https://d25t2285lxl5rf.cloudfront.net/images/dishes/cd814225-9274-4ea9-91de-29169598220e.jpg","notFood":false,"drinks":false},{"name":"שוקולד חמה","description":"מומלץ לחמם 40 שניות","price":32,"vegan":false,"vegetarian":true,"image":"https://d25t2285lxl5rf.cloudfront.net/images/dishes/2abea833-33f5-424e-b936-be5a61ee1dfc.jpg","notFood":false,"drinks":false},{"name":"עוגת גבינה","description":"עם רוטב פירות יער","price":32,"vegan":false,"vegetarian":true,"image":"https://d25t2285lxl5rf.cloudfront.net/images/dishes/11c83e70-dcc6-43b8-b432-033291002910.jpg","notFood":false,"drinks":false},{"name":"אורז עם שקדים וגזר\t\n","price":15,"vegan":true,"vegetarian":true,"image":"https://d25t2285lxl5rf.cloudfront.net/images/dishes/601d0e8a-26ea-4492-975e-c6e4a51eec42.jpg","notFood":false,"drinks":false},{"name":"מיקס ירוקים בשום ושמן זית \t","price":15,"vegan":true,"vegetarian":true,"image":"https://d25t2285lxl5rf.cloudfront.net/images/dishes/68ce160f-755f-4b42-9cc0-a9bf7fe4d98d.jpg","notFood":false,"drinks":false},{"name":"תפוחי אדמה צלויים\t","price":15,"vegan":true,"vegetarian":true,"image":"https://d25t2285lxl5rf.cloudfront.net/images/dishes/e1342ee9-dc20-4b46-8edd-3ef8ae63adaa.jpg","notFood":false,"drinks":false},{"name":"פירה (חלבי)\t","price":15,"vegan":false,"vegetarian":true,"image":"https://d25t2285lxl5rf.cloudfront.net/images/dishes/83df8166-e1dd-4e42-ae3e-4db2d5d23179.jpg","notFood":false,"drinks":false},{"name":"פריקי תרד","price":15,"vegan":true,"vegetarian":true,"image":"https://d25t2285lxl5rf.cloudfront.net/images/dishes/e0516912-1c97-4b24-8e65-8fcfc27ce34a.jpg","notFood":false,"drinks":false},{"name":"צ'יפס","price":27,"vegan":true,"vegetarian":true,"image":"https://d25t2285lxl5rf.cloudfront.net/images/dishes/e1b895bf-b376-41e0-925b-5cd1910a29a1.jpg","notFood":false,"drinks":false},{"name":"איולי פסטו","price":3,"vegan":true,"vegetarian":true,"notFood":false,"drinks":false},{"name":"רוטב ויניגרט","price":3,"vegan":true,"vegetarian":true,"notFood":false,"drinks":false},{"name":"רוטב לימונענע","price":3,"vegan":true,"vegetarian":true,"notFood":false,"drinks":false},{"name":"טחינה","price":3,"vegan":true,"vegetarian":true,"notFood":false,"drinks":false},{"name":"פרייה","price":12,"vegan":true,"vegetarian":true,"notFood":false,"drinks":false},{"name":"מינרלים","price":13,"vegan":true,"vegetarian":true,"notFood":false,"drinks":false},{"name":"פפסי","price":14,"vegan":true,"vegetarian":true,"notFood":false,"drinks":true},{"name":"פפסי מקס","price":14,"vegan":true,"vegetarian":true,"notFood":false,"drinks":true},{"name":"7 אפ","price":14,"vegan":true,"vegetarian":true,"notFood":false,"drinks":false},{"name":"דיאט 7 אפ","price":14,"vegan":true,"vegetarian":true,"notFood":false,"drinks":false},{"name":"בקבוק גולדסטאר","price":29,"vegan":true,"vegetarian":true,"notFood":false,"drinks":true},{"name":"בקבוק הייניקן","price":26,"vegan":true,"vegetarian":true,"notFood":false,"drinks":true},{"name":"בקבוק פאולנר","price":29,"vegan":true,"vegetarian":true,"notFood":false,"drinks":true}]}