{"track_id":"12740","filters":["pizza","pasta","salads"],"image":"https://tenbis-static.azureedge.net/restaurant-card-image/ResCard_12740_1910030505.jpg","address":"פרופסור משה שור, 16 חולון","location":[34.79039059999999,32.0190777],"name":"עידן הפיצה","city":"אזור","priceAverage":32.674418604651166,"menu":[{"name":"כל המוצרים הם מזונות","vegan":true,"vegetarian":true,"image":"https://d25t2285lxl5rf.cloudfront.net/images/dishes/34ae7ef0-9cc0-4d43-ad47-eafab2d86fdc.jpg","notFood":false,"drinks":false},{"name":"פיצה אישית","price":32,"vegan":false,"vegetarian":true,"image":"https://d25t2285lxl5rf.cloudfront.net/images/dishes/0444a225-f181-497a-a570-e37e8ac81cd8.jpg","notFood":false,"drinks":false},{"name":"פיצה אישית ללא גלוטן","price":32,"vegan":false,"vegetarian":true,"image":"https://d25t2285lxl5rf.cloudfront.net/images/dishes/0c276405-63d4-4785-a606-374940e565b4.jpg","notFood":false,"drinks":false},{"name":"פיצה L","price":52,"vegan":false,"vegetarian":true,"image":"https://d25t2285lxl5rf.cloudfront.net/images/dishes/59beebb4-bd6b-481c-9ffd-9e051f5e15ef.jpg","notFood":false,"drinks":false},{"name":"פיצה XL\n","price":72,"vegan":false,"vegetarian":true,"image":"https://d25t2285lxl5rf.cloudfront.net/images/dishes/4eb3b29e-ea80-4ce3-bc06-0125121e7b96.jpg","notFood":false,"drinks":false},{"name":"משולש פיצה","price":12,"vegan":false,"vegetarian":true,"notFood":false,"drinks":false},{"name":"זיווה רגילה","description":"מוגש לצד רסק חריף וביצה","price":35,"vegan":false,"vegetarian":true,"image":"https://d25t2285lxl5rf.cloudfront.net/images/dishes/93f4d0d0-674d-4a63-a3c8-b05b35c2b3fe.jpg","notFood":false,"drinks":false},{"name":"זיווה פטריות","description":"מוגש לצד רסק חריף וביצה","price":35,"vegan":false,"vegetarian":true,"image":"https://d25t2285lxl5rf.cloudfront.net/images/dishes/1c4d45c9-5668-4c41-a703-58d89e8094a4.jpg","notFood":false,"drinks":false},{"name":"זיווה זיתים","description":"מוגש לצד רסק חריף וביצה","price":35,"vegan":false,"vegetarian":true,"image":"https://d25t2285lxl5rf.cloudfront.net/images/dishes/95f34db5-a600-4799-b07b-e26f03c08b94.jpg","notFood":false,"drinks":false},{"name":"מלאווח אלפרדו שמנת","price":30,"vegan":false,"vegetarian":true,"image":"https://d25t2285lxl5rf.cloudfront.net/images/dishes/17e922d9-daa2-4493-ac71-18a249e08fb7.jpg","notFood":false,"drinks":false},{"name":"מלאווח מגולגל","description":"במילוי טחינה, רסק עגבניות וביצה","price":23,"vegan":false,"vegetarian":true,"image":"https://d25t2285lxl5rf.cloudfront.net/images/dishes/d33f069c-15c8-495a-80a7-7e044543f35a.jpg","notFood":false,"drinks":false},{"name":"מלאווח פתוח","description":"מוגש לצד רסק חריף וביצה","price":25,"vegan":false,"vegetarian":true,"image":"https://d25t2285lxl5rf.cloudfront.net/images/dishes/c5810378-b2ba-4be0-b729-d4d4f8331f6c.jpg","notFood":false,"drinks":false},{"name":"מלאווח פיצה","description":"רסק עגבניות","price":28,"vegan":false,"vegetarian":true,"image":"https://d25t2285lxl5rf.cloudfront.net/images/dishes/387e5d1f-6dd2-4a26-ba32-75f74135e72f.jpg","notFood":false,"drinks":false},{"name":"מלאווח גבינה צהובה","description":"רסק עגבניות וביצה","price":28,"vegan":false,"vegetarian":true,"image":"https://d25t2285lxl5rf.cloudfront.net/images/dishes/477a8a37-0847-4bc2-8d4d-57af2b1dd02a.jpg","notFood":false,"drinks":false},{"name":"מלאווח גבינה בולגרית","description":"רסק עגבניות וביצה","price":28,"vegan":false,"vegetarian":true,"image":"https://d25t2285lxl5rf.cloudfront.net/images/dishes/194c9943-45e2-40be-a44d-ccd9a059d79e.jpg","notFood":false,"drinks":false},{"name":"ג'חנון","description":"מוגש לצד רסק חריף וביצה","price":23,"vegan":false,"vegetarian":true,"image":"https://d25t2285lxl5rf.cloudfront.net/images/dishes/2ab557c7-0cb2-4327-a058-aed0cc082121.jpg","notFood":false,"drinks":false},{"name":"לחם שום","price":19,"vegan":true,"vegetarian":true,"image":"https://d25t2285lxl5rf.cloudfront.net/images/dishes/4fb01fe0-9152-40e1-8b9b-558e63e46f3a.jpg","notFood":false,"drinks":false},{"name":"שקשוקה","description":"מוגש עם לחמניה 2 ביצים \n","price":28,"vegan":false,"vegetarian":true,"image":"https://d25t2285lxl5rf.cloudfront.net/images/dishes/0396cc2b-9b5f-4d6d-b181-344e2394b0ec.jpg","notFood":false,"drinks":false},{"name":"לחם שום L","price":45,"vegan":true,"vegetarian":true,"notFood":false,"drinks":false},{"name":"לחם שום XL","price":60,"vegan":true,"vegetarian":true,"notFood":false,"drinks":false},{"name":"פיצה שקשוקה אישי","price":45,"vegan":false,"vegetarian":true,"notFood":false,"drinks":false},{"name":"פיצה שקשוקה XL","price":70,"vegan":false,"vegetarian":true,"notFood":false,"drinks":false},{"name":"פיצה שקושקה XL","price":95,"vegan":false,"vegetarian":true,"notFood":false,"drinks":false},{"name":"פסטה פנה אלפרדו","price":35,"vegan":true,"vegetarian":true,"image":"https://d25t2285lxl5rf.cloudfront.net/images/dishes/7e4534f1-27df-4dfe-ba9e-b090176a0472.jpg","notFood":false,"drinks":false},{"name":"פסטה פנה עגבניות","price":35,"vegan":true,"vegetarian":true,"image":"https://d25t2285lxl5rf.cloudfront.net/images/dishes/4b17bf99-ecd9-4c6a-adcc-789575ecea67.jpg","notFood":false,"drinks":false},{"name":"רביולי בטטה ברוטב עגבניות","price":39,"vegan":true,"vegetarian":true,"notFood":false,"drinks":false},{"name":"רביולי בטטה ברוטב אלפרדו","price":39,"vegan":true,"vegetarian":true,"notFood":false,"drinks":false},{"name":"רביולי בטטה רוטב רוזה","price":44,"vegan":true,"vegetarian":true,"notFood":false,"drinks":false},{"name":"רביולי גבינות ברוטב עגבניות","price":39,"vegan":true,"vegetarian":true,"notFood":false,"drinks":false},{"name":"רביולי גבינות ברוטב אלפרדו","price":39,"vegan":true,"vegetarian":true,"notFood":false,"drinks":false},{"name":"רביולי גבינות ברוטב רוזה","price":44,"vegan":true,"vegetarian":true,"notFood":false,"drinks":false},{"name":"סלט יווני","description":"חסה, עגבניה, מלפפון, תירס, בצל, זיתים שחורים, גבינה בולגרית,פלפלים","price":35,"vegan":false,"vegetarian":true,"image":"https://d25t2285lxl5rf.cloudfront.net/images/dishes/94a23afa-87f0-4dba-a84f-3fdf710d4f0d.jpg","notFood":false,"drinks":false},{"name":"סלט טונה","description":"חסה, עגבניה, מלפפון, תירס, בצל, זיתים שחורים, טונה,פלפלים\n","price":35,"vegan":false,"vegetarian":false,"image":"https://d25t2285lxl5rf.cloudfront.net/images/dishes/bd56089d-0324-4381-91a5-f745e0bfe489.jpg","notFood":false,"drinks":false},{"name":"עסקית טוסט בהרכבה","description":"עם מגוון מרכיבים לבחירה, מוגש עם סלט אישי","price":40,"vegan":true,"vegetarian":true,"image":"https://d25t2285lxl5rf.cloudfront.net/images/dishes/e17bf366-b417-492a-8876-c2f197ee32e3.jpg","notFood":false,"drinks":false},{"name":"טוסט בהרכבה","description":"עם מגוון מרכיבים לבחירה","price":30,"vegan":true,"vegetarian":true,"image":"https://d25t2285lxl5rf.cloudfront.net/images/dishes/0af1aa00-d00b-430c-a791-198e506aa81b.jpg","notFood":false,"drinks":false},{"name":"מלבי","price":10,"vegan":true,"vegetarian":true,"image":"https://d25t2285lxl5rf.cloudfront.net/images/dishes/067620f8-3c87-4649-9e16-ff42e5736b7a.jpg","notFood":false,"drinks":false},{"name":"בוואריה","price":10,"vegan":true,"vegetarian":true,"image":"https://d25t2285lxl5rf.cloudfront.net/images/dishes/0a399a14-213f-4491-818a-00afe5ea77c8.jpg","notFood":false,"drinks":false},{"name":"מוס שוקולד","price":10,"vegan":false,"vegetarian":true,"image":"https://d25t2285lxl5rf.cloudfront.net/images/dishes/5c338f5c-9dc5-4fe1-8180-fc033f034a67.jpg","notFood":false,"drinks":false},{"name":"פחית קוקה קולה","price":9,"vegan":true,"vegetarian":true,"notFood":false,"drinks":true},{"name":"בקבוק קוקה קולה זירו 0.5 ליטר","price":10,"vegan":true,"vegetarian":true,"notFood":false,"drinks":true},{"name":"בקבוק קוקה קולה 0.5 ליטר","price":10,"vegan":true,"vegetarian":true,"notFood":false,"drinks":true},{"name":"בקבוק פיוז טי אפרסק 0.5 ליטר","price":10,"vegan":true,"vegetarian":true,"notFood":false,"drinks":true},{"name":"בקבוק פיוז טי אפרסק 1.5 ליטר","price":15,"vegan":true,"vegetarian":true,"notFood":false,"drinks":true},{"name":"בקבוק קוקה קולה 1.5 ליטר","price":15,"vegan":true,"vegetarian":true,"notFood":false,"drinks":true}]}