{"track_id":"12781","filters":["asianFusion","veganFood","japaneseSushi"],"image":"https://tenbis-static.azureedge.net/restaurant-card-image/ResCard_12781_20210914110021.jpg","address":"שלמה אבן גבירול, 20 תל אביב-יפו","location":[34.7819863,32.0736671],"name":"צ'ופ צ'ופ ","city":"גבעתיים","priceAverage":40.355555555555554,"menu":[{"name":"אורז יסמין","price":12,"vegan":true,"vegetarian":true,"notFood":false,"drinks":false},{"name":"אורז מלא","price":12,"vegan":true,"vegetarian":true,"notFood":false,"drinks":false},{"name":"חמוצים יפנים","price":14,"vegan":true,"vegetarian":true,"notFood":false,"drinks":false},{"name":"סלט סובה","description":"חסה לאליק,מלפפון,נבטים,בצל ירוק,כוסברה,בזיליקום ורצועות עוף ברוטב סויה ומייפל\r\n","price":42,"vegan":false,"vegetarian":false,"notFood":false,"drinks":false},{"name":"כנפיים","description":"7 יחידות כנפיים ברוטב לבחירה\r\n","price":28,"vegan":false,"vegetarian":false,"notFood":false,"drinks":false},{"name":"סלט בוטנים","description":"נבטים,מלפפון,גזר,בצל ירוק,בטטה,טופו ובוטנים קצוצים ברוטב בוטנים\r\n","price":41,"vegan":true,"vegetarian":true,"notFood":false,"drinks":false},{"name":"טום יאם","description":"קרם קוקוס פיקנטי,שמפניון,נבטים,כוסברה,בצל סגול וירוק\r\n","price":31,"vegan":true,"vegetarian":true,"notFood":false,"drinks":false},{"name":"באנס בקר","description":"זוג לחמניות באן עם בקר בבישול ארוך\n","price":42,"vegan":false,"vegetarian":false,"notFood":false,"drinks":false},{"name":"באנס טופו","description":"זוג לחמניות באן,חסות,וטופו מוקפץ עם בצל ופטריות\r\n","price":39,"vegan":true,"vegetarian":true,"notFood":false,"drinks":false},{"name":"סלט חלפניו","description":"חסות,מלפפון,בזיליקום,קולורבי וקשיו קלוי ברוטב חלפניו נענע חריף\r\n","price":39,"vegan":true,"vegetarian":true,"notFood":false,"drinks":false},{"name":"פנקו","description":"רצועות עוף בציפוי פריך העונה לשם שניצלונים:) עם רוטב איולי בזיליקום.\r\n","price":56,"vegan":false,"vegetarian":false,"notFood":false,"drinks":false},{"name":"קארי ירוק","description":"קרם קוקוס,עשבי תיבול ובזיליקום ,למון גראס ,אורז יסמין/מלא, ברוקולי,נבטים,בצל סגול,תרד, עוף/טופו ומלא כוסברה \r\n","price":58,"vegan":false,"vegetarian":false,"notFood":false,"drinks":false},{"name":"עוף בקשיו","description":"רוטב חרפרף,אורז יסמין/מלא רצועות עוף מתובלים,גזר,פלפלים,כרישה,בצל סגול וירוק,צ'ילי חריף וקשיו קלוי\r\n","price":60,"vegan":false,"vegetarian":false,"notFood":false,"drinks":false},{"name":"קארי אדום","description":"קרם קוקוס ממרח קארי פיקנטי,אורז יסמין/מלא,פטריות,שעועית ירוקה,פלפלים,תרד,עוף/טופו ובצל ירוק\r\n","price":58,"vegan":false,"vegetarian":false,"notFood":false,"drinks":false},{"name":"ליטל אינדיה","description":" קרם קוקס,גרם מסאלה,אורז יסמין/מלא,ברוקולי,פטריות,בטטה,במבו שוט,עוף/טופו וכוסברה \r\n","price":58,"vegan":false,"vegetarian":false,"notFood":false,"drinks":false},{"name":"סצ'ואן","description":"רוטב פיקנטי מתקתק,אורז יסמין/מלא,נתחי סינטה,פלפלים,פטריות,בצל סגול וירוק,שומשום שחור וכוסברה\r\n","price":60,"vegan":false,"vegetarian":false,"notFood":false,"drinks":false},{"name":"צ'אנגבאי","description":"רוטב  אווז מעושן,אטריות חיטה מלאה,רצועות חזה אווז,כרוב לבן,גזר,פלפלים,בצל ירוק ושום גרוס\r\n","price":54,"vegan":false,"vegetarian":false,"notFood":false,"drinks":false},{"name":"פאד תאי עוף","description":"רוטב חמוץ מתוק,ביצה טרופה,אטריות אורז,רצועות עוף,כרוב,גזר,נבטים,בוטנים,בצל ירוק,כוסברה ופלח לימון\r\n","price":58,"vegan":false,"vegetarian":false,"notFood":false,"drinks":false},{"name":"פאד תאי טופו","description":"רוטב חמוץ מתוק,ביצה טרופה,אטריות אורז,קוביות טופו,כרוב גזר,נטים,בוטנים,בצל ירוק,כוסברה ופלח לימון\r\n","price":55,"vegan":false,"vegetarian":true,"notFood":false,"drinks":false},{"name":"צ'ילי פפר","description":"רוטב פלפלים חריפים וקרם קוקוס,אטריות אודון,רצועות עוף/ טופו,כרוב לבן,פלפלים,פטריות,בצל סגול,בוטנים ובצל ירוק\n","price":58,"vegan":false,"vegetarian":false,"notFood":false,"drinks":false},{"name":"קוריאני","description":"רוטב חריף על בסיס סויה,שום וג'ינגר,אטריות סלק,נתחי סינטה כרוב,בצל סגול,כרישה ,פלפלים,כוסברה ובטטה קריספי.\n","price":65,"vegan":false,"vegetarian":false,"notFood":false,"drinks":false},{"name":"בייג'ין נוקאאוט","description":"רוטב מתוק פיקנטי,אטריות אודון,דג סלמון פלפלים,חצילים,כרישה,צ'ילי חריף,בצל סגול,גזר ,בצל ירוק ושומשום שחור\r\n","price":61,"vegan":false,"vegetarian":false,"notFood":false,"drinks":false},{"name":"קוטה באלי","description":"רוטב בוטנים האגדי,אטריות חיטה מלאה,רצועות עוף,אננס,פלפלים,בטטה,נבטים,בצל ירוק ובוטנים קצוצים\r\n","price":60,"vegan":false,"vegetarian":false,"notFood":false,"drinks":false},{"name":"טופ צ'ופ","description":"רוטב סויה מתוקה,מירין וצדפות,אטריות דפי אורז,נתחי סינטה,ברוקולי,פטריות,בצל סגול,נבטים,בצל ירוק ושומשום שחור\r\n","price":63,"vegan":false,"vegetarian":false,"notFood":false,"drinks":false},{"name":"גאיג'ין דאשי","description":"רוטב שמנת דאשי,אטריות אודון,שרימפס וקלאמרי,פטריות,בצל סגול,תרד,אצות ושומשום שחור\r\n","price":59,"vegan":false,"vegetarian":false,"notFood":false,"drinks":false},{"name":"מנת ווק בהרכבה","price":48,"vegan":true,"vegetarian":true,"notFood":false,"drinks":false},{"name":"סוויט מג'יק","description":"אבוקדו,בטטה,מלפפון וקנפיו(דלעת יפנית),עטוף אינארי ורוטב טריאקי\n","price":38,"vegan":true,"vegetarian":true,"notFood":false,"drinks":false},{"name":"טייפון רול","description":"בטטה,מלפפון ואספרגוס,עטוף באבוקדו,שבבי קוקוס ורוטב טריאקי\n","price":40,"vegan":true,"vegetarian":true,"notFood":false,"drinks":false},{"name":"ספיישל וג'ה","description":"קרם טופו,בטטה,מלפפון ועירית,עטוף באבוקדו,שבבים קריספיים וטריקאקי\n","price":42,"vegan":true,"vegetarian":true,"notFood":false,"drinks":false},{"name":"צ'ופ רול","description":"טונה אדומה,מלפפון ואבוקדו בציפוי שומשום\n","price":40,"vegan":false,"vegetarian":false,"notFood":false,"drinks":false},{"name":"בייסיק רול","description":"סלמון ואבוקדו בציפוי שבבי טמפורה\n","price":40,"vegan":false,"vegetarian":false,"notFood":false,"drinks":false},{"name":"פילי צ'ופ","description":"סלמון,גבינת שמנת,עירית ומלפפון\n","price":43,"vegan":false,"vegetarian":false,"notFood":false,"drinks":false},{"name":"ג'פן רול","description":"טונה אדומה,סלמון,דג לבן ומלפפון עטוף בסלמון,אבוקדו וטונה\n","price":49,"vegan":false,"vegetarian":false,"notFood":false,"drinks":false},{"name":"קלאסיק סלמון","description":"סלמון אפוי,אבוקדו ומלפפון,עטוף באבוקדו,מיונז יפני ושבבי טמפורה\n","price":46,"vegan":false,"vegetarian":false,"notFood":false,"drinks":false},{"name":"קריספי רול","description":"ספייסי סלמון,אבוקדו ושבבי טמפורה,עטוף בסלמון צרוב,ספייסי מיונז ובטטה קריספי\n","price":47,"vegan":false,"vegetarian":false,"notFood":false,"drinks":false},{"name":"מגורו רול","description":"טונה,אספרגוס וטמאגו,עטוף בספייסי טונה וטוביקו כתום\n","price":49,"vegan":false,"vegetarian":false,"notFood":false,"drinks":false},{"name":"סושי I/O","price":34,"vegan":true,"vegetarian":true,"notFood":false,"drinks":false},{"name":"סושי מאקי","price":20,"vegan":true,"vegetarian":true,"notFood":false,"drinks":false},{"name":"סנדוויץ' סושי","price":35,"vegan":true,"vegetarian":true,"notFood":false,"drinks":false},{"name":"סודה","price":9,"vegan":true,"vegetarian":true,"notFood":false,"drinks":true},{"name":"מים מינרלים","price":9,"vegan":true,"vegetarian":true,"notFood":false,"drinks":false},{"name":"קוקה קולה","price":11,"vegan":true,"vegetarian":true,"notFood":false,"drinks":true},{"name":"קולה זירו","price":11,"vegan":true,"vegetarian":true,"notFood":false,"drinks":true},{"name":"ספרייט","price":11,"vegan":true,"vegetarian":true,"notFood":false,"drinks":true},{"name":"ספרייט זירו","price":11,"vegan":true,"vegetarian":true,"notFood":false,"drinks":true}]}