{"track_id":"12913","filters":["asianFusion","japaneseSushi"],"image":"https://tenbis-static.azureedge.net/restaurant-card-image/ResCard_12913_20220213140939.jpg","address":"פנחס אילון, 13 חולון","location":[34.7783752,32.0087448],"name":"אצה סושי בר","city":"אזור","priceAverage":53.2265625,"menu":[{"name":"פאד תאי - צמחוני","description":"אטריות אורז מוקפצות עם ביצה, כרוב, שעועית ירוקה, בצל ונבטים ברוטב פיקנטי. מוגש עם כוסברה ובוטנים גרוסים . מוגש עם תוספת בתשלום","price":47,"vegan":false,"vegetarian":true,"image":"https://d25t2285lxl5rf.cloudfront.net/images/dishes/28d1e080-dbe3-4299-b0f8-c7f31063377c.jpg","notFood":false,"drinks":false},{"name":"מאקי סלמון","description":"8 יחידות, בהרכבה עצמית","price":27,"vegan":false,"vegetarian":false,"image":"https://d25t2285lxl5rf.cloudfront.net/images/dishes/596c703b-3cc1-4157-b165-7c4c416f93f4.jpg","notFood":false,"drinks":false},{"name":"ספיישל טמפורה- מטוגן","description":"רול בטמפורה עם סלמון צלוי, גזר ועירית בליווי טריאקי","price":42,"vegan":false,"vegetarian":false,"image":"https://d25t2285lxl5rf.cloudfront.net/images/dishes/bd7adfa6-839d-4e2b-aab5-a83460eca012.jpg","notFood":false,"drinks":false},{"name":"נודלס צ'ופ סוי - צמחוני","description":"אטריות ביצים מוקפצות עם כרוב, גזר, בצל, פלפלים ושעועית ירוקה ברוטב סויה, צ'ילי מתוק, שמן שומשום וטריאקי מוגש עם בצל ירוק. מוגש עם תוספת בתשלום","price":47,"vegan":false,"vegetarian":true,"image":"https://d25t2285lxl5rf.cloudfront.net/images/dishes/8dcddafe-8e73-4114-8c99-8bf85121d609.jpg","notFood":false,"drinks":false},{"name":"אגרול ירקות","description":"אגרול מסורתי במילוי ירקות, מוגש עם רוטב סויה, דבש ושומשום ","price":25,"vegan":true,"vegetarian":true,"image":"https://d25t2285lxl5rf.cloudfront.net/images/dishes/f3a1dde6-268d-449e-bee0-46a5f0d9864f.jpg","notFood":false,"drinks":false},{"name":"סלמון צלוי","description":"8 יחידות, בהרכבה עצמית","price":27,"vegan":false,"vegetarian":false,"image":"https://d25t2285lxl5rf.cloudfront.net/images/dishes/0992ecda-b96a-466d-9480-62599f97a887.jpg","notFood":false,"drinks":false},{"name":"מסיבת ספיישלים","description":"ביסלי רול 8 יחידות\r\nבטטה צ'יפס רול 8 יחידות\r\nספיישל 50/50 - 8 יחידות\r\nקליפורניה ציז רול- 8 יחידות\r\nספיידר רול- 8 יחידות\r\nחמוצים יפניים","price":219,"vegan":true,"vegetarian":true,"image":"https://d25t2285lxl5rf.cloudfront.net/images/dishes/2240727.jpg","notFood":false,"drinks":false},{"name":"אצבעות סלמון","description":"רצועות סלמון בטמפורה מוגש עם רוטב אגאדשי ","price":41,"vegan":false,"vegetarian":false,"image":"https://d25t2285lxl5rf.cloudfront.net/images/dishes/00e9111b-6717-4f59-83e3-0caef809f105.jpg","notFood":false,"drinks":false},{"name":"ירקות בטמפורה","description":"בטטה, חציל, קישוא ופטריות בטמפורה, מוגש עם רוטב אסייאתי ","price":41,"vegan":true,"vegetarian":true,"image":"https://d25t2285lxl5rf.cloudfront.net/images/dishes/7bf70924-d6e7-4679-89bd-2009610b6be4.jpg","notFood":false,"drinks":false},{"name":"פטריות בטמפורה","description":"פטריות שמפניון בטמפורה עם רוטב אסייאתי ","price":38,"vegan":true,"vegetarian":true,"image":"https://d25t2285lxl5rf.cloudfront.net/images/dishes/740dde00-2a26-4fb8-8a29-81c9a10bd0b3.jpg","notFood":false,"drinks":false},{"name":"פטריות בטריאקי","description":"","price":42,"vegan":true,"vegetarian":true,"image":"https://d25t2285lxl5rf.cloudfront.net/images/dishes/60229c54-2b09-42c3-b9eb-ab866031ec25.jpg","notFood":false,"drinks":false},{"name":"כרובית בפנקו","description":"","price":42,"vegan":true,"vegetarian":true,"image":"https://d25t2285lxl5rf.cloudfront.net/images/dishes/19f4bb6c-27ec-4443-9f00-da1639f2a286.jpg","notFood":false,"drinks":false},{"name":"הכנפיים של אצה 12 יח'","description":"","price":39,"vegan":false,"vegetarian":false,"image":"https://d25t2285lxl5rf.cloudfront.net/images/dishes/53992c06-6ab2-4e31-bab6-b2978e54b6f1.jpg","notFood":false,"drinks":false},{"name":"נשנושי עוף","description":"רצועות חזה עוף בטמפורה מוגש עם רוטב אגאדשי","price":34,"vegan":false,"vegetarian":false,"image":"https://d25t2285lxl5rf.cloudfront.net/images/dishes/029641ad-b40b-4139-a5ce-940a1324e289.jpg","notFood":false,"drinks":false},{"name":"אגרול ירקות","description":"אגרול מסורתי במילוי ירקות, מוגש עם רוטב סויה, דבש ושומשום ","price":25,"vegan":true,"vegetarian":true,"image":"https://d25t2285lxl5rf.cloudfront.net/images/dishes/f3a1dde6-268d-449e-bee0-46a5f0d9864f.jpg","notFood":false,"drinks":false},{"name":"חמוצים יפנים","description":"כרוב, גזר, מלפפון ופלפלים בתחמיץ מתקתק עם קישוט של שומשום שחור ולבן ","price":17,"vegan":true,"vegetarian":true,"image":"https://d25t2285lxl5rf.cloudfront.net/images/dishes/7dcb70c0-a27c-4fc9-9fc0-9660c1a5f9a7.jpg","notFood":false,"drinks":false},{"name":"אדממה","description":"חטיף פולי סויה מאודים מוגש עם מלח גס ופלח לימון ","price":21,"vegan":true,"vegetarian":true,"image":"https://d25t2285lxl5rf.cloudfront.net/images/dishes/c7711672-54e8-420d-8773-e4dfc40b03e2.jpg","notFood":false,"drinks":false},{"name":"קריספי טופו","description":"רצועות טופו פריכות בטמפורה מוגש עם רוטב צילי עשבי תיבול","price":32,"vegan":true,"vegetarian":true,"image":"https://d25t2285lxl5rf.cloudfront.net/images/dishes/1568762.jpg","notFood":false,"drinks":false},{"name":"הום פרייז","description":"קוביות תפוח אדמה פריכות מוקפצות ברוטב צילי מתוק","price":38,"vegan":true,"vegetarian":true,"image":"https://d25t2285lxl5rf.cloudfront.net/images/dishes/6b8e477e-4412-4154-a41b-9ac548315981.jpg","notFood":false,"drinks":false},{"name":"ברוקולי מוקפץ","description":"פרחי ברוקולי מוקפצים ברוטב קרמל סויה- מוגש עם שומשום","price":32,"vegan":true,"vegetarian":true,"image":"","notFood":false,"drinks":false},{"name":"שיפוד סלמון טמפורה","description":"6 יחידות של שיפוד סושי עם סלמון נא ואבוקדו מטוגן","price":36,"vegan":false,"vegetarian":false,"image":"","notFood":false,"drinks":false},{"name":"סלט שורשים","description":"רצועות דקות של כרוב סגול, גזר ונבטים עם רוטב וינגרט מיסו ושמן שומשום. מוגש עם קישוט בצל ירוק ושומשום","price":36,"vegan":true,"vegetarian":true,"image":"https://d25t2285lxl5rf.cloudfront.net/images/dishes/1c872ded-d856-4602-84ed-a6f074c72d9e.jpg","notFood":false,"drinks":false},{"name":"סלט אצה","description":"חסה רומית, כרוב סגול, עלי כוסברה, מלפפון, בצל ירוק, נבטים, עגבניות שרי וקוביות בטטה בטמפורה בווינגרט מיסו מתקתק.","price":44,"vegan":true,"vegetarian":true,"image":"https://d25t2285lxl5rf.cloudfront.net/images/dishes/b4b7c45c-096d-470e-bfb9-69096bb65cee.jpg","notFood":false,"drinks":false},{"name":"סלט עוף סיני","description":"רצועות חזה עוף , מלפפון, נבטים, כרוב, בצל ירוק, כוסברה, צילי חריף ובוטנים ברוטב הויסין מתקתק\n","price":42,"vegan":false,"vegetarian":false,"image":"https://d25t2285lxl5rf.cloudfront.net/images/dishes/924a4a3c-bc61-4cdf-85c1-97495fd557ff.jpg","notFood":false,"drinks":false},{"name":"סלט אטריות זכוכית","description":"עגבניות שרי, פטריות שיטאקי מתקתקות, כוסברה ובצל ירוק ברוטב קרמל סויה ושומשום. מוגש עם שברי בוטנים.","price":37,"vegan":true,"vegetarian":true,"image":"https://d25t2285lxl5rf.cloudfront.net/images/dishes/cf2d56db-3ff0-47ff-ba5f-d32a0d36d4bc.jpg","notFood":false,"drinks":false},{"name":"מרק מיסו","description":"מרק יפני קלאסי של ציר ירקות עדין עם פטריות שיטאקה ומיסו מוגש עם טופו, אצות וואקמה ובצל ירוק ","price":17,"vegan":true,"vegetarian":true,"image":"https://d25t2285lxl5rf.cloudfront.net/images/dishes/3fac1479-a6c5-4fd6-8945-cab3c8db0f69.jpg","notFood":false,"drinks":false},{"name":"מרק תירס","description":"","price":25,"vegan":true,"vegetarian":true,"image":"https://d25t2285lxl5rf.cloudfront.net/images/dishes/790394d7-ccfe-4873-b524-a9503a3dcd73.jpg","notFood":false,"drinks":false},{"name":"מרק טום יאם","description":"מרק חריף על בסיס קארי וחלב קוקוס- עם עגבניות שרי פטריות\nונבטים עם עוף/סלמון ואורז לבן בצד","price":46,"vegan":false,"vegetarian":false,"image":"https://d25t2285lxl5rf.cloudfront.net/images/dishes/82fac9ab-7956-4d13-84d8-df5c4947bba0.jpg","notFood":false,"drinks":false},{"name":"צ'זה באן","description":"2 לחמניות באן מאודות , עם חציל קריספי בפנקו , ברוטב יוזו , חסה , כוסברה ופלפל צ'ילי חריף.","price":49,"vegan":true,"vegetarian":true,"image":"","notFood":false,"drinks":false},{"name":"קריספי צ'יקן באן","description":"זוג לחמניות באן מאודות עם חזה עוף קריספי בפנקו , רוטב יוזו וסלט קולסלאו אסיאתי.","price":54,"vegan":false,"vegetarian":false,"image":"","notFood":false,"drinks":false},{"name":"אסאדו באן","description":"זוג לחמניות מאודות , עם אסאדו בבישול ארוך ברוטב סויה מתקתק , ספייס מיונז , חסה ובצל.","price":59,"vegan":false,"vegetarian":true,"image":"","notFood":false,"drinks":false},{"name":"ספיישל אצה רול (מטוגן)","description":"אבוקדו, בטטה בטמפורה ועירית במעטפת סלומון ודך אגרול מטוגן עם שבבי פנקו וטריאקי.","price":46,"vegan":true,"vegetarian":true,"image":"https://d25t2285lxl5rf.cloudfront.net/images/dishes/1d7a77b9-6576-4a00-9ccf-85e2c504e802.jpg","notFood":false,"drinks":false},{"name":"\nספייסי רול","description":"ספייסי טונה, אבוקדו ועירית במעטפת סלומון טרי ופרוסות של פלפל צ'ילי ורוטב צ'ילי חריף.","price":46,"vegan":false,"vegetarian":false,"image":"https://d25t2285lxl5rf.cloudfront.net/images/dishes/a9fc9e45-408b-44b4-a4e5-18be0190b44b.jpg","notFood":false,"drinks":false},{"name":"טונה צרובה","description":"ספייסי טונה, אבוקדו ועירית במעטפת טונה מסוכרת צרובה ועירית.","price":46,"vegan":false,"vegetarian":false,"image":"https://d25t2285lxl5rf.cloudfront.net/images/dishes/5d3bd8fa-d981-40e5-8433-3b38e0eaf0ef.jpg","notFood":false,"drinks":false},{"name":"ספייסי טאקה רול","description":"ספייסי טונה, מלפפון ואבוקדו בציפוי סלמון צרוב, שומשום וצ'ילי חריף.","price":46,"vegan":false,"vegetarian":false,"image":"https://d25t2285lxl5rf.cloudfront.net/images/dishes/ffdbbed6-ac32-4c26-939e-dbb538a059a3.jpg","notFood":false,"drinks":false},{"name":"קייפ טונה רול - מטוגן","description":"טונה בטמפורה, גבינת שמנת טופו, אבוקדו ועירית, מטוגן ומוגש עם ספייסי מיונז, רוטב צ'ילי ועשבי טיבול מעל.","price":43,"vegan":false,"vegetarian":false,"image":"https://d25t2285lxl5rf.cloudfront.net/images/dishes/26bac4cb-a3e6-49e3-86d4-1be6039336d0.jpg","notFood":false,"drinks":false},{"name":"New Crazy","description":"אבוקדו, מלפפון ובטטה במעטפת סלמון צרוב עם שבבי צ'יפס בטטה, שבבי פנקו קראנץ, טריאקי וספייסי מיונז.","price":46,"vegan":false,"vegetarian":false,"image":"https://d25t2285lxl5rf.cloudfront.net/images/dishes/b18c2523-e4db-4751-aa0a-f4c3a4520136.jpg","notFood":false,"drinks":false},{"name":"טוקיו רול- מטוגן","description":"סלמון צלוי, עירית ובטטה מאודה במעטפת סלמון צלוי ואצת נורע\nבטמפורה עם נגיעות רוטב סריראצה חריף ועירית קצוצה חריף\n\n","price":42,"vegan":false,"vegetarian":false,"image":"https://d25t2285lxl5rf.cloudfront.net/images/dishes/ca95bd42-f243-4335-92f9-dcbdfbdca3fd.jpg","notFood":false,"drinks":false},{"name":"קאטאנה רול- מטוגן","description":"סלמון בטמפורה בתוספת שני מנות של אבוקדו מטוגן בפנקו וטמפורה על האצה עם נגיעות ספייסי מיונז וטריאקי.","price":43,"vegan":false,"vegetarian":false,"image":"https://d25t2285lxl5rf.cloudfront.net/images/dishes/4add01bb-4cce-45ec-848c-5c389df80c7e.jpg","notFood":false,"drinks":false},{"name":"סלמון וורפ","description":"טונה, מלפפון, אבוקדו במעטפת סלמון, פרוסות דקיקות של לימון וטריאקי","price":46,"vegan":false,"vegetarian":false,"image":"https://d25t2285lxl5rf.cloudfront.net/images/dishes/d52ad930-4e45-4d1c-8806-f6dbc6de6442.jpg","notFood":false,"drinks":false},{"name":"רוק אנד רול","description":"סלמון, טונה אדומה ועירית עטוף באבוקדו","price":46,"vegan":false,"vegetarian":false,"image":"https://d25t2285lxl5rf.cloudfront.net/images/dishes/980b973b-1f05-4428-abe3-d9c98289369e.jpg","notFood":false,"drinks":false},{"name":"חצי חצי","description":"סלמון בטמפורה, אבוקדו, מלפפון ושיטאקי במעטפת חצי- אבוקדו חצי- בטטה, נגיעות טריאקי ושומשום","price":44,"vegan":false,"vegetarian":false,"image":"https://d25t2285lxl5rf.cloudfront.net/images/dishes/3fded30a-b6e6-47c1-999a-ccb36b8c5924.jpg","notFood":false,"drinks":false},{"name":"בטטה צ'יפס רול","description":"אבוקדו, בטטה בטמפןרה ופטריות שיטאקה במעטפת סלמון צרוב, ספייסי מיונז וצ'יפס בטטה רול.","price":45,"vegan":false,"vegetarian":false,"image":"https://d25t2285lxl5rf.cloudfront.net/images/dishes/f982c6d7-54a8-4c35-9737-b54e00e0df58.jpg","notFood":false,"drinks":false},{"name":"ריינבו רול","description":"מלפפון, טמאגו ועירית, עטוף בפסים של סלמון, טונה ואבוקדו","price":42,"vegan":false,"vegetarian":false,"image":"https://d25t2285lxl5rf.cloudfront.net/images/dishes/4f47e840-3c92-4749-a7b0-283e508a89c2.jpg","notFood":false,"drinks":false},{"name":"סלמון אאוט-קראנץ'","description":"בטטה בטמפורה, אבוקדו ומלפפון בציפוי סלמון טמפורה ולימון עם נגיעות טריאקי","price":43,"vegan":false,"vegetarian":false,"image":"https://d25t2285lxl5rf.cloudfront.net/images/dishes/08d27455-409a-4022-a57a-3a64739aef30.jpg","notFood":false,"drinks":false},{"name":"ספיידר רול (לא מטוגן)","description":"סלמון צלוי, אבוקדו, בטטה בטמפורה וטריאקי בציפוי שבבי פנקו קראנצ'י","price":43,"vegan":false,"vegetarian":false,"image":"https://d25t2285lxl5rf.cloudfront.net/images/dishes/b4a4ecdf-9157-4a41-bf5b-d7c9efbac714.jpg","notFood":false,"drinks":false},{"name":"קליפורניה ציז רול","description":"סלמון, אבוקדו, מלפפון וגבינת שמנת פרווה במעטפת עירית.","price":42,"vegan":false,"vegetarian":false,"image":"https://d25t2285lxl5rf.cloudfront.net/images/dishes/0f680ae8-837c-41d3-8dd1-864ab76b195f.jpg","notFood":false,"drinks":false},{"name":"בטטה אאוט-קראנץ'","description":"סלמון, שיטאקי ועירית במעטפת בטטה קראנצ'ית","price":40,"vegan":false,"vegetarian":false,"image":"https://d25t2285lxl5rf.cloudfront.net/images/dishes/e00a6a85-8b26-4df9-ae73-3479ac445250.jpg","notFood":false,"drinks":false},{"name":"ספיישל טמפורה- מטוגן","description":"רול בטמפורה עם סלמון צלוי, גזר ועירית בליווי טריאקי","price":42,"vegan":false,"vegetarian":false,"image":"https://d25t2285lxl5rf.cloudfront.net/images/dishes/bd7adfa6-839d-4e2b-aab5-a83460eca012.jpg","notFood":false,"drinks":false},{"name":"ווג'י רול","description":"בטטה מאודה, גזר, מלפפון, קנפיו ועירית במעטפת אבוקדו, טריאקי ושומשום","price":39,"vegan":true,"vegetarian":true,"image":"https://d25t2285lxl5rf.cloudfront.net/images/dishes/18e86851-d36d-46ce-b526-61ee0bf4cb68.jpg","notFood":false,"drinks":false},{"name":"צ'יקן רול","description":"חזה עוף בטמפורה, אבוקדו וגזר במעטפת אבוקדו.","price":39,"vegan":false,"vegetarian":false,"image":"https://d25t2285lxl5rf.cloudfront.net/images/dishes/bf1bd527-890c-4cf7-b9cd-69ed9d9ec0df.jpg","notFood":false,"drinks":false},{"name":"ביסלי רול","description":"סלמון נא , אבוקדו ועירית במעטפת של סלמון ואבוקדו עם נגיעות של איולי יוזו ושבבי גריל קראנץ","price":46,"vegan":false,"vegetarian":false,"image":"https://d25t2285lxl5rf.cloudfront.net/images/dishes/d0cd647d-5536-4f75-b57f-80423e923293.jpg","notFood":false,"drinks":false},{"name":"צמחוני","description":"אבוקדו, בטטה מאודה, טמגו ועירית עטוף בפנקו","price":40,"vegan":true,"vegetarian":true,"image":"https://d25t2285lxl5rf.cloudfront.net/images/dishes/783808ef-7c0e-4392-b6dd-d155d96a2ca9.jpg","notFood":false,"drinks":false},{"name":"מעושן","description":"סלמון מעושן, אבוקדו ועירית עטוף בפנקו","price":40,"vegan":false,"vegetarian":false,"image":"https://d25t2285lxl5rf.cloudfront.net/images/dishes/dbaa83c1-b692-4b79-b3c1-eeef528a7709.jpg","notFood":false,"drinks":false},{"name":"קריספי","description":"סלמון, אבוקדו גבינת שמנת טופו בטמפורה","price":40,"vegan":false,"vegetarian":false,"image":"https://d25t2285lxl5rf.cloudfront.net/images/dishes/b403d5cf-f0ae-4193-93be-b1236655b628.jpg","notFood":false,"drinks":false},{"name":"קומבינאצה צמחונית","description":"4 יחידות אורומאקי אבוקדו ובטטה מאודה, 4 יחידות אורומאקי מלפפון, גזר ועירית, 4 יחידות פוטומאקי טמגו,  מלפפון ובטטה מאודה, 4 יחידות פוטומאקי נבטים, חסה וגזר  ","price":62,"vegan":true,"vegetarian":true,"image":"https://d25t2285lxl5rf.cloudfront.net/images/dishes/ef8911be-c1e1-4777-8a25-b92523887ca6.jpg","notFood":false,"drinks":false},{"name":"קומביאצה דגים","description":"4 יחידות פוטומאקי סלמון ואבוקדו, 4 יחידות פוטומאקי טונה, מלפפון ועירית, 4 יחידות אורומאקי סלמון סקין ואבוקדו, 4 יחידות אורומאקי סלמון צלוי, מלפפון, ומיונז צ'ילי , 1נגירי סלמון, 1 נגירי טונה","price":82,"vegan":false,"vegetarian":false,"image":"https://d25t2285lxl5rf.cloudfront.net/images/dishes/d885a43f-5109-49bc-be7d-efdaa9c3ab6c.jpg","notFood":false,"drinks":false},{"name":"קומבינאצה קריספי- מטוגן","description":"8 יח' +4 יח' סושי סנדוויץ' \n4 יח' פוטומאקי בטמפורה עם סלמון סקין ואבוקדו\n4 יח' פוטומאקי בטמפורה עם בטטה בטמפורה, מלפפון ועירית\n4 יח' סושי סנדוויץ' בטמפורה עם סלמון, אבוקדו וגבינת שמנה (פרווה)","price":67,"vegan":false,"vegetarian":false,"image":"https://d25t2285lxl5rf.cloudfront.net/images/dishes/420fc4e2-d718-49c5-a18f-efb8809bba3c.jpg","notFood":false,"drinks":false},{"name":"קומבינאצה קריספי צמחוני- מטוגן","description":"4 יחידות סושי סנדוויץ קריספי צמחוני-בטמפורה עם אבוקדו, בטטה בטמפורה, עירית וטמגו, 4 יחידות אורומאקי אבוקדו, בטטה מאודה, פיטריות שיטאקה עטוף בשבבי פנקו קראנצי, 4 יחידות אורומאקי אבוקדו, טמגו, מלפפון עטוף בפנקו","price":63,"vegan":true,"vegetarian":true,"image":"https://d25t2285lxl5rf.cloudfront.net/images/dishes/7eaeb62f-916e-4ad3-89bc-4eab9acf16e3.jpg","notFood":false,"drinks":false},{"name":"קומבינאצה סלמון","description":"4 יחידות פוטומאקי סלמון, אבוקדו ועירית, 4 יחידות פוטומאקי סלמון, בטטה טמפורה ושיטאקה, 4 יחידות אורומאקי סלמון צלוי, קנפיו וגזר עטוף בסלמון, 4 יחידות אורמאקי סלמון מעושן, מלפפון וטמגו עטוף בסלמון, 2 יחידות ניגירי סלמון  ","price":95,"vegan":false,"vegetarian":false,"image":"https://d25t2285lxl5rf.cloudfront.net/images/dishes/57163706-df2b-464e-ac56-39ab8953c60e.jpg","notFood":false,"drinks":false},{"name":"קומבינאצה גם וגם","description":"4 יחידות אורמאקי סלמון ואבוקדו, 4 יחידות אורומאקי טונה, מלפפון וגזר, 4 יחידות פוטומאקי בטטה בטמפורה, אבוקדו ועירית, 4 יחידות פוטומאקי טמגו,  מלפפון ובטטה מאודה, 1 נגירי סלמון, 1 ניגירי טמגו  ","price":75,"vegan":false,"vegetarian":false,"image":"https://d25t2285lxl5rf.cloudfront.net/images/dishes/ede98e40-6a20-4e1a-bbb2-4b594e8ffcea.jpg","notFood":false,"drinks":false},{"name":"קומביאצה ספייסי","description":"4 יחידות אורומאקי ספייסי סלמון, מלפפון וגזר, 4 יחידות אורומאקי ספייסי סלמון ואבוקדו, 4 יחידות פוטומאקי ספייסי טונה, שיטאקה ובטטה בטמפורה, 4 יחידות פוטומאקי ספייסי טונה, טמגו ועירית","price":78,"vegan":false,"vegetarian":false,"image":"https://d25t2285lxl5rf.cloudfront.net/images/dishes/3adad0d2-860c-4ca3-a557-7aa4c7419e12.jpg","notFood":false,"drinks":false},{"name":"קומביאצה אצה","description":"8 יח סלמון אבוקדו עטופים בשבבי ציפס בטטה.\n8 יח ווגי רול צמחוני.\n8 יח טונה אדומה, שיטאקי, מלפפון וספייסי מיונז.\n4 יח סושי סנדוויץ קריספי\n4 יח מאקי בטטה בטמפורה\n4 יח מאקי ספייסי טונה אדונה\n3 יח ניגירי (סלמון, אבוקדו, טמגו)","price":181,"vegan":false,"vegetarian":false,"image":"https://d25t2285lxl5rf.cloudfront.net/images/dishes/c7389e89-e5af-4a65-9411-13507f64a5a0.jpg","notFood":false,"drinks":false},{"name":"קומבינאצה מיקס","description":"4 יחידות סושי סנדוויץ עם סלמון, אבוקדו גבינת שמנת טופו (פרווה) 8 יחידות אורמאקי סלמון צלוי, אבוקדו, בטטה בטמפורה וטריאקי עטוף בשבבי פנקו קראנצי, 4 יחידות פוטומאקי- סלמון, אבוקדו, 4 יחידות פוטומאקי- טונה ואבקדו, 4 יחידות אורמאקי טמגו, גזר, מלפפון עטוף בבטטה, 4 יחידות אורומאקי  אבוקדו, פיטריות שיטאקה ","price":109,"vegan":false,"vegetarian":false,"image":"https://d25t2285lxl5rf.cloudfront.net/images/dishes/5bc94994-7e5b-4ee1-b9e0-9d25bdb2f6c9.jpg","notFood":false,"drinks":false},{"name":"קומבינאצה צמחונית מפנקת","description":"4 יח' אורומאקי אבוקדו, בטטה מאודה ופטריות שיטאקי עטוף בשבבי פנקו קראנץ'. 4 יח' אורומאקי אבוקדו, טמגו ומלפפון עטוף בפנקו. 8 יח' אבוקדו, מלפפון ושיטאקי במעטפת חצי אבוקדו וחצי בטטה.","price":65,"vegan":true,"vegetarian":true,"image":"https://d25t2285lxl5rf.cloudfront.net/images/dishes/d0ecfef3-4b2c-470f-919b-ff5b1a7807f0.jpg","notFood":false,"drinks":false},{"name":"קומבינאצה טבעונית","description":"8 יחידות + 4 יח סושי סנדוויץ\n4 יח' פוטומאקי מלפפון , גזר וקנפיו\n4 יח' פוטומאקי אבוקדו, בטטה מאודה, קנפיו ובצל ירוק\n4 יח' סושי סנדוויץ במטפורה ופנקו עם אבוקדו, בטטה בטמפורה ועירית","price":59,"vegan":true,"vegetarian":true,"image":"https://d25t2285lxl5rf.cloudfront.net/images/dishes/1568767.jpg","notFood":false,"drinks":false},{"name":"ספיישל מיקס זוגית","description":"8 יח ביסלי רול , 8 יח ספיישל טמפורה, 8 יח ווג'י רול, ניגירי סלמון, אבוקדו וטמגו\r\n","price":144,"vegan":false,"vegetarian":false,"image":"https://d25t2285lxl5rf.cloudfront.net/images/dishes/c79dbc3a-516a-466c-8d5d-438cd054e9c1.28","notFood":false,"drinks":false},{"name":"ספיישל דגים זוגית","description":"4 יח ספיידר רול, 4 יח 50/50 , 4 יח ספייסי רול, 4 יח סלמון WRAP, 3 יח ניגירי יוזו \r\n8 יח מאקי סלמון ואבוקדו I\\O\r\n","price":144,"vegan":false,"vegetarian":false,"image":"https://d25t2285lxl5rf.cloudfront.net/images/dishes/1ea8a349-2de5-4794-8746-a5125095eb98.28","notFood":false,"drinks":false},{"name":"פוקי צמחוני","description":"עד 5 מרכיבים לבחירה מוגש עם אורז בצד.","price":49,"vegan":true,"vegetarian":true,"image":"","notFood":false,"drinks":false},{"name":"פוקי דג","description":"עד 4 מרכיבים לבחירה - מוגש עם אורז בצד.","price":56,"vegan":false,"vegetarian":false,"image":"","notFood":false,"drinks":false},{"name":"טמגו","description":"3 יחידות","price":23,"vegan":true,"vegetarian":true,"image":"https://d25t2285lxl5rf.cloudfront.net/images/dishes/c6cc7a10-9fc5-41dc-a0b6-d4c8516198be.jpg","notFood":false,"drinks":false},{"name":"אבוקדו","description":"3 יחידות","price":23,"vegan":true,"vegetarian":true,"image":"https://d25t2285lxl5rf.cloudfront.net/images/dishes/7c04bb23-ca87-4ad7-9be5-4876e178c0b3.jpg","notFood":false,"drinks":false},{"name":"טונה אדומה","description":"3 יחידות","price":29,"vegan":false,"vegetarian":false,"image":"https://d25t2285lxl5rf.cloudfront.net/images/dishes/1b36bc0c-69ab-419b-8190-7b3251ce7ff9.jpg","notFood":false,"drinks":false},{"name":"סלמון","description":"3 יחידות","price":25,"vegan":false,"vegetarian":false,"image":"https://d25t2285lxl5rf.cloudfront.net/images/dishes/7d525015-25f1-4408-ab84-cddcfa1ebe87.jpg","notFood":false,"drinks":false},{"name":"סלמון צרוב","description":"","price":25,"vegan":false,"vegetarian":false,"image":"https://d25t2285lxl5rf.cloudfront.net/images/dishes/cc94dceb-3db9-468f-bf77-840f1223c94c.jpg","notFood":false,"drinks":false},{"name":"סאשימי סלמון","description":"3 יחידות ","price":34,"vegan":false,"vegetarian":false,"image":"https://d25t2285lxl5rf.cloudfront.net/images/dishes/740dad9b-6945-4f30-a3cf-bf2331e90898.jpg","notFood":false,"drinks":false},{"name":"סשימי טונה אדומה","description":"","price":37,"vegan":false,"vegetarian":false,"image":"","notFood":false,"drinks":false},{"name":"מאקי מלפפון","description":"8 יחידות, בהרכבה עצמית","price":22,"vegan":true,"vegetarian":true,"image":"https://d25t2285lxl5rf.cloudfront.net/images/dishes/731595be-4821-4a2d-ba19-08a5ca23428e.jpg","notFood":false,"drinks":false},{"name":"מאקי גזר","description":"8 יחידות, בהרכבה עצמית","price":22,"vegan":true,"vegetarian":true,"image":"https://d25t2285lxl5rf.cloudfront.net/images/dishes/ebf1590e-a04d-415b-9788-1f313efa8559.jpg","notFood":false,"drinks":false},{"name":"מאקי אבוקדו","description":"8 יחידות, בהרכבה עצמית","price":24,"vegan":true,"vegetarian":true,"image":"https://d25t2285lxl5rf.cloudfront.net/images/dishes/0e41767e-8c86-48f5-a1e5-baabd3bc4d17.jpg","notFood":false,"drinks":false},{"name":"קנפיו","description":" 8 יחידות, בהרכבה עצמית  ","price":22,"vegan":true,"vegetarian":true,"image":"https://d25t2285lxl5rf.cloudfront.net/images/dishes/2deb92cb-8349-4385-9082-a67ff075e109.jpg","notFood":false,"drinks":false},{"name":"מאקי פטריות שיטאקה","description":"8 יחידות, בהרכבה עצמית","price":22,"vegan":true,"vegetarian":true,"image":"https://d25t2285lxl5rf.cloudfront.net/images/dishes/c613a67c-8dca-4b13-a96a-18afe4e3132b.jpg","notFood":false,"drinks":false},{"name":"מאקי בטטה בטמפורה","description":"8 יחידות, בהרכבה עצמית","price":22,"vegan":true,"vegetarian":true,"image":"https://d25t2285lxl5rf.cloudfront.net/images/dishes/9ec4c5e7-aeba-48c1-ab04-0afc7f71afe4.jpg","notFood":false,"drinks":false},{"name":"מאקי בטטה מאודה","description":"8 יחידות, בהרכבה עצמית","price":22,"vegan":true,"vegetarian":true,"image":"https://d25t2285lxl5rf.cloudfront.net/images/dishes/f1ad971c-07a9-41ed-8941-ff4b1e6679a0.jpg","notFood":false,"drinks":false},{"name":"מאקי טמגו- חביתה יפנית","description":"8 יחידות, בהרכבה עצמית","price":22,"vegan":false,"vegetarian":true,"image":"https://d25t2285lxl5rf.cloudfront.net/images/dishes/aaccc6fc-48c0-4a65-bc11-2098426f7dd8.jpg","notFood":false,"drinks":false},{"name":"מאקי טופו בטמפורה","description":"8 יחידות, בהרכבה עצמית","price":22,"vegan":true,"vegetarian":true,"image":"https://d25t2285lxl5rf.cloudfront.net/images/dishes/7585c5c3-2d39-4220-9155-05a07818e3c7.jpg","notFood":false,"drinks":false},{"name":"מאקי טונה אדומה","description":"8 יחידות, בהרכבה עצמית","price":27,"vegan":false,"vegetarian":false,"image":"https://d25t2285lxl5rf.cloudfront.net/images/dishes/be8b1f73-b750-441e-b7d6-0358ea962a39.jpg","notFood":false,"drinks":false},{"name":"מאקי טונה מעושנת","description":"8 יחידות, בהרכבה עצמית","price":24,"vegan":false,"vegetarian":false,"image":"https://d25t2285lxl5rf.cloudfront.net/images/dishes/b23ccd04-5198-4389-86d3-2cc2925bb8df.jpg","notFood":false,"drinks":false},{"name":"מאקי ספייסי טונה","description":"8 יחידות, בהרכבה עצמית","price":27,"vegan":false,"vegetarian":false,"image":"https://d25t2285lxl5rf.cloudfront.net/images/dishes/85812112-33e4-48a7-b557-70bb92407bf7.jpg","notFood":false,"drinks":false},{"name":"מאקי סלמון","description":"8 יחידות, בהרכבה עצמית","price":27,"vegan":false,"vegetarian":false,"image":"https://d25t2285lxl5rf.cloudfront.net/images/dishes/596c703b-3cc1-4157-b165-7c4c416f93f4.jpg","notFood":false,"drinks":false},{"name":"מאקי ספייסי סלמון","description":"8 יחידות, בהרכבה עצמית","price":27,"vegan":false,"vegetarian":false,"image":"https://d25t2285lxl5rf.cloudfront.net/images/dishes/c46a8986-31eb-457f-9dd4-8c9d07b8273d.jpg","notFood":false,"drinks":false},{"name":"מאקי סלמון מעושן","description":"8 יחידות, בהרכבה עצמית","price":27,"vegan":false,"vegetarian":false,"image":"https://d25t2285lxl5rf.cloudfront.net/images/dishes/d4b83709-6761-40b4-803d-abe81a2b8a96.jpg","notFood":false,"drinks":false},{"name":"סלמון צלוי","description":"8 יחידות, בהרכבה עצמית","price":27,"vegan":false,"vegetarian":false,"image":"https://d25t2285lxl5rf.cloudfront.net/images/dishes/0992ecda-b96a-466d-9480-62599f97a887.jpg","notFood":false,"drinks":false},{"name":"מאקי סלמון סקין","description":"8 יחידות, בהרכבה עצמית","price":27,"vegan":false,"vegetarian":false,"image":"https://d25t2285lxl5rf.cloudfront.net/images/dishes/172c321c-6da6-414f-abf9-7795656940b7.jpg","notFood":false,"drinks":false},{"name":"שניצל פנקו","description":"חזה עוף בציפוי פנקו, מוגש עם תוספת לבחירה אורז יסמין או לבן ירקות מוקפץ מתובל בסויה","price":55,"vegan":false,"vegetarian":false,"image":"https://d25t2285lxl5rf.cloudfront.net/images/dishes/4124c753-417d-488c-bb84-13113971ae74.jpg","notFood":false,"drinks":false},{"name":"עוף בקארי","description":"רצועות חזה עוף מוקפות עם בצל לבן, שעועית ירוקה, קישואים ובצל ירוק עם כוסברה ברוטב קוקוס קארי אדום מוגש על אורז יסמין לבן  ","price":55,"vegan":false,"vegetarian":false,"image":"https://d25t2285lxl5rf.cloudfront.net/images/dishes/0f835b73-955f-4dab-8705-2300a37d368f.jpg","notFood":false,"drinks":false},{"name":"עוף בטמפורה","description":"עוף מצופה בטמפורה בליווי קישוא, בצל ירוק ופלפלים ברוטב צ'זה צ'ילי . מוגש עם אורז לבן  \n* לא מומלץ במשלוח","price":55,"vegan":false,"vegetarian":false,"image":"https://d25t2285lxl5rf.cloudfront.net/images/dishes/1a2e548a-64e1-434d-8287-d38bb53faa97.jpg","notFood":false,"drinks":false},{"name":"עוף בלימון","description":"נתחי חזה עוף בטמפורה, אננס, בצל וגמבות מוקפצים בווק ברוטב דבש לימון ושום. מוגש עם אורז לבן ובצל ירוק. \n* לא מומלץ במשלוח ","price":55,"vegan":false,"vegetarian":false,"image":"https://d25t2285lxl5rf.cloudfront.net/images/dishes/e6f416f7-8e16-47b2-81e0-473d6d5427f7.jpg","notFood":false,"drinks":false},{"name":"ביף ברוקולי","description":"רצועות בקר, פלפל חריף מיובש, ברוקולי, בצל ובצל ירוק, מוקפצים בווק ברוטב קרמל סויה. מוגש עם אורז לבן","price":59,"vegan":false,"vegetarian":false,"image":"https://d25t2285lxl5rf.cloudfront.net/images/dishes/87174832-1157-4d3d-b03f-15eace0e8346.png","notFood":false,"drinks":false},{"name":"עוף בקשיו","description":"רצועות חזה עוף, בצל, כרוב גזר וקשיו מוקפצים בווק ברוטב הוייסין מתוק חריף, מוגש עם אורז לבן\r\n","price":55,"vegan":false,"vegetarian":false,"image":"","notFood":false,"drinks":false},{"name":"נודלס פטריות - צמחוני","description":"מיקס פטריות, בצל ונבטים מוקפצים בווק עם אטריות ברוטב סויה פטריות.","price":47,"vegan":true,"vegetarian":true,"image":"https://d25t2285lxl5rf.cloudfront.net/images/dishes/b6d71411-d254-4d47-b48f-29ced26518e1.jpg","notFood":false,"drinks":false},{"name":"נודלס קוקוס קארי - צמחוני","description":"ביצים מוקפצות עם גזר, בצל ושעועית ירוקה ברוטב קארי אדום חריף, חמאת בוטנים וחלב קוקוס מוגש עם כוסברה ובוטנים. מוגש עם תוספת בתשלום","price":47,"vegan":false,"vegetarian":true,"image":"https://d25t2285lxl5rf.cloudfront.net/images/dishes/e487e01e-4398-4a4d-9d09-666220deafc4.jpg","notFood":false,"drinks":false},{"name":"נודלס צ'ופ סוי - צמחוני","description":"אטריות ביצים מוקפצות עם כרוב, גזר, בצל, פלפלים ושעועית ירוקה ברוטב סויה, צ'ילי מתוק, שמן שומשום וטריאקי מוגש עם בצל ירוק. מוגש עם תוספת בתשלום","price":47,"vegan":false,"vegetarian":true,"image":"https://d25t2285lxl5rf.cloudfront.net/images/dishes/8dcddafe-8e73-4114-8c99-8bf85121d609.jpg","notFood":false,"drinks":false},{"name":"פאד תאי - צמחוני","description":"אטריות אורז מוקפצות עם ביצה, כרוב, שעועית ירוקה, בצל ונבטים ברוטב פיקנטי. מוגש עם כוסברה ובוטנים גרוסים . מוגש עם תוספת בתשלום","price":47,"vegan":false,"vegetarian":true,"image":"https://d25t2285lxl5rf.cloudfront.net/images/dishes/28d1e080-dbe3-4299-b0f8-c7f31063377c.jpg","notFood":false,"drinks":false},{"name":"אורז מוקפץ - צמחוני","description":"אורז יסמין מוקפץ עם גזר, כרוב, בצל, פלפלים ושעועית ירוקה ברוטב סויה, צ'ילי מתוק, שמן שומשום וטריאקי מוגש על בצל ירוק. מוגש עם תוספת בתשלום","price":47,"vegan":true,"vegetarian":true,"image":"https://d25t2285lxl5rf.cloudfront.net/images/dishes/178fd6e7-ce1c-48c1-9b94-dc1382300e90.jpg","notFood":false,"drinks":false},{"name":"מגש דגים","description":"88 יחידות ","price":379,"vegan":false,"vegetarian":false,"image":"https://d25t2285lxl5rf.cloudfront.net/images/dishes/6279483e-88a6-44c9-942c-0b549d4555c5.jpg","notFood":false,"drinks":false},{"name":"מגש גם וגם","description":"88 יחידות ","price":359,"vegan":true,"vegetarian":true,"image":"https://d25t2285lxl5rf.cloudfront.net/images/dishes/8ac9b8de-8ae6-4509-b2c5-aaa51674f80b.jpg","notFood":false,"drinks":false},{"name":"מגש צמחוני","description":"88 יחידות ","price":339,"vegan":true,"vegetarian":true,"image":"https://d25t2285lxl5rf.cloudfront.net/images/dishes/9c40d292-24c9-4503-8b54-9ec268b7f8e2.jpg","notFood":false,"drinks":false},{"name":"מגש מסיבה בינוני","description":"80 יח'","price":269,"vegan":true,"vegetarian":true,"image":"https://d25t2285lxl5rf.cloudfront.net/images/dishes/358cf3e5-1cce-42ad-8beb-921fdef8681d.jpg","notFood":false,"drinks":false},{"name":"מים מינרליים","description":"","price":10,"vegan":true,"vegetarian":true,"image":"","notFood":false,"drinks":true},{"name":"סודה","description":"","price":10,"vegan":true,"vegetarian":true,"image":"","notFood":false,"drinks":true},{"name":"בקבוק קוקה קולה","description":"","price":13,"vegan":true,"vegetarian":true,"image":"","notFood":false,"drinks":true},{"name":"בקבוק  קולה זירו","description":"","price":13,"vegan":true,"vegetarian":true,"image":"","notFood":false,"drinks":true},{"name":"ספרייט זירו","description":"","price":13,"vegan":true,"vegetarian":true,"image":"","notFood":false,"drinks":true},{"name":"מיץ ענבים","description":"","price":12,"vegan":true,"vegetarian":true,"image":"","notFood":false,"drinks":true},{"name":"מיץ תפוזים","description":"","price":12,"vegan":true,"vegetarian":true,"image":"","notFood":false,"drinks":false},{"name":"לימונדה","description":"","price":10,"vegan":true,"vegetarian":true,"image":"","notFood":false,"drinks":false},{"name":"בירה שחורה","description":"","price":13,"vegan":true,"vegetarian":true,"image":"","notFood":false,"drinks":true},{"name":"צנצנת דואט שוקולד","description":"","price":30,"vegan":false,"vegetarian":true,"image":"https://d25t2285lxl5rf.cloudfront.net/images/dishes/f4ad757f-3768-48a0-a86e-ae97840afb40.jpg","notFood":false,"drinks":false},{"name":"צנצנת חלווה בראוניס","description":"","price":30,"vegan":true,"vegetarian":true,"image":"https://d25t2285lxl5rf.cloudfront.net/images/dishes/170551a5-1d9a-4abf-a322-77bce45e2cc0.jpg","notFood":false,"drinks":false},{"name":"סטלה","description":"","price":25,"vegan":false,"vegetarian":false,"image":"","notFood":false,"drinks":false},{"name":"גולסטאר","description":"","price":25,"vegan":true,"vegetarian":true,"image":"","notFood":false,"drinks":false},{"name":"הייניקן","description":"","price":25,"vegan":true,"vegetarian":true,"image":"","notFood":false,"drinks":false},{"name":"קורונה","description":"","price":29,"vegan":true,"vegetarian":true,"image":"","notFood":false,"drinks":false},{"name":"למברוסקו בקבוק","description":"","price":92,"vegan":true,"vegetarian":true,"image":"","notFood":false,"drinks":true},{"name":"סאקה בקבוק 750 מ\"ל","description":"","price":50,"vegan":true,"vegetarian":true,"image":"","notFood":false,"drinks":true},{"name":"קברנה בקבוק","description":"","price":96,"vegan":true,"vegetarian":true,"image":"","notFood":false,"drinks":true},{"name":"שרדונה בקבוק","description":"","price":96,"vegan":true,"vegetarian":true,"image":"","notFood":false,"drinks":true}]}