{"track_id":"13042","filters":["burgers","meatGrill","salads"],"image":"https://tenbis-static.azureedge.net/restaurant-card-image/ResCard_13042_20220116125438.jpeg","address":"המלאכה, 2 רעננה","location":[34.8782996,32.1974322],"name":"בורגוס BBB","city":"כפר סבא","priceAverage":42.08771929824562,"menu":[{"name":"כרובית פריכה","description":"פרחי כרובית בציפוי פריך ורוטב צ'ילי ","price":34,"vegan":true,"vegetarian":true,"image":"https://d25t2285lxl5rf.cloudfront.net/images/dishes/fae8b084-3e26-40f4-9859-1cab070a5d62.jpg","notFood":false,"drinks":false},{"name":"הבורגוס רינגס","description":"טבעות בצל טרי בציפוי פריך ורוטב איולי צ‘יפוטלה בצד\t","price":38,"vegan":false,"vegetarian":false,"image":"https://d25t2285lxl5rf.cloudfront.net/images/dishes/8af01fcb-0d44-4567-9c11-2fbdd74b2031.jpg","notFood":false,"drinks":false},{"name":"צ'יפס בטטה","description":"מקלות בטטה מתקתקה","price":34,"vegan":true,"vegetarian":true,"image":"https://d25t2285lxl5rf.cloudfront.net/images/dishes/dd01b79d-8a02-4a4e-9750-641540499ecb.jpg","notFood":false,"drinks":false},{"name":"כנפי BBB","description":"כנפיים מוקפצות ברוטב צ'ילי ושומשום","price":42,"vegan":false,"vegetarian":false,"image":"https://d25t2285lxl5rf.cloudfront.net/images/dishes/97ada1bc-af02-40cd-afb6-7dd4e2370207.jpg","notFood":false,"drinks":false},{"name":"נאגטס עוף","description":"פילה עוף בציפוי פצפוצי אורז ושומשום עם רוטב צ'ילי","price":39,"vegan":false,"vegetarian":false,"image":"https://d25t2285lxl5rf.cloudfront.net/images/dishes/38b06d1b-82bf-4c3c-bf4c-b58740847390.jpg","notFood":false,"drinks":false},{"name":"פרנה בתנור לבנים \n","description":"\nמוגשת עם טחינה, קרם עגבניות וסחוג ירוק. ","price":19,"vegan":true,"vegetarian":true,"image":"https://d25t2285lxl5rf.cloudfront.net/images/dishes/7d29c4cd-3dcf-4749-bd05-1946c670e0d4.png","notFood":false,"drinks":false},{"name":"סלט שורשים מסולסים","description":"סלק, ארוגולה, קולורבי, גזר, צנוניות , ג'ינג'ר, בצל אדום, בזיליקום וכוסברה וויניגרט אסייתי פיקנטי. קינואה קראנץ' אגוזים וחמוציות.\t","price":39,"vegan":true,"vegetarian":true,"image":"https://d25t2285lxl5rf.cloudfront.net/images/dishes/2791611.jpg","notFood":false,"drinks":false},{"name":"סלט ירקות וגבינת פנחס","description":"ירקות טריים עשבי תיבול, קרוטונים, ג'עלה קלוי, בולגרית פנחס, סומק, זיתי קלמטה, שמן זית ולימון. *אלרגניים: גלוטן (קרוטונים), ג'עלה קלוי (אגוזים, שומשום), לקטוז (גבינה בולגרית)","price":49,"vegan":false,"vegetarian":true,"image":"https://d25t2285lxl5rf.cloudfront.net/images/dishes/2791612.jpg","notFood":false,"drinks":false},{"name":"B בורגר Regular","description":"המבורגר מבשר בקר טרי מובחר. מוגש בלחמנייה עם חסה אייסברג, עגבנייה,\nבצל ופרוסות מלפפון בכבישה ביתית ","price":56,"vegan":false,"vegetarian":false,"image":"https://d25t2285lxl5rf.cloudfront.net/images/dishes/a6f7acae-fb6f-4869-bbb1-6be4f2866d52.jpg","notFood":false,"drinks":false},{"name":"BB בורגר Medium","description":"המבורגר מבשר בקר טרי מובחר. מוגש בלחמנייה עם חסה אייסברג, עגבנייה, בצל ופרוסות מלפפון בכבישה ביתית\t","price":63,"vegan":false,"vegetarian":false,"image":"https://d25t2285lxl5rf.cloudfront.net/images/dishes/1557cec8-95fa-4263-b381-14648e5fb63b.jpg","notFood":false,"drinks":false},{"name":"BBB בורגר Large","description":"המבורגר מבשר בקר טרי מובחר. מוגש בלחמנייה עם חסה אייסברג, עגבנייה, בצל ופרוסות מלפפון בכבישה ביתית\t","price":69,"vegan":false,"vegetarian":false,"image":"https://d25t2285lxl5rf.cloudfront.net/images/dishes/91ef6708-8b18-4e4c-b7fa-7ef23834ae43.jpg","notFood":false,"drinks":false},{"name":"גארדן בורגר","description":"קציצה עסיסית של פטריות וגבינת חלומי. מוגש בלחמניה עם חסה אייסברג, עגבנייה, בצל סגול  ופרוסות מלפפון כבוש.","price":56,"vegan":false,"vegetarian":true,"image":"https://d25t2285lxl5rf.cloudfront.net/images/dishes/2793555.jpeg","notFood":false,"drinks":false},{"name":"המבורגר טלה","description":"המבורגר מנתחי טלה ובקר מובחרים","price":66,"vegan":false,"vegetarian":false,"image":"https://d25t2285lxl5rf.cloudfront.net/images/dishes/16ca9bfa-132b-4c01-8323-6ff8c9c93b3f.jpg","notFood":false,"drinks":false},{"name":"ביונד בורגר","description":"המבורגר טבעוני על בסיס חלבון אפונה","price":68,"vegan":true,"vegetarian":true,"image":"https://d25t2285lxl5rf.cloudfront.net/images/dishes/f591862d-90f3-4fb2-a310-4fbf566dd222.jpg","notFood":false,"drinks":false},{"name":"סיזר בורגר כמהין\t","description":"המבורגר בקר טרי בשילוב עם גאודה כמהין ופרמז'ן, חסה רומית, בצל סגול, עגבנייה, איולי סיזר וביצת עין\t","price":82,"vegan":false,"vegetarian":false,"image":"https://d25t2285lxl5rf.cloudfront.net/images/dishes/3391946.jpeg","notFood":false,"drinks":false},{"name":"בלאק בריסקט בורגר\t","description":"המבורגר בקר טרי, בריסקט שחור מעושן, בצל מקורמל, איולי צ'יפוטלה, ארוגולה, בצל סגול, איולי חרדל וכרוב כבוש\t","price":82,"vegan":false,"vegetarian":false,"image":"https://d25t2285lxl5rf.cloudfront.net/images/dishes/3391947.jpeg","notFood":false,"drinks":false},{"name":"באבאג'ים\t","description":"המבורגר מנתחי בקר וטלה מובחרים , שווארמה עגל ובצל מקורמל, סלסה ירקות גריל, איולי אריסה, חסה אייסברג, בצל סגול ופרוסות מלפפון כבוש\t","price":82,"vegan":false,"vegetarian":false,"image":"https://d25t2285lxl5rf.cloudfront.net/images/dishes/3391948.jpeg","notFood":false,"drinks":false},{"name":"קראסט צ'יקן\t","description":"עוף בציפוי פריך, קולסלאו בוטנים אסייתי, חסה אייסברג, פרוסות מלפפון כבוש, בצל סגול ואיולי צי'פוטלה","price":62,"vegan":false,"vegetarian":false,"image":"https://d25t2285lxl5rf.cloudfront.net/images/dishes/3391949.jpeg","notFood":false,"drinks":false},{"name":"אסאדו צ'ימיצ'ורי","description":"המבורגר מבשר בקר טרי \"אנגוס שחור\", בתוספת אסאדו בקר מפורק, צ'ימיצ'ורי, באיולי שום קונפי ובצל מקורמל, חסה אייסברג, עגבניה, בצל ופרוסות מלפפון כבוש\t","price":82,"vegan":false,"vegetarian":false,"image":"https://d25t2285lxl5rf.cloudfront.net/images/dishes/63ad3a91-3875-4c79-b96b-7c850f5bb6c5.jpg","notFood":false,"drinks":false},{"name":"המבורגר קצבים","description":"המבורגר מנתחי בקר טריים מובחרים, ״המעושנת״, ארוגולה, בצל פריך, פרוסות מלפפון בכבישה ביתית,\r\nריבת בצל ואיולי חרדל","price":82,"vegan":false,"vegetarian":false,"image":"https://d25t2285lxl5rf.cloudfront.net/images/dishes/1fe69178-966c-45d1-9cfe-08c9a75c1f0e.jpg","notFood":false,"drinks":false},{"name":"דאבל אמריקה בורגר","description":"שני המבורגרים מבשר בקר טרי מובחר, גבינת גאודה, בצל פריך, פרוסות מלפפון בכבישה ביתית ורוטב ברביקיו","price":82,"vegan":false,"vegetarian":false,"image":"https://d25t2285lxl5rf.cloudfront.net/images/dishes/63f81446-396a-4973-accf-f779921d55fe.jpg","notFood":false,"drinks":false},{"name":"חזה עוף צ'ימיצ'ורי","description":"חזה עוף צלוי בגריל ברוטב צימיצ'ורי מתובל. מוגש עם תוספת לבחירה\n","price":66,"vegan":false,"vegetarian":false,"image":"https://d25t2285lxl5rf.cloudfront.net/images/dishes/d91d9547-5553-417c-8bd0-279920fa9994.jpg","notFood":false,"drinks":false},{"name":"שניצל קלאסי","description":"חזה עוף עסיסי בציפוי פריך של פירורי לחם. מוגש עם תוספת לבחירה\n","price":66,"vegan":false,"vegetarian":false,"image":"https://d25t2285lxl5rf.cloudfront.net/images/dishes/8932de28-d9da-44a0-8987-f538198d768e.jpg","notFood":false,"drinks":false},{"name":"טורטייה עוף","description":"טורטייה מגולגלת עם רצועות עוף, גוואקמולי, בצל ופלפלים צרובים. מוגש עם תוספת לבחירה ואיולי צ'יפוטלה בצד\n","price":62,"vegan":false,"vegetarian":false,"image":"https://d25t2285lxl5rf.cloudfront.net/images/dishes/0abdedb3-20e7-49f1-b1ff-3118bc9aed4e.jpg","notFood":false,"drinks":false},{"name":"טורטייה אנטריקוט","description":"טורטייה מגולגלת עם רצועות אנטריקוט, גוואקמולי, בצל סגול, ארוגולה, מלפפון חמוץ,\nבצל פריך, צ'ימיצ'ורי ואיולי צ'יפוטלה. מוגש עם תוספת לבחירה וחלפיניו מוחמץ בצד\n","price":69,"vegan":false,"vegetarian":false,"image":"https://d25t2285lxl5rf.cloudfront.net/images/dishes/33863d55-894d-4191-8bd5-eea84916d27c.jpg","notFood":false,"drinks":false},{"name":"סלט עוף מזרח מערב\t","description":"עוף, חסה ערבית, פלפלים צהובים, כרוב אדום, בצל ירוק, כוסברה, נבטי חמניה, עגבניות שרי, צנונית, פלפלים, שעועית ירוקה, בוטנים ושאלוט קריספי.\t","price":59,"vegan":false,"vegetarian":false,"image":"https://d25t2285lxl5rf.cloudfront.net/images/dishes/2791613.jpg","notFood":false,"drinks":false},{"name":"פרגיות בקארי חמאת בוטנים","description":"פרגיות גריל בקארי חמאת בוטנים עם חלב קוקוס, כרובית, שעועית ירוקה, כוסברה, צ'ילי אדום ואפונת ואסבי מוגש עם תוספת לבחירה || *אלרגניים ורגישויות: בוטנים, כוסברה, גלוטן (סויה), קוקוס חציל || מומלץ להזמין לצד אורז ","price":69,"vegan":false,"vegetarian":false,"image":"https://d25t2285lxl5rf.cloudfront.net/images/dishes/2793578.jpg","notFood":false,"drinks":false},{"name":"אסאדו מפורק בחלה","description":"אסאדו בקר מפורק מוגש על טחינה, משוואיה וגרגרי חומוס עם בצל גריל ועלים ירוקים מוגש לצד חלה מתוקה וירקות שוק *רגישויות ואלרגניים: טחינה (שומושום), גלוטן (חלה), סילאן, כוסברה\t","price":69,"vegan":false,"vegetarian":false,"image":"https://d25t2285lxl5rf.cloudfront.net/images/dishes/2791615.jpg","notFood":false,"drinks":false},{"name":"טורטייה אסאדו מפורק","description":"טורטייה מגולגלת עם אסאדו בקר מפורק, ברביקיו, איולי צ'יפוטלה ארוגולה, בצל מקורמל, חלפיניו ומלפפון חמוץ. מוגש עם תוספת לבחירה \t","price":69,"vegan":false,"vegetarian":false,"image":"https://d25t2285lxl5rf.cloudfront.net/images/dishes/2791616.jpg","notFood":false,"drinks":false},{"name":"עוף וירקות על הפלנצ'ה","description":"פילה עוף צרוב , שעועית ירוקה , פלפלים, בצל וברוקולי ברוטב סויה ופלפלים, מומלץ להזמין עם אורז","price":69,"vegan":false,"vegetarian":false,"notFood":false,"drinks":false},{"name":"סלט קיסר","description":"לבבות חסה פריכה, קרוטונים, בצל סגול, פרמז'ן ורוטב קיסר","price":49,"vegan":false,"vegetarian":true,"notFood":false,"drinks":false},{"name":"המבורגר","description":"מוגש עם תוספת ושתייה לבחירה","price":49,"vegan":false,"vegetarian":false,"image":"https://d25t2285lxl5rf.cloudfront.net/images/dishes/69eb0206-b11e-483c-b62a-5bd7e3a69dc9.jpg","notFood":false,"drinks":false},{"name":"שניצלונים","description":"מוגש עם תוספת ושתייה לבחירה","price":49,"vegan":false,"vegetarian":false,"image":"https://d25t2285lxl5rf.cloudfront.net/images/dishes/9020b62a-7952-4816-82c2-b4b6799c8562.jpg","notFood":false,"drinks":false},{"name":"חזה עוף בלחמנייה","description":"מוגש עם תוספת ושתייה לבחירה","price":49,"vegan":false,"vegetarian":false,"image":"https://d25t2285lxl5rf.cloudfront.net/images/dishes/bf5df2ec-9fec-4169-9c9b-0d1c23682b30.jpg","notFood":false,"drinks":false},{"name":"שעועית ירוקה עדינה","price":16,"vegan":true,"vegetarian":true,"image":"https://d25t2285lxl5rf.cloudfront.net/images/dishes/aae40e2d-b8e3-4859-aba2-6cdfe8c5af9c.jpg","notFood":false,"drinks":false},{"name":"סלט ירוק קטן","description":"עם רוטב חרדל דבש ","price":14,"vegan":true,"vegetarian":true,"image":"https://d25t2285lxl5rf.cloudfront.net/images/dishes/9beb402d-fb22-4c41-bd42-8b3b56c0c050.jpg","notFood":false,"drinks":false},{"name":"אורז","price":14,"vegan":true,"vegetarian":true,"image":"https://d25t2285lxl5rf.cloudfront.net/images/dishes/7e70b45b-7fd9-45ad-90d6-00e9165c07ea.jpg","notFood":false,"drinks":false},{"name":"פירה","price":16,"vegan":true,"vegetarian":true,"image":"https://d25t2285lxl5rf.cloudfront.net/images/dishes/6c326096-5c86-4e1e-9e9d-48372401d437.jpg","notFood":false,"drinks":false},{"name":"צ'יפס קטן","price":18,"vegan":true,"vegetarian":true,"image":"https://d25t2285lxl5rf.cloudfront.net/images/dishes/92192c05-71f3-422a-841d-3386dec37aa8.jpg","notFood":false,"drinks":false},{"name":"צ'יפס גדול","price":30,"vegan":true,"vegetarian":true,"image":"https://d25t2285lxl5rf.cloudfront.net/images/dishes/9465da79-0504-43ce-8f5d-55a666376951.jpg","notFood":false,"drinks":false},{"name":"טבעות בצל קטן","price":18,"vegan":true,"vegetarian":true,"image":"https://d25t2285lxl5rf.cloudfront.net/images/dishes/c9f05f3e-ff2c-4046-9827-72f7913e355f.jpg","notFood":false,"drinks":false},{"name":"טבעות בצל גדול","price":30,"vegan":true,"vegetarian":true,"image":"https://d25t2285lxl5rf.cloudfront.net/images/dishes/8a928a72-3bb6-4d41-afb1-9fdf28215ae8.jpg","notFood":false,"drinks":false},{"name":"הום פרייז","price":22,"vegan":true,"vegetarian":true,"image":"https://d25t2285lxl5rf.cloudfront.net/images/dishes/e19ad884-cb6d-4a40-8c96-7de69d2ab2e0.jpg","notFood":false,"drinks":false},{"name":"פונדנט שוקולד","description":"עוגת שוקולד חמה עם גלידה בטעם וניל ורוטב נוצ'יטלה מתקתק","price":32,"vegan":false,"vegetarian":false,"notFood":false,"drinks":false},{"name":"פחית קוקה-קולה","price":10,"vegan":true,"vegetarian":true,"notFood":false,"drinks":true},{"name":"פחית קוקה-קולה זירו","price":10,"vegan":true,"vegetarian":true,"notFood":false,"drinks":true},{"name":"דיאט קולה בקבוק זכוכית","price":14,"vegan":true,"vegetarian":true,"notFood":false,"drinks":true},{"name":"פאנטה בקבוק זכוכית","price":14,"vegan":true,"vegetarian":true,"notFood":false,"drinks":true},{"name":"ספרייט זירו בקבוק זכוכית","price":14,"vegan":true,"vegetarian":true,"notFood":false,"drinks":true},{"name":"ספרייט ליים בקבוק זכוכית","price":14,"vegan":true,"vegetarian":true,"notFood":false,"drinks":true},{"name":"פריגת ענבים","price":11,"vegan":true,"vegetarian":true,"notFood":false,"drinks":true},{"name":"קינלי סודה","price":11,"vegan":true,"vegetarian":true,"notFood":false,"drinks":true},{"name":"פיוז TEA","price":15,"vegan":true,"vegetarian":true,"notFood":false,"drinks":false},{"name":"מים בטעם אפרסק","price":14,"vegan":true,"vegetarian":true,"notFood":false,"drinks":false},{"name":"סיידר תפוחים","price":14,"vegan":true,"vegetarian":true,"notFood":false,"drinks":true},{"name":"מאלטי - בירה שחורה","price":16,"vegan":true,"vegetarian":true,"notFood":false,"drinks":true},{"name":"מינרלים","price":12,"vegan":true,"vegetarian":true,"notFood":false,"drinks":false}]}