{"track_id":"13094","filters":["meatGrill","homeMade"],"image":"https://tenbis-static.azureedge.net/restaurant-card-image/ResCard_13094_20200510114951.jpg","address":"מדינת היהודים, 85 הרצליה","location":[34.8108401,32.1669919],"name":"מיי מאמא","city":"הרצליה - רמת השרון","priceAverage":52.578947368421055,"menu":[{"name":"חזה עוף על הפלאנצ'ה","price":51,"vegan":false,"vegetarian":false,"notFood":false,"drinks":false},{"name":"סלמון אפוי ברוזמרין שום ושמן זית","price":58,"vegan":false,"vegetarian":false,"notFood":false,"drinks":false},{"name":"כרעיים בגריל","price":51,"vegan":true,"vegetarian":true,"notFood":false,"drinks":false},{"name":"פילה אמנון ברוטב משתנה","price":51,"vegan":true,"vegetarian":true,"notFood":false,"drinks":false},{"name":"קציצות בקר עם אפונה","price":51,"vegan":false,"vegetarian":false,"notFood":false,"drinks":false},{"name":"קובה ברוטב משתנה","price":51,"vegan":true,"vegetarian":true,"notFood":false,"drinks":false},{"name":"שיגעון של השף","price":51,"vegan":true,"vegetarian":true,"notFood":false,"drinks":false},{"name":"חזה עוף על הפלנצה","price":58,"vegan":false,"vegetarian":false,"notFood":false,"drinks":false},{"name":"סלמון אפוי ברוזמרין שום ושמן זית","price":65,"vegan":false,"vegetarian":false,"notFood":false,"drinks":false},{"name":"פילה אמנון ברוטב משתנה","price":58,"vegan":true,"vegetarian":true,"notFood":false,"drinks":false},{"name":"תבשיל גולש","price":58,"vegan":true,"vegetarian":true,"notFood":false,"drinks":false},{"name":"מוקפץ עוף אסייתי","price":58,"vegan":false,"vegetarian":false,"notFood":false,"drinks":false},{"name":"שיגעון של השף","price":58,"vegan":true,"vegetarian":true,"notFood":false,"drinks":false},{"name":"49","price":49,"vegan":true,"vegetarian":true,"notFood":false,"drinks":false},{"name":"38","price":38,"vegan":true,"vegetarian":true,"notFood":false,"drinks":false},{"name":"55","price":55,"vegan":true,"vegetarian":true,"notFood":false,"drinks":false},{"name":"43","price":43,"vegan":true,"vegetarian":true,"notFood":false,"drinks":false},{"name":"45","price":45,"vegan":true,"vegetarian":true,"notFood":false,"drinks":false},{"name":"50","price":50,"vegan":true,"vegetarian":true,"notFood":false,"drinks":false}]}