{"track_id":"13158","filters":["burgers","salads","glutenFree"],"image":"https://tenbis-static.azureedge.net/restaurant-card-image/ResCard_13158_20200217095251.jpg","address":"אגריפס, 123 ירושלים","location":[35.2110181,31.7844974],"name":"ג'וזף  ","city":"ירושלים","priceAverage":41.03703703703704,"menu":[{"name":"אנגוס מחנה יהודה","description":"המבורגר 220 גרם עשוי מנתחי בקר אנגוס,טחון גס בתיבול מלח פלפל. המנה מגיעה עם חסה, עגבניה, מלפפון חמוץ, בצל סגול","price":50,"vegan":false,"vegetarian":false,"image":"https://d25t2285lxl5rf.cloudfront.net/images/dishes/c1838055-fc30-4c70-a63c-a5629772fb8d.jpg","notFood":false,"drinks":false},{"name":"עסקית  אנגוס מחנה יהודה","description":"המבורגר 220 גרם, עשוי מנתחי בקר אנגוס, טחון גס, בתיבול מלח ופלפל גרוס\nירקות בלחמנייה- חסה, עגבנייה, מלפפון חמוץ, בצל סגול\nמוגש עם תוספת לבחירה ושתייה לבחירה","price":74,"vegan":false,"vegetarian":false,"image":"https://d25t2285lxl5rf.cloudfront.net/images/dishes/cc049399-bd7e-4fc9-9e78-9c709d1ef2b9.jpg","notFood":false,"drinks":false},{"name":"סלט חזה עוף","description":"תערובת עשירה של ירקות- חסה סלנובה, עלי בייבי, חסה ערבית, עלי כרוב לבן, בצל ירוק, רצועות מלפפון, גזר, בצל סגול, עגבניות שרי חצויות.\nורצועות חזה עוף צרוב על הפלנצ'ה\nמוגש עם רוטב לבחירה- וויניגרט בנוסח חצות/שמן זית ולימון","price":58,"vegan":false,"vegetarian":false,"image":"https://d25t2285lxl5rf.cloudfront.net/images/dishes/5d0f0617-ec89-43ff-b019-11a1e7397ea7.jpg","notFood":false,"drinks":false},{"name":"צ'יפס מקלות","description":"","price":16,"vegan":true,"vegetarian":true,"image":"https://d25t2285lxl5rf.cloudfront.net/images/dishes/71ea671c-9d0a-4b3f-80d9-9db956a2061a.jpg","notFood":false,"drinks":false},{"name":"כבש ירושלמי","description":"המבורגר 220 גרם, עשוי מתערובת של נתחי בקר מובחר וכבש טחון גס\nירקות בלחמנייה- חסה, עגבנייה, מלפפון חמוץ, בצל סגול","price":50,"vegan":false,"vegetarian":false,"image":"https://d25t2285lxl5rf.cloudfront.net/images/dishes/97f5eb32-ab90-41ba-a24b-aa687a75abdb.jpg","notFood":false,"drinks":false},{"name":"סכו\"ם חד\"פ","description":"","price":0,"vegan":true,"vegetarian":true,"image":"","notFood":true,"drinks":false},{"name":"המסעדה כשרה","description":"","price":0,"vegan":true,"vegetarian":true,"image":"","notFood":false,"drinks":false},{"name":"עסקית ילד טוב ירושלים","description":"המבורגר 120 גרם עם ציפס או טבעות בצל , רטבים ושתיה לבחירה","price":59,"vegan":false,"vegetarian":false,"image":"https://d25t2285lxl5rf.cloudfront.net/images/dishes/73634dbb-f43b-482b-ab06-d280726f657e.jpg","notFood":false,"drinks":false},{"name":"עסקית  אנגוס מחנה יהודה","description":"המבורגר 220 גרם, עשוי מנתחי בקר אנגוס, טחון גס, בתיבול מלח ופלפל גרוס\nירקות בלחמנייה- חסה, עגבנייה, מלפפון חמוץ, בצל סגול\nמוגש עם תוספת לבחירה ושתייה לבחירה","price":74,"vegan":false,"vegetarian":false,"image":"https://d25t2285lxl5rf.cloudfront.net/images/dishes/cc049399-bd7e-4fc9-9e78-9c709d1ef2b9.jpg","notFood":false,"drinks":false},{"name":"עסקית  כבש ירושלמי","description":"המבורגר 220 גרם, עשוי מתערובת של נתחי בקר מובחר וכבש טחון גס\nירקות בלחמנייה- חסה, עגבנייה, מלפפון חמוץ, בצל סגול \nמוגש עם תוספת לבחירה ושתייה לבחירה","price":74,"vegan":false,"vegetarian":false,"image":"https://d25t2285lxl5rf.cloudfront.net/images/dishes/46397b14-7a7d-47a1-86a7-93122ba121e5.jpg","notFood":false,"drinks":false},{"name":"עסקית ירושלמי שטס למקסיקו","description":"המבורגר 220 גרם, נתחי בקר מובחרים טחונים עם פלפל חלפיניו ורוטב מקסיקני מיוחד, מומלץ לאוהבי חריף! \nירקות בלחמנייה- חסה, עגבנייה, מלפפון חמוץ, בצל סגול\nמוגש עם תוספת לבחירה ושתייה לבחירה\n","price":74,"vegan":false,"vegetarian":false,"image":"https://d25t2285lxl5rf.cloudfront.net/images/dishes/5027c0c6-82e6-4118-bf07-ffce46d7f0bd.jpg","notFood":false,"drinks":false},{"name":"עסקית ירושלמי","description":"המבורגר עם שתי קציצות 120 גרם כל אחד, ירקות בלחמנייה- חסה, עגבנייה, מלפפון חמוץ, בצל סגול\nמוגש עם ציפס או טבעות בצל ושתייה לבחירה","price":71,"vegan":false,"vegetarian":false,"image":"https://d25t2285lxl5rf.cloudfront.net/images/dishes/3f5ff644-2703-4ad6-8c4b-786aa6acd46e.jpg","notFood":false,"drinks":false},{"name":"עסקית אבא של הירושלמי","description":"המבורגר עם שלושה קציצות 120 גרם כל אחד, עם ציפס או טבעות בצל , רטבים ושתיה לבחירה","price":83,"vegan":false,"vegetarian":false,"image":"https://d25t2285lxl5rf.cloudfront.net/images/dishes/946a05a7-1232-413f-b48d-17f1cfce8ba6.jpg","notFood":false,"drinks":false},{"name":"עסקית סלופי ג'וזף - חריף","description":"מאמריקה באהבה, תערובת של בשר עגל טחון דק עם עגבניות קלויות, שום ובצל מקורמל ברוטב ברביקיו ורוטב פיקנטי\nירקות בלחמנייה- חסה\nמוגש עם תוספת לבחירה ושתייה לבחירה ","price":72,"vegan":false,"vegetarian":false,"image":"https://d25t2285lxl5rf.cloudfront.net/images/dishes/9c10e561-69e5-483d-a380-96b97e5947ad.jpg","notFood":false,"drinks":false},{"name":"עסקית בורגר עוף","description":"נתחי חזה עוף עסיסיים צלויים בגריל בתיבול עדין\nירקות בלחמנייה- חסה, עגבנייה, מלפפון חמוץ, בצל סגול \nמוגש עם תוספת לבחירה ושתייה לבחירה ","price":72,"vegan":false,"vegetarian":false,"image":"https://d25t2285lxl5rf.cloudfront.net/images/dishes/dfcee5d8-b9ed-445c-a754-4b0f8c0d40e5.jpg","notFood":false,"drinks":false},{"name":"עסקית  Beyond Meat","description":"קציצת הביונד מיט המפורסמת , המורכבת מחלבון אפונה \nהבורגר הראשון בעולם מ - 100% בשר מן הצומח. \nחוויה של בורגר אמיתי בטעם, בנראות ובשיטת ההכנה.\nערך תזונתי:\nחלבונים 20 גרם, ברזל 28% מערך היומי המומלץ, כולסטרול 0, פחמימות 11 גרם\nירקות בלחמנייה- חסה, עגבנייה, מלפפון חמוץ, בצל סגול \nמוגש עם תוספת לבחירה ו","price":79,"vegan":false,"vegetarian":false,"image":"https://d25t2285lxl5rf.cloudfront.net/images/dishes/ed944d26-8dbd-4051-b99f-c2fdc7bd4643.jpg","notFood":false,"drinks":false},{"name":"עסקית ג'וזף צמחוני","description":" שתי פטריות פורטובלו טריות צרובות על הגריל\nירקות בלחמנייה- חסה, עגבנייה, מלפפון חמוץ, בצל סגול\nמוגש עם תוספת לבחירה ושתייה לבחירה","price":63,"vegan":true,"vegetarian":true,"image":"https://d25t2285lxl5rf.cloudfront.net/images/dishes/12e2a9e1-a681-480f-bab0-df24a1458a38.jpg","notFood":false,"drinks":false},{"name":"עסקית שניצלונים ביתיים","description":"רצועות חזה עוף עסיסיים בציפוי פריך של פירורי לחם\nמוגש עם תוספת לבחירה ושתייה לבחירה","price":67,"vegan":false,"vegetarian":false,"image":"","notFood":false,"drinks":false},{"name":"ערימת כנפיים ברוטב צ'ילי סויה ודבש - חצי קילו","description":"ערימת כנפיים עם ציפוי קראנצ'י ברוטב צילי וסויה עם שומשום קלוי (בערך 13יח')\nמכיל גלוטן !!","price":38,"vegan":false,"vegetarian":false,"image":"https://d25t2285lxl5rf.cloudfront.net/images/dishes/fc8ba16d-1795-42d7-86c8-5a80ebfc9c79.jpg","notFood":false,"drinks":false},{"name":"כרובית מטוגנת","description":"כרובית מטוגנת בציפוי פריך מוגש עם רוטב איולי בצד","price":42,"vegan":true,"vegetarian":true,"image":"https://d25t2285lxl5rf.cloudfront.net/images/dishes/76fd1443-c24c-462d-bc6b-633cae9edd52.jpg","notFood":false,"drinks":false},{"name":"ערימת כנפיים ברוטב צ'ילי סויה ודבש - קילו","description":"ערימת כנפיים עם ציפוי קראנצ'י ברוטב צילי וסויה עם שומשום קלוי (בערך 26 יח')\nמכיל גלוטן !!","price":70,"vegan":false,"vegetarian":false,"image":"https://d25t2285lxl5rf.cloudfront.net/images/dishes/0e137336-40af-4cf1-911a-5b59f00a78dc.jpg","notFood":false,"drinks":false},{"name":"נקניקיות מרגז פיקנטיות","description":"4 יחידות של נקניקיות מרגז פיקנטיות ביתיות בליווי רוטב צ'ימיצ'ורי וחרדל","price":42,"vegan":true,"vegetarian":true,"image":"https://d25t2285lxl5rf.cloudfront.net/images/dishes/b9a21690-070f-4c09-82cd-a84355830b51.jpg","notFood":false,"drinks":false},{"name":"סלסלת שניצלונים ביתיים","description":"רצועות חזה עוף עסיסיים בציפוי פריך של פירורי לחם","price":43,"vegan":false,"vegetarian":false,"image":"https://d25t2285lxl5rf.cloudfront.net/images/dishes/a0cb5e47-977d-4e56-9ab9-21ab5f3259a0.jpg","notFood":false,"drinks":false},{"name":"ירושלמי שטס למקסיקו - חריף","description":"המבורגר 220 גרם, נתחי בקר מובחרים טחונים עם פלפל חלפיניו ורוטב מקסיקני מיוחד, מומלץ לאוהבי חריף! \n\nירקות בלחמנייה- חסה, עגבנייה, מלפפון חמוץ, בצל סגול","price":50,"vegan":false,"vegetarian":false,"image":"https://d25t2285lxl5rf.cloudfront.net/images/dishes/4190aea4-8852-4f93-a166-de02ab1b46cb.jpg","notFood":false,"drinks":false},{"name":"כבש ירושלמי","description":"המבורגר 220 גרם, עשוי מתערובת של נתחי בקר מובחר וכבש טחון גס\nירקות בלחמנייה- חסה, עגבנייה, מלפפון חמוץ, בצל סגול","price":50,"vegan":false,"vegetarian":false,"image":"https://d25t2285lxl5rf.cloudfront.net/images/dishes/97f5eb32-ab90-41ba-a24b-aa687a75abdb.jpg","notFood":false,"drinks":false},{"name":"סלופי ג'וזף - חריף","description":"מאמריקה באהבה, תערובת של בשר עגל טחון דק עם עגבניות קלויות, שום ובצל מקורמל ברוטב ברביקיו ורוטב פיקנטי\nירקות בלחמניה- חסה\nמוגש עם תוספת לבחירה","price":48,"vegan":false,"vegetarian":false,"image":"https://d25t2285lxl5rf.cloudfront.net/images/dishes/d4b157d8-eb27-483f-adde-47fa73cef7bf.jpg","notFood":false,"drinks":false},{"name":"אנגוס מחנה יהודה","description":"המבורגר 220 גרם עשוי מנתחי בקר אנגוס,טחון גס בתיבול מלח פלפל. המנה מגיעה עם חסה, עגבניה, מלפפון חמוץ, בצל סגול","price":50,"vegan":false,"vegetarian":false,"image":"https://d25t2285lxl5rf.cloudfront.net/images/dishes/c1838055-fc30-4c70-a63c-a5629772fb8d.jpg","notFood":false,"drinks":false},{"name":"אבא של הירושלמי","description":"גוזף בורגר קלאסי 3 קציצות 120 גרם. המנה מגיעה עם חסה, עגבניה, מלפפון חמוץ, בצל סגול","price":59,"vegan":true,"vegetarian":true,"image":"https://d25t2285lxl5rf.cloudfront.net/images/dishes/03d1358e-150c-4ce1-b71e-5adb0b59a616.jpg","notFood":false,"drinks":false},{"name":"ירושלמי","description":"גוזף בורגר קלאסי 2 קציצות 120 גרם. המנה מגיעה עם חסה, עגבניה, מלפפון חמוץ, בצל סגול","price":47,"vegan":true,"vegetarian":true,"image":"https://d25t2285lxl5rf.cloudfront.net/images/dishes/a65870b7-80e4-4abd-93f9-5d49acc93bf8.jpg","notFood":false,"drinks":false},{"name":"ילד טוב ירושלים","description":"גוזף בורגר קלאסי קציצה אחת 120 גרם. המנה מגיעה עם חסה, עגבניה, מלפפון חמוץ, בצל סגול ","price":35,"vegan":true,"vegetarian":true,"image":"https://d25t2285lxl5rf.cloudfront.net/images/dishes/a71ee74d-1b7c-47ef-a8f3-3169440053a2.jpg","notFood":false,"drinks":false},{"name":"Beyond Meat","description":"קציצת הביונד מיט המפורסמת , המורכבת מחלבון אפונה \nהבורגר הראשון בעולם מ - 100% בשר מן הצומח. \nחוויה של בורגר אמיתי בטעם, בנראות ובשיטת ההכנה.\nערך תזונתי:\nחלבונים 20 גרם, ברזל 28% מערך היומי המומלץ, כולסטרול 0, פחמימות 11 גרם\nירקות בלחמנייה- חסה, עגבנייה, מלפפון חמוץ, בצל סגול","price":55,"vegan":false,"vegetarian":false,"image":"https://d25t2285lxl5rf.cloudfront.net/images/dishes/73223ffc-7c52-423a-8a79-49ad0ed36648.jpg","notFood":false,"drinks":false},{"name":"ג'וזף צמחוני","description":"שתי פטריות פורטובלו טריות צרובות על הגריל, המנה מגיעה עם חסה, עגבניה, מלפפון חמוץ, בצל סגול","price":39,"vegan":true,"vegetarian":true,"image":"https://d25t2285lxl5rf.cloudfront.net/images/dishes/79f7f613-fde6-434e-9457-92d80cd9cccd.jpg","notFood":false,"drinks":false},{"name":"בורגר עוף","description":"נתחי חזה עוף עסיסיים צלויים בגריל בתיבול עדין\nירקות בלחמנייה- חסה, עגבנייה, מלפפון חמוץ, בצל סגול. המנה מגיעה עם חסה, עגבניה, מלפפון חמוץ, בצל סגול","price":48,"vegan":false,"vegetarian":false,"image":"https://d25t2285lxl5rf.cloudfront.net/images/dishes/9df6c1b4-009d-47b8-a5aa-c298938a71a2.jpg","notFood":false,"drinks":false},{"name":"סלט חזה עוף","description":"תערובת עשירה של ירקות- חסה סלנובה, עלי בייבי, חסה ערבית, עלי כרוב לבן, בצל ירוק, רצועות מלפפון, גזר, בצל סגול, עגבניות שרי חצויות.\nורצועות חזה עוף צרוב על הפלנצ'ה\nמוגש עם רוטב לבחירה- וויניגרט בנוסח חצות/שמן זית ולימון","price":58,"vegan":false,"vegetarian":false,"image":"https://d25t2285lxl5rf.cloudfront.net/images/dishes/5d0f0617-ec89-43ff-b019-11a1e7397ea7.jpg","notFood":false,"drinks":false},{"name":"סלט  פטריות פורטובלו","description":"תערובת עשירה של ירקות- חסה סלנובה, עלי בייבי, חסה ערבית, עלי כרוב לבן, בצל ירוק, רצועות מלפפון, גזר, בצל סגול, עגבניות שרי חצויות.\nורצועות פטריות פורטבלו  צרובות על הפלנצ'ה\n(המנה מתאימה לצמחונים)\nמוגש עם רוטב לבחירה- וויניגרט בנוסח חצות/שמן זית ולימון","price":58,"vegan":true,"vegetarian":true,"image":"https://d25t2285lxl5rf.cloudfront.net/images/dishes/17f22663-158a-4cc6-ade3-7b8078ca430e.jpg","notFood":false,"drinks":false},{"name":"סלט רצועות בורגר","description":"תערובת עשירה של ירקות- חסה סלנובה, עלי בייבי, חסה ערבית, עלי כרוב לבן, בצל ירוק, רצועות מלפפון, גזר, בצל סגול, עגבניות שרי חצויות.\nורצועות המבורגר צלוי על הגריל (240 גרם)\nמוגש עם רוטב לבחירה- וויניגרט בנוסח חצות/שמן זית ולימון","price":58,"vegan":false,"vegetarian":false,"image":"https://d25t2285lxl5rf.cloudfront.net/images/dishes/7c567ce5-f914-4f95-9fa9-aecd38fe5e09.jpg","notFood":false,"drinks":false},{"name":"צ'יפס מקלות","description":"","price":16,"vegan":true,"vegetarian":true,"image":"https://d25t2285lxl5rf.cloudfront.net/images/dishes/71ea671c-9d0a-4b3f-80d9-9db956a2061a.jpg","notFood":false,"drinks":false},{"name":"טבעות בצל","description":"","price":16,"vegan":true,"vegetarian":true,"image":"https://d25t2285lxl5rf.cloudfront.net/images/dishes/b8f27dbe-d7ef-4e0d-acaa-522daffb6f91.jpg","notFood":false,"drinks":false},{"name":"ג'וזף צ'יפס בתיבול ממכר","description":"צ'יפס בתיבול מיוחד בסגנון ים תיכוני (תבלין הבית)","price":16,"vegan":true,"vegetarian":true,"image":"","notFood":false,"drinks":false},{"name":"צ'ורוס- קינוח דרום אמריקאי","description":"5 סופגניות דרום אמריקאיות פריכות בליווי סוכר קינמון ורוטב מתקתק\n","price":30,"vegan":true,"vegetarian":true,"image":"https://d25t2285lxl5rf.cloudfront.net/images/dishes/a9a97fdd-2bf4-4e77-b03f-6b819ee12acd.jpg","notFood":false,"drinks":false},{"name":"סורבה בן & ג'ריס מנגו","description":"","price":10,"vegan":true,"vegetarian":true,"image":"https://d25t2285lxl5rf.cloudfront.net/images/dishes/fd309174-6779-4ac8-aea7-0b4e7b1e54a1.png","notFood":false,"drinks":false},{"name":"סורבה בן & ג'ריס תות","description":"","price":10,"vegan":true,"vegetarian":true,"image":"https://d25t2285lxl5rf.cloudfront.net/images/dishes/edbec7ee-4402-4281-bf88-38b5403316e1.png","notFood":false,"drinks":false},{"name":"פונצ' שוקולד","description":"","price":15,"vegan":false,"vegetarian":true,"image":"","notFood":false,"drinks":false},{"name":"ספרייט","description":"","price":12,"vegan":true,"vegetarian":true,"image":"https://d25t2285lxl5rf.cloudfront.net/images/dishes/00396dd7-9449-4d2a-b43d-5c31c9de7737.png","notFood":false,"drinks":true},{"name":"בירה טובורג","description":"","price":19,"vegan":true,"vegetarian":true,"image":"https://d25t2285lxl5rf.cloudfront.net/images/dishes/71dc447d-8cf0-4fe5-9225-b989f6e2b2ab.png","notFood":false,"drinks":true},{"name":"סיידר סומרסביי","description":"סיידר תפוחים","price":19,"vegan":true,"vegetarian":true,"image":"https://d25t2285lxl5rf.cloudfront.net/images/dishes/81b32137-fafa-4326-9ce6-6e3b16250bea.jpg","notFood":false,"drinks":true},{"name":"מים מינרלים","description":"","price":12,"vegan":true,"vegetarian":true,"image":"https://d25t2285lxl5rf.cloudfront.net/images/dishes/a0722480-5c5c-4780-93f0-97ad1447bd4b.png","notFood":false,"drinks":false},{"name":"סודה","description":"","price":12,"vegan":true,"vegetarian":true,"image":"https://d25t2285lxl5rf.cloudfront.net/images/dishes/70bbccf7-354b-4c65-ba70-e98887194be0.jpg","notFood":false,"drinks":true},{"name":"פיוז טי","description":"","price":12,"vegan":true,"vegetarian":true,"image":"https://d25t2285lxl5rf.cloudfront.net/images/dishes/4e1954e2-91d6-4f1b-ad25-6b7b326f712d.jpg","notFood":false,"drinks":false},{"name":"ספרייט זירו","description":"","price":12,"vegan":true,"vegetarian":true,"image":"https://d25t2285lxl5rf.cloudfront.net/images/dishes/26be7c17-ae1f-4709-9a8a-dbca7b4f759e.jpg","notFood":false,"drinks":true},{"name":"פאנטה","description":"","price":12,"vegan":true,"vegetarian":true,"image":"https://d25t2285lxl5rf.cloudfront.net/images/dishes/d9a6939e-2ee4-4a3f-af63-0a3e3292f2ab.jpg","notFood":false,"drinks":false},{"name":"קוקה קולה","description":"","price":12,"vegan":true,"vegetarian":true,"image":"https://d25t2285lxl5rf.cloudfront.net/images/dishes/b65a71eb-4aa0-45a9-b9c3-6402e44059b5.jpg","notFood":false,"drinks":true},{"name":"קולה זירו","description":"","price":12,"vegan":true,"vegetarian":true,"image":"https://d25t2285lxl5rf.cloudfront.net/images/dishes/51c6a457-68fe-4800-9448-3e70aa5af9eb.jpg","notFood":false,"drinks":true},{"name":"קרלסברג בקבוק","description":"","price":19,"vegan":true,"vegetarian":true,"image":"https://d25t2285lxl5rf.cloudfront.net/images/dishes/54a4a936-bb29-442f-871a-f947f4a9285d.jpg","notFood":false,"drinks":true},{"name":"ענבים","description":"","price":12,"vegan":true,"vegetarian":true,"image":"https://d25t2285lxl5rf.cloudfront.net/images/dishes/c2628fbf-c523-4ba6-96f1-17dde2548b20.jpg","notFood":false,"drinks":true},{"name":"תפוזים","description":"","price":12,"vegan":true,"vegetarian":true,"image":"https://d25t2285lxl5rf.cloudfront.net/images/dishes/5518395f-b3db-4fbd-b612-a7610da7d222.png","notFood":false,"drinks":false}]}