{"track_id":"1315","filters":["asianFusion","meatGrill","japaneseSushi"],"image":"https://tenbis-static.azureedge.net/restaurant-card-image/ResCard_1315_20200610160618.jpg","address":"ראול ולנברג, 2 תל אביב-יפו","location":[34.8343295,32.1072377],"name":"פריים - Frame chef & sushi bar ","city":"בני ברק","priceAverage":66.405,"menu":[{"name":"פאד תאי עוף וירקות","description":"אטריות אורז מוקפצות עם נתחי עוף, נבטים, ביצה, גזר, בצל ירוק , כרוב, כוסברה ובוטנים\n","price":69,"vegan":false,"vegetarian":false,"image":"https://d25t2285lxl5rf.cloudfront.net/images/dishes/cdc85edf-8d8f-45bd-af32-4cb1aa80926e.jpg","notFood":false,"drinks":false},{"name":"סלט סלמון אסיאתי","description":"חסה, מלפפון, עגבניות שרי, בצל סגול, ביצה קשה, עם עיטור של סלמון ופטריות נמקו וגימאג'י מוקפצים בטריאקי חם\n","price":69,"vegan":false,"vegetarian":false,"image":"https://d25t2285lxl5rf.cloudfront.net/images/dishes/91915f87-6649-40b7-96b5-d49574559610.jpg","notFood":false,"drinks":false},{"name":"I/O ספייסי סלמון ואבוקדו","description":"ספייסי סלמון עם אבוקדו\n","price":57,"vegan":false,"vegetarian":false,"image":"https://d25t2285lxl5rf.cloudfront.net/images/dishes/6cec799b-30ae-431e-b03b-9954fd1f3d75.jpg","notFood":false,"drinks":false},{"name":"מאקי סלמון ואבוקדו","description":"8 יח׳- אצה בחוץ, אורז בפנים\n","price":38,"vegan":false,"vegetarian":false,"image":"https://d25t2285lxl5rf.cloudfront.net/images/dishes/9867fc4a-60f6-4749-8315-fa218b5afdb9.jpg","notFood":false,"drinks":false},{"name":"בקר סצ'ואן","description":"נתחי פילה בקר, אטריות אורז רחבות , מוקפצים עם ברוקולי, פטריות, נבטים, בצל ירוק ושעועית ירוקה\n","price":76,"vegan":false,"vegetarian":false,"image":"https://d25t2285lxl5rf.cloudfront.net/images/dishes/2a47f405-694e-4299-b6e4-429fc229a5b2.jpg","notFood":false,"drinks":false},{"name":"נודלס שחיתות","description":"אטריות ביצים מוקפצות עם פילה בקר, חזה אווז מעושן, בצל לבן, נבטים, כרוב לבן, ברוקולי, ברוטב חלב קוקוס וקארי צהוב, בעיטור שבבי בטטה קריספים ובוטנים\n","price":79,"vegan":false,"vegetarian":false,"image":"https://d25t2285lxl5rf.cloudfront.net/images/dishes/1b97e199-a6a5-4af0-b60f-62a84657f60f.jpg","notFood":false,"drinks":false},{"name":"חמוצים יפניים","description":"ירקות קימצ'ה בתחמיץ צ'ילי פיקנטי ושומשום\n","price":24,"vegan":true,"vegetarian":true,"image":"https://d25t2285lxl5rf.cloudfront.net/images/dishes/1cb12fd6-f6fa-43a0-a901-8af1b4b83f50.jpg","notFood":false,"drinks":false},{"name":"מעדן כבד","description":"ממרח כבד בעיטור רוטב מירין ואגס ברוטב \"Choya\" מוגש עם טוסטוני באן אסיאתי\n","price":59,"vegan":true,"vegetarian":true,"image":"https://d25t2285lxl5rf.cloudfront.net/images/dishes/6ae2173c-bb4f-4ed3-a1f1-40609a119fda.jpg","notFood":false,"drinks":false},{"name":"אדממה","description":"פולי סויה חלוטים, מוגשים עם מלח ים ולימון\n","price":36,"vegan":true,"vegetarian":true,"image":"https://d25t2285lxl5rf.cloudfront.net/images/dishes/5ca5fcad-ad41-49eb-9356-a5c7c1f56ed4.jpg","notFood":false,"drinks":false},{"name":"טבעות קלמארי בטמפורה\n","description":"קלמרי בטמפורה יפנית מוגש על מצע עלי בייבי בליווי רוטב איולי\n","price":65,"vegan":false,"vegetarian":false,"image":"https://d25t2285lxl5rf.cloudfront.net/images/dishes/47b413a0-b01a-462e-a639-7aa16bd0af3f.jpg","notFood":false,"drinks":false},{"name":"כנפי עוף בצ׳ילי","description":"כנפיים פריכות מוקפצות ברוטב אסיאתי וצ'ילי חריף מתוק - 10 יח'\n","price":54,"vegan":false,"vegetarian":false,"image":"https://d25t2285lxl5rf.cloudfront.net/images/dishes/137e5737-d0f4-4669-b3c4-e264d6b4e50c.jpg","notFood":false,"drinks":false},{"name":"כרובית טנדורי \n","description":"כרובית בתנור מוקרמת ברוטב צ׳ילי מתוק, פרמז׳ן ורוטב קיסר\n","price":58,"vegan":true,"vegetarian":true,"image":"https://d25t2285lxl5rf.cloudfront.net/images/dishes/93f17f22-afc8-414a-a277-39ff88388943.jpg","notFood":false,"drinks":false},{"name":"שרימפס פופקורן","description":"שרימפס בציפוי טמפורה יפנית ברוטב יוזו וספייסי מיונז על מצע סלט חסה\n","price":76,"vegan":false,"vegetarian":false,"image":"https://d25t2285lxl5rf.cloudfront.net/images/dishes/101d8913-c948-45f3-a5ed-e5a794cd2208.jpg","notFood":false,"drinks":false},{"name":"לבבות ארטישוק בטפניאקי","description":"צרובים על טפניאקי עם פרמזן ברוטב בלסמי ושמן זית\n","price":52,"vegan":false,"vegetarian":true,"image":"https://d25t2285lxl5rf.cloudfront.net/images/dishes/8c5c490e-36a5-4954-b44f-c9ccab577c90.jpg","notFood":false,"drinks":false},{"name":"פוקי צמחוני","description":"מורכב מאבוקדו,בטטה,בצל ירוק,טמגו,אספרגוס, שיטאקי ברוטב סויה מתובלת,שומשום,טריאקי וספייסי מיונז\nהסויה מתובלת לא טבעונית","price":48,"vegan":false,"vegetarian":true,"image":"","notFood":false,"drinks":false},{"name":"פוקי סלמון","description":"עם סשימי דג טרי, בצל ירוק, טוביקו כתום, טוגרשי, פרוסות מלפפון, אבוקדו, שבבי סלמון סקין, טמגו, טוגראשי חריף, רוטב, שומשום, טריאקי, סויה מתובלת וספייסי מיונז.\nמנה פיקנטית בגלל הרוטב והטוגרשי","price":65,"vegan":false,"vegetarian":false,"image":"","notFood":false,"drinks":false},{"name":"פוקי טונה","description":"סשימי דג טרי טונה, בצל ירוק, טוביקו כתום, טוגראשי חריף, רוטב, פרוסות מלפפון, טמגו, אבוקדו, שבבי סלמון סקין, שומשום ברוטב טריאקי\nספייסי מיונז וסויה מתובלת. פיקנטי.","price":69,"vegan":false,"vegetarian":false,"image":"","notFood":false,"drinks":false},{"name":"שרימפס איולי","description":"5 יח׳ שרימפס במעטפת תפוחי אדמה ברוטב איולי מנגו וצ'ילי\r\n","price":62,"vegan":false,"vegetarian":false,"image":"","notFood":false,"drinks":false},{"name":"טטאקי סלמון ביוזו","description":"6 יח של סשימי סלמון מושרה ביוזו סלק, סאקה ומירין\r\n","price":64,"vegan":false,"vegetarian":false,"image":"","notFood":false,"drinks":false},{"name":"טטאקי טונה","description":"פרוסות טונה צרובה במיסו, עם פרוסות לימון ברוטב סויה ויוזו (8 יח')\r\n","price":76,"vegan":false,"vegetarian":false,"image":"","notFood":false,"drinks":false},{"name":"סלט סלמון אסיאתי","description":"חסה, מלפפון, עגבניות שרי, בצל סגול, ביצה קשה, עם עיטור של סלמון ופטריות נמקו וגימאג'י מוקפצים בטריאקי חם\n","price":69,"vegan":false,"vegetarian":false,"image":"https://d25t2285lxl5rf.cloudfront.net/images/dishes/91915f87-6649-40b7-96b5-d49574559610.jpg","notFood":false,"drinks":false},{"name":"סלט שורשים יפני\n","description":"נבטים, גזר, סלק, בוטנים, כוסברה, ואיולי יפני פקנטי\n","price":57,"vegan":true,"vegetarian":true,"image":"https://d25t2285lxl5rf.cloudfront.net/images/dishes/d41f8a8b-3cd5-4965-9ee0-1951bbaad144.jpg","notFood":false,"drinks":false},{"name":"פויי הקיסר האחרון \n","description":"נתחי עוף במרינדה אסיאתי, חסה, לבבות ארטישוק, פרמזן,רוטב איולי צלפים סיני\n","price":68,"vegan":false,"vegetarian":false,"image":"https://d25t2285lxl5rf.cloudfront.net/images/dishes/31abddd5-e512-4422-ba66-44df05daaa74.jpg","notFood":false,"drinks":false},{"name":"סלט פפאיה תאילנדי","description":"פפאיה, עגבניות שרי מרוסקות, שעועית ירוקה, כוסברה, נענע, בוטנים מטוגנים ברוטב פלאם וצילי חריף (מנה פקנטית)\n","price":59,"vegan":true,"vegetarian":true,"image":"https://d25t2285lxl5rf.cloudfront.net/images/dishes/011965e9-1266-4fa2-a330-280c8131b5be.jpg","notFood":false,"drinks":false},{"name":"מיקס פטריות חמות","description":"פטריות פורטבלו,שיטאקי,שמפניון ושימאגי מוקפצים ברוטב חם של סויה שחורה, מירין, וטוגרשי\n ","price":58,"vegan":true,"vegetarian":true,"image":"https://d25t2285lxl5rf.cloudfront.net/images/dishes/2c44ec77-c9cb-4a27-9ed5-d0f842017419.jpg","notFood":false,"drinks":false},{"name":"סלט בנקוק עוף","description":"סלט עם עוף בטמפורה, אטריות שעועית , מיקס עלים ירוקים ,בצל סגול, אגוזי קשיו, בוטנים ושבבי בצל קריספי מוגש ברוטב תאילנדי פיקנטי","price":69,"vegan":false,"vegetarian":false,"image":"","notFood":false,"drinks":false},{"name":"סלט בנקוק דג","description":"סלט עם דג, אטריות שעועית , מיקס עלים ירוקים ,בצל סגול, אגוזי קשיו, בוטנים ושבבי בצל קריספי מוגש ברוטב תאילנדי פיקנטי","price":69,"vegan":false,"vegetarian":false,"image":"","notFood":false,"drinks":false},{"name":"מרק ראמן עוף","description":"ציר ראמן שבושל שעות עם אטריות ביצים, נבטים, בצל ירוק, ביצה, עוף\n","price":54,"vegan":false,"vegetarian":false,"image":"https://d25t2285lxl5rf.cloudfront.net/images/dishes/5d7646fd-8b0c-44bf-af64-cf6ea2f10f3c.jpg","notFood":false,"drinks":false},{"name":"מרק ראמן בקר","description":"ציר ראמן שבושל שעות עם אטריות ראמן, נבטים, בצל ירוק, ביצה, בקר","price":59,"vegan":false,"vegetarian":false,"image":"","notFood":false,"drinks":false},{"name":"באן אסאדו בקר","description":"לחמניות מאודות עם נתח אסאדו בקר, איולי שום וחסה . מוגש בליווי חמוצים יפנים 2 יח'\n","price":68,"vegan":false,"vegetarian":false,"image":"https://d25t2285lxl5rf.cloudfront.net/images/dishes/084d1c8a-6789-47ce-9e13-dbc103991f88.jpg","notFood":false,"drinks":false},{"name":"באן בס בטמפורה","description":"לחמניות באן מאודה במקום במילוי בס מטוגן בטמפורה ברוטב איולי וחסה 2 יחידות\nבליווי חמוצים יפנים \n","price":68,"vegan":true,"vegetarian":true,"image":"","notFood":false,"drinks":false},{"name":"באן טופו מטוגן","description":"לחמניות באן מאודה במקום במילוי טופו מטוגן בטמפורה ברוטב איולי וחסה 2 יחידות\nבליווי חמוצים יפנים \n\n","price":48,"vegan":true,"vegetarian":true,"image":"","notFood":false,"drinks":false},{"name":"באן פרגית","description":"לחמניות באן מאודה במקום במילוי פרגית בטמפורה ברוטב איולי וחסה 2 יחידות\nבליווי חמוצים יפנים \n","price":64,"vegan":false,"vegetarian":false,"image":"","notFood":false,"drinks":false},{"name":"גיוזה עוף","description":"כיסוני בצק עבודת יד במילוי תערובת של עוף. בליווי כרוב מוקפץ עם שמן שומשום\n","price":52,"vegan":false,"vegetarian":false,"image":"https://d25t2285lxl5rf.cloudfront.net/images/dishes/111ce2fe-4ed8-4d51-b9ac-50530fcce74a.jpg","notFood":false,"drinks":false},{"name":"גיוזה צמחוני","description":"כיסוני בצק עבודת יד במילוי תערובת של פטריות. בליווי כרוב מוקפץ עם שמן שומשום\n","price":52,"vegan":true,"vegetarian":true,"image":"https://d25t2285lxl5rf.cloudfront.net/images/dishes/7bd5848b-ab49-4878-b1f2-bfd6e1eaa42d.jpg","notFood":false,"drinks":false},{"name":"דים סאם שרימפס","description":"כיסוני בצק אורז מאודים במילוי שרימפס,בליווי כרוב מוקפץ עם שמן שומשום (6 יח')\n","price":59,"vegan":false,"vegetarian":false,"image":"https://d25t2285lxl5rf.cloudfront.net/images/dishes/d5bf17a7-ec98-4552-b161-cce31cb4501f.jpg","notFood":false,"drinks":false},{"name":"קומבינציה גיוזה","description":"8 יח' גיוזה בעבודת יד: 3 יח' עוף | 3 יח' פטריות יח' | 2 יח' שרימפס\n","price":92,"vegan":false,"vegetarian":false,"image":"https://d25t2285lxl5rf.cloudfront.net/images/dishes/0bc76b3b-0c29-4e35-b4b3-9f36eee9c0ca.jpg","notFood":false,"drinks":false},{"name":"גיוזה שרימפס","description":"כיסוני בצק עבודת יד במילוי תערובת של שרימפס\\סלמון\\סרטן. בליווי כרוב מוקפץ עם שמן שומשום\n\n","price":58,"vegan":false,"vegetarian":false,"image":"","notFood":false,"drinks":false},{"name":"גיוזה לוקוס כמהין","description":"כיסוני בצק עבודת יד במילוי תערובת של לוקוס וכמהין בליווי כרוב מוקפץ עם שמן שומשום.\n","price":58,"vegan":true,"vegetarian":true,"image":"","notFood":false,"drinks":false},{"name":"גיוזה טלה","description":"כיסוני בצק עבודת יד במילוי תערובת של בשר טלה. בליווי כרוב מוקפץ עם שמן שומשום\n","price":56,"vegan":false,"vegetarian":false,"image":"","notFood":false,"drinks":false},{"name":"אנטריקוט נברסקה","description":"נתח בשר אנטריקוט מיושן 350 גרם בנוסח \"choya\" עם תוספת  לבחירה","price":148,"vegan":false,"vegetarian":false,"image":"https://d25t2285lxl5rf.cloudfront.net/images/dishes/8672a698-8687-48bc-841b-d78cbab82d63.jpg","notFood":false,"drinks":false},{"name":"באן בורגר מובחר 300 גרם","description":"לחמניית באן אסיאתית אפויה, עם קציצת בקר מובחר  300 גר טרי , ירקות וספייסי מיונז\n","price":74,"vegan":false,"vegetarian":false,"image":"https://d25t2285lxl5rf.cloudfront.net/images/dishes/907041c8-0e73-46d8-aeb1-c17d780f34c1.jpg","notFood":false,"drinks":false},{"name":"חזה עוף ברוטב טריאקי","description":"חזה עוף ברוטב סוכר דקלים מקורמל עם סויה שחורה\n","price":72,"vegan":false,"vegetarian":false,"image":"https://d25t2285lxl5rf.cloudfront.net/images/dishes/0ca5e66a-57c0-465d-98be-0ffc31f4f07e.jpg","notFood":false,"drinks":false},{"name":"צ'יפולו פנקו","description":"חזה עוף במילוי חזה אווז מעושן ופטריות שיטאקה בציפוי טמפורה יפנית ושבבי פנקו ברוטב שמנת, סויה, ג'ינג'ר,פרמז'ן  וגרגרי חרדל, מגיע על מצע ממרח תפוח אדמה\n","price":89,"vegan":false,"vegetarian":false,"image":"https://d25t2285lxl5rf.cloudfront.net/images/dishes/5dd3ecf5-b1a6-40cc-9368-d3aa6e6c6d15.jpg","notFood":false,"drinks":false},{"name":"פרגית מלזית","description":"סטייק פרגית במרינדה אסיאתית צרוב על הגריל\n","price":86,"vegan":false,"vegetarian":false,"image":"https://d25t2285lxl5rf.cloudfront.net/images/dishes/92f84197-bba9-44cf-939f-15564a38a994.jpg","notFood":false,"drinks":false},{"name":"שניצה קאצ'ו","description":"חזה עוף מצופה בפירורי טמפורה יפנית ופרורי פנקו\n","price":74,"vegan":false,"vegetarian":false,"image":"https://d25t2285lxl5rf.cloudfront.net/images/dishes/1fdf650b-491a-4d34-8fa7-8197002dccfe.jpg","notFood":false,"drinks":false},{"name":"כנפי עוף צ'ילי והום פרייז","description":"כנפיים פריכות ברוטב צ'ילי אסייאתי בליווי הום פרייז ברוטב צ'ילי מתוק  (15 יח')\n","price":72,"vegan":false,"vegetarian":false,"image":"https://d25t2285lxl5rf.cloudfront.net/images/dishes/a6d9df6b-f783-4ce1-b689-0c545874ae4d.jpg","notFood":false,"drinks":false},{"name":"מדליוני פילה בקר","description":"","price":138,"vegan":false,"vegetarian":false,"image":"","notFood":false,"drinks":false},{"name":"חזה עוף במרינדת ג'ינג'ר וטוגרשי","description":"חזה עוף במרינדת ג'ינג'ר וטוגרשי","price":72,"vegan":false,"vegetarian":false,"image":"","notFood":false,"drinks":false},{"name":"צ'יקן בומביי","description":"סאטה פרגית בתיבול קארי אדום ופלפל סצ'ואן על מצע נאן הודי מקמח תירס, בליווי עגבניה ובצל בגריל.","price":89,"vegan":false,"vegetarian":false,"image":"","notFood":false,"drinks":false},{"name":"טופו סצ'ואן","description":"קוביות טופו, אטריות אורז רחבות מוקפצים עם ברוקולי, אספרגוס, פטריות, נבטים, שעועית ירוקה ובצל ירוק\n","price":59,"vegan":true,"vegetarian":true,"image":"https://d25t2285lxl5rf.cloudfront.net/images/dishes/b9804f7a-836e-4f27-a8d1-cb838dadace6.jpg","notFood":false,"drinks":false},{"name":"עוף סצ'ואן","description":"נתחי פילה עוף, אטריות אורז רחבות , מוקפצים עם ברוקולי, אספרגוס, פטריות, שעועית ירוקה, נבטים ובצל ירוק\n","price":69,"vegan":false,"vegetarian":false,"image":"https://d25t2285lxl5rf.cloudfront.net/images/dishes/c7458e97-ee65-4684-b283-5018d8fc3f07.jpg","notFood":false,"drinks":false},{"name":"בקר סצ'ואן","description":"נתחי פילה בקר, אטריות אורז רחבות , מוקפצים עם ברוקולי, פטריות, נבטים, בצל ירוק ושעועית ירוקה\n","price":76,"vegan":false,"vegetarian":false,"image":"https://d25t2285lxl5rf.cloudfront.net/images/dishes/2a47f405-694e-4299-b6e4-429fc229a5b2.jpg","notFood":false,"drinks":false},{"name":"פאד תאי טופו","description":"אטריות אורז מוקפצות עם נבטים, טופו, גזר, בצל ירוק , כרוב, כוסברה ובוטנים\n","price":62,"vegan":true,"vegetarian":true,"image":"https://d25t2285lxl5rf.cloudfront.net/images/dishes/aca95d57-daef-4026-bade-ccbe994577aa.jpg","notFood":false,"drinks":false},{"name":"פאד תאי עוף וירקות","description":"אטריות אורז מוקפצות עם נתחי עוף, נבטים, ביצה, גזר, בצל ירוק , כרוב, כוסברה ובוטנים\n","price":69,"vegan":false,"vegetarian":false,"image":"https://d25t2285lxl5rf.cloudfront.net/images/dishes/cdc85edf-8d8f-45bd-af32-4cb1aa80926e.jpg","notFood":false,"drinks":false},{"name":"פאד תאי פילה בקר","description":"איטריות אורז מוקפצות עם נתחי פילה בקר, נבטים, ביצה, גזר, בצל ירוק , כרוב, כוסברה ובוטנים\n","price":78,"vegan":false,"vegetarian":false,"image":"https://d25t2285lxl5rf.cloudfront.net/images/dishes/ff0354b7-381f-49ca-97bd-ca1d042415da.jpg","notFood":false,"drinks":false},{"name":"פאד תאי פירות ים","description":"אטריות אורז מוקפצות עם שרימפס, מולים וקלמרי, ביצה, נבטים, גזר, בצל ירוק, כרוב, כוסברה ובוטנים\n","price":82,"vegan":false,"vegetarian":false,"image":"https://d25t2285lxl5rf.cloudfront.net/images/dishes/8fcec198-e8aa-4840-9532-1c2fe1d272ac.jpg","notFood":false,"drinks":false},{"name":"פרייד רייס טופו","description":"אורז מטוגן מוקפץ עם טופו, נבטים,כרישה, שעועית ירוקה, אפונה,נטיפי ביצה וכוסברה מעל\n","price":57,"vegan":false,"vegetarian":true,"image":"https://d25t2285lxl5rf.cloudfront.net/images/dishes/e6be8e3a-97a2-4f37-a84c-31f863b4008e.jpg","notFood":false,"drinks":false},{"name":"פרייד רייס עוף","description":"אורז מטוגן מוקפץ עם נתחי עוף, נבטים,כרישה, שעועית ירוקה, אפונה,נטיפי ביצה וכוסברה מעל\n","price":69,"vegan":false,"vegetarian":false,"image":"https://d25t2285lxl5rf.cloudfront.net/images/dishes/88324d73-eeb7-403d-baa5-2f766d461083.jpg","notFood":false,"drinks":false},{"name":"מזרח מערב טופו","description":"איטריות ביצים מוקפצות עם טופו נבטים, כרוב, פטריות, שעועית ירוקה, בצל ירוק, כוסברה ובוטנים\n","price":62,"vegan":false,"vegetarian":true,"image":"https://d25t2285lxl5rf.cloudfront.net/images/dishes/96e27948-439c-4231-b94c-a99dbe32d5e2.jpg","notFood":false,"drinks":false},{"name":"מזרח מערב עוף","description":"אטריות ביצים מוקפצות עם חזה עוף נבטים, כרוב, פטריות, שעועית ירוקה, בצל ירוק, כוסברה ובוטנים\n","price":69,"vegan":false,"vegetarian":false,"image":"https://d25t2285lxl5rf.cloudfront.net/images/dishes/e6339ea5-6caf-4f42-b1bb-4a1816ce6fc7.jpg","notFood":false,"drinks":false},{"name":"מזרח מערב בקר","description":"איטריות ביצים מוקפצות עם נתחי בקר, נבטים, כרוב, פטריות, שעועית ירוקה, בצל ירוק, כוסברה ובוטנים\n","price":76,"vegan":false,"vegetarian":false,"image":"https://d25t2285lxl5rf.cloudfront.net/images/dishes/2253b127-6d07-4a19-832a-e2ae4b78eb16.jpg","notFood":false,"drinks":false},{"name":"מנה ירוקה טופו","description":"אטריות ביצים עבות מוקפצות עם רוטב קארי, בזיליקום, תרד, חלב קוקוס, מוגש עם ברוקולי, בצל ירוק, פטריות וקוביות טופו\n","price":64,"vegan":false,"vegetarian":true,"image":"https://d25t2285lxl5rf.cloudfront.net/images/dishes/4472b9f2-9203-4e28-a07d-99204fef86a5.jpg","notFood":false,"drinks":false},{"name":"מנה ירוקה עוף","description":"אטריות ביצים עבות מוקפצות עם רוטב קארי, בזיליקום, תרד, חלב קוקוס, מוגש עם ברוקולי, בצל ירוק, פטריות ונתחי עוף\n","price":72,"vegan":false,"vegetarian":false,"image":"https://d25t2285lxl5rf.cloudfront.net/images/dishes/6720a921-c64c-4ce2-a780-9ee7fd5874a9.jpg","notFood":false,"drinks":false},{"name":"מנה ירוקה בקר","description":"אטריות ביצים עבות מוקפצות עם רוטב קארי, בזיליקום, תרד, חלב קוקוס, מוגש עם ברוקולי, בצל ירוק, פטריות ונתחי בקר\n","price":79,"vegan":false,"vegetarian":false,"image":"https://d25t2285lxl5rf.cloudfront.net/images/dishes/914aca40-bc22-4195-a0cf-cbdee708aa8a.jpg","notFood":false,"drinks":false},{"name":"נודלס שחיתות","description":"אטריות ביצים מוקפצות עם פילה בקר, חזה אווז מעושן, בצל לבן, נבטים, כרוב לבן, ברוקולי, ברוטב חלב קוקוס וקארי צהוב, בעיטור שבבי בטטה קריספים ובוטנים\n","price":79,"vegan":false,"vegetarian":false,"image":"https://d25t2285lxl5rf.cloudfront.net/images/dishes/1b97e199-a6a5-4af0-b60f-62a84657f60f.jpg","notFood":false,"drinks":false},{"name":"בלאק טייגר נודלס","description":"שרימפס בלאק טייגר מוקפצים עם עוף וחזה אווז בסויה שחורה עם אטריות ביצים וירקות (חריף)\n","price":79,"vegan":false,"vegetarian":false,"image":"https://d25t2285lxl5rf.cloudfront.net/images/dishes/3869aa74-b4b2-44fb-8d09-87df5a9ebb6e.jpg","notFood":false,"drinks":false},{"name":"נודלס קצבים","description":"אטריות ביצים מוקפצות עם נתחי קצבים, בצל סגול, מלפפון, בצל ירוק, קוסברה ובוטנים ברוטב שמן צ'ילי טריאקי יוזו (פיקנטי)\r\n","price":87,"vegan":false,"vegetarian":true,"image":"","notFood":false,"drinks":false},{"name":"פרייד רייס פילה בקר","description":"אורז מטוגן מוקפץ עם פילה בקר, נבטים,כרישה, שעועית ירוקה, אפונה,נטיפי ביצה וכוסברה מעל\r\n","price":76,"vegan":false,"vegetarian":false,"image":"","notFood":false,"drinks":false},{"name":"ההודית החריפה","description":"אורז מוקפץ בקארי צהוב וירוק עם 3 שיפודי יאקיטורי פרגית בקארי אדום","price":78,"vegan":false,"vegetarian":false,"image":"","notFood":false,"drinks":false},{"name":"פילה סלמון צרוב על טפניאקי","description":"פילה סלמון טרי צרוב על טפניאקי, מוגש בליווי תוספת לבחירה\n","price":118,"vegan":false,"vegetarian":false,"image":"https://d25t2285lxl5rf.cloudfront.net/images/dishes/b82eec52-2306-455f-b7bf-2391282ba589.jpg","notFood":false,"drinks":false},{"name":"מיקס פופקורן","description":"שרימפס וקלמרי מטוגנים בטמפורה ,מוקפצים בספייסי מיונז יפני עם טוגרשי ויוזו\n","price":98,"vegan":false,"vegetarian":false,"image":"https://d25t2285lxl5rf.cloudfront.net/images/dishes/6fa7a9e0-6bc7-4396-9766-9634f9201a06.jpg","notFood":false,"drinks":false},{"name":"טבעות קלמארי בטמפורה\t","description":"","price":79,"vegan":true,"vegetarian":true,"image":"","notFood":false,"drinks":false},{"name":"אורז לבן","description":"","price":18,"vegan":true,"vegetarian":true,"image":"https://d25t2285lxl5rf.cloudfront.net/images/dishes/55081ea0-1d11-4713-9bae-adc3dbd8e4d4.jpg","notFood":false,"drinks":false},{"name":"אורז תאילנדי","description":"","price":19,"vegan":true,"vegetarian":true,"image":"https://d25t2285lxl5rf.cloudfront.net/images/dishes/7ce46ddc-c292-47d2-9cf6-40e334b61d6c.jpg","notFood":false,"drinks":false},{"name":"הום פרייז","description":"","price":32,"vegan":true,"vegetarian":true,"image":"https://d25t2285lxl5rf.cloudfront.net/images/dishes/403e33de-6879-4b3a-8a6f-ec4165914775.jpg","notFood":false,"drinks":false},{"name":"סלט ירוק","description":"","price":18,"vegan":true,"vegetarian":true,"image":"https://d25t2285lxl5rf.cloudfront.net/images/dishes/fd403438-9b65-4057-ae15-a5786e8b1e4e.jpg","notFood":false,"drinks":false},{"name":"פוטטוס","description":"","price":27,"vegan":true,"vegetarian":true,"image":"https://d25t2285lxl5rf.cloudfront.net/images/dishes/cfc12d30-14be-49cf-a53a-5c10419af3c6.jpg","notFood":false,"drinks":false},{"name":"בטטה מדורה","description":"","price":25,"vegan":true,"vegetarian":true,"image":"https://d25t2285lxl5rf.cloudfront.net/images/dishes/5f18c4ba-0660-4788-a7eb-f183f8500d7b.jpg","notFood":false,"drinks":false},{"name":"ירקות מוקפצים","description":"","price":22,"vegan":true,"vegetarian":true,"image":"","notFood":false,"drinks":false},{"name":"צ'יפס","description":"","price":19,"vegan":true,"vegetarian":true,"image":"","notFood":false,"drinks":false},{"name":"סלט קצוץ","description":"","price":19,"vegan":true,"vegetarian":true,"image":"","notFood":false,"drinks":false},{"name":"פרייד רייס טבעוני","description":"","price":56,"vegan":true,"vegetarian":true,"image":"https://d25t2285lxl5rf.cloudfront.net/images/dishes/313da86b-92e7-4f07-9db6-1a5d77faa617.jpg","notFood":false,"drinks":false},{"name":"פאד תאי טבעוני","description":"","price":58,"vegan":true,"vegetarian":true,"image":"https://d25t2285lxl5rf.cloudfront.net/images/dishes/2cc97e8e-6ccf-488e-8f44-2ff9693b1a2b.jpg","notFood":false,"drinks":false},{"name":"באו עם טופו טבעוני","description":"2 יחידות","price":48,"vegan":true,"vegetarian":true,"image":"https://d25t2285lxl5rf.cloudfront.net/images/dishes/4711998d-92f0-4285-8f92-44f9fc5d8f31.jpg","notFood":false,"drinks":false},{"name":"קומבינציה טבעונית","description":"צונאמי בטטה | קטרפילר צמחוני | ניגירי אבודו","price":84,"vegan":true,"vegetarian":true,"image":"https://d25t2285lxl5rf.cloudfront.net/images/dishes/afabf0f1-8ee5-4d11-b6cc-83b35ca22599.jpg","notFood":false,"drinks":false},{"name":"הודית טבעונית חריפה","description":"אורז מוקפץ עם קארי הודי צהוב וירקות","price":62,"vegan":true,"vegetarian":true,"image":"","notFood":false,"drinks":false},{"name":"שניצה - לונים","description":"נתחי פילה עוף בציפוי פנקו יפני מטוגן בתוספת ציפס\n","price":49,"vegan":false,"vegetarian":false,"image":"https://d25t2285lxl5rf.cloudfront.net/images/dishes/8eadf094-fe7b-43a8-bf1d-7776fe5b317c.jpg","notFood":false,"drinks":false},{"name":"נודלס עוף בטריאקי","description":"אטריות ביצים עם עוף ברוטב טריאקי\n","price":49,"vegan":false,"vegetarian":false,"image":"https://d25t2285lxl5rf.cloudfront.net/images/dishes/a364d94e-7db1-465a-a2d8-9ed79c465f03.jpg","notFood":false,"drinks":false},{"name":"עוף מוקפץ","description":"עוף מוקפץ בטריאקי עם תוספת אורז לבן\n","price":49,"vegan":false,"vegetarian":false,"image":"https://d25t2285lxl5rf.cloudfront.net/images/dishes/d80d93e6-ada1-41c9-afe4-ea4e34d53d36.jpg","notFood":false,"drinks":false},{"name":"בורגר ילדים","description":"בקר 250 גרם עם ציפס","price":49,"vegan":false,"vegetarian":false,"image":"","notFood":false,"drinks":false},{"name":"סושי בהרכבה דג וירק","description":"","price":56,"vegan":false,"vegetarian":false,"image":"","notFood":false,"drinks":false},{"name":"I/O ירקות","description":"רול סושי צמחוני עד 4 ירקות לבחירה ","price":36,"vegan":true,"vegetarian":true,"image":"","notFood":false,"drinks":false},{"name":"מאקי טונה אדומה\n","description":"8 יח׳- אצה בחוץ, אורז בפנים\n","price":45,"vegan":false,"vegetarian":false,"image":"https://d25t2285lxl5rf.cloudfront.net/images/dishes/76dda5c5-913a-43b7-a3cc-fa413943dda7.jpg","notFood":false,"drinks":false},{"name":"מאקי סלמון ואבוקדו","description":"8 יח׳- אצה בחוץ, אורז בפנים\n","price":38,"vegan":false,"vegetarian":false,"image":"https://d25t2285lxl5rf.cloudfront.net/images/dishes/9867fc4a-60f6-4749-8315-fa218b5afdb9.jpg","notFood":false,"drinks":false},{"name":"מאקי ירקות","description":"8 יח׳- אצה בחוץ, אורז בפנים\n","price":32,"vegan":true,"vegetarian":true,"image":"https://d25t2285lxl5rf.cloudfront.net/images/dishes/16bdb5f1-22b3-4c19-97e2-38209e0f031d.jpg","notFood":false,"drinks":false},{"name":"I/O שרימפס טמפורה","description":"שרימפס טמפורה, אבוקדו וגזר\n","price":59,"vegan":false,"vegetarian":false,"image":"https://d25t2285lxl5rf.cloudfront.net/images/dishes/29306932-1510-4e46-8f40-1c5402c7b21c.jpg","notFood":false,"drinks":false},{"name":"I/O ספייסי טונה ואבוקדו","description":"ספייסי טונה עם אבוקדו\n","price":59,"vegan":false,"vegetarian":false,"image":"https://d25t2285lxl5rf.cloudfront.net/images/dishes/44d648f6-3c28-4e80-b00d-b6e426d574be.jpg","notFood":false,"drinks":false},{"name":"I/O ספייסי סלמון ואבוקדו","description":"ספייסי סלמון עם אבוקדו\n","price":57,"vegan":false,"vegetarian":false,"image":"https://d25t2285lxl5rf.cloudfront.net/images/dishes/6cec799b-30ae-431e-b03b-9954fd1f3d75.jpg","notFood":false,"drinks":false},{"name":"I/O סלמון סקין ואבוקדו","description":"סלמון סקין קריספי עם תערובת תבלינים ומיונז יפני עם אבוקדו\n","price":42,"vegan":false,"vegetarian":false,"image":"https://d25t2285lxl5rf.cloudfront.net/images/dishes/ea76d404-cb52-4344-8225-057657f13ecf.jpg","notFood":false,"drinks":false},{"name":"I/O טונה ואבוקדו","description":"טונה אדומה טרייה עם אבוקדו\n","price":57,"vegan":false,"vegetarian":false,"image":"https://d25t2285lxl5rf.cloudfront.net/images/dishes/b3750bf0-ae42-4ea0-9ec4-9b6724139d5a.jpg","notFood":false,"drinks":false},{"name":"I/O סלמון ואבוקדו","description":"סלמון חי טרי עם אבוקדו\r\n","price":56,"vegan":false,"vegetarian":false,"image":"","notFood":false,"drinks":false},{"name":"I\\O בס ובצל ירוק","description":"","price":56,"vegan":true,"vegetarian":true,"image":"","notFood":false,"drinks":false},{"name":"קאצ'ו ראצ'ו סלמון\n","description":"I/O סלמון אפוי ואבוקדו במעטפת סלמון בפנקו (8 יח')\n","price":68,"vegan":false,"vegetarian":false,"image":"https://d25t2285lxl5rf.cloudfront.net/images/dishes/8558cfa7-8faa-47d5-b86c-b09dd0a24760.png","notFood":false,"drinks":false},{"name":"הוט סלמון טריאקי","description":"סלמון אפוי אבוקדו בציפוי סלמון אפוי ורוטב טריאקי\n","price":68,"vegan":false,"vegetarian":false,"image":"https://d25t2285lxl5rf.cloudfront.net/images/dishes/c8f3b2d1-8905-4b94-8ba3-1cd347c87f2f.png","notFood":false,"drinks":false},{"name":"רול ריזוטו סלמון","description":"8 יח' מאקי אינסייד אאוט ריזוטו עם סלמון אפוי וקנפיו במעטפת סלמון גבינת אמנטל מותכת וספיסי מיונז מעל","price":67,"vegan":false,"vegetarian":false,"image":"https://d25t2285lxl5rf.cloudfront.net/images/dishes/a9889ee5-14c6-4f0b-87bc-c47ce25c2356.png","notFood":false,"drinks":false},{"name":"מאקיטורי סלמון","description":"סלמון בטמפורה, מוגש על 2 שיפודי יקטורי ורוטב טריאקי\n","price":62,"vegan":false,"vegetarian":false,"image":"https://d25t2285lxl5rf.cloudfront.net/images/dishes/3e96f395-947c-4d76-a8bc-c9a173bd9887.png","notFood":false,"drinks":false},{"name":"קאצ'ו ראצ'ו צמחוני","description":"אבוקדו, מלפפון, גזר ובטטה מטוגן בפנקו\r\n","price":59,"vegan":true,"vegetarian":true,"image":"","notFood":false,"drinks":false},{"name":"ספיישל רול שרימפס","description":"שרימפס קצוץ ואבוקדו במעטפת טונה אדומה, אבוקדו, טוביקו שחור ופלפל חלפיניו\n","price":72,"vegan":false,"vegetarian":false,"image":"https://d25t2285lxl5rf.cloudfront.net/images/dishes/489f9a3e-7878-4b13-ba9a-7863fb84d9ea.jpg","notFood":false,"drinks":false},{"name":"רול ארטישוק ירושלמי","description":"בס בטמפורה, צ'ילי אדום, אספרגוס, אבוקדו, בציפוי אבוקדו והרבה צ'יפב ארטישוק טרי\n","price":69,"vegan":true,"vegetarian":true,"image":"https://d25t2285lxl5rf.cloudfront.net/images/dishes/3d262867-830e-4099-aafc-0615bb7074a1.jpg","notFood":false,"drinks":false},{"name":"רול סלמון שיטאקי טרי","description":"ספייסי סלמון, סלמון סקין אבוקדו, מלפפון, בציפוי של בס וסלמון עם פטריות שיטאקי טריות ומטוגנות ברוטב טריאקי יוזו\n","price":68,"vegan":false,"vegetarian":false,"image":"https://d25t2285lxl5rf.cloudfront.net/images/dishes/7096c31e-f1f0-43c6-aacc-b4cbf29b1166.jpg","notFood":false,"drinks":false},{"name":"רול בס בפנקו","description":"בס מטוגן בפנקו, אבוקדו, אספרגוס, בוטנים בצ'ילי, ממעטפת סלמון ברולה צרוב בעיטור ואיולי יפני עם כמהין\n","price":68,"vegan":false,"vegetarian":false,"image":"https://d25t2285lxl5rf.cloudfront.net/images/dishes/8aa4f17e-a661-4e04-9aa8-7cd9ad2e5646.jpg","notFood":false,"drinks":false},{"name":"טונה פינטס רול","description":"טונה אדומה טריה עם אבוקדו, טערובת בוטנים בצ'ילי, אספרגוס, במעטפת סלמון חי, סבבי פנקו קריספים ועירית. 8 יח\n","price":69,"vegan":false,"vegetarian":false,"image":"https://d25t2285lxl5rf.cloudfront.net/images/dishes/d05b0044-bf2f-4b60-957e-739a411d4004.jpg","notFood":false,"drinks":false},{"name":"סביצ'ה רול","description":"סלמון, אבוקדו ועירית. מעל סביצ'ה של סלמון, דניס וטונה\n","price":74,"vegan":false,"vegetarian":false,"image":"https://d25t2285lxl5rf.cloudfront.net/images/dishes/6aefaa25-11fb-4593-82ac-83a334145208.jpg","notFood":false,"drinks":false},{"name":"טונה ברולה רול","description":"קנפיו ומלפפון מקורמלים, מעל טונה קצוצה וטריאקי\n","price":72,"vegan":false,"vegetarian":false,"image":"https://d25t2285lxl5rf.cloudfront.net/images/dishes/2e8cb0f1-4a5e-43c2-8837-c6dfb9df2c2c.jpg","notFood":false,"drinks":false},{"name":"טוביקו רול","description":"ספייסי סלמון, טמפורה, אבוקדו ועלי רוקט בציפוי טוביקו\n","price":69,"vegan":false,"vegetarian":false,"image":"https://d25t2285lxl5rf.cloudfront.net/images/dishes/0ddd69f6-3aa9-4ea4-97b8-b2452b783867.jpg","notFood":false,"drinks":false},{"name":"סשימי רול","description":"ללא אורז. 4 יחידות- רוקט, טונה, דניס, נייר מלפפון, רוטב פונזו ואבקת יוזו\n","price":69,"vegan":false,"vegetarian":false,"image":"https://d25t2285lxl5rf.cloudfront.net/images/dishes/b8fb980e-f5d9-4b93-8ca1-3899d4dbeccb.jpg","notFood":false,"drinks":false},{"name":"Taiger Roll","description":"ספייסי טונה, טמפורה, אבוקדו במעטפת טונה ואבוקדו\n","price":74,"vegan":false,"vegetarian":false,"image":"https://d25t2285lxl5rf.cloudfront.net/images/dishes/9b071d10-478d-407e-9afa-f171d82421d2.jpg","notFood":false,"drinks":false},{"name":"Fish & Chips Roll","description":"דניס בטמפורה, אבוקדו עירית ומלפפון בציפוי שבבי בטטה\n","price":62,"vegan":false,"vegetarian":false,"image":"https://d25t2285lxl5rf.cloudfront.net/images/dishes/3d7634a7-47f2-4436-b06f-1ec508edcd80.jpg","notFood":false,"drinks":false},{"name":"BS Roll","description":"סלמון, שרימפס, אבוקדו, ג.שמנת במעטפת סלמון מקורמל\n","price":72,"vegan":false,"vegetarian":false,"image":"https://d25t2285lxl5rf.cloudfront.net/images/dishes/5ffcca71-ae1f-4432-9a7b-97b5be30cc2f.jpg","notFood":false,"drinks":false},{"name":"אונאגי דרגון","description":"צלופח, שרימפס טמפורה, אספרגוס במעטפת סלמון צרוב, טריאקי , ספייסי סרירצ'ה ובוטנים מעל\n","price":79,"vegan":false,"vegetarian":false,"image":"https://d25t2285lxl5rf.cloudfront.net/images/dishes/7643102f-cc3b-4f1c-b9dd-73adf0690b73.jpg","notFood":false,"drinks":false},{"name":"מעטפת ספייסי טונה וטוביקו","description":"ספייסי טונה, מיונז יפני, אבוקדו וטוביקו במעטפת טונה אדומה\n","price":74,"vegan":false,"vegetarian":false,"image":"https://d25t2285lxl5rf.cloudfront.net/images/dishes/e3e40d34-9bd0-41a5-bbb4-eb8563c74c79.jpg","notFood":false,"drinks":false},{"name":"ספיישל Rainbow","description":"ספייסי טונה ואבוקדו, במעטפת טונה, סלמון, סי בס ואבוקדו, בליווי ביצי טוביקו\n","price":72,"vegan":false,"vegetarian":false,"image":"https://d25t2285lxl5rf.cloudfront.net/images/dishes/7c86d042-8bab-47f1-b0bf-96a6b22a86f5.jpg","notFood":false,"drinks":false},{"name":"צונאמי רול טונה","description":"ספייסי טונה, אספרגוס ומלפפון, במעטפת סלמון צרוב עם שבבי בטטה טריאקי ומיונז יפני\n","price":69,"vegan":false,"vegetarian":false,"image":"https://d25t2285lxl5rf.cloudfront.net/images/dishes/2c43edcc-d40f-4c53-8520-292c801b8e06.jpg","notFood":false,"drinks":false},{"name":"מהים והגינה","description":"ספייסי סלמון, בצל קריספי וכוסברה במעטפת בס עם פלפל חלפיניו ומיונז\n","price":69,"vegan":false,"vegetarian":false,"image":"https://d25t2285lxl5rf.cloudfront.net/images/dishes/1ff9e666-dd1b-48ef-8b70-e5ba153ad3ac.jpg","notFood":false,"drinks":false},{"name":"הוריקן רול","description":"ספייסי סלמון, אבוקדו, מלפפון במעטפת ספייסי טונה, אבוקדו טוביקו ובצל קריספי\n","price":67,"vegan":false,"vegetarian":false,"image":"https://d25t2285lxl5rf.cloudfront.net/images/dishes/1981ea01-4bce-4cad-a7c9-f57a3b92ec40.jpg","notFood":false,"drinks":false},{"name":"ספייסי שרימפס מעטפת סלמון","description":"שרימפס קצוץ , אבוקדו ומלפפון בליווי מיונז יפני\n ","price":69,"vegan":false,"vegetarian":false,"image":"https://d25t2285lxl5rf.cloudfront.net/images/dishes/0cb72e84-ea87-45b5-ae29-65cd98c03c67.jpg","notFood":false,"drinks":false},{"name":"צונאמי בטטה","description":"בטטה, מלפפון וטמאגו מעל בטטה קריספי, מיונז וטריאקי\n","price":52,"vegan":false,"vegetarian":true,"image":"https://d25t2285lxl5rf.cloudfront.net/images/dishes/9a74e703-272b-4b20-9af2-4b58858c64d0.jpg","notFood":false,"drinks":false},{"name":"מעטפת סלמון ולימון","description":"ספיסי סלמון, אספרגוס, מלפפון, במעטפת סלמון ולימון ברוטב ויוזו - 8 יח' אינסייד אאוט","price":62,"vegan":false,"vegetarian":false,"image":"https://d25t2285lxl5rf.cloudfront.net/images/dishes/e82e5e84-10bf-433b-b24d-7ddc9f3511eb.jpg","notFood":false,"drinks":false},{"name":"קטרפילר צמחוני","description":"אבוקדו, טמאגו, גזר ומלפפון במעטפת אבוקדו\n","price":62,"vegan":false,"vegetarian":true,"image":"https://d25t2285lxl5rf.cloudfront.net/images/dishes/83089c73-c91e-4a5e-9172-288819c6a09d.jpg","notFood":false,"drinks":false},{"name":"קטרפילר סלמון","description":"סלמון אפוי ואבוקדו במעטפת אבוקדו\n","price":65,"vegan":false,"vegetarian":false,"image":"https://d25t2285lxl5rf.cloudfront.net/images/dishes/7485b7d8-349d-4265-8931-b1fa75f53c0a.jpg","notFood":false,"drinks":false},{"name":"קטרפילר ספייסי צ'יקן","description":"קריספי צ'יקן ואבוקדו, במעטפת אבוקדו \n","price":59,"vegan":false,"vegetarian":false,"image":"https://d25t2285lxl5rf.cloudfront.net/images/dishes/a782cdd0-3be3-4c27-a798-919b00b42d45.jpg","notFood":false,"drinks":false},{"name":"סלמון גבינת שמנת","description":"סלמון ומלפפון במעטפת סלמון וגבינת שמנת מעל - 8 יח' אינסייד אאוט","price":59,"vegan":false,"vegetarian":false,"image":"https://d25t2285lxl5rf.cloudfront.net/images/dishes/d9c009a2-3c76-41d8-93f1-53af14e2c8b8.jpg","notFood":false,"drinks":false},{"name":"קצ'ויה רול","description":"סלמון ואבוקדו במעטפת סלמון ואבוקדו, שקדים קלויים טריאקי ומיונז יפני\n","price":69,"vegan":false,"vegetarian":false,"image":"https://d25t2285lxl5rf.cloudfront.net/images/dishes/2be11f9f-337f-4d0c-9908-4683905f3573.jpg","notFood":false,"drinks":false},{"name":"מאקי טרטר דגים","description":"סלמון, דניס, ספייסי טונה, אבוקדו, מלפפון ושיטאקי במעטפת סלמון, דניס וטונה אדומה עם גרידת לימון וצ'ילי חריף\n","price":75,"vegan":false,"vegetarian":false,"image":"https://d25t2285lxl5rf.cloudfront.net/images/dishes/87627b93-4901-4fad-a73c-b4e4edcb27b2.jpg","notFood":false,"drinks":false},{"name":"אינדיאן רול","description":"ספייסי טונה, אבוקדו, אספרגוס, מעטפת דניס, מיונז יפני ושבבי תפוח אדמה הודי עם בוטנים\r\n","price":68,"vegan":false,"vegetarian":false,"image":"","notFood":false,"drinks":false},{"name":"קמיקזה","description":"סלמון אפוי ואבוקדו מצופה בסלמון אפוי ואבוקדו עם מיונז יפני תריאקי ושקדים\r\n","price":69,"vegan":false,"vegetarian":false,"image":"","notFood":false,"drinks":false},{"name":"ספייסי סלק רול","description":"סלמון אפוי, פנקו,אספרגוס, אבוקדו, במעטפת אבוקדו, ספייסי מיונז סלק קריספי\r\n","price":69,"vegan":false,"vegetarian":false,"image":"","notFood":false,"drinks":false},{"name":"סמוקי רול","description":"סלמון , שיטאקי, אספרגוס, אבוקדו, טמגו, במעטפת סלמון חי וצרוב במיונז יפני ושבבי טמפורה חריפה\r\n","price":68,"vegan":false,"vegetarian":false,"image":"","notFood":false,"drinks":false},{"name":"קרייזי רול","description":"ספייסי סלמון, אבוקדו ומלפפון, בציפוי בס תרוב עם שבבי עירית ושבבי פנקו ברוטב ווסאבי יוזו\r\n","price":67,"vegan":false,"vegetarian":false,"image":"","notFood":false,"drinks":false},{"name":"רול מיקס דגים ופיסטוק","description":"סלמון וספייסי בס בצילי, בזיליקום תרי, גרידת לימון, אספרגוס, שיטאקי במעטפת טונה אדומה מונז יפני ופיסטוק קריספי","price":67,"vegan":false,"vegetarian":false,"image":"","notFood":false,"drinks":false},{"name":"רול מקסיקני","description":"","price":62,"vegan":true,"vegetarian":true,"image":"","notFood":false,"drinks":false},{"name":"קומבינציית סשימי - 12 יח'","description":"3 סושי דג - טונה, סלמון וסי באס\n","price":98,"vegan":false,"vegetarian":false,"image":"https://d25t2285lxl5rf.cloudfront.net/images/dishes/214a2e40-6b5f-4879-955c-3e1f662b02ad.jpg","notFood":false,"drinks":false},{"name":"קומבינציה צמחונית- 18 יח'","description":"8 יח צונאמי בטטה, 2 יח נגירי טמגו, 4 יח נגירי טמגו ואבוקדו, 4 יח פוטו מאקי דף אורז חסה מלפפון אבוקדו אספרגוס גזר קנפיו\n","price":79,"vegan":true,"vegetarian":true,"image":"https://d25t2285lxl5rf.cloudfront.net/images/dishes/0181459f-719e-468f-8876-fffd6ed9efee.jpg","notFood":false,"drinks":false},{"name":"קומבינציה גדולה - 31 יח'","description":"4 יח קטרפילר סלמון חי, 4 יח ספייסי טונה וטוביקו, 4 יח סביצ'ה רול, 4 יח רינבוו,5 יח פוטומאקי טריו וירקות, 2 נגירי טונה, 2 נגירי סלמון, 3 סשימי סלמון, 3 סשימי טונה\n","price":198,"vegan":false,"vegetarian":false,"image":"https://d25t2285lxl5rf.cloudfront.net/images/dishes/be643c1e-a8d3-499c-9170-1b7e7d0a78c6.jpg","notFood":false,"drinks":false},{"name":"קומבינציה קטנה - 20 יח'","description":"8 יחידות I\\O ספייסי סלמון ואבוקדו בציפוי רינבוו ושבבי טמפורה, 1 נגירי טונה, 1 נגירי דניס, 1 נגירי סלמון, 4 יח סשימי סלמון, 5 יח פוטו מאקי טונה מלפפון חסה ואבוקדו\n","price":128,"vegan":false,"vegetarian":false,"image":"https://d25t2285lxl5rf.cloudfront.net/images/dishes/08803770-90a0-413b-9f01-856cfbad9c52.jpg","notFood":false,"drinks":false},{"name":"איירון שף זוגי","description":"קומבינציה לבחירת השף של 4 רולים מיוחדים, 2 מנות סשימי ו-2 מנות נגירי\r\n","price":298,"vegan":true,"vegetarian":true,"image":"","notFood":false,"drinks":false},{"name":"טטאקי סלמון ביוזו","description":"6 יח של סשימי סלמון מושרה ביוזו סלק, סאקה ומירין\n","price":64,"vegan":false,"vegetarian":false,"image":"https://d25t2285lxl5rf.cloudfront.net/images/dishes/57df42cf-91c4-4570-adf6-3a003e85919e.jpg","notFood":false,"drinks":false},{"name":"טטאקי טונה","description":"פרוסות טונה צרובה במיסו, עם פרוסות לימון ברוטב סויה ויוזו ( 8 יח')\n","price":76,"vegan":false,"vegetarian":false,"image":"https://d25t2285lxl5rf.cloudfront.net/images/dishes/cb8df821-94b9-45d5-ad53-a817dec202aa.jpg","notFood":false,"drinks":false},{"name":"\tסשימי בס","description":"4 יח׳- פרוסות דג נא\n","price":42,"vegan":false,"vegetarian":false,"image":"https://d25t2285lxl5rf.cloudfront.net/images/dishes/e84a36f3-4162-4892-9689-3462506820e0.jpg","notFood":false,"drinks":false},{"name":"סשימי סלמון","description":"4 יח׳- פרוסות דג נא","price":45,"vegan":false,"vegetarian":false,"image":"https://d25t2285lxl5rf.cloudfront.net/images/dishes/a8334e8b-3857-45e4-b61d-6de238a56c88.jpg","notFood":false,"drinks":false},{"name":"סשימי טונה","description":"4 יח׳- פרוסות דג נא","price":49,"vegan":false,"vegetarian":false,"image":"https://d25t2285lxl5rf.cloudfront.net/images/dishes/9d284daa-d647-4ee1-a45a-0e416a5f711e.jpg","notFood":false,"drinks":false},{"name":"סשימי טטאקי סלמון","description":"פרוסות סלמון צרוב במיסו (4 יח')\r\n","price":64,"vegan":false,"vegetarian":false,"image":"","notFood":false,"drinks":false},{"name":"ניגירי שרימפס","description":"אצבע אורז עליה מונחת פרוסת שרימפס 2 יח'\n","price":39,"vegan":false,"vegetarian":false,"image":"https://d25t2285lxl5rf.cloudfront.net/images/dishes/587ea5bc-8ce1-4dea-9020-1d6471c6d980.jpg","notFood":false,"drinks":false},{"name":"ניגירי טונה אדומה","description":"אצבע אורז עליה מנוחת פרוסת טונה אדומה 2 יח'\n","price":44,"vegan":false,"vegetarian":false,"image":"https://d25t2285lxl5rf.cloudfront.net/images/dishes/910c4a2e-7eba-49c2-99c9-0532cfa982b1.jpg","notFood":false,"drinks":false},{"name":"ניגירי סלמון","description":"אצבע אורז עליה מונחת פרוסת סלמון 2 יח'\n","price":34,"vegan":false,"vegetarian":false,"image":"https://d25t2285lxl5rf.cloudfront.net/images/dishes/df054bcd-521d-472c-bb1d-13fe7b99ae0c.jpg","notFood":false,"drinks":false},{"name":"\t\nניגירי בס","description":"אצבע אורז עליה מונחת פרוסת בס 2 יח'\n","price":31,"vegan":false,"vegetarian":false,"image":"https://d25t2285lxl5rf.cloudfront.net/images/dishes/19a6f1d3-a9f4-4433-902e-d5598c166907.jpg","notFood":false,"drinks":false},{"name":"ניגירי טאמאגו","description":"אצבע אורז עליה מונחת פרוסת אומלט יפני 2 יח'\n","price":28,"vegan":true,"vegetarian":true,"image":"https://d25t2285lxl5rf.cloudfront.net/images/dishes/fba43d7b-443d-4c3f-9aa6-e499b7084cc7.jpg","notFood":false,"drinks":false},{"name":"ניגירי אבוקדו","description":"אצבע אורז עליה מונחת פרוסת אבוקדו 2 יח'\n","price":27,"vegan":true,"vegetarian":true,"image":"https://d25t2285lxl5rf.cloudfront.net/images/dishes/f1c4940d-179e-4515-9dfa-eab143d54cd7.jpg","notFood":false,"drinks":false},{"name":"ניגירי צלופח","description":"אצבע אורז עליה מונחת פרוסת צלופח 2 יח'\n","price":44,"vegan":true,"vegetarian":true,"image":"https://d25t2285lxl5rf.cloudfront.net/images/dishes/16e63c6e-90d2-42bc-aa67-fa7a7d8c8cf6.jpg","notFood":false,"drinks":false},{"name":"קונוס שרימפס טמפורה","description":"קונוס עשוי אצה במילוי אורז, שרימפס, טמפורה ואבוקדו\n","price":34,"vegan":false,"vegetarian":false,"image":"https://d25t2285lxl5rf.cloudfront.net/images/dishes/9fd1a8bf-a20c-49fc-928c-809fce09e138.jpg","notFood":false,"drinks":false},{"name":"קונוס קליפורניה ירקות","description":"קונוס עשוי אצה במילוי אורז, אבוקדו, גזר ומלפפון\n","price":25,"vegan":true,"vegetarian":true,"image":"https://d25t2285lxl5rf.cloudfront.net/images/dishes/1ffdb386-47bc-4138-9cbf-6c965e5fd7bd.jpg","notFood":false,"drinks":false},{"name":"קונוס ספייסי סלמון","description":"קונוס עשוי אצה במילוי אורז, ספייסי סלמון ואבוקדו\n","price":31,"vegan":false,"vegetarian":false,"image":"https://d25t2285lxl5rf.cloudfront.net/images/dishes/bed4d758-8f21-41cb-8d06-5ff2fc00b14f.jpg","notFood":false,"drinks":false},{"name":"קונוס סלמון ואבוקדו","description":"קונוס עשוי אצה במילוי אורז, סלמון ואבוקדו\n","price":28,"vegan":false,"vegetarian":false,"image":"https://d25t2285lxl5rf.cloudfront.net/images/dishes/83d70d46-1283-4d28-adea-a6a05d59e84d.jpg","notFood":false,"drinks":false},{"name":"קונוס סלמון סקין ואבוקדו","description":"קונוס עשוי אצה במילוי אורז, סלמון סקין ואבוקדו\n","price":29,"vegan":false,"vegetarian":false,"image":"https://d25t2285lxl5rf.cloudfront.net/images/dishes/3c779b7d-870d-4252-906a-800364caf054.jpg","notFood":false,"drinks":false},{"name":"קונוס ספייסי טונה","description":"קונוס עשוי אצה במילוי אורז, ספייסי טונה ואבוקדו\n","price":32,"vegan":false,"vegetarian":false,"image":"https://d25t2285lxl5rf.cloudfront.net/images/dishes/f0cf937c-4b80-4726-8ef1-4bb4215c8155.jpg","notFood":false,"drinks":false},{"name":"קונוס טונה ואבוקדו\n","description":"קונוס עשוי אצה במילוי אורז, טונה טרייה ואבוקדו\n","price":32,"vegan":false,"vegetarian":false,"image":"https://d25t2285lxl5rf.cloudfront.net/images/dishes/3f5d6c5c-8ab5-4815-b4f5-13c64bd3856f.jpg","notFood":false,"drinks":false},{"name":"קונוס ספייסי סלמון ושרימפס","description":"קונוס עשוי אצה, במילוי אורז, סלמון בצ'ילי חריף ואבוקדו\r\n","price":37,"vegan":false,"vegetarian":false,"image":"","notFood":false,"drinks":false},{"name":"קונוס קליפורניה","description":"קונוס עשוי אצה במילוי אורז, אבוקדו, גזר, מלפפון, טמאגו ושרימפס\r\n","price":36,"vegan":false,"vegetarian":false,"image":"","notFood":false,"drinks":false},{"name":"מגש סושי מסיבה בינוני","description":"מגש בינוני 86 יחידות - מורכב מהרולים המיוחדים שלנו לבחירת השף, סשימי וניגירי מדגים טריים, מגיע בליווי חמוצים יפנים. *זמן משלוח בימי שישי עד 120 דקות*","price":450,"vegan":false,"vegetarian":false,"image":"","notFood":false,"drinks":false},{"name":"מגש סושי מסיבה גדול","description":"מגש גדול 122 יחידות - מורכב מהרולים המיוחדים שלנו לבחירת השף, סשימי וניגירי מדגים טריים מגיע בליווי חמוצים יפנים . *זמן משלוח בימי שישי עד 120 דקות*","price":680,"vegan":false,"vegetarian":false,"image":"","notFood":false,"drinks":false},{"name":"פאד תאי עוף וירקות לל\"ג","description":"אטריות אורז מוקפצות עם נתחי עוף, נבטים, ביצה, גזר, בצל ירוק , כרוב, כוסברה ובוטנים\r\n","price":69,"vegan":false,"vegetarian":false,"image":"","notFood":false,"drinks":false},{"name":"פאד תאי פילה בקר לל\"ג","description":"אטריות אורז מוקפצות עם נתחי פילה בקר, נבטים, ביצה, גזר, בצל ירוק , כרוב, כוסברה ובוטנים\r\n","price":78,"vegan":false,"vegetarian":false,"image":"","notFood":false,"drinks":false},{"name":"פרייד רייס עוף לל\"ג","description":"אורז מטוגן מוקפץ עם נתחי עוף, נבטים,כרישה, שעועית ירוקה, אפונה,נטיפי ביצה וכוסברה מעל\r\n","price":69,"vegan":false,"vegetarian":false,"image":"","notFood":false,"drinks":false},{"name":"פרייד רייס פילה בקר לל\"ג","description":"אורז מטוגן מוקפץ עם פילה בקר, נבטים,כרישה, שעועית ירוקה, אפונה,נטיפי ביצה וכוסברה מעל\r\n","price":76,"vegan":false,"vegetarian":false,"image":"","notFood":false,"drinks":false},{"name":"פרייד רייס טופו לל\"ג","description":"אורז מטוגן מוקפץ עם טופו, נבטים,כרישה, שעועית ירוקה, אפונה,נטיפי ביצה וכוסברה מעל\r\n","price":57,"vegan":false,"vegetarian":true,"image":"","notFood":false,"drinks":false},{"name":"פילה סלמון צרוב לל\"ג","description":"פילה סלמון טרי צרוב על טפניאקי, מוגש בליווי פירה חלבי, או תוספת לבחירה\r\n","price":118,"vegan":false,"vegetarian":false,"image":"","notFood":false,"drinks":false},{"name":"אנטריקוט נברסקה לל\"ג","description":"","price":148,"vegan":false,"vegetarian":false,"image":"","notFood":false,"drinks":false},{"name":"מדליוני פילה בקר לל\"ג","description":"","price":138,"vegan":false,"vegetarian":false,"image":"","notFood":false,"drinks":false},{"name":"פרגית בטפניאקי לל\"ג","description":"","price":84,"vegan":false,"vegetarian":false,"image":"","notFood":false,"drinks":false},{"name":"\t\nFrame ברולה","description":"גנאש שוקולד בליווי קרם ברולה, רוטב שוקולד לבן ובננות מקורמלות (אפייה במקום- עד 15 דקות)\n","price":58,"vegan":false,"vegetarian":true,"image":"https://d25t2285lxl5rf.cloudfront.net/images/dishes/ce09b2ce-e0cd-4580-9f23-c9602f99a72e.jpg","notFood":false,"drinks":false},{"name":"וופל בלגי","description":"וופל עם גלידת טראפלס שוקולד, וניל מקלות, רוטב נוטלה, רוטב שוקולד לבן קצפת ושבבי קוקוס\n","price":52,"vegan":false,"vegetarian":false,"image":"https://d25t2285lxl5rf.cloudfront.net/images/dishes/d72a5d8f-5ffa-4be8-843f-7ac636ee6f0d.jpg","notFood":false,"drinks":false},{"name":"גנאש שוקולד חם\n","description":"סופלה שוקולד בלגי חצי מריר בליווי גלידה וקצפת\n","price":54,"vegan":false,"vegetarian":true,"image":"https://d25t2285lxl5rf.cloudfront.net/images/dishes/08b1c0c5-1f12-4282-9061-7508a44894b9.jpg","notFood":false,"drinks":false},{"name":"פבלובה","description":"מרנג וניל מסקרפונה, עם רוטב פרות יער\n","price":57,"vegan":true,"vegetarian":true,"image":"https://d25t2285lxl5rf.cloudfront.net/images/dishes/8b289b4e-9129-4ccc-9bdb-f1ed18a80ec5.jpg","notFood":false,"drinks":false},{"name":"סורבה גלידה\n","description":"3 כדורי גלידה סורבה\nבטעמים:\nמנגו , קוקוס ופסיפלורה\n","price":29,"vegan":true,"vegetarian":true,"image":"https://d25t2285lxl5rf.cloudfront.net/images/dishes/96e6b27e-8f43-4b4e-a510-a2c45968d1cc.jpg","notFood":false,"drinks":false},{"name":"סושי קוקוס\n","description":"קרם פטיסייר בליווי רוטב פסיפלורה מנגו וקרם קוקוס (פרווה)\n\n","price":52,"vegan":true,"vegetarian":true,"image":"https://d25t2285lxl5rf.cloudfront.net/images/dishes/35c2f279-cb51-4337-9938-83ab231507f6.jpg","notFood":false,"drinks":false},{"name":"ברולה טופי","description":"קרם ברולה בליווי טוויל קריספי ובננות מקורמלות\n","price":54,"vegan":true,"vegetarian":true,"image":"","notFood":false,"drinks":false},{"name":"נמסיס","description":"מרנג וניל מסקרפונה, עם רוטב פירות יער\n","price":53,"vegan":true,"vegetarian":true,"image":"","notFood":false,"drinks":false},{"name":"קראק פאי","description":"פאי חם במילוי שיבולת שועל וסוכר חום בעיטור גלידת וניל ורוטב טופי\r\n","price":56,"vegan":true,"vegetarian":true,"image":"","notFood":false,"drinks":false},{"name":"סודה","description":"","price":14,"vegan":true,"vegetarian":true,"image":"","notFood":false,"drinks":true},{"name":"בקבוק זכוכית - מים מינרליים","description":"","price":14,"vegan":true,"vegetarian":true,"image":"","notFood":false,"drinks":true},{"name":"בקבוק זכוכית - קוקה קולה","description":"","price":15,"vegan":true,"vegetarian":true,"image":"","notFood":false,"drinks":true},{"name":"בקבוק זכוכית - קולה זירו","description":"","price":15,"vegan":true,"vegetarian":true,"image":"","notFood":false,"drinks":true},{"name":"בקבוק זכוכית ספרייט","description":"","price":15,"vegan":true,"vegetarian":true,"image":"","notFood":false,"drinks":true},{"name":"בקבוק זכוכית - דיאט ספרייט","description":"","price":15,"vegan":true,"vegetarian":true,"image":"","notFood":false,"drinks":true},{"name":"פיוז טי אפרסק","description":"","price":15,"vegan":true,"vegetarian":true,"image":"","notFood":false,"drinks":false},{"name":"סיידר תפוחים צלול","description":"","price":15,"vegan":true,"vegetarian":true,"image":"","notFood":false,"drinks":true},{"name":"ג'ינג'ר אייל","description":"","price":15,"vegan":true,"vegetarian":true,"image":"","notFood":false,"drinks":false},{"name":"ביטר למון","description":"","price":15,"vegan":true,"vegetarian":true,"image":"","notFood":false,"drinks":false},{"name":"מי טוניק","description":"","price":15,"vegan":true,"vegetarian":true,"image":"","notFood":false,"drinks":true}]}