{"track_id":"13299","filters":["humus","veganFood","glutenFree"],"image":"https://tenbis-static.azureedge.net/restaurant-card-image/ResCard_13299_20220222152523.jpg","address":"המרגנית, 2 חולון","location":[34.7788833,32.00959760000001],"name":"פלאפל בריבוע","city":"ראשון לציון, חולון, בת ים","priceAverage":31.608974358974358,"menu":[{"name":"מנת פלאפל","description":"","price":25,"vegan":true,"vegetarian":true,"image":"https://d25t2285lxl5rf.cloudfront.net/images/dishes/54cd750f-86ce-4d05-a515-3fe3c81a7d18.jpg","notFood":false,"drinks":false},{"name":"צ'יפס","description":"","price":15,"vegan":true,"vegetarian":true,"image":"https://d25t2285lxl5rf.cloudfront.net/images/dishes/3379cda5-e3cd-48db-b17f-6e9c385c7505.jpg","notFood":false,"drinks":false},{"name":"רבע קילו חומוס טרי","description":"","price":18,"vegan":true,"vegetarian":true,"image":"https://d25t2285lxl5rf.cloudfront.net/images/dishes/b9345fa5-b112-4314-b129-bb2766908a62.jpg","notFood":false,"drinks":false},{"name":"מנת סביח","description":"מגיע עם חומוס, חצילים, ביצה קשה, פטרוזיליה, סלט ירקות ומלפפון חמוץ.","price":25,"vegan":false,"vegetarian":true,"image":"https://d25t2285lxl5rf.cloudfront.net/images/dishes/9422e3cf-1f58-41db-9aac-606beceb0623.jpg","notFood":false,"drinks":false},{"name":"מנת שוואלה - טבעוני","description":"שווארמה מן הצומח\nמנה טבעונית, ללא גלוטן, עשויה מחלבון סויה וחלבון אפונה. מגיע עם חומוס, סלט ירקות, מלפפון חמוץ, טחינה, פטרוזיליה","price":33,"vegan":false,"vegetarian":false,"image":"https://d25t2285lxl5rf.cloudfront.net/images/dishes/0c95cba3-d291-4ecf-b010-a1c150a91f9a.jpg","notFood":false,"drinks":false},{"name":"\nסלט ישראלי גדול","description":" מלפפון, עגבניה, בצל סגול, פטרוזיליה, שמן זית, לימון \n","price":36,"vegan":true,"vegetarian":true,"image":"https://d25t2285lxl5rf.cloudfront.net/images/dishes/b2198110-6270-4545-911f-5e1ca8a2a7c8.jpg","notFood":false,"drinks":false},{"name":"תערובת בלבד להכנה ביתית - של 5 מנות פלאפל","description":"","price":49,"vegan":true,"vegetarian":true,"image":"https://d25t2285lxl5rf.cloudfront.net/images/dishes/2302846.jpg","notFood":false,"drinks":false},{"name":"מארז - להכנת פלאפל עד הבית","description":"מכשיר להכנת פלאפל - מתנה \r\n קופסת תערובת  פלאפל להכנת ביתית  -5 מנות פלאפל  ועוד קצת לנישנוש \r\n פיתות קמח לבן \r\nשקיות מנה \r\nטחינת הר ברכה \r\nחומוס טרי ללא חומרים משמרים \r\n חמוצים \r\n כרוב כבוש \r\nקוקוט סחוג חריף \r\nקוקוט עמבה \r\n","price":109,"vegan":true,"vegetarian":true,"image":"https://d25t2285lxl5rf.cloudfront.net/images/dishes/2302845.jpg","notFood":false,"drinks":false},{"name":"מארז שקשוקה משפחתי","description":"המארז כולל: קערה 750 גרם שקשוקה, גביע 125 גרם לאבנה, גביע 125 גרם פטה קוביות, גביע 125 גרם טחינה הר ברכה, גביע 125 גרם פלפלונים מוחמצים ממולאים בגבינה, גביע 125 גרם זיתים סורים, קוקוט פלפל חריף טרי, קוקוט לימון בלאדי ו-3 פרנות\t","price":219,"vegan":false,"vegetarian":true,"image":"https://d25t2285lxl5rf.cloudfront.net/images/dishes/575e43ec-ffa1-4ec7-8910-14a57cb2a334.jpg","notFood":false,"drinks":false},{"name":"מנת פלאפל","description":"","price":25,"vegan":true,"vegetarian":true,"image":"https://d25t2285lxl5rf.cloudfront.net/images/dishes/54cd750f-86ce-4d05-a515-3fe3c81a7d18.jpg","notFood":false,"drinks":false},{"name":"חצי מנה פלאפל","description":"","price":17,"vegan":true,"vegetarian":true,"image":"https://d25t2285lxl5rf.cloudfront.net/images/dishes/5819a2cd-16e4-4139-9f95-e230edc8424a.jpg","notFood":false,"drinks":false},{"name":"מנת סביח","description":"מגיע עם חומוס, חצילים, ביצה קשה, פטרוזיליה, סלט ירקות ומלפפון חמוץ.","price":25,"vegan":false,"vegetarian":true,"image":"https://d25t2285lxl5rf.cloudfront.net/images/dishes/9422e3cf-1f58-41db-9aac-606beceb0623.jpg","notFood":false,"drinks":false},{"name":"\nמנת שקשוקה","description":"פיקנטית כברירת מחדל - ניתן לבחור חריפה במקום. מגיע עם חומוס, סלט ירקות, מלפפון חמוץ ","price":25,"vegan":true,"vegetarian":true,"image":"https://d25t2285lxl5rf.cloudfront.net/images/dishes/2cac8956-e1e3-4f1c-ad2d-1a57df5fbdb5.jpg","notFood":false,"drinks":false},{"name":"מנת שוואלה - טבעוני","description":"שווארמה מן הצומח\nמנה טבעונית, ללא גלוטן, עשויה מחלבון סויה וחלבון אפונה. מגיע עם חומוס, סלט ירקות, מלפפון חמוץ, טחינה, פטרוזיליה","price":33,"vegan":false,"vegetarian":false,"image":"https://d25t2285lxl5rf.cloudfront.net/images/dishes/0c95cba3-d291-4ecf-b010-a1c150a91f9a.jpg","notFood":false,"drinks":false},{"name":"מנת פלאפל קולולו","description":"מגיע עם ביצה קשה, אריסה, לימון כבוש, חומוס, סלט ירקות, מלפפון חמוץ, כרוב כבוש, טחינה ","price":28,"vegan":false,"vegetarian":true,"image":"https://d25t2285lxl5rf.cloudfront.net/images/dishes/b8d371aa-0584-4738-96ec-76c9836309ee.jpg","notFood":false,"drinks":false},{"name":"מנת מחמוסה","description":"מגיע עם חומוס, סלט ירקות, מלפפון חמוץ, טחינה, פטרוזיליה","price":33,"vegan":true,"vegetarian":true,"image":"https://d25t2285lxl5rf.cloudfront.net/images/dishes/2ab9a079-11fa-4e22-a12a-34e15e75128f.jpg","notFood":false,"drinks":false},{"name":"פיתה סלטים","description":"","price":20,"vegan":true,"vegetarian":true,"image":"","notFood":false,"drinks":false},{"name":"ארוחה בריבוע","description":"מנה שאתם אוהבים , פלאפלים , סלט אישי , חמוצים , פיתות ורימונדה טבעית.","price":52,"vegan":true,"vegetarian":true,"image":"https://d25t2285lxl5rf.cloudfront.net/images/dishes/7102b805-80f2-48fe-8530-61c24293d5c8.jpg","notFood":false,"drinks":false},{"name":"ארוחת בריאות","description":"סלט טרי, חומוס/טחינה, פיתה מחיטה מלאה, מים מינרלים/רימונדה טבעית","price":52,"vegan":true,"vegetarian":true,"image":"https://d25t2285lxl5rf.cloudfront.net/images/dishes/34aa5205-55a1-404d-891f-f85664fdeb99.jpg","notFood":false,"drinks":false},{"name":"ארוחה טבעונית\t","description":"מנה טבעונית, פלאפלים, סלט אישי, פיתות, חמוצים, רימונדה טבעית","price":56,"vegan":true,"vegetarian":true,"image":"https://d25t2285lxl5rf.cloudfront.net/images/dishes/625fe979-22af-412c-8cdc-45e5c472bc6d.jpg","notFood":false,"drinks":false},{"name":"סביח אל חיר","description":"ארוחת סביח בצלחת הכוללת סלט ישראלי מתובל, 2 ביצים קשות, פרוסות חציל מטוגן, חומוס קטן, חמוצים ופיתה מקמח לבן","price":36,"vegan":false,"vegetarian":true,"image":"https://d25t2285lxl5rf.cloudfront.net/images/dishes/2244730.jpg","notFood":false,"drinks":false},{"name":"ארוחת שקשוקה","description":"שקשוקה לבחירה, פלאפלים, סלט אישי, פרנה, חמוצים, רימונדה טבעית","price":52,"vegan":true,"vegetarian":true,"image":"https://d25t2285lxl5rf.cloudfront.net/images/dishes/b82c1b5d-f66f-441e-b4d3-b08d81059fbf.jpg","notFood":false,"drinks":false},{"name":"\nסלט ישראלי אישי","description":" מלפפון, עגבניה, בצל סגול, פטרוזיליה, שמן זית, לימון \n","price":14,"vegan":true,"vegetarian":true,"image":"https://d25t2285lxl5rf.cloudfront.net/images/dishes/2b233887-6fd9-4417-88e0-67f1200171f0.jpg","notFood":false,"drinks":false},{"name":"\nסלט ישראלי בינוני","description":" מלפפון, עגבניה, בצל סגול, פטרוזיליה, שמן זית, לימון \n","price":26,"vegan":true,"vegetarian":true,"image":"https://d25t2285lxl5rf.cloudfront.net/images/dishes/a8c5d39a-b0b7-48d8-b344-558026075fd4.jpg","notFood":false,"drinks":false},{"name":"\nסלט ישראלי גדול","description":" מלפפון, עגבניה, בצל סגול, פטרוזיליה, שמן זית, לימון \n","price":36,"vegan":true,"vegetarian":true,"image":"https://d25t2285lxl5rf.cloudfront.net/images/dishes/b2198110-6270-4545-911f-5e1ca8a2a7c8.jpg","notFood":false,"drinks":false},{"name":"\nסלט אריאלה","description":"פלחי עגבנייה בתוספת גרגירי חומוס, \nטבעות בצל סגול, טחינה, ביצה קשה, לימון ופטרוזיליה","price":42,"vegan":false,"vegetarian":true,"image":"https://d25t2285lxl5rf.cloudfront.net/images/dishes/ffd577d6-ecce-44c2-a980-ac32866e824c.jpg","notFood":false,"drinks":false},{"name":"\nסלט פטוש","description":"עגבניות, מלפפון, צנוניות, פלחי בצל סגול, עלי נענע,\nלימון טרי, שמן זית, קרעי פיתה קלויה עם זעתר,\nנגיעות טחינה גולמית","price":42,"vegan":true,"vegetarian":true,"image":"https://d25t2285lxl5rf.cloudfront.net/images/dishes/d26f406b-03d3-433c-8bb4-9fb61230baeb.jpg","notFood":false,"drinks":false},{"name":"\nסלט עגבניות וכוסברה חריף מטריף","description":"עגבניות, כרוב אדום, פלחי בצל סגול, טבעות פלפל\nירוק חריף, עלי כוסברה, רוטב לימון, שמן זית,\nנגיעות טחינה גולמית","price":42,"vegan":true,"vegetarian":true,"image":"https://d25t2285lxl5rf.cloudfront.net/images/dishes/9ac2ac25-56f5-4c47-93dd-65d50bc71aef.jpg","notFood":false,"drinks":false},{"name":"סלט שוואלה","description":"שוואלה על מצע של סלט ישראלי קצוץ מתובל בשמן זית ולימון  ונגיעות של טחינה מעל. ","price":46,"vegan":true,"vegetarian":true,"image":"","notFood":false,"drinks":false},{"name":"לאבנה","description":"לאבנה מעוטר בשמן זית וזעתר, מוגש עם פלאפלים, פיתות וחמוצים","price":40,"vegan":true,"vegetarian":true,"image":"https://d25t2285lxl5rf.cloudfront.net/images/dishes/3e27a543-5efc-4c39-bbb3-5e3ef4b1ae37.jpg","notFood":false,"drinks":false},{"name":"לאבנה חצילים","description":"לאבנה חצילים, מוגש עם פלאפלים, פיתות וחמוצים","price":42,"vegan":true,"vegetarian":true,"image":"https://d25t2285lxl5rf.cloudfront.net/images/dishes/21255de3-ad89-418f-aa6a-7a2b3013e109.jpg","notFood":false,"drinks":false},{"name":"לאבנה צנוברים","description":"לאבנה עם צנוברים , מוגש עם פלאפלים, פיתות וחמוצים","price":44,"vegan":true,"vegetarian":true,"image":"https://d25t2285lxl5rf.cloudfront.net/images/dishes/15804666-ea1d-4053-b8a6-4d53a543ce4d.jpg","notFood":false,"drinks":false},{"name":"שקשוקה אסלית","description":"שקשוקה אסלית, פלאפלים וחמוצים.","price":39,"vegan":true,"vegetarian":true,"image":"https://d25t2285lxl5rf.cloudfront.net/images/dishes/8ce3f453-3434-496b-94c5-0561127fa71e.jpg","notFood":false,"drinks":false},{"name":"שקשוקה חצילים","description":"שקשוקה בתוספת חצילים מטוגנים מוגשת עם , פלאפלים וחמוצים.","price":41,"vegan":true,"vegetarian":true,"image":"https://d25t2285lxl5rf.cloudfront.net/images/dishes/d6824b7a-fda0-4fcb-9e54-70ffe7984a3d.jpg","notFood":false,"drinks":false},{"name":"שקשוקה פטה","description":"שקשוקה בתוספת גבינת פטה מוגשת עם  פלאפלים וחמוצים.","price":41,"vegan":false,"vegetarian":true,"image":"https://d25t2285lxl5rf.cloudfront.net/images/dishes/cc3a939e-c5ce-4ee6-b8f5-2e7ba8130e50.jpg","notFood":false,"drinks":false},{"name":"שקשוקה חריפה (לאמיצים)","description":"שקשוקה חריפה פלאפלים וחמוצים.","price":39,"vegan":true,"vegetarian":true,"image":"https://d25t2285lxl5rf.cloudfront.net/images/dishes/46ed81c9-64b1-4094-9183-a1b9fc577f90.jpg","notFood":false,"drinks":false},{"name":"צ'יפס","description":"","price":15,"vegan":true,"vegetarian":true,"image":"https://d25t2285lxl5rf.cloudfront.net/images/dishes/3379cda5-e3cd-48db-b17f-6e9c385c7505.jpg","notFood":false,"drinks":false},{"name":"רבע קילו חומוס טרי","description":"","price":18,"vegan":true,"vegetarian":true,"image":"https://d25t2285lxl5rf.cloudfront.net/images/dishes/b9345fa5-b112-4314-b129-bb2766908a62.jpg","notFood":false,"drinks":false},{"name":"חצי קילו חומוס טרי","description":"","price":32,"vegan":true,"vegetarian":true,"image":"https://d25t2285lxl5rf.cloudfront.net/images/dishes/db823908-6c0e-42fa-9f00-0158b5fb0e33.jpg","notFood":false,"drinks":false},{"name":"רבע קילו טחינה\t","description":"","price":18,"vegan":true,"vegetarian":true,"image":"https://d25t2285lxl5rf.cloudfront.net/images/dishes/ec5fd73e-a27e-4ed0-956b-69c01214b6cc.jpg","notFood":false,"drinks":false},{"name":"חצי קילו טחינה\t","description":"","price":32,"vegan":true,"vegetarian":true,"image":"https://d25t2285lxl5rf.cloudfront.net/images/dishes/463d0820-f2b2-4c05-abd9-2a4998316c75.jpg","notFood":false,"drinks":false},{"name":"סחוג אדום 120 גרם","description":"120 גרם'","price":14,"vegan":true,"vegetarian":true,"image":"https://d25t2285lxl5rf.cloudfront.net/images/dishes/a39c59e5-bdfd-436b-9d24-020b9e6e13d5.jpg","notFood":false,"drinks":false},{"name":"5 קציצות פלאפל","description":"","price":8.5,"vegan":true,"vegetarian":true,"image":"https://d25t2285lxl5rf.cloudfront.net/images/dishes/3f4f69a3-eb3e-4790-b02e-9dfa52703f93.jpg","notFood":false,"drinks":false},{"name":"חמישיית פיתות קמח לבן","description":"","price":13,"vegan":true,"vegetarian":true,"image":"https://d25t2285lxl5rf.cloudfront.net/images/dishes/272e3847-b674-49c3-842f-d0128e5bfbf5.jpg","notFood":false,"drinks":false},{"name":"חמישיית פיתות חיטה מלאה","description":"","price":17,"vegan":true,"vegetarian":true,"image":"https://d25t2285lxl5rf.cloudfront.net/images/dishes/27a70976-2666-40da-9036-0163ee400d77.jpg","notFood":false,"drinks":false},{"name":"פרנה שאור של 'לחמא'","description":"","price":7,"vegan":true,"vegetarian":true,"image":"https://d25t2285lxl5rf.cloudfront.net/images/dishes/ee6d7683-9534-4b67-b350-3a3fcaabb60a.jpg","notFood":false,"drinks":false},{"name":"זית סורי מבוקע","description":"זית סורי מבוקע 370 מ\"ל","price":16,"vegan":true,"vegetarian":true,"image":"https://d25t2285lxl5rf.cloudfront.net/images/dishes/7fbef556-f853-4c51-bfa0-c48655937f7d.jpg","notFood":false,"drinks":false},{"name":"טחינה גולמית","description":"טחינה גולמית 540 גרם של יד ברכה","price":26,"vegan":true,"vegetarian":true,"image":"https://d25t2285lxl5rf.cloudfront.net/images/dishes/0a36a2a6-78b7-4999-8c91-43e147c6a04d.jpg","notFood":false,"drinks":false},{"name":"שמן זית כתית מעולה","description":"שמן זית 750 מ\"ל","price":42,"vegan":true,"vegetarian":true,"image":"https://d25t2285lxl5rf.cloudfront.net/images/dishes/de1bb8b4-508a-463e-931e-053c234b7caa.jpg","notFood":false,"drinks":false},{"name":"חומוס טחינה גרגירים","description":"חומוס, טחינה, פטרוזיליה, שמן זית, פפריקה וגרגירי חומוס. מוגש עם פלאפלים, חמוצים פיתות ורוטב שום / לימון","price":37,"vegan":true,"vegetarian":true,"image":"https://d25t2285lxl5rf.cloudfront.net/images/dishes/6fd0fa86-8372-467f-8972-7d47121acd41.jpg","notFood":false,"drinks":false},{"name":"חומוס פול","description":"חומוס, פול, פטרוזיליה, שמן זית, פפריקה וגרגירי חומוס. מוגש עם פלאפלים, חמוצים פיתות ורוטב שום / לימון","price":39,"vegan":true,"vegetarian":true,"image":"https://d25t2285lxl5rf.cloudfront.net/images/dishes/b0ef6050-5990-4d67-a8f3-e4ee9c7dc6ab.jpg","notFood":false,"drinks":false},{"name":"חומוס חצילים","description":"חומוס, חציל מטוגן, פטרוזיליה, טחינה, שמן זית, לימון ופפריקהץ מוגש עם פלאפלים, חמוצים, פיתות ורוטב שום / לימון","price":39,"vegan":true,"vegetarian":true,"image":"https://d25t2285lxl5rf.cloudfront.net/images/dishes/7dfd0aa7-4366-4575-9a6d-afab6622dfb5.jpg","notFood":false,"drinks":false},{"name":"חומוס פטריות","description":"חומוס, פטריות טריות, פטרוזיליה, טחינה ופפריקה.","price":44,"vegan":true,"vegetarian":true,"image":"https://d25t2285lxl5rf.cloudfront.net/images/dishes/4036e4fa-ee9d-4bfc-af2a-3ba78daa85c9.jpg","notFood":false,"drinks":false},{"name":"חומוס צנוברים","description":"חומוס, צנוברים, פטרוזיליה, שמן זית ופפריקה. מוגש עם פלאפלים, חמוצים, פיתות ורוטב שום / לימון","price":44,"vegan":true,"vegetarian":true,"image":"https://d25t2285lxl5rf.cloudfront.net/images/dishes/dae30e07-0828-4465-9611-1e7e879cbfd1.jpg","notFood":false,"drinks":false},{"name":"חומוס שקשוקה","description":"חומוס, שקשוקה, פטרוזיליה, שמן זית ופפריקה. מוגש עם פלאפלים, חמוצים, פיתות ורוטב שום / לימון","price":44,"vegan":true,"vegetarian":true,"image":"https://d25t2285lxl5rf.cloudfront.net/images/dishes/0b3e5dd6-bbc8-4f8a-9334-6ae007bed2b7.jpg","notFood":false,"drinks":false},{"name":"חומוס משולש","description":"חומוס, פול, פטרוזיליה, שמן זית, פפריקה וגרגירי חומוס. מוגש עם פלאפלים, חמוצים פיתות ורוטב שום / לימון\t","price":39,"vegan":true,"vegetarian":true,"image":"https://d25t2285lxl5rf.cloudfront.net/images/dishes/1e8d3195-4b4b-48eb-a967-7c6a10f0cae0.jpg","notFood":false,"drinks":false},{"name":"מסבחה","description":"גרגירי חומוס חמים מעורבבים עם טחינה חמה, פטרוזיליה, שמן זית, פפריקה וגרגירי חומוס. מוגש עם פלאפלים, חמוצים פיתות ורוטב שום / לימון\t","price":39,"vegan":true,"vegetarian":true,"image":"https://d25t2285lxl5rf.cloudfront.net/images/dishes/d7b4eb06-7850-4f0f-bec5-a951f5e46d26.jpg","notFood":false,"drinks":false},{"name":"חומוס כרובית","description":"פרחי כרובית מטוגנים מעורבבים עם טחינה חמה, פטרוזיליה, שמן זית, פפריקה וגרגירי חומוס. מוגש עם פלאפלים, חמוצים פיתות ורוטב שום / לימון\t","price":44,"vegan":true,"vegetarian":true,"image":"https://d25t2285lxl5rf.cloudfront.net/images/dishes/6b18870a-f514-43e7-af88-a9aef2fb939d.jpg","notFood":false,"drinks":false},{"name":"חומוס שוואלה","description":"שווארמה מן הצומח. מוגש עם פלאפלים, חמוצים, פיתות ורוטב שום / לימון","price":46,"vegan":false,"vegetarian":false,"image":"https://d25t2285lxl5rf.cloudfront.net/images/dishes/930df6d3-1c81-4e35-9783-0c777e786436.jpg","notFood":false,"drinks":false},{"name":"חומוס מחמוסה","description":"טחון מן הצומח, מוגש עם פלאפלים, חמוצים, פיתות ורוטב שום / לימון","price":46,"vegan":true,"vegetarian":true,"image":"https://d25t2285lxl5rf.cloudfront.net/images/dishes/f618bcf3-b73a-4557-b9f8-5370e4b0350d.jpg","notFood":false,"drinks":false},{"name":"מרק שעועית","description":"","price":29,"vegan":true,"vegetarian":true,"image":"https://d25t2285lxl5rf.cloudfront.net/images/dishes/2199684.jpg","notFood":false,"drinks":false},{"name":"מרק עדשים","description":"","price":29,"vegan":true,"vegetarian":true,"image":"https://d25t2285lxl5rf.cloudfront.net/images/dishes/2199685.jpg","notFood":false,"drinks":false},{"name":"מלבי אגדה","description":"סירופ ורדים ושברי פיסטוקים","price":15,"vegan":true,"vegetarian":true,"image":"https://d25t2285lxl5rf.cloudfront.net/images/dishes/e8602320-c602-4ec9-9efe-0b75a3567dba.jpg","notFood":false,"drinks":false},{"name":"רימונדה","description":"","price":10,"vegan":true,"vegetarian":true,"image":"https://d25t2285lxl5rf.cloudfront.net/images/dishes/97f1d8fc-e334-4d23-9def-6c662c631468.jpg","notFood":false,"drinks":false},{"name":"מים מינרליים אישי\t","description":"","price":8,"vegan":true,"vegetarian":true,"image":"","notFood":false,"drinks":true},{"name":"קינלי סודה\t","description":"","price":8,"vegan":true,"vegetarian":true,"image":"","notFood":false,"drinks":true},{"name":"פריגת ענבים","description":"","price":10,"vegan":true,"vegetarian":true,"image":"","notFood":false,"drinks":true},{"name":"פריגת אשכוליות","description":"","price":10,"vegan":true,"vegetarian":true,"image":"","notFood":false,"drinks":false},{"name":"פריגת תפוזים","description":"","price":10,"vegan":true,"vegetarian":true,"image":"","notFood":false,"drinks":false},{"name":"קולה","description":"","price":11,"vegan":true,"vegetarian":true,"image":"","notFood":false,"drinks":true},{"name":"קולה זירו\t","description":"","price":11,"vegan":true,"vegetarian":true,"image":"","notFood":false,"drinks":true},{"name":"ספרייט","description":"","price":11,"vegan":true,"vegetarian":true,"image":"","notFood":false,"drinks":true},{"name":"פאנטה","description":"","price":11,"vegan":true,"vegetarian":true,"image":"","notFood":false,"drinks":false},{"name":"פיוזטי אפרסק\t","description":"","price":11,"vegan":true,"vegetarian":true,"image":"","notFood":false,"drinks":false},{"name":"בירה שחורה מאלטי\t","description":"","price":12,"vegan":true,"vegetarian":true,"image":"","notFood":false,"drinks":true},{"name":"מים בטעם תפוח","description":"","price":11,"vegan":true,"vegetarian":true,"image":"","notFood":false,"drinks":false},{"name":"מים בטעם ענבים","description":"","price":11,"vegan":true,"vegetarian":true,"image":"","notFood":false,"drinks":true},{"name":"מים בטעם אפרסק","description":"","price":11,"vegan":true,"vegetarian":true,"image":"","notFood":false,"drinks":false}]}