{"track_id":"13366","filters":["pizza","pasta","salads"],"image":"https://tenbis-static.azureedge.net/restaurant-card-image/ResCard_13366_20220120124554.jpg","address":"מעלה כמון, 5 כרמיאל","location":[35.3261428,32.9279876],"name":"פיצה האט","city":"כרמיאל","priceAverage":39.44888888888895,"menu":[{"name":"פיצה פאן אישית מבצק עבה","price":27.9,"vegan":false,"vegetarian":true,"image":"https://d25t2285lxl5rf.cloudfront.net/images/dishes/9394dbaa-2621-4f02-b710-405f5fa04401.jpg","notFood":false,"drinks":false},{"name":"פיצה פאן משפחתית מבצק עבה","price":69.9,"vegan":false,"vegetarian":true,"image":"https://d25t2285lxl5rf.cloudfront.net/images/dishes/2ec4f465-14df-4ee9-8677-837b0c5d78e2.jpg","notFood":false,"drinks":false},{"name":"פיצה פאן ענקית מבצק עבה","price":79.9,"vegan":false,"vegetarian":true,"image":"https://d25t2285lxl5rf.cloudfront.net/images/dishes/0a0657bc-a382-4dd6-a580-fb978b3b6510.jpg","notFood":false,"drinks":false},{"name":"פיצה משפחתית ללא גלוטן","description":"פיצה מרובעת ללא גלוטן ","price":74.9,"vegan":false,"vegetarian":true,"image":"https://d25t2285lxl5rf.cloudfront.net/images/dishes/024b91fc-5129-40a2-a0a9-004fdccab6b5.jpg","notFood":false,"drinks":false},{"name":"צ'יזי קראסט","description":"פיצה משפחתית מבצק דק עם מילוי גבינה בשוליים","price":79.9,"vegan":false,"vegetarian":true,"image":"https://d25t2285lxl5rf.cloudfront.net/images/dishes/19a6a2c3-90ea-4134-9764-c6d85b88d5ef.jpg","notFood":false,"drinks":false},{"name":"קראון פיצה","description":"פיצה מלכותית מעוטרת ב12 כדורי שמנת משובחת!","price":79.9,"vegan":false,"vegetarian":true,"image":"https://d25t2285lxl5rf.cloudfront.net/images/dishes/a9af3b88-dbfb-4608-ae3b-5feb9aeb2159.jpg","notFood":false,"drinks":false},{"name":"ציזי בייט","price":79.9,"vegan":true,"vegetarian":true,"image":"https://d25t2285lxl5rf.cloudfront.net/images/dishes/b965e277-29cb-486d-a001-471e18d4e0a7.jpg","notFood":false,"drinks":false},{"name":"פיצה לבנה","description":"פיצה מבצק דק עם שמנת כמהין, מוצרלה, פטריות טריות ואננס\t","price":79.9,"vegan":false,"vegetarian":true,"image":"https://d25t2285lxl5rf.cloudfront.net/images/dishes/e2c682c7-03fd-4411-8ee7-92118dae6da8.jpg","notFood":false,"drinks":false},{"name":"פיצה שמנת רוזה","description":"פיצה משפחתית דקה עם רוטב רוזה בתוספת בצל סגול ועגבניות שרי צבעוניות.","price":79.9,"vegan":false,"vegetarian":true,"image":"https://d25t2285lxl5rf.cloudfront.net/images/dishes/64813d63-871a-406c-9c4e-92ff10caae49.jpg","notFood":false,"drinks":false},{"name":"פיצה ללא גלוטן שמנת רוזה","description":"פיצה משפחתית מבצק ללא גלוטן עם רוטב שמנת עגבניות, מוצרלה, עגבניות שרי צבעוניות ובצל סגול","price":79.9,"vegan":false,"vegetarian":true,"notFood":false,"drinks":false},{"name":"פיצה לבנה ללא גלוטן","description":"פיצה משפחתית מבצק ללא גלוטן עם אננס ופטריות","price":79.9,"vegan":false,"vegetarian":true,"notFood":false,"drinks":false},{"name":"פיצה פרסקה","description":" פיצה מבצק דק עם גבינת שמנת שום, מוצרלה ומוצרלה פרסקה.","price":79.9,"vegan":false,"vegetarian":true,"notFood":false,"drinks":false},{"name":"פיצה אישית דקה","price":27.9,"vegan":false,"vegetarian":true,"image":"https://d25t2285lxl5rf.cloudfront.net/images/dishes/a7ec67b3-c6b1-4112-88e9-5d17d0bf32b7.jpg","notFood":false,"drinks":false},{"name":"פיצה משפחתית דקה","price":69.9,"vegan":false,"vegetarian":true,"image":"https://d25t2285lxl5rf.cloudfront.net/images/dishes/01d5a7e8-28fc-493f-8874-5dca7a35642a.jpg","notFood":false,"drinks":false},{"name":"פיצה ענקית דקה","price":79.9,"vegan":false,"vegetarian":true,"image":"https://d25t2285lxl5rf.cloudfront.net/images/dishes/a40111f3-d705-47c4-8038-5e5faadabfa5.jpg","notFood":false,"drinks":false},{"name":"טבעונית ללא גלוטן","price":74.9,"vegan":true,"vegetarian":true,"image":"https://d25t2285lxl5rf.cloudfront.net/images/dishes/a3a9b4db-3e65-49d3-8c0b-0563efebe9c2.jpg","notFood":false,"drinks":false},{"name":"טבעונית מבצק דק","price":69.9,"vegan":true,"vegetarian":true,"image":"https://d25t2285lxl5rf.cloudfront.net/images/dishes/aa9429b2-179d-449a-934b-56ba7961a98f.jpg","notFood":false,"drinks":false},{"name":"טבעונית מבצע עבה","price":69.9,"vegan":true,"vegetarian":true,"image":"https://d25t2285lxl5rf.cloudfront.net/images/dishes/35e13d53-9bc1-4442-ba5b-a0fc14db6601.jpg","notFood":false,"drinks":false},{"name":"פיצה כפרית - משפחתית דקה","description":"זיתים ירוקים, תירס ופטריות","price":79.9,"vegan":false,"vegetarian":true,"image":"https://d25t2285lxl5rf.cloudfront.net/images/dishes/efa93d6b-79db-4bc1-aa62-91ce733cac85.jpg","notFood":false,"drinks":false},{"name":"פיצה כפרית - משפחתית עבה","description":" זיתים ירוקים, תירס ופטריות","price":79.9,"vegan":false,"vegetarian":true,"image":"https://d25t2285lxl5rf.cloudfront.net/images/dishes/aa864aea-5aeb-47f6-8948-b4dc01cfde40.jpg","notFood":false,"drinks":false},{"name":"פיצה כפרית - ענקית דקה","description":" זיתים ירוקים, תירס ופטריות","price":89.9,"vegan":false,"vegetarian":true,"image":"https://d25t2285lxl5rf.cloudfront.net/images/dishes/142786d8-1850-45a7-81e6-6d2fc958e5ba.jpg","notFood":false,"drinks":false},{"name":"פיצה כפרית - ענקית עבה","description":" זיתים ירוקים, תירס ופטריות","price":89.9,"vegan":false,"vegetarian":true,"image":"https://d25t2285lxl5rf.cloudfront.net/images/dishes/4e0eb3e7-151f-4e5c-96db-cb3ca768b7f4.jpg","notFood":false,"drinks":false},{"name":"פיצה יוונית - משפחתית דקה","description":"עגבניות, פטה וזיתים שחורים","price":79.9,"vegan":false,"vegetarian":true,"image":"https://d25t2285lxl5rf.cloudfront.net/images/dishes/962f4d83-d2b9-473c-8f7a-ca2eb96ba982.jpg","notFood":false,"drinks":false},{"name":"פיצה יוונית - משפחתית עבה","description":"עגבניות, פטה וזיתים שחורים","price":79.9,"vegan":false,"vegetarian":true,"image":"https://d25t2285lxl5rf.cloudfront.net/images/dishes/a11976b6-426f-48c6-a5cf-556b8bcf4c90.jpg","notFood":false,"drinks":false},{"name":"פיצה יוונית - ענקית דקה","description":"עגבניות, פטה וזיתים שחורים","price":89.9,"vegan":false,"vegetarian":true,"image":"https://d25t2285lxl5rf.cloudfront.net/images/dishes/2e956d27-735d-4ef2-b544-bb5aba4e95dd.jpg","notFood":false,"drinks":false},{"name":"פיצה יוונית - ענקית עבה","description":"עגבניות, פטה וזיתים שחורים","price":89.9,"vegan":false,"vegetarian":true,"image":"https://d25t2285lxl5rf.cloudfront.net/images/dishes/ac771966-5dab-4a8e-b6b9-edd3ee0fd237.jpg","notFood":false,"drinks":false},{"name":"פיצה חלפיניה - משפחתית דקה","description":"עגבניות פטה וחלפיניו","price":79.9,"vegan":false,"vegetarian":true,"image":"https://d25t2285lxl5rf.cloudfront.net/images/dishes/67f4cc76-4192-4497-8f8f-3e56729d857f.png","notFood":false,"drinks":false},{"name":"פיצה חלפיניה - משפחתית עבה","description":"עגבניות פטה וחלפיניו","price":79.9,"vegan":false,"vegetarian":true,"image":"https://d25t2285lxl5rf.cloudfront.net/images/dishes/4da86302-a99f-48fb-a078-40ac15c465cd.png","notFood":false,"drinks":false},{"name":"פיצה חלפיניה - ענקית דקה","description":"עגבניות פטה וחלפיניו","price":89.9,"vegan":false,"vegetarian":true,"image":"https://d25t2285lxl5rf.cloudfront.net/images/dishes/f14eb3b2-afdc-4759-b20a-bfc962be8ea9.png","notFood":false,"drinks":false},{"name":"פיצה חלפיניה - ענקית עבה","description":"עגבניות פטה וחלפיניו","price":89.9,"vegan":false,"vegetarian":true,"image":"https://d25t2285lxl5rf.cloudfront.net/images/dishes/e8e2f1c6-84ba-4928-a347-f5c8eb4a277d.png","notFood":false,"drinks":false},{"name":"פסטה פנה ברוטב עגבניות","price":36.9,"vegan":true,"vegetarian":true,"image":"https://d25t2285lxl5rf.cloudfront.net/images/dishes/7e26554a-b138-4b6b-8e0e-75fa78532664.jpg","notFood":false,"drinks":false},{"name":"פסטה פנה ברוטב שמנת","price":36.9,"vegan":false,"vegetarian":true,"image":"https://d25t2285lxl5rf.cloudfront.net/images/dishes/aba00c1c-f6c1-4d70-a1b2-1fa3a970c202.jpg","notFood":false,"drinks":false},{"name":"פסטה פנה ברוטב שמנת פטריות","price":36.9,"vegan":false,"vegetarian":true,"image":"https://d25t2285lxl5rf.cloudfront.net/images/dishes/ed37b58b-7c41-4f81-9a05-629a4b6dcd5a.jpg","notFood":false,"drinks":false},{"name":"פסטה פנה ברוטב רוזה","price":36.9,"vegan":true,"vegetarian":true,"image":"https://d25t2285lxl5rf.cloudfront.net/images/dishes/bd271761-641d-4654-95a6-7f003001d489.jpg","notFood":false,"drinks":false},{"name":"קיש בטטה","price":34.9,"vegan":true,"vegetarian":true,"image":"https://d25t2285lxl5rf.cloudfront.net/images/dishes/aa89acb5-bf63-4e09-9072-95fc6f383b86.jpg","notFood":false,"drinks":false},{"name":"קיש פטריות","price":34.9,"vegan":true,"vegetarian":true,"image":"https://d25t2285lxl5rf.cloudfront.net/images/dishes/965e764a-9840-40ce-bc7d-ad8197e2f0f8.jpg","notFood":false,"drinks":false},{"name":"סלט בהרכבה אישית - גדול","description":"ניתן לבחור את המרכיבים לסלט. מגיע עם רוטב שום / אלף האיים בצד.","price":39.9,"vegan":true,"vegetarian":true,"image":"https://d25t2285lxl5rf.cloudfront.net/images/dishes/c3c38c47-834a-4824-a20f-da666a4442b9.jpg","notFood":false,"drinks":false},{"name":"סלט יווני","description":"מגיע עם רוטב שום / אלף האיים בצד.\nמלפפון, עגבנייה, פלפל אדום, פלפל צהוב, זיתים שחורים, עגבניות שרי, בצל סגול, גבינת פטה ","price":39.9,"vegan":false,"vegetarian":true,"image":"https://d25t2285lxl5rf.cloudfront.net/images/dishes/2effead5-94f2-4d41-9daa-15e12a2c5cfc.jpg","notFood":false,"drinks":false},{"name":"סלט ירושלמי","description":"בורגול, בצל, עגבנייה, מלפפון, חציל, תפוח אדמה וטונה.","price":39.9,"vegan":false,"vegetarian":false,"notFood":false,"drinks":false},{"name":"לחם שום אישי","description":"לחם שום ביתי עם חמאת שום, מתובל באורגנו","price":24.9,"vegan":false,"vegetarian":true,"image":"https://d25t2285lxl5rf.cloudfront.net/images/dishes/5b2de34d-db96-4c15-8429-e02d88d6f518.jpg","notFood":false,"drinks":false},{"name":"לחם שום פטה אישי","description":"לחם שום עם גבינת פטה מתובל בזעתר ושומשום","price":27.9,"vegan":false,"vegetarian":true,"image":"https://d25t2285lxl5rf.cloudfront.net/images/dishes/42d44115-4570-48f6-974e-01c74cfba184.jpg","notFood":false,"drinks":false},{"name":"לחם שום פטה משפחתי","description":"לחם שום עם גבינת פטה מתובל בזעתר ושומשום","price":37.9,"vegan":false,"vegetarian":true,"image":"https://d25t2285lxl5rf.cloudfront.net/images/dishes/b86c3ca2-286d-4985-bcda-b63a9301c9fe.jpg","notFood":false,"drinks":false},{"name":"לחם שום משפחתי","description":"לחם שום ביתי עם חמאת שום, מתובל באורגנו","price":34.9,"vegan":false,"vegetarian":true,"image":"https://d25t2285lxl5rf.cloudfront.net/images/dishes/3276b1af-6073-4594-adcc-bbe88fa867de.jpg","notFood":false,"drinks":false},{"name":"זיווה","description":"מוצרלה,פטה שומשום וקצח","price":24.9,"vegan":false,"vegetarian":true,"image":"https://d25t2285lxl5rf.cloudfront.net/images/dishes/ad6c27dc-d019-4c79-8cf1-d96574d6bd2f.jpg","notFood":false,"drinks":false},{"name":"טבעות בצל אפויות","description":"8 טבעות","price":19.9,"vegan":true,"vegetarian":true,"image":"https://d25t2285lxl5rf.cloudfront.net/images/dishes/c8b224d0-5273-4389-8331-3590f0cba0be.jpg","notFood":false,"drinks":false},{"name":"נגיסי תירס","description":"חטיפי תירס אפויים","price":19.9,"vegan":true,"vegetarian":true,"image":"https://d25t2285lxl5rf.cloudfront.net/images/dishes/1dea6b6d-8740-438e-b129-d139eaf9c30c.jpg","notFood":false,"drinks":false},{"name":"פוקצ'ה מוצרלה עגבניות","price":21.9,"vegan":false,"vegetarian":true,"image":"https://d25t2285lxl5rf.cloudfront.net/images/dishes/42c9e345-ee9f-4fcf-a766-b28ab5591032.jpg","notFood":false,"drinks":false},{"name":"פוקצ'ה גבינת פטה וחצילים","price":21.9,"vegan":false,"vegetarian":true,"image":"https://d25t2285lxl5rf.cloudfront.net/images/dishes/d82bcdf2-983c-4cdc-92df-1bd0c6c320f9.jpg","notFood":false,"drinks":false},{"name":"מקלות שום מוצרלה","price":27.9,"vegan":false,"vegetarian":true,"notFood":false,"drinks":false},{"name":"פוטטוס","price":29.9,"vegan":true,"vegetarian":true,"notFood":false,"drinks":false},{"name":"פוטטוס בצילי מתוק","price":29.9,"vegan":true,"vegetarian":true,"notFood":false,"drinks":false},{"name":"בלינצ'ס גבינה","price":19.9,"vegan":false,"vegetarian":true,"image":"https://d25t2285lxl5rf.cloudfront.net/images/dishes/316f436c-4b53-40f3-a2f6-d97f70855cd1.jpg","notFood":false,"drinks":false},{"name":"בן אנג'ריס אישי קרם עוגיות","description":"הגלידה המופרסמת של בן אנג'ריס בגודל אישי  ","price":9.9,"vegan":true,"vegetarian":true,"image":"https://d25t2285lxl5rf.cloudfront.net/images/dishes/08c7c424-fad0-42f5-b030-16e688f16c52.jpg","notFood":false,"drinks":false},{"name":"מקלות שוקולד בגודל אישי","description":"* מידע לאלרגנים- מכיל אגוז לוז,שקד וקוקוס *","price":21.9,"vegan":false,"vegetarian":true,"image":"https://d25t2285lxl5rf.cloudfront.net/images/dishes/527dc75c-8ffc-4c30-8c0c-63b347ddf1f2.jpg","notFood":false,"drinks":false},{"name":"מקלות שוקולד בגודל משפחתי","description":"* מידע לאלרגנים- מכיל אגוז לוז,שקד וקוקוס *","price":31.9,"vegan":false,"vegetarian":true,"image":"https://d25t2285lxl5rf.cloudfront.net/images/dishes/f57aec77-7cf8-4062-ba9c-0993c75faba6.jpg","notFood":false,"drinks":false},{"name":"וופל בלגי","description":"3 יחידות וופל בלגי אישיות בתוספת קעריות רוטב שוקולד ומייפל","price":24.9,"vegan":false,"vegetarian":true,"image":"https://d25t2285lxl5rf.cloudfront.net/images/dishes/64bfdd27-07fa-41d9-8c06-a2fa4ffc74d1.jpg","notFood":false,"drinks":false},{"name":"זיווה שוקולד","price":24.9,"vegan":false,"vegetarian":true,"image":"https://d25t2285lxl5rf.cloudfront.net/images/dishes/2768613.jpg","notFood":false,"drinks":false},{"name":"פיינט קרם עוגיות- משפחתית","price":28,"vegan":true,"vegetarian":true,"notFood":false,"drinks":false},{"name":"פיינט וניל- משפחתית","price":28,"vegan":true,"vegetarian":true,"notFood":false,"drinks":false},{"name":"פיינט שוקולד בראוניס- משפחתית","price":28,"vegan":false,"vegetarian":true,"notFood":false,"drinks":false},{"name":"גלידת בן אנד ג'ריס פיינט - וניל","description":"500 מ\"ל בטעם וניל","price":28,"vegan":true,"vegetarian":true,"notFood":false,"drinks":false},{"name":"שלישיית מיסטר דונאטס","description":"שלישיית דונאטס בתוספת קליק, אוראו ולוטוס","price":25.9,"vegan":true,"vegetarian":true,"notFood":false,"drinks":false},{"name":"שלישיית קאפקייקס","price":29.9,"vegan":true,"vegetarian":true,"notFood":false,"drinks":false},{"name":"רוטב  פיצה","description":"רוטב פיצה","price":1.5,"vegan":false,"vegetarian":true,"image":"https://d25t2285lxl5rf.cloudfront.net/images/dishes/31f5fe1a-d1cc-4b33-b1b9-ab35cb750a27.jpg","notFood":false,"drinks":false},{"name":"רוטב שום","description":"רוטב שום","price":1.5,"vegan":true,"vegetarian":true,"image":"https://d25t2285lxl5rf.cloudfront.net/images/dishes/4995da11-69b5-4a56-abc3-4c60cb1fc44d.png","notFood":false,"drinks":false},{"name":"רוטב אלף האיים","description":"רוטב אלף האיים","price":1.5,"vegan":true,"vegetarian":true,"image":"https://d25t2285lxl5rf.cloudfront.net/images/dishes/4d942900-6d55-4bc1-b7b2-343932dff5d4.png","notFood":false,"drinks":false},{"name":"בקבוק נביעות 0.5 ליטר","price":8,"vegan":true,"vegetarian":true,"notFood":false,"drinks":true},{"name":"פחית קוקה-קולה","price":9.9,"vegan":true,"vegetarian":true,"notFood":false,"drinks":true},{"name":"פחית קוקה-קולה זירו","price":9.9,"vegan":true,"vegetarian":true,"notFood":false,"drinks":true},{"name":"פחית דיאט קוקה-קולה","price":9.9,"vegan":true,"vegetarian":true,"notFood":false,"drinks":true},{"name":"פחית ספרייט","price":9.9,"vegan":true,"vegetarian":true,"notFood":false,"drinks":true},{"name":"פחית ספרייט זירו","price":9.9,"vegan":true,"vegetarian":true,"notFood":false,"drinks":true},{"name":"פחית פאנטה תפוזים","price":9.9,"vegan":true,"vegetarian":true,"notFood":false,"drinks":false},{"name":"קינלי סודה","price":9.9,"vegan":true,"vegetarian":true,"notFood":false,"drinks":true},{"name":"בקבוק פריגת תפוזים 0.5 ליטר","price":9.9,"vegan":true,"vegetarian":true,"notFood":false,"drinks":true},{"name":"בקבוק פריגת ענבים 0.5 ליטר","price":9.9,"vegan":true,"vegetarian":true,"notFood":false,"drinks":true},{"name":"נביעות בטעם ענבים עדין 0.5 ליטר","price":9.9,"vegan":true,"vegetarian":true,"notFood":false,"drinks":true},{"name":"פיוז טי","price":9.9,"vegan":true,"vegetarian":true,"notFood":false,"drinks":false},{"name":"נביעות בטעם תפוח עדין 0.5 ליטר","price":9.9,"vegan":true,"vegetarian":true,"notFood":false,"drinks":false},{"name":"מים בטעם אפרסק","price":9.9,"vegan":true,"vegetarian":true,"notFood":false,"drinks":false},{"name":"בקבוק קוקה-קולה 1.5 ליטר","price":14.9,"vegan":true,"vegetarian":true,"notFood":false,"drinks":true},{"name":"בקבוק דיאט קוקה-קולה 1.5 ליטר","price":14.9,"vegan":true,"vegetarian":true,"notFood":false,"drinks":true},{"name":"בקבוק פאנטה תפוזים 1.5 ליטר","price":14.9,"vegan":true,"vegetarian":true,"notFood":false,"drinks":true},{"name":"בקבוק ספרייט 1.5 ליטר","price":14.9,"vegan":true,"vegetarian":true,"notFood":false,"drinks":true},{"name":"בקבוק ספרייט זירו 1.5 ליטר","price":14.9,"vegan":true,"vegetarian":true,"notFood":false,"drinks":true},{"name":"בקבוק פריגת ענבים 1.5 ליטר","price":14.9,"vegan":true,"vegetarian":true,"notFood":false,"drinks":true},{"name":"בקבוק פריגת תפוזים 1.5 ליטר","price":14.9,"vegan":true,"vegetarian":true,"notFood":false,"drinks":true},{"name":"בקבוק קוקה קולה זירו 1.5","price":14.9,"vegan":true,"vegetarian":true,"notFood":false,"drinks":true},{"name":"פיוזטי ליטר וחצי\n","price":14.9,"vegan":true,"vegetarian":true,"notFood":false,"drinks":false},{"name":"בקבוק נביעות 1.5 ליטר","price":12,"vegan":true,"vegetarian":true,"notFood":false,"drinks":true}]}