{"track_id":"13647","filters":["patisserie"],"image":"https://tenbis-static.azureedge.net/restaurant-card-image/ResCard_13647_20191211121904.jpg","address":"בן ציון גליס, 40 פתח תקווה","location":[34.8900693,32.1066067],"name":"קיורטוש ","city":"פתח תקוה - בקעת אונו","priceAverage":64.69607843137256,"menu":[{"name":"כל המוצרים הם בחזקת חלבי","vegan":false,"vegetarian":true,"image":"https://d25t2285lxl5rf.cloudfront.net/images/dishes/29baa95b-2e87-45b1-9f44-549548077a19.jpg","notFood":false,"drinks":false},{"name":"קיורטוש גלידה","description":"2 קיורטושים שלמים לבחירה, קופסת גלידת בן אנד ג'ריס 500 מ\"ל לבחירה, בקבוק קצפת לחיץ ושבריורוטב לבחירה . מתאים ל-6-8 מנות.\nהוראות הכנה: יש לחתוך את הקיורטושים לטבעות, עם סכין משונן ולמלא בגלידה/ קצפת/ מקופלת.\n*מומלץ לקשט למעלה עם פירות העונה","price":128,"vegan":true,"vegetarian":true,"image":"https://d25t2285lxl5rf.cloudfront.net/images/dishes/1839679.jpg","notFood":false,"drinks":true},{"name":"מיני ופל בלגי (פרווה)","price":7,"vegan":true,"vegetarian":true,"image":"https://d25t2285lxl5rf.cloudfront.net/images/dishes/223101ac-850b-4463-8b39-61b8d12b13dd.jpg","notFood":false,"drinks":false},{"name":"10 יחידות מיני ופל בלגי+גלידה בן אנד ג'ריס+בקבוק קצפת (פרווה)","price":99,"vegan":true,"vegetarian":true,"image":"https://d25t2285lxl5rf.cloudfront.net/images/dishes/96a6b9c7-c649-4717-9bf4-5db14f094d3a.jpg","notFood":false,"drinks":true},{"name":"מארז 10 יחידות וופל בלגי (פרווה)","price":65,"vegan":true,"vegetarian":true,"notFood":false,"drinks":false},{"name":"קיורטוש קינמון-מומלץ!","description":"מאפה הונגרי מסורתי חלול, עשוי מבצק שמרים מיוחד ומצופה בקרמל","price":37,"vegan":false,"vegetarian":false,"image":"https://d25t2285lxl5rf.cloudfront.net/images/dishes/829287.jpg","notFood":false,"drinks":false},{"name":"קיורטוש שוקולד וניל","description":"מאפה הונגרי מסורתי חלול, עשוי מבצק שמרים מיוחד ומצופה בקרמל","price":37,"vegan":false,"vegetarian":false,"image":"https://d25t2285lxl5rf.cloudfront.net/images/dishes/829288.jpg","notFood":false,"drinks":false},{"name":"קיורטוש שוקולד וחלבה","description":"מאפה הונגרי מסורתי חלול, עשוי מבצק שמרים מיוחד ומצופה בקרמל","price":37,"vegan":false,"vegetarian":false,"image":"https://d25t2285lxl5rf.cloudfront.net/images/dishes/829290.jpg","notFood":false,"drinks":false},{"name":"קיורטוש חלבה ושקדים","description":"מאפה הונגרי מסורתי חלול, עשוי מבצק שמרים מיוחד ומצופה בקרמל","price":37,"vegan":false,"vegetarian":false,"image":"https://d25t2285lxl5rf.cloudfront.net/images/dishes/829291.jpg","notFood":false,"drinks":false},{"name":"קיורטוש נוגט ואגוזי לוז","description":"מאפה הונגרי מסורתי חלול, עשוי מבצק שמרים מיוחד ומצופה בקרמל","price":37,"vegan":false,"vegetarian":false,"image":"https://d25t2285lxl5rf.cloudfront.net/images/dishes/829292.jpg","notFood":false,"drinks":false},{"name":"קיורטוש שוקולד אגוזים","description":"מאפה הונגרי מסורתי חלול, עשוי מבצק שמרים מיוחד ומצופה בקרמל","price":37,"vegan":false,"vegetarian":false,"image":"https://d25t2285lxl5rf.cloudfront.net/images/dishes/829294.jpg","notFood":false,"drinks":false},{"name":"פלרינה קרם פטיסייר","description":"מאפה איטלקי עשוי בצק קריספי במילוי קרם וניל צרפתי","price":25,"vegan":true,"vegetarian":true,"image":"https://d25t2285lxl5rf.cloudfront.net/images/dishes/782105.jpg","notFood":false,"drinks":false},{"name":"דובוש","description":"עוגה הונגרית מסורתית העשויה משכבות ביסקוויט דובוש וביניהן קרם שוקולד עשיר,  בציפוי גאנש שוקלד מריר","price":69,"vegan":false,"vegetarian":true,"image":"https://d25t2285lxl5rf.cloudfront.net/images/dishes/782106.jpg","notFood":false,"drinks":false},{"name":"פרסבורגר פרג - מקוש","description":"בצק חצי שמרים חצי פריך במילוי עשיר של פרג","price":49,"vegan":true,"vegetarian":true,"image":"https://d25t2285lxl5rf.cloudfront.net/images/dishes/782107.jpg","notFood":false,"drinks":false},{"name":"חטיפי ג'רבו","description":"שכבות בצק חמאה, ריבת משמש ואגזוי מלך עם שוקלד למעלה","price":49,"vegan":true,"vegetarian":true,"image":"https://d25t2285lxl5rf.cloudfront.net/images/dishes/782108.jpg","notFood":false,"drinks":false},{"name":"רוגלך","price":6,"vegan":true,"vegetarian":true,"image":"https://d25t2285lxl5rf.cloudfront.net/images/dishes/782110.jpg","notFood":false,"drinks":false},{"name":"קרואסון שקדים","price":18,"vegan":true,"vegetarian":true,"image":"https://d25t2285lxl5rf.cloudfront.net/images/dishes/782115.jpg","notFood":false,"drinks":false},{"name":"גבינית","price":7,"vegan":true,"vegetarian":true,"image":"https://d25t2285lxl5rf.cloudfront.net/images/dishes/782111.jpg","notFood":false,"drinks":false},{"name":"שוניל","description":"בצק שמרים במילוי קרם וניל צרפתי ומטבעות שוקולד","price":10,"vegan":false,"vegetarian":true,"image":"https://d25t2285lxl5rf.cloudfront.net/images/dishes/782112.jpg","notFood":false,"drinks":false},{"name":"כריסטינה","description":"בצק פריך במילוי ריבת שזיפים, אגוזי מלך וקינמון","price":16,"vegan":true,"vegetarian":true,"image":"https://d25t2285lxl5rf.cloudfront.net/images/dishes/782117.jpg","notFood":false,"drinks":false},{"name":"שנייק קינמון","description":"בצק שמרים מגולגל בתערובת קינמון","price":10,"vegan":true,"vegetarian":true,"image":"https://d25t2285lxl5rf.cloudfront.net/images/dishes/782113.jpg","notFood":false,"drinks":false},{"name":"עוגת שושנים","description":"עוגת שושנים מבצק קראנצי במילוי מרנג וניל ","price":55,"vegan":true,"vegetarian":true,"image":"https://d25t2285lxl5rf.cloudfront.net/images/dishes/c64d1403-2928-40aa-8ca5-6968a4b5d8d4.jpg","notFood":false,"drinks":false},{"name":"שמרים שוקולד בלגי","price":49,"vegan":false,"vegetarian":true,"image":"https://d25t2285lxl5rf.cloudfront.net/images/dishes/782118.jpg","notFood":false,"drinks":false},{"name":"שמרים  גבינת ריקוטה","price":49,"vegan":false,"vegetarian":true,"image":"https://d25t2285lxl5rf.cloudfront.net/images/dishes/782121.jpg","notFood":false,"drinks":false},{"name":"שמרים חלבה שוקולד","price":49,"vegan":false,"vegetarian":true,"image":"https://d25t2285lxl5rf.cloudfront.net/images/dishes/782119.jpg","notFood":false,"drinks":false},{"name":"שמרים גבינת ריקוטה ופירות יער","price":49,"vegan":false,"vegetarian":true,"image":"https://d25t2285lxl5rf.cloudfront.net/images/dishes/782122.jpg","notFood":false,"drinks":false},{"name":"שמרים קינמון ואגוזים","price":49,"vegan":true,"vegetarian":true,"image":"https://d25t2285lxl5rf.cloudfront.net/images/dishes/0fe7eef4-7dcb-44a8-a333-ccc0ab29bb94.jpg","notFood":false,"drinks":false},{"name":"כדורי חלווה","price":45,"vegan":true,"vegetarian":true,"image":"https://d25t2285lxl5rf.cloudfront.net/images/dishes/87fbeae0-75f3-434f-aac7-329b2e7aa497.jpeg","notFood":false,"drinks":false},{"name":"שוקולד פיצוץ","price":45,"vegan":false,"vegetarian":true,"image":"https://d25t2285lxl5rf.cloudfront.net/images/dishes/4bcd1a55-4a01-41bb-9d8c-2f446173d519.jpg","notFood":false,"drinks":false},{"name":"פלורנטין","description":"עוגיות שקדים מקורמלים על מצע שוקולד מריר. ללא קמח.","price":45,"vegan":false,"vegetarian":true,"image":"https://d25t2285lxl5rf.cloudfront.net/images/dishes/782137.jpg","notFood":false,"drinks":false},{"name":"מרוקאיות","description":"ללא מוצרי חלב","price":35,"vegan":false,"vegetarian":true,"image":"https://d25t2285lxl5rf.cloudfront.net/images/dishes/782144.jpg","notFood":false,"drinks":false},{"name":"כדורי שוקולד","description":"מארז 16 יחידות","price":45,"vegan":false,"vegetarian":true,"image":"https://d25t2285lxl5rf.cloudfront.net/images/dishes/782145.jpg","notFood":false,"drinks":false},{"name":"בראוניז","price":45,"vegan":true,"vegetarian":true,"image":"https://d25t2285lxl5rf.cloudfront.net/images/dishes/782136.jpg","notFood":false,"drinks":false},{"name":"סבלה שקדים","description":"עוגיות חמאה עם שברי שקדים","price":42,"vegan":true,"vegetarian":true,"image":"https://d25t2285lxl5rf.cloudfront.net/images/dishes/782133.jpg","notFood":false,"drinks":false},{"name":"מקרון מיקס","description":"\n9 יחידות מקרון בצבעים וטעמים שונים","price":49,"vegan":true,"vegetarian":true,"image":"https://d25t2285lxl5rf.cloudfront.net/images/dishes/782141.jpg","notFood":false,"drinks":false},{"name":"פרחי ריבת תות","price":45,"vegan":true,"vegetarian":true,"image":"https://d25t2285lxl5rf.cloudfront.net/images/dishes/782134.jpg","notFood":false,"drinks":false},{"name":"דיקליות וניל","description":"עוגיות בצק עלים מסוכרות","price":45,"vegan":true,"vegetarian":true,"image":"https://d25t2285lxl5rf.cloudfront.net/images/dishes/9cefeb7f-7d73-43cd-97cb-4b90a7877dc3.jpeg","notFood":false,"drinks":false},{"name":"פלורנטין שוקולד לבן","description":"עוגיות שקדים מקורמלים על מצע שוקולד לבן. ללא קמח.","price":45,"vegan":false,"vegetarian":true,"image":"https://d25t2285lxl5rf.cloudfront.net/images/dishes/782138.jpg","notFood":false,"drinks":false},{"name":"אלפחורס","description":"עוגיות סנדוויץ' רכות במיוחד במילוי ריבת חלב ובציפוי קוקוס קלוי","price":45,"vegan":false,"vegetarian":true,"image":"https://d25t2285lxl5rf.cloudfront.net/images/dishes/829333.jpg","notFood":false,"drinks":false},{"name":"לימונצ'לו","description":"עוגיות חמאה ולימון מטריפות-מומלץ!","price":45,"vegan":true,"vegetarian":true,"image":"https://d25t2285lxl5rf.cloudfront.net/images/dishes/183f71bb-784f-4978-b139-13bc29942ef1.jpg","notFood":false,"drinks":false},{"name":"מיני סופלה שוקולד","price":45,"vegan":false,"vegetarian":true,"image":"https://d25t2285lxl5rf.cloudfront.net/images/dishes/c8f6f1b7-66e0-4791-b078-e2071cf4c221.jpeg","notFood":false,"drinks":false},{"name":"רול תמרים טבעוני","price":45,"vegan":true,"vegetarian":true,"image":"https://d25t2285lxl5rf.cloudfront.net/images/dishes/028da7a2-7bd6-42fb-9a33-54ab929f7384.jpeg","notFood":false,"drinks":false},{"name":"חטיף שוק׳ ופיצפוצים טבעוני","price":45,"vegan":true,"vegetarian":true,"image":"https://d25t2285lxl5rf.cloudfront.net/images/dishes/25dc0388-ff25-4340-92de-0c259463f0ba.jpg","notFood":false,"drinks":false},{"name":"קרמל ושוקולד לבן","price":45,"vegan":false,"vegetarian":true,"image":"https://d25t2285lxl5rf.cloudfront.net/images/dishes/564cd164-ac11-4993-b6f3-b46f2d8b9e5d.jpeg","notFood":false,"drinks":false},{"name":"גרנולה ללא סוכר","price":45,"vegan":true,"vegetarian":true,"image":"https://d25t2285lxl5rf.cloudfront.net/images/dishes/e8e85d4d-1dcc-468a-ae04-f0f27b8353f5.jpeg","notFood":false,"drinks":false},{"name":"דיסקיות גבינה וגרעינים","price":45,"vegan":false,"vegetarian":true,"image":"https://d25t2285lxl5rf.cloudfront.net/images/dishes/7ce89628-ec19-4e17-ac67-54dc32b602cf.jpg","notFood":false,"drinks":false},{"name":"נשנושיות פיצוחים ללא קמח וסוכר","price":45,"vegan":true,"vegetarian":true,"image":"https://d25t2285lxl5rf.cloudfront.net/images/dishes/d3d67055-9b0e-4e52-b028-1323a6f9c675.jpeg","notFood":false,"drinks":false},{"name":"אצבעות שקדים ללא גלוטן","price":45,"vegan":true,"vegetarian":true,"notFood":false,"drinks":false},{"name":"עוגיות פריך חמאה תמרים אגוזים","price":45,"vegan":true,"vegetarian":true,"notFood":false,"drinks":false},{"name":"אלפחורס ללא סוכר","price":45,"vegan":true,"vegetarian":true,"notFood":false,"drinks":false},{"name":"מיקס מלוח","description":"עוגיות חמאה מלוחות בתוספת שבבי בצל, גרעיני דלעת וגרעיני חמניה","price":45,"vegan":true,"vegetarian":true,"image":"https://d25t2285lxl5rf.cloudfront.net/images/dishes/09d44f49-b150-42da-bb25-5afc23cd4b70.jpg","notFood":false,"drinks":false},{"name":"מקל פרמז'ן","price":14,"vegan":false,"vegetarian":true,"image":"https://d25t2285lxl5rf.cloudfront.net/images/dishes/782124.jpg","notFood":false,"drinks":false},{"name":"מאפה בלקני גבינה וזיתים","description":"בצק בלקני עשיר בגבינה במילוי גבינת פטה וזיתים","price":8,"vegan":false,"vegetarian":true,"image":"https://d25t2285lxl5rf.cloudfront.net/images/dishes/782125.jpg","notFood":false,"drinks":false},{"name":"מאפה בלקני תפוחי אדמה","description":"בצק בלקני עשיר בגבינה במילוי תפוח אדמה ושמנת","price":8,"vegan":false,"vegetarian":true,"image":"https://d25t2285lxl5rf.cloudfront.net/images/dishes/782126.jpg","notFood":false,"drinks":false},{"name":"טריקולד - פס","description":"מוס שוקולד בשלוש שכבות: מריר, חלב ולבן","price":69,"vegan":false,"vegetarian":true,"image":"https://d25t2285lxl5rf.cloudfront.net/images/dishes/782148.jpg","notFood":false,"drinks":false},{"name":"טריקולד - עוגה עגולה 24\"","description":"מוס שוקולד בשלוש שכבות: מריר, חלב ולבן","price":189,"vegan":false,"vegetarian":true,"image":"https://d25t2285lxl5rf.cloudfront.net/images/dishes/1fafa827-ec84-4f8b-b602-5154cc9c9833.jpg","notFood":false,"drinks":false},{"name":"פס מוס תותים ושוקולד לבן","price":65,"vegan":false,"vegetarian":true,"image":"https://d25t2285lxl5rf.cloudfront.net/images/dishes/830627.jpg","notFood":false,"drinks":false},{"name":"שוקולד בלגי","description":"מוס שוקולד בלגי בעיטור נטיפי מוס שוקולד לבן ומקלות וניל","price":69,"vegan":false,"vegetarian":true,"image":"https://d25t2285lxl5rf.cloudfront.net/images/dishes/782152.jpg","notFood":false,"drinks":false},{"name":"דובוש","description":"עוגה הונגרית מסורתית העשויה משכבות ביסקוויט דובוש וביניהן קרם שוקולד עשיר, בציפוי גאנש שוקלד מריר.","price":69,"vegan":false,"vegetarian":true,"image":"https://d25t2285lxl5rf.cloudfront.net/images/dishes/d64fc3f5-abaf-439e-8848-a3b7f13d93ec.jpg","notFood":false,"drinks":false},{"name":"הביסקוויט של קיורטוש","description":"שכבות ביסקוויטים טבולים בתמציות נס קפה עם קרם וניל מיוחד בציפוי גאנש שוקולד חלב","price":69,"vegan":false,"vegetarian":true,"image":"https://d25t2285lxl5rf.cloudfront.net/images/dishes/782153.jpg","notFood":false,"drinks":false},{"name":"סברינה ענקית","description":"מאפה שמרים שבושל בסירופ רום ממולא בקצפת וניל מתוקה ","price":30,"vegan":true,"vegetarian":true,"image":"https://d25t2285lxl5rf.cloudfront.net/images/dishes/782162.jpg","notFood":false,"drinks":false},{"name":"גבינה פירורים קרה","description":"קציפת גבינה רכה ושמנת מתוקה עם פירורי בצק פריך עדינים. לא אפויה.","price":69,"vegan":false,"vegetarian":true,"image":"https://d25t2285lxl5rf.cloudfront.net/images/dishes/782156.jpg","notFood":false,"drinks":false},{"name":"רד וולט - פס","price":69,"vegan":true,"vegetarian":true,"notFood":false,"drinks":false},{"name":"עוגת פאדג' שוקולד פס","description":"פס-עוגת שוקולד מריר עשירה ולחה(ללא תוספת קמח)","price":69,"vegan":false,"vegetarian":false,"notFood":false,"drinks":false},{"name":"מוס אוריאו- פס","description":"מוס שוקולד לבן,שוקולד חלב,קרמל וניל ועוגיות אוריאו על מצע של עוגת שוקולד עשירה","price":69,"vegan":false,"vegetarian":true,"notFood":false,"drinks":false},{"name":"קינדר - עוגה עגולה 24״","price":189,"vegan":true,"vegetarian":true,"notFood":false,"drinks":false},{"name":"מקופלת- עוגה עגולה 24״","price":189,"vegan":true,"vegetarian":true,"notFood":false,"drinks":false},{"name":"ברולה-עוגה עגולה 21' קוטר","price":135,"vegan":true,"vegetarian":true,"notFood":false,"drinks":false},{"name":"קינדר- עוגה עגולה 21' קוטר","price":135,"vegan":true,"vegetarian":true,"notFood":false,"drinks":false},{"name":"מקופלת - עוגה עגולה 21' קוטר","price":135,"vegan":true,"vegetarian":true,"notFood":false,"drinks":false},{"name":"פטל ושוקולד לבן- עוגה עגולה 21' קוטר","price":135,"vegan":false,"vegetarian":true,"notFood":false,"drinks":false},{"name":"פיסטוק ושוקולד חלב- עוגה עגולה 21' קוטר","price":135,"vegan":false,"vegetarian":true,"notFood":false,"drinks":false},{"name":"פסיפלורה ושוקולד לבן- עוגה עגולה 21' קוטר","price":135,"vegan":false,"vegetarian":true,"notFood":false,"drinks":false},{"name":"אוראו- עוגה עגולה 21' קוטר","price":135,"vegan":true,"vegetarian":true,"notFood":false,"drinks":false},{"name":"מוצרט- עוגה עגולה 21' קוטר","price":135,"vegan":true,"vegetarian":true,"notFood":false,"drinks":false},{"name":"אוראו-עוגה עגולה 24״","price":189,"vegan":true,"vegetarian":true,"notFood":false,"drinks":false},{"name":"מוצרט- עוגה עגולה 24״","price":189,"vegan":true,"vegetarian":true,"notFood":false,"drinks":false},{"name":"פסק זמן עוגה עגולה 21' קוטר","price":135,"vegan":true,"vegetarian":true,"notFood":false,"drinks":false},{"name":"פסק זמן עוגה עגולה 24","price":189,"vegan":true,"vegetarian":true,"notFood":false,"drinks":false},{"name":"עוגת עגולה רד וולט 24'","price":189,"vegan":true,"vegetarian":true,"notFood":false,"drinks":false},{"name":"גזר","description":"עוגת גזר עסיסית עם אגוזי מלך וצימוקים בניחוח קינמון ואגוז מוסקט","price":45,"vegan":true,"vegetarian":true,"image":"https://d25t2285lxl5rf.cloudfront.net/images/dishes/782177.jpg","notFood":false,"drinks":false},{"name":"חלווה שוקולד","description":"ממרח חלווה, ממרח שוקולד, שערות חלווה ופרליני שוקולד מריר. ללא חלב.","price":45,"vegan":false,"vegetarian":true,"image":"https://d25t2285lxl5rf.cloudfront.net/images/dishes/782173.jpg","notFood":false,"drinks":false},{"name":"בחושה נוגט לוז","description":"עוגה בחושה במילוי קרם רוזמרי ואגוזי לוז. ללא חלב.","price":45,"vegan":false,"vegetarian":true,"image":"https://d25t2285lxl5rf.cloudfront.net/images/dishes/782176.jpg","notFood":false,"drinks":false},{"name":"בחושה שוקולד בלגי","description":"עוגת שוקולד אוורירית עשירה בפרליני שוקולד בלגי","price":45,"vegan":false,"vegetarian":true,"image":"https://d25t2285lxl5rf.cloudfront.net/images/dishes/782175.jpg","notFood":false,"drinks":false},{"name":"בחושה פררו","description":"עוגה בחושה בציפוי שוקולד נמס ואגוזי לוז","price":49,"vegan":false,"vegetarian":true,"image":"https://d25t2285lxl5rf.cloudfront.net/images/dishes/1df1428d-1745-4fe5-9fa1-daa641597199.jpg","notFood":false,"drinks":false},{"name":"בחושה תפוז קוקוס","price":45,"vegan":true,"vegetarian":true,"notFood":false,"drinks":false},{"name":"כדורי חמאה ושקדים ללא סוכר","price":42,"vegan":true,"vegetarian":true,"image":"https://d25t2285lxl5rf.cloudfront.net/images/dishes/782180.jpg","notFood":false,"drinks":false},{"name":"מיקס עוגיות ללא סוכר","description":"קנטוצ'יני, חמאה שקדים, שוקוצ'יפס, חמאה קקאו","price":42,"vegan":true,"vegetarian":true,"image":"https://d25t2285lxl5rf.cloudfront.net/images/dishes/782186.jpg","notFood":false,"drinks":false},{"name":"מוס שוקולד בלגי ללא סוכר","description":"קציפת שוקלד בלגי ושמנת מתוקה.","price":75,"vegan":false,"vegetarian":true,"image":"https://d25t2285lxl5rf.cloudfront.net/images/dishes/782187.jpg","notFood":false,"drinks":false},{"name":"מוס גבינה פירורים ללא סוכר","description":"קציפה גבינה רכה ושמנת עם פירורי בצק פריך עדינים","price":69,"vegan":false,"vegetarian":true,"image":"https://d25t2285lxl5rf.cloudfront.net/images/dishes/782188.jpg","notFood":false,"drinks":false},{"name":"בחושה גזר ללא סוכר","description":"עוגת גזר עסיסית עם אגוזי מלך, בניחוח עדין של קינמון ואגוז מוסקט, ללא חלב.","price":45,"vegan":false,"vegetarian":true,"image":"https://d25t2285lxl5rf.cloudfront.net/images/dishes/782189.jpg","notFood":false,"drinks":false},{"name":"פרחי ריבה מקמח מלא ללא סוכר","description":"עוגיות חמאה מקמח מלא ממולאות בריבת תות ללא סוכר.","price":36,"vegan":true,"vegetarian":true,"image":"https://d25t2285lxl5rf.cloudfront.net/images/dishes/67576052-ea81-4506-a856-42545f323f32.jpg","notFood":false,"drinks":false},{"name":"עוגיות שוקוצ'יפס ללא סוכר","price":39,"vegan":true,"vegetarian":true,"notFood":false,"drinks":false},{"name":"מארז 10 פחזניות במילוי קרם פטיסייר","price":90,"vegan":true,"vegetarian":true,"notFood":false,"drinks":false},{"name":"ממרח פיסטוק ושוקולד לבן","price":65,"vegan":false,"vegetarian":true,"notFood":false,"drinks":false},{"name":"ממרח פופקורן חלבה וקוקוס","price":65,"vegan":false,"vegetarian":true,"notFood":false,"drinks":false},{"name":"ממרח בייגלה מלוח","price":65,"vegan":true,"vegetarian":true,"notFood":false,"drinks":false},{"name":"ממרח שוקולד לבן ועוגיות","price":65,"vegan":false,"vegetarian":true,"notFood":false,"drinks":false},{"name":"ממרח שוקולד לבן ואגוזים( קינדר בואנו)","price":65,"vegan":false,"vegetarian":true,"notFood":false,"drinks":false},{"name":"שטרודל תפוח עץ וינאי - לאפייה בבית","description":"יש לאפות 40 דקות ב190 מעלות","price":49,"vegan":true,"vegetarian":true,"notFood":false,"drinks":false},{"name":"שטרודל מלוח במילוי גבינת פטה ופסטו - לאפייה בבית","description":"יש לאפות 40 דקות ב190 מעלות","price":49,"vegan":false,"vegetarian":true,"notFood":false,"drinks":false},{"name":"שטרודל מלוח במילוי גבינת פטה ופלפלים קלויים - לאפייה בבית","description":"יש לאפות 40 דקות ב190 מעלות","price":49,"vegan":false,"vegetarian":true,"notFood":false,"drinks":false},{"name":"שטרודל מלוח במילוי גבינת פטה וזיתים ירוקים - לאפייה בבית","description":"יש לאפות 40 דקות ב190 מעלות","price":49,"vegan":false,"vegetarian":true,"notFood":false,"drinks":false}]}