{"track_id":"13696","filters":["asianFusion","japaneseSushi","glutenFree"],"image":"https://tenbis-static.azureedge.net/restaurant-card-image/ResCard_13696_20201014094313.jpg","address":"בן יהודה, 228 תל אביב-יפו","location":[34.7748152,32.0921347],"name":"ניני האצ'י","city":"תל אביב-יפו","priceAverage":77.2258064516129,"menu":[{"name":"פאד תאי","description":"אטריות אורז עם טופו, נבטים, נטיפי ביצה וירקות  ברוטב פאד תאי.","price":47,"vegan":false,"vegetarian":true,"image":"https://d25t2285lxl5rf.cloudfront.net/images/dishes/20f6868a-5de4-41bd-87b9-d7239a81931f.jpg","notFood":false,"drinks":false},{"name":"קארי קוקוס \n","description":"אטריות ביצים ברוטב קארי אדום, חלב קוקוס וחמאת בוטנים עם פלפלים צבעונים  - מנה חריפה ! לא ניתן לבקש לא חריף","price":47,"vegan":false,"vegetarian":true,"image":"https://d25t2285lxl5rf.cloudfront.net/images/dishes/6f85b7eb-6343-4e7a-96b6-fa0484b8e51e.jpg","notFood":false,"drinks":false},{"name":"צ'יראשי סושי\n","description":"סלמון, טונה ובס חתוכים דק. טמאגו, שיטאקי ואבוקדו מוגש על אורז סושי. ","price":61,"vegan":false,"vegetarian":false,"image":"https://d25t2285lxl5rf.cloudfront.net/images/dishes/07b6f0e0-0f42-4f3d-b160-e7774a6b8786.jpg","notFood":false,"drinks":false},{"name":"קומבינציה קלאסית","description":"22 יחידות. סלמון אבוקדו, קליפורניה, ספייסי טונה אבוקדו","price":85,"vegan":false,"vegetarian":false,"image":"https://d25t2285lxl5rf.cloudfront.net/images/dishes/77afd46e-eb7b-477c-a6df-0168f07e5153.jpg","notFood":false,"drinks":false},{"name":"סלט סשימי","description":"סשימי של שלוש סוגי דגים עם רצועות גזר, מלפפון וצנון, כוסברה, נענע, בצל ירוק ופלפל חריף. ברוטב יש מעט וואסבי אפשר גם בלי","price":58,"vegan":false,"vegetarian":false,"image":"https://d25t2285lxl5rf.cloudfront.net/images/dishes/139c5fec-094f-4b9a-a9fc-1e37d5d78fc4.jpg","notFood":false,"drinks":false},{"name":"מאקי אבוקדו","description":"אבוקדו ואצה","price":18,"vegan":true,"vegetarian":true,"image":"https://d25t2285lxl5rf.cloudfront.net/images/dishes/1f77a4e3-b564-48b5-8795-c56db1e4ec12.jpg","notFood":false,"drinks":false},{"name":"טונה טמפורה","description":"8 יחידות. טונה מטוגנת, אבוקדו, שבבי בטטה  ואצה","price":44,"vegan":false,"vegetarian":false,"image":"https://d25t2285lxl5rf.cloudfront.net/images/dishes/15f3aace-92f8-4d33-8a86-8291da5bc06d.jpg","notFood":false,"drinks":false},{"name":"שניצרול","description":"שניצל קריספי בפנים,מלפפון עטוף באבוקדו ורוטב טריאקי","price":42,"vegan":false,"vegetarian":false,"image":"https://d25t2285lxl5rf.cloudfront.net/images/dishes/0b6d6c92-2e2a-49fc-bd8e-606b2f84e78c.jpg","notFood":false,"drinks":false},{"name":"במבהרול 4 יחידות","description":"רול מטוגן, סלמון חמאת בוטנים ומלפפון","price":44,"vegan":false,"vegetarian":false,"image":"https://d25t2285lxl5rf.cloudfront.net/images/dishes/0a5e2e54-9c59-4972-8d86-40cb614d89dc.jpg","notFood":false,"drinks":false},{"name":"קוביאשי","description":"סלמון טמפורה ואבוקדו, עירית וקראנצי סלק","price":44,"vegan":false,"vegetarian":false,"image":"https://d25t2285lxl5rf.cloudfront.net/images/dishes/8257b721-fa5b-4854-917b-62b5383c254e.jpg","notFood":false,"drinks":false},{"name":"ניגירי טמאגו","description":"2 יחידה","price":15,"vegan":false,"vegetarian":true,"image":"https://d25t2285lxl5rf.cloudfront.net/images/dishes/f9c15583-4028-4f1f-8a91-efc01492a0e3.jpg","notFood":false,"drinks":false},{"name":"מאקי טמאגו","description":"6 יחידות. טמאגו ואצה","price":18,"vegan":false,"vegetarian":true,"image":"https://d25t2285lxl5rf.cloudfront.net/images/dishes/475914ea-3168-499c-8946-65e5de656450.jpg","notFood":false,"drinks":false},{"name":"מאקי אבוקדו","description":"אבוקדו ואצה","price":18,"vegan":true,"vegetarian":true,"image":"https://d25t2285lxl5rf.cloudfront.net/images/dishes/1f77a4e3-b564-48b5-8795-c56db1e4ec12.jpg","notFood":false,"drinks":false},{"name":"סלט מאקי","description":"6 יחידות. ללא אורז, עטוף בדף אורז עם כל סוגי הירקות","price":36,"vegan":true,"vegetarian":true,"image":"https://d25t2285lxl5rf.cloudfront.net/images/dishes/84196520-69a6-4d43-99be-dd4b8255769b.jpg","notFood":false,"drinks":false},{"name":"סלמון אפוי ומתקתק","description":"8 יחידות. מלפפון, גזר, אבוקדו, סלמון אפוי, טריאקי ואצה","price":44,"vegan":false,"vegetarian":false,"image":"https://d25t2285lxl5rf.cloudfront.net/images/dishes/71af8c26-b2a9-412d-a66e-d0e4a49751f2.jpg","notFood":false,"drinks":false},{"name":"קטרפילר סלמון","description":"8 יחידות. סלמון אפוי, מלפפון, אבוקדו טריאקי ואצה","price":38,"vegan":false,"vegetarian":false,"image":"https://d25t2285lxl5rf.cloudfront.net/images/dishes/f69a5f83-5a8b-4fd4-bd10-8275568e6f4d.jpg","notFood":false,"drinks":false},{"name":"סנדוויץ' סלמון מטוגן\t","description":"4 יחידות. סלמון מטוגן, אבוקדו וטריאקי","price":44,"vegan":false,"vegetarian":false,"image":"https://d25t2285lxl5rf.cloudfront.net/images/dishes/371e00c9-dea9-4155-8fd7-4605cff5c6fb.jpg","notFood":false,"drinks":false},{"name":"בס טמפורה","description":"8 יח'. בס מטוגן, אבוקודו ומלפפון עטוף בפצפוצי טמפורה","price":41,"vegan":true,"vegetarian":true,"image":"https://d25t2285lxl5rf.cloudfront.net/images/dishes/c44207c9-060c-4a37-b855-851401e5db54.jpg","notFood":false,"drinks":false},{"name":"אינטיאס אפוי ומתקתק\t","description":"8 יחידות. מלפפון, גזר, אבוקדו, יילוטייל אפוי, טריאקי ואצה","price":46,"vegan":false,"vegetarian":false,"image":"https://d25t2285lxl5rf.cloudfront.net/images/dishes/d5797873-7742-40ff-9cd8-5f446ccfef37.jpg","notFood":false,"drinks":false},{"name":"בטטה מאקי קריספי","description":"8 יחידות. בטטה מטוגנת, אבוקדו, עטוף בבטטה קריספית","price":32,"vegan":true,"vegetarian":true,"image":"https://d25t2285lxl5rf.cloudfront.net/images/dishes/cd82472a-2e59-47e5-8631-62918a14a338.jpg","notFood":false,"drinks":false},{"name":"טופו רול","description":"8 יחידות. טופו , קנפיו ומלפפון , עטוף באבוקדו .","price":30,"vegan":true,"vegetarian":true,"image":"https://d25t2285lxl5rf.cloudfront.net/images/dishes/fb6007e1-5046-427a-8e94-f3d9f483da97.jpg","notFood":false,"drinks":false},{"name":"מאקי קליפורניה הריון","description":"6 יח' אצה בחוץ, מלפפון גזר ואבוקדו.","price":18,"vegan":true,"vegetarian":true,"image":"https://d25t2285lxl5rf.cloudfront.net/images/dishes/9ab0d632-028c-4ec5-9275-cc25ce52ef1f.jpg","notFood":false,"drinks":false},{"name":"קומבינצית הריון זוגית","description":"36 יח' קטרפילר סלמון, בס טמפורה, ריינבו ירקות, פוראסט רול וסנדוויץ סלמון מטוגן","price":174,"vegan":false,"vegetarian":false,"image":"https://d25t2285lxl5rf.cloudfront.net/images/dishes/b58af795-c7b5-49e9-b6c7-273b23c63734.jpg","notFood":false,"drinks":false},{"name":"פורסט רול הריון","description":"פטריות שיטאקי, טמאגו וקמפיו עטוף בעירית.","price":32,"vegan":false,"vegetarian":true,"image":"https://d25t2285lxl5rf.cloudfront.net/images/dishes/d88d98f6-b212-4185-8e34-65b6cc347141.jpg","notFood":false,"drinks":false},{"name":"סנדוויץ' צמחוני מטוגן הריון","description":"4 משולשים. בטטה, טמאגו, אבוקדו וחמאת בוטנים עם רוטב טריאקי מעל.","price":39,"vegan":false,"vegetarian":true,"image":"https://d25t2285lxl5rf.cloudfront.net/images/dishes/4a6da5eb-5c84-4fef-a701-afc38748111b.jpg","notFood":false,"drinks":false},{"name":"קטרפילר דניס הריון","description":"דניס אפוי, מלפפון, אבוקדו, טריאקי ואצה","price":41,"vegan":false,"vegetarian":false,"image":"https://d25t2285lxl5rf.cloudfront.net/images/dishes/004e3098-f589-473f-a5e4-16b22176f902.jpg","notFood":false,"drinks":false},{"name":"קומבינציה צמחונית הריון","description":"ריינבו ירקות, טופו רול, בטטה מאקי (24יח')","price":68,"vegan":true,"vegetarian":true,"image":"https://d25t2285lxl5rf.cloudfront.net/images/dishes/8f205610-b39f-4760-a8b4-245a980def82.jpg","notFood":false,"drinks":false},{"name":"קומבינציה אפויה הריון","description":"(20 יח) קטרפילר דניס, קוביאשי וסלמון אפוי ומתקתק","price":92,"vegan":false,"vegetarian":false,"image":"https://d25t2285lxl5rf.cloudfront.net/images/dishes/41119e48-ef82-4ca1-adba-25b5619e7a97.jpg","notFood":false,"drinks":false},{"name":"קליפורניה טמפורה רול הריון","description":"מלפפון, גזר ואבוקדו, עטוף בירקות טמפורה","price":36,"vegan":true,"vegetarian":true,"image":"https://d25t2285lxl5rf.cloudfront.net/images/dishes/4ffc55d2-6796-4aac-892d-f200742a664f.jpg","notFood":false,"drinks":false},{"name":"אדממה","description":"","price":21,"vegan":true,"vegetarian":true,"image":"https://d25t2285lxl5rf.cloudfront.net/images/dishes/a414fb39-47e9-4e45-95e2-be043c02907d.jpg","notFood":false,"drinks":false},{"name":"חמוצים יפנים","description":"ירקות מוחמצים מתוקים","price":23,"vegan":true,"vegetarian":true,"image":"https://d25t2285lxl5rf.cloudfront.net/images/dishes/9d345bf6-2ea9-41e7-94a4-538374029529.jpg","notFood":false,"drinks":false},{"name":"גיוזה עוף","description":"חמישה כיסוני עוף מאודים וצרובים על הפלנצ'ה","price":41,"vegan":false,"vegetarian":false,"image":"https://d25t2285lxl5rf.cloudfront.net/images/dishes/5d3e9cfa-5cc2-4ac7-845a-f23cba038370.jpg","notFood":false,"drinks":false},{"name":"גיוזה צמחונית","description":"5 יחידות גיוזה מאודה וקצת צרובה במילוי בטטה, בצל ופטריות ","price":35,"vegan":true,"vegetarian":true,"image":"https://d25t2285lxl5rf.cloudfront.net/images/dishes/0b181fe8-b62d-47f6-8ed6-3a029c00faff.jpg","notFood":false,"drinks":false},{"name":"טופו אגדאשי","description":"קוביות טופו מטוגנות, בליווי רוטב אגדאשי, אצות ים ובצל ירוק","price":41,"vegan":true,"vegetarian":true,"image":"https://d25t2285lxl5rf.cloudfront.net/images/dishes/696462d2-b7fc-4c29-ae3f-cc6524fd7d6f.jpg","notFood":false,"drinks":false},{"name":"טמפורה ירקות","description":"ירקות מטוגנים בבלילת טמפורה","price":35,"vegan":true,"vegetarian":true,"image":"https://d25t2285lxl5rf.cloudfront.net/images/dishes/dfd16461-7746-46af-9bfe-5db60bd6671d.jpg","notFood":false,"drinks":false},{"name":"כנפיים קריספיות","description":"5-6 יח' של כנפיים עטופות בקורנפלור וטמפורה מוגש עם צ'ילי מתוק","price":37,"vegan":false,"vegetarian":false,"image":"https://d25t2285lxl5rf.cloudfront.net/images/dishes/5dbdf7e2-15d3-4a62-a6a3-ac635f10e552.jpg","notFood":false,"drinks":false},{"name":"ספרינג רול ירקות","description":"","price":31,"vegan":true,"vegetarian":true,"image":"https://d25t2285lxl5rf.cloudfront.net/images/dishes/19e39741-147d-4b79-ac28-21644c967d4c.jpg","notFood":false,"drinks":false},{"name":"וון טון עוף מטוגן \n","description":"4 יח' וון טון מטוגנים במילוי עוף קצוץ","price":38,"vegan":false,"vegetarian":false,"image":"https://d25t2285lxl5rf.cloudfront.net/images/dishes/e451efeb-4252-48ac-ab62-a567702602ab.jpg","notFood":false,"drinks":false},{"name":"ניני סשימי","description":"2 סוגי דגים פרוסים דק, ברוטב ניני עם מקלוני גזר, עירית וג'ינג'ר","price":69,"vegan":false,"vegetarian":false,"image":"https://d25t2285lxl5rf.cloudfront.net/images/dishes/c55de51c-5ced-4af9-928d-eb333f813feb.jpg","notFood":false,"drinks":false},{"name":"טאטקי טונה אדומה\n","description":"פרוסות טונה צרובה קלות , עלי מיקרו , דייקון פרוס, בצל ירוק ורוטב פונזו \n","price":69,"vegan":false,"vegetarian":false,"image":"https://d25t2285lxl5rf.cloudfront.net/images/dishes/85ed0712-6646-4080-b684-d68d89a4ba92.jpg","notFood":false,"drinks":false},{"name":"טאטקי פילה בקר\n","description":"פילה בקר צרוב קלות, פרוס דק מוגש עם בצל לבן חי","price":69,"vegan":false,"vegetarian":false,"image":"https://d25t2285lxl5rf.cloudfront.net/images/dishes/429d87a2-ce66-4a2f-b0bf-e30c26a822cc.jpg","notFood":false,"drinks":false},{"name":"רי או סומון","description":"טרטר סלמון ואבוקדו על מצע אורז מאודה","price":58,"vegan":false,"vegetarian":false,"image":"https://d25t2285lxl5rf.cloudfront.net/images/dishes/745241fc-f3a7-4b16-ab88-68c31a0b2999.jpg","notFood":false,"drinks":false},{"name":"צ'יראשי סושי\n","description":"סלמון, טונה ובס חתוכים דק. טמאגו, שיטאקי ואבוקדו מוגש על אורז סושי. ","price":61,"vegan":false,"vegetarian":false,"image":"https://d25t2285lxl5rf.cloudfront.net/images/dishes/07b6f0e0-0f42-4f3d-b160-e7774a6b8786.jpg","notFood":false,"drinks":false},{"name":"פרוסות אינטיאס חריפות","description":"מוגש על עלי חסה ופלפל חריף ברוטב וואסאבי ויוזו\n","price":69,"vegan":true,"vegetarian":true,"image":"https://d25t2285lxl5rf.cloudfront.net/images/dishes/2459376.jpg","notFood":false,"drinks":false},{"name":"סשימי רול","description":"4 יח' סשימי טונה וסלמון, עירית, אבוקדו עטופים במלפפון \n","price":48,"vegan":false,"vegetarian":false,"image":"https://d25t2285lxl5rf.cloudfront.net/images/dishes/12babcd8-b787-499d-8484-1e67987eae36.jpg","notFood":false,"drinks":false},{"name":"נאם טוק סלמון","description":"קוביות סלמון צרובות קלות, אורז טחון, בצל  צי'לי גרוס וכוסברה \r\n","price":54,"vegan":false,"vegetarian":false,"image":"https://d25t2285lxl5rf.cloudfront.net/images/dishes/22bba9dc-0b60-4779-86f5-e251724c4644.jpg","notFood":false,"drinks":false},{"name":"סלט וואקמה","description":" ","price":31,"vegan":true,"vegetarian":true,"image":"https://d25t2285lxl5rf.cloudfront.net/images/dishes/47dc25e1-1235-4c98-a657-8ce355729443.jpg","notFood":false,"drinks":false},{"name":"סלט אטריות שעועית","description":"אטריות שעועית, מלפפונים, אצות, שיטאקי, טמאגו וג'ינג'ר","price":39,"vegan":false,"vegetarian":true,"image":"https://d25t2285lxl5rf.cloudfront.net/images/dishes/ef09a85b-b813-496e-9344-7c91da594bca.jpg","notFood":false,"drinks":false},{"name":"סלט סשימי","description":"סשימי של שלוש סוגי דגים עם רצועות גזר, מלפפון וצנון, כוסברה, נענע, בצל ירוק ופלפל חריף. ברוטב יש מעט וואסבי אפשר גם בלי","price":58,"vegan":false,"vegetarian":false,"image":"https://d25t2285lxl5rf.cloudfront.net/images/dishes/139c5fec-094f-4b9a-a9fc-1e37d5d78fc4.jpg","notFood":false,"drinks":false},{"name":"סלט גומא","description":"לבבות חסה, שבבי בטטה וסלק ברוטב טחינה ומיסו \n","price":42,"vegan":true,"vegetarian":true,"image":"https://d25t2285lxl5rf.cloudfront.net/images/dishes/da7e9c39-f25a-4867-a8ff-6157b15f9638.jpg","notFood":false,"drinks":false},{"name":"מרק מיסו","description":"מרק יפני מסורתי ציר מיסו עם אצות וואקמה, בצל ירוק, טופו וכרישה","price":23,"vegan":true,"vegetarian":true,"image":"https://d25t2285lxl5rf.cloudfront.net/images/dishes/e6435f03-c99d-4580-9f88-8edf1ef93e40.jpg","notFood":false,"drinks":false},{"name":"מרק טום קה קאי","description":"מרק תאילנדי על בסיס חלב קוקוס, בליווי נתחי פרגית , למון גראס, פטריות, עגבניות שרי וכוסברה בליווי אורז לבן מאודה","price":43,"vegan":false,"vegetarian":false,"image":"https://d25t2285lxl5rf.cloudfront.net/images/dishes/020cc3ca-452b-44a6-8a87-985891fe3996.jpg","notFood":false,"drinks":false},{"name":"מרק טום ג'וט קאי","description":"חדש! גזר, קולורבי, סלרי ובצל ירוק. מגיע עם אורז מאודה","price":43,"vegan":true,"vegetarian":true,"image":"https://d25t2285lxl5rf.cloudfront.net/images/dishes/619b6375-cb03-42c5-a1c6-51f5fc072fd7.jpg","notFood":false,"drinks":false},{"name":"מרק וון טון","description":"ציר עוף וירקות עם כיסוני עוף מטוגנים","price":41,"vegan":false,"vegetarian":false,"image":"https://d25t2285lxl5rf.cloudfront.net/images/dishes/1f265e69-0e15-4ae1-b376-b8fed344f3f4.jpg","notFood":false,"drinks":false},{"name":"מרק קוואטיו ירקות","description":"","price":43,"vegan":true,"vegetarian":true,"image":"https://d25t2285lxl5rf.cloudfront.net/images/dishes/89f824c2-9b49-45fd-9b90-55bdc8c85135.jpg","notFood":false,"drinks":false},{"name":"קושיאקי פרגית","description":"","price":26,"vegan":false,"vegetarian":false,"image":"https://d25t2285lxl5rf.cloudfront.net/images/dishes/ac5f41af-1167-4ce9-8abe-4a98e3089611.jpg","notFood":false,"drinks":false},{"name":"קושיאקי סלמון","description":"","price":29,"vegan":false,"vegetarian":false,"image":"https://d25t2285lxl5rf.cloudfront.net/images/dishes/f8547760-7ad5-4ebc-896a-56ff9b8c7315.jpg","notFood":false,"drinks":false},{"name":"קושיאקי פילה בקר","description":"","price":41,"vegan":false,"vegetarian":false,"image":"https://d25t2285lxl5rf.cloudfront.net/images/dishes/5ebf753b-6b38-4abe-b886-68749e79da8f.jpg","notFood":false,"drinks":false},{"name":"אורז שום","description":"אורז מטוגן עם שום, בצל ירוק,ביצה ורוטב סויה","price":12,"vegan":false,"vegetarian":true,"image":"https://d25t2285lxl5rf.cloudfront.net/images/dishes/34cdca20-8289-461d-af0d-cb2a29c4e5e7.jpg","notFood":false,"drinks":false},{"name":"אורז מאודה","description":"","price":10,"vegan":true,"vegetarian":true,"image":"https://d25t2285lxl5rf.cloudfront.net/images/dishes/44aa9622-cc95-424c-b119-08965a403733.jpg","notFood":false,"drinks":false},{"name":"קושיאקי אספרגוס ושום קריספי","description":"","price":29,"vegan":true,"vegetarian":true,"image":"","notFood":false,"drinks":false},{"name":"פאד תאי","description":"אטריות אורז עם טופו, נבטים, נטיפי ביצה וירקות  ברוטב פאד תאי.","price":47,"vegan":false,"vegetarian":true,"image":"https://d25t2285lxl5rf.cloudfront.net/images/dishes/20f6868a-5de4-41bd-87b9-d7239a81931f.jpg","notFood":false,"drinks":false},{"name":"פאד סי יו","description":"אטריות אורז רחבות עם 3 סוגי פטריות, פאקצוי, נטיפי ביצה ובצל ירוק ","price":55,"vegan":false,"vegetarian":true,"image":"https://d25t2285lxl5rf.cloudfront.net/images/dishes/ea94fb4d-4e34-4ce2-a304-f11325c4e0f3.jpg","notFood":false,"drinks":false},{"name":"קארי קוקוס \n","description":"אטריות ביצים ברוטב קארי אדום, חלב קוקוס וחמאת בוטנים עם פלפלים צבעונים  - מנה חריפה ! לא ניתן לבקש לא חריף","price":47,"vegan":false,"vegetarian":true,"image":"https://d25t2285lxl5rf.cloudfront.net/images/dishes/6f85b7eb-6343-4e7a-96b6-fa0484b8e51e.jpg","notFood":false,"drinks":false},{"name":"קארי במבוק","description":"רוטב קארי אדום, נצרי במבוק, חצילים ובזיליקום. מוגש לצד\nאורז מאודה - מנה חריפה. לא ניתן לבקש לא חריף ","price":48,"vegan":true,"vegetarian":true,"image":"https://d25t2285lxl5rf.cloudfront.net/images/dishes/32412d35-b6b7-4cfe-a5ac-066e9557834a.jpg","notFood":false,"drinks":false},{"name":"קאטסו  פרגית \n","description":"שניצל פרגית בפנקו קריספי , רוטב שום, אורז מאודה וסלט חמוצים \n","price":56,"vegan":false,"vegetarian":false,"image":"https://d25t2285lxl5rf.cloudfront.net/images/dishes/4da1d754-512f-4fa6-8ffa-709891c9942c.jpg","notFood":false,"drinks":false},{"name":"עוף בקשיו","description":"נתחי פרגית, שלושה סוגי פלפלים, פלפל יבש, בצל וקשיו\r\n","price":64,"vegan":false,"vegetarian":false,"image":"https://d25t2285lxl5rf.cloudfront.net/images/dishes/188b7e8c-c24b-42cf-92f3-460c3f298f88.jpg","notFood":false,"drinks":false},{"name":"נאם מן הוי עוף","description":"שלושה סוגי פטריות, בקצ'ואי, אספרגוס, שום ובצל ירוק. מוגש על אורז\n","price":64,"vegan":false,"vegetarian":false,"image":"https://d25t2285lxl5rf.cloudfront.net/images/dishes/7f8422f9-6ab5-4edb-b866-7c30fa0810f3.jpg","notFood":false,"drinks":false},{"name":"נאם מן הוי בקר","description":"שלושה סוגי פטריות, בקצ'ואי, אספרגוס, שום ובצל ירוק. מוגש על אורז","price":64,"vegan":false,"vegetarian":false,"image":"https://d25t2285lxl5rf.cloudfront.net/images/dishes/302f3878-5964-4d37-ad75-efe716de9e96.jpg","notFood":false,"drinks":false},{"name":"נאם מן הוי צמחוני","description":"שלושה סוגי פטריות, בקצ'ואי, אספרגוס, שום ובצל ירוק. מוגש על אורז","price":55,"vegan":true,"vegetarian":true,"image":"","notFood":false,"drinks":false},{"name":"טפאן יאקי אספרגוס  ופטריות","description":"צרוב על הפלנצ'ה לצד ירקות חתוכים גס ","price":55,"vegan":true,"vegetarian":true,"image":"https://d25t2285lxl5rf.cloudfront.net/images/dishes/cb2e01cd-51e3-4142-a0da-7af3ce68c940.jpg","notFood":false,"drinks":false},{"name":"טפאן יאקי פילה דניס","description":"צרוב על הפלנצ'ה לצד ירקות חתוכים גס ","price":88,"vegan":false,"vegetarian":false,"image":"https://d25t2285lxl5rf.cloudfront.net/images/dishes/c48b50af-8f3c-4a12-b5ba-ffddf9d5f52e.jpg","notFood":false,"drinks":false},{"name":"טפאן יאקי פילה סלמון","description":"צרוב על הפלנצ'ה לצד ירקות חתוכים גס ","price":82,"vegan":false,"vegetarian":false,"image":"https://d25t2285lxl5rf.cloudfront.net/images/dishes/c3410720-8113-4ff7-9c5b-3aa7c2767f7c.jpg","notFood":false,"drinks":false},{"name":"טפאן יאקי פרגית","description":"צרוב על הפלנצ'ה לצד ירקות חתוכים גס ","price":75,"vegan":false,"vegetarian":false,"image":"https://d25t2285lxl5rf.cloudfront.net/images/dishes/0c94facf-40b6-4c0d-8ac0-657fc757b75f.jpg","notFood":false,"drinks":false},{"name":"טפאן יאקי פילה בקר","description":"צרוב על הפלנצ'ה לצד ירקות חתוכים גס ","price":135,"vegan":false,"vegetarian":false,"image":"https://d25t2285lxl5rf.cloudfront.net/images/dishes/30e0e55a-a78d-481f-a805-3486c8ee4f4d.jpg","notFood":false,"drinks":false},{"name":"סשימי רול","description":"4 יח' סשימי טונה וסלמון, עירית, אבוקדו עטופים במלפפון \n","price":48,"vegan":false,"vegetarian":false,"image":"https://d25t2285lxl5rf.cloudfront.net/images/dishes/12babcd8-b787-499d-8484-1e67987eae36.jpg","notFood":false,"drinks":false},{"name":"רול משולש","description":"סלמון, טונה וילטייל, מיונז ואבוקדו עטוף בפצפוצי טמפורה","price":49,"vegan":false,"vegetarian":false,"image":"https://d25t2285lxl5rf.cloudfront.net/images/dishes/e10cb189-afd0-4771-be2b-2aaa0893e463.jpg","notFood":false,"drinks":false},{"name":"שניצרול","description":"שניצל קריספי בפנים,מלפפון עטוף באבוקדו ורוטב טריאקי","price":42,"vegan":false,"vegetarian":false,"image":"https://d25t2285lxl5rf.cloudfront.net/images/dishes/2b66195a-33ca-4d4d-ab45-f77017ffbc9a.jpg","notFood":false,"drinks":false},{"name":"ריינבו דגים\n","description":"רול ירקות, עטוף בשלושה סוגי דגים","price":49,"vegan":false,"vegetarian":false,"image":"https://d25t2285lxl5rf.cloudfront.net/images/dishes/bb6d3458-6bb9-4965-9bc3-3f9f8696902d.jpg","notFood":false,"drinks":false},{"name":"במבה רול","description":"4 יחידות. רול מטוגן, סלמון חמאת בוטנים ומלפפון","price":44,"vegan":false,"vegetarian":false,"image":"https://d25t2285lxl5rf.cloudfront.net/images/dishes/e1f284e7-53b8-4ed9-ae77-2b587fd944b2.jpg","notFood":false,"drinks":false},{"name":"קוביאשי","description":"סלמון טמפורה ואבוקדו, עירית וקראנצי סלק","price":44,"vegan":false,"vegetarian":false,"image":"https://d25t2285lxl5rf.cloudfront.net/images/dishes/fd9c9d07-4eed-468a-a09b-05305ecaeb0b.jpg","notFood":false,"drinks":false},{"name":"סאטורי","description":"6 יחידות. סלמון אבוקדו בפנים עטוף בשלושה סוגי דגים ופרי עונתי","price":49,"vegan":false,"vegetarian":false,"image":"https://d25t2285lxl5rf.cloudfront.net/images/dishes/e76f3711-10c2-4d5c-a2ea-b4ec0a723238.jpg","notFood":false,"drinks":false},{"name":"טונה סלמון טטאקי","description":"טונה, אבוקדו ובצל ירוק, עטוף בטטאקי סלמון\n","price":49,"vegan":false,"vegetarian":false,"image":"https://d25t2285lxl5rf.cloudfront.net/images/dishes/23c8619f-add0-4be2-a38a-8346134ce13d.jpg","notFood":false,"drinks":false},{"name":"דונאטס","description":"אורז ומיקס שומשום, עטוף בסלמון ואבוקדו.\n","price":44,"vegan":false,"vegetarian":false,"image":"https://d25t2285lxl5rf.cloudfront.net/images/dishes/56793a73-9f8e-4468-92fe-53f103dc4cc4.jpg","notFood":false,"drinks":false},{"name":"ני תאי מגורו","description":"טונה טטאקי, אבוקדו, ג'ינג'ר, פרי עונתי, אבקת צ'ילי גרוס וקוקוס קלוי \r\n","price":49,"vegan":false,"vegetarian":false,"image":"","notFood":false,"drinks":false},{"name":"מאקי אבוקדו","description":"אבוקדו ואצה","price":18,"vegan":true,"vegetarian":true,"image":"https://d25t2285lxl5rf.cloudfront.net/images/dishes/1f77a4e3-b564-48b5-8795-c56db1e4ec12.jpg","notFood":false,"drinks":false},{"name":"מאקי קליפורניה ירקות","description":"מלפפון, גזר, אבוקדו ואצה","price":18,"vegan":true,"vegetarian":true,"image":"https://d25t2285lxl5rf.cloudfront.net/images/dishes/57cae635-2288-4577-a023-f2b0d0e83c8e.jpg","notFood":false,"drinks":false},{"name":"מאקי סורימי","description":"שש יחידות","price":28,"vegan":true,"vegetarian":true,"image":"https://d25t2285lxl5rf.cloudfront.net/images/dishes/6db8ed4f-9a9f-40c3-8886-99d7652cde9e.jpg","notFood":false,"drinks":false},{"name":"מאקי ספייסי טונה","description":"שש יחידות","price":29,"vegan":false,"vegetarian":false,"image":"https://d25t2285lxl5rf.cloudfront.net/images/dishes/fcc77f79-e9f2-479d-a730-208b0ef54756.jpg","notFood":false,"drinks":false},{"name":"מאקי אינטיאס ובצל ירוק","description":"שש יחידות","price":32,"vegan":true,"vegetarian":true,"image":"https://d25t2285lxl5rf.cloudfront.net/images/dishes/ba357110-7323-4f6b-963a-127dab0f857d.jpg","notFood":false,"drinks":false},{"name":"מאקי דניס ואבוקדו","description":"שש יחידות","price":27,"vegan":false,"vegetarian":false,"image":"https://d25t2285lxl5rf.cloudfront.net/images/dishes/7a6c7f7f-5703-4511-8751-f9ca0fd80b7c.jpg","notFood":false,"drinks":false},{"name":"מאקי סלמון","description":"שש יחידות","price":27,"vegan":false,"vegetarian":false,"image":"","notFood":false,"drinks":false},{"name":"מאקי טונה","description":"שש יחידות","price":29,"vegan":false,"vegetarian":false,"image":"","notFood":false,"drinks":false},{"name":"סלמון ואבוקדו","description":"8 יחידות ,אפשר ספייסי","price":41,"vegan":false,"vegetarian":false,"image":"https://d25t2285lxl5rf.cloudfront.net/images/dishes/299015b9-f898-4360-9445-b541c418db20.jpg","notFood":false,"drinks":false},{"name":"סלמון אפוי ומתקתק","description":"8 יחידות. מלפפון, גזר ואבוקדו עטוף בסלמון אפוי וטריאקי","price":44,"vegan":false,"vegetarian":false,"image":"https://d25t2285lxl5rf.cloudfront.net/images/dishes/00a940be-dde8-4bbe-9e08-a3c49a693312.jpg","notFood":false,"drinks":false},{"name":"קטרפילר סלמון","description":"8 יחידות. סלמון אפוי ומלפפון עטוף באבוקדו וטריאקי","price":44,"vegan":false,"vegetarian":false,"image":"https://d25t2285lxl5rf.cloudfront.net/images/dishes/7071130a-1ed9-45ee-a546-2f862abd9298.jpg","notFood":false,"drinks":false},{"name":"סלמון אקזוטי","description":"8 יחידות. סלמון ואבוקדו עטוף בפרי עונתי","price":41,"vegan":false,"vegetarian":false,"image":"https://d25t2285lxl5rf.cloudfront.net/images/dishes/0cdc8ae2-a23d-429f-bd2a-9773223113ac.jpg","notFood":false,"drinks":false},{"name":"סלמון קראנץ'","description":"8 יחידות. סלמון, אבוקדו ופצפוצי טמפורהעטוף בסלמון ואבוקדו","price":44,"vegan":false,"vegetarian":false,"image":"https://d25t2285lxl5rf.cloudfront.net/images/dishes/cab053cd-995d-47e1-aa91-3bdc397f4a46.jpg","notFood":false,"drinks":false},{"name":"סלמון סקין ואבוקדו","description":"8 יחידות. סלמון צרוב, וואסאבי ובצל ירוק ואבוקדו עטוף בסקין קריספי","price":40,"vegan":false,"vegetarian":false,"image":"https://d25t2285lxl5rf.cloudfront.net/images/dishes/337509e0-8168-4a5d-9001-7a4c91a5bbbd.jpg","notFood":false,"drinks":false},{"name":"סנדוויץ' סלמון מטוגן","description":"4 יחידות עם סלמון, אבוקדו. מטוגן בטמפורה ","price":44,"vegan":false,"vegetarian":false,"image":"https://d25t2285lxl5rf.cloudfront.net/images/dishes/7ce0a2fa-9684-4e35-b54e-3d2852921775.jpg","notFood":false,"drinks":false},{"name":"סנדוויץ' סלמון לא מטוגן","description":"4 יחידות. אבוקדו וצ'יפס בטטה","price":44,"vegan":false,"vegetarian":false,"image":"https://d25t2285lxl5rf.cloudfront.net/images/dishes/f58ef5cc-edaf-4fd5-bcd6-402e1e89dbb5.jpg","notFood":false,"drinks":false},{"name":"סלמון טריאקי","description":"סקין קריספי, אבוקדו גזר ואספרגוס עטוף בסלמון טריאקי ועירית \n","price":41,"vegan":false,"vegetarian":false,"image":"https://d25t2285lxl5rf.cloudfront.net/images/dishes/30581fc1-cb8f-4eb2-8559-fe56bded1631.jpg","notFood":false,"drinks":false},{"name":"ספייסי סלמון","description":"סלמון, אבוקדו, פלפל ירוק חריף ואספרגוס, עטוף במלפפון.\n","price":41,"vegan":false,"vegetarian":false,"image":"https://d25t2285lxl5rf.cloudfront.net/images/dishes/efd3cfe5-923b-4473-a926-6ea9274c6059.jpg","notFood":false,"drinks":false},{"name":"סלמון בטטה רול","description":"8 יחידות. סלמון גזר ובטטה, עטוף בסלמון, בטטה ושבבי טמפורה","price":44,"vegan":false,"vegetarian":false,"image":"https://d25t2285lxl5rf.cloudfront.net/images/dishes/9a9cb31a-2c76-4e40-b62a-42e18e933f74.jpg","notFood":false,"drinks":false},{"name":"קריסטל סלמון","description":"6 יח' ללא אורז- סלמון וירקות עטופים בדף אורז. \r\n","price":42,"vegan":false,"vegetarian":false,"image":"https://d25t2285lxl5rf.cloudfront.net/images/dishes/2067066.jpg","notFood":false,"drinks":false},{"name":"רוקנרול","description":"8 יחידות. טונה פיקנטית ואבוקדו עטוף בטונה צרובה ורוטב פונזו","price":51,"vegan":false,"vegetarian":false,"image":"https://d25t2285lxl5rf.cloudfront.net/images/dishes/f2904c8c-ce9b-4782-83ef-3488d11e82e7.jpg","notFood":false,"drinks":false},{"name":"טונה קראנץ'","description":"8 יחידות. טונה ואבוקדו עם פצפוצי טמפורה עטוף בטונה ואבוקדו","price":51,"vegan":false,"vegetarian":false,"image":"https://d25t2285lxl5rf.cloudfront.net/images/dishes/ee323ab6-0b71-4f49-8144-f1ce2058a9cd.jpg","notFood":false,"drinks":false},{"name":"טונה טמפורה","description":"8 יחידות. טונה בטמפורה עם אבוקדו וצ'יפס בטטה מבחוץ","price":44,"vegan":false,"vegetarian":false,"image":"https://d25t2285lxl5rf.cloudfront.net/images/dishes/2c5150f9-08e0-48c9-9d36-f1ad4de4033e.jpg","notFood":false,"drinks":false},{"name":"סנדוויץ' טונה","description":"4 יחידות. טונה ואבוקדו בפנים, מצופה שבבי טמפורה","price":48,"vegan":false,"vegetarian":false,"image":"https://d25t2285lxl5rf.cloudfront.net/images/dishes/2038ab47-156a-4f8c-89b9-4d9ea440ffdf.jpg","notFood":false,"drinks":false},{"name":"ספייסי טונה","description":"8 יחידות. טונה קצוצה, אבוקדו, ספייסי מיונז ובצל ירוק  \n\n","price":46,"vegan":false,"vegetarian":false,"image":"https://d25t2285lxl5rf.cloudfront.net/images/dishes/fcb0cc92-6533-4e03-a7be-b9250c4db90b.jpg","notFood":false,"drinks":false},{"name":"צ'ילי ספייסי טונה","description":"טונה, אספרגוס, אבוקדו, עטוף בשומשום ושבבי צ'ילי ירוק ואדום\n","price":48,"vegan":false,"vegetarian":false,"image":"https://d25t2285lxl5rf.cloudfront.net/images/dishes/b05eac9d-72ac-4caa-b646-7ed5a62ece4b.jpg","notFood":false,"drinks":false},{"name":"אינטיאס אפוי ומתקתק\n\n","description":"8 יחידות. קליפורניה בפנים עטוף בילוטייל אפוי וטריאקי","price":46,"vegan":false,"vegetarian":false,"image":"https://d25t2285lxl5rf.cloudfront.net/images/dishes/1ad55ac8-6850-4fc0-b814-83aaa2d0a4b0.jpg","notFood":false,"drinks":false},{"name":"אינטיאס וסלק קראנץ'\n","description":"8 יחידות. עם אבוקדו עטוף בסלק קראנצ'י","price":46,"vegan":true,"vegetarian":true,"image":"https://d25t2285lxl5rf.cloudfront.net/images/dishes/967d2fcd-cde2-4078-adc5-46facc876f86.jpg","notFood":false,"drinks":false},{"name":"אינטיאס ג'אז","description":"8 יחידות. ספייסי אינטיאס ואבוקדו, עטוף בטטאקי אינטיאס, עירית ורוטב פונזו\n","price":52,"vegan":true,"vegetarian":true,"image":"https://d25t2285lxl5rf.cloudfront.net/images/dishes/879377dd-5743-4fa1-b984-5711a2cab13e.jpg","notFood":false,"drinks":false},{"name":"דניס קראנץ'","description":"8 יחידות. דניס ואבוקדו , עטוף בדניס ואבוקדו ופצפוצי טמפורה","price":41,"vegan":false,"vegetarian":false,"image":"https://d25t2285lxl5rf.cloudfront.net/images/dishes/5fef0c49-f4c9-4d12-bba2-e321fdbcb44c.jpg","notFood":false,"drinks":false},{"name":"קטרפילר דניס","description":" 8 יחידות. דניס אפוי ומלפפון, עטוף אבוקדו עם רוטב טריאקי מעל\n","price":41,"vegan":false,"vegetarian":false,"image":"https://d25t2285lxl5rf.cloudfront.net/images/dishes/fb6f7bb3-7185-4db3-84f8-20640d0660f8.jpg","notFood":false,"drinks":false},{"name":"בס טמפורה","description":"8 יח , בס ף אבוקודו ומלפפון עטוף בפצפוצי טמפורה","price":41,"vegan":true,"vegetarian":true,"image":"https://d25t2285lxl5rf.cloudfront.net/images/dishes/dcbeafee-16b2-4256-b15c-2eb47484c45d.jpg","notFood":false,"drinks":false},{"name":"קריסטל אינטיאס","description":"פרוסות אינטיאס וירקות עטופים בדף אורז \r\n","price":48,"vegan":true,"vegetarian":true,"image":"","notFood":false,"drinks":false},{"name":"ריינבו ירקות","description":"מלפפון, גזר ואבוקדו עטוף בבטטה ואבוקדו","price":32,"vegan":true,"vegetarian":true,"image":"https://d25t2285lxl5rf.cloudfront.net/images/dishes/c88d2c50-0977-4f97-9774-29cd45f6e556.jpg","notFood":false,"drinks":false},{"name":"בטטה מאקי קריספי","description":"8 יחידות. בטטה מטוגנת, אבוקדו, עטוף בבטטה קריספית","price":32,"vegan":true,"vegetarian":true,"image":"https://d25t2285lxl5rf.cloudfront.net/images/dishes/7d9defcc-fc6d-4ef7-b6cd-120c6b8f00ea.jpg","notFood":false,"drinks":false},{"name":"טופו רול","description":"8 יחידות. טופו קמפיו מלפפון ואבוקדו","price":32,"vegan":true,"vegetarian":true,"image":"https://d25t2285lxl5rf.cloudfront.net/images/dishes/feec01b5-55d0-4da8-8bc1-0cb30b00016f.jpg","notFood":false,"drinks":false},{"name":"פוראסט רול","description":"8 יחידות. פטריות שיטאקי, טמאגו וקמפיו עטוף בעירית.\n","price":32,"vegan":false,"vegetarian":true,"image":"https://d25t2285lxl5rf.cloudfront.net/images/dishes/8a25ce95-db44-4ed0-ab98-5467fb10bb24.jpg","notFood":false,"drinks":false},{"name":"סלט מאקי","description":"6 יחידות. ללא אורז, עטוף בדף אורז עם כל סוגי הירקות","price":36,"vegan":true,"vegetarian":true,"image":"https://d25t2285lxl5rf.cloudfront.net/images/dishes/71fb07ef-702b-4afe-bada-007051b4ec5a.jpg","notFood":false,"drinks":false},{"name":"קליפורניה טמפורה רול","description":"8 יחידות. מלפפון, גזר ואבוקדו, עטוף בירקות טמפורה\n","price":36,"vegan":true,"vegetarian":true,"image":"https://d25t2285lxl5rf.cloudfront.net/images/dishes/21ed6307-44ff-4273-a828-9eebe3fb02f7.jpg","notFood":false,"drinks":false},{"name":"סנדוויץ' צמחוני מטוגן","description":"ארבעה משולשים, בטטה, טמאגו, אבוקדו וחמאת בוטנים עם רוטב טריאקי מעל\n","price":39,"vegan":false,"vegetarian":true,"image":"https://d25t2285lxl5rf.cloudfront.net/images/dishes/2f265395-5696-46f7-a1db-35381af53e7f.jpg","notFood":false,"drinks":false},{"name":"סשימי סלמון","description":"","price":38,"vegan":false,"vegetarian":false,"image":"https://d25t2285lxl5rf.cloudfront.net/images/dishes/27f3f5ba-1e75-4f0e-9bc3-c2a04049bee6.jpg","notFood":false,"drinks":false},{"name":"סשימי בס","description":"","price":38,"vegan":false,"vegetarian":false,"image":"https://d25t2285lxl5rf.cloudfront.net/images/dishes/804a389e-bacb-4433-829f-71082a4c1a9c.jpg","notFood":false,"drinks":false},{"name":"סשימי דניס","description":"4 יחידות","price":38,"vegan":false,"vegetarian":false,"image":"https://d25t2285lxl5rf.cloudfront.net/images/dishes/e6ed3d55-a17a-4697-a1f2-5a3298c4be54.jpg","notFood":false,"drinks":false},{"name":"סשימי טונה אדומה","description":"","price":46,"vegan":false,"vegetarian":false,"image":"https://d25t2285lxl5rf.cloudfront.net/images/dishes/991b4b7a-e4e6-4bc8-a3c3-f66656a08712.jpg","notFood":false,"drinks":false},{"name":"סשימי אינטיאס","description":"","price":48,"vegan":true,"vegetarian":true,"image":"https://d25t2285lxl5rf.cloudfront.net/images/dishes/7f537dd9-6cff-40a0-beb6-12784b38c424.jpg","notFood":false,"drinks":false},{"name":"ניגירי סלמון","description":"","price":28,"vegan":false,"vegetarian":false,"image":"https://d25t2285lxl5rf.cloudfront.net/images/dishes/6879a6e6-5e90-4d87-80ff-852656ad6be5.jpg","notFood":false,"drinks":false},{"name":"ניגירי בס","description":"","price":28,"vegan":false,"vegetarian":false,"image":"https://d25t2285lxl5rf.cloudfront.net/images/dishes/f93ee8a8-eb37-47f1-beba-23dc37aaa296.jpg","notFood":false,"drinks":false},{"name":"ניגירי דניס","description":"","price":28,"vegan":false,"vegetarian":false,"image":"https://d25t2285lxl5rf.cloudfront.net/images/dishes/0b6183a8-6871-4cda-a470-8af4666a7a3c.jpg","notFood":false,"drinks":false},{"name":"ניגירי טונה אדומה","description":"","price":36,"vegan":false,"vegetarian":false,"image":"https://d25t2285lxl5rf.cloudfront.net/images/dishes/38ba955c-0cbb-4a0f-9f70-d41bc3ea5183.jpg","notFood":false,"drinks":false},{"name":"ניגירי אינטיאס\n","description":"","price":36,"vegan":true,"vegetarian":true,"image":"https://d25t2285lxl5rf.cloudfront.net/images/dishes/e5967330-2946-4de7-a9f1-37198fdf79f4.jpg","notFood":false,"drinks":false},{"name":"ניגירי יאקי דו","description":"סלמון וטונה צרובים קלות, בצל סגול, ספייסי וטריאקי \r\n","price":34,"vegan":false,"vegetarian":false,"image":"https://d25t2285lxl5rf.cloudfront.net/images/dishes/38022ce3-00de-4284-8b7f-df84feea956b.jpg","notFood":false,"drinks":false},{"name":"ניגירי ספייסי מאגורו","description":"ספייסי טונה קצוצה, בצל ירוק ופצפוצי טמפורה עטוף באצה","price":34,"vegan":false,"vegetarian":false,"image":"https://d25t2285lxl5rf.cloudfront.net/images/dishes/8a403f63-c14f-4728-a837-313338a7250e.jpg","notFood":false,"drinks":false},{"name":"ניגירי שה פו","description":"סלמון וטונה, עירית, ג'ינג'ר, לימון ופלפל חריף \r\n","price":34,"vegan":false,"vegetarian":false,"image":"https://d25t2285lxl5rf.cloudfront.net/images/dishes/d526799b-2470-4c9c-bcc3-3eca8ca30ac1.jpg","notFood":false,"drinks":false},{"name":"ניגירי איקורה","description":"מלפפון, עטוף באצה \n","price":42,"vegan":true,"vegetarian":true,"image":"https://d25t2285lxl5rf.cloudfront.net/images/dishes/aa2f454b-a480-40b5-860f-e3e84a507b9c.jpg","notFood":false,"drinks":false},{"name":"דגים בטמפורה","description":"סלמון ודניס מטוגנים בטמפורה עם רוטב בצד \n","price":32,"vegan":false,"vegetarian":false,"image":"https://d25t2285lxl5rf.cloudfront.net/images/dishes/cfbd639e-11ef-44f8-a9c3-36420fa1884a.jpg","notFood":false,"drinks":false},{"name":"פאד תאי ילדים","description":"אטריות אורז, ירקות ונטפי ביצה \n","price":32,"vegan":false,"vegetarian":true,"image":"","notFood":false,"drinks":false},{"name":"טורי קאטצ'ו","description":"חזה עוף מטוגן  בציפוי פנקו לצד  אורז מאודה \n","price":32,"vegan":false,"vegetarian":false,"image":"","notFood":false,"drinks":false},{"name":"מגש ירקות 80 יח'","description":"2 ריינבו ירקות\n1 ריינבו ללא אבוקדו\n2 בטטה מאקי קריספי\n2 קליפורניה ירקות\n1 קליפורניה ללא אבוקדו\n2 טופו רול\n","price":330,"vegan":true,"vegetarian":true,"image":"https://d25t2285lxl5rf.cloudfront.net/images/dishes/76078ec3-bc19-405d-a29b-374e36ddba84.jpg","notFood":false,"drinks":false},{"name":"מגש ירקות 120 יח'","description":"2 ריינבו ירקות\n1 ריינבו ללא אבוקדו\n2 בטטה מאקי קריספי\n2 קליפורניה ירקות\n3 טופו רול\n2 קליפורניה ללא אבוקדו\n3 קליפורניה עם שבבי סלק\n","price":450,"vegan":true,"vegetarian":true,"image":"https://d25t2285lxl5rf.cloudfront.net/images/dishes/d926f5f4-70cd-4324-ad33-6df19ade7087.jpg","notFood":false,"drinks":false},{"name":"מגש דגים 80 יח'","description":"2 סלמון קראנצ'\n1 סלמון בטטה\n2 טונה קראנצ'\n1אינטיאס וקראנצ' סלק\n1 דניס בטטה \n1 סלמון אבוקדו\n1 טונה אבוקדו \n1 דניס קראנצ'\n","price":420,"vegan":false,"vegetarian":false,"image":"https://d25t2285lxl5rf.cloudfront.net/images/dishes/6e417563-caf1-4430-b268-d9d1461107ec.jpg","notFood":false,"drinks":false},{"name":"מגש דגים 120 יח'","description":"2 סלמון אבוקדו\n2 ספייסי טונה ואבוקדו\n2 דניס קראנצ'\n2 סלמון קראנצ'\n1סלמון בטטה\n2 טונה קראנצ'\n1 אינטיאס וסלק קראנצ'\n1דניס בטטה\n2 רול משולש\n","price":590,"vegan":false,"vegetarian":false,"image":"https://d25t2285lxl5rf.cloudfront.net/images/dishes/82a1e000-a258-4600-a6a2-b966912e8a6b.jpg","notFood":false,"drinks":false},{"name":"מגש מעורב 80 יח'","description":"1 סלמון קראנצ'\n1סלמון בטטה\n1טונה קראנצ'\n1טונה בטטה\n1 אינטיאס וקראנצ' סלק\n2 ריינבו ירקות\n1 ריינבו ללא אבוקדו\n1 בטטה מאקי קריספי\n1 קליפורניה ירקות\n","price":370,"vegan":false,"vegetarian":false,"image":"https://d25t2285lxl5rf.cloudfront.net/images/dishes/2a5ae3df-2508-4e7f-bc7f-0a0b3f46da03.jpg","notFood":false,"drinks":false},{"name":"מגש מעורב 120 יח'","description":"2 סלמון קראנצ'\n1 סלמון בטטה\n2 טונה קראנצ'\n2 אינטיאס וקראנצ' סלק\n1 דניס בטטה \n2 ריינבו ירקות\n2 בטטה מאקי קריספי\n1 סלמון אבוקדו\n1טונה אבוקדו\n2 קליפורניה ירקות\n","price":490,"vegan":false,"vegetarian":false,"image":"https://d25t2285lxl5rf.cloudfront.net/images/dishes/79d7fd56-051f-41c9-85f6-7b289a7c2ef3.jpg","notFood":false,"drinks":false},{"name":"מגש חמוצים יפנים","description":"ירקות מוחמצים מתוקים","price":195,"vegan":true,"vegetarian":true,"image":"https://d25t2285lxl5rf.cloudfront.net/images/dishes/bd1ee2a6-05d3-491b-9e92-ceea9ff195cd.jpg","notFood":false,"drinks":false},{"name":"מגש פאד תאי","description":"אטריות אורז דקות עם טופו, נבטים ירקות וביצה ברוטב פאד תאי.","price":380,"vegan":false,"vegetarian":true,"image":"https://d25t2285lxl5rf.cloudfront.net/images/dishes/f7beb733-7dd2-4dc3-b15f-e1681f68346a.jpg","notFood":false,"drinks":false},{"name":"מגש קארי קוקוס","description":"אטריות ביצים ברוטב קארי אדום, חלב קוקוס וחמאת בוטנים עם פלפלים צבעונים - מנה חריפה ! ","price":380,"vegan":false,"vegetarian":true,"image":"https://d25t2285lxl5rf.cloudfront.net/images/dishes/8f859d7b-1fe8-457f-ac52-0dfbc9130b9e.jpg","notFood":false,"drinks":false},{"name":"מגש פאד סי יו\n","description":"אטריות אורז רחבות עם 3 סוגי פטריות, פאקצוי, בצל ירוק וביצה.","price":440,"vegan":false,"vegetarian":true,"image":"https://d25t2285lxl5rf.cloudfront.net/images/dishes/429dcaaa-7330-4257-9c58-86642bc3c81a.jpg","notFood":false,"drinks":false},{"name":"מגש נאם מן הוי עוף","description":"רצועות עוף, אספרגוס, פאקצוי, 3 סוגי פטריות, שום, ברוטב פטריות, מוגש על אורז מאודה","price":440,"vegan":false,"vegetarian":false,"image":"https://d25t2285lxl5rf.cloudfront.net/images/dishes/9ec9631a-a13b-4495-b6bb-2453971c5820.jpg","notFood":false,"drinks":false},{"name":"מגש נאם מן הוי בקר","description":"רצועות בקר, אספרגוס, פאקצוי, 3 סוגי פטריות, שום, ברוטב פטריות, מוגש על אורז מאודה","price":510,"vegan":false,"vegetarian":false,"image":"https://d25t2285lxl5rf.cloudfront.net/images/dishes/c01d91ff-421b-478f-a068-fd12b46da4fd.jpg","notFood":false,"drinks":false},{"name":"מגש סלט אטריות שעועית","description":"אטריות שעועית, מלפפונים, אצות, שיטאקי, טמאגו וג'ינג'ר.","price":340,"vegan":false,"vegetarian":true,"image":"https://d25t2285lxl5rf.cloudfront.net/images/dishes/cc5d70b5-fab9-4f68-8496-aa263c99da8f.jpg","notFood":false,"drinks":false},{"name":"מגש הריון 80 יח'","description":"1 סלמון אפוי ומתקתק\n1 בטטה מאקי קריספי\n1 קטרפילר סלמון\n1 קטרפילר דניס \n1 בס טמפורה \n1 קוביאשי\n2 ריינבו ירקות\n1 אוקי בס\n1 קליפורניה טמפורה\n","price":380,"vegan":false,"vegetarian":false,"image":"https://d25t2285lxl5rf.cloudfront.net/images/dishes/b613cff1-7c0b-44a5-908a-aa691dd766ba.jpg","notFood":false,"drinks":false},{"name":"מגש הריון 120 יח'","description":" סלמון אפוי ומתקתק\n2 בטטה מאקי קריספי\n2 קטרפילר סלמון\n2 קטרפילר דניס\n1 בס טמפורה\n1 קוביאשי\n2 ריינבו ירקות\n2 אוקי בס\n1 קליפורניה טמפורה רול\n","price":570,"vegan":false,"vegetarian":false,"image":"https://d25t2285lxl5rf.cloudfront.net/images/dishes/47960e61-0f80-444f-b9c6-99d53c5c50fc.jpg","notFood":false,"drinks":false},{"name":"קומבינציה קלאסית","description":"22 יחידות. סלמון אבוקדו, קליפורניה, ספייסי טונה אבוקדו","price":85,"vegan":false,"vegetarian":false,"image":"https://d25t2285lxl5rf.cloudfront.net/images/dishes/77afd46e-eb7b-477c-a6df-0168f07e5153.jpg","notFood":false,"drinks":false},{"name":"קומבינציה זוגית","description":"סלמון קראנץ', ספייסי טונה אבוקדו, אינטיאס וסלק, בטטה קריספי וסנדוויץ' סלמון מטוגן \n","price":184,"vegan":false,"vegetarian":false,"image":"https://d25t2285lxl5rf.cloudfront.net/images/dishes/8282efb9-4f86-4f81-be80-1d78ce9212b0.jpg","notFood":false,"drinks":false},{"name":"קומבינצית ספיישל","description":"(26 יח') רול משולש, סלמון אקזוטי, אינטיאס גאז, טונה סלמון טטאקי וסנדוויץ' סלמון מטוגן ","price":198,"vegan":false,"vegetarian":false,"image":"https://d25t2285lxl5rf.cloudfront.net/images/dishes/d3bcd141-9a71-4681-9882-230b4b37ef82.jpg","notFood":false,"drinks":false},{"name":"קומבינצית סלמון","description":"18 יחידות. סשימי סלמון, 3 מאקי, 3 ניגירי, סלמון ואבוקדו","price":112,"vegan":false,"vegetarian":false,"image":"https://d25t2285lxl5rf.cloudfront.net/images/dishes/38639db8-2d20-402e-b710-e5bc2f0ca657.jpg","notFood":false,"drinks":false},{"name":"סושי וסשימי","description":"40 יחידות. 2 יח' סשימי סלמון, 2 יח' סשימי טונה, 2 יח' סשימי ילוטייל, 1 יח' ניגירי סלמון, 1 יח' ניגירי בס, 1 יח' ניגירי טונה, 1 יח' ניגירי דניס, ספייסי טונה מאקי, סלמון אבוקדו, מאקי אינטיאס ובצל ירוק וטונה סלמון טטאקי \n","price":239,"vegan":false,"vegetarian":false,"image":"https://d25t2285lxl5rf.cloudfront.net/images/dishes/59dd1b79-5959-4f0e-ac3b-1815c3122f07.jpg","notFood":false,"drinks":false},{"name":"קומבינציית סשימי","description":"(21 יח'). 3 יח' סלמון, 3 יח' טונה, 3 יח' דניס, 3 יח' בס, 4 יח' טמאגו, 3 יח' ילוטייל ו-2 יח' סורימי\n","price":155,"vegan":false,"vegetarian":false,"image":"https://d25t2285lxl5rf.cloudfront.net/images/dishes/9b86c4a7-65be-4050-a765-4297a292537b.jpg","notFood":false,"drinks":false},{"name":"קומבינצית דגים","description":"סלמון אבוקדו , דניס קראנץ' ומאקי ספייסי טונה\n","price":98,"vegan":false,"vegetarian":false,"image":"https://d25t2285lxl5rf.cloudfront.net/images/dishes/071135c2-b201-446a-accb-76c99ac1a663.jpg","notFood":false,"drinks":false},{"name":"קומבינציה צמחונית","description":"24 יחידות. 8 יח' ריינבו ירקות, 8 יח' טופו רול, 8 יח' בטטה מאקי קריספי.","price":68,"vegan":true,"vegetarian":true,"image":"https://d25t2285lxl5rf.cloudfront.net/images/dishes/c963a616-4ada-403e-be59-8a36167b677e.jpg","notFood":false,"drinks":false},{"name":"קומבינציה ללא אורז","description":"סשימי רול, אקמון, סלט מאקי\n","price":98,"vegan":true,"vegetarian":true,"image":"https://d25t2285lxl5rf.cloudfront.net/images/dishes/e63470a6-7527-4e9a-b94f-7b22dfbff3db.jpg","notFood":false,"drinks":false},{"name":"קומבינציה אפויה","description":"20 יח. קטרפילר סלמון, קוביאשי, אינטיאס אפוי ומתקתק\n","price":92,"vegan":false,"vegetarian":false,"image":"https://d25t2285lxl5rf.cloudfront.net/images/dishes/fff3934c-fb83-4d89-a1c0-2c536fa6545d.jpg","notFood":false,"drinks":false},{"name":"קומבינצית הריון זוגית","description":"קטרפילר סלמון, בס טמפורה, ריינבו ירקות, פוראסט רול וסנדוויץ' סלמון מטוגן\n","price":174,"vegan":false,"vegetarian":false,"image":"https://d25t2285lxl5rf.cloudfront.net/images/dishes/14f17544-d5b8-45dc-80a0-66cff7101ff7.jpg","notFood":false,"drinks":false},{"name":"פרלינה שוקולד קרמל","description":"מוס שוקולד בתוך מעטפת שוקולד ושבבי אגוזים,\r\nמוגש על קראמבל שוקולד","price":44,"vegan":false,"vegetarian":true,"image":"https://d25t2285lxl5rf.cloudfront.net/images/dishes/63a8b171-ecb8-4b3a-83b1-6353861efc3e.jpg","notFood":false,"drinks":false},{"name":"קופסה 6 מוצ'י","description":"יש לבחור מהטעמים (יש לרשום בהערות): מנגו טרופי, שומשום\r\nשחור, פסיפלורה, קוקוס קלוי, מאצ'ו, נענע-אננס, דובדבן, פיסטוק, שוקולד, וניל","price":54,"vegan":false,"vegetarian":true,"image":"","notFood":false,"drinks":false},{"name":"קופסה 12 מוצ'י","description":"יש לבחור מהטעמים (יש לרשום בהערות): מנגו טרופי, שומשום\r\nשחור, פסיפלורה, קוקוס קלוי, מאצ'ו, נענע-אננס, דובדבן, פיסטוק, שוקולד, וניל","price":108,"vegan":false,"vegetarian":true,"image":"","notFood":false,"drinks":false},{"name":"מים מינרלים\n","description":"","price":10,"vegan":true,"vegetarian":true,"image":"","notFood":false,"drinks":false},{"name":"סודה קינלי","description":"","price":10,"vegan":true,"vegetarian":true,"image":"","notFood":false,"drinks":true},{"name":"ענבים","description":"","price":10,"vegan":true,"vegetarian":true,"image":"","notFood":false,"drinks":true},{"name":"תפוזים","description":"","price":10,"vegan":true,"vegetarian":true,"image":"","notFood":false,"drinks":false},{"name":"בירה שחורה","description":"","price":10,"vegan":true,"vegetarian":true,"image":"","notFood":false,"drinks":true},{"name":"פחית קוקה קולה","description":"","price":8,"vegan":true,"vegetarian":true,"image":"","notFood":false,"drinks":true},{"name":"פחית קולה זירו","description":"","price":8,"vegan":true,"vegetarian":true,"image":"","notFood":false,"drinks":true},{"name":"פחית ספרייט","description":"","price":9,"vegan":true,"vegetarian":true,"image":"","notFood":false,"drinks":true},{"name":"פחית ספרייט זירו","description":"","price":8,"vegan":true,"vegetarian":true,"image":"","notFood":false,"drinks":true},{"name":"תה קר אדום","description":"","price":10,"vegan":true,"vegetarian":true,"image":"","notFood":false,"drinks":false},{"name":"תה למון גראס","description":"","price":10,"vegan":true,"vegetarian":true,"image":"","notFood":false,"drinks":false},{"name":"לימונדה","description":"","price":10,"vegan":true,"vegetarian":true,"image":"","notFood":false,"drinks":false},{"name":"ג'ינג'ר אייל","description":"","price":10,"vegan":true,"vegetarian":true,"image":"","notFood":false,"drinks":false},{"name":"מי טוניק","description":"","price":10,"vegan":true,"vegetarian":true,"image":"","notFood":false,"drinks":true},{"name":"סודה","description":"","price":10,"vegan":true,"vegetarian":true,"image":"","notFood":false,"drinks":true}]}