{"track_id":"13714","filters":["homeMade","meatGrill"],"image":"https://tenbis-static.azureedge.net/restaurant-default-card-image/CuzineType_homemade_03.jpg","address":"הרב הרצוג, 27 גבעתיים","location":[34.8168376,32.0615408],"name":"אצל מלי ","city":"גבעתיים","priceAverage":32.910714285714285,"menu":[{"name":"חמגשית עם סלטים","price":20,"vegan":true,"vegetarian":true,"image":"https://d25t2285lxl5rf.cloudfront.net/images/dishes/1e660ba2-0550-4e5c-b6c5-0b5811369ee1.12","notFood":false,"drinks":false},{"name":"פלאפל","description":"מוגש עם שתי תוספות ושלושה סלטים לבחירה\t","price":35,"vegan":true,"vegetarian":true,"image":"https://d25t2285lxl5rf.cloudfront.net/images/dishes/3638707b-c64a-48a4-a15d-3f0f2d85a522.12","notFood":false,"drinks":false},{"name":"חביתה","description":"מוגש עם שתי תוספות ושלושה סלטים לבחירה\t","price":35,"vegan":false,"vegetarian":true,"image":"https://d25t2285lxl5rf.cloudfront.net/images/dishes/65321f12-3e43-48ee-bcd6-4f6042fd9193.12","notFood":false,"drinks":false},{"name":"חביתת ירק","description":"מוגש עם שתי תוספות ושלושה סלטים לבחירה\t","price":35,"vegan":true,"vegetarian":true,"image":"https://d25t2285lxl5rf.cloudfront.net/images/dishes/14e5a7d9-451a-4793-a30f-be4d199609fa.12","notFood":false,"drinks":false},{"name":"שניצל","description":"מוגש עם שתי תוספות ושלושה סלטים לבחירה\t","price":48,"vegan":false,"vegetarian":false,"image":"https://d25t2285lxl5rf.cloudfront.net/images/dishes/738f5afc-0fd6-4201-bdd9-9ad3df3d1064.12","notFood":false,"drinks":false},{"name":"חזה עוף","description":"מוגש עם שתי תוספות ושלושה סלטים לבחירה\t","price":48,"vegan":false,"vegetarian":false,"image":"https://d25t2285lxl5rf.cloudfront.net/images/dishes/18bbf0ea-ac0c-4638-ba5f-336bc7797acc.12","notFood":false,"drinks":false},{"name":"קבב","description":"מוגש עם שתי תוספות ושלושה סלטים לבחירה\t","price":55,"vegan":false,"vegetarian":false,"image":"https://d25t2285lxl5rf.cloudfront.net/images/dishes/0480db9f-73b8-4087-80d3-218feb334889.12","notFood":false,"drinks":false},{"name":"פרגית","description":"מוגש עם שתי תוספות ושלושה סלטים לבחירה\t","price":55,"vegan":false,"vegetarian":false,"image":"https://d25t2285lxl5rf.cloudfront.net/images/dishes/59204ecd-e563-4cfe-9344-beeb4c601562.12","notFood":false,"drinks":false},{"name":"המבורגר","description":"מוגש עם שתי תוספות ושלושה סלטים לבחירה\t","price":50,"vegan":false,"vegetarian":false,"image":"https://d25t2285lxl5rf.cloudfront.net/images/dishes/cd1f3f2e-c0b7-4d17-8c69-7c86a9a2e457.12","notFood":false,"drinks":false},{"name":"מעורב","description":"מוגש עם שתי תוספות ושלושה סלטים לבחירה\t","price":55,"vegan":true,"vegetarian":true,"image":"https://d25t2285lxl5rf.cloudfront.net/images/dishes/5777b5cd-c333-449b-9a26-45094a867df5.12","notFood":false,"drinks":false},{"name":"שווארמה","description":"מוגש עם שתי תוספות ושלושה סלטים לבחירה\t","price":55,"vegan":false,"vegetarian":false,"image":"https://d25t2285lxl5rf.cloudfront.net/images/dishes/a4aab7e7-b014-43a2-b8dd-3591f996fbf3.12","notFood":false,"drinks":false},{"name":"שניצל","description":"מוגש עם מגוון סלטים לבחירה","price":35,"vegan":false,"vegetarian":false,"image":"https://d25t2285lxl5rf.cloudfront.net/images/dishes/7fac2f27-bba1-46df-b4d2-bccf5130f4c1.12","notFood":false,"drinks":false},{"name":"פלאפל","description":"מוגש עם מגוון סלטים לבחירה ","price":20,"vegan":true,"vegetarian":true,"notFood":false,"drinks":false},{"name":"חביתת ירק","description":"מוגש עם מגוון סלטים לבחירה","price":25,"vegan":true,"vegetarian":true,"notFood":false,"drinks":false},{"name":"חביתה","description":"מוגש עם מגוון סלטים לבחירה ","price":25,"vegan":false,"vegetarian":true,"notFood":false,"drinks":false},{"name":"חזה עוף","description":"מוגש עם מגוון סלטים לבחירה","price":35,"vegan":false,"vegetarian":false,"notFood":false,"drinks":false},{"name":"המבורגר","description":"מוגש עם מגוון סלטים לבחירה","price":30,"vegan":false,"vegetarian":false,"notFood":false,"drinks":false},{"name":"קבב","description":"מוגש עם מגוון סלטים לבחירה","price":37,"vegan":false,"vegetarian":false,"notFood":false,"drinks":false},{"name":"פרגיות","description":"מוגש עם מגוון סלטים לבחירה","price":37,"vegan":false,"vegetarian":false,"notFood":false,"drinks":false},{"name":"שווארמה","description":"מוגש עם מגוון סלטים לבחירה","price":37,"vegan":false,"vegetarian":false,"notFood":false,"drinks":false},{"name":"פלאפל","description":"מוגש עם מגוון סלטים לבחירה ","price":25,"vegan":true,"vegetarian":true,"notFood":false,"drinks":false},{"name":"נקניקיות","description":"מוגש עם מגוון סלטים לבחירה ","price":30,"vegan":true,"vegetarian":true,"notFood":false,"drinks":false},{"name":"חביתה","description":"מוגש עם מגוון סלטים לבחירה ","price":30,"vegan":false,"vegetarian":true,"notFood":false,"drinks":false},{"name":"חביתת ירק","description":"מוגש עם מגוון סלטים לבחירה","price":30,"vegan":true,"vegetarian":true,"notFood":false,"drinks":false},{"name":"שניצל \n","description":"מוגש עם מגוון סלטים לבחירה","price":42,"vegan":false,"vegetarian":false,"notFood":false,"drinks":false},{"name":"חזה עוף","description":"מוגש עם מגוון סלטים לבחירה","price":42,"vegan":false,"vegetarian":false,"notFood":false,"drinks":false},{"name":"פרגיות","description":"מוגש עם מגוון סלטים לבחירה","price":45,"vegan":false,"vegetarian":false,"notFood":false,"drinks":false},{"name":"מעורב","description":"מוגש עם מגוון סלטים לבחירה","price":45,"vegan":true,"vegetarian":true,"notFood":false,"drinks":false},{"name":"המבורגר","description":"מוגש עם מגוון סלטים לבחירה","price":35,"vegan":false,"vegetarian":false,"notFood":false,"drinks":false},{"name":"קבב","description":"מוגש עם מגוון סלטים לבחירה","price":45,"vegan":false,"vegetarian":false,"notFood":false,"drinks":false},{"name":"שווארמה","description":"מוגש עם מגוון סלטים לבחירה","price":45,"vegan":false,"vegetarian":false,"notFood":false,"drinks":false},{"name":"שווארמה","description":"מוגש עם מגוון סלטים לבחירה","price":45,"vegan":false,"vegetarian":false,"image":"https://d25t2285lxl5rf.cloudfront.net/images/dishes/9b49b554-68ca-42d4-9c7c-9bdc21d2bdd3.12","notFood":false,"drinks":false},{"name":"פלאפל","description":"מוגש עם מגוון סלטים לבחירה ","price":25,"vegan":true,"vegetarian":true,"notFood":false,"drinks":false},{"name":"חביתת ירק","description":"מוגש עם מגוון סלטים לבחירה","price":30,"vegan":true,"vegetarian":true,"notFood":false,"drinks":false},{"name":"חביתה","description":"מוגש עם מגוון סלטים לבחירה ","price":30,"vegan":false,"vegetarian":true,"notFood":false,"drinks":false},{"name":"נקניקיות","description":"מוגש עם מגוון סלטים לבחירה ","price":30,"vegan":true,"vegetarian":true,"notFood":false,"drinks":false},{"name":"שניצל \n","description":"מוגש עם מגוון סלטים לבחירה","price":42,"vegan":false,"vegetarian":false,"notFood":false,"drinks":false},{"name":"חזה עוף","description":"מוגש עם מגוון סלטים לבחירה","price":42,"vegan":false,"vegetarian":false,"notFood":false,"drinks":false},{"name":"פרגיות","description":"מוגש עם מגוון סלטים לבחירה","price":45,"vegan":false,"vegetarian":false,"notFood":false,"drinks":false},{"name":"מעורב","description":"מוגש עם מגוון סלטים לבחירה","price":45,"vegan":true,"vegetarian":true,"notFood":false,"drinks":false},{"name":"המבורגר","description":"מוגש עם מגוון סלטים לבחירה","price":35,"vegan":false,"vegetarian":false,"notFood":false,"drinks":false},{"name":"קבב","description":"מוגש עם מגוון סלטים לבחירה","price":45,"vegan":false,"vegetarian":false,"notFood":false,"drinks":false},{"name":"סלט עוף","price":50,"vegan":false,"vegetarian":false,"image":"https://d25t2285lxl5rf.cloudfront.net/images/dishes/dbd2ee41-ef70-451a-8e4b-d89e89675b5b.12","notFood":false,"drinks":false},{"name":"סלט שניצל","price":50,"vegan":false,"vegetarian":false,"image":"https://d25t2285lxl5rf.cloudfront.net/images/dishes/c29e49d1-3722-4faa-b16a-166d8500cc92.12","notFood":false,"drinks":false},{"name":"סלט שווארמה","price":55,"vegan":false,"vegetarian":false,"image":"https://d25t2285lxl5rf.cloudfront.net/images/dishes/7fe5a119-3286-49e0-bb53-3523cd784301.12","notFood":false,"drinks":false},{"name":"פחית קוקה קולה","price":8,"vegan":true,"vegetarian":true,"notFood":false,"drinks":true},{"name":"פחית קוקה קולה זירו","price":8,"vegan":true,"vegetarian":true,"notFood":false,"drinks":true},{"name":"פחית דיאט קוקה קולה","price":8,"vegan":true,"vegetarian":true,"notFood":false,"drinks":true},{"name":"פחית ספרייט","price":8,"vegan":true,"vegetarian":true,"notFood":false,"drinks":true},{"name":"פחית דיאט ספרייט","price":8,"vegan":true,"vegetarian":true,"notFood":false,"drinks":true},{"name":"בקבוק פאנטה","price":8,"vegan":true,"vegetarian":true,"notFood":false,"drinks":true},{"name":"בקבוק נסטי","price":8,"vegan":true,"vegetarian":true,"notFood":false,"drinks":true},{"name":"בקבוק מים מינרלים","price":8,"vegan":true,"vegetarian":true,"notFood":false,"drinks":true},{"name":"בקבוק מים בטעמים - תפוח","price":8,"vegan":true,"vegetarian":true,"notFood":false,"drinks":true},{"name":"בקבוק קינלי סודה","price":8,"vegan":true,"vegetarian":true,"notFood":false,"drinks":true},{"name":"בקבוק פריגת ענבים","price":8,"vegan":true,"vegetarian":true,"notFood":false,"drinks":true}]}