{"track_id":"13715","filters":["pasta","pizza","salads"],"image":"https://tenbis-static.azureedge.net/restaurant-card-image/ResCard_13715_20220207103556.jpg","address":"הרוקמים, 26 חולון","location":[34.8006392,32.0077569],"name":"פיצה עגבניה חולון ","city":"אזור","priceAverage":34.382716049382715,"menu":[{"name":"קישים במגוון טעמים","description":"","price":35,"vegan":true,"vegetarian":true,"image":"https://d25t2285lxl5rf.cloudfront.net/images/dishes/59109fc0-bd34-4240-be0e-a110114e7738.jpg","notFood":false,"drinks":false},{"name":"פסטה רוזה","description":"רוטב עגבניות עם רוטב שמנת, שמן זית, שום ופסטו","price":44,"vegan":false,"vegetarian":true,"image":"https://d25t2285lxl5rf.cloudfront.net/images/dishes/e104b7ab-0eff-4c69-b4a5-e93163d0f2cd.jpg","notFood":false,"drinks":false},{"name":"סלט יווני","description":"חסה ,עגבניה, מלפפון,גזר,בצל סגול ,זיתים שחורים ,גמבה","price":36,"vegan":true,"vegetarian":true,"image":"https://d25t2285lxl5rf.cloudfront.net/images/dishes/82e1e65a-96ed-408f-ac28-af7aa3ab6138.jpg","notFood":false,"drinks":false},{"name":"פסטה פומדורו","description":"רוטב עגבניות ,שמן זית,שום ","price":44,"vegan":true,"vegetarian":true,"image":"https://d25t2285lxl5rf.cloudfront.net/images/dishes/ba3a5b97-6f41-41d0-bf58-298231ac32bb.jpg","notFood":false,"drinks":false},{"name":"פסטה ברוטב קארי פטריות","description":"רוטב שמנת, פטריות קארי","price":44,"vegan":false,"vegetarian":true,"image":"https://d25t2285lxl5rf.cloudfront.net/images/dishes/aeb36b25-efe2-4878-97e7-5ac8364108a3.jpg","notFood":false,"drinks":false},{"name":"סלט טונה","description":"חסה ,עגבניה ,מלפפון,גזר ,סלט טונה ,ביצה קשה,בצל,עלים ירוקים","price":36,"vegan":false,"vegetarian":false,"image":"https://d25t2285lxl5rf.cloudfront.net/images/dishes/dda57a56-51c1-4da5-982e-033734d63c5d.jpg","notFood":false,"drinks":false},{"name":"2 מגשי פיצה מרגריטה + בקבוק שתייה 1.5 ליטר","description":"","price":112,"vegan":false,"vegetarian":true,"image":"","notFood":false,"drinks":true},{"name":"סלט גדול","description":"מוגש עם לחם שום ושתיה לבחירה","price":48,"vegan":true,"vegetarian":true,"image":"","notFood":false,"drinks":false},{"name":"פיצה מרגריטה","description":"מוגש עם בקבוק שתיה","price":117,"vegan":false,"vegetarian":true,"image":"","notFood":false,"drinks":true},{"name":"פסטה","description":"מוגש עם סלט ושתיה","price":55,"vegan":true,"vegetarian":true,"image":"","notFood":false,"drinks":false},{"name":"סלט יווני","description":"חסה ,עגבניה, מלפפון,גזר,בצל סגול ,זיתים שחורים ,גמבה","price":36,"vegan":true,"vegetarian":true,"image":"https://d25t2285lxl5rf.cloudfront.net/images/dishes/82e1e65a-96ed-408f-ac28-af7aa3ab6138.jpg","notFood":false,"drinks":false},{"name":"סלט טונה","description":"חסה ,עגבניה ,מלפפון,גזר ,סלט טונה ,ביצה קשה,בצל,עלים ירוקים","price":36,"vegan":false,"vegetarian":false,"image":"https://d25t2285lxl5rf.cloudfront.net/images/dishes/dda57a56-51c1-4da5-982e-033734d63c5d.jpg","notFood":false,"drinks":false},{"name":"סלט בהרכבה","description":"","price":20,"vegan":true,"vegetarian":true,"image":"","notFood":false,"drinks":false},{"name":"עסקית סלט בהרכבה","description":"סלט בהרכבה מוגש עם לחם שום או מנת פתיחה ושתייה לבחירה","price":38,"vegan":true,"vegetarian":true,"image":"","notFood":false,"drinks":false},{"name":"מרק","description":"מוגש עם שקדי מרק","price":20,"vegan":true,"vegetarian":true,"image":"","notFood":false,"drinks":false},{"name":"סלט בריאות","description":"חסה ,עגבניה ,מלפפון,אנטיפסטי ,גזר,פטרוזליה ,עגבניות שרי,","price":36,"vegan":true,"vegetarian":true,"image":"","notFood":false,"drinks":false},{"name":"סלט גדול בהרכבה פלוס תוספת 1","description":"","price":39,"vegan":true,"vegetarian":true,"image":"","notFood":false,"drinks":false},{"name":"סלט בינוני בהרכבה פלוס 2 תוספות","description":"","price":30,"vegan":true,"vegetarian":true,"image":"","notFood":false,"drinks":false},{"name":"פיצה אישית","description":"","price":32,"vegan":false,"vegetarian":true,"image":"","notFood":false,"drinks":false},{"name":"שני מגשי מרגריטה משפחתי","description":"","price":112,"vegan":true,"vegetarian":true,"image":"","notFood":false,"drinks":false},{"name":"פיצה אישית תוספות","description":"","price":36,"vegan":false,"vegetarian":true,"image":"","notFood":false,"drinks":false},{"name":"מגש L","description":"","price":62,"vegan":true,"vegetarian":true,"image":"","notFood":false,"drinks":false},{"name":"מגש L עם תוספות","description":"","price":68,"vegan":true,"vegetarian":true,"image":"","notFood":false,"drinks":false},{"name":"מגש XL","description":"","price":72,"vegan":true,"vegetarian":true,"image":"","notFood":false,"drinks":false},{"name":"מגש XL תוספות","description":"","price":80,"vegan":true,"vegetarian":true,"image":"","notFood":false,"drinks":false},{"name":"זיווה","description":"זיווה פלוס ביצה רסק עגבניות טחינה סחוג או פסטו","price":28,"vegan":false,"vegetarian":true,"image":"","notFood":false,"drinks":false},{"name":"שני מגשי מרגריטה משפחתי עם תוספות","description":"","price":124,"vegan":true,"vegetarian":true,"image":"","notFood":false,"drinks":false},{"name":"מלבן פיצה מרגריטה","description":"","price":82,"vegan":false,"vegetarian":true,"image":"","notFood":false,"drinks":false},{"name":"מלבן פיצה עם תספות","description":"","price":88,"vegan":false,"vegetarian":true,"image":"","notFood":false,"drinks":false},{"name":"חצי מגש מרגריטה","description":"","price":41,"vegan":true,"vegetarian":true,"image":"","notFood":false,"drinks":false},{"name":"חצי מגש תוספות","description":"","price":44,"vegan":true,"vegetarian":true,"image":"","notFood":false,"drinks":false},{"name":"מגש מרגריטה","description":"","price":82,"vegan":true,"vegetarian":true,"image":"","notFood":false,"drinks":false},{"name":"מגש תוספות עם תוספות","description":"","price":88,"vegan":true,"vegetarian":true,"image":"","notFood":false,"drinks":false},{"name":"פסטה פומדורו","description":"רוטב עגבניות ,שמן זית,שום ","price":44,"vegan":true,"vegetarian":true,"image":"https://d25t2285lxl5rf.cloudfront.net/images/dishes/ba3a5b97-6f41-41d0-bf58-298231ac32bb.jpg","notFood":false,"drinks":false},{"name":"פסטה מלנזנה","description":"רוטב עגבניות , שמן זית, חצילים, קלמטה ופסטו","price":44,"vegan":true,"vegetarian":true,"image":"https://d25t2285lxl5rf.cloudfront.net/images/dishes/e0a40a1a-4155-451d-b758-0f69e2921925.jpg","notFood":false,"drinks":false},{"name":"פסטה רוזה","description":"רוטב עגבניות עם רוטב שמנת, שמן זית, שום ופסטו","price":44,"vegan":false,"vegetarian":true,"image":"https://d25t2285lxl5rf.cloudfront.net/images/dishes/e104b7ab-0eff-4c69-b4a5-e93163d0f2cd.jpg","notFood":false,"drinks":false},{"name":"פסטה ברוטב קארי בטטות","description":"רוטב שמנת, שמן זית, בטטה וקארי","price":44,"vegan":false,"vegetarian":true,"image":"https://d25t2285lxl5rf.cloudfront.net/images/dishes/000abd7f-5542-4e0e-9daa-511bd6de1517.jpg","notFood":false,"drinks":false},{"name":"פסטה ברוטב קארי פטריות","description":"רוטב שמנת, פטריות קארי","price":44,"vegan":false,"vegetarian":true,"image":"https://d25t2285lxl5rf.cloudfront.net/images/dishes/aeb36b25-efe2-4878-97e7-5ac8364108a3.jpg","notFood":false,"drinks":false},{"name":"פונג'י","description":"רוטב שמנת, שמן זית ופטריות","price":44,"vegan":false,"vegetarian":true,"image":"","notFood":false,"drinks":false},{"name":"פסטה אנטיפסטי","description":"רוטב שמנת עם ירקות מובחרים לבחירה","price":44,"vegan":false,"vegetarian":true,"image":"","notFood":false,"drinks":false},{"name":"פסטה פנה שמנת פטריות","description":"ברוטב שמנת פטריות","price":44,"vegan":false,"vegetarian":true,"image":"","notFood":false,"drinks":false},{"name":"סנדוויץ טונה","description":"עלי חסה ,עגבניה,ביצה ורטבים","price":20,"vegan":false,"vegetarian":false,"image":"","notFood":false,"drinks":false},{"name":"סנדוויץ צהובה","description":"עלי חסה,עגבניה,מלפפון ורטבים לבחירה","price":20,"vegan":true,"vegetarian":true,"image":"","notFood":false,"drinks":false},{"name":"סנדוויץ בולגרית","description":"עלי חסה,עגבניה,מלפפון ורטבים","price":20,"vegan":false,"vegetarian":true,"image":"","notFood":false,"drinks":false},{"name":"קישים במגוון טעמים","description":"","price":35,"vegan":true,"vegetarian":true,"image":"https://d25t2285lxl5rf.cloudfront.net/images/dishes/59109fc0-bd34-4240-be0e-a110114e7738.jpg","notFood":false,"drinks":false},{"name":"תפוח אדמה מוקרם","description":"","price":35,"vegan":true,"vegetarian":true,"image":"","notFood":false,"drinks":false},{"name":"זיוה בטעמים מיוחדים","description":"מוגש עם ביצה ורסק עגבניות","price":35,"vegan":false,"vegetarian":true,"image":"","notFood":false,"drinks":false},{"name":"טוסט בהרכבה","description":"","price":35,"vegan":true,"vegetarian":true,"image":"","notFood":false,"drinks":false},{"name":"לחם שום","description":"","price":9,"vegan":true,"vegetarian":true,"image":"","notFood":false,"drinks":false},{"name":"מלבי","description":"","price":12,"vegan":true,"vegetarian":true,"image":"","notFood":false,"drinks":false},{"name":"עוגת גבינה","description":"","price":12,"vegan":false,"vegetarian":true,"image":"","notFood":false,"drinks":false},{"name":"מוס בוואריה","description":"","price":12,"vegan":true,"vegetarian":true,"image":"","notFood":false,"drinks":false},{"name":"מים בטעמים - תפוח","description":"","price":10,"vegan":true,"vegetarian":true,"image":"","notFood":false,"drinks":false},{"name":"בקבוק 1.5 קוקה קולה","description":"","price":15,"vegan":true,"vegetarian":true,"image":"","notFood":false,"drinks":true},{"name":"בקבוק 1.5 קוקה קולה זירו","description":"","price":15,"vegan":true,"vegetarian":true,"image":"","notFood":false,"drinks":true},{"name":"בקבוק 1.5 דיאט קוקה קולה","description":"","price":15,"vegan":true,"vegetarian":true,"image":"","notFood":false,"drinks":true},{"name":"בקבוק 1.5 ספרייט","description":"","price":15,"vegan":true,"vegetarian":true,"image":"","notFood":false,"drinks":true},{"name":"בקבוק 1.5 דיאט ספרייט","description":"","price":15,"vegan":true,"vegetarian":true,"image":"","notFood":false,"drinks":true},{"name":"פחית קוקה קולה","description":"","price":10,"vegan":true,"vegetarian":true,"image":"","notFood":false,"drinks":true},{"name":"פחית דיאט קוקה קולה","description":"","price":10,"vegan":true,"vegetarian":true,"image":"","notFood":false,"drinks":true},{"name":"פחית קוקה קולה זירו","description":"","price":10,"vegan":true,"vegetarian":true,"image":"","notFood":false,"drinks":true},{"name":"פחית ספרייט","description":"","price":10,"vegan":true,"vegetarian":true,"image":"","notFood":false,"drinks":true},{"name":"פחית דיאט ספרייט","description":"","price":10,"vegan":true,"vegetarian":true,"image":"","notFood":false,"drinks":true},{"name":"פחית פאנטה","description":"","price":10,"vegan":true,"vegetarian":true,"image":"","notFood":false,"drinks":false},{"name":"בקבוק קוקה קולה","description":"","price":10,"vegan":true,"vegetarian":true,"image":"","notFood":false,"drinks":true},{"name":"בקבוק דיאט קוקה קולה","description":"","price":10,"vegan":true,"vegetarian":true,"image":"","notFood":false,"drinks":true},{"name":"בקבוק קוקה קולה זירו","description":"","price":10,"vegan":true,"vegetarian":true,"image":"","notFood":false,"drinks":true},{"name":"בקבוק ספרייט","description":"","price":10,"vegan":true,"vegetarian":true,"image":"","notFood":false,"drinks":true},{"name":"בקבוק דיאט ספרייט","description":"","price":10,"vegan":true,"vegetarian":true,"image":"","notFood":false,"drinks":true},{"name":"בקבוק פאנטה","description":"","price":10,"vegan":true,"vegetarian":true,"image":"","notFood":false,"drinks":true},{"name":"בקבוק קינלי סודה","description":"","price":10,"vegan":true,"vegetarian":true,"image":"","notFood":false,"drinks":true},{"name":"בקבוק פיוז טי - אפרסק","description":"","price":10,"vegan":true,"vegetarian":true,"image":"","notFood":false,"drinks":true},{"name":"בקבוק פריגת - ענבים","description":"","price":10,"vegan":true,"vegetarian":true,"image":"","notFood":false,"drinks":true},{"name":"בקבוק פריגת - תפוזים","description":"","price":10,"vegan":true,"vegetarian":true,"image":"","notFood":false,"drinks":true},{"name":"בקבוק פריגת - לימונדה","description":"","price":10,"vegan":true,"vegetarian":true,"image":"","notFood":false,"drinks":true},{"name":"בקבוק פריגת - אשכוליות","description":"","price":10,"vegan":true,"vegetarian":true,"image":"","notFood":false,"drinks":true},{"name":"בקבוק פריגת - תפוחים","description":"","price":10,"vegan":true,"vegetarian":true,"image":"","notFood":false,"drinks":true},{"name":"מים בטעמים - אפרסק","description":"","price":10,"vegan":true,"vegetarian":true,"image":"","notFood":false,"drinks":false},{"name":"נביעות - מים מינרלים","description":"","price":8,"vegan":true,"vegetarian":true,"image":"","notFood":false,"drinks":false},{"name":"פריגת ענבים","description":"פריגת ענבים1.5","price":15,"vegan":true,"vegetarian":true,"image":"","notFood":false,"drinks":true},{"name":"פריגת ענבים 1.5","description":"פריגת ענבים1.5","price":15,"vegan":true,"vegetarian":true,"image":"","notFood":false,"drinks":true}]}