{"track_id":"13779","filters":["salads","meatGrill","pasta"],"image":"https://tenbis-static.azureedge.net/restaurant-card-image/ResCard_13779_20191212104114.jpg","address":"האלוף יעקב פרי, 5 רחובות","location":[34.7872782,31.8975129],"name":" למון ליים בר סלטים ואוכל חם !","city":"קרית עקרון","priceAverage":33.93859649122807,"menu":[{"name":"בימי החורף יתכנו עיכובים בזמנים, איתכם הסליחה , הזמנות לאזור ראשל\"צ יסופקו עד השעה 13.00","vegan":true,"vegetarian":true,"notFood":false,"drinks":false},{"name":"סטייק פרגית על הפלאנצה","description":"סטייק פרגית בפלנצ'ה + 2 תוספות + סלט ירקות אישי + מלפפונים חמוצים + לחם + רוטב","price":54,"vegan":false,"vegetarian":false,"image":"https://d25t2285lxl5rf.cloudfront.net/images/dishes/c8d2ca7e-5e77-495b-b76b-541891cdb22b.jpg","notFood":false,"drinks":false},{"name":"רצועות פרגית בתיבול שווארמה","description":"סטייק פרגית בפלנצ'ה + 2 תוספות + סלט ירקות אישי + מלפפונים חמוצים + לחם + רוטב","price":53,"vegan":false,"vegetarian":false,"image":"https://d25t2285lxl5rf.cloudfront.net/images/dishes/5009e282-f771-4a36-8b7a-a9f29245cf61.jpg","notFood":false,"drinks":false},{"name":"רצועות פרגית בתיבול עוף","description":"רצועות פרגית + 2 תוספות + סלט ירקות אישי + מלפפונים חמוצים + לחם + רוטב","price":53,"vegan":false,"vegetarian":false,"image":"https://d25t2285lxl5rf.cloudfront.net/images/dishes/bfff3abf-9c18-45ed-a5f4-6416be55ffd1.jpg","notFood":false,"drinks":false},{"name":"חזה עוף על הפלאנצה","description":"חזה עוף + 2 תוספות + סלט ירקות אישי + מלפפונים חמוצים + לחם + רוטב ","price":53,"vegan":false,"vegetarian":false,"image":"https://d25t2285lxl5rf.cloudfront.net/images/dishes/5414e3c4-091b-4e15-a47e-18b7b17f7c4d.jpg","notFood":false,"drinks":false},{"name":"קבב ביתי על הפלאנצה","description":"קבב ביתי + 2 תוספות + סלט ירקות אישי + מלפפונים חמוצים + לחם + רוטב","price":53,"vegan":false,"vegetarian":false,"image":"https://d25t2285lxl5rf.cloudfront.net/images/dishes/5b0effe6-467e-440e-8f7a-8e981adb3f04.jpg","notFood":false,"drinks":false},{"name":"מיקס קבב+מרגז","description":"קבב ביתי +נקנקיות מרגז על הפלאנצהעם 2 תוספות לבחירה,סלט אישי, רטבים","price":53,"vegan":false,"vegetarian":false,"image":"https://d25t2285lxl5rf.cloudfront.net/images/dishes/1e8d70b1-3ffa-4116-9c5a-c46cc6981e95.jpg","notFood":false,"drinks":false},{"name":"קובה בשר ביתי","description":"קובה בשר+2 תוספות+סלט אישי לבחירה+2 רטבים+פחמימה לבחירה","price":52,"vegan":false,"vegetarian":false,"image":"https://d25t2285lxl5rf.cloudfront.net/images/dishes/a5a42c8e-bf5c-4f7a-95b9-e6c6a6973673.jpg","notFood":false,"drinks":false},{"name":"שוקיים בתנור","description":"שוקיים בתיבול+2 תוספות לבחירה+סלט אישי","price":50,"vegan":true,"vegetarian":true,"image":"https://d25t2285lxl5rf.cloudfront.net/images/dishes/bd76f3fe-4bf2-4713-b8b5-81baee7c5e83.jpg","notFood":false,"drinks":false},{"name":"שניצלונים+2 תוספות","description":"שניצלונים + 2 תוספות לבחירה","price":52,"vegan":false,"vegetarian":false,"image":"https://d25t2285lxl5rf.cloudfront.net/images/dishes/3ae3f65a-f59e-425f-894d-49be1f82cab1.jpeg","notFood":false,"drinks":false},{"name":"4 קציצות טבעוניות/צמחוניות","description":"4 קציצות לבחירה +2 תוספות+סלט אישי+2 רטבים לבחירה+פחמימה לבחירה","price":50,"vegan":true,"vegetarian":true,"image":"https://d25t2285lxl5rf.cloudfront.net/images/dishes/decfd441-ff4b-4143-90a1-ef46c5eb38e5.jpg","notFood":false,"drinks":false},{"name":"מגשית 3 תוספות","description":"3 תוספות לבחירה+סלט אישי+2 רטבים לבחירה+פחמימה לבחירה","price":32,"vegan":true,"vegetarian":true,"image":"https://d25t2285lxl5rf.cloudfront.net/images/dishes/c49c6530-5e5e-415c-a28a-a548093fcf54.jpg","notFood":false,"drinks":false},{"name":"קציצות בקר  ברוטב","description":"קציצות ברוטב+2 תוספות +סלט אישי בצד+2רטבים לבחירה+לחם לבחירה","price":53,"vegan":false,"vegetarian":false,"notFood":false,"drinks":false},{"name":"אושפלו אסלי","description":"תבשיל אורז מוקפץ על הפלאנצה עם ירקות ורצועות פרגית אמיתית, בליווי סלט אישי בצד ו2 רטבים לבחירה","price":46,"vegan":false,"vegetarian":false,"notFood":false,"drinks":false},{"name":"בשר גולש עם שעועית לבנה ברוטב","description":"בשר גולש עם שעועית לבנה ברוטב","price":53,"vegan":false,"vegetarian":false,"notFood":false,"drinks":false},{"name":"בשר גולש עם שעועית לבנה ברוטב","description":"בשר גולש עם שעועית לבנה ברוטב","price":53,"vegan":false,"vegetarian":false,"notFood":false,"drinks":false},{"name":"סלט שווארמה הרצל","description":"סלט 1 ליטר + לחם + 2 רטבים: חסה, עגבנייה, מלפפון, בורגול, גרגירי חומוס, בצל סגול, עשבי תיבול ושווארמה פרגית\nבתיבול מיוחד\n• סל","price":47,"vegan":false,"vegetarian":false,"image":"https://d25t2285lxl5rf.cloudfront.net/images/dishes/d75b4c21-1383-4524-a694-202198a033d5.jpg","notFood":false,"drinks":false},{"name":"סלט עוף מקסיקני - מומלץ","description":"עלי חסה, בייבי, כרוב,עגבניה,מלפפון,גמבות בצבעים, פטריות שמפניון, תירס, בצל סגול, בטטה, נתחי חזה בתיבול גריל וקראנץ' טורטיה. בתוספת 2 רטבים לבחירה, בליווי פחמימה לבחירה.","price":47,"vegan":false,"vegetarian":false,"image":"https://d25t2285lxl5rf.cloudfront.net/images/dishes/a389feee-98c3-444c-a87b-2e3907783275.jpg","notFood":false,"drinks":false},{"name":"סלט עוף","description":"עלי חסה, עליי בייבי, עגבניה, מלפפון, שעועית ירוקה, נבטים, תירסבתוספת 2 רטבים לבחירה, בליווי פחמימה לבחירה.","price":47,"vegan":false,"vegetarian":false,"image":"https://d25t2285lxl5rf.cloudfront.net/images/dishes/feb92da7-259c-4349-a23b-7ce95375fc2e.jpg","notFood":false,"drinks":false},{"name":"סלט חזה עוף חדש ומומלץ","description":"עלי חסה,מלפפון, עגבנייה ישראלית,גזר,פטריות,בצל סגול,עגבניות שרי,בתוספת אגוזי מלך ,בתוספת חזה עוף על הפלאנצה .הסלט מגיע ב750 מ\"ל, לבחירה פחמימה+2 רטבים.","price":50,"vegan":false,"vegetarian":false,"image":"https://d25t2285lxl5rf.cloudfront.net/images/dishes/6e496905-88ac-4ca2-b8a0-56f4e7357fca.jpg","notFood":false,"drinks":false},{"name":"סלט אנטריקוט","description":"עלי חסה, כרוב לבן,גזר,עגבניות שרי,בצל סגול,גמבה אדומה , מלפפון ,עגבנייה,בוטנים טחונים ורצועות אנטריקוט מפוזרות מעל - מגיע עם 2 רטבים לבחירה ופחמימה(לחם בריאות/לחמנייה כפרית/2 פרכיות)\n","price":54,"vegan":false,"vegetarian":false,"notFood":false,"drinks":false},{"name":"סלט שניצל","description":"סלט 750 מל,עלי חסה,עגבנייה,מלפפון,כרוב לבן,גזר,נבטים,עגבניות שרי, תירס, קוביות מלפפון חמוץ ,אגוזי מלך וחמוציות,רצועות צונגו שניצלונים מעל-  יש אפשרות להוריד 1 מהמרכיבים בהערות, מגיע עם 2 רטבים לבחירה, ופחמימה לבחירה","price":52,"vegan":false,"vegetarian":false,"notFood":false,"drinks":false},{"name":"סלט יווני","description":"עלי חסה, מלפפון, עגבנייה,גמבה אדומה, בצל סגול,תירס, זיתי קלמטה,קרוטונים,קוביות בולגרית, בליווי של 2 רטבים לבחירה ולחם לבחירה","price":47,"vegan":false,"vegetarian":true,"notFood":false,"drinks":false},{"name":"סלט יווני המשודרג","description":"עלי חסה,מלפפון,עגבנייה, שרי,גמבה, בצל סגול,תירס,זיתי קלמטה, זעתר, פסטה פנה, , צנונית וקוביות בולגרית   בליווי 2 רטבים לבחירה ולחם לבחירה ","price":49,"vegan":false,"vegetarian":true,"notFood":false,"drinks":false},{"name":"סלט פטה ים תיכוני","description":"חסה, עגבנייה, מלפפון, תירס, גמבה אדומה,עגבניות שרי,זיתי קלמטה, קרוטונים,וקוביות פטה  בליווי 2 רטבים לבחירה ולחם לבחירה","price":47,"vegan":false,"vegetarian":true,"notFood":false,"drinks":false},{"name":"סלט פטה מאתונה","description":"חסה, מלפפון, שרי, קינואה ,עדשים שחורות,אפונה, חמוציות,שעועית ירוקה,פטרוזיליה טונה וקוביות פטה  בליווי 2 רטבים לבחירה ולחםצ לבחירה","price":51,"vegan":false,"vegetarian":false,"notFood":false,"drinks":false},{"name":"סלט הצפתית שלנו","description":"חסה, מלפפון,שרי,כרוב סגול, בצל סגול,גמבה אדומה, קרוטונים, , זיתי קלמטה,חמוציות וגבינת צפתית   בליווי 2 רטבים לבחירה ולחם לבחירה","price":47,"vegan":false,"vegetarian":true,"notFood":false,"drinks":false},{"name":"סלט מוצרלה","description":"מיקס עלים, מלפפון,שרי, בצל סגול, עלי בזיליקום,תירס, זיתי קלמטה, קרוטונים , גמבה אדומה, וכדורי בייבי מוצרלה  בליווי 2 רטבים לבחירה ולחם לבחירה","price":49,"vegan":false,"vegetarian":true,"notFood":false,"drinks":false},{"name":"סלט טונה של ספורטאים - חדש!","description":"קינואה, עדשים שחורות, מלפפון, עגבניות ישראליות, בצל סגול, פטרוזיליה, חמוציות, אגוזי מלך, וגרעיני חמניה ונתחי טונה בהירה\n\nבליווי לחם ו2 רטבים לבחירה","price":46,"vegan":false,"vegetarian":false,"image":"https://d25t2285lxl5rf.cloudfront.net/images/dishes/4c645517-a2a1-4a8b-938d-b5352d73ab7e.jpg","notFood":false,"drinks":false},{"name":"סלט בורגול ועדשים שחורות","description":"סלט גדול עם בורגול, עדשים שחורות, עגבניות, מלפפון, אפונה, מיקס פלפלים, רצועות בטטה, אגוזי מלך, פטרוזיליה, נענע, חמוציות, בצל סגול.\nמוגש עם 2 רטבים לבחירה, ופחמימה לבחירה","price":44,"vegan":true,"vegetarian":true,"image":"https://d25t2285lxl5rf.cloudfront.net/images/dishes/e3ad5205-f5f8-47a8-a1b7-bef6e6acc33b.jpg","notFood":false,"drinks":false},{"name":"סלט ירושלמי","description":" סלט גדול המכיל: חסה, עגבניה, מלפפון, בצל סגול, פיטרוזיליה, נענע, כוסברה, ביצה קשה מגורדת, גרגירי חומוס. מוגש עם שני רטבים לבחירה ולחם הבית בצד\t","price":44,"vegan":false,"vegetarian":true,"image":"https://d25t2285lxl5rf.cloudfront.net/images/dishes/83fd5f37-924f-4843-a6f6-7f9f1b1b74a0.jpg","notFood":false,"drinks":false},{"name":"סלט טונה","description":"מיקס חסה ובייבי, מלפפון, עגבנייה, פלפלים צבעוניים, בצל סגול, קוביות מלפפון חמוץ, טונה, תירס, ביצה קשה, ופטרוזיליה.\nבליווי פחמימה לבחירה ו-2 רטבים לבחירה.","price":46,"vegan":false,"vegetarian":false,"image":"https://d25t2285lxl5rf.cloudfront.net/images/dishes/56db5895-ad50-4922-805f-218f3ce459ea.jpg","notFood":false,"drinks":false},{"name":"סלט פסטה איטלקי","description":"עגבניות, מלפפון, סלק עם בצל ופטרוזיליה, זיתים ירוקים, בצל סגול, פסטה דורום ופטריות שמפניון .","price":42,"vegan":true,"vegetarian":true,"image":"https://d25t2285lxl5rf.cloudfront.net/images/dishes/af39a51d-ad3e-4243-acda-53632df97ae0.jpg","notFood":false,"drinks":false},{"name":"סלט הכפר","description":"מיקס חסה ובייבי, עגבניה, מלפפון, עדשים שחורות, תירס, קוביות בטטה, גרגירי חומוס, נבטים, סלק אדום חי, קולורבי, קוביות מלפפון חמוץ, גרעיני חמניה גרעיני דלעת, בליווי לחם לבחירה, ו-2 רטבים לבחירה בתוספת טונה או נתחי עוף מוקפצים/טופו/ביצה","price":44,"vegan":false,"vegetarian":false,"image":"https://d25t2285lxl5rf.cloudfront.net/images/dishes/5855934c-a300-42ed-aa04-148b1ad26a09.jpg","notFood":false,"drinks":false},{"name":"סלט טופו","description":"גזר, עלי חסה, עליי בייבי,  מלפפון, עגבניות, כרוב לבן, תירס,  פטריות שמפניון, חמוציות, וקוביות טופו מתובלות בסויה. בליווי 2 רטבים לבחירה, ופחמימה לבחירה.","price":44,"vegan":true,"vegetarian":true,"image":"https://d25t2285lxl5rf.cloudfront.net/images/dishes/a62d9684-411b-4fd0-b371-6af1134e2a94.jpg","notFood":false,"drinks":false},{"name":"סלט סביח וירקות קלויים","description":"מלפפון, עלי חסה  ,עגבניה ,בצל סגול ,מלפפון חמוץ ,מעל קוביות תפו\"א וגרגירי חומוס, קוביות חציל וירקות קלויים, פטרוזיליה ובצל ירוק\nבליווי פחמימה לבחירה, ו-2 רטבים לבחירה\n","price":44,"vegan":true,"vegetarian":true,"image":"https://d25t2285lxl5rf.cloudfront.net/images/dishes/4f44276f-8a61-4deb-affd-9ce0b62ed2ad.jpg","notFood":false,"drinks":false},{"name":"סלט פטריות אסיאתי","description":"מכיל: חסה, מלפפון, נבטים סיניים, עגבניות שרי, שעועית ירוקה, אפונה, פטריות מוקפצות, כוסברה ואטריות שעועית מתובלות ברוטב אסיאתי\nבתוספת חלבון לבחירה\n מוגש עם 2 רטבים אסיאתיים, ופחמימה לבחירה.","price":45,"vegan":true,"vegetarian":true,"notFood":false,"drinks":false},{"name":"סלט ארטישוק ישראלי","description":"עלי חסה,מלפפון, עגבניות שרי ישראליות,פלפל אדום,גזר ,בצל סגול,זיתי קלמטה פרוסים,פטרוזיליה קצוצה, פלחי ארטישוק ירושלמי.\nהסלט מגיע ב750 מ\"ל\n2 רטבים לבחירה +פחמימה לבחירה","price":44,"vegan":true,"vegetarian":true,"notFood":false,"drinks":false},{"name":"סלט בורגול קלאסי","description":"עלי חסה, בצל סגול,פלפל אדום,מלפפון,פטרוזיליה קצוצה,עגבנייה,בצל ירוק,נענע, בורגול מתובל בשפע,עדשים שחורות, שקדים לבנים פרוסים.\nהסלט מגיע ב750 מ\"ל\nבתוספת 2 רטבים לבחירה, ופחמימה לבחירה","price":44,"vegan":true,"vegetarian":true,"notFood":false,"drinks":false},{"name":"סלט ישראלי קלאסי","description":"עלי חסה, עגבניות ישראליות,מלפפון,תירס,בצל סגול,פטריות שמפיניון,פלחי זיתי קלמטה,קרוטונים.\nהסלט מגיע בליווי 2 רטבים לבחירה+פחמימה לבחירה.\n\nהסלט בגודל 750 מ\"ל","price":42,"vegan":true,"vegetarian":true,"notFood":false,"drinks":false},{"name":"סלט ענק בהרכבה אישית","description":"סלט 1000 מ\"ל מוגש עם שני רטבים לבחירה ופחמימה לבחירה!\n","price":44,"vegan":true,"vegetarian":true,"image":"https://d25t2285lxl5rf.cloudfront.net/images/dishes/fea3e592-68cf-4893-bd6b-a362bcd782e8.jpg","notFood":false,"drinks":false},{"name":"סלט בהרכבה גדול","description":"סלט בהרכבה גדול 750 מ\"ל בתוספת 2 רטבים לבחירה ולחם לבחירה","price":38,"vegan":true,"vegetarian":true,"image":"https://d25t2285lxl5rf.cloudfront.net/images/dishes/d66e4a2c-3835-45b8-8a7b-4ae0e6848079.jpg","notFood":false,"drinks":false},{"name":"סלט בהרכבה בינוני - 500 מ\"ל","description":"סלט בהרכבה אישית, מלווה ברוטב לבחירה ולחם לבחירה!","price":30,"vegan":true,"vegetarian":true,"image":"https://d25t2285lxl5rf.cloudfront.net/images/dishes/5649660e-53f9-48d6-baa2-7ca2769c5197.jpg","notFood":false,"drinks":false},{"name":"עסקית סלט בהרכבה + שקשוקה מעגבניות טריות","description":"סלט בהרכבה 750 מ\"ל מלווה בשקשוקה ביתית מתובלת וטעימה\nבליווי 2 רטבים לבחירה\nופחמימה לבחירה\n","price":58,"vegan":true,"vegetarian":true,"image":"https://d25t2285lxl5rf.cloudfront.net/images/dishes/e0a9dbb7-6b1d-47f4-aabe-617dbdfed5f6.jpeg","notFood":false,"drinks":false},{"name":"שקשוקה מרגז פיקנטית + לחם","description":"שקשוקה ישראלית עם נקנקיות מרגז מיני ביתיות,  בליווי לחמניה כפרית. ורוטב לבחירה\n","price":40,"vegan":true,"vegetarian":true,"image":"https://d25t2285lxl5rf.cloudfront.net/images/dishes/0cda19f5-3e47-4b3b-972f-52a6a1cf1156.jpeg","notFood":false,"drinks":false},{"name":"שקשוקה+ טופו + לחם","description":"שקשוקה מעגבניות טריות בתוספת קוביות טופו, 2 ביצים, עשבי תיבול + לחם + רוטב.","price":38,"vegan":false,"vegetarian":true,"image":"https://d25t2285lxl5rf.cloudfront.net/images/dishes/2d6bab34-2517-48aa-a1f6-3606adcd7e8e.jpeg","notFood":false,"drinks":false},{"name":"שקשוקה הבית + לחם","description":"שקשוקה מעגבניות טריות +2 ביצים בתוספת עשבי תיבול\r\nמלמעלה, מגיעה עם לחמנייה לבחירה רוטב 1 לבחירה","price":35,"vegan":false,"vegetarian":true,"notFood":false,"drinks":false},{"name":"שקשוקת פטריות + לחם","description":"שקשוקה מעגבניות טריות 2 ביצים , פטריות שמפיניון, עשבי תיבול מלמעלה + לחם + רוטב","price":40,"vegan":false,"vegetarian":true,"notFood":false,"drinks":false},{"name":"שקשוקה חריפה + לחם","description":"שקשוקה מעגבניות טריות 2 ביצים לבחירה בתוספת פלפל חריף אש חתוך לפלחים  עשבי תיבול מלמעלה, מגיעה עם לחמנייה לבחירה רוטב 1 לבחירה","price":38,"vegan":false,"vegetarian":true,"notFood":false,"drinks":false},{"name":"פסטה עגבניות קלאסית (נפוליטנה)","description":"פסטה פוזילי ברוטב עגבניות קלאסיות בתיבול מיוחד ובזיליקום","price":33,"vegan":true,"vegetarian":true,"image":"https://d25t2285lxl5rf.cloudfront.net/images/dishes/48ddeed1-8aba-4b6b-8a61-f67df4d401d2.jpg","notFood":false,"drinks":false},{"name":"פסטה עגבניות עם טופו מתובל","description":"פסטה ברוטב עגבניות מתובל עם תוספת קוביות טופו","price":35,"vegan":true,"vegetarian":true,"image":"https://d25t2285lxl5rf.cloudfront.net/images/dishes/248490df-2b5c-41c7-95a3-1014f265968b.jpg","notFood":false,"drinks":false},{"name":"פסטה עגבניות עם בטטה","price":35,"vegan":true,"vegetarian":true,"image":"https://d25t2285lxl5rf.cloudfront.net/images/dishes/968ac31e-4595-4204-a07a-f73a729e28d6.jpg","notFood":false,"drinks":false},{"name":"פסטה פסטו עם עגבניות שרי","price":33,"vegan":true,"vegetarian":true,"image":"https://d25t2285lxl5rf.cloudfront.net/images/dishes/d12067a8-fd37-4bc2-957e-224c57e8a1e9.jpg","notFood":false,"drinks":false},{"name":"פסטה בולונז","description":"פסטה מובחרת ברוטב עגבניות עם בשר מובחר","price":37,"vegan":false,"vegetarian":false,"notFood":false,"drinks":false},{"name":"נודלס אנטריקוט","description":"אטריות מובחרות מוקפצות עם ירקות טריים ורצועות אנטריקוט  משובח","price":44,"vegan":false,"vegetarian":false,"notFood":false,"drinks":false},{"name":"נודלס עם רצועות פרגית מוקפץ","description":"אטריות בשילוב ירקות מוקפצים ורצועות פרגית ","price":40,"vegan":false,"vegetarian":false,"notFood":false,"drinks":false},{"name":"נודלס מיקס בשרים","description":"ירקות מוקפצים עם רצועות פרגית ורצועות אנטריקוט ,בליווי רוטב לבחירה וסלט אישי","price":42,"vegan":false,"vegetarian":false,"notFood":false,"drinks":false},{"name":"נודלס מוקפץ עם ירקות","description":"אטריות ביצים מובחרות מוקפצים עם ירקות טריים","price":25,"vegan":false,"vegetarian":true,"notFood":false,"drinks":false},{"name":"שעועית ירוקה – יום ג","price":22,"vegan":true,"vegetarian":true,"notFood":false,"drinks":false},{"name":"פסטה עגבניות","price":22,"vegan":true,"vegetarian":true,"notFood":false,"drinks":false},{"name":"אורז לבן","price":22,"vegan":true,"vegetarian":true,"notFood":false,"drinks":false},{"name":"סלט ירקות קצוץ","price":22,"vegan":true,"vegetarian":true,"notFood":false,"drinks":false},{"name":"אורז עם תירס","price":22,"vegan":true,"vegetarian":true,"notFood":false,"drinks":false},{"name":"אורז עם גזר","price":22,"vegan":true,"vegetarian":true,"notFood":false,"drinks":false},{"name":"אורז ירוק","price":22,"vegan":true,"vegetarian":true,"notFood":false,"drinks":false},{"name":"נודלס ירקות אסייתי","price":24,"vegan":true,"vegetarian":true,"notFood":false,"drinks":false},{"name":"בורגול","price":22,"vegan":true,"vegetarian":true,"notFood":false,"drinks":false},{"name":"פסטה פסטו","price":22,"vegan":true,"vegetarian":true,"notFood":false,"drinks":false},{"name":"תפו\"א בתנור","price":22,"vegan":true,"vegetarian":true,"notFood":false,"drinks":false},{"name":"3 תוספות לבחירה","price":29,"vegan":true,"vegetarian":true,"notFood":false,"drinks":false},{"name":"מיקס אנטיפסטי","description":"ירקות קלויים - חציל, בצל לבן, דלורית, שום, וגזר קלויים בתיבול מלח ופלפל ושמן זית איכותי על מצע של עליי חסה או בייבי\n בכלי 250 מ\"ל","price":15,"vegan":true,"vegetarian":true,"image":"https://d25t2285lxl5rf.cloudfront.net/images/dishes/77a93e75-b6f5-4341-9dbf-a9123b801096.jpg","notFood":false,"drinks":false},{"name":"סלט בורגול מתובל אישי","description":"בורגול, בצל מטוגן, פטרוזיליה, כוסברה ועלי בייבי במליחות מעודנת.","price":15,"vegan":true,"vegetarian":true,"image":"https://d25t2285lxl5rf.cloudfront.net/images/dishes/e4e16145-f5ed-4a43-9abf-023fc601df44.jpg","notFood":false,"drinks":false},{"name":"3 קציצות ירק","description":"\n","price":20,"vegan":true,"vegetarian":true,"notFood":false,"drinks":false},{"name":"3 קציצות בטטה","price":20,"vegan":true,"vegetarian":true,"notFood":false,"drinks":false},{"name":"חסה, מלפפון ועגבנייה","description":"סלט אישי חסה מלפפון עגבנייה","price":10,"vegan":true,"vegetarian":true,"notFood":false,"drinks":false},{"name":"גזר וסלק חי","description":"סלט אישי חסה /גזר /סלק חי","price":10,"vegan":true,"vegetarian":true,"notFood":false,"drinks":false},{"name":"חסה, עגבניות שרי ועלים","description":"סלט אישי , חסה/עלים/ שרי","price":11,"vegan":true,"vegetarian":true,"notFood":false,"drinks":false},{"name":"חסה, צנונית ובצל ירוק","description":"חסה /צנונית /בצל ירוק  סלט אישי ","price":11,"vegan":true,"vegetarian":true,"notFood":false,"drinks":false},{"name":"חסה, תירס וזיתים קלמטה","description":"סלט אישי - חסה/תירס/זיתי קלמטה ","price":11,"vegan":true,"vegetarian":true,"notFood":false,"drinks":false},{"name":"בורגול, חסה ופטריות בקטנה","description":"סלט אישי - בורגול/חסה/פטריות","price":12,"vegan":true,"vegetarian":true,"notFood":false,"drinks":false},{"name":"ביצה קשה, חסה ותירס","description":"עלי חסה/ביצה קשה/תירס סלט אישי","price":14,"vegan":false,"vegetarian":true,"notFood":false,"drinks":false},{"name":"בריא בקטנה","description":"חסה/חומוס/אפונה/שעועית ירוקה חתוכה סלט אישי","price":13,"vegan":true,"vegetarian":true,"notFood":false,"drinks":false},{"name":"קינואה, חסה ותפוח אדמה","description":"חסה, קינואה,תפו\"א אפוי סלט אישי","price":13,"vegan":true,"vegetarian":true,"notFood":false,"drinks":false},{"name":"אסייאתי בקטנה","description":"נבטים/גזר/גמבה אדומה - סלט אישי ","price":12,"vegan":true,"vegetarian":true,"notFood":false,"drinks":false},{"name":"הכרובים","description":"כרוב לבן/כרוב אדום/גזר  סלט אישי","price":11,"vegan":true,"vegetarian":true,"notFood":false,"drinks":false},{"name":"פסטה ועגבניות שרי","description":"פסטה, עגבניות שרי - סלט אישי קטן","price":13,"vegan":true,"vegetarian":true,"notFood":false,"drinks":false},{"name":"הירוקים","description":"חסה/עלי בייבי/פטרוזיליה/כוסברה/בצל ירוק/סלרי","price":11,"vegan":true,"vegetarian":true,"notFood":false,"drinks":false},{"name":"מיקס בטטה ותפו\"א אפוי","price":15,"vegan":true,"vegetarian":true,"notFood":false,"drinks":false},{"name":"מרק יומי משתנה","description":"מרק יומי משתנה ","price":30,"vegan":true,"vegetarian":true,"notFood":false,"drinks":false},{"name":"סלט \"ליים\" בהרכבה + שתיה","description":"סלט 1000 מ\"ל בליווי פחמימה לבחירה, שני רטבים, תוספת ושתייה לבחירה","price":55,"vegan":true,"vegetarian":true,"image":"https://d25t2285lxl5rf.cloudfront.net/images/dishes/bc31a187-c316-4326-9e25-7c1ee1d8af2f.jpg","notFood":false,"drinks":false},{"name":"סלט \"ליים\" בהרכבה ומנה ראשונה","description":"סלט 750 מ\"ל בליווי פחמימה לבחירה, שני רטבים, מנה ראשונה, תוספת ושתייה לבחירה","price":58,"vegan":true,"vegetarian":true,"image":"https://d25t2285lxl5rf.cloudfront.net/images/dishes/a8a0d53d-ba26-4f6b-af3b-c9ff80401ddf.jpg","notFood":false,"drinks":false},{"name":"סלט בהרכבה + שקשוקה מעגבניות טריות","description":"סלט בהרכבה 550 מ\"ל + צ'קצ'וקה עם 2 ביצים עגבניות טריות, בצל סגול, עשבי תיבול ומעט פלפל חריף והרבה אהבה :)\nבליווי פחמימה לבחירה, ו-2 רטבים טעימים לבחירה\n","price":55,"vegan":false,"vegetarian":true,"image":"https://d25t2285lxl5rf.cloudfront.net/images/dishes/0f533eb5-7fa4-406f-8cfc-1b0d06de1f94.jpeg","notFood":false,"drinks":false},{"name":"עסקית סלט 750 מ\"ל + קציצות ירקות","description":"סלט בהרכבה אישית 750 מ\"ל + קציצות ירקות לבחירה \nבתוספת פחמימה לבחירה ו-2 רטבים.","price":58,"vegan":true,"vegetarian":true,"image":"https://d25t2285lxl5rf.cloudfront.net/images/dishes/b9836d0a-b044-4e40-ad2a-8aad29c4e6e9.jpg","notFood":false,"drinks":false},{"name":"סלט 750 מ\"ל בהרכבה + טל בורגול בצד","description":"מוגש עם סלט טל בורגול בצד המכיל: בורגול, בצל מטוגן, פטרוזיליה, כוסברה ועלי בייבי במליחות מעודנת.","price":45,"vegan":true,"vegetarian":true,"image":"https://d25t2285lxl5rf.cloudfront.net/images/dishes/7592d388-7428-4504-a607-7969e8372743.jpg","notFood":false,"drinks":false},{"name":"עסקית כריך + סלט אישי","description":"עסקית כריך לבחירה\nעם סלט ירוק 250 מ\"ל, ושתייה לבחירה","price":44,"vegan":true,"vegetarian":true,"image":"https://d25t2285lxl5rf.cloudfront.net/images/dishes/a6a49d86-91f0-4c75-bdb4-944a67070305.jpg","notFood":false,"drinks":false},{"name":"כריך עוף מקסיקני + סלט אישי","description":"עלי חסה, בייבי, כרוב לבן,עגבניה, מלפפון, פלפלים, פטריות שמפניון, תירס, בצל סגול, בטטה ונתחי עוף בתיבול גריל -מוגש קר, בתוספת איולי וצ'ילי מתוק\nבליווי רוטב לבחירה","price":38,"vegan":false,"vegetarian":false,"image":"https://d25t2285lxl5rf.cloudfront.net/images/dishes/54ece892-7117-43fd-a61a-aa64b500d9c9.jpg","notFood":false,"drinks":false},{"name":"כריך שווארמה פרגית + סלט אישי","description":"עלים,מלפפון, עגבנייה, מלפפון חמוץ, רצועות פרגית על הפלאנצה ","price":38,"vegan":false,"vegetarian":false,"image":"https://d25t2285lxl5rf.cloudfront.net/images/dishes/63f836f8-bdee-432c-b297-a607233ebe36.jpg","notFood":false,"drinks":false},{"name":"כריך חזה עוף בג'בטה + סלט אישי","description":"עלי חסה, מלפפון, עגבנייה, מלפפון חמוץ, חזה עוף על הפלאנצה","price":40,"vegan":false,"vegetarian":false,"image":"https://d25t2285lxl5rf.cloudfront.net/images/dishes/921a34bf-11ee-4410-8160-85dfe78b40f4.jpg","notFood":false,"drinks":false},{"name":"כריך קבב + סלט אישי","description":"עלים, מלפפון,עגבנייה, מלפפון חמוץ וקבב ביתי בתוך גבטה ","price":40,"vegan":false,"vegetarian":false,"image":"https://d25t2285lxl5rf.cloudfront.net/images/dishes/b3fa0d1d-b6ac-4823-a2e1-bb5d1976befb.jpg","notFood":false,"drinks":false},{"name":"כריך סביח","description":"חציל קלוי, ביצה קשה, חסה, מלפפון חמוץ, עגבניה, בצל סגול, פטרוזיליה, מוגש בתוך ג'בטה שנאפתה בתנור אבן\nבליווי טחינה","price":29,"vegan":false,"vegetarian":true,"image":"https://d25t2285lxl5rf.cloudfront.net/images/dishes/44e677f3-3ce4-45c1-8d9b-76206992560d.jpg","notFood":false,"drinks":false},{"name":"כריך טוניסאי","description":"טונה, ביצה קשה, תפו\"א, לימון כבוש, עגבניה, מלפפון, רוטב אריסה ביתית, תערובת עלים ירוקים וזיתי קלמטה מוגש בתוך ג'בטה שנאפתה בתנור אבן\nבליווי רוטב לבחירה","price":32,"vegan":false,"vegetarian":false,"image":"https://d25t2285lxl5rf.cloudfront.net/images/dishes/d6536351-531a-411c-9c79-906e811d7bb7.jpg","notFood":false,"drinks":false},{"name":"כריך גוואקמולי","description":"גמבה אדומה, בצל סגול,בצל ירוק, מלפפון חמוץ, ביצה קשה, במילוי אבוקדו בגפטה ","price":32,"vegan":false,"vegetarian":true,"image":"https://d25t2285lxl5rf.cloudfront.net/images/dishes/7bd15553-4dfd-4068-ab36-9eafad31b70b.jpg","notFood":false,"drinks":false},{"name":"\tכריך 3 קציצות צמחוני/ טבעוני","description":"חסה, מלפפון, בצל סגול, עגבנייה + 3 קציצות לבחירה ","price":32,"vegan":true,"vegetarian":true,"image":"https://d25t2285lxl5rf.cloudfront.net/images/dishes/280811ad-ccf5-4194-840b-d69c48e3848b.jpg","notFood":false,"drinks":false},{"name":"כריך בהרכבה אישית","description":"כריך בג'בטה שנאפה בתנור אבן, ממרח לבחירה, 3 מרכיבים ותוספת לבחירה + 2 ממרחים + רוטב לבחירה","price":30,"vegan":true,"vegetarian":true,"image":"https://d25t2285lxl5rf.cloudfront.net/images/dishes/b2df2d73-ce04-4aa9-adb4-36f631969382.jpg","notFood":false,"drinks":false},{"name":"למון ליים","description":"כריך גפטה ממולאת ברצועות אנטריקוט על הפלאנצה. \r\nחסה , מלפפון חמוץ, בצל סגול ורצועות אנטריקוט","price":44,"vegan":false,"vegetarian":false,"notFood":false,"drinks":false},{"name":"מים בטעם אפרסק","price":10,"vegan":true,"vegetarian":true,"image":"https://d25t2285lxl5rf.cloudfront.net/images/dishes/a899d58b-4440-48fa-a5ef-e024b8571869.jpg","notFood":false,"drinks":false},{"name":"בקבוק מים מינרלים","price":9,"vegan":true,"vegetarian":true,"notFood":false,"drinks":true},{"name":"בקבוק סודה","price":9,"vegan":true,"vegetarian":true,"notFood":false,"drinks":true},{"name":"פחית קוקה קולה","price":10,"vegan":true,"vegetarian":true,"notFood":false,"drinks":true},{"name":"פחית קולה זירו","price":10,"vegan":true,"vegetarian":true,"notFood":false,"drinks":true},{"name":"פחית ספרייט","price":10,"vegan":true,"vegetarian":true,"notFood":false,"drinks":true},{"name":"פחית דיאט ספרייט","price":10,"vegan":true,"vegetarian":true,"notFood":false,"drinks":true},{"name":"מים בטעם תפוח","price":10,"vegan":true,"vegetarian":true,"notFood":false,"drinks":false},{"name":"פיוזטי אפרסק","price":10,"vegan":true,"vegetarian":true,"notFood":false,"drinks":false},{"name":"מיץ אננס טבעי - חדש!","price":10,"vegan":true,"vegetarian":true,"notFood":false,"drinks":false}]}