{"track_id":"13782","filters":["pizza","pasta"],"image":"https://tenbis-static.azureedge.net/restaurant-default-card-image/CuzineType_pizza_02.jpg","address":"ירושלים, 52 כפר סבא","location":[34.9068743,32.17836630000001],"name":"פיצה זיגי מאשרום ","city":"השרון","priceAverage":37.125,"menu":[{"name":"פיצה L פטה עגבניות","description":"פטה, עגבניות, מוצרלה, בזיליקום טרי ושמן זית","price":72,"vegan":false,"vegetarian":true,"image":"https://d25t2285lxl5rf.cloudfront.net/images/dishes/63cd506b-0000-4a02-80c6-3853e1208caa.jpg","notFood":false,"drinks":false},{"name":"פיצה L בצל פטריות","description":"רוטב עגבניות, מוצרלה, פטריות טריות ובצל","price":72,"vegan":false,"vegetarian":true,"image":"https://d25t2285lxl5rf.cloudfront.net/images/dishes/92152c85-68e4-4f12-967e-d0acd380dfa8.jpg","notFood":false,"drinks":false},{"name":"פיצה L אלפרדו","description":"רוטב אלפרדו, מחית פטריות כמהין, פטריות טריות, מוצרלה, בזיליקום טרי ושמן זית","price":72,"vegan":false,"vegetarian":true,"image":"https://d25t2285lxl5rf.cloudfront.net/images/dishes/63bba179-74bb-47ae-b353-154916d0a0c5.jpg","notFood":false,"drinks":false},{"name":"מגש L משפחתי עגבניות שרי בולגרית ובצל","description":"רוטב עגבניות, מוצרלה, עגבניות שרי בצבעים, בולגרית ובצל","price":74,"vegan":false,"vegetarian":true,"image":"https://d25t2285lxl5rf.cloudfront.net/images/dishes/2052768.jpg","notFood":false,"drinks":false},{"name":"2 פיצות שף","description":"","price":129,"vegan":true,"vegetarian":true,"image":"","notFood":false,"drinks":false},{"name":"‫2 פיצות L","description":"מוגש עם תוספת למגש ובקבוק 1.5 ליטר לבחירה","price":125,"vegan":true,"vegetarian":true,"image":"","notFood":false,"drinks":true},{"name":"מבצע-פיצה משפחתית פלוס שתיה גדולה פלוס תוספת","description":"","price":79,"vegan":false,"vegetarian":true,"image":"","notFood":false,"drinks":false},{"name":"מבצע- 2 מגשים משפחתיים פלוס 2 תוספות פלוס שתיה גדולה","description":"","price":139,"vegan":true,"vegetarian":true,"image":"","notFood":false,"drinks":false},{"name":"פיצה אישית","description":"ניתן להפוך לטבעוני","price":33,"vegan":false,"vegetarian":true,"image":"","notFood":false,"drinks":false},{"name":"פיצה L משפחתית","description":"רוטב עגבניות ומוצרלה","price":56,"vegan":false,"vegetarian":true,"image":"","notFood":false,"drinks":false},{"name":"פיצה ללא גלוטן","description":"מגיע במגש אישי, סטרילי","price":35,"vegan":false,"vegetarian":true,"image":"","notFood":false,"drinks":false},{"name":"פיצה טבעונית L","description":"","price":62,"vegan":true,"vegetarian":true,"image":"","notFood":false,"drinks":false},{"name":"פיצה L אלפרדו","description":"רוטב אלפרדו, מחית פטריות כמהין, פטריות טריות, מוצרלה, בזיליקום טרי ושמן זית","price":72,"vegan":false,"vegetarian":true,"image":"https://d25t2285lxl5rf.cloudfront.net/images/dishes/63bba179-74bb-47ae-b353-154916d0a0c5.jpg","notFood":false,"drinks":false},{"name":"פיצה L בצל פטריות","description":"רוטב עגבניות, מוצרלה, פטריות טריות ובצל","price":72,"vegan":false,"vegetarian":true,"image":"https://d25t2285lxl5rf.cloudfront.net/images/dishes/92152c85-68e4-4f12-967e-d0acd380dfa8.jpg","notFood":false,"drinks":false},{"name":"פיצה L פטה עגבניות","description":"פטה, עגבניות, מוצרלה, בזיליקום טרי ושמן זית","price":72,"vegan":false,"vegetarian":true,"image":"https://d25t2285lxl5rf.cloudfront.net/images/dishes/63cd506b-0000-4a02-80c6-3853e1208caa.jpg","notFood":false,"drinks":false},{"name":"פיצה L יוונית","description":"זיתי קלמטה, בולגרית, בצל ובזיליקום טרי","price":72,"vegan":false,"vegetarian":true,"image":"https://d25t2285lxl5rf.cloudfront.net/images/dishes/65c942ac-6940-4a5b-a1cc-77098d43c857.jpg","notFood":false,"drinks":false},{"name":"מגש L משפחתי עגבניות שרי בולגרית ובצל","description":"רוטב עגבניות, מוצרלה, עגבניות שרי בצבעים, בולגרית ובצל","price":74,"vegan":false,"vegetarian":true,"image":"https://d25t2285lxl5rf.cloudfront.net/images/dishes/2052768.jpg","notFood":false,"drinks":false},{"name":"פיצה L משפחתית מרגריטה","description":"נפוליטנית עם בזיליקום טרי ומוצרלה ושמן זית","price":69,"vegan":false,"vegetarian":true,"image":"","notFood":false,"drinks":false},{"name":"פיצה ללא גלוטן","description":"מגיע במגש אישי, סטרילי","price":35,"vegan":false,"vegetarian":true,"image":"","notFood":false,"drinks":false},{"name":"פיצה אישית","description":"מוגש עם תוספת וטרופית","price":42,"vegan":false,"vegetarian":true,"image":"","notFood":false,"drinks":false},{"name":"מלבי","description":"","price":11,"vegan":true,"vegetarian":true,"image":"","notFood":false,"drinks":false},{"name":"מגנום שוקולד לבן","description":"","price":13,"vegan":false,"vegetarian":true,"image":"","notFood":false,"drinks":false},{"name":"מגנום שקדים","description":"","price":13,"vegan":true,"vegetarian":true,"image":"","notFood":false,"drinks":false},{"name":"פחית קוקה קולה","description":"","price":10,"vegan":true,"vegetarian":true,"image":"","notFood":false,"drinks":true},{"name":"פחית קוקה קולה זירו","description":"","price":10,"vegan":true,"vegetarian":true,"image":"","notFood":false,"drinks":true},{"name":"פחית דיאט ספרייט","description":"","price":10,"vegan":true,"vegetarian":true,"image":"","notFood":false,"drinks":true},{"name":"פחית פאנטה","description":"","price":10,"vegan":true,"vegetarian":true,"image":"","notFood":false,"drinks":false},{"name":"פחית ספרייט זירו","description":"","price":10,"vegan":true,"vegetarian":true,"image":"","notFood":false,"drinks":true},{"name":"בקבוק 0.5 קוקה קולה","description":"","price":10,"vegan":true,"vegetarian":true,"image":"","notFood":false,"drinks":true},{"name":"בקבוק 0.5 קוקה קולה זירו","description":"","price":10,"vegan":true,"vegetarian":true,"image":"","notFood":false,"drinks":true},{"name":"בקבוק 0.5 דיאט ספרייט","description":"","price":10,"vegan":true,"vegetarian":true,"image":"","notFood":false,"drinks":true},{"name":"בקבוק 0.5 פאנטה","description":"","price":10,"vegan":true,"vegetarian":true,"image":"","notFood":false,"drinks":true},{"name":"בקבוק 0.5 תפוזים","description":"","price":10,"vegan":true,"vegetarian":true,"image":"","notFood":false,"drinks":true},{"name":"בקבוק 0.5 לימונדה","description":"","price":10,"vegan":true,"vegetarian":true,"image":"","notFood":false,"drinks":true},{"name":"בקבוק 0.5 ענבים","description":"","price":10,"vegan":true,"vegetarian":true,"image":"","notFood":false,"drinks":true},{"name":"בקבוק 0.5 נסטי אפרסק","description":"","price":10,"vegan":true,"vegetarian":true,"image":"","notFood":false,"drinks":true},{"name":"בקבוק 0.5 סודה","description":"","price":10,"vegan":true,"vegetarian":true,"image":"","notFood":false,"drinks":true},{"name":"בקבוק 0.5 מים מינרלים","description":"","price":8,"vegan":true,"vegetarian":true,"image":"","notFood":false,"drinks":true},{"name":"בקבוק 1.5 קוקה קולה","description":"","price":15,"vegan":true,"vegetarian":true,"image":"","notFood":false,"drinks":true},{"name":"בקבוק 1.5 קוקה קולה זירו","description":"","price":15,"vegan":true,"vegetarian":true,"image":"","notFood":false,"drinks":true},{"name":"בקבוק 1.5 דיאט ספרייט","description":"","price":15,"vegan":true,"vegetarian":true,"image":"","notFood":false,"drinks":true},{"name":"בקבוק 1.5 ענבים","description":"","price":15,"vegan":true,"vegetarian":true,"image":"","notFood":false,"drinks":true},{"name":"בקבוק 1.5 זירו ספרייט","description":"","price":15,"vegan":true,"vegetarian":true,"image":"","notFood":false,"drinks":true},{"name":"בקבוק 1.5 נסטי אפרסק","description":"","price":15,"vegan":true,"vegetarian":true,"image":"","notFood":false,"drinks":true},{"name":"בקבוק קולה זירו 1.5 ליטר","description":"","price":15,"vegan":true,"vegetarian":true,"image":"","notFood":false,"drinks":true},{"name":"בירה שחורה","description":"","price":10,"vegan":true,"vegetarian":true,"image":"","notFood":false,"drinks":true},{"name":"בירה קלסברג","description":"","price":13,"vegan":true,"vegetarian":true,"image":"","notFood":false,"drinks":true},{"name":"בירה טובורג רד","description":"","price":13,"vegan":true,"vegetarian":true,"image":"","notFood":false,"drinks":true}]}