{"track_id":"1379","filters":["humus","homeMade"],"image":"https://tenbis-static.azureedge.net/restaurant-default-card-image/CuzineType_hummus_06.jpg","address":"דרך רמתיים, 52 הוד השרון","location":[34.8941002,32.15794020000001],"name":"עדן ","city":"עינת","priceAverage":28.472727272727273,"menu":[{"name":"אורז עם שעועית","description":"עם חומוס חמוצים וסחוג ובליווי פיתה","price":37,"vegan":true,"vegetarian":true,"image":"https://d25t2285lxl5rf.cloudfront.net/images/dishes/2faf042a-d8db-40d1-8bc1-300ef3e2cb59.jpg","notFood":false,"drinks":false},{"name":"מיוחדת כבש","description":"כבש טחון על מצע חומוס, בליווי סלט אישי, ביצה קשה, חמוצים, סחוג ופיתה","price":48,"vegan":false,"vegetarian":true,"image":"https://d25t2285lxl5rf.cloudfront.net/images/dishes/86f6b93a-ecf1-41dd-afc5-caddebf496e8.jpg","notFood":false,"drinks":false},{"name":"מיוחדת בשר","description":"בשר עם אורז או פתיתים לבחירה , בתוספת חומוס, סלט אישי, חמוצים, סחוג ופיתה","price":55,"vegan":false,"vegetarian":false,"image":"https://d25t2285lxl5rf.cloudfront.net/images/dishes/98426814-5310-4482-8b6a-77ef54f0c7e2.jpg","notFood":false,"drinks":false},{"name":"מיוחדת שניצל","description":"שניצל עם אורז או פתיתים לבחירה בתוספת חומוס, סלט אישי, חמוצים, סחוג ופיתה","price":50,"vegan":false,"vegetarian":false,"image":"https://d25t2285lxl5rf.cloudfront.net/images/dishes/2543449.jpg","notFood":false,"drinks":false},{"name":"מיוחדת עוף בגריל","description":"עוף בגריל עם  אורז או פתיתים לבחירה , בתוספת סלט אישי חומוס, חמוצים, סחוג ופיתה","price":50,"vegan":false,"vegetarian":false,"image":"https://d25t2285lxl5rf.cloudfront.net/images/dishes/3060db3b-cc38-4f79-ad1f-71840b9de18f.jpg","notFood":false,"drinks":false},{"name":"מיוחדת קבב","description":"קבב עם אורז או פתיתים לבחירה, בתוספת סלט אישי, חומוס, חמוצים, סחוג ופיתה","price":55,"vegan":false,"vegetarian":false,"image":"https://d25t2285lxl5rf.cloudfront.net/images/dishes/a41532dc-f66d-4041-b545-cb05df0b2cda.jpg","notFood":false,"drinks":false},{"name":"מיוחדת חזה עוף","description":"חזה עוף על הפלנצ'ה עם אורז או פתיתים לבחירה, בתוספת סלט אישי, חומוס, חמוצים, סחוג ופיתה","price":50,"vegan":false,"vegetarian":false,"image":"https://d25t2285lxl5rf.cloudfront.net/images/dishes/2543450.jpg","notFood":false,"drinks":false},{"name":"מיוחדת פרגיות","description":"פרגיות עם אורז או פתיתים לבחירה, בתוספת סלט אישי, חומוס, חמוצים, סחוג ופיתה","price":50,"vegan":false,"vegetarian":false,"image":"https://d25t2285lxl5rf.cloudfront.net/images/dishes/bfc29cde-9aba-4959-be98-c6cacc2c622c.jpg","notFood":false,"drinks":false},{"name":"פול","description":"מוגש עם פיתות, חמוצים, סחוג וביצה קשה","price":32,"vegan":false,"vegetarian":true,"image":"https://d25t2285lxl5rf.cloudfront.net/images/dishes/19bff336-76aa-4f96-8c5e-07ff5be433f9.jpg","notFood":false,"drinks":false},{"name":"חומוס כבש","description":"מוגש עם פיתות, חמוצים, סחוג וביצה קשה","price":45,"vegan":false,"vegetarian":true,"image":"https://d25t2285lxl5rf.cloudfront.net/images/dishes/0a9757b5-350a-4ab4-ae0e-f62621a13cec.jpg","notFood":false,"drinks":false},{"name":"חומוס פול","description":"מוגש עם פיתות, חמוצים, סחוג וביצה קשה","price":35,"vegan":false,"vegetarian":true,"image":"https://d25t2285lxl5rf.cloudfront.net/images/dishes/a0b3ed8f-24d8-4129-bf2e-f37df9aeb8d0.jpg","notFood":false,"drinks":false},{"name":"חומוס טחינה","description":"מוגש עם פיתות, חמוצים, סחוג וביצה קשה \n","price":35,"vegan":false,"vegetarian":true,"image":"https://d25t2285lxl5rf.cloudfront.net/images/dishes/60a0386b-1739-4143-a547-e521f7ebf2b3.jpg","notFood":false,"drinks":false},{"name":"חומוס מסאבחה","description":"מוגש עם פיתות, חמוצים, סחוג וביצה קשה","price":35,"vegan":false,"vegetarian":true,"image":"https://d25t2285lxl5rf.cloudfront.net/images/dishes/be4b64e9-8b08-4a5a-aab1-a42c0e647bba.jpg","notFood":false,"drinks":false},{"name":"חומוס פטריות","description":"מוגש עם פיתות, חמוצים, סחוג וביצה קשה","price":41,"vegan":false,"vegetarian":true,"image":"https://d25t2285lxl5rf.cloudfront.net/images/dishes/af4d905f-7e77-408e-9e77-a87a08ed847c.jpg","notFood":false,"drinks":false},{"name":"חומוס פול ומסאבחה - משולש","description":"מוגש עם פיתות, חמוצים, סחוג וביצה קשה","price":37,"vegan":false,"vegetarian":true,"image":"https://d25t2285lxl5rf.cloudfront.net/images/dishes/ddda3d3a-9e03-419d-a823-a6fe51242878.jpg","notFood":false,"drinks":false},{"name":"חומוס סלט וביצה","description":"מנת חומוס בליווי סלט אישי וביצה קשה מגיע בליווי שתי פיתות, חמוצים וסחוג","price":39,"vegan":false,"vegetarian":true,"image":"https://d25t2285lxl5rf.cloudfront.net/images/dishes/53913cb5-c481-4a5e-8f81-f13d48b04077.jpg","notFood":false,"drinks":false},{"name":"חומוס צנובר","description":"מוגש עם פיתות, חמוצים, סחוג וביצה קשה","price":41,"vegan":false,"vegetarian":true,"image":"https://d25t2285lxl5rf.cloudfront.net/images/dishes/6df4e9c0-d515-40fd-832e-f2547cf705ae.jpg","notFood":false,"drinks":false},{"name":"חומוס טחינה קבב","description":"מוגש עם פיתות, חמוצים, סחוג וסלט קטן","price":55,"vegan":false,"vegetarian":false,"notFood":false,"drinks":false},{"name":"שקשוקה טריפולטאית","description":"מוגש עם טחינה, חמוצים וסחוג ובליווי שתי פיתות ","price":39,"vegan":true,"vegetarian":true,"image":"https://d25t2285lxl5rf.cloudfront.net/images/dishes/46e4f77d-38d1-4ecb-bf0c-10ecc71ad511.jpg","notFood":false,"drinks":false},{"name":"חמשוקה","description":"שקשוקה על מצע חומוס, בתוספת חמוצים וסחוג ובליווי שתי פיתות","price":45,"vegan":true,"vegetarian":true,"image":"https://d25t2285lxl5rf.cloudfront.net/images/dishes/49294fc1-cb15-4bc3-896d-8652a5709bc7.jpg","notFood":false,"drinks":false},{"name":"ג'חנון","description":"מוגש עם רסק עגבניות, ביצה קשה חמוצים וסחוג","price":35,"vegan":false,"vegetarian":true,"image":"https://d25t2285lxl5rf.cloudfront.net/images/dishes/03ec092c-406a-4efa-8f96-30c4b00703b5.jpg","notFood":false,"drinks":false},{"name":"מלאווח","description":"מוגש עם רסק עגבניות, ביצה קשה, חומוס קטן וסחוג","price":35,"vegan":false,"vegetarian":true,"image":"https://d25t2285lxl5rf.cloudfront.net/images/dishes/9b47cca7-a744-45fb-a9b4-26f417964140.jpg","notFood":false,"drinks":false},{"name":"ארוחת בוקר","description":"חביתה או ביצי עין, בתוספת סלט ערבי, טחינה, חמוצים וסחוג ובליווי פיתה ","price":41,"vegan":false,"vegetarian":true,"image":"https://d25t2285lxl5rf.cloudfront.net/images/dishes/3d0567ba-a6e7-441f-8168-839ac9ab84e3.jpg","notFood":false,"drinks":false},{"name":"סלט ערבי","description":"מוגש בתוספת טחינה, ביצה וחמוצים ובליווי פיתה","price":37,"vegan":false,"vegetarian":true,"image":"https://d25t2285lxl5rf.cloudfront.net/images/dishes/437ba9dc-1d97-4752-9e41-df3e4905cc7d.jpg","notFood":false,"drinks":false},{"name":"מרק עדשים","description":"מוגש בתוספת בצל ירוק, חילבה, סחוג, לימון וחומוס \n בליווי סלוף או לחוח לבחירה","price":45,"vegan":true,"vegetarian":true,"image":"https://d25t2285lxl5rf.cloudfront.net/images/dishes/64a5636c-c2fc-47c7-b10a-ef5797705809.jpg","notFood":false,"drinks":false},{"name":"מרק שעועית","description":"מוגש בתוספת בצל ירוק, חילבה, סחוג, לימון וחומוס \nמגיע בליווי סלוף או לחוח לבחירה","price":45,"vegan":true,"vegetarian":true,"image":"https://d25t2285lxl5rf.cloudfront.net/images/dishes/acd10687-8356-4e53-a044-c04bf4be7a63.jpg","notFood":false,"drinks":false},{"name":"מרק תימני עוף","description":"מוגש בתוספת בצל ירוק, חילבה, סחוג, לימון וחומוס \nובליווי סלוף או לחוח לבחירה","price":54,"vegan":false,"vegetarian":false,"image":"https://d25t2285lxl5rf.cloudfront.net/images/dishes/4291fc3d-04ca-45c8-91aa-d2cc50feb395.jpg","notFood":false,"drinks":false},{"name":"מרק תימני רגל","description":"מוגש בתוספת בצל ירוק, חילבה, סחוג, לימון וחומוס \nמגיע בליווי סלוף או לחוח לבחירה","price":58,"vegan":true,"vegetarian":true,"image":"https://d25t2285lxl5rf.cloudfront.net/images/dishes/10e71ea1-771f-45ab-a557-71cec1060fa7.jpg","notFood":false,"drinks":false},{"name":"מרק תימני בשר","description":"מוגש בתוספת בצל ירוק, חילבה, סחוג, לימון וחומוס \nמגיע בליווי סלוף או לחוח לבחירה","price":58,"vegan":false,"vegetarian":false,"image":"https://d25t2285lxl5rf.cloudfront.net/images/dishes/781bb347-07e1-4b09-b3ad-3f19a2fb69b7.jpg","notFood":false,"drinks":false},{"name":"תוספת פיתה","price":2,"vegan":true,"vegetarian":true,"notFood":false,"drinks":false},{"name":"תוספת לחוח","price":5,"vegan":true,"vegetarian":true,"notFood":false,"drinks":false},{"name":"תוספת סלוף","price":5,"vegan":true,"vegetarian":true,"notFood":false,"drinks":false},{"name":"בקבוק מים מינרלים","price":10,"vegan":true,"vegetarian":true,"notFood":false,"drinks":true},{"name":"סודה","price":10,"vegan":true,"vegetarian":true,"notFood":false,"drinks":true},{"name":"קוקה קולה","price":12,"vegan":true,"vegetarian":true,"notFood":false,"drinks":true},{"name":"קוקה קולה זירו","price":12,"vegan":true,"vegetarian":true,"notFood":false,"drinks":true},{"name":"פריגת תפוחים","price":12,"vegan":true,"vegetarian":true,"notFood":false,"drinks":false},{"name":"פריגת ענבים","price":12,"vegan":true,"vegetarian":true,"notFood":false,"drinks":true},{"name":"פריגת תפוזים","price":12,"vegan":true,"vegetarian":true,"notFood":false,"drinks":false},{"name":"פריגת אשכוליות","price":12,"vegan":true,"vegetarian":true,"notFood":false,"drinks":false},{"name":"פריגת דיאט אשכוליות","price":12,"vegan":true,"vegetarian":true,"notFood":false,"drinks":false},{"name":"פחית סיידר צלול","price":12,"vegan":true,"vegetarian":true,"notFood":false,"drinks":true},{"name":"מים בטעמים - אפרסק","price":12,"vegan":true,"vegetarian":true,"notFood":false,"drinks":false},{"name":"פיוז טי אפרסק","price":12,"vegan":true,"vegetarian":true,"notFood":false,"drinks":false},{"name":"פיוז טי ענבים","price":12,"vegan":true,"vegetarian":true,"notFood":false,"drinks":true},{"name":"נקטר תות בננה","price":12,"vegan":true,"vegetarian":true,"notFood":false,"drinks":false},{"name":"דיאט קולה","price":12,"vegan":true,"vegetarian":true,"notFood":false,"drinks":true},{"name":"זירו ספרייט","price":12,"vegan":true,"vegetarian":true,"notFood":false,"drinks":true},{"name":"פאנטה","price":12,"vegan":true,"vegetarian":true,"notFood":false,"drinks":false},{"name":"מאלטי - בירה שחורה","price":12,"vegan":true,"vegetarian":true,"notFood":false,"drinks":true},{"name":"לימונענע","price":12,"vegan":true,"vegetarian":true,"notFood":false,"drinks":false},{"name":"ביטר לימון","price":12,"vegan":true,"vegetarian":true,"notFood":false,"drinks":false},{"name":"מים בטעמים - ענבים","price":12,"vegan":true,"vegetarian":true,"notFood":false,"drinks":true},{"name":"מים בטעמים - תפוח","price":12,"vegan":true,"vegetarian":true,"notFood":false,"drinks":false},{"name":"מים בטעמים - אבטיח","price":12,"vegan":true,"vegetarian":true,"notFood":false,"drinks":false}]}