{"track_id":"13800","filters":["humus","homeMade","veganFood"],"image":"https://tenbis-static.azureedge.net/restaurant-card-image/ResCard_13800_20210104143322.jpg","address":"ויצמן, 207 כפר סבא","location":[34.9284373,32.1720743],"name":"חומוס השעה ","city":"השרון","priceAverage":31.90625,"menu":[{"name":"פלאפל 3 כדורים","description":"3 יח'","price":7,"vegan":true,"vegetarian":true,"image":"https://d25t2285lxl5rf.cloudfront.net/images/dishes/b39fba5e-8127-411f-a219-26c080382ab2.jpg","notFood":false,"drinks":false},{"name":"פלאפל 7 כדורים","description":"7 יח'","price":14,"vegan":true,"vegetarian":true,"image":"https://d25t2285lxl5rf.cloudfront.net/images/dishes/485e7a88-0b37-41f9-a428-82a773132171.jpg","notFood":false,"drinks":false},{"name":"צ'יפס גדול","price":23,"vegan":true,"vegetarian":true,"image":"https://d25t2285lxl5rf.cloudfront.net/images/dishes/b02a981f-546c-4415-835e-38990b90f659.jpg","notFood":false,"drinks":false},{"name":"שניצלונים","price":39,"vegan":false,"vegetarian":false,"image":"https://d25t2285lxl5rf.cloudfront.net/images/dishes/1fd21807-47d8-45cc-b8bb-da070b31f854.jpg","notFood":false,"drinks":false},{"name":"צ'יפס קטן","price":14,"vegan":true,"vegetarian":true,"notFood":false,"drinks":false},{"name":"שניצלונים","price":39,"vegan":false,"vegetarian":false,"notFood":false,"drinks":false},{"name":"חומוס טחינה","price":30,"vegan":true,"vegetarian":true,"image":"https://d25t2285lxl5rf.cloudfront.net/images/dishes/8281845b-37fe-44a1-9af8-bd3762a35536.jpg","notFood":false,"drinks":false},{"name":"חומוס גרגירים","price":33,"vegan":true,"vegetarian":true,"image":"https://d25t2285lxl5rf.cloudfront.net/images/dishes/b22f72cc-6898-48a3-815e-019f4737e266.jpg","notFood":false,"drinks":false},{"name":"חומוס פול","price":33,"vegan":true,"vegetarian":true,"image":"https://d25t2285lxl5rf.cloudfront.net/images/dishes/b718c322-2c4e-4fcb-8777-5d283146bb9f.jpg","notFood":false,"drinks":false},{"name":"משולשת","description":"חומוס, גרגירים ופול","price":33,"vegan":true,"vegetarian":true,"image":"https://d25t2285lxl5rf.cloudfront.net/images/dishes/0ed4ebb7-1ddf-43b4-a847-bc1b555fe6ad.jpg","notFood":false,"drinks":false},{"name":"מסבחה","description":"חומוס טחינה גרגירים","price":33,"vegan":true,"vegetarian":true,"image":"https://d25t2285lxl5rf.cloudfront.net/images/dishes/618fdcf9-6608-4f50-8c7c-daa01172f9c3.jpg","notFood":false,"drinks":false},{"name":"חמשוקה","description":"חומוס עם שקשוקת הבית","price":39,"vegan":true,"vegetarian":true,"image":"https://d25t2285lxl5rf.cloudfront.net/images/dishes/ceb28098-ae58-4cbd-924b-1afab2aab692.jpg","notFood":false,"drinks":false},{"name":"חומוס פטריות","price":42,"vegan":true,"vegetarian":true,"image":"https://d25t2285lxl5rf.cloudfront.net/images/dishes/ad96bb19-96b8-44a5-b5e4-46214c9256e8.jpg","notFood":false,"drinks":false},{"name":"חומוס סביח","description":"חצילים מטוגנים, רוטב עגבניות וביצה","price":41,"vegan":false,"vegetarian":true,"image":"https://d25t2285lxl5rf.cloudfront.net/images/dishes/08b68a6b-2e06-4c98-a0b9-b5ae50894ec3.jpg","notFood":false,"drinks":false},{"name":"חומוס בשר","price":44,"vegan":false,"vegetarian":false,"notFood":false,"drinks":false},{"name":"קציצות הבקר של נדאל","description":"שתי קציצות בקר כדולות וטעימות על אורז עם שקדים ופטרוזיליה","price":52,"vegan":false,"vegetarian":false,"image":"https://d25t2285lxl5rf.cloudfront.net/images/dishes/4d38c323-6242-48d0-8160-fa956788d877.jpg","notFood":false,"drinks":false},{"name":"שניצל  ביתי עם תוספת לבחירה","price":52,"vegan":false,"vegetarian":false,"image":"https://d25t2285lxl5rf.cloudfront.net/images/dishes/1a453058-d1f1-47cb-8c27-f74367077dd7.jpg","notFood":false,"drinks":false},{"name":"קוסקוס","description":"קוסקוס ביתי אמיתי עם מרק ירקות וגרגרי חומוס","price":37,"vegan":true,"vegetarian":true,"image":"https://d25t2285lxl5rf.cloudfront.net/images/dishes/f621e637-3cf5-4cfb-af7e-ccac1b4b25da.jpg","notFood":false,"drinks":false},{"name":"אורז חזה עוף","description":"אורז מעורבב עם רצועות חזה עוף, עגבניה צלויה, פטרוזיליה, שקדים וגרגרי חומוס","price":46,"vegan":false,"vegetarian":false,"image":"https://d25t2285lxl5rf.cloudfront.net/images/dishes/eeb70b8d-5db4-4d90-b5b0-9f732f6c3b62.jpg","notFood":false,"drinks":false},{"name":"קוסקוס ביתי אמיתי","description":"קוסקוס עם מרק ירקות","price":37,"vegan":true,"vegetarian":true,"image":"https://d25t2285lxl5rf.cloudfront.net/images/dishes/92725c4b-477c-4db2-bf75-f5bd885b3241.jpg","notFood":false,"drinks":false},{"name":"אורז טלה","description":"אורז מעורבב עם בשר טחון, עגבניה צלויה, פטרוזיליה ושקדים","price":46,"vegan":false,"vegetarian":false,"image":"https://d25t2285lxl5rf.cloudfront.net/images/dishes/7618ca3e-56b3-48e0-ac29-ab5ae75f02ea.jpg","notFood":false,"drinks":false},{"name":"חלה עם שניצל","description":"חלה עם טחינה,עמבה,חציל, מטבוחה ושניצל מגיע סלטון וציפס","price":52,"vegan":false,"vegetarian":false,"image":"https://d25t2285lxl5rf.cloudfront.net/images/dishes/3889700c-a439-43de-bbef-790ded4bad41.jpg","notFood":false,"drinks":false},{"name":"חלה עם קציצות","description":"חלה עם קציצות בקר,טחינה,חציל, עמבה ,מטבוחה מגיע בתוספת סלטון וציפס","price":52,"vegan":false,"vegetarian":false,"image":"https://d25t2285lxl5rf.cloudfront.net/images/dishes/4b44f0d3-0d5d-451d-bfe3-ac4c75420ac8.jpg","notFood":false,"drinks":false},{"name":"סלט שוק ירושלים","description":"מלפפון, עגבניה, בצל סגול, פטרוזיליה, גרגירים, ביצה, שקדים, שמן זית, לימון וטחינה;","price":40,"vegan":false,"vegetarian":true,"image":"https://d25t2285lxl5rf.cloudfront.net/images/dishes/f7c46e1c-1bd3-4fa5-b744-780753fb821f.jpg","notFood":false,"drinks":false},{"name":"סלט ירקות קצוץ גדול","description":"מלפפון, עגבניה, בצל סגול, פטרוזיליה, שמן זית, לימון וטחינה","price":37,"vegan":true,"vegetarian":true,"image":"https://d25t2285lxl5rf.cloudfront.net/images/dishes/d33c758e-37fb-4840-91ec-48406369be2f.jpg","notFood":false,"drinks":false},{"name":"סלט עוף","description":"מלפפון, עגבניה, בצל סגול, פטרוזיליה, נתחי עוף, שמן זית, לימון וטחינה","price":42,"vegan":false,"vegetarian":false,"image":"https://d25t2285lxl5rf.cloudfront.net/images/dishes/34b15238-03c7-4b41-9271-847f70f4d237.jpg","notFood":false,"drinks":false},{"name":"קולה","price":10,"vegan":true,"vegetarian":true,"notFood":false,"drinks":true},{"name":"קולה זירו","price":10,"vegan":true,"vegetarian":true,"notFood":false,"drinks":true},{"name":"פיוזטי","price":12,"vegan":true,"vegetarian":true,"notFood":false,"drinks":false},{"name":"ענבים","price":12,"vegan":true,"vegetarian":true,"notFood":false,"drinks":true},{"name":"אשכוליות","price":10,"vegan":true,"vegetarian":true,"notFood":false,"drinks":false},{"name":"מים","price":10,"vegan":true,"vegetarian":true,"notFood":false,"drinks":false}]}