{"track_id":"13831","filters":["coffeeHouse","patisserie","veganFood"],"image":"https://tenbis-static.azureedge.net/restaurant-default-card-image/CuzineType_coffeehouse_02.jpg","address":"כצנלסון, 147 גבעתיים","location":[34.8179009,32.0755084],"name":"קישריה","city":"בני ברק","priceAverage":81.44329896907216,"menu":[{"name":"מנות מגיעות ללא סכו\"ם - במידה ורוצים סכו\"ם יש לציין בהערות להזמנה!","vegan":true,"vegetarian":true,"notFood":true,"drinks":false},{"name":"מיניקיש תרד ומנגולד","description":"1. עם בצל מקורמל ומוצרלה.\r\n2. נימיקיש - עם תרד ומנגולד פטה 5%, שום ושומשום.\r\n3. עם קממבר, צימוקים וגרעיני חמניה.\r\n4. עם קונפי שום, פטריות וקממבר.\r\n5. עם ריבת בצל, רוקפור ואגוזי מלך.\r\n6. עם עגבניות מיובשות, קשקבל וקצח.\r\nקישים טבעוניים:\r\n1. עם קונפי שום ושומשום.\r\n2. עם ריבת בצל ופטריות.\r\n3. עם חציל, סומאק וצנובר.\r\n4. עם פלפל קלוי, עגבניה, טופו בזעתר ושומשום.","price":48,"vegan":false,"vegetarian":true,"notFood":false,"drinks":false},{"name":"מיניקיש בצלים מקורמלים","description":"7. עם סילאן בלסמי, מוצרלה וקצח.\r\n8. עם ריבת בצל, קממבר וגרעיני דלעת.\r\n9. עם תאנים, קשקבל ושקדים.\r\n10. עם ברביקיו, קשקבל וגרעיני חמניה.\r\n11. עם עגבניות מיובשות, זיתים שחורים ופקורינו.\r\nקישים טבעוניים:\r\n5. עם עגבניות צלויות, ריבת שרי וקצח.\r\n6. עם ממרח עגבניות מיובשות וגרעיני חמניה.\r\n7. עם תאנים מיובשות, סילאן בלסמי ואגוזי מלך.\r\n8. עם תפו'א, ברביקיו ואגוזי מלך.","price":48,"vegan":false,"vegetarian":true,"notFood":false,"drinks":false},{"name":"מיניקיש עגבניות צלויות","description":"12. עם בצל, טפנד זיתים, פטה 5% וזעתר.13. עם חציל, קונפי שום, פסטו ומוצרלה.14. עם קונפי שום, קממבר וקצח. 15. עם בצל, ברביקיו, פקורינו ואגוזי מלך. 16. עם ריבת שרי, פסטו ופקורינו. 17. עם קממבר, סילאן, בלסמי וגרעיני חמניה.\r\nקישים טבעוניים:\r\n9. עם בצלים, טופו בזעתר וטפנד זיתים.\r\n10. עם קונפי שום, פלפל קלוי וגרעיני דלעת.\r\n11. עם ריבת שרי ופסטו.","price":48,"vegan":false,"vegetarian":true,"notFood":false,"drinks":false},{"name":"מיניקיש חצילים קלויים","description":"23. עם ריבת שרי ושומשום.\r\n24. עם פטה 5%, סומאק וזעתר.\r\n25. עם קונפי שום וקממבר.\r\n26. עם ריבת בצל, קממבר וגרעיני דלעת.\r\n27. עם צ'ילי מתוק, צ'ילי גרוס ופקורינו.\r\n28. עם פסטו, קשקבל ושומשום.\r\n29. עם ברביקיו, קשקבל ואגוזי מלך.\r\nקישים טבעוניים:\r\n16. עם פלפל, פסטו ושומשום.\r\n17. עם תפו'א, צ'ילי מתוק ושומשום.\r\n18. עם קולי פלפלים, צ'ילי גרוס וגרעיני דלעת.","price":48,"vegan":false,"vegetarian":true,"notFood":false,"drinks":false},{"name":"מיניקיש בטטות קלויות","price":48,"vegan":true,"vegetarian":true,"notFood":false,"drinks":false},{"name":"מיניקיש פטריות צלויות","price":48,"vegan":true,"vegetarian":true,"notFood":false,"drinks":false},{"name":"מיניקיש תפוחי אדמה","description":"עם בטטה, פסטו ומוצרלה, עם בצל, ברביקיו, קונפי שום וקממבר, עם פטריות, קונפי שום ומוצרלה, עם עגבניות מיובשות , ברביקיו וקשקבל, עם חציל, קונפי שום ורוקפור","price":48,"vegan":false,"vegetarian":true,"notFood":false,"drinks":false},{"name":"מיניקיש תערובת פלפלים קלויים","description":"עם קממבר ותאנים, עם תרד ,פטה ,קונפי שום וקצח, עם חציל, קשקבל וברביקיו, עם בצל, מוצרלה וסילאן בלסמי, עם קשקבל, פסטו, זיתים וגרעיני חמניה, קישים טבעוניים: עם סילאן, בלסמי ואגוזי מלך, עם חציל, ברביקיו וגרעיני חמניה, עם תפוח אדמה וטפנד זיתים, עם ריבת בצל, צ'ילי גרוס וגרעיני חמניה","price":48,"vegan":false,"vegetarian":true,"notFood":false,"drinks":false},{"name":"קישאישי תרד ומנגולד","description":"1. עם בצל מקורמל ומוצרלה.\n2. נימיקיש - עם תרד ומנגולד פטה 5%, שום ושומשום.\n3. עם קממבר, צימוקים וגרעיני חמניה.\n4. עם קונפי שום, פטריות וקממבר.\n5. עם ריבת בצל, רוקפור ואגוזי מלך.\n6. עם עגבניות מיובשות, קשקבל וקצח.\nקישים טבעוניים:\n1. עם קונפי שום ושומשום.\n2. עם ריבת בצל ופטריות.\n3. עם חציל, סומאק וצנובר.\n4. עם פלפל קלוי, עגבניה, טופו בזעתר ושומשום.","price":42,"vegan":false,"vegetarian":true,"notFood":false,"drinks":false},{"name":"קישאישי  בצלים מקורמלים","description":"7. עם סילאן בלסמי, מוצרלה וקצח.\n8. עם ריבת בצל, קממבר וגרעיני דלעת.\n9. עם תאנים, קשקבל ושקדים.\n10. עם ברביקיו, קשקבל וגרעיני חמניה.\n11. עם עגבניות מיובשות, זיתים שחורים ופקורינו.\nקישים טבעוניים:\n5. עם עגבניות צלויות, ריבת שרי וקצח.\n6. עם ממרח עגבניות מיובשות וגרעיני חמניה.\n7. עם תאנים מיובשות, סילאן בלסמי ואגוזי מלך.\n8. עם תפו'א, ברביקיו ואגוזי מלך.","price":42,"vegan":false,"vegetarian":true,"notFood":false,"drinks":false},{"name":"קישאישי  עגבניות צלויות","description":"12. עם בצל, טפנד זיתים, פטה 5% וזעתר.13. עם חציל, קונפי שום, פסטו ומוצרלה.14. עם קונפי שום, קממבר וקצח. 15. עם בצל, ברביקיו, פקורינו ואגוזי מלך. 16. עם ריבת שרי, פסטו ופקורינו. 17. עם קממבר, סילאן, בלסמי וגרעיני חמניה.\nקישים טבעוניים:\n9. עם בצלים, טופו בזעתר וטפנד זיתים.\n10. עם קונפי שום, פלפל קלוי וגרעיני דלעת.\n11. עם ריבת שרי ופסטו.","price":42,"vegan":false,"vegetarian":true,"notFood":false,"drinks":false},{"name":"קישאישי  חצילים קלויים","description":"23. עם ריבת שרי ושומשום.\n24. עם פטה 5%, סומאק וזעתר.\n25. עם קונפי שום וקממבר.\n26. עם ריבת בצל, קממבר וגרעיני דלעת.\n27. עם צ'ילי מתוק, צ'ילי גרוס ופקורינו.\n28. עם פסטו, קשקבל ושומשום.\n29. עם ברביקיו, קשקבל ואגוזי מלך.\nקישים טבעוניים:\n16. עם פלפל, פסטו ושומשום.\n17. עם תפו'א, צ'ילי מתוק ושומשום.\n18. עם קולי פלפלים, צ'ילי גרוס וגרעיני דלעת.","price":42,"vegan":false,"vegetarian":true,"notFood":false,"drinks":false},{"name":"קישאישי  בטטות קלויות","price":42,"vegan":true,"vegetarian":true,"notFood":false,"drinks":false},{"name":"קישאישי  פטריות צלויות","price":42,"vegan":true,"vegetarian":true,"notFood":false,"drinks":false},{"name":"קישאישי  תפוחי אדמה","price":42,"vegan":true,"vegetarian":true,"notFood":false,"drinks":false},{"name":"קישאישי  תערובת פלפלים קלויים","description":"עם קממבר ותאנים, עם תרד ,פטה ,קונפי שום וקצח, עם חציל, קשקבל וברביקיו, עם בצל, מוצרלה וסילאן בלסמי, עם קשקבל, פסטו, זיתים וגרעיני חמניה, קישים טבעוניים: עם סילאן, בלסמי ואגוזי מלך, עם חציל, ברביקיו וגרעיני חמניה, עם תפוח אדמה וטפנד זיתים, עם ריבת בצל, צ'ילי גרוס וגרעיני חמניה","price":42,"vegan":false,"vegetarian":true,"notFood":false,"drinks":false},{"name":"קישבינוני תרד ומנגולד","description":"1. עם בצל מקורמל ומוצרלה.\n2. נימיקיש - עם תרד ומנגולד פטה 5%, שום ושומשום.\n3. עם קממבר, צימוקים וגרעיני חמניה.\n4. עם קונפי שום, פטריות וקממבר.\n5. עם ריבת בצל, רוקפור ואגוזי מלך.\n6. עם עגבניות מיובשות, קשקבל וקצח.\nקישים טבעוניים:\n1. עם קונפי שום ושומשום.\n2. עם ריבת בצל ופטריות.\n3. עם חציל, סומאק וצנובר.\n4. עם פלפל קלוי, עגבניה, טופו בזעתר ושומשום.","price":68,"vegan":false,"vegetarian":true,"notFood":false,"drinks":false},{"name":"קישבינוני בצלים מקורמלים","description":"7. עם סילאן בלסמי, מוצרלה וקצח.\n8. עם ריבת בצל, קממבר וגרעיני דלעת.\n9. עם תאנים, קשקבל ושקדים.\n10. עם ברביקיו, קשקבל וגרעיני חמניה.\n11. עם עגבניות מיובשות, זיתים שחורים ופקורינו.\nקישים טבעוניים:\n5. עם עגבניות צלויות, ריבת שרי וקצח.\n6. עם ממרח עגבניות מיובשות וגרעיני חמניה.\n7. עם תאנים מיובשות, סילאן בלסמי ואגוזי מלך.\n8. עם תפו'א, ברביקיו ואגוזי מלך.","price":68,"vegan":false,"vegetarian":true,"notFood":false,"drinks":false},{"name":"קישבינוני עגבניות צלויות","description":"12. עם בצל, טפנד זיתים, פטה 5% וזעתר.13. עם חציל, קונפי שום, פסטו ומוצרלה.14. עם קונפי שום, קממבר וקצח. 15. עם בצל, ברביקיו, פקורינו ואגוזי מלך. 16. עם ריבת שרי, פסטו ופקורינו. 17. עם קממבר, סילאן, בלסמי וגרעיני חמניה.\nקישים טבעוניים:\n9. עם בצלים, טופו בזעתר וטפנד זיתים.\n10. עם קונפי שום, פלפל קלוי וגרעיני דלעת.\n11. עם ריבת שרי ופסטו.","price":68,"vegan":false,"vegetarian":true,"notFood":false,"drinks":false},{"name":"קישבינוני חצילים קלויים","description":"23. עם ריבת שרי ושומשום.\n24. עם פטה 5%, סומאק וזעתר.\n25. עם קונפי שום וקממבר.\n26. עם ריבת בצל, קממבר וגרעיני דלעת.\n27. עם צ'ילי מתוק, צ'ילי גרוס ופקורינו.\n28. עם פסטו, קשקבל ושומשום.\n29. עם ברביקיו, קשקבל ואגוזי מלך.\nקישים טבעוניים:\n16. עם פלפל, פסטו ושומשום.\n17. עם תפו'א, צ'ילי מתוק ושומשום.\n18. עם קולי פלפלים, צ'ילי גרוס וגרעיני דלעת.","price":68,"vegan":false,"vegetarian":true,"notFood":false,"drinks":false},{"name":"קישבינוני בטטות קלויות","price":68,"vegan":true,"vegetarian":true,"notFood":false,"drinks":false},{"name":"קישבינוני פטריות צלויות","price":68,"vegan":true,"vegetarian":true,"notFood":false,"drinks":false},{"name":"קישבינוני תפוחי אדמה","price":68,"vegan":true,"vegetarian":true,"notFood":false,"drinks":false},{"name":"קישבינוני תערובת פלפלים קלויים","price":68,"vegan":true,"vegetarian":true,"notFood":false,"drinks":false},{"name":"קישגדול תרד ומנגולד","description":"1. עם בצל מקורמל ומוצרלה.\n2. נימיקיש - עם תרד ומנגולד פטה 5%, שום ושומשום.\n3. עם קממבר, צימוקים וגרעיני חמניה.\n4. עם קונפי שום, פטריות וקממבר.\n5. עם ריבת בצל, רוקפור ואגוזי מלך.\n6. עם עגבניות מיובשות, קשקבל וקצח.\nקישים טבעוניים:\n1. עם קונפי שום ושומשום.\n2. עם ריבת בצל ופטריות.\n3. עם חציל, סומאק וצנובר.\n4. עם פלפל קלוי, עגבניה, טופו בזעתר ושומשום.","price":129,"vegan":false,"vegetarian":true,"notFood":false,"drinks":false},{"name":"קישגדול בצלים מקורמלים","description":"7. עם סילאן בלסמי, מוצרלה וקצח.\n8. עם ריבת בצל, קממבר וגרעיני דלעת.\n9. עם תאנים, קשקבל ושקדים.\n10. עם ברביקיו, קשקבל וגרעיני חמניה.\n11. עם עגבניות מיובשות, זיתים שחורים ופקורינו.\nקישים טבעוניים:\n5. עם עגבניות צלויות, ריבת שרי וקצח.\n6. עם ממרח עגבניות מיובשות וגרעיני חמניה.\n7. עם תאנים מיובשות, סילאן בלסמי ואגוזי מלך.\n8. עם תפו'א, ברביקיו ואגוזי מלך.","price":129,"vegan":false,"vegetarian":true,"notFood":false,"drinks":false},{"name":"קישגדול עגבניות צלויות","description":"12. עם בצל, טפנד זיתים, פטה 5% וזעתר.13. עם חציל, קונפי שום, פסטו ומוצרלה.14. עם קונפי שום, קממבר וקצח. 15. עם בצל, ברביקיו, פקורינו ואגוזי מלך. 16. עם ריבת שרי, פסטו ופקורינו. 17. עם קממבר, סילאן, בלסמי וגרעיני חמניה.\nקישים טבעוניים:\n9. עם בצלים, טופו בזעתר וטפנד זיתים.\n10. עם קונפי שום, פלפל קלוי וגרעיני דלעת.\n11. עם ריבת שרי ופסטו.","price":129,"vegan":false,"vegetarian":true,"notFood":false,"drinks":false},{"name":"קישגדול תערובת פלפלים קלויים","price":129,"vegan":true,"vegetarian":true,"notFood":false,"drinks":false},{"name":"קישגדול חצילים קלויים","description":"23. עם ריבת שרי ושומשום.\n24. עם פטה 5%, סומאק וזעתר.\n25. עם קונפי שום וקממבר.\n26. עם ריבת בצל, קממבר וגרעיני דלעת.\n27. עם צ'ילי מתוק, צ'ילי גרוס ופקורינו.\n28. עם פסטו, קשקבל ושומשום.\n29. עם ברביקיו, קשקבל ואגוזי מלך.\nקישים טבעוניים:\n16. עם פלפל, פסטו ושומשום.\n17. עם תפו'א, צ'ילי מתוק ושומשום.\n18. עם קולי פלפלים, צ'ילי גרוס וגרעיני דלעת.","price":129,"vegan":false,"vegetarian":true,"notFood":false,"drinks":false},{"name":"קישגדול בטטות קלויות","price":129,"vegan":true,"vegetarian":true,"notFood":false,"drinks":false},{"name":"קישגדול פטריות צלויות","price":129,"vegan":true,"vegetarian":true,"notFood":false,"drinks":false},{"name":"קישגדול תפוחי אדמה","price":129,"vegan":true,"vegetarian":true,"notFood":false,"drinks":false},{"name":"סנדוויץ' בא לי עז","description":"גבינת עזים / ממרח סויה, ירקות קלויים בסילאן בלסמי, נבטים, תאנים מיובשות וחסה.","price":42,"vegan":false,"vegetarian":true,"notFood":false,"drinks":false},{"name":"סנדוויץ' קונטרה לעובד","description":"טחינה ביתית שלנו, חציל קלוי, עם / בלי ביצה קשה, בצל מקורמל, מעט קונפי שום, בצל סגול והמון פטרוזיליה.","price":42,"vegan":false,"vegetarian":true,"notFood":false,"drinks":false},{"name":"סנדוויץ' בריא מאוד","description":"גבינת פטה 5% / טופו במשרה, ממרח פסטו, עגבניה, מלפפון, בצל סגול, נבטים, אגוזי מלך וחסה.","price":42,"vegan":false,"vegetarian":true,"notFood":false,"drinks":false},{"name":"סנדוויץ' הכריך הטעים","description":"שמנת למריחה / ממרח סויה, עגבניה צלויה, ממרח פסטו, ריבת עגבניות שרי, בצל סגול, גרעיני דלעת, עלי רוקט וחסה - מוגש חם.","price":42,"vegan":false,"vegetarian":true,"notFood":false,"drinks":false},{"name":"סנדוויץ' מיקס טעמים מפתיעים","description":"מיונז / מיונז טבעוני, רוטב פסטו, פלפל וחציל קלויים, בצל סגול וחסה.","price":42,"vegan":false,"vegetarian":true,"notFood":false,"drinks":false},{"name":"סנדוויץ' קשקבל על הזמן","description":"קשקבל / מוצרלה טבעונית, ריבת בצל, עגבניה, זיתים, בצל סגול וחסה - מוגש חם.","price":42,"vegan":true,"vegetarian":true,"notFood":false,"drinks":false},{"name":"סנדוויץ'  ניסים","description":"סלט טונה ביתי, מעט שמנת, ביצה קשה, עגבניה, מלפפון, בצל סגול וחסה.","price":42,"vegan":false,"vegetarian":false,"notFood":false,"drinks":false},{"name":"סנדוויץ' סלמון מנורבגיה","description":"גבינת שמנת, סלמון מעושן, בצל מקורמל, עגבניה, עירית קצוצה וחסה.","price":42,"vegan":false,"vegetarian":false,"notFood":false,"drinks":false},{"name":"סנדוויץ' קממבר סטרייקס אגיין","description":"גבינת קממבר, ממרח עגבניות מיובשות, עגבניה צלויה, בצל סגול טרי, צ'ילי גרוס, נבטים, גרעיני דלעת וחסה - מוגש חם.","price":42,"vegan":false,"vegetarian":true,"notFood":false,"drinks":false},{"name":"סנדוויץ' חביתה כמו שאתם אוהבים","description":"חביתה איך שאת/ה אוהב/ת (תרד מנגולד / עשבי תיבול / בצל מקומל / פטריות צלויות / גבינות), גבינת שמנת, עגבניה, מלפפון וחסה.","price":42,"vegan":false,"vegetarian":true,"notFood":false,"drinks":false},{"name":"סנדוויץ' קונטרה לעובד","description":"טחינה ביתית שלנו, חציל קלוי, עם / בלי ביצה קשה, בצל מקורמל, מעט קונפי שום, בצל סגול והמון פטרוזיליה.","price":24,"vegan":false,"vegetarian":true,"notFood":false,"drinks":false},{"name":"סנדוויץ' בא לי עז","description":"גבינת עזים / ממרח סויה, ירקות קלויים בסילאן בלסמי, נבטים, תאנים מיובשות וחסה.","price":24,"vegan":false,"vegetarian":true,"notFood":false,"drinks":false},{"name":"סנדוויץ' בריא מאוד","description":"גבינת פטה 5% / טופו במשרה, ממרח פסטו, עגבניה, מלפפון, בצל סגול, נבטים, אגוזי מלך וחסה.","price":24,"vegan":false,"vegetarian":true,"notFood":false,"drinks":false},{"name":"סנדוויץ' הכריך הטעים","description":"שמנת למריחה / ממרח סויה, עגבניה צלויה, ממרח פסטו, ריבת עגבניות שרי, בצל סגול, גרעיני דלעת, עלי רוקט וחסה - מוגש חם.","price":24,"vegan":false,"vegetarian":true,"notFood":false,"drinks":false},{"name":"סנדוויץ' מיקס טעמים מפתיעים","description":"מיונז / מיונז טבעוני, רוטב פסטו, פלפל וחציל קלויים, בצל סגול וחסה.","price":24,"vegan":false,"vegetarian":true,"notFood":false,"drinks":false},{"name":"סנדוויץ' קשקבל על הזמן","description":"קשקבל / מוצרלה טבעונית, ריבת בצל, עגבניה, זיתים, בצל סגול וחסה - מוגש חם.","price":24,"vegan":true,"vegetarian":true,"notFood":false,"drinks":false},{"name":"סנדוויץ'  ניסים","description":"סלט טונה ביתי, מעט שמנת, ביצה קשה, עגבניה, מלפפון, בצל סגול וחסה.","price":24,"vegan":false,"vegetarian":false,"notFood":false,"drinks":false},{"name":"סנדוויץ' קממבר סטרייקס אגיין","description":"גבינת קממבר, ממרח עגבניות מיובשות, עגבניה צלויה, בצל סגול טרי, צ'ילי גרוס, נבטים, גרעיני דלעת וחסה - מוגש חם.","price":24,"vegan":false,"vegetarian":true,"notFood":false,"drinks":false},{"name":"סנדוויץ' סלמון מנורבגיה","description":"גבינת שמנת, סלמון מעושן, בצל מקורמל, עגבניה, עירית קצוצה וחסה.","price":24,"vegan":false,"vegetarian":false,"notFood":false,"drinks":false},{"name":"סנדוויץ' חביתה כמו שאתם אוהבים","description":"חביתה איך שאת/ה אוהב/ת (תרד מנגולד / עשבי תיבול / בצל מקומל / פטריות צלויות / גבינות), גבינת שמנת, עגבניה, מלפפון וחסה.","price":24,"vegan":false,"vegetarian":true,"notFood":false,"drinks":false},{"name":"סלט רענן ומקורי","description":"עלים ירוקים, עלי רוקט, פלפל אדום, בצל סגול, פטריות צלויות, ריבת בצל אגסים טריים, אגוזי מלך ופקורינו מקולף מעל.","price":50,"vegan":true,"vegetarian":true,"notFood":false,"drinks":false},{"name":"סלט קצוץ מתובל","description":"עגבניה, מלפפון, בצל סגול, רצועות גזר, פטרוזיליה, נענע, עירית וקוביות פטה 5% / טופו במשרה זעתר וברוטב לימון ושמן זית.","price":50,"vegan":false,"vegetarian":true,"notFood":false,"drinks":false},{"name":"סלט עלים ירוק","description":"עלים ירוקים, רצועות גזר, נבטים, פלפל, מלפפון, פטריות צלויות ואגוזי מלך.","price":50,"vegan":true,"vegetarian":true,"notFood":false,"drinks":false},{"name":"סלט קראנצ'י","description":"כרוב, חמוציות, אגוזים, עשבי תיבול.","price":50,"vegan":true,"vegetarian":true,"notFood":false,"drinks":false},{"name":"סלט רוקפור בסטייל","description":"עלים ירוקים, גבינת רוקפור, פטריות צלויות, פלפל, בצל סגול, נבטים, אגוזי מלך\r\nותאנים יבשות.","price":50,"vegan":false,"vegetarian":true,"notFood":false,"drinks":false},{"name":"סלט סלמון נח על עלים","description":"עלים ירוקים, רצועות גזר, פטריות צלויות, מלפפון, עגבניה, בצל סגול, נבטים, סלמון מעושן, שקדים פרוסים וגבינת שמנת.","price":50,"vegan":false,"vegetarian":false,"notFood":false,"drinks":false},{"name":"סלט טונה ביתי","description":"עלים ירוקים, רצועות גזר, מלפפון, עגבניה,\r\nבצל סגול, פלפל, סלט טונה ביתי,\r\nביצה קשה ועירית.","price":50,"vegan":false,"vegetarian":false,"notFood":false,"drinks":false},{"name":"סלט ליזה אנטית","description":"מבחר ירקות קלויים על מצע של עלים ירוקים / סלט קצוץ, עגבניה, בצל סגול, שבבי פקורינו, פסטו מעל ושקדים פרוסים.","price":50,"vegan":true,"vegetarian":true,"notFood":false,"drinks":false},{"name":"טארט פירות העונה","price":42,"vegan":true,"vegetarian":true,"notFood":false,"drinks":false},{"name":"טארט שוקולד","price":42,"vegan":false,"vegetarian":true,"notFood":false,"drinks":false},{"name":"טארט גבינה אפויה","price":42,"vegan":false,"vegetarian":true,"notFood":false,"drinks":false},{"name":"טארט ממרחים ומיני אגוזים","price":42,"vegan":true,"vegetarian":true,"notFood":false,"drinks":false},{"name":"הרכב טארט בעצמך!","price":42,"vegan":true,"vegetarian":true,"notFood":false,"drinks":false},{"name":"כוסות אישיים לבוקר מיני מוזלי","description":"יוגורט וגרנולה עם מבחר פירות העונה.\r\nמינימום 20 יחידות להזמנה.","price":240,"vegan":true,"vegetarian":true,"notFood":false,"drinks":false},{"name":"מארז מיני צנצנות קינוח","description":"מוס שוקולד וגליליות.\r\nמינימום 20 יחידות להזמנה.","price":300,"vegan":false,"vegetarian":true,"notFood":false,"drinks":false},{"name":"מיני צנצנת קינוח","description":"מיקס קינוחים אישיים בכוסות.","price":18,"vegan":true,"vegetarian":true,"notFood":false,"drinks":false},{"name":"מגש כריכונים","description":"מיקס כריכונים במבחר מילויים: טונה, סביח, גבינות ואנטיפסטי.","price":180,"vegan":false,"vegetarian":false,"notFood":false,"drinks":false},{"name":"מגוון פוקצ'ות","description":"פוקצ'ות חמות מהתנור: חצילים, בטטה, קישואים, פיצה, עשבי תיבול ועוד.\r\nמחיר ליחידה. \r\nמינימום 2 יחידות להזמנה.","price":60,"vegan":false,"vegetarian":true,"notFood":false,"drinks":false},{"name":"מגש גבינות קשות מחלבות בוטיק","price":250,"vegan":false,"vegetarian":true,"notFood":false,"drinks":false},{"name":"מגש דגים ל-10 איש","description":"מגש דג חם סלמון / מוסר בתיבול אסייאתי / לימון ועשבי תיבול / חמאה ומרווה.","price":350,"vegan":false,"vegetarian":false,"notFood":false,"drinks":false},{"name":"מגש טורטיות","description":"טורטיות ביס במגוון מילויים: טונה, סביח, גבינות ואנטיפסטי.\r\n20 מיני יחידות.","price":120,"vegan":false,"vegetarian":false,"notFood":false,"drinks":false},{"name":"מגש עוגיות עבודת יד","description":"מגש של מיקס עוגיות עבודת יד.\r\n","price":150,"vegan":true,"vegetarian":true,"notFood":false,"drinks":false},{"name":"מגש שוקולד","description":"לאוהבי המתוק: מגש של מיקס מתוקים עם המון המון שוקולד, 16 יח'.","price":160,"vegan":false,"vegetarian":true,"notFood":false,"drinks":false},{"name":"סלט אנדיב","description":"סלט אנדיב, גבינה כחולה ואגסים בתוספת אגוזי מלך וצימוקים ברוטב ויניגרט שרדונה. ","price":150,"vegan":false,"vegetarian":true,"notFood":false,"drinks":true},{"name":"סלט אנטיפסטי","description":"סלט ירקות חתוכים בתוספת גבינת פטה וזיתי קלמטה.","price":50,"vegan":false,"vegetarian":true,"notFood":false,"drinks":false},{"name":"סלט טונה","description":"סלט ירקות חתוכים בתוספת גבינת פטה וזיתי קלמטה.","price":50,"vegan":false,"vegetarian":false,"notFood":false,"drinks":false},{"name":"סלט ים תיכוני","description":"סלט ירקות חתוכים בתוספת גבינת פטה וזיתי קלמטה.","price":50,"vegan":false,"vegetarian":true,"notFood":false,"drinks":false},{"name":"סלט סלמון","description":"סלט ירקות חתוכים בתוספת גבינת פטה וזיתי קלמטה. ","price":50,"vegan":false,"vegetarian":false,"notFood":false,"drinks":false},{"name":"סלט עלים","description":"סלט ירקות חתוכים בתוספת גבינת פטה וזיתי קלמטה. ","price":50,"vegan":false,"vegetarian":true,"notFood":false,"drinks":false},{"name":"סלט עם גבינת רוקפור","description":"סלט ירקות חתוכים בתוספת גבינת פטה וזיתי קלמטה.","price":50,"vegan":false,"vegetarian":true,"notFood":false,"drinks":false},{"name":"סלט פטרוזיליה פקאן וחמוציות","description":"פטרוזיליה קצוצה בתוספת חמוציות ופקאן טבעי וקשיו קלוי קצוצים ברוטב שמן זית ולימון. ","price":50,"vegan":true,"vegetarian":true,"notFood":false,"drinks":false},{"name":"סלט קצוץ","description":"סלט ירקות חתוכים בתוספת גבינת פטה וזיתי קלמטה.","price":50,"vegan":false,"vegetarian":true,"notFood":false,"drinks":false},{"name":"סלט קראנצ'י","description":"כרוב, חמוציות, אגוזים ועשבי תיבול.","price":50,"vegan":true,"vegetarian":true,"notFood":false,"drinks":false},{"name":"ספגטי ברוטב עגבניות בישול ארוך","description":"ספגטי ברוטב עגבניות וירקות שורש בבישול ארוך וזיתי קלמטה. ","price":250,"vegan":true,"vegetarian":true,"notFood":false,"drinks":false},{"name":"עוגה בחושה","description":"מיוחדות ומפתיעות בטעמים לא רגילים.","price":50,"vegan":true,"vegetarian":true,"notFood":false,"drinks":false},{"name":"פלטת אנטיפסטי","description":"ירקות קלויים בשמן זית: חצילים, בטטה, קישואים, פלפלים, שומר ופטריות.","price":180,"vegan":true,"vegetarian":true,"notFood":false,"drinks":false},{"name":"פלטת ירקות","price":120,"vegan":true,"vegetarian":true,"notFood":false,"drinks":false},{"name":"פלטת סלק וגבינת עזים","description":"סלט סלק על מצע של עלי רוקט, גבינת עזים, שמן זית, בלסמי מצומצם ומלח גס. ","price":150,"vegan":false,"vegetarian":true,"notFood":false,"drinks":false},{"name":"פלטת פירות","description":"עגבניות פרוסות בתוספת בייבי מוצרלה ברוטב פסטו פיסטוקים ביתי.","price":180,"vegan":false,"vegetarian":true,"notFood":false,"drinks":false},{"name":"פלטת קפרזה","description":"עגבניות פרוסות בתוספת בייבי מוצרלה ברוטב פסטו פיסטוקים ביתי.","price":120,"vegan":false,"vegetarian":true,"notFood":false,"drinks":false},{"name":"פנה פסטו","description":"פנה ברוטב פסטו פיסטוקים וצנוברים בתוספת עגבניות שרי. ","price":250,"vegan":true,"vegetarian":true,"notFood":false,"drinks":false},{"name":"פסטות","description":"מתאים ל-10-15 איש","price":250,"vegan":true,"vegetarian":true,"notFood":false,"drinks":false},{"name":"רביולי בטטה","description":"רביולי בטטה או גבינת עזים ברוטב שמנת פטריות ויין לבן. ","price":300,"vegan":false,"vegetarian":true,"notFood":false,"drinks":false},{"name":"מטבל לבחירה","description":"פסטו, טפנד זיתי קלמטה, עגבניות מיובשות, ריבת בצל, קונפי שום, ריבות עבודת יד.","price":28,"vegan":true,"vegetarian":true,"notFood":false,"drinks":false},{"name":"רוטב ויניגרט (בקבוקון)","price":28,"vegan":true,"vegetarian":true,"notFood":false,"drinks":true}]}