{"track_id":"13858","filters":["meatGrill","salads","sandwichesWraps"],"image":"https://tenbis-static.azureedge.net/restaurant-default-card-image/CuzineType_meatgrill_01.jpg","address":"מקווה ישראל, 4 תל אביב-יפו","location":[34.7742005,32.0619438],"name":"פנינת השווארמה","city":"תל אביב-יפו","priceAverage":39.55882352941177,"menu":[{"name":"שווארמה","description":"","price":50,"vegan":false,"vegetarian":false,"image":"https://d25t2285lxl5rf.cloudfront.net/images/dishes/69e10dd9-61f4-4137-b35d-7568a45bc0f5.png","notFood":false,"drinks":false},{"name":"שווארמה","description":"","price":65,"vegan":false,"vegetarian":false,"image":"https://d25t2285lxl5rf.cloudfront.net/images/dishes/b5af0b4f-5aac-420d-b2c5-cba53693b160.png","notFood":false,"drinks":false},{"name":"שווארמה","description":"","price":47,"vegan":false,"vegetarian":false,"image":"https://d25t2285lxl5rf.cloudfront.net/images/dishes/22238d93-0160-44c8-b130-8c049ef127f0.png","notFood":false,"drinks":false},{"name":"שווארמה","description":"","price":47,"vegan":false,"vegetarian":false,"image":"https://d25t2285lxl5rf.cloudfront.net/images/dishes/22238d93-0160-44c8-b130-8c049ef127f0.png","notFood":false,"drinks":false},{"name":"חזה עוף","description":"","price":38,"vegan":false,"vegetarian":false,"image":"https://d25t2285lxl5rf.cloudfront.net/images/dishes/377489eb-fbd2-4808-9876-f4eb3de6212e.png","notFood":false,"drinks":false},{"name":"שיפוד פרגית","description":"","price":38,"vegan":false,"vegetarian":false,"image":"https://d25t2285lxl5rf.cloudfront.net/images/dishes/b0d0cc0f-814f-48cf-ad5b-552b446bc980.png","notFood":false,"drinks":false},{"name":"שניצל","description":"","price":35,"vegan":false,"vegetarian":false,"image":"https://d25t2285lxl5rf.cloudfront.net/images/dishes/402bd503-af85-4525-8c0b-402fb4dfe7ca.png","notFood":false,"drinks":false},{"name":"פלאפל","description":"","price":21,"vegan":true,"vegetarian":true,"image":"https://d25t2285lxl5rf.cloudfront.net/images/dishes/f7436550-a183-4b6a-8e98-49dd5b1c6b0d.png","notFood":false,"drinks":false},{"name":"שווארמה","description":"","price":50,"vegan":false,"vegetarian":false,"image":"https://d25t2285lxl5rf.cloudfront.net/images/dishes/69e10dd9-61f4-4137-b35d-7568a45bc0f5.png","notFood":false,"drinks":false},{"name":"חזה עוף","description":"","price":45,"vegan":false,"vegetarian":false,"image":"https://d25t2285lxl5rf.cloudfront.net/images/dishes/4c4cb90f-73ff-4f4e-bdf7-78de4a07fd5d.png","notFood":false,"drinks":false},{"name":"שיפוד פרגית","description":"","price":45,"vegan":false,"vegetarian":false,"image":"https://d25t2285lxl5rf.cloudfront.net/images/dishes/48be97cc-d438-4ff6-8492-90734f3c0792.png","notFood":false,"drinks":false},{"name":"שניצל","description":"","price":40,"vegan":false,"vegetarian":false,"image":"https://d25t2285lxl5rf.cloudfront.net/images/dishes/e02b0ed4-1833-4141-bb39-64f5c4250d69.png","notFood":false,"drinks":false},{"name":"פלאפל","description":"","price":27,"vegan":true,"vegetarian":true,"image":"https://d25t2285lxl5rf.cloudfront.net/images/dishes/2395bcac-56cb-4378-990e-cf7ff289712e.png","notFood":false,"drinks":false},{"name":"שווארמה","description":"","price":50,"vegan":false,"vegetarian":false,"image":"https://d25t2285lxl5rf.cloudfront.net/images/dishes/1fd00464-2814-4435-8623-a7cdfc0d34e3.png","notFood":false,"drinks":false},{"name":"חזה עוף","description":"","price":45,"vegan":false,"vegetarian":false,"image":"https://d25t2285lxl5rf.cloudfront.net/images/dishes/fc7abda5-4b91-4664-bde7-fd005d31360b.png","notFood":false,"drinks":false},{"name":"שיפוד פרגית","description":"","price":45,"vegan":false,"vegetarian":false,"image":"https://d25t2285lxl5rf.cloudfront.net/images/dishes/45017f16-a8d4-497b-a6d9-dd0f308e50ce.png","notFood":false,"drinks":false},{"name":"שניצל","description":"","price":40,"vegan":false,"vegetarian":false,"image":"https://d25t2285lxl5rf.cloudfront.net/images/dishes/58861d56-313f-49e8-b641-ff237486ff5c.png","notFood":false,"drinks":false},{"name":"פלאפל","description":"","price":27,"vegan":true,"vegetarian":true,"image":"https://d25t2285lxl5rf.cloudfront.net/images/dishes/b0267b17-b8a6-499c-945e-706135556a6c.png","notFood":false,"drinks":false},{"name":"מעורב ירושלמי","description":"","price":45,"vegan":true,"vegetarian":true,"image":"","notFood":false,"drinks":false},{"name":"שווארמה","description":"","price":65,"vegan":false,"vegetarian":false,"image":"https://d25t2285lxl5rf.cloudfront.net/images/dishes/b5af0b4f-5aac-420d-b2c5-cba53693b160.png","notFood":false,"drinks":false},{"name":"חזה עוף","description":"","price":60,"vegan":false,"vegetarian":false,"image":"https://d25t2285lxl5rf.cloudfront.net/images/dishes/8246b3c1-d2e5-4153-8b78-a7c2e8390c30.png","notFood":false,"drinks":false},{"name":"שיפודי פרגית","description":"","price":60,"vegan":false,"vegetarian":false,"image":"https://d25t2285lxl5rf.cloudfront.net/images/dishes/6045bfd6-dfd6-4c2b-97e0-530a7ab77d36.png","notFood":false,"drinks":false},{"name":"שניצל","description":"","price":60,"vegan":false,"vegetarian":false,"image":"https://d25t2285lxl5rf.cloudfront.net/images/dishes/3bce02c0-5a7f-48b1-9ce2-90fa01bb348b.png","notFood":false,"drinks":false},{"name":"פלאפל","description":"","price":35,"vegan":true,"vegetarian":true,"image":"https://d25t2285lxl5rf.cloudfront.net/images/dishes/9e0c6dcb-58fa-4fd6-8a46-e52708fe9e8b.png","notFood":false,"drinks":false},{"name":"שיפודי קבב","description":"2 שיפודי קבב ותוספות","price":65,"vegan":false,"vegetarian":false,"image":"https://d25t2285lxl5rf.cloudfront.net/images/dishes/a608fd51-f14e-474d-8d0f-5a017854af2e.png","notFood":false,"drinks":false},{"name":"מעורב ירושלמי","description":"","price":65,"vegan":true,"vegetarian":true,"image":"","notFood":false,"drinks":false},{"name":"קולה זירו","description":"","price":10,"vegan":true,"vegetarian":true,"image":"https://d25t2285lxl5rf.cloudfront.net/images/dishes/b6acb020-f93c-49ee-b29b-5b49f276c768.jpg","notFood":false,"drinks":true},{"name":"סודה","description":"","price":10,"vegan":true,"vegetarian":true,"image":"https://d25t2285lxl5rf.cloudfront.net/images/dishes/61e79c33-30dc-4448-86e2-7f7b8d2b03fb.jpg","notFood":false,"drinks":true},{"name":"מים מינרליים","description":"","price":10,"vegan":true,"vegetarian":true,"image":"https://d25t2285lxl5rf.cloudfront.net/images/dishes/02b1bf21-e4a2-462a-a3a4-27b47eb344e3.jpg","notFood":false,"drinks":true},{"name":"ספרייט","description":"","price":10,"vegan":true,"vegetarian":true,"image":"https://d25t2285lxl5rf.cloudfront.net/images/dishes/143e4f9b-58f2-4df8-ba85-2455d3c71445.jpg","notFood":false,"drinks":true},{"name":"ספרייט זירו","description":"","price":10,"vegan":true,"vegetarian":true,"image":"https://d25t2285lxl5rf.cloudfront.net/images/dishes/1f17bae0-0303-490e-b6f1-05536916b5f3.jpg","notFood":false,"drinks":true},{"name":"חומוס במגשית","description":"מגיע עם פיתה וציפס בצד ו2 כדורי פלאפל","price":35,"vegan":true,"vegetarian":true,"image":"https://d25t2285lxl5rf.cloudfront.net/images/dishes/8c75ffd6-ef3d-4f28-928c-fe8b107f24ec.jpeg","notFood":false,"drinks":false},{"name":"סלט ירקות","description":"‏עגבניה מלפפון בצל ירקות שמן לימון","price":25,"vegan":true,"vegetarian":true,"image":"","notFood":false,"drinks":false},{"name":"צ’יפס ‏גדול","description":"","price":25,"vegan":true,"vegetarian":true,"image":"","notFood":false,"drinks":false}]}