{"track_id":"13859","filters":["pasta","pizza"],"image":"https://tenbis-static.azureedge.net/restaurant-default-card-image/CuzineType_italian_05.jpg","address":"סוקולוב, 9 הוד השרון","location":[34.9023397,32.1621813],"name":"איטאלי ","city":"השרון","priceAverage":45.372549019607845,"menu":[{"name":"טורטלוני במילוי קדרת בקר ברוטב פומודורו ופטריות","price":59,"vegan":false,"vegetarian":false,"notFood":false,"drinks":false},{"name":"מרגריטה","description":"רוטב עגבניות, מוצרלה, בזיליקום","price":69,"vegan":false,"vegetarian":true,"image":"https://d25t2285lxl5rf.cloudfront.net/images/dishes/aa2a0de5-75c7-47e4-a1cb-6f69a4ad402c.jpg","notFood":false,"drinks":false},{"name":"מרגריטה ללא גלוטן","price":35,"vegan":true,"vegetarian":true,"notFood":false,"drinks":false},{"name":"קפריציוזה","description":"רוטב עגבניות, מוצרלה, ארטישוק, זיתי קלמטה, אורגנו","price":93,"vegan":false,"vegetarian":true,"image":"https://d25t2285lxl5rf.cloudfront.net/images/dishes/6db3c062-6c9f-43ba-b9e4-ca6396e4cae8.jpg","notFood":false,"drinks":false},{"name":"בצלצלים","description":"רוטב עגבניות, מוצרלה, בצל, בצל אדום, כרישה בצל ירוק, ","price":93,"vegan":false,"vegetarian":true,"image":"https://d25t2285lxl5rf.cloudfront.net/images/dishes/498ded72-47ba-424c-a721-28e03b3672b2.jpg","notFood":false,"drinks":false},{"name":"איי פונגי","description":"רוטב עגבניות, פסטו, פטריות, מוצרלה, בזיליקום ","price":93,"vegan":false,"vegetarian":true,"image":"https://d25t2285lxl5rf.cloudfront.net/images/dishes/3182c719-a196-4bcb-b027-613e94a491f9.jpg","notFood":false,"drinks":false},{"name":"ארבע גבינות","description":"רוטב עגבניות, מוצרלה, פרמזן, גבינה כחולה, פטה,\nפלפל שחור שמן זית ","price":93,"vegan":false,"vegetarian":true,"image":"https://d25t2285lxl5rf.cloudfront.net/images/dishes/54b1fc3f-3b03-4dd3-bc12-ac82cd887bb9.jpg","notFood":false,"drinks":false},{"name":"בייקון","description":"רוטב עגבניות, מוצרלה, מוצרלה, בייקון, בצל ירוק, עגבניות טריות בשום, שמן זית ","price":105,"vegan":false,"vegetarian":false,"image":"https://d25t2285lxl5rf.cloudfront.net/images/dishes/3185a277-80e4-4e5a-b846-798e7b171484.jpg","notFood":false,"drinks":false},{"name":"פפרוני","description":"רוטב עגבניות, מוצרלה, פפרוני עגל, אורגנו טרי ","price":93,"vegan":false,"vegetarian":true,"image":"https://d25t2285lxl5rf.cloudfront.net/images/dishes/9e38a1e2-e783-4b12-b130-b03ced8f167a.jpg","notFood":false,"drinks":false},{"name":"ארביאטה חריפה","description":"רוטב עגבניות, פלפל קלוי ,זיתי קלמטה, פלפל צ‘ילי,פטרוזיליה ,\nמוצרלה בזיליקום","price":93,"vegan":false,"vegetarian":true,"image":"https://d25t2285lxl5rf.cloudfront.net/images/dishes/a167c201-4a8d-4f16-b788-9f822bab4f65.jpg","notFood":false,"drinks":false},{"name":"בופולינה","description":"רוטב עגבניות, פסטו ,קוביות מוצרלה באפלו, קוביות עגבניה, בזיליקום, שמן זית","price":98,"vegan":false,"vegetarian":true,"notFood":false,"drinks":false},{"name":"פטריות","description":"ממרח קרם פטריות ובצלים, פטריות צלויות, פרמז'ן או אורוגולה, בלסמי מצומצם ","price":93,"vegan":false,"vegetarian":true,"image":"https://d25t2285lxl5rf.cloudfront.net/images/dishes/53a7be22-ca81-4832-bfbd-248db936e174.jpg","notFood":false,"drinks":false},{"name":"מלנזנה","description":"רוטב עגבניות, שום, בצל, חצילים, גבינת פטה, אורגנו ופלפל צ'ילי טרי","price":44,"vegan":false,"vegetarian":true,"image":"https://d25t2285lxl5rf.cloudfront.net/images/dishes/03aa0a17-eaa9-4201-9e17-1ca9e2713287.jpg","notFood":false,"drinks":false},{"name":"קרבונרה","description":"שבבי בייקון שום פלפל שחורג רוס \nאגוז מוסקט שמנת פרמזן וחלמון ביצה ","price":51,"vegan":false,"vegetarian":false,"image":"https://d25t2285lxl5rf.cloudfront.net/images/dishes/decbf263-70f8-4fb6-b45f-41e4a78fa312.jpg","notFood":false,"drinks":false},{"name":"גורגונזולה","description":"שמנת, שום, גבינת רוקפור ופרמז'ן ","price":53,"vegan":false,"vegetarian":true,"image":"https://d25t2285lxl5rf.cloudfront.net/images/dishes/162a99f3-68c7-466f-b2d7-03cb7a3a9b6e.jpg","notFood":false,"drinks":false},{"name":"אליו אוליו","description":"שמן זית, שום, פטרוזיליה וצילי","price":34,"vegan":true,"vegetarian":true,"image":"https://d25t2285lxl5rf.cloudfront.net/images/dishes/8b8e2ba8-42fb-4935-b536-76ba91accfdf.jpg","notFood":false,"drinks":false},{"name":"קרצ'יופי","description":"שמן זית, שום, בצל, ארטישוק, פטריות, עגבניות טריות ואורגנו טרי ","price":54,"vegan":true,"vegetarian":true,"image":"https://d25t2285lxl5rf.cloudfront.net/images/dishes/de551e59-69f6-4752-a67f-8631268d268e.jpg","notFood":false,"drinks":false},{"name":"פומודורו","description":"רוטב עגבניות, שום, שמן זית ובזיליקום","price":34,"vegan":true,"vegetarian":true,"image":"https://d25t2285lxl5rf.cloudfront.net/images/dishes/023ae732-59d4-4acc-be67-3717f0c2d3ba.jpg","notFood":false,"drinks":false},{"name":"ארביאטה","description":"שמן זית,שום, בצל, עגבניות קוביות , זיתי קלמטה \nפלפל חריף ורוטב עגבניות ","price":44,"vegan":true,"vegetarian":true,"image":"https://d25t2285lxl5rf.cloudfront.net/images/dishes/0d41f84e-b78a-44d3-b3a3-0a8987915977.jpg","notFood":false,"drinks":false},{"name":"רוזה","description":"שום, שמן זית, רוטב עגבניות ושמנת","price":37,"vegan":false,"vegetarian":true,"image":"https://d25t2285lxl5rf.cloudfront.net/images/dishes/f6e04b1e-7b1f-4181-868e-bfce9e390b0a.jpg","notFood":false,"drinks":false},{"name":"שמנת פסטו","description":"שמנת ופסטו בזיליקום","price":41,"vegan":false,"vegetarian":true,"image":"https://d25t2285lxl5rf.cloudfront.net/images/dishes/36ef7fb9-0f20-4db5-b6d6-e43ec70a84d3.jpg","notFood":false,"drinks":false},{"name":"שמנת פטריות","description":"שמנת, שום, אגוז מוסקט ופטריות","price":44,"vegan":false,"vegetarian":true,"image":"https://d25t2285lxl5rf.cloudfront.net/images/dishes/a0276012-345b-4939-a7d0-984ad4fb0816.jpg","notFood":false,"drinks":false},{"name":"שמנת בטטה","description":"שמנת, שום, קרם בטטה וקוביות בטטה צלויות","price":49,"vegan":false,"vegetarian":true,"image":"https://d25t2285lxl5rf.cloudfront.net/images/dishes/482f03c6-a550-4fff-93a3-ca70bb9f966a.jpg","notFood":false,"drinks":false},{"name":"רוזה פפרוני","description":"רוטב עגבניות, שמנת, בצל, פטריות, שבבי פפרוני ופרמזן","price":49,"vegan":false,"vegetarian":true,"image":"https://d25t2285lxl5rf.cloudfront.net/images/dishes/b7ec258b-b34c-4ae0-bce6-bbb74744ab80.jpg","notFood":false,"drinks":false},{"name":"מרגז חריפה","description":"רוטב עגבניות, שום, פלפל קלוי, בצל, פלפל צילי, בצל ונקניקיות מרגז","price":49,"vegan":true,"vegetarian":true,"image":"https://d25t2285lxl5rf.cloudfront.net/images/dishes/8bf29891-65ae-4c9a-8ac1-00bbd4a0079a.jpg","notFood":false,"drinks":false},{"name":"צ'יצ'ו","description":"שום, שמן זית, רוטב עגבניות ושמנת פטריות ","price":40,"vegan":false,"vegetarian":true,"image":"https://d25t2285lxl5rf.cloudfront.net/images/dishes/a8160ad9-214a-4e41-ba0c-fe4500bc84f8.jpg","notFood":false,"drinks":false},{"name":"בולונז","description":"ראגו מסורתי עם בשר בקר טרי","price":59,"vegan":false,"vegetarian":false,"image":"https://d25t2285lxl5rf.cloudfront.net/images/dishes/56356530-cb45-482a-9cad-34b2c2840e13.jpg","notFood":false,"drinks":false},{"name":"פולו טוסקנה","description":"נתחי חזה עוף עם פטריות שום ,בצל מקורמל ,רוטב עגבניות ותערובת תבליני טוסקנה","price":52,"vegan":false,"vegetarian":false,"notFood":false,"drinks":false},{"name":"טורטליני פטריות פורצ'יני","description":"מומלץ ברוטב שמנת פטריות או ארביאטה \nנא לציין רוטב בהערות","price":63,"vegan":false,"vegetarian":true,"notFood":false,"drinks":false},{"name":"לזניה עגבניות","description":"לזניה קלאסית עם רוטב עגבניות וגבינות","price":48,"vegan":true,"vegetarian":true,"notFood":false,"drinks":false},{"name":"לזניה בטטה","description":"רוטב בשמל,בטטה וגבינות בלווי רוטב רוזה ","price":48,"vegan":true,"vegetarian":true,"notFood":false,"drinks":false},{"name":"טורטלוני במילוי קדרת בקר ברוטב פומודורו פטריות","price":59,"vegan":false,"vegetarian":false,"notFood":false,"drinks":false},{"name":"פוקצ`ה","price":8,"vegan":true,"vegetarian":true,"image":"https://d25t2285lxl5rf.cloudfront.net/images/dishes/346d4153-608b-48af-a862-9b6c402eb3de.jpg","notFood":false,"drinks":false},{"name":"לחם שום","price":8,"vegan":true,"vegetarian":true,"image":"https://d25t2285lxl5rf.cloudfront.net/images/dishes/8368f581-163d-4268-9220-4e65b4585180.jpg","notFood":false,"drinks":false},{"name":"סלט ירוק","description":"תערובת חסה ועלי רוקט, בצל סגול ופטריות שמפניון בוינגרט הדרים","price":34,"vegan":true,"vegetarian":true,"image":"https://d25t2285lxl5rf.cloudfront.net/images/dishes/039e3fcf-09e3-479c-9a37-835b6876063a.jpg","notFood":false,"drinks":false},{"name":"סלט ארטישוק חם","description":"ארטישוק מוקפץ במחבת חם עם שמן זית, שום פטריות וזיתי קלמטה על יוגורט עיזים עם עלי רוקט, בצל סגול, עגבניות וגבינת פרמזן בוינגרט הדרים","price":47,"vegan":false,"vegetarian":true,"image":"https://d25t2285lxl5rf.cloudfront.net/images/dishes/2d6267ad-0b6d-4ee7-86af-7418cc44c76b.jpg","notFood":false,"drinks":false},{"name":"סלט גרקו","description":"תערובת חסה ועלי רוקט, בצל סגול ,עגבניות ,מלפפון ,זיתי קלמטה קרעי ג'בטה וגבינת\nפטה מגורדת בויניגרט  הדרים ","price":47,"vegan":false,"vegetarian":true,"notFood":false,"drinks":false},{"name":"טירמיסו","description":"קרם מסקרפונה עם בישקוטים טבולים באספרסו ","price":29,"vegan":true,"vegetarian":true,"image":"https://d25t2285lxl5rf.cloudfront.net/images/dishes/5f47472e-9872-421a-b23f-d9280a9b29a3.jpg","notFood":false,"drinks":false},{"name":"סופלה שוקולד","price":28,"vegan":false,"vegetarian":true,"image":"https://d25t2285lxl5rf.cloudfront.net/images/dishes/30881277-b7d4-4b03-ad90-108e42e0ca26.jpg","notFood":false,"drinks":false},{"name":"בקבוק זכוכית קוקה קולה","price":10,"vegan":true,"vegetarian":true,"notFood":false,"drinks":true},{"name":"בקבוק זכוכית קולה זירו","price":10,"vegan":true,"vegetarian":true,"notFood":false,"drinks":true},{"name":"בקבוק זכוכית ספרייט","price":10,"vegan":true,"vegetarian":true,"notFood":false,"drinks":true},{"name":"בקבוק זכוכית דיאט ספרייט","price":10,"vegan":true,"vegetarian":true,"notFood":false,"drinks":true},{"name":"בקבוק 0.5 ליטר פיוז טי אפרסק","price":11,"vegan":true,"vegetarian":true,"notFood":false,"drinks":true},{"name":"בקבוק 0.5 ליטר מים בטעם אפרסק","price":11,"vegan":true,"vegetarian":true,"notFood":false,"drinks":true},{"name":"בקבוק 0.5 ליטר מים בטעם תפוח","price":11,"vegan":true,"vegetarian":true,"notFood":false,"drinks":true},{"name":"בקבוק 1.5 ליטר קוקה קולה","price":14,"vegan":true,"vegetarian":true,"notFood":false,"drinks":true},{"name":"בקבוק 1.5 ליטר קולה זירו","price":14,"vegan":true,"vegetarian":true,"notFood":false,"drinks":true},{"name":"בקבוק 1.5 ליטר ספרייט","price":14,"vegan":true,"vegetarian":true,"notFood":false,"drinks":true},{"name":"בקבוק 1.5 ליטר דיאט ספרייט","price":14,"vegan":true,"vegetarian":true,"notFood":false,"drinks":true},{"name":"בקבוק 1.5 ליטר פיוז טי אפרסק","price":15,"vegan":true,"vegetarian":true,"notFood":false,"drinks":true}]}