{"track_id":"13868","filters":["homeMade","humus"],"image":"https://tenbis-static.azureedge.net/restaurant-card-image/ResCard_13868_20201025162104.jpg","address":"דרך יצחק רבין, 53 גבעתיים","location":[34.8101499,32.0665945],"name":"חומוס גבעתיים קניון גבעתיים","city":"גבעתיים","priceAverage":29.94736842105263,"menu":[{"name":"חומוס גבעתיים","description":"חומוס, טחינה, גרגירים, שמן זית, פטרוזיליה ותבלינים","price":26,"vegan":true,"vegetarian":true,"image":"https://d25t2285lxl5rf.cloudfront.net/images/dishes/770a2b47-7773-4625-a906-2233975ce770.jpg","notFood":false,"drinks":false},{"name":"10 כדורי פלאפל","description":"","price":15,"vegan":true,"vegetarian":true,"image":"https://d25t2285lxl5rf.cloudfront.net/images/dishes/23b17df3-765b-4f5d-8bdd-d340be103ec0.jpg","notFood":false,"drinks":false},{"name":"סלט ירקות 500 מ\"ל","description":"קצוץ דק, מלפפון, עגבנייה, פלפל אדום, בצל סגול, פטרוזיליה, בתיבול שמן זית ולימון מוגש עם טחינה","price":28,"vegan":true,"vegetarian":true,"image":"https://d25t2285lxl5rf.cloudfront.net/images/dishes/cc7cd5f5-080e-4994-b9f2-35ac583fa9b8.jpg","notFood":false,"drinks":false},{"name":"חומוס פטריות","description":"חומוס, פטריות חמות, טחינה, שמן זית, פטרוזיליה ותבלינים","price":33,"vegan":true,"vegetarian":true,"image":"https://d25t2285lxl5rf.cloudfront.net/images/dishes/07b3a173-9863-4838-811c-71a6b2a83a3d.jpg","notFood":false,"drinks":false},{"name":"חומוס בשר","description":"חומוס, בשר טחון, טחינה, שמן זית ופטרוזיליה","price":39,"vegan":false,"vegetarian":false,"image":"https://d25t2285lxl5rf.cloudfront.net/images/dishes/bba619d0-cebd-4397-acc4-19232a082722.jpg","notFood":false,"drinks":false},{"name":"שניצל","description":"","price":53,"vegan":false,"vegetarian":false,"image":"https://d25t2285lxl5rf.cloudfront.net/images/dishes/60e9044f-69a2-484a-a9f7-330e960e8411.jpg","notFood":false,"drinks":false},{"name":"חזה עוף","description":"","price":53,"vegan":false,"vegetarian":false,"image":"https://d25t2285lxl5rf.cloudfront.net/images/dishes/08f47e5f-3dbf-4d12-a08f-efbf859cf254.jpg","notFood":false,"drinks":false},{"name":"נתחי עוף","description":"עם פטריות ובצל ברוטב שזיפים","price":53,"vegan":false,"vegetarian":false,"image":"https://d25t2285lxl5rf.cloudfront.net/images/dishes/13cc5f6a-10bb-4e8f-b9ea-d5b4cb0710c5.jpg","notFood":false,"drinks":false},{"name":"עוף בטמפורה עם צ'ילי מתוק","description":"","price":53,"vegan":false,"vegetarian":false,"image":"https://d25t2285lxl5rf.cloudfront.net/images/dishes/b3fa4fdf-0690-4595-8bc6-cecaccbba0d2.jpg","notFood":false,"drinks":false},{"name":"קבב","description":"","price":53,"vegan":false,"vegetarian":false,"image":"https://d25t2285lxl5rf.cloudfront.net/images/dishes/412731f7-26d7-4acc-84b6-5a1a0b9bf430.jpg","notFood":false,"drinks":false},{"name":"פרגיות","description":"","price":53,"vegan":false,"vegetarian":false,"image":"https://d25t2285lxl5rf.cloudfront.net/images/dishes/3298fd2d-a536-4a7b-ab56-3d2c561468b9.jpg","notFood":false,"drinks":false},{"name":"קציצות זוקיני","description":"","price":53,"vegan":true,"vegetarian":true,"image":"https://d25t2285lxl5rf.cloudfront.net/images/dishes/ef257429-90cf-4846-8104-f24bea5a275c.jpg","notFood":false,"drinks":false},{"name":"קציצות עדשים","description":"","price":53,"vegan":true,"vegetarian":true,"image":"https://d25t2285lxl5rf.cloudfront.net/images/dishes/28c34655-90de-424b-8648-f08326edd1be.jpg","notFood":false,"drinks":false},{"name":"קציצות כרובית וברוקולי","description":"","price":53,"vegan":true,"vegetarian":true,"image":"https://d25t2285lxl5rf.cloudfront.net/images/dishes/9fd29ff3-ceb9-4917-9510-0f10ecf2a62f.jpg","notFood":false,"drinks":false},{"name":"שווארמה","description":"","price":53,"vegan":false,"vegetarian":false,"image":"","notFood":false,"drinks":false},{"name":"חומוס גבעתיים","description":"חומוס, טחינה, גרגירים, שמן זית, פטרוזיליה ותבלינים","price":26,"vegan":true,"vegetarian":true,"image":"https://d25t2285lxl5rf.cloudfront.net/images/dishes/770a2b47-7773-4625-a906-2233975ce770.jpg","notFood":false,"drinks":false},{"name":"חומוס פטריות","description":"חומוס, פטריות חמות, טחינה, שמן זית, פטרוזיליה ותבלינים","price":33,"vegan":true,"vegetarian":true,"image":"https://d25t2285lxl5rf.cloudfront.net/images/dishes/07b3a173-9863-4838-811c-71a6b2a83a3d.jpg","notFood":false,"drinks":false},{"name":"חומוס בשר","description":"חומוס, בשר טחון, טחינה, שמן זית ופטרוזיליה","price":39,"vegan":false,"vegetarian":false,"image":"https://d25t2285lxl5rf.cloudfront.net/images/dishes/bba619d0-cebd-4397-acc4-19232a082722.jpg","notFood":false,"drinks":false},{"name":"חומוס עוף","description":"חומוס, נתחי חזה עוף, טחינה, שמן זית, פטרוזיליה","price":38,"vegan":false,"vegetarian":false,"image":"https://d25t2285lxl5rf.cloudfront.net/images/dishes/b1005bf5-5ecf-4cbd-9343-f227d8e57b73.jpg","notFood":false,"drinks":false},{"name":"סלט ירקות 500 מ\"ל","description":"קצוץ דק, מלפפון, עגבנייה, פלפל אדום, בצל סגול, פטרוזיליה, בתיבול שמן זית ולימון מוגש עם טחינה","price":28,"vegan":true,"vegetarian":true,"image":"https://d25t2285lxl5rf.cloudfront.net/images/dishes/cc7cd5f5-080e-4994-b9f2-35ac583fa9b8.jpg","notFood":false,"drinks":false},{"name":"סלט עוף","description":"מלפפון, עגבנייה, פלפל אדום, בצל סגול, פטרוזיליה ונתחי עוף בתיבול שמן זית ולימון, מוגש עם טחינה","price":40,"vegan":false,"vegetarian":false,"image":"https://d25t2285lxl5rf.cloudfront.net/images/dishes/b2d4d2ec-0075-4e2c-b90b-16341116a2f9.jpg","notFood":false,"drinks":false},{"name":"שניצל בפיתה","description":"מוגש בליווי צ'יפס","price":27,"vegan":false,"vegetarian":false,"image":"","notFood":false,"drinks":false},{"name":"חזה עוף בפיתה","description":"מוגש בליווי צ'יפס","price":27,"vegan":false,"vegetarian":false,"image":"","notFood":false,"drinks":false},{"name":"קבב בפיתה","description":"מוגש בליווי צ'יפס","price":32,"vegan":false,"vegetarian":false,"image":"","notFood":false,"drinks":false},{"name":"פרגית בפיתה","description":"מוגש בליווי צ'יפס","price":32,"vegan":false,"vegetarian":false,"image":"","notFood":false,"drinks":false},{"name":"טורטיה חזה עוף","description":"מוגש בליווי צ'יפס/טבעות בצל","price":30,"vegan":false,"vegetarian":false,"image":"","notFood":false,"drinks":false},{"name":"טורטיה קבב","description":"מוגש בליווי צ'יפס/טבעות בצל","price":30,"vegan":false,"vegetarian":false,"image":"","notFood":false,"drinks":false},{"name":"טורטיה שניצל","description":"מוגש בליווי צ'יפס/טבעות בצל","price":30,"vegan":false,"vegetarian":false,"image":"","notFood":false,"drinks":false},{"name":"שניצל","description":"","price":38,"vegan":false,"vegetarian":false,"image":"https://d25t2285lxl5rf.cloudfront.net/images/dishes/f0464c78-39ab-42cb-8563-985ef47a008e.jpg","notFood":false,"drinks":false},{"name":"חזה עוף","description":"","price":38,"vegan":false,"vegetarian":false,"image":"https://d25t2285lxl5rf.cloudfront.net/images/dishes/49f22d68-591b-4281-b6ec-0dbadf06d137.jpg","notFood":false,"drinks":false},{"name":"נתחי עוף","description":"עם פטריות ובצל ברוטב שזיפים","price":38,"vegan":false,"vegetarian":false,"image":"https://d25t2285lxl5rf.cloudfront.net/images/dishes/cc80be2f-dac3-4827-8ef6-7392c4b49e24.jpg","notFood":false,"drinks":false},{"name":"עוף בטמפורה עם צ'ילי מתוק","description":"","price":38,"vegan":false,"vegetarian":false,"image":"https://d25t2285lxl5rf.cloudfront.net/images/dishes/c380c330-5b81-45ac-b9fa-b2c89e45407a.jpg","notFood":false,"drinks":false},{"name":"קבב","description":"","price":43,"vegan":false,"vegetarian":false,"image":"https://d25t2285lxl5rf.cloudfront.net/images/dishes/c026e98f-5a6a-4cac-8bf7-128c63be9266.jpg","notFood":false,"drinks":false},{"name":"פרגיות","description":"","price":43,"vegan":false,"vegetarian":false,"image":"https://d25t2285lxl5rf.cloudfront.net/images/dishes/7cd45378-fd54-400d-bc76-c969d0a51a59.jpg","notFood":false,"drinks":false},{"name":"קציצות זוקיני","description":"","price":38,"vegan":true,"vegetarian":true,"image":"https://d25t2285lxl5rf.cloudfront.net/images/dishes/7e9e0510-38a2-4b65-976a-7e1b109b585a.jpg","notFood":false,"drinks":false},{"name":"קציצות עדשים","description":"","price":38,"vegan":true,"vegetarian":true,"image":"https://d25t2285lxl5rf.cloudfront.net/images/dishes/bf255c55-0be7-4838-868e-396d0f704f4a.jpg","notFood":false,"drinks":false},{"name":"קציצות כרובית וברוקולי","description":"","price":38,"vegan":true,"vegetarian":true,"image":"https://d25t2285lxl5rf.cloudfront.net/images/dishes/34448f43-a962-4a5c-93d8-e451721c7d61.jpg","notFood":false,"drinks":false},{"name":"שווארמה","description":"","price":43,"vegan":false,"vegetarian":false,"image":"","notFood":false,"drinks":false},{"name":"10 כדורי פלאפל","description":"","price":15,"vegan":true,"vegetarian":true,"image":"https://d25t2285lxl5rf.cloudfront.net/images/dishes/23b17df3-765b-4f5d-8bdd-d340be103ec0.jpg","notFood":false,"drinks":false},{"name":"טבעות בצל","description":"10 יחידות","price":12,"vegan":true,"vegetarian":true,"image":"https://d25t2285lxl5rf.cloudfront.net/images/dishes/df8f8c11-a13c-45a3-9f06-197d93941e1d.jpg","notFood":false,"drinks":false},{"name":"צ'יפס","description":"200 גרם","price":10,"vegan":true,"vegetarian":true,"image":"https://d25t2285lxl5rf.cloudfront.net/images/dishes/1be1dfec-8dcc-45ed-b102-0812e9cf9f94.jpg","notFood":false,"drinks":false},{"name":"טאבולה חצי קילו","description":"","price":20,"vegan":true,"vegetarian":true,"image":"https://d25t2285lxl5rf.cloudfront.net/images/dishes/bb1d63ac-d523-4e9d-9159-2e71cd9d8a5b.jpg","notFood":false,"drinks":false},{"name":"עגבניות חריפות חצי קילו","description":"","price":20,"vegan":true,"vegetarian":true,"image":"https://d25t2285lxl5rf.cloudfront.net/images/dishes/374a7e45-3366-4496-81da-4ca8272608bb.jpg","notFood":false,"drinks":false},{"name":"קובה מטוגן עם בשר","description":"","price":10,"vegan":false,"vegetarian":false,"image":"","notFood":false,"drinks":false},{"name":"קובה מטוגן עם פטריות","description":"","price":10,"vegan":true,"vegetarian":true,"image":"","notFood":false,"drinks":false},{"name":"חומוס חצי קילו","description":"","price":26,"vegan":true,"vegetarian":true,"image":"","notFood":false,"drinks":false},{"name":"קוקה קולה","description":"","price":10,"vegan":true,"vegetarian":true,"image":"","notFood":false,"drinks":true},{"name":"קולה זירו","description":"","price":10,"vegan":true,"vegetarian":true,"image":"","notFood":false,"drinks":true},{"name":"ספרייט","description":"","price":10,"vegan":true,"vegetarian":true,"image":"","notFood":false,"drinks":true},{"name":"ספרייט זירו","description":"","price":10,"vegan":true,"vegetarian":true,"image":"","notFood":false,"drinks":true},{"name":"פאנטה","description":"","price":10,"vegan":true,"vegetarian":true,"image":"","notFood":false,"drinks":false},{"name":"פיוז טי","description":"","price":10,"vegan":true,"vegetarian":true,"image":"","notFood":false,"drinks":false},{"name":"פיוזטי דיאט","description":"","price":10,"vegan":true,"vegetarian":true,"image":"","notFood":false,"drinks":false},{"name":"פריגת ענבים","description":"","price":10,"vegan":true,"vegetarian":true,"image":"","notFood":false,"drinks":true},{"name":"פריגת תפוזים","description":"","price":10,"vegan":true,"vegetarian":true,"image":"","notFood":false,"drinks":false},{"name":"סודה","description":"","price":8,"vegan":true,"vegetarian":true,"image":"","notFood":false,"drinks":true},{"name":"מים מינרליים","description":"","price":8,"vegan":true,"vegetarian":true,"image":"","notFood":false,"drinks":true}]}