{"track_id":"13863","filters":["humus","homeMade","veganFood"],"image":"https://tenbis-static.azureedge.net/restaurant-default-card-image/CuzineType_hummus_04.jpg","address":"גליל ים, 1 גליל ים","location":[34.831876,32.158797],"name":"החומוס של גליה","city":"הרצליה - רמת השרון","priceAverage":16.605263157894736,"menu":[{"name":"סלט בריאות","description":"חתוך במקום, גרגירי חומוס וטחינה, כרוב לבן, עגבניה, מלפפון, שמן זית, פטרוזיליה","price":35,"vegan":true,"vegetarian":true,"image":"https://d25t2285lxl5rf.cloudfront.net/images/dishes/d13ad40b-0d88-45e9-982d-2b28447157a4.jpg","notFood":false,"drinks":false},{"name":"חומוס גרגירים","description":"מנת חומוס גרגירים, מגיע עם 2 פיתות וחמוצים לבחירה","price":32,"vegan":true,"vegetarian":true,"image":"https://d25t2285lxl5rf.cloudfront.net/images/dishes/a6fcad45-049b-4312-8621-e8ffa75462c3.jpg","notFood":false,"drinks":false},{"name":"מסבחה","description":"מנת חומוס עם מסבחה\nבליווי 2 פיתות רגילות וחמוצים לבחירה","price":32,"vegan":true,"vegetarian":true,"image":"https://d25t2285lxl5rf.cloudfront.net/images/dishes/e4388072-1988-44a2-9e2d-edd918fe4f20.jpg","notFood":false,"drinks":false},{"name":"קוקה קולה","description":"","price":10,"vegan":true,"vegetarian":true,"image":"","notFood":false,"drinks":true},{"name":"קולה זירו","description":"","price":10,"vegan":true,"vegetarian":true,"image":"","notFood":false,"drinks":true},{"name":"סודה","description":"","price":9,"vegan":true,"vegetarian":true,"image":"","notFood":false,"drinks":true},{"name":"טרופית ענבים","description":"","price":4,"vegan":true,"vegetarian":true,"image":"","notFood":false,"drinks":true},{"name":"חומוס גרגירים","description":"מנת חומוס גרגירים, מגיע עם 2 פיתות וחמוצים לבחירה","price":32,"vegan":true,"vegetarian":true,"image":"https://d25t2285lxl5rf.cloudfront.net/images/dishes/a6fcad45-049b-4312-8621-e8ffa75462c3.jpg","notFood":false,"drinks":false},{"name":"חומוס טחינה","description":"מנת חומוס עם טחינה\nבליווי 2 פיתות רגילות וחמוצים לבחירה","price":32,"vegan":true,"vegetarian":true,"image":"https://d25t2285lxl5rf.cloudfront.net/images/dishes/d68b28b4-14f7-4d94-a320-f7ded15f1448.jpg","notFood":false,"drinks":false},{"name":"מסבחה","description":"מנת חומוס עם מסבחה\nבליווי 2 פיתות רגילות וחמוצים לבחירה","price":32,"vegan":true,"vegetarian":true,"image":"https://d25t2285lxl5rf.cloudfront.net/images/dishes/e4388072-1988-44a2-9e2d-edd918fe4f20.jpg","notFood":false,"drinks":false},{"name":"חומוס פול","description":"מנת חומוס עם פול מגיע עם 2 פיתות וחמוצים לבחירה","price":32,"vegan":true,"vegetarian":true,"image":"","notFood":false,"drinks":false},{"name":"חומוס משולש פול גרגירים וטחינה","description":"מנת חומוס עם טחינה,גרגירים ופול, מגיע עם 2 פיתות וחמוצים לבחירה","price":32,"vegan":true,"vegetarian":true,"image":"","notFood":false,"drinks":false},{"name":"סלט בריאות","description":"חתוך במקום, גרגירי חומוס וטחינה, כרוב לבן, עגבניה, מלפפון, שמן זית, פטרוזיליה","price":35,"vegan":true,"vegetarian":true,"image":"https://d25t2285lxl5rf.cloudfront.net/images/dishes/d13ad40b-0d88-45e9-982d-2b28447157a4.jpg","notFood":false,"drinks":false},{"name":"סלט ישראלי קטן","description":"כרוב, מלפפון ועגבנייה בתיבול שמן זית ולימון","price":15,"vegan":true,"vegetarian":true,"image":"","notFood":false,"drinks":false},{"name":"חצי קילו חומוס","description":"","price":25,"vegan":true,"vegetarian":true,"image":"https://d25t2285lxl5rf.cloudfront.net/images/dishes/22ec7b90-afb5-426b-9f9a-9300ae70d9d3.jpg","notFood":false,"drinks":false},{"name":"רבע קילו חומוס","description":"","price":15,"vegan":true,"vegetarian":true,"image":"https://d25t2285lxl5rf.cloudfront.net/images/dishes/ba11856c-0410-4be2-b1fc-591b3a9ada3c.jpg","notFood":false,"drinks":false},{"name":"חצי קילו טחינה","description":"","price":28,"vegan":true,"vegetarian":true,"image":"https://d25t2285lxl5rf.cloudfront.net/images/dishes/afc9873f-b042-44ed-8597-3400685dc5f7.jpg","notFood":false,"drinks":false},{"name":"רבע קילו טחינה","description":"","price":18,"vegan":true,"vegetarian":true,"image":"https://d25t2285lxl5rf.cloudfront.net/images/dishes/e4c0bc40-150c-48b3-8277-e2dcc384470a.jpg","notFood":false,"drinks":false},{"name":"רבע קילו מסבחה","description":"","price":15,"vegan":true,"vegetarian":true,"image":"https://d25t2285lxl5rf.cloudfront.net/images/dishes/3939f707-cb79-4933-9fe8-494c8c824193.jpg","notFood":false,"drinks":false},{"name":"חצי קילו גרגירי חומוס","description":"","price":20,"vegan":true,"vegetarian":true,"image":"https://d25t2285lxl5rf.cloudfront.net/images/dishes/214b6180-c942-4f63-abe9-e8e1aff9b21c.jpg","notFood":false,"drinks":false},{"name":"רבע קילו גרגירי חומוס","description":"","price":15,"vegan":true,"vegetarian":true,"image":"https://d25t2285lxl5rf.cloudfront.net/images/dishes/63176670-db07-421b-8630-3273dccca2df.jpg","notFood":false,"drinks":false},{"name":"רבע קילו פול","description":"","price":15,"vegan":true,"vegetarian":true,"image":"","notFood":false,"drinks":false},{"name":"קובה בשר","description":"יחידה ","price":4,"vegan":false,"vegetarian":false,"image":"https://d25t2285lxl5rf.cloudfront.net/images/dishes/2066674.jpg","notFood":false,"drinks":false},{"name":"3 קובות בשר","description":"3 יחידות של קובה בשר","price":12,"vegan":false,"vegetarian":false,"image":"https://d25t2285lxl5rf.cloudfront.net/images/dishes/2066673.jpg","notFood":false,"drinks":false},{"name":"קציצות טבעוניות- בטטה","description":"1 יחידה\n\n","price":5,"vegan":true,"vegetarian":true,"image":"https://d25t2285lxl5rf.cloudfront.net/images/dishes/f382c36f-2c77-4a9f-84f8-7f842a24d465.jpeg","notFood":false,"drinks":false},{"name":"קציצות טבעוניות- עדשים","description":"1 יחידה","price":5,"vegan":true,"vegetarian":true,"image":"https://d25t2285lxl5rf.cloudfront.net/images/dishes/1994411.jpeg","notFood":false,"drinks":false},{"name":"קציצות טבעוניות- קינואה עם חמוציות","description":"1 יחידה","price":5,"vegan":true,"vegetarian":true,"image":"https://d25t2285lxl5rf.cloudfront.net/images/dishes/1994412.jpeg","notFood":false,"drinks":false},{"name":"פיתה רגילה","description":"","price":3,"vegan":true,"vegetarian":true,"image":"https://d25t2285lxl5rf.cloudfront.net/images/dishes/7f5be55c-7234-4ca5-b9e7-b5070ec48d7c.jpg","notFood":false,"drinks":false},{"name":"כדור פלאפל","description":"1 יח'","price":2,"vegan":true,"vegetarian":true,"image":"https://d25t2285lxl5rf.cloudfront.net/images/dishes/e2b1bce9-7e49-4abd-b070-7b752d61185f.png","notFood":false,"drinks":false},{"name":"פיתה מחיטה מלאה","description":"","price":4,"vegan":true,"vegetarian":true,"image":"https://d25t2285lxl5rf.cloudfront.net/images/dishes/533cee43-2944-4038-8ed0-f64a996219b2.jpg","notFood":false,"drinks":false},{"name":"צ'יפס קטן","description":"","price":12,"vegan":true,"vegetarian":true,"image":"","notFood":false,"drinks":false},{"name":"ביצה קשה","description":"","price":3,"vegan":false,"vegetarian":true,"image":"","notFood":false,"drinks":false},{"name":"חלבה פיסטוק","description":"","price":22,"vegan":false,"vegetarian":true,"image":"","notFood":false,"drinks":false},{"name":"חלבה ווניל ללא שמן דקל...מעולה","description":"","price":22,"vegan":false,"vegetarian":true,"image":"","notFood":false,"drinks":false},{"name":"קוקה קולה","description":"","price":10,"vegan":true,"vegetarian":true,"image":"","notFood":false,"drinks":true},{"name":"קולה זירו","description":"","price":10,"vegan":true,"vegetarian":true,"image":"","notFood":false,"drinks":true},{"name":"קוקה קולה 1.5 ליטר","description":"","price":15,"vegan":true,"vegetarian":true,"image":"","notFood":false,"drinks":true},{"name":"טרופית ענבים","description":"","price":4,"vegan":true,"vegetarian":true,"image":"","notFood":false,"drinks":true}]}