{"track_id":"1436","filters":["homeMade","salads","meatGrill"],"image":"https://tenbis-static.azureedge.net/restaurant-default-card-image/CuzineType_homemade_09.jpg","address":"אחד העם, 17 נתניה","location":[34.8592308,32.326058],"name":"מעדני אבי ","city":"אזור נתניה","priceAverage":25.53846153846154,"menu":[{"name":"עסקית יום ב`","description":"מנה עיקרית המוגשת עם שתי תוספות","price":42,"vegan":true,"vegetarian":true,"image":"https://d25t2285lxl5rf.cloudfront.net/images/dishes/fccef34c-5a94-4574-9c17-e3cff504a40f.jpg","notFood":false,"drinks":false},{"name":"עסקית יום ב`","description":"מנה עיקרית המוגשת עם שתי תוספות וסלט אישי","price":50,"vegan":true,"vegetarian":true,"image":"https://d25t2285lxl5rf.cloudfront.net/images/dishes/178577bf-b875-41ef-8da4-9767a7f42bdf.jpg","notFood":false,"drinks":false},{"name":"מבצע ל-5 מנות","description":"5 סלטים כפול 250 ג', 5 מנות עיקריות, 3 תוספות חמות לבחירה, קינוח מתנה לבחירה","price":280,"vegan":true,"vegetarian":true,"notFood":false,"drinks":false},{"name":"מנת ילדים","description":"שניצלונים אורז תירס וסלט לבחירה. מוגשת עם קטשופ בצד","price":35,"vegan":false,"vegetarian":false,"notFood":false,"drinks":false},{"name":"פאי פקאן  אישי","price":18,"vegan":true,"vegetarian":true,"notFood":false,"drinks":false},{"name":"פאי תפוח עץ אישי","price":18,"vegan":true,"vegetarian":true,"notFood":false,"drinks":false},{"name":"פאי שוקולד אישי","price":18,"vegan":false,"vegetarian":true,"notFood":false,"drinks":false},{"name":"סופלה קטן","price":6,"vegan":true,"vegetarian":true,"notFood":false,"drinks":false},{"name":"סופלה גדול","price":9,"vegan":true,"vegetarian":true,"notFood":false,"drinks":false},{"name":"3 פחזניות","price":10,"vegan":true,"vegetarian":true,"notFood":false,"drinks":false},{"name":"סושי שוקולד","price":18,"vegan":false,"vegetarian":true,"notFood":false,"drinks":false},{"name":"כוס שוט אוראו","price":6,"vegan":true,"vegetarian":true,"notFood":false,"drinks":false},{"name":"דיאט קולה גדול","price":15,"vegan":true,"vegetarian":true,"notFood":false,"drinks":true},{"name":"דיאט קולה קטן","price":9,"vegan":true,"vegetarian":true,"notFood":false,"drinks":true},{"name":"מים מינרלים","price":9,"vegan":true,"vegetarian":true,"notFood":false,"drinks":false},{"name":"סודה קטן","price":9,"vegan":true,"vegetarian":true,"notFood":false,"drinks":true},{"name":"ספרייט גדול","price":15,"vegan":true,"vegetarian":true,"notFood":false,"drinks":true},{"name":"ספרייט קטן","price":9,"vegan":true,"vegetarian":true,"notFood":false,"drinks":true},{"name":"קולה קולה גדול","price":15,"vegan":true,"vegetarian":true,"notFood":false,"drinks":true},{"name":"קולה קולה קטן","price":9,"vegan":true,"vegetarian":true,"notFood":false,"drinks":true},{"name":"פריגת אשכוליות","price":9,"vegan":true,"vegetarian":true,"notFood":false,"drinks":false},{"name":"פריגת אשכוליות דיאט","price":9,"vegan":true,"vegetarian":true,"notFood":false,"drinks":false},{"name":"פאנטה אורנג' קטן","price":9,"vegan":true,"vegetarian":true,"notFood":false,"drinks":false},{"name":"פאנטה אורנג' גדול","price":15,"vegan":true,"vegetarian":true,"notFood":false,"drinks":false},{"name":"פרגית ענבים קטן","price":9,"vegan":false,"vegetarian":false,"notFood":false,"drinks":true},{"name":"בירה","price":13,"vegan":true,"vegetarian":true,"notFood":false,"drinks":true}]}