{"track_id":"1566","filters":["pizza","salads","pasta"],"image":"https://tenbis-static.azureedge.net/restaurant-card-image/ResCard_1566_1910030507.jpg","address":"דרך רזיאל, 3 נתניה","location":[34.8614645,32.3276725],"name":"קריספי פיצה","city":"אזור נתניה","priceAverage":13.585365853658537,"menu":[{"name":"פיצה משפחתית","description":"בליווי תוספת לבחירה","price":53,"vegan":false,"vegetarian":true,"image":"https://d25t2285lxl5rf.cloudfront.net/images/dishes/6669e255-1ee1-419e-a481-2179c071b13c.jpg","notFood":false,"drinks":false},{"name":"פיצה אישית","description":"בליווי תוספת לבחירה","price":25,"vegan":false,"vegetarian":true,"image":"https://d25t2285lxl5rf.cloudfront.net/images/dishes/973102f5-dbf6-4993-ab8f-12b200a4dff2.jpg","notFood":false,"drinks":false},{"name":"מגש ענקי","description":"בליווי תוספת לבחירה ","price":58,"vegan":true,"vegetarian":true,"image":"https://d25t2285lxl5rf.cloudfront.net/images/dishes/814a5034-5a6d-4389-afe4-4825a5a05f54.jpg","notFood":false,"drinks":false},{"name":"פיצה אישית ללא גלוטן !!!","price":33,"vegan":false,"vegetarian":true,"notFood":false,"drinks":false},{"name":"לחם שום מוקרם צהובה","price":15,"vegan":true,"vegetarian":true,"image":"https://d25t2285lxl5rf.cloudfront.net/images/dishes/7a73218f-1bb6-4bcf-b6c5-6a0301122abe.jpg","notFood":false,"drinks":false},{"name":"לחם שום מוקרם בולגרית","price":15,"vegan":false,"vegetarian":true,"image":"https://d25t2285lxl5rf.cloudfront.net/images/dishes/88663a2a-094f-4ddc-8668-11e9151cf903.jpg","notFood":false,"drinks":false},{"name":"לחם שום","price":10,"vegan":true,"vegetarian":true,"image":"https://d25t2285lxl5rf.cloudfront.net/images/dishes/f91e570c-3fa9-4225-ba29-46bc9c61df9f.jpg","notFood":false,"drinks":false},{"name":"קלצונה פיצה","description":"מגיע במילוי רוטב פיצה וגבינה צהובה + תוספת","price":25,"vegan":false,"vegetarian":true,"image":"https://d25t2285lxl5rf.cloudfront.net/images/dishes/58703a18-42a6-4604-963b-381d02078def.jpg","notFood":false,"drinks":false},{"name":"מלוואח פיצה","price":25,"vegan":false,"vegetarian":true,"image":"https://d25t2285lxl5rf.cloudfront.net/images/dishes/d2270649-0761-4e88-97f6-a75bf5b4573b.jpg","notFood":false,"drinks":false},{"name":"מקלות שוקולד","description":"מקלות מבצק פריך מסוכרים בתוספת שוקולד","price":15,"vegan":false,"vegetarian":true,"image":"https://d25t2285lxl5rf.cloudfront.net/images/dishes/82adcb00-8973-4ac8-b1f3-f93a103e4b2c.jpg","notFood":false,"drinks":false},{"name":"זיוה","description":"ממולא בגבינה צהובה ובולגרית\nמוגש עם רסק עגבניות","price":25,"vegan":false,"vegetarian":true,"image":"https://d25t2285lxl5rf.cloudfront.net/images/dishes/30ab82fa-9de2-47b4-9f6c-0ab22a464b95.jpg","notFood":false,"drinks":false},{"name":"מלבי","price":10,"vegan":true,"vegetarian":true,"notFood":false,"drinks":false},{"name":"בקבוק טבסקו 60 מ\"ל","price":15,"vegan":true,"vegetarian":true,"image":"https://d25t2285lxl5rf.cloudfront.net/images/dishes/c691ea8b-c972-4aca-99d6-2adeebed0c24.jpg","notFood":false,"drinks":true},{"name":"טבסקו אישי 3.6 מ\"ל","price":3,"vegan":true,"vegetarian":true,"image":"https://d25t2285lxl5rf.cloudfront.net/images/dishes/7795bcad-8359-414f-bed6-fd134ac4a36e.jpg","notFood":false,"drinks":false},{"name":"שקית טבסקו 3 מ\"ל","price":1,"vegan":true,"vegetarian":true,"image":"https://d25t2285lxl5rf.cloudfront.net/images/dishes/85684ccd-d2bc-44fb-9742-92b98b7632c0.jpg","notFood":false,"drinks":false},{"name":"רוטב פיצה","price":1,"vegan":false,"vegetarian":true,"notFood":false,"drinks":false},{"name":"רוטב אלף האיים","price":1,"vegan":true,"vegetarian":true,"notFood":false,"drinks":false},{"name":"רוטב שום","price":1,"vegan":true,"vegetarian":true,"notFood":false,"drinks":false},{"name":"מים מינרלים","price":7,"vegan":true,"vegetarian":true,"notFood":false,"drinks":false},{"name":"סודה","price":7,"vegan":true,"vegetarian":true,"notFood":false,"drinks":true},{"name":"קוקה קולה פחית","price":8,"vegan":true,"vegetarian":true,"notFood":false,"drinks":true},{"name":"קוקה קולה זירו פחית","price":8,"vegan":true,"vegetarian":true,"notFood":false,"drinks":true},{"name":"ספרייט פחית","price":8,"vegan":true,"vegetarian":true,"notFood":false,"drinks":true},{"name":"אקסל","price":7,"vegan":true,"vegetarian":true,"notFood":false,"drinks":false},{"name":"פריגת ענבים","price":8,"vegan":true,"vegetarian":true,"notFood":false,"drinks":true},{"name":"פריגת תפוזים","price":8,"vegan":true,"vegetarian":true,"notFood":false,"drinks":false},{"name":"מים בטעם ענבים","price":9,"vegan":true,"vegetarian":true,"notFood":false,"drinks":true},{"name":"מים בטעם אפרסק","price":9,"vegan":true,"vegetarian":true,"notFood":false,"drinks":false},{"name":"בירה שחורה","price":9,"vegan":true,"vegetarian":true,"notFood":false,"drinks":true},{"name":"קוקה קולה 0.5","price":9,"vegan":true,"vegetarian":true,"notFood":false,"drinks":true},{"name":"קוקה קולה זירו 0.5","price":9,"vegan":true,"vegetarian":true,"notFood":false,"drinks":true},{"name":"פיוז תה 0.5","price":9,"vegan":true,"vegetarian":true,"notFood":false,"drinks":false},{"name":"קולה קולה קלאסיק","price":9,"vegan":true,"vegetarian":true,"notFood":false,"drinks":true},{"name":"פריגת תות בננה","price":8,"vegan":true,"vegetarian":true,"notFood":false,"drinks":false},{"name":"קוקה קולה 1.5 ליטר","price":14,"vegan":true,"vegetarian":true,"notFood":false,"drinks":true},{"name":"קולה זירו 1.5 ליטר","price":14,"vegan":true,"vegetarian":true,"notFood":false,"drinks":true},{"name":"פריגת ענבים 1.5 ליטר","price":14,"vegan":true,"vegetarian":true,"notFood":false,"drinks":true},{"name":"פריגת תות בננה 1.5 ליטר","price":14,"vegan":true,"vegetarian":true,"notFood":false,"drinks":false},{"name":"פריגת תפוזים 1.5 ליטר","price":14,"vegan":true,"vegetarian":true,"notFood":false,"drinks":false},{"name":"פיוז תה 1.5 ליטר","price":14,"vegan":true,"vegetarian":true,"notFood":false,"drinks":false},{"name":"מים 1.5 ליטר","price":10,"vegan":true,"vegetarian":true,"notFood":false,"drinks":false}]}