{"track_id":"1598","filters":["meatGrill","salads","homeMade"],"image":"https://tenbis-static.azureedge.net/restaurant-default-card-image/CuzineType_meatgrill_01.jpg","address":"דרך רמתיים, 90 הוד השרון","location":[34.8943859,32.1552478],"name":"שווארמה הטאבון בון בון","city":"השרון","priceAverage":29.96629213483146,"menu":[{"name":"שיפד פרגית","price":45,"vegan":false,"vegetarian":false,"image":"https://d25t2285lxl5rf.cloudfront.net/images/dishes/6e802d58-c604-4b15-9a32-dc2cb1544ac9.png","notFood":false,"drinks":false},{"name":"שיפוד לבבות","price":45,"vegan":true,"vegetarian":true,"image":"https://d25t2285lxl5rf.cloudfront.net/images/dishes/464c34ee-18f9-41a9-8c19-d892e631dfa0.jpg","notFood":false,"drinks":false},{"name":"שיפוד כבד עוף","price":45,"vegan":false,"vegetarian":false,"image":"https://d25t2285lxl5rf.cloudfront.net/images/dishes/05364103-68d7-4c23-9f37-1ae8d2162d34.jpg","notFood":false,"drinks":false},{"name":"שווארמה","price":65,"vegan":false,"vegetarian":false,"image":"https://d25t2285lxl5rf.cloudfront.net/images/dishes/29820342-a7f4-4c32-aef1-b6b7e767bd75.png","notFood":false,"drinks":false},{"name":"כבד אווז","price":100,"vegan":false,"vegetarian":false,"image":"https://d25t2285lxl5rf.cloudfront.net/images/dishes/19884c41-c7de-49b0-bef1-b9471fe82c5f.jpg","notFood":false,"drinks":false},{"name":"שניצל","price":50,"vegan":false,"vegetarian":false,"image":"https://d25t2285lxl5rf.cloudfront.net/images/dishes/4926aca3-d9f0-4415-bc53-c4c62128e62b.jpg","notFood":false,"drinks":false},{"name":"שיפוד אנטריקוט","price":55,"vegan":false,"vegetarian":false,"notFood":false,"drinks":false},{"name":"שיפוד קבב","price":45,"vegan":false,"vegetarian":false,"notFood":false,"drinks":false},{"name":"חזה עוף","price":50,"vegan":false,"vegetarian":false,"notFood":false,"drinks":false},{"name":"שיפוד שקדי עגל","price":55,"vegan":true,"vegetarian":true,"notFood":false,"drinks":false},{"name":"מגש שווארמה קטן","description":"בליווי ציפס, חמוצי הבית, פיתות\\לאפות","price":65,"vegan":false,"vegetarian":false,"notFood":false,"drinks":false},{"name":"מגש שווארמה בינוני","description":"בליווי ציפס, חמוצי הבית, פיתות\\לאפות","price":80,"vegan":false,"vegetarian":false,"notFood":false,"drinks":false},{"name":"מגש שווארמה גדול","description":"בליווי ציפס, חמוצי הבית, פיתות\\לאפות","price":150,"vegan":false,"vegetarian":false,"notFood":false,"drinks":false},{"name":"חזה עוף","description":"מוגש עם צ'יפס חם בצד, חמוצי הבית ורטבים לבחירה","price":33,"vegan":false,"vegetarian":false,"image":"https://d25t2285lxl5rf.cloudfront.net/images/dishes/92ce160f-8fe1-4267-9dcf-2c184f0418eb.png","notFood":false,"drinks":false},{"name":"שניצל","description":"מוגש עם צ'יפס חם בצד, חמוצי הבית ורטבים לבחירה","price":33,"vegan":false,"vegetarian":false,"image":"https://d25t2285lxl5rf.cloudfront.net/images/dishes/996bccd6-da15-4427-afb1-136b0f95d03a.jpg","notFood":false,"drinks":false},{"name":"שיפוד פרגית","description":"מוגש עם צ'יפס חם בצד, חמוצי הבית ורטבים לבחירה","price":35,"vegan":false,"vegetarian":false,"image":"https://d25t2285lxl5rf.cloudfront.net/images/dishes/63d193bf-370c-4547-b40a-0c4235d12cc8.png","notFood":false,"drinks":false},{"name":"שיפוד לבבות","description":"מוגש עם צ'יפס חם בצד, חמוצי הבית ורטבים לבחירה","price":35,"vegan":true,"vegetarian":true,"image":"https://d25t2285lxl5rf.cloudfront.net/images/dishes/e4260296-92ea-4c6d-837c-28a00555304a.jpg","notFood":false,"drinks":false},{"name":"שיפוד כבד עוף","description":"מוגש עם צ'יפס חם בצד, חמוצי הבית ורטבים לבחירה","price":35,"vegan":false,"vegetarian":false,"image":"https://d25t2285lxl5rf.cloudfront.net/images/dishes/c7b34632-2d00-45ed-ba1b-8924215dfd06.jpg","notFood":false,"drinks":false},{"name":"שווארמה","description":"מוגש עם צ'יפס חם בצד, חמוצי הבית ורטבים לבחירה","price":45,"vegan":false,"vegetarian":false,"image":"https://d25t2285lxl5rf.cloudfront.net/images/dishes/e75c99c5-0138-42c3-a998-86fe27b8ad61.png","notFood":false,"drinks":false},{"name":"שיפוד כבד אווז","description":"מוגש עם צ'יפס חם בצד, חמוצי הבית ורטבים לבחירה ","price":80,"vegan":false,"vegetarian":false,"image":"https://d25t2285lxl5rf.cloudfront.net/images/dishes/56c1c220-3cf7-4173-ae32-48d8985ceb47.jpg","notFood":false,"drinks":false},{"name":"שיפוד קבב","description":"מוגש עם צ'יפס חם בצד, חמוצי הבית ורטבים לבחירה","price":35,"vegan":false,"vegetarian":false,"notFood":false,"drinks":false},{"name":"שיפוד אנטריקוט","description":"מוגש עם צ'יפס חם בצד, חמוצי הבית ורטבים לבחירה","price":45,"vegan":false,"vegetarian":false,"notFood":false,"drinks":false},{"name":"שיפוד שקדי עגל","price":45,"vegan":true,"vegetarian":true,"notFood":false,"drinks":false},{"name":"שניצל","description":"מוגש בתוספת סלטים ורטבים לבחירה","price":35,"vegan":false,"vegetarian":false,"image":"https://d25t2285lxl5rf.cloudfront.net/images/dishes/29526669-4fd6-4818-aa58-eb218161b4a7.png","notFood":false,"drinks":false},{"name":"חזה עוף","description":"מוגש בתוספת סלטים ורטבים לבחירה","price":35,"vegan":false,"vegetarian":false,"image":"https://d25t2285lxl5rf.cloudfront.net/images/dishes/d3191bea-d64f-4e38-a836-de4fdcd93de3.png","notFood":false,"drinks":false},{"name":"שיפוד פרגית","description":"מוגש עם צ'יפס חם בצד, חמוצי הבית ורטבים לבחירה","price":38,"vegan":false,"vegetarian":false,"image":"https://d25t2285lxl5rf.cloudfront.net/images/dishes/83b334bd-e458-45f3-8539-1b18590400ad.png","notFood":false,"drinks":false},{"name":"שיפוד לבבות","description":"מוגש עם צ'יפס חם בצד, חמוצי הבית ורטבים לבחירה","price":38,"vegan":true,"vegetarian":true,"image":"https://d25t2285lxl5rf.cloudfront.net/images/dishes/8f679806-30a1-48d7-9e8f-fdf59ec8f30e.jpg","notFood":false,"drinks":false},{"name":"שיפוד כבד עוף","description":"מוגש עם צ'יפס חם בצד, חמוצי הבית ורטבים לבחירה","price":38,"vegan":false,"vegetarian":false,"image":"https://d25t2285lxl5rf.cloudfront.net/images/dishes/74df6c0c-88cf-4e86-aedc-09739afd7764.jpg","notFood":false,"drinks":false},{"name":"שווארמה","description":"מוגש עם צ'יפס חם בצד, חמוצי הבית ורטבים לבחירה","price":50,"vegan":false,"vegetarian":false,"image":"https://d25t2285lxl5rf.cloudfront.net/images/dishes/9f852e2c-238d-4fef-ac28-926ea0e3d635.png","notFood":false,"drinks":false},{"name":"שיפוד קבב","description":"מוגש עם צ'יפס חם בצד, חמוצי הבית ורטבים לבחירה","price":38,"vegan":false,"vegetarian":false,"notFood":false,"drinks":false},{"name":"שיפוד אנטריקוט","description":"מוגש עם צ'יפס חם בצד, חמוצי הבית ורטבים לבחירה","price":50,"vegan":false,"vegetarian":false,"notFood":false,"drinks":false},{"name":"שיפוד שקדי עגל","price":50,"vegan":true,"vegetarian":true,"notFood":false,"drinks":false},{"name":"שווארמה","description":"מוגש עם צ'יפס חם בצד, חמוצי הבית ורטבים לבחירה","price":50,"vegan":false,"vegetarian":false,"image":"https://d25t2285lxl5rf.cloudfront.net/images/dishes/e0610587-12c2-4b22-9ec7-64806ac6eee1.png","notFood":false,"drinks":false},{"name":"חזה עוף","description":"מוגש בתוספת סלטים ורטבים לבחירה","price":35,"vegan":false,"vegetarian":false,"image":"https://d25t2285lxl5rf.cloudfront.net/images/dishes/0176dc34-ef19-438b-b93d-9a0a71880389.png","notFood":false,"drinks":false},{"name":"שניצל","description":"מוגש בתוספת סלטים ורטבים לבחירה","price":35,"vegan":false,"vegetarian":false,"image":"https://d25t2285lxl5rf.cloudfront.net/images/dishes/64575946-1ead-42b0-b756-a744986586ec.jpg","notFood":false,"drinks":false},{"name":"שיפוד פרגית","description":"מוגש עם צ'יפס חם בצד, חמוצי הבית ורטבים לבחירה","price":38,"vegan":false,"vegetarian":false,"image":"https://d25t2285lxl5rf.cloudfront.net/images/dishes/45bf9ab1-3cf8-4a6d-b102-9b82804e2796.png","notFood":false,"drinks":false},{"name":"שיפוד לבבות","description":"מוגש עם צ'יפס חם בצד, חמוצי הבית ורטבים לבחירה","price":38,"vegan":true,"vegetarian":true,"image":"https://d25t2285lxl5rf.cloudfront.net/images/dishes/1a471d44-d5b0-4063-a392-2a622c0fc85e.jpg","notFood":false,"drinks":false},{"name":"שיפוד כבד עוף","description":"מוגש עם צ'יפס חם בצד, חמוצי הבית ורטבים לבחירה","price":38,"vegan":false,"vegetarian":false,"image":"https://d25t2285lxl5rf.cloudfront.net/images/dishes/9d0e9a9e-337b-4aee-b8f5-4416ce32f05f.jpg","notFood":false,"drinks":false},{"name":"שיפוד כבד אווז","description":"מוגש בתוספת סלטים ורטבים לבחירה","price":80,"vegan":false,"vegetarian":false,"image":"https://d25t2285lxl5rf.cloudfront.net/images/dishes/f7ecb146-622d-403c-b3c4-c01a68691490.jpg","notFood":false,"drinks":false},{"name":"שיפוד קבב","description":"מוגש עם צ'יפס חם בצד, חמוצי הבית ורטבים לבחירה","price":38,"vegan":false,"vegetarian":false,"notFood":false,"drinks":false},{"name":"שיפוד אנטריקוט","description":"מוגש עם צ'יפס חם בצד, חמוצי הבית ורטבים לבחירה","price":50,"vegan":false,"vegetarian":false,"notFood":false,"drinks":false},{"name":"שיפוד שקדי עגל","price":50,"vegan":true,"vegetarian":true,"notFood":false,"drinks":false},{"name":"צ'יפס קטן","price":10,"vegan":true,"vegetarian":true,"image":"https://d25t2285lxl5rf.cloudfront.net/images/dishes/3924aceb-6c19-49e9-8f70-70453ee5d4d4.png","notFood":false,"drinks":false},{"name":"צ'יפס גדול","price":20,"vegan":true,"vegetarian":true,"image":"https://d25t2285lxl5rf.cloudfront.net/images/dishes/f094ede4-9876-4e71-88e9-a6b1cb605015.png","notFood":false,"drinks":false},{"name":"פיתה","price":3,"vegan":true,"vegetarian":true,"notFood":false,"drinks":false},{"name":"לאפה","price":4,"vegan":true,"vegetarian":true,"notFood":false,"drinks":false},{"name":"חומוס במגשית","price":20,"vegan":true,"vegetarian":true,"notFood":false,"drinks":false},{"name":"טחינה במגשית","price":20,"vegan":true,"vegetarian":true,"notFood":false,"drinks":false},{"name":"ציפס בינוני","price":15,"vegan":true,"vegetarian":true,"notFood":false,"drinks":false},{"name":"סלט ירקות עם בצל - קטן","price":10,"vegan":true,"vegetarian":true,"notFood":false,"drinks":false},{"name":"סלט ירקות עם בצל - בינוני","price":15,"vegan":true,"vegetarian":true,"notFood":false,"drinks":false},{"name":"סלט ירקות עם בצל - גדול","price":25,"vegan":true,"vegetarian":true,"notFood":false,"drinks":false},{"name":"סלט רגיל - קטן","price":10,"vegan":true,"vegetarian":true,"notFood":false,"drinks":false},{"name":"סלט רגיל - בינוני","price":15,"vegan":true,"vegetarian":true,"notFood":false,"drinks":false},{"name":"סלט רגיל - גדול","price":25,"vegan":true,"vegetarian":true,"notFood":false,"drinks":false},{"name":"אורז לבן - קטן","price":10,"vegan":true,"vegetarian":true,"notFood":false,"drinks":false},{"name":"אורז לבן - בינוני","price":15,"vegan":true,"vegetarian":true,"notFood":false,"drinks":false},{"name":"אורז עם שעועית - קטן","price":10,"vegan":true,"vegetarian":true,"notFood":false,"drinks":false},{"name":"אורז עם שעועית - בינוני","price":15,"vegan":true,"vegetarian":true,"notFood":false,"drinks":false},{"name":"בקבוק קוקה קולה - חצי ליטר","price":10,"vegan":true,"vegetarian":true,"notFood":false,"drinks":true},{"name":"בקבוק קולה זירו - חצי ליטר","price":10,"vegan":true,"vegetarian":true,"notFood":false,"drinks":true},{"name":"בקבוק קולה דיאט - חצי ליטר","price":10,"vegan":true,"vegetarian":true,"notFood":false,"drinks":true},{"name":"בקבוק ספרייט - חצי ליטר","price":10,"vegan":true,"vegetarian":true,"notFood":false,"drinks":true},{"name":"בקבוק דיאט ספרייט - חצי ליטר","price":10,"vegan":true,"vegetarian":true,"notFood":false,"drinks":true},{"name":"בקבוק פאנטה - חצי ליטר","price":10,"vegan":true,"vegetarian":true,"notFood":false,"drinks":true},{"name":"בקבוק מים מנרלים - חצי ליטר","price":10,"vegan":true,"vegetarian":true,"notFood":false,"drinks":true},{"name":"מים בטעם תפוח - חצי ליטר","price":10,"vegan":true,"vegetarian":true,"notFood":false,"drinks":false},{"name":"מים בטעם ענבים- חצי ליטר","price":10,"vegan":true,"vegetarian":true,"notFood":false,"drinks":true},{"name":"מים בטעם אפרסק - חצי ליטר","price":10,"vegan":true,"vegetarian":true,"notFood":false,"drinks":false},{"name":"פיוז תה אפרסק - חצי ליטר","price":10,"vegan":true,"vegetarian":true,"notFood":false,"drinks":false},{"name":"בקבוק סודה אישי","price":10,"vegan":true,"vegetarian":true,"notFood":false,"drinks":true},{"name":"בקבוק בירה שחורה 330 מ\"ל","price":10,"vegan":true,"vegetarian":true,"notFood":false,"drinks":true},{"name":"בקבוק פריגת ענבים - חצי ליטר","price":10,"vegan":true,"vegetarian":true,"notFood":false,"drinks":true},{"name":"בקבוק פריגת תפוזים - חצי ליטר","price":10,"vegan":true,"vegetarian":true,"notFood":false,"drinks":true},{"name":"בקבוק פריגת אשכוליות - חצי ליטר","price":10,"vegan":true,"vegetarian":true,"notFood":false,"drinks":true},{"name":"פחית קוקה קולה","price":10,"vegan":true,"vegetarian":true,"notFood":false,"drinks":true},{"name":"פחית קוקה קולה זירו","price":10,"vegan":true,"vegetarian":true,"notFood":false,"drinks":true},{"name":"תפוח צלול","price":10,"vegan":true,"vegetarian":true,"notFood":false,"drinks":false},{"name":"תות בננה","price":10,"vegan":true,"vegetarian":true,"notFood":false,"drinks":false},{"name":"פחית אננס","price":10,"vegan":true,"vegetarian":true,"notFood":false,"drinks":false},{"name":"פחית מנגו","price":10,"vegan":true,"vegetarian":true,"notFood":false,"drinks":false},{"name":"קוקה קולה בקבוק זכוכית","price":10,"vegan":true,"vegetarian":true,"notFood":false,"drinks":true},{"name":"קוקה קולה זירו בקבוק זכוכית","price":10,"vegan":true,"vegetarian":true,"notFood":false,"drinks":true},{"name":"פיוז תה אפרסק - ליטר וחצי","price":15,"vegan":true,"vegetarian":true,"notFood":false,"drinks":false},{"name":"קוקה קולה זירו- ליטר וחצי","price":15,"vegan":true,"vegetarian":true,"notFood":false,"drinks":true},{"name":"קוקה קולה- ליטר וחצי","price":15,"vegan":true,"vegetarian":true,"notFood":false,"drinks":true},{"name":"מים מנרלים- ליטר וחצי","price":15,"vegan":true,"vegetarian":true,"notFood":false,"drinks":false},{"name":"בירה טובורג","price":15,"vegan":true,"vegetarian":true,"notFood":false,"drinks":true},{"name":"בירה קרלסברג","price":15,"vegan":true,"vegetarian":true,"notFood":false,"drinks":true}]}