{"track_id":"16112","filters":["pizza","veganFood","salads"],"image":"https://tenbis-static.azureedge.net/restaurant-card-image/ResCard_16112_1910030505.jpg","address":"חיים וייצמן, 9 חולון","location":[34.7732264,32.0215787],"name":"פיצה בכיכר ","city":"אזור","priceAverage":44,"menu":[{"name":"שני מגשי פיצה ענקיים (8).","price":114,"vegan":false,"vegetarian":true,"image":"https://d25t2285lxl5rf.cloudfront.net/images/dishes/1d6808ab-6334-4e34-8536-a7d70d64d5c6.jpg","notFood":false,"drinks":false},{"name":"מגש משפחתי(6) + תוספת + לחם שום+ חבילת רטבים","description":"חבילת רטבים של אלף האיים ושום לבן .","price":68,"vegan":true,"vegetarian":true,"notFood":false,"drinks":false},{"name":"מגש ענק (8) + תוספת + לחם שום + חבילת רטבים","description":"חבילת רטבים של אלף האיים ושום לבן .","price":79,"vegan":true,"vegetarian":true,"notFood":false,"drinks":false},{"name":"שני מגשים משפחתיים (6) .","price":79,"vegan":true,"vegetarian":true,"notFood":false,"drinks":false},{"name":"סמבוסק אישי בהרכבה .","description":"מגיע בפנים עם רוטב עגבניות וגבינה פלוס 2 תוספות לבחירה.","price":25,"vegan":false,"vegetarian":true,"image":"https://d25t2285lxl5rf.cloudfront.net/images/dishes/b9c90b89-3d0f-4442-ab0c-05b86ca582ae.jpg","notFood":false,"drinks":false},{"name":"מלוואח פיצה פלוס תוספת.","price":25,"vegan":false,"vegetarian":true,"image":"https://d25t2285lxl5rf.cloudfront.net/images/dishes/071c222c-ddeb-40e6-b496-221873d5735d.jpg","notFood":false,"drinks":false},{"name":"משפחתי(6) טבעוני + 2 תוספות לבחירה.","price":65,"vegan":true,"vegetarian":true,"image":"https://d25t2285lxl5rf.cloudfront.net/images/dishes/c96d48f3-850e-468b-b3bf-49434e557342.jpg","notFood":false,"drinks":false},{"name":"2 משפחתיות(6) טבעוניות + 2 תוספות לכל מגש","price":115,"vegan":true,"vegetarian":true,"image":"https://d25t2285lxl5rf.cloudfront.net/images/dishes/766dd2ac-2fba-40e0-aa07-c232a1c28421.jpg","notFood":false,"drinks":false},{"name":"אישי(4) טבעוני + 2 תוספות לבחירה","price":42,"vegan":true,"vegetarian":true,"notFood":false,"drinks":false},{"name":"מלוואח פיצה טבעוני + 2 תוספות לבחירה","price":29,"vegan":true,"vegetarian":true,"notFood":false,"drinks":false},{"name":"פוקצ'ת ירקות","price":49,"vegan":true,"vegetarian":true,"notFood":false,"drinks":false},{"name":"מלוואח מגולגל + ירקות","description":"בתוספת רסק, טחינה, מלפפון, עגבניה, וגמבה.","price":22,"vegan":true,"vegetarian":true,"notFood":false,"drinks":false},{"name":"מגש פיצה אישי (4)","description":"ארבעה משולשים ","price":28,"vegan":false,"vegetarian":true,"image":"https://d25t2285lxl5rf.cloudfront.net/images/dishes/4e5794b4-0cad-486f-84b1-55366836dbaf.jpg","notFood":false,"drinks":false},{"name":"מגש פיצה משפחתי (6)","description":"שישה משולשים ","price":49,"vegan":false,"vegetarian":true,"image":"https://d25t2285lxl5rf.cloudfront.net/images/dishes/118cd8dd-fe2b-4e9c-861b-ca28f906c1de.jpg","notFood":false,"drinks":false},{"name":"מגש פיצה ענק (8)","description":"שמונה משולשים","price":57,"vegan":false,"vegetarian":true,"image":"https://d25t2285lxl5rf.cloudfront.net/images/dishes/042e79d9-fb81-45d3-86c2-7261c923e574.jpg","notFood":false,"drinks":false},{"name":"מגש פיצה יווני","description":".עם בצל, זיתים שחורים ובולגרית.","price":39,"vegan":false,"vegetarian":true,"image":"https://d25t2285lxl5rf.cloudfront.net/images/dishes/6a60b44a-a09f-4011-b402-c8b6d3d6c7bc.jpg","notFood":false,"drinks":false},{"name":"מגש פיצה חריף","description":"עם בצל, עגבניה ופלפל חריף.","price":39,"vegan":false,"vegetarian":true,"image":"https://d25t2285lxl5rf.cloudfront.net/images/dishes/b3a67e8d-60ed-4edd-b3ef-4315d4757701.jpg","notFood":false,"drinks":false},{"name":"מגש פיצה ישראלי","description":"עם זיתים, פטריות ותירס.","price":39,"vegan":false,"vegetarian":true,"image":"https://d25t2285lxl5rf.cloudfront.net/images/dishes/1ecfdc5e-d2ca-42fb-b0ea-158dd7193d9c.jpg","notFood":false,"drinks":false},{"name":"מגש פיצה מקסיקני","description":"תירס, פלפל חריף ופטריות.","price":39,"vegan":false,"vegetarian":true,"image":"https://d25t2285lxl5rf.cloudfront.net/images/dishes/4ce1464c-4691-42e8-913d-b02e63247e67.jpg","notFood":false,"drinks":false},{"name":"מגש פיצה ים תיכוני","description":"בולגרית, עגבניה ופסטו. ","price":39,"vegan":false,"vegetarian":true,"image":"https://d25t2285lxl5rf.cloudfront.net/images/dishes/f24add22-9a4f-4720-a019-3661e22d2744.jpg","notFood":false,"drinks":false},{"name":"שילוב דוד איציק","description":"חצי כמות גבינה, זיתים, תירס, עגבניה, בצל וגמבה ","price":39,"vegan":false,"vegetarian":true,"notFood":false,"drinks":false},{"name":"מגש פיצה יווני","description":"עם בצל, זיתים שחורים ובולגרית. ","price":65,"vegan":false,"vegetarian":true,"image":"https://d25t2285lxl5rf.cloudfront.net/images/dishes/1b04d8aa-5432-4dcb-b5ef-3a012aea3793.jpg","notFood":false,"drinks":false},{"name":"מגש פיצה חריף","description":"עם בצל, עגבניה ופלפל חריף.","price":65,"vegan":false,"vegetarian":true,"image":"https://d25t2285lxl5rf.cloudfront.net/images/dishes/8212e921-d2b4-43a0-9356-e13af3e2b699.jpg","notFood":false,"drinks":false},{"name":"מגש פיצה ישראלי","description":"עם זיתים, פטריות ותירס.","price":65,"vegan":false,"vegetarian":true,"image":"https://d25t2285lxl5rf.cloudfront.net/images/dishes/5883b348-4ee5-4843-b767-a137c9499bd5.jpg","notFood":false,"drinks":false},{"name":"מגש פיצה מקסיקני","description":"תירס, פלפל חריף ופטריות.","price":65,"vegan":false,"vegetarian":true,"image":"https://d25t2285lxl5rf.cloudfront.net/images/dishes/eb871f40-4b37-43ec-bad2-d94ca1b1f99c.jpg","notFood":false,"drinks":false},{"name":"מגש פיצה ים תיכוני","description":"בולגרית, עגבניה ופסטו.","price":65,"vegan":false,"vegetarian":true,"image":"https://d25t2285lxl5rf.cloudfront.net/images/dishes/bea33370-4ccd-4b57-9ca7-7e59072360b9.jpg","notFood":false,"drinks":false},{"name":"שילוב דוד איציק","description":"חצי כמות גבינה, זיתים, תירס, עגבניה, בצל וגמבה ","price":65,"vegan":false,"vegetarian":true,"notFood":false,"drinks":false},{"name":"מגש פיצה יווני","description":"עם בצל, זיתים שחורים ובולגרית. ","price":79,"vegan":false,"vegetarian":true,"image":"https://d25t2285lxl5rf.cloudfront.net/images/dishes/dc9e27b5-e3a0-4053-a28e-f8b53b47228a.jpg","notFood":false,"drinks":false},{"name":"מגש פיצה חריף","description":"עם בצל, עגבניה ופלפל חריף.","price":79,"vegan":false,"vegetarian":true,"image":"https://d25t2285lxl5rf.cloudfront.net/images/dishes/1046f2aa-3284-4d8e-8897-0f3a1ac38a10.jpg","notFood":false,"drinks":false},{"name":"מגש פיצה ישראלי","description":"עם זיתים, פטריות ותירס.","price":79,"vegan":false,"vegetarian":true,"image":"https://d25t2285lxl5rf.cloudfront.net/images/dishes/1e608ca9-2d7b-4ec4-b52b-ed5f0a43cd9a.jpg","notFood":false,"drinks":false},{"name":"מגש פיצה מקסיקני","description":"תירס, פלפל חריף ופטריות.","price":79,"vegan":false,"vegetarian":true,"image":"https://d25t2285lxl5rf.cloudfront.net/images/dishes/740f6215-2069-4d74-bde7-f1691913212b.jpg","notFood":false,"drinks":false},{"name":"מגש פיצה ים תיכוני","description":"בולגרית, עגבניה ופסטו.","price":79,"vegan":false,"vegetarian":true,"image":"https://d25t2285lxl5rf.cloudfront.net/images/dishes/93443501-5bfa-43b3-92c6-7de2dd3cf501.jpg","notFood":false,"drinks":false},{"name":"שילוב דוד איציק","description":"חצי כמות גבינה, זיתים, תירס, עגבניה, בצל וגמבה ","price":79,"vegan":false,"vegetarian":true,"notFood":false,"drinks":false},{"name":"סלט ירקות .","description":"750 גרם - חסה, מלפפון, עגבנייה, גמבה ובצל.\nמוגש עם שמן זית לימון, אלף האיים ושום לבן.","price":32,"vegan":true,"vegetarian":true,"image":"https://d25t2285lxl5rf.cloudfront.net/images/dishes/4525770e-c16f-4911-8048-9a8da23655bf.jpg","notFood":false,"drinks":false},{"name":"סלט יווני .","description":"750 גרם - חסה, מלפפון, עגבנייה, גמבה, בצל, זיתים שחורים וגבינה בולגרית. \nמוגש עם שמן זית לימון, אלף האיים ושום לבן.","price":32,"vegan":false,"vegetarian":true,"image":"https://d25t2285lxl5rf.cloudfront.net/images/dishes/80b56f6c-08c2-4b4a-89a0-74cb33907238.jpg","notFood":false,"drinks":false},{"name":"סלט טונה .","description":"750 גרם - חסה, מלפפון, עגבנייה, גמבה, בצל, תירס וטונה.\nמוגש עם שמן זית לימון, אלף האיים ושום לבן.","price":32,"vegan":false,"vegetarian":false,"image":"https://d25t2285lxl5rf.cloudfront.net/images/dishes/c6566f31-cd4e-43d9-9d18-49f50ac4484e.jpg","notFood":false,"drinks":false},{"name":"סמבוסק בהרכבה אישית","price":25,"vegan":true,"vegetarian":true,"image":"https://d25t2285lxl5rf.cloudfront.net/images/dishes/7111e68d-ec3f-49de-a0ea-2dc11a12ba6f.jpg","notFood":false,"drinks":false},{"name":"מלאווח מגולגל","description":"רסק עגבניות, טחינה, חריף וביצה קשה בפנים. ","price":22,"vegan":false,"vegetarian":true,"image":"https://d25t2285lxl5rf.cloudfront.net/images/dishes/4ab19182-be41-4ea0-9cef-6dd3bdf4e13c.jpg","notFood":false,"drinks":false},{"name":"מלוואח פיצה","price":25,"vegan":false,"vegetarian":true,"image":"https://d25t2285lxl5rf.cloudfront.net/images/dishes/9f762264-3898-4020-92e4-7b9f86d4ab9e.jpg","notFood":false,"drinks":false},{"name":"מלאווח פרוס- פתוח","description":"רסק עגבניות, טחינה, חריף וביצה קשה בצד.","price":22,"vegan":false,"vegetarian":true,"image":"https://d25t2285lxl5rf.cloudfront.net/images/dishes/1f7b7b6d-f319-4310-85b9-6d490e751880.jpg","notFood":false,"drinks":false},{"name":"זיווה גבינות .","description":"מאפה ממולא במבחר גבינות, מוגש עם רסק עגבניות וחריף.","price":32,"vegan":true,"vegetarian":true,"image":"https://d25t2285lxl5rf.cloudfront.net/images/dishes/9f83c4d4-bf91-429a-851a-06c368c6d0a6.jpg","notFood":false,"drinks":false},{"name":"זיוה פטריות","description":"מאפה ממולא במבחר גבינות ופיטריות\n מוגש עם רסק עגבניות וחריף. ","price":32,"vegan":true,"vegetarian":true,"image":"https://d25t2285lxl5rf.cloudfront.net/images/dishes/7d713856-9118-4781-bead-ee2e4515edb5.jpg","notFood":false,"drinks":false},{"name":"זיוה זיתים","description":"מאפה ממולא במבחר גבינות וזיתים\n מוגש עם רסק עגבניות וחריף. ","price":32,"vegan":true,"vegetarian":true,"image":"https://d25t2285lxl5rf.cloudfront.net/images/dishes/06f98fde-318f-4061-8cb9-5559984e59cf.jpg","notFood":false,"drinks":false},{"name":"מלבי שמנת","price":10,"vegan":false,"vegetarian":true,"notFood":false,"drinks":false},{"name":"מוס שוקולד חלבי","price":10,"vegan":false,"vegetarian":true,"notFood":false,"drinks":false},{"name":"עוגת גבינה חלבי","price":10,"vegan":false,"vegetarian":true,"notFood":false,"drinks":false},{"name":"סודה קטן","price":7,"vegan":true,"vegetarian":true,"notFood":false,"drinks":true},{"name":"פחית קוקה קולה","price":8,"vegan":true,"vegetarian":true,"notFood":false,"drinks":true},{"name":"פחית זירו","price":8,"vegan":true,"vegetarian":true,"notFood":false,"drinks":false},{"name":"מים קטן","price":7,"vegan":true,"vegetarian":true,"notFood":false,"drinks":false},{"name":"בקבוק 1.5 ליטר קוקה קולה","price":14,"vegan":true,"vegetarian":true,"notFood":false,"drinks":true},{"name":"בקבוק 1.5 ליטר זירו","price":14,"vegan":true,"vegetarian":true,"notFood":false,"drinks":true},{"name":"בקבוק 1.5 ליטר נסטי","price":14,"vegan":true,"vegetarian":true,"notFood":false,"drinks":true}]}