{"track_id":"16183","filters":["mexican","meatGrill"],"image":"https://tenbis-static.azureedge.net/restaurant-card-image/ResCard_16183_20220301154302.jpg","address":"סוקולוב, 72 רמת השרון","location":[34.8390012,32.1462804],"name":"קרנף ","city":"הרצליה - רמת השרון","priceAverage":35.17142857142857,"menu":[{"name":"חזה עוף על האש","description":"מגיע עם סלט קטן וציפס או אורז לבחירה","price":55,"vegan":false,"vegetarian":false,"image":"https://d25t2285lxl5rf.cloudfront.net/images/dishes/decd870a-8d69-482d-8e8f-64f136fbb5c2.jpg","notFood":false,"drinks":false},{"name":"מוקפץ עוף","description":"גזר, גמבה, כרוב סגול, בצל מטוגן ואורז","price":50,"vegan":false,"vegetarian":false,"image":"https://d25t2285lxl5rf.cloudfront.net/images/dishes/95516835-3c6b-4e9e-86f8-88b428b0bdba.jpg","notFood":false,"drinks":false},{"name":"מוקפץ פורטבלו","description":"גזר, גמבה, כרוב סגול, בצל מטוגן ואורז","price":50,"vegan":true,"vegetarian":true,"image":"https://d25t2285lxl5rf.cloudfront.net/images/dishes/b955e3b7-5c24-4019-a58e-d019ccbce9c0.jpg","notFood":false,"drinks":false},{"name":"קבב בצלחת","description":"מוגש עם תוספת וסלט לבחירה ","price":55,"vegan":false,"vegetarian":false,"image":"https://d25t2285lxl5rf.cloudfront.net/images/dishes/b34fbdcc-3707-42cf-9082-70fa022a3863.jpg","notFood":false,"drinks":false},{"name":"מוקפץ אנטריקוט","description":"גזר, גמבה, כרוב סגול, בצל מטוגן ואורז","price":50,"vegan":false,"vegetarian":false,"image":"https://d25t2285lxl5rf.cloudfront.net/images/dishes/042fea02-4c9d-4c8f-8798-04c6f6e60025.jpg","notFood":false,"drinks":false},{"name":"שניצל","description":"מגיע עם סלט קטן וציפס או אורז לבחירה","price":55,"vegan":false,"vegetarian":false,"notFood":false,"drinks":false},{"name":"סלט קרנף עם אנטריקוט 240 גרם","description":"חסה, גמבה, גזר, כרוב , מלפפון, עגבניות שרי. עם טחינה בצד , שמן זית ולימון או וינגרייט","price":54,"vegan":false,"vegetarian":false,"image":"https://d25t2285lxl5rf.cloudfront.net/images/dishes/f3af715d-34e5-496d-90cc-60545863c248.jpg","notFood":false,"drinks":false},{"name":"סלט קרנף עם חזה עוף 240 גרם","description":" חזה עוף, חסה אייסברג, עגבניות שרי, גזר, מלפפון, גמבה, כרוב אדום מוגש בתוספת רול ורוטב לבחירה","price":54,"vegan":false,"vegetarian":false,"image":"https://d25t2285lxl5rf.cloudfront.net/images/dishes/50c77223-8b0a-4e61-8c1b-afc1fbacaef3.jpg","notFood":false,"drinks":false},{"name":"סלט פורטבלו","description":"חסה, גמבה, גזר, כרוב , מלפפון, עגבניות שרי. עם טחינה בצד , שמן זית ולימון או וינגרייט","price":54,"vegan":true,"vegetarian":true,"image":"https://d25t2285lxl5rf.cloudfront.net/images/dishes/674503b0-52ed-4ba3-b18e-68256b9ba25b.jpg","notFood":false,"drinks":false},{"name":"סלט ירקות","description":"חסה, גמבה, גזר, כרוב , מלפפון, עגבניות שרי. עם טחינה בצד , שמן זית ולימון או וינגרייט","price":32,"vegan":true,"vegetarian":true,"image":"https://d25t2285lxl5rf.cloudfront.net/images/dishes/562e2369-9c63-4a45-8e38-4c8be265dffd.jpg","notFood":false,"drinks":false},{"name":"רול עוף","price":43,"vegan":false,"vegetarian":false,"image":"https://d25t2285lxl5rf.cloudfront.net/images/dishes/5a785536-60be-4daa-94ad-ae321e93da12.jpg","notFood":false,"drinks":false},{"name":"רול אנטריקוט","price":43,"vegan":false,"vegetarian":false,"image":"https://d25t2285lxl5rf.cloudfront.net/images/dishes/24e04ede-9039-498d-874c-78e48f93a719.jpg","notFood":false,"drinks":false},{"name":"רול קבב","price":43,"vegan":false,"vegetarian":false,"image":"https://d25t2285lxl5rf.cloudfront.net/images/dishes/66a75ea1-55ba-46e4-8c18-60d66cc6f274.jpg","notFood":false,"drinks":false},{"name":"רול צ'ילי קון קרנה","price":43,"vegan":true,"vegetarian":true,"image":"https://d25t2285lxl5rf.cloudfront.net/images/dishes/0d0dd593-230c-4dc3-8ed2-1313ba0eeb16.jpg","notFood":false,"drinks":false},{"name":"רול פורטבלו","price":43,"vegan":true,"vegetarian":true,"image":"https://d25t2285lxl5rf.cloudfront.net/images/dishes/e67f5d78-fcfd-45e2-9151-0123fc8a8700.jpg","notFood":false,"drinks":false},{"name":"רול פורטבלו כפול","price":55,"vegan":true,"vegetarian":true,"image":"https://d25t2285lxl5rf.cloudfront.net/images/dishes/e041ba55-92c1-4b76-992e-01380f04d2ab.jpg","notFood":false,"drinks":false},{"name":"רול צ'ילי קון קרנה כפול","price":55,"vegan":true,"vegetarian":true,"image":"https://d25t2285lxl5rf.cloudfront.net/images/dishes/9e21dbf7-2482-4b66-b5c6-05dfd0de74d0.jpg","notFood":false,"drinks":false},{"name":"רול קבב כפול","price":55,"vegan":false,"vegetarian":false,"image":"https://d25t2285lxl5rf.cloudfront.net/images/dishes/7bb2aa82-81a1-463c-8a0f-74d45fb6caac.jpg","notFood":false,"drinks":false},{"name":"רול עוף כפול","price":55,"vegan":false,"vegetarian":false,"image":"https://d25t2285lxl5rf.cloudfront.net/images/dishes/6d8c6a92-2ffb-4732-b376-794d3ba49dfd.jpg","notFood":false,"drinks":false},{"name":"רול אנטריקוט כפול","price":55,"vegan":false,"vegetarian":false,"image":"https://d25t2285lxl5rf.cloudfront.net/images/dishes/ed474e73-d81d-480d-9c4b-542f2a5da2f1.jpg","notFood":false,"drinks":false},{"name":"רול סלטים","price":29,"vegan":true,"vegetarian":true,"image":"https://d25t2285lxl5rf.cloudfront.net/images/dishes/e366b269-edd4-4b23-9f78-b5c87d982087.jpg","notFood":false,"drinks":false},{"name":"רול שניצל","price":43,"vegan":false,"vegetarian":false,"notFood":false,"drinks":false},{"name":"רול סלופי ג'ו","price":43,"vegan":true,"vegetarian":true,"notFood":false,"drinks":false},{"name":"רול קציצה פטריות","price":45,"vegan":true,"vegetarian":true,"notFood":false,"drinks":false},{"name":"רול קציצה טבעונית","price":45,"vegan":true,"vegetarian":true,"notFood":false,"drinks":false},{"name":"סנדוויץ אנטריקוט","description":"120 גרם אנטריקוט בלחמניית רוסטיק","price":44,"vegan":false,"vegetarian":false,"image":"https://d25t2285lxl5rf.cloudfront.net/images/dishes/50f98ad6-62f8-4be2-97ab-1631c9d9d588.jpg","notFood":false,"drinks":false},{"name":"סנדוויץ עוף","description":"120 גרם פילה עוף בלחמניית רוסטיק","price":44,"vegan":false,"vegetarian":false,"image":"https://d25t2285lxl5rf.cloudfront.net/images/dishes/c25e8adf-cb29-4efa-a60e-2004ecd83fad.jpg","notFood":false,"drinks":false},{"name":"סלופי קרנף","description":"160 גרם בשר בקר קצוץ ","price":44,"vegan":false,"vegetarian":false,"image":"https://d25t2285lxl5rf.cloudfront.net/images/dishes/d8873282-ec71-44f2-97a4-258d9bd448ca.jpg","notFood":false,"drinks":false},{"name":"סנדוויץ׳ קבב","price":44,"vegan":false,"vegetarian":false,"image":"https://d25t2285lxl5rf.cloudfront.net/images/dishes/aa36369a-e259-48b9-a936-d2f681ea84e4.jpg","notFood":false,"drinks":false},{"name":"סנדוויץ׳ פורטובלו","price":44,"vegan":true,"vegetarian":true,"image":"https://d25t2285lxl5rf.cloudfront.net/images/dishes/4f30a9ba-974e-4656-bb93-9a9f8c10c7ac.jpg","notFood":false,"drinks":false},{"name":"סנדוויץ צילי קון קרנה","price":44,"vegan":true,"vegetarian":true,"notFood":false,"drinks":false},{"name":"סנדויץ שניצל","price":44,"vegan":false,"vegetarian":false,"notFood":false,"drinks":false},{"name":"סנדוויץ' קציצה פטריות","price":46,"vegan":true,"vegetarian":true,"notFood":false,"drinks":false},{"name":"סנדוויץ' קציצה טבעונית","price":46,"vegan":true,"vegetarian":true,"notFood":false,"drinks":false},{"name":"סנדוויץ'  שווארמה צמחונית","price":42,"vegan":false,"vegetarian":false,"notFood":false,"drinks":false},{"name":"המבורגר 120 גרם","price":32,"vegan":false,"vegetarian":false,"image":"https://d25t2285lxl5rf.cloudfront.net/images/dishes/cde06879-600e-4680-b512-add890aaec30.jpg","notFood":false,"drinks":false},{"name":"צ׳יקן בורגר","price":42,"vegan":false,"vegetarian":false,"image":"https://d25t2285lxl5rf.cloudfront.net/images/dishes/d2ed9963-896c-476d-996a-e51f3973a334.jpg","notFood":false,"drinks":false},{"name":"המבורגר כבש","description":"250 גרם","price":48,"vegan":false,"vegetarian":false,"image":"https://d25t2285lxl5rf.cloudfront.net/images/dishes/16afdf39-19b7-4c56-95a8-edd1e2046106.jpg","notFood":false,"drinks":false},{"name":"המבורגר 200 גרם בקר","price":44,"vegan":false,"vegetarian":false,"notFood":false,"drinks":false},{"name":"המבורגר כבש 250 גרם","price":50,"vegan":false,"vegetarian":false,"notFood":false,"drinks":false},{"name":"המבורגר ציקן 200 גרם","price":44,"vegan":false,"vegetarian":false,"notFood":false,"drinks":false},{"name":"שניצל ברגר 200 ג'","price":42,"vegan":false,"vegetarian":false,"notFood":false,"drinks":false},{"name":"צ'יפס רגיל","description":"מטוגן בשמן קנולה","price":17,"vegan":true,"vegetarian":true,"image":"https://d25t2285lxl5rf.cloudfront.net/images/dishes/104ac7b2-61a1-4579-8831-5d2d12a007bf.jpg","notFood":false,"drinks":false},{"name":"צ'יפס מתובל","description":"מטוגן בשמן קנולה","price":17,"vegan":true,"vegetarian":true,"image":"https://d25t2285lxl5rf.cloudfront.net/images/dishes/771c27aa-b3cc-4350-9a9b-c3e31a548c75.jpg","notFood":false,"drinks":false},{"name":"אורז ירקות שורש","description":"מוגש עם רוטב לבחירה פסטו או צ'ילי מתוק","price":18,"vegan":true,"vegetarian":true,"image":"https://d25t2285lxl5rf.cloudfront.net/images/dishes/a0f5685f-77fe-4926-b5d7-1ce79d2719d8.jpg","notFood":false,"drinks":false},{"name":"סלט קטן","description":"ברוטב לבחירה","price":16,"vegan":true,"vegetarian":true,"image":"https://d25t2285lxl5rf.cloudfront.net/images/dishes/9b590e42-d93b-4368-9682-83298e6e1590.jpg","notFood":false,"drinks":false},{"name":"סלט ישראלי קצוץ","description":"ברוטב לבחירה","price":18,"vegan":true,"vegetarian":true,"image":"https://d25t2285lxl5rf.cloudfront.net/images/dishes/8f6cbc5d-d342-4ae3-bedb-f54fc7c5884b.jpg","notFood":false,"drinks":false},{"name":"טורטיה","price":5,"vegan":true,"vegetarian":true,"image":"https://d25t2285lxl5rf.cloudfront.net/images/dishes/803afd6f-9094-4dcb-b43b-c437a1a8eefd.jpg","notFood":false,"drinks":false},{"name":"טבעות בצל","price":18,"vegan":true,"vegetarian":true,"image":"https://d25t2285lxl5rf.cloudfront.net/images/dishes/58562a95-53e6-47ba-a20d-4b244336339e.jpg","notFood":false,"drinks":false},{"name":"צ'יפס בטטה","price":25,"vegan":true,"vegetarian":true,"image":"https://d25t2285lxl5rf.cloudfront.net/images/dishes/c312f41c-3a2a-45b9-96e4-0a49975aef0a.jpg","notFood":false,"drinks":false},{"name":"קרנפונים","price":26,"vegan":true,"vegetarian":true,"image":"https://d25t2285lxl5rf.cloudfront.net/images/dishes/713bcd54-9add-4d71-9fbe-4df4064a9dc5.jpg","notFood":false,"drinks":false},{"name":"סלט עוף","price":54,"vegan":false,"vegetarian":false,"image":"https://d25t2285lxl5rf.cloudfront.net/images/dishes/a6de888d-e276-495a-8826-f54c8615238b.jpg","notFood":false,"drinks":false},{"name":"שניצלונים","price":32,"vegan":false,"vegetarian":false,"notFood":false,"drinks":false},{"name":"המבורגר ילדים 120 גרם","description":"עם צ’יפס קטן ושתייה לבחירה","price":46,"vegan":false,"vegetarian":false,"notFood":false,"drinks":false},{"name":"שניצלונים  ילדים 200 גרם","description":"עם צ’יפס קטן ושתייה לבחירה","price":46,"vegan":false,"vegetarian":false,"notFood":false,"drinks":false},{"name":"מיץ ענבים","price":12,"vegan":true,"vegetarian":true,"notFood":false,"drinks":true},{"name":"מיץ אשכוליות","price":12,"vegan":true,"vegetarian":true,"notFood":false,"drinks":false},{"name":"מים מינרלים","price":10,"vegan":true,"vegetarian":true,"notFood":false,"drinks":false},{"name":"סודה","price":10,"vegan":true,"vegetarian":true,"notFood":false,"drinks":true},{"name":"פיוזטי","price":12,"vegan":true,"vegetarian":true,"notFood":false,"drinks":false},{"name":"מים בטעם אפרסק","price":12,"vegan":true,"vegetarian":true,"notFood":false,"drinks":false},{"name":"מים בטעם ענבים","price":12,"vegan":true,"vegetarian":true,"notFood":false,"drinks":true},{"name":"מים בטעם תפוח","price":12,"vegan":true,"vegetarian":true,"notFood":false,"drinks":false},{"name":"קוקה קולה","price":12,"vegan":true,"vegetarian":true,"notFood":false,"drinks":true},{"name":"דיאט קולה","price":12,"vegan":true,"vegetarian":true,"notFood":false,"drinks":true},{"name":"קוקה קולה זירו","price":12,"vegan":true,"vegetarian":true,"notFood":false,"drinks":true},{"name":"ספרייט","price":12,"vegan":true,"vegetarian":true,"notFood":false,"drinks":true},{"name":"דיאט ספרייט","price":12,"vegan":true,"vegetarian":true,"notFood":false,"drinks":true},{"name":"פאנטה","price":12,"vegan":true,"vegetarian":true,"notFood":false,"drinks":false},{"name":"מיץ תפוזים","price":12,"vegan":true,"vegetarian":true,"notFood":false,"drinks":false}]}