{"track_id":"16190","filters":["veganFood","salads","glutenFree"],"image":"https://tenbis-static.azureedge.net/restaurant-card-image/ResCard_16190_20210829100743.jpg","address":"תובל, 30 רמת גן","location":[34.8028686,32.0865824],"name":"NOON- נון ","city":"גבעתיים","priceAverage":36.58620689655172,"menu":[{"name":"צ'יקן סלט","description":"עוף צלוי, אטריות שעועית, בייבי מיקס, מלפפון, בצל ירוק, עגבניות שרי, בטטה צלויה, גזר, פולי סויה, נבטי אלפלפא, פלפל חריף מוחמץ, בוטנים. מוגש עם רוטב טחינה, טריאקי הבית, ואסייתי חריף.\n","price":55,"vegan":false,"vegetarian":false,"image":"https://d25t2285lxl5rf.cloudfront.net/images/dishes/37f9aa77-666f-45ae-94ce-b6e7fec3b74d.jpg","notFood":false,"drinks":false},{"name":"רוסט סלמון 🌾","description":"פילה סלמון במרינדת תבלינים מוגש על תפו\"א צלוי וסלט קינואה ועדשים - ללא גלוטן","price":76,"vegan":false,"vegetarian":false,"image":"https://d25t2285lxl5rf.cloudfront.net/images/dishes/ab38a05e-54c1-4340-83a2-c53af240d7c2.jpg","notFood":false,"drinks":false},{"name":"רוסט סלמון 🌾","description":"פילה סלמון במרינדת תבלינים מוגש על תפו\"א צלוי וסלט קינואה ועדשים - ללא גלוטן","price":76,"vegan":false,"vegetarian":false,"image":"https://d25t2285lxl5rf.cloudfront.net/images/dishes/ab38a05e-54c1-4340-83a2-c53af240d7c2.jpg","notFood":false,"drinks":false},{"name":"טופו קארי🌱","description":"טופו אפוי עם אטריות אודון ברוטב קארי תאילנדי, כוסברה, גמבה, פולי סויה וקריספי שאלוט. טבעוני","price":59,"vegan":true,"vegetarian":true,"image":"https://d25t2285lxl5rf.cloudfront.net/images/dishes/32a8b332-121b-45f0-98f6-dcc34d30fa4a.jpg","notFood":false,"drinks":false},{"name":"פוקה סלמון🌾","description":"סלמון צלוי, אורז מלא, מלפפון, גזר, סלק, פולי סויה, בצל ירוק, אצות, שקדים קלויים, מגיע עם רוטב אבוקדו ואיולי פיקנטי ווינגרט סויה ללא גלוטן. - ללא גלוטן","price":61,"vegan":false,"vegetarian":false,"image":"https://d25t2285lxl5rf.cloudfront.net/images/dishes/50bd0a63-8780-499d-a4c2-6a826bf7951d.jpg","notFood":false,"drinks":false},{"name":"פוקה פטריות וטופו - טבעוני/ללא גלוטן🌾🌱","description":"טופו ופטריות במרינדה אסיאתית, אורז מלא, מלפפון במרינדה, גזר, סלק, פולי סויה, בצל ירוק, אצות, שקדים קלויים, מגיע עם רוטב אבוקדו ואיולי פיקנטי טבעוני.","price":55,"vegan":true,"vegetarian":true,"image":"https://d25t2285lxl5rf.cloudfront.net/images/dishes/ea1a2796-d030-472a-883b-c1ace243b46e.jpg","notFood":false,"drinks":false},{"name":"מיטלס מיטבולס","description":"קציצות צמחוניות על פסטה מקמח דורום מלא, רוטב עגבניות, שקדים קלויים.","price":59,"vegan":true,"vegetarian":true,"image":"https://d25t2285lxl5rf.cloudfront.net/images/dishes/96309f64-e303-4bba-a6ee-5e96624928c2.jpg","notFood":false,"drinks":false},{"name":"פאד קפאו צמחוני","description":"תבשיל תאילנדי של שבבי סויה, ירקות, פלפל חריף וביצת עין מוגש על אורז מלא.              \n(טבעוני - ללא ביצה)\n","price":55,"vegan":false,"vegetarian":true,"image":"https://d25t2285lxl5rf.cloudfront.net/images/dishes/7fbac0fc-b461-4abf-8363-72ddb5c5fdd4.jpg","notFood":false,"drinks":false},{"name":"לברק מסאלה🌾","description":"פילה לברק צלוי על תבשיל גרגירי חומוס ומנגולד, אורז מלא, אפונה, גמבה אדומה, קשיו וספייסי יוגורט טבעוני- ללא גלוטן\n","price":73,"vegan":true,"vegetarian":true,"image":"https://d25t2285lxl5rf.cloudfront.net/images/dishes/11f2c569-3fb3-4a0d-a3c2-44a0ac991f5b.jpg","notFood":false,"drinks":false},{"name":"מרק עגבניות ואורז🌾🌱1/2 ליטר","description":"עגבניות טריות, אורז מלא, ופטרוזיליה . - ללא גלוטן/טבעוני","price":35,"vegan":true,"vegetarian":true,"image":"https://d25t2285lxl5rf.cloudfront.net/images/dishes/7eeb1300-e1fb-4fae-927d-51521698b3d9.jpg","notFood":false,"drinks":false},{"name":"חדש!!! מרק בטטה ג'ינג'ר 🌾🌱 1/2 ליטר","description":"עם קרם קוקוס","price":35,"vegan":true,"vegetarian":true,"image":"https://d25t2285lxl5rf.cloudfront.net/images/dishes/9f806aed-d7a3-42d2-bbcc-1a4de5a3b1e1.jpg","notFood":false,"drinks":false},{"name":"סלמון בולי בול","description":"קוביות סלמון צלוי, בייבי מיקס, מלפפון, אצות וואקמה, גזר, פטריות במיסו, בטטה צלויה,קוביות סלק, פולי סויה, אפונת וואסבי, בצל ירוק ושומשום. מוגש עם רוטב אסייתי ורוטב אבוקדו.\n\n","price":59,"vegan":false,"vegetarian":false,"image":"https://d25t2285lxl5rf.cloudfront.net/images/dishes/7ef1565c-2b14-4d86-b933-246881dc7007.jpg","notFood":false,"drinks":false},{"name":"צ'יקן סלט","description":"עוף צלוי, אטריות שעועית, בייבי מיקס, מלפפון, בצל ירוק, עגבניות שרי, בטטה צלויה, גזר, פולי סויה, נבטי אלפלפא, פלפל חריף מוחמץ, בוטנים. מוגש עם רוטב טחינה, טריאקי הבית, ואסייתי חריף.\n","price":55,"vegan":false,"vegetarian":false,"image":"https://d25t2285lxl5rf.cloudfront.net/images/dishes/37f9aa77-666f-45ae-94ce-b6e7fec3b74d.jpg","notFood":false,"drinks":false},{"name":"טופו סלט🌱","description":"טופו צלוי , אטריות שעועית, בייבי מיקס, מלפפון, בצל ירוק, עגבניות שרי, בטטה צלויה, גזר, פולי סויה, נבטי אלפלפא, פלפל חריף מוחמץ, בוטנים.\nמוגש עם וינגרט אסיאתי חריף, טחינה וטריאקי הבית.\n","price":55,"vegan":true,"vegetarian":true,"image":"https://d25t2285lxl5rf.cloudfront.net/images/dishes/a95cbfec-c53f-4962-8dab-6a14ab8d5a04.jpg","notFood":false,"drinks":false},{"name":"טונה אייסברג סלט","description":"טונה, חסה אייסברג, נבטים סיניים, קוביות ארטישוק, עגבניות שרי, פטרוזיליה, מלפפון חמוץ, בצל ירוק, קרוטונים וביצה קשה. מוגש עם רוטב שמן זית- לימון ווינגרט איטלקי\n","price":56,"vegan":false,"vegetarian":false,"image":"https://d25t2285lxl5rf.cloudfront.net/images/dishes/8b969731-6d87-4c72-8c86-b45d9d0863cc.jpg","notFood":false,"drinks":false},{"name":"צ'יקן אייסברג סלט","description":"עוף צלוי, חסה אייסברג, נבטים סיניים, קוביות ארטישוק, עגבניות שרי, פטרוזיליה, מלפפון חמוץ, בצל ירוק, קרוטונים וביצה קשה. מוגש עם רוטב שמן זית- לימון ווינגרט איטלקי\n\n","price":59,"vegan":false,"vegetarian":false,"image":"https://d25t2285lxl5rf.cloudfront.net/images/dishes/92f5841d-9e4b-46f8-9ff3-94008f53ccc7.jpg","notFood":false,"drinks":false},{"name":"ג`ומקס אננס","description":"","price":12,"vegan":true,"vegetarian":true,"image":"https://d25t2285lxl5rf.cloudfront.net/images/dishes/7795862a-e7f4-42f9-b721-3eeaa258eeda.png","notFood":false,"drinks":false},{"name":"בירה נשר מאלט","description":"","price":10,"vegan":true,"vegetarian":true,"image":"https://d25t2285lxl5rf.cloudfront.net/images/dishes/9d080a98-1b55-4dfe-a32e-c8a6fba4a067.jpg","notFood":false,"drinks":true},{"name":"קוקה קולה","description":"","price":11,"vegan":true,"vegetarian":true,"image":"","notFood":false,"drinks":true},{"name":"קולה זירו","description":"","price":11,"vegan":true,"vegetarian":true,"image":"","notFood":false,"drinks":true},{"name":"ספרייט זירו","description":"","price":11,"vegan":true,"vegetarian":true,"image":"","notFood":false,"drinks":true},{"name":"סודה","description":"","price":8,"vegan":true,"vegetarian":true,"image":"","notFood":false,"drinks":true},{"name":"פרייה בטעם אפרסק ודובדבן","description":"","price":11,"vegan":true,"vegetarian":true,"image":"","notFood":false,"drinks":false},{"name":"ג`אמקס קוקוס ואננס","description":"","price":12,"vegan":true,"vegetarian":true,"image":"","notFood":false,"drinks":false},{"name":"מינרלים","description":"","price":8,"vegan":true,"vegetarian":true,"image":"","notFood":false,"drinks":false},{"name":"פרייה - Perrier","description":"","price":10,"vegan":true,"vegetarian":true,"image":"","notFood":false,"drinks":false},{"name":"אריזונה Tea - תה ירוק","description":"","price":12,"vegan":true,"vegetarian":true,"image":"","notFood":false,"drinks":false},{"name":"אריזונה Tea- אפרסק","description":"","price":12,"vegan":true,"vegetarian":true,"image":"","notFood":false,"drinks":false},{"name":"גווארנה - משקה הלאומי של ברזיל","description":"","price":10,"vegan":true,"vegetarian":true,"image":"","notFood":false,"drinks":false}]}