{"track_id":"16203","filters":["asianFusion","japaneseSushi"],"image":"https://tenbis-static.azureedge.net/restaurant-card-image/ResCard_16203_1910030255.jpg","address":"שלמה אבן גבירול, 61 תל אביב-יפו","location":[34.7811354,32.0787143],"name":"דים סאם שופ ","city":"גבעתיים","priceAverage":46,"menu":[{"name":"3 יחידות דים סאם","description":"כל סוגי הדים סאם הצמחוניים הם טבעונים","price":21,"vegan":true,"vegetarian":true,"image":"https://d25t2285lxl5rf.cloudfront.net/images/dishes/757c8489-1635-4c93-ab15-293ecec9919c.jpg","notFood":false,"drinks":false},{"name":"5 יחידות דים סאם","description":"כל סוגי הדים סאם הצמחוניים הם טבעונים","price":35,"vegan":true,"vegetarian":true,"image":"https://d25t2285lxl5rf.cloudfront.net/images/dishes/e3bbf7f5-378b-417a-a8d0-b716eedf2404.jpg","notFood":false,"drinks":false},{"name":"8 יחידות דים סאם","description":"כל סוגי הדים סאם הצמחוניים הם טבעונים","price":49,"vegan":true,"vegetarian":true,"image":"https://d25t2285lxl5rf.cloudfront.net/images/dishes/dc7846e5-aedc-4d6c-8d9a-bdfe2844e238.jpg","notFood":false,"drinks":false},{"name":"10 יחידות דים סאם","description":"כל סוגי הדים סאם הצמחוניים הם טבעונים","price":55,"vegan":true,"vegetarian":true,"image":"https://d25t2285lxl5rf.cloudfront.net/images/dishes/68ccdbff-bf77-43bc-8251-e85fc2c9faa0.jpg","notFood":false,"drinks":false},{"name":"באן שוקולד","description":"לחמניית שמרים מאודה עם שוקולד פרווה","price":8,"vegan":false,"vegetarian":true,"image":"https://d25t2285lxl5rf.cloudfront.net/images/dishes/a71dfefe-4cda-42a0-a008-f6ff4ae377a4.png","notFood":false,"drinks":false},{"name":"5 יחידות דים סאם קפוא","price":19,"vegan":true,"vegetarian":true,"image":"https://d25t2285lxl5rf.cloudfront.net/images/dishes/6305952a-1c03-4041-96d0-57f67a6f855e.jpg","notFood":false,"drinks":false},{"name":"פחית קוקה קולה","price":9,"vegan":true,"vegetarian":true,"notFood":false,"drinks":true},{"name":"פחית קוקה קולה דיאט","price":9,"vegan":true,"vegetarian":true,"notFood":false,"drinks":true},{"name":"פחית קוקה קולה זירו","price":9,"vegan":true,"vegetarian":true,"notFood":false,"drinks":true},{"name":"מים מינרלים","price":8,"vegan":true,"vegetarian":true,"notFood":false,"drinks":false},{"name":"בקבוק זכוכית סודה","price":7,"vegan":true,"vegetarian":true,"notFood":false,"drinks":true},{"name":"דיאט ספרייט פחית","price":8,"vegan":true,"vegetarian":true,"notFood":false,"drinks":true},{"name":"מגש מסיבה - 30 יחידות","description":"ניתן לציין בהערות בשרי/מיקס/צמחוני/טבעוני","price":149,"vegan":false,"vegetarian":false,"image":"https://d25t2285lxl5rf.cloudfront.net/images/dishes/58bc534a-f47d-4aae-b8c9-7bd6dd5bbd6d.jpg","notFood":false,"drinks":false},{"name":"מגש מסיבה 50 יחידות","description":"ניתן לציין בהערות בשרי/מיקס/צמחוני/טבעוני","price":249,"vegan":false,"vegetarian":false,"image":"https://d25t2285lxl5rf.cloudfront.net/images/dishes/f109e7c9-4487-46a9-86ab-503d55b2cd9b.jpg","notFood":false,"drinks":false},{"name":"כלי אידוי קטן 8'","price":39,"vegan":true,"vegetarian":true,"image":"https://d25t2285lxl5rf.cloudfront.net/images/dishes/cab6c915-5389-4523-9011-46087bd1682b.jpg","notFood":false,"drinks":false},{"name":"כלי אידוי בינוני 10'","price":49,"vegan":true,"vegetarian":true,"image":"https://d25t2285lxl5rf.cloudfront.net/images/dishes/9ccfc89f-45c6-44af-942c-46eb12b40a3b.jpg","notFood":false,"drinks":false},{"name":"כלי אידוי גדול 12'","price":59,"vegan":true,"vegetarian":true,"image":"https://d25t2285lxl5rf.cloudfront.net/images/dishes/f298d97e-f554-4a64-950d-49c765e0459d.jpg","notFood":false,"drinks":false}]}