{"track_id":"16210","filters":["meatGrill","humus","burgers"],"image":"https://tenbis-static.azureedge.net/restaurant-card-image/ResCard_16210_20200623143532.jpg","address":"שדרות יצחק רבין, 10 ירושלים","location":[35.2036425,31.7830449],"name":"ציפורה ירושלים","city":"ירושלים","priceAverage":46.84415584415584,"menu":[{"name":"דיל שיפודים","price":65,"vegan":true,"vegetarian":true,"image":"https://d25t2285lxl5rf.cloudfront.net/images/dishes/4a8b1972-0f02-4a58-85c8-6c387d5422d4.jpg","notFood":false,"drinks":false},{"name":"דיל בשר","price":65,"vegan":false,"vegetarian":false,"image":"https://d25t2285lxl5rf.cloudfront.net/images/dishes/f85afb7f-4552-4c44-9f59-308af92eda79.jpg","notFood":false,"drinks":false},{"name":"דיל שיפודים","price":75,"vegan":true,"vegetarian":true,"image":"https://d25t2285lxl5rf.cloudfront.net/images/dishes/02586539-5be7-4ad9-9f44-8123a8f7fbdc.jpg","notFood":false,"drinks":false},{"name":"דיל אנטריקוט/מיקס","price":89,"vegan":false,"vegetarian":false,"image":"https://d25t2285lxl5rf.cloudfront.net/images/dishes/27daed38-f2f9-446f-9e74-2d055bf955ab.jpg","notFood":false,"drinks":false},{"name":"דיל שיפוד שקדים","price":99,"vegan":true,"vegetarian":true,"image":"https://d25t2285lxl5rf.cloudfront.net/images/dishes/2cd6539c-3ec5-48a0-95fe-82963c608d1f.jpg","notFood":false,"drinks":false},{"name":"המבורגר ציפורה","description":"250 גר' בשר בקר, מגיע עם מלפפון חמוץ, חסה, עגבנייה,בצל","price":65,"vegan":false,"vegetarian":false,"image":"https://d25t2285lxl5rf.cloudfront.net/images/dishes/fdbf8c30-4a35-43c8-8dc9-d16518f1f737.jpg","notFood":false,"drinks":false},{"name":"שולחן לחבר'ה","description":"*שולחן לחברה* \r\n15 סוגי סלט (150 גרם כל סלט).\r\n1 חומוס גרגירים\r\n8 שיפודים לבחירה (2 אנטריקוט, 2 קבב, 2 פרגית, 1 כבד ,1 לבבות)\r\n2 תוספות חמות גדולות\r\n4 לאפות \r\n2 פיתות","price":430,"vegan":false,"vegetarian":false,"image":"https://d25t2285lxl5rf.cloudfront.net/images/dishes/0454dcdc-967c-4e13-9fa3-e677bc756643.jpg","notFood":false,"drinks":false},{"name":"סלט קצוץ עוף","price":65,"vegan":false,"vegetarian":false,"image":"https://d25t2285lxl5rf.cloudfront.net/images/dishes/672d8a3c-8c93-470a-9c2a-d68120cd679f.jpg","notFood":false,"drinks":false},{"name":"סלט קצוץ שווארמה","price":65,"vegan":false,"vegetarian":false,"image":"https://d25t2285lxl5rf.cloudfront.net/images/dishes/4dee60d1-6727-4ca3-ad18-a522fa133079.jpg","notFood":false,"drinks":false},{"name":"סלט ירוק עוף","price":65,"vegan":false,"vegetarian":false,"image":"https://d25t2285lxl5rf.cloudfront.net/images/dishes/b2b6e403-e527-402b-956e-8ebe8faa921d.jpg","notFood":false,"drinks":false},{"name":"סלט ירוק שווארמה","price":65,"vegan":false,"vegetarian":false,"image":"https://d25t2285lxl5rf.cloudfront.net/images/dishes/74083c89-9586-40dc-acf0-985209cad97e.jpg","notFood":false,"drinks":false},{"name":"חומוס פטריות","price":35,"vegan":true,"vegetarian":true,"image":"https://d25t2285lxl5rf.cloudfront.net/images/dishes/1b48a3b4-dedd-40dd-98e9-1ab0a2d70257.jpg","notFood":false,"drinks":false},{"name":"חומוס בשר","price":40,"vegan":false,"vegetarian":false,"image":"https://d25t2285lxl5rf.cloudfront.net/images/dishes/80cf8e85-65b7-44ee-8352-8e1fe227e0d7.jpg","notFood":false,"drinks":false},{"name":"חציל בלאדי","price":28,"vegan":true,"vegetarian":true,"image":"https://d25t2285lxl5rf.cloudfront.net/images/dishes/823a948b-1559-4d76-b5f0-ae5fb918abd9.jpg","notFood":false,"drinks":false},{"name":"סלט קצוץ","description":"מלפפון , עגבנייה , בצל סגול , פטרוזיליה , שמן זית ומיץ לימון ","price":25,"vegan":true,"vegetarian":true,"image":"https://d25t2285lxl5rf.cloudfront.net/images/dishes/8ac9560d-1841-48f3-8fd0-5ed44406fcc8.jpg","notFood":false,"drinks":false},{"name":"תוספת פיתה","price":5,"vegan":true,"vegetarian":true,"image":"https://d25t2285lxl5rf.cloudfront.net/images/dishes/206ba6b2-64e8-451d-8d7e-ab890a938044.jpg","notFood":false,"drinks":false},{"name":"תוספת לאפה אש תנור","price":7,"vegan":true,"vegetarian":true,"image":"https://d25t2285lxl5rf.cloudfront.net/images/dishes/19485473-f414-4d70-8c50-d984861ed022.jpg","notFood":false,"drinks":false},{"name":"פיתה שווארמה","price":42,"vegan":false,"vegetarian":false,"image":"https://d25t2285lxl5rf.cloudfront.net/images/dishes/d4a50736-aef3-4dbc-b357-792ff130d05c.jpg","notFood":false,"drinks":false},{"name":"פיתה שיפוד פרגית","price":42,"vegan":false,"vegetarian":false,"image":"https://d25t2285lxl5rf.cloudfront.net/images/dishes/e40189c0-da7a-49c5-a9ab-fac99eba95c2.jpg","notFood":false,"drinks":false},{"name":"פיתה קבב","price":40,"vegan":false,"vegetarian":false,"image":"https://d25t2285lxl5rf.cloudfront.net/images/dishes/351842d1-977a-4b0b-856d-bd8e231eb725.jpg","notFood":false,"drinks":false},{"name":"פיתה שניצל","price":40,"vegan":false,"vegetarian":false,"image":"https://d25t2285lxl5rf.cloudfront.net/images/dishes/42bfcb79-29f4-42be-9132-c71923e66afb.jpg","notFood":false,"drinks":false},{"name":"פיתה מעורב ירושלמי","price":40,"vegan":true,"vegetarian":true,"image":"https://d25t2285lxl5rf.cloudfront.net/images/dishes/fe9601b1-5cdc-4e82-826c-7d287cb436bf.jpg","notFood":false,"drinks":false},{"name":"פיתה אנטריקוט","price":59,"vegan":false,"vegetarian":false,"image":"https://d25t2285lxl5rf.cloudfront.net/images/dishes/1dd43c2c-c8ad-4a85-b6ce-937da58276a7.jpg","notFood":false,"drinks":false},{"name":"פיתה שישליק הודו","price":40,"vegan":true,"vegetarian":true,"image":"https://d25t2285lxl5rf.cloudfront.net/images/dishes/d2567884-faba-48ac-982c-c152872294a2.jpg","notFood":false,"drinks":false},{"name":"פיתה פילה עוף","price":40,"vegan":false,"vegetarian":false,"image":"https://d25t2285lxl5rf.cloudfront.net/images/dishes/05af77b7-6f06-4518-86fa-fd8ad4b3ea8b.jpg","notFood":false,"drinks":false},{"name":"פיתה כבד עוף","price":40,"vegan":false,"vegetarian":false,"image":"https://d25t2285lxl5rf.cloudfront.net/images/dishes/e8988066-1bcc-4a6a-b251-35072a761f11.jpg","notFood":false,"drinks":false},{"name":"פיתה לבבות","price":40,"vegan":true,"vegetarian":true,"image":"https://d25t2285lxl5rf.cloudfront.net/images/dishes/e747f528-23f6-49ee-9b44-fb79b4ba31f5.jpg","notFood":false,"drinks":false},{"name":"פיתה שקדים","price":79,"vegan":true,"vegetarian":true,"image":"https://d25t2285lxl5rf.cloudfront.net/images/dishes/a32411fe-e745-436d-950a-1f92b66ab16f.jpg","notFood":false,"drinks":false},{"name":"פיתה חזה עוף","price":40,"vegan":false,"vegetarian":false,"image":"https://d25t2285lxl5rf.cloudfront.net/images/dishes/d6994419-6eeb-4b5d-8894-741335c9d47e.jpg","notFood":false,"drinks":false},{"name":"לאפה שווארמה פרגית","price":45,"vegan":false,"vegetarian":false,"image":"https://d25t2285lxl5rf.cloudfront.net/images/dishes/63e80648-7d74-4e3a-9e46-be4cc6ecb076.jpg","notFood":false,"drinks":false},{"name":"לאפה פרגית","price":45,"vegan":false,"vegetarian":false,"image":"https://d25t2285lxl5rf.cloudfront.net/images/dishes/f93b3995-d6d2-4ae1-bccc-44212300d3a3.jpg","notFood":false,"drinks":false},{"name":"לאפה קבב","price":42,"vegan":false,"vegetarian":false,"image":"https://d25t2285lxl5rf.cloudfront.net/images/dishes/416ad707-4109-49e2-9dcf-87a4214b00fd.jpg","notFood":false,"drinks":false},{"name":"לאפה שניצל","price":42,"vegan":false,"vegetarian":false,"image":"https://d25t2285lxl5rf.cloudfront.net/images/dishes/c9d1d88b-319f-4865-8896-0e74f56a6ab8.jpg","notFood":false,"drinks":false},{"name":"לאפה מעורב ירושלמי","price":42,"vegan":true,"vegetarian":true,"image":"https://d25t2285lxl5rf.cloudfront.net/images/dishes/3f932099-6b48-4db7-b37e-2606530e1f3a.jpg","notFood":false,"drinks":false},{"name":"לאפה אנטריקוט","price":63,"vegan":false,"vegetarian":false,"image":"https://d25t2285lxl5rf.cloudfront.net/images/dishes/2fe5e3cf-1b43-4b30-8f9f-2570824ee1e0.jpg","notFood":false,"drinks":false},{"name":"לאפה שישליק הודו","price":42,"vegan":true,"vegetarian":true,"image":"https://d25t2285lxl5rf.cloudfront.net/images/dishes/376dc2c8-b1ab-4819-833c-f05604e8c9c8.jpg","notFood":false,"drinks":false},{"name":"לאפה פילה עוף","price":42,"vegan":false,"vegetarian":false,"image":"https://d25t2285lxl5rf.cloudfront.net/images/dishes/8962affb-c593-4ac5-ace6-7d078e36be48.jpg","notFood":false,"drinks":false},{"name":"לאפה כבד עוף\n","price":42,"vegan":false,"vegetarian":false,"image":"https://d25t2285lxl5rf.cloudfront.net/images/dishes/6a41214a-9698-4014-9af6-587b3d015dee.jpg","notFood":false,"drinks":false},{"name":"לאפה לבבות","price":42,"vegan":true,"vegetarian":true,"image":"https://d25t2285lxl5rf.cloudfront.net/images/dishes/bf5c45fe-43e9-418b-aebc-b94ec6324b00.jpg","notFood":false,"drinks":false},{"name":"לאפה שקדים","price":83,"vegan":true,"vegetarian":true,"image":"https://d25t2285lxl5rf.cloudfront.net/images/dishes/30a4d5d0-c660-4baa-8e2e-e6fcecafa1be.jpg","notFood":false,"drinks":false},{"name":"לאפה חזה עוף","price":42,"vegan":false,"vegetarian":false,"image":"https://d25t2285lxl5rf.cloudfront.net/images/dishes/4ca657ee-c635-418d-8a6d-85dded674004.jpg","notFood":false,"drinks":false},{"name":"באגט שאוורמה","price":45,"vegan":true,"vegetarian":true,"image":"https://d25t2285lxl5rf.cloudfront.net/images/dishes/3313a209-ad23-4416-97ec-9b2b1f63ae70.jpg","notFood":false,"drinks":false},{"name":"באגט פרגית","price":45,"vegan":false,"vegetarian":false,"image":"https://d25t2285lxl5rf.cloudfront.net/images/dishes/de1f9a78-e81d-4f82-a32a-615595d363c8.jpg","notFood":false,"drinks":false},{"name":"באגט קבב","price":42,"vegan":false,"vegetarian":false,"image":"https://d25t2285lxl5rf.cloudfront.net/images/dishes/134a1d40-1e65-421f-b000-9ac57c99cf3e.jpg","notFood":false,"drinks":false},{"name":"באגט שניצל","price":42,"vegan":false,"vegetarian":false,"image":"https://d25t2285lxl5rf.cloudfront.net/images/dishes/0f4e8cff-f679-4cc4-818a-38c291c41d88.jpg","notFood":false,"drinks":false},{"name":"באגט מעורב ירושלמי","price":42,"vegan":true,"vegetarian":true,"image":"https://d25t2285lxl5rf.cloudfront.net/images/dishes/956ea6a3-295d-44d3-947c-6c108dd59d5d.jpg","notFood":false,"drinks":false},{"name":"באגט אנטריקוט","price":63,"vegan":false,"vegetarian":false,"image":"https://d25t2285lxl5rf.cloudfront.net/images/dishes/57a1789d-9cc5-4286-8499-b236c37b1c98.jpg","notFood":false,"drinks":false},{"name":"באגט שישליק הודו","price":42,"vegan":true,"vegetarian":true,"image":"https://d25t2285lxl5rf.cloudfront.net/images/dishes/a24172a1-31b9-45a8-a15a-8db5dd92671d.jpg","notFood":false,"drinks":false},{"name":"באגט פילה עוף","price":42,"vegan":false,"vegetarian":false,"image":"https://d25t2285lxl5rf.cloudfront.net/images/dishes/a8fb4c31-21ee-4685-9348-5536ed35c16a.jpg","notFood":false,"drinks":false},{"name":"באגט כבד עוף","price":42,"vegan":false,"vegetarian":false,"image":"https://d25t2285lxl5rf.cloudfront.net/images/dishes/3aef3e52-7280-498a-a498-78b96d696edc.jpg","notFood":false,"drinks":false},{"name":"באגט לבבות","price":42,"vegan":true,"vegetarian":true,"image":"https://d25t2285lxl5rf.cloudfront.net/images/dishes/7fe0f09b-4f32-4b80-a6d1-28feb968a12e.jpg","notFood":false,"drinks":false},{"name":"באגט שקדים","price":83,"vegan":true,"vegetarian":true,"image":"https://d25t2285lxl5rf.cloudfront.net/images/dishes/8e6af4ea-d21d-4b53-8c7f-82da4e13f011.jpg","notFood":false,"drinks":false},{"name":"באגט חזה עוף במרינדה","price":42,"vegan":false,"vegetarian":false,"image":"https://d25t2285lxl5rf.cloudfront.net/images/dishes/fb7d1ec1-4dfb-4d9a-ac5a-5aecf2186bb5.jpg","notFood":false,"drinks":false},{"name":"שיפוד כבד עוף","price":20,"vegan":false,"vegetarian":false,"image":"https://d25t2285lxl5rf.cloudfront.net/images/dishes/1247f693-f012-467b-8cf9-6566954692c5.jpg","notFood":false,"drinks":false},{"name":"שיפוד לבבות","price":20,"vegan":true,"vegetarian":true,"image":"https://d25t2285lxl5rf.cloudfront.net/images/dishes/20351b2e-d7b9-4804-a53d-b848ab9d326d.jpg","notFood":false,"drinks":false},{"name":"שיפוד פילה עוף","price":20,"vegan":false,"vegetarian":false,"image":"https://d25t2285lxl5rf.cloudfront.net/images/dishes/105a2634-5b44-4e91-9e37-5b7499d9683f.jpg","notFood":false,"drinks":false},{"name":"שיפוד קבב ציפורה","price":20,"vegan":false,"vegetarian":false,"image":"https://d25t2285lxl5rf.cloudfront.net/images/dishes/8d258b7a-c411-4093-8327-4ffdf4289fb6.jpg","notFood":false,"drinks":false},{"name":"שיפוד פרגית","price":30,"vegan":false,"vegetarian":false,"image":"https://d25t2285lxl5rf.cloudfront.net/images/dishes/827d9540-dc8a-455a-bee1-645db32cb266.jpg","notFood":false,"drinks":false},{"name":"שיפוד שישליק הודו","price":30,"vegan":true,"vegetarian":true,"image":"https://d25t2285lxl5rf.cloudfront.net/images/dishes/43deb645-7448-40bf-a9f8-c187f4040e12.jpg","notFood":false,"drinks":false},{"name":"שווארמה ציפורה - 300 גר'","price":45,"vegan":false,"vegetarian":false,"image":"https://d25t2285lxl5rf.cloudfront.net/images/dishes/74177f47-ced0-4678-88a3-a7d4273cc2f2.jpg","notFood":false,"drinks":false},{"name":"שיפוד סלומון","price":45,"vegan":true,"vegetarian":true,"image":"https://d25t2285lxl5rf.cloudfront.net/images/dishes/f4970157-02bf-4454-b237-9a9380e79966.jpg","notFood":false,"drinks":false},{"name":"שיפוד אנטריקוט","price":59,"vegan":false,"vegetarian":false,"image":"https://d25t2285lxl5rf.cloudfront.net/images/dishes/681f8fb3-c66c-4e47-b815-c10584abb638.jpg","notFood":false,"drinks":false},{"name":"שיפוד מיקס","price":59,"vegan":true,"vegetarian":true,"image":"https://d25t2285lxl5rf.cloudfront.net/images/dishes/7fa340e7-1358-4abc-992b-196e3ec7ec8d.jpg","notFood":false,"drinks":false},{"name":"שיפוד שקדים","price":60,"vegan":true,"vegetarian":true,"image":"https://d25t2285lxl5rf.cloudfront.net/images/dishes/8a63e94b-d884-43ec-8573-808e57b7c12a.jpg","notFood":false,"drinks":false},{"name":"פירה","price":12,"vegan":true,"vegetarian":true,"notFood":false,"drinks":false},{"name":"שעועית לבנה","price":12,"vegan":true,"vegetarian":true,"notFood":false,"drinks":false},{"name":"אורז","price":12,"vegan":true,"vegetarian":true,"notFood":false,"drinks":false},{"name":"מג'דרה","price":12,"vegan":true,"vegetarian":true,"notFood":false,"drinks":false},{"name":"אורז ושעועית מעל","price":12,"vegan":true,"vegetarian":true,"notFood":false,"drinks":false},{"name":"מיני המבורגר ילדים","price":45,"vegan":false,"vegetarian":false,"image":"https://d25t2285lxl5rf.cloudfront.net/images/dishes/36e74f50-6b84-475b-94d2-25ebcb11c0c1.jpg","notFood":false,"drinks":false},{"name":"שניצלונים ילדים","price":45,"vegan":false,"vegetarian":false,"image":"https://d25t2285lxl5rf.cloudfront.net/images/dishes/f18eb014-307b-4e54-b449-e75ca989688a.jpg","notFood":false,"drinks":false},{"name":"סלט ביתי 150 ג'","description":"בחר/י את הסלט הרצוי","vegan":true,"vegetarian":true,"image":"https://d25t2285lxl5rf.cloudfront.net/images/dishes/e3f08d69-8dd8-42dd-82d5-3fb534bd2806.jpg","notFood":false,"drinks":false},{"name":"סלט ביתי 250 ג'","description":"בחר/י את הסלט הרצוי","vegan":true,"vegetarian":true,"image":"https://d25t2285lxl5rf.cloudfront.net/images/dishes/5e480b9b-fed3-4ed2-8ffb-abe09b4db14e.jpg","notFood":false,"drinks":false},{"name":"מים מינרלים","price":9,"vegan":true,"vegetarian":true,"notFood":false,"drinks":false},{"name":"פחית קוקה קולה","price":12,"vegan":true,"vegetarian":true,"notFood":false,"drinks":true},{"name":"פחית קולה זירו","price":12,"vegan":true,"vegetarian":true,"notFood":false,"drinks":true},{"name":"נביעות בטעם אפרסק","price":14,"vegan":true,"vegetarian":true,"notFood":false,"drinks":false},{"name":"נביעות בטעם ענבים","price":14,"vegan":true,"vegetarian":true,"notFood":false,"drinks":true},{"name":"נביעות בטעם תפוח","price":14,"vegan":true,"vegetarian":true,"notFood":false,"drinks":false}]}