{"track_id":"16213","filters":["meatGrill","sandwichesWraps","salads"],"image":"https://tenbis-static.azureedge.net/restaurant-default-card-image/CuzineType_meatgrill_04.jpg","address":"התמר, 1 יוקנעם עילית","location":[35.1057227,32.6610222],"name":"באגט שאולי","city":"יוקנעם","priceAverage":30.225806451612904,"menu":[{"name":"חביתה בפיתה","price":25,"vegan":false,"vegetarian":true,"notFood":false,"drinks":false},{"name":"טונה בפיתה","price":25,"vegan":false,"vegetarian":false,"notFood":false,"drinks":false},{"name":"שניצל בפיתה","price":37,"vegan":false,"vegetarian":false,"notFood":false,"drinks":false},{"name":"חזה עוף בפיתה","price":37,"vegan":false,"vegetarian":false,"notFood":false,"drinks":false},{"name":"קבב בפיתה","price":37,"vegan":false,"vegetarian":false,"notFood":false,"drinks":false},{"name":"נקניקיות בפיתה","price":37,"vegan":true,"vegetarian":true,"notFood":false,"drinks":false},{"name":"מעורב בפיתה","price":37,"vegan":true,"vegetarian":true,"notFood":false,"drinks":false},{"name":"רצועות פרגית עם בצל בפיתה","price":37,"vegan":false,"vegetarian":false,"notFood":false,"drinks":false},{"name":"חביתה בבאגט","price":25,"vegan":false,"vegetarian":true,"notFood":false,"drinks":false},{"name":"טונה בבאגט","price":25,"vegan":false,"vegetarian":false,"notFood":false,"drinks":false},{"name":"שניצל בבאגט","price":40,"vegan":false,"vegetarian":false,"notFood":false,"drinks":false},{"name":"חזה עוף בבאגט","price":40,"vegan":false,"vegetarian":false,"notFood":false,"drinks":false},{"name":"קבב בבאגט","price":40,"vegan":false,"vegetarian":false,"notFood":false,"drinks":false},{"name":"נקניקיות בבאגט","price":40,"vegan":true,"vegetarian":true,"notFood":false,"drinks":false},{"name":"מעורב בבאגט","price":40,"vegan":true,"vegetarian":true,"notFood":false,"drinks":false},{"name":"רצועות פרגית עם בצל בבאגט","price":40,"vegan":false,"vegetarian":false,"notFood":false,"drinks":false},{"name":"חזה עוף בחמגשית","price":45,"vegan":false,"vegetarian":false,"notFood":false,"drinks":false},{"name":"שניצל בחמגשית","price":45,"vegan":false,"vegetarian":false,"notFood":false,"drinks":false},{"name":"קבב בחמגשית","price":45,"vegan":false,"vegetarian":false,"notFood":false,"drinks":false},{"name":"נקניקיות בחמגשית","price":45,"vegan":true,"vegetarian":true,"notFood":false,"drinks":false},{"name":"מעורב בחמגשית","price":45,"vegan":true,"vegetarian":true,"notFood":false,"drinks":false},{"name":"רצועות פרגית עם בצל בחמגשית","price":45,"vegan":false,"vegetarian":false,"notFood":false,"drinks":false},{"name":"צ'יפס","price":25,"vegan":true,"vegetarian":true,"notFood":false,"drinks":false},{"name":"מים מינרליים","price":10,"vegan":true,"vegetarian":true,"notFood":false,"drinks":true},{"name":"סודה","price":10,"vegan":true,"vegetarian":true,"notFood":false,"drinks":true},{"name":"קולה","price":10,"vegan":true,"vegetarian":true,"notFood":false,"drinks":true},{"name":"קולה זירו","price":10,"vegan":true,"vegetarian":true,"notFood":false,"drinks":true},{"name":"פאנטה","price":10,"vegan":true,"vegetarian":true,"notFood":false,"drinks":false},{"name":"ענבים","price":10,"vegan":true,"vegetarian":true,"notFood":false,"drinks":true},{"name":"אשכוליות","price":10,"vegan":true,"vegetarian":true,"notFood":false,"drinks":false},{"name":"תפוזים","price":10,"vegan":true,"vegetarian":true,"notFood":false,"drinks":false}]}