{"track_id":"16481","filters":["salads","veganFood","pasta"],"image":"https://tenbis-static.azureedge.net/restaurant-default-card-image/CuzineType_defaultcuisine_04.jpg","address":"אפעל, 18 פתח תקווה","location":[34.8473502,32.09415],"name":"בר סלטי השף ","city":"איירפורט סיטי","priceAverage":36.11904761904762,"menu":[{"name":"סלט הבית- חדש","description":"חסה , מלפפון , עגבנייה ,גזר , תירס ,  שומשום ,קוביות בטטה אפויות , בולגרית ,קרוטונים, בצל ירוק ,פטרוזיליה , ג'אלה. מוגש לצד 2 רטבים ולחם לבחירה.","price":42,"vegan":false,"vegetarian":true,"image":"https://d25t2285lxl5rf.cloudfront.net/images/dishes/25b1d992-38c0-489c-a03d-da368ad654e5.jpg","notFood":false,"drinks":false},{"name":"סלט טונה","description":"חסה מלפפון עגבנייה גמבה בצל סגול מלפפון חמוץ תירס טונה ביצה קשה פטרוזילייה. מוגש לצד 2 רטבים ולחם לבחירה.","price":42,"vegan":false,"vegetarian":false,"image":"https://d25t2285lxl5rf.cloudfront.net/images/dishes/ac468b89-7aa5-47a6-b137-535cc4e37729.jpg","notFood":false,"drinks":false},{"name":"סלט יווני","description":"חסה, מלפפון , עגבנייה , זייתים שחורים בצל סגול עגבניות שרי בולגרית רצועות גמבה אפויה ,בצל ירוק , ג'אלה ,קרוטוני השף וזעתר. מוגש לצד 2 רטבים ולחם לבחירה.","price":42,"vegan":false,"vegetarian":true,"image":"https://d25t2285lxl5rf.cloudfront.net/images/dishes/89213cf8-2907-465d-bf19-eb8123aec0d4.jpg","notFood":false,"drinks":false},{"name":"סלט בריאות- חדש","description":"חסה , מלפפון , עגבניות ,פטריות , נבטים ,זיתים שחורים  ,  סלק , פטה ,,פטרוזיליה , בצל ירוק ,חמוציות .גרעיני חמנייה, שומשום  , מוגש לצד 2 רטבים ולחם לבחירה.","price":42,"vegan":false,"vegetarian":true,"image":"https://d25t2285lxl5rf.cloudfront.net/images/dishes/6b3f9657-d37b-40bb-b7dc-819d3fd794d1.jpg","notFood":false,"drinks":false},{"name":"סלט קינואה","description":"מלפפון ,עגבנייה ,נבטים ,בצל סגול ,קינואה ,עדשים שחורים , כוסברה , פטרוזילה , בצל ירוק, ג'אלה, חמוציות .-לצד לחם לבן/שחור לבחירה ושני רטבים לבחירה.","price":42,"vegan":true,"vegetarian":true,"image":"https://d25t2285lxl5rf.cloudfront.net/images/dishes/b7f2ffc3-1678-40ab-a9fa-2d225225f9d0.jpg","notFood":false,"drinks":false},{"name":"סלט סביח","description":"מלפפון , עגבנייה ,חסה ,מלפפון חמוץ , תפוחי אדמה, גרגירי חומוס , בצל סגול ,קוביות חציל קלוי , ביצה קשה , כוסברה , פטרוזיליה .מוגש עם טחינה ולחם לבחירה .","price":42,"vegan":false,"vegetarian":true,"image":"https://d25t2285lxl5rf.cloudfront.net/images/dishes/60110500-af0b-48be-a552-1375e6990978.jpg","notFood":false,"drinks":false},{"name":"הזמנות לגבעת שמואל","description":"זמני הגעה לגבעת שמואל למזמינים עד 11:25  - הזמנות מגיעות עד 13:30 , למזמינים אחרי מגיעות עד ה14:00 ","price":0,"vegan":true,"vegetarian":true,"image":"","notFood":false,"drinks":false},{"name":"כשרות רבנות,ירקות היתר מכירה, גבינות חתם סופר","description":"","price":0,"vegan":true,"vegetarian":true,"image":"","notFood":false,"drinks":false},{"name":"המנה עלולה להכיל גלעינים , גלוטן , לקטוז ,אגוזים ובוטנים לסוגיו","description":",","price":0,"vegan":true,"vegetarian":true,"image":"","notFood":false,"drinks":false},{"name":"הזמנות לבתים פרטיים זמן אספקה עד 14:15","description":"","price":0,"vegan":true,"vegetarian":true,"image":"","notFood":false,"drinks":false},{"name":"סלט טונה","description":"חסה מלפפון עגבנייה גמבה בצל סגול מלפפון חמוץ תירס טונה ביצה קשה פטרוזילייה. מוגש לצד 2 רטבים ולחם לבחירה.","price":42,"vegan":false,"vegetarian":false,"image":"https://d25t2285lxl5rf.cloudfront.net/images/dishes/ac468b89-7aa5-47a6-b137-535cc4e37729.jpg","notFood":false,"drinks":false},{"name":"סלט יווני","description":"חסה, מלפפון , עגבנייה , זייתים שחורים בצל סגול עגבניות שרי בולגרית רצועות גמבה אפויה ,בצל ירוק , ג'אלה ,קרוטוני השף וזעתר. מוגש לצד 2 רטבים ולחם לבחירה.","price":42,"vegan":false,"vegetarian":true,"image":"https://d25t2285lxl5rf.cloudfront.net/images/dishes/89213cf8-2907-465d-bf19-eb8123aec0d4.jpg","notFood":false,"drinks":false},{"name":"סלט פסטה- חדש","description":"חסה , עגבניות , פלפלים בצבעים, פסטה ,זיתים ירוקים ושחורים ,פטריות, בצל סגול , עגבניות שרי ,פלפל קלוי  ,בולגרית, בצל ירוק ושומשום .\nמוגש לצד 2 רטבים ולחם לבחירה.","price":42,"vegan":false,"vegetarian":true,"image":"https://d25t2285lxl5rf.cloudfront.net/images/dishes/f1a51841-83bb-476e-9adf-99bc58115cb1.jpg","notFood":false,"drinks":false},{"name":"סלט הבית- חדש","description":"חסה , מלפפון , עגבנייה ,גזר , תירס ,  שומשום ,קוביות בטטה אפויות , בולגרית ,קרוטונים, בצל ירוק ,פטרוזיליה , ג'אלה. מוגש לצד 2 רטבים ולחם לבחירה.","price":42,"vegan":false,"vegetarian":true,"image":"https://d25t2285lxl5rf.cloudfront.net/images/dishes/25b1d992-38c0-489c-a03d-da368ad654e5.jpg","notFood":false,"drinks":false},{"name":"סלט ניסואז","description":"חסה , עגבנייה , מלפפון חמוץ ,תירס , פלפלים בצבעים , זיתים ירוקים , שעועית ירוקה , תפוח אדמה , ,טונה ,ביצה קשה ופטרוזיליה","price":42,"vegan":false,"vegetarian":false,"image":"https://d25t2285lxl5rf.cloudfront.net/images/dishes/f9297979-254f-4a0c-91a4-5a212104e671.jpg","notFood":false,"drinks":false},{"name":"סלט בריאות- חדש","description":"חסה , מלפפון , עגבניות ,פטריות , נבטים ,זיתים שחורים  ,  סלק , פטה ,,פטרוזיליה , בצל ירוק ,חמוציות .גרעיני חמנייה, שומשום  , מוגש לצד 2 רטבים ולחם לבחירה.","price":42,"vegan":false,"vegetarian":true,"image":"https://d25t2285lxl5rf.cloudfront.net/images/dishes/6b3f9657-d37b-40bb-b7dc-819d3fd794d1.jpg","notFood":false,"drinks":false},{"name":"סלט סביח","description":"מלפפון , עגבנייה ,חסה ,מלפפון חמוץ , תפוחי אדמה, גרגירי חומוס , בצל סגול ,קוביות חציל קלוי , ביצה קשה , כוסברה , פטרוזיליה .מוגש עם טחינה ולחם לבחירה .","price":42,"vegan":false,"vegetarian":true,"image":"https://d25t2285lxl5rf.cloudfront.net/images/dishes/60110500-af0b-48be-a552-1375e6990978.jpg","notFood":false,"drinks":false},{"name":"סלט מתוקי","description":"עלי חסה, מלפפון , עגבנייה ,נבטים , גזר , בטטה , גמבה , סלק חי , חמוציות ושערות חלווה ","price":42,"vegan":true,"vegetarian":true,"image":"https://d25t2285lxl5rf.cloudfront.net/images/dishes/5754a4ff-6e37-4ce3-a513-7cdb867680fd.jpg","notFood":false,"drinks":false},{"name":"סלט ירוק","description":"חסה , עלי בייבי , גזר ,כרוב סגול ,כרוב לבן , נבטים ,אפונה ,גבינת פטה 7% , בצל ירוק , כוסברה , פטרוזיליה, ג'אלה ובוטנים .","price":42,"vegan":false,"vegetarian":true,"image":"https://d25t2285lxl5rf.cloudfront.net/images/dishes/dc3d246f-5ac1-42dc-8ee5-b15d57c04402.jpg","notFood":false,"drinks":false},{"name":"סלט אנטיפסטי- חדש","description":"חסה , מלפפון , עגבנייה , נבטים , בצל ירוק,רצועות פלפל אפויות ,תפוחי אדמה, קוביות חציל אפויות, קוביות קישוא אפויות,קוביות בטטה אפויות  ,בולגרית. מוגש לצד 2 רטבים ולחם לבחירה.","price":42,"vegan":false,"vegetarian":true,"image":"https://d25t2285lxl5rf.cloudfront.net/images/dishes/78dfd581-89e1-4bfb-ab4c-a100c500f25c.jpg","notFood":false,"drinks":false},{"name":"סלט קינואה","description":"מלפפון ,עגבנייה ,נבטים ,בצל סגול ,קינואה ,עדשים שחורים , כוסברה , פטרוזילה , בצל ירוק, ג'אלה, חמוציות .-לצד לחם לבן/שחור לבחירה ושני רטבים לבחירה.","price":42,"vegan":true,"vegetarian":true,"image":"https://d25t2285lxl5rf.cloudfront.net/images/dishes/b7f2ffc3-1678-40ab-a9fa-2d225225f9d0.jpg","notFood":false,"drinks":false},{"name":"טבעוני לי","description":"מלפפון ,עגבנייה, כרוב לבן , כרוב סגול , גזר ,קינואה , עדשים שחורות , שעועית עדינה ,בצל ירוק , פטרוזיליה ,קוביות טופו וג'עלה .","price":42,"vegan":true,"vegetarian":true,"image":"https://d25t2285lxl5rf.cloudfront.net/images/dishes/4ea18789-355c-4070-a998-060650367b26.jpg","notFood":false,"drinks":false},{"name":"סלט חלומי חלומי","description":"עלי חסה , מלפפון ,גזר,כרוב לבן , נבטים ,  שרי ,פטריות טריות , גמבה קלויה , קרוטונים ואגוזי מלך","price":47,"vegan":true,"vegetarian":true,"image":"https://d25t2285lxl5rf.cloudfront.net/images/dishes/e981e15b-939c-4a88-a86f-06d8f712f646.jpg","notFood":false,"drinks":false},{"name":"סלט טונה במיונז","description":"סלט טונה במיונז - מלפפון , עגבנייה , עלי חסה , סלט טונה במיונז וביצה קשה .\nלצד לחם לבחירה חום/ לבן ושני רטבים.","price":42,"vegan":false,"vegetarian":false,"image":"","notFood":false,"drinks":false},{"name":"סלט השף","description":"מלפפון ,גזר ,עלי חסה, פלפל בצבעים, כרוב לבן ,נבטים, בצל סגול ,זיתים שחורים , קוביות בטטה, בולגרית , אגוזי מלך ובצל ירוק","price":42,"vegan":false,"vegetarian":true,"image":"","notFood":false,"drinks":false},{"name":"700 מל' פרמיום","description":"\nסלט מפנק , בכל הצבעים והמינים , יכולים לבחור הכל ללא הגבלה :)","price":45,"vegan":true,"vegetarian":true,"image":"","notFood":false,"drinks":false},{"name":"1100 מל' פרמיום בהרכבה אישית","description":"סלט מפנק , בכל הצבעים והמינים , יכולים לבחור הכל ללא הגבלה :)","price":50,"vegan":true,"vegetarian":true,"image":"","notFood":false,"drinks":false},{"name":"עיסקית סלט 700 מל' 3 תוספות עם שתייה","description":"700 מל' סלט ירקות טריים עם 3 תוספות מוגש לצד לחם, 2 רטבים  ופחית שתייה","price":46,"vegan":true,"vegetarian":true,"image":"","notFood":false,"drinks":false},{"name":"עיסקית סלט 1100 מל' 3 תוספות עם שתייה","description":"1100 מל סלט של ירקות טריים עם 3 תוספות מוגש לצד לחם לבחירה ,2 רטבים  ופחית שתייה","price":50,"vegan":true,"vegetarian":true,"image":"","notFood":false,"drinks":false},{"name":"עיסקית סלט 1100 מל' 6 תוספות עם שתייה","description":"1100 מל סלט של ירקות טריים עם 6 תוספות מוגש לצד לחם לבחירה 2 רטבים ופחית שתייה","price":56,"vegan":true,"vegetarian":true,"image":"","notFood":false,"drinks":false},{"name":"עיסקית סלט 1500 מל' 3 תוספות עם שתייה","description":"1500 מל' סלט של ירקות טריים עם 3 תוספות מוגש לצד לחם לבחירה 2 רטבים ופחית שתייה","price":54,"vegan":true,"vegetarian":true,"image":"","notFood":false,"drinks":false},{"name":"עיסקית סלט 1500 מל' 6 תוספות עם שתייה","description":"1500 מל' סלט של ירקות טריים עם 6 תוספות מוגש לצד לחם לבן/שחור 2 רטבים לבחירה ופחית שתייה","price":62,"vegan":true,"vegetarian":true,"image":"","notFood":false,"drinks":false},{"name":"סלט 700 מל'  בהרכבה","description":"700 מ\"ל של סלט ירקות טריים מוגש לצד לחם לבן/שחור ו2 רטבים לבחירה ","price":35,"vegan":true,"vegetarian":true,"image":"","notFood":false,"drinks":false},{"name":"סלט 700 מל' בהרכבה 3 תוספות","description":"700 מ\"לשל סלט ירקות טריים עם 3 תוספות מוגש לצד לחם לבן/שחור ו2 רטבים לבחירה","price":39,"vegan":true,"vegetarian":true,"image":"","notFood":false,"drinks":false},{"name":"סלט 1100 מל' בהרכבה","description":"1100 מל של סלט ירקות טריים מוגש לצד לחם לבן/שחור ו2 רטבים לבחירה","price":36,"vegan":true,"vegetarian":true,"image":"","notFood":false,"drinks":false},{"name":"סלט 1100 מל'\nבהרכבה 3 תוספות","description":"1100 מל של סלט ירקות טריים עם 3 תוספות מוגש לצד לחם לבחירה ו2 רטבים \n","price":42,"vegan":true,"vegetarian":true,"image":"","notFood":false,"drinks":false},{"name":"סלט 1100 מל' בהרכבה 6 תוספות","description":"1100 מל של סלט ירקות טריים עם 6 תוספות מוגש לצד לחם לבחירה ו2 רטבים ","price":47,"vegan":true,"vegetarian":true,"image":"","notFood":false,"drinks":false},{"name":"סלט 1500 מל' בהרכבה","description":"1500 מל' סלט של ירקות טריים מוגש לצד לחם לבן/שחור ו2 רטבים לבחירה","price":40,"vegan":true,"vegetarian":true,"image":"","notFood":false,"drinks":false},{"name":"סלט 1500 מל'בהרכבה 3 תוספות","description":"1500 מל' סלט של ירקות טריים עם 3 תוספות מוגש לצד לחם לבחירה ו3 רטבים ","price":47,"vegan":true,"vegetarian":true,"image":"","notFood":false,"drinks":false},{"name":"סלט 1500 מל' בהרכבה 6 תוספות","description":"1500 מל' סלט של ירקות טריים עם 6 תוספות מוגש לצד לחם לבחירה ו3 רטבים ","price":55,"vegan":true,"vegetarian":true,"image":"","notFood":false,"drinks":false},{"name":"בגט טונה","description":"\nמגיע עם טונה , ביצה קשה ,עגבנייה מלפפון חמוץ עלים ירוקים בצל ירוק מתובל בשמן זית ולימון.","price":35,"vegan":false,"vegetarian":false,"image":"https://d25t2285lxl5rf.cloudfront.net/images/dishes/91fe7321-6416-4371-a689-3e736628415b.jpg","notFood":false,"drinks":false},{"name":"בגט חביתה","description":"מגיע בבגט לבחירה לבן / חום. גבינת שמנת , חסה , עגבנייה , מלפפון חמוץ , בצל ירוק .\nאומלט מ-2 ביצים .","price":35,"vegan":false,"vegetarian":true,"image":"https://d25t2285lxl5rf.cloudfront.net/images/dishes/f91c2b5f-047b-4c1e-a3ca-aba34d55dfc0.jpg","notFood":false,"drinks":false},{"name":"בגט טוניסאית","description":"מגיע בבגט לבחירה לבן / חום. ממרח הבית , חסה ,עגבנייה,זיתים שחורים , מלפפון חמוץ ,טונה, ביצה קשה, תפוח אדמה ופטרוזיליה .\t","price":35,"vegan":false,"vegetarian":false,"image":"https://d25t2285lxl5rf.cloudfront.net/images/dishes/cff99d5e-e5ab-4254-bc7b-a59ce29f2372.jpg","notFood":false,"drinks":false},{"name":"בגט טונה במיונז","description":"מגיע בבגט לבחירה לבן / חום. עלים ירוקים , עגבנייה ,ביצה קשה וסלט טונה ","price":35,"vegan":false,"vegetarian":false,"image":"https://d25t2285lxl5rf.cloudfront.net/images/dishes/299b4a30-fe87-4611-b9b2-ac30213642cd.jpg","notFood":false,"drinks":false},{"name":"כריך חלומי חלומי :)","description":"מגיע בבגט לבחירה לבן / חום. ממרח שמנת ,על מצע עלים ירוקים , עגבנייה , מלפפון חמוץ , פלפל קלוי , רצועות חלומי(מצופה בפירורי לחם) ובצל ירוק","price":37,"vegan":false,"vegetarian":true,"image":"https://d25t2285lxl5rf.cloudfront.net/images/dishes/e99dcebe-5c6d-48af-a3f1-86f90381da67.jpg","notFood":false,"drinks":false},{"name":"עסקית בגט לבחירה עם שתייה","description":"מגיע בבגט לבחירה לבן / חום. לבחירה מהמגוון עם פחית שתייה קרה .","price":42,"vegan":true,"vegetarian":true,"image":"https://d25t2285lxl5rf.cloudfront.net/images/dishes/dd264ff6-6ca5-4d0d-b8db-ba7c7de4969a.jpg","notFood":false,"drinks":false},{"name":"עסקית כריך עם סלט אישי","description":"מגיע בבגט לבחירה לבן / חום. לצד סלט אישי ורוטב לבחירה .","price":42,"vegan":true,"vegetarian":true,"image":"https://d25t2285lxl5rf.cloudfront.net/images/dishes/67e48954-8026-4cbb-baad-6152eb5b5189.jpg","notFood":false,"drinks":false},{"name":"עסקית כריך עם סלט אישי ופחית שתייה קרה.","description":"מגיע בבגט לבחירה לבן /חום.\n לצד סלט אישי , רוטב לבחירה ופחית שתייה קרה.","price":52,"vegan":true,"vegetarian":true,"image":"https://d25t2285lxl5rf.cloudfront.net/images/dishes/239fdc0f-f0aa-42c9-b62a-70ba8fc8607a.jpg","notFood":false,"drinks":false},{"name":"בגט הבית","description":"מגיע בבגט לבחירה לבן / חום.\nגבינת שמנת , רוטב פסטו , עלים ירוקים, עגבנייה , ביצה קשה , מלפפון חמוץ ,זיתים שחורים ,בטטה ובצל ירוק.","price":35,"vegan":false,"vegetarian":true,"image":"","notFood":false,"drinks":false},{"name":"בגט בלקני","description":"\nגבינת שמנת , פסטו עשבי תיבול ,עלים ירוקים, פלפלים קלויים ,גבינה פטה 5% , עגבנייה, זיתים שחורים , ובצל ירוק","price":35,"vegan":false,"vegetarian":true,"image":"","notFood":false,"drinks":false},{"name":"בגט סביח","description":"מגיע בבגט לבחירה לבן / חום.\nעם עלים ירוקים , ביצה קשה , עגבנייה ,חציל קלוי , טחינה , מלפפון חמוץ ופטרוזיליה","price":35,"vegan":false,"vegetarian":true,"image":"","notFood":false,"drinks":false},{"name":"בגט אנטיפסטי","description":"מגיע בבגט לבחירה לבן / חום.\nשמנת , חציל קלוי , פלפל קלוי ,פטה 7% , עלים ירוקים , עגבנייה, בצל ירוק .","price":35,"vegan":false,"vegetarian":true,"image":"","notFood":false,"drinks":false},{"name":"בגט איטלקית","description":"מגיע בבגט לבחירה לבן / חום.\nגבינת שמנת ,ממרח פסטו ,פלפלים קלויים ,כדורי מוצרלה , עלים ירוקים ,זיתים שחורים ,עגבנייה , כוסברה , בצל ירוק .","price":35,"vegan":false,"vegetarian":true,"image":"","notFood":false,"drinks":false},{"name":"בגט עין","description":"מגיע בבגט לבחירה לבן / חום. גבינת שמנת , עלים ירוקים ,עגבניות, מלפפון חמוץ ,2 ביצי עין הפוכות , בצל ירוק וזעתר .","price":35,"vegan":false,"vegetarian":true,"image":"","notFood":false,"drinks":false},{"name":"בגט חביתת ירק","description":"מגיע בבגט לבחירה לבן / חום. גבינת שמנת , חסה ,מלפפון חמוץ, עגבנייה וחביתת ירק משגעת .","price":35,"vegan":false,"vegetarian":true,"image":"","notFood":false,"drinks":false},{"name":"בגט בהרכבה עצמית","description":"כריך עם שלל ירקות טריים , ממרח לבחירה ו2 תוספות .","price":35,"vegan":true,"vegetarian":true,"image":"","notFood":false,"drinks":false},{"name":"בגט סלט ביצים","description":"מגיע בבגט לבחירה לבן / חום. עלים ירוקים , עגבנייה\nסלט ביצים ועירית","price":35,"vegan":false,"vegetarian":true,"image":"","notFood":false,"drinks":false},{"name":"טורטיה +סלט אישי","description":"טורטיה לבחירה מהמגוון , סלט אישי ורוטב לבחירה","price":45,"vegan":true,"vegetarian":true,"image":"https://d25t2285lxl5rf.cloudfront.net/images/dishes/b3739684-b786-42b3-ba3d-c5407b4536f1.jpg","notFood":false,"drinks":false},{"name":"טורטיה עם סלט אישי ושתייה","description":"טורטיה לבחירה מהמגוון , סלט אישי ,רוטב לבחירה ושתייה","price":53,"vegan":true,"vegetarian":true,"image":"https://d25t2285lxl5rf.cloudfront.net/images/dishes/d1dc72e1-f2dc-4d65-89ca-39359ee7dddf.jpg","notFood":false,"drinks":false},{"name":"טורטיה קראנץ","description":"עגבנייה , פלפל קלוי במילוי שלל גבינות ,מוגש לצד טחינה ביתית","price":36,"vegan":true,"vegetarian":true,"image":"","notFood":false,"drinks":false},{"name":"טורטיה מקושקשת","description":" עלים ירוקים , עגבנייה , מלפפון חמוץ ובצל ירוק על מצע של שמנת .מוגש לד טחינה ביתית","price":36,"vegan":false,"vegetarian":true,"image":"","notFood":false,"drinks":false},{"name":"טורטיה טורקית","description":" ממרח שמנת, פסטו , עלים ירוקים , עגבנייה, זיתים שחורים  , חציל , קוביות פטה ובצל ירוק","price":36,"vegan":false,"vegetarian":true,"image":"","notFood":false,"drinks":false},{"name":"טורטיה סלט טונה","description":" עלים ירוקים , ביצה קשה , סלט טונה נדיר \nמוגש לצד טחינה ביתית","price":36,"vegan":false,"vegetarian":false,"image":"","notFood":false,"drinks":false},{"name":"טורטיה לבנונית ","description":"ממרח לאבנה , עם סלט טאבולה פרש מתובל בשמן זית ולימון \nמוגש לצד טחינה ביתית","price":36,"vegan":true,"vegetarian":true,"image":"","notFood":false,"drinks":false},{"name":"טורטיה בהרכבה אישית","description":"טורטיה בטעמים שאתם אוהבים ,מוגש לצד טחינה ביתית","price":36,"vegan":true,"vegetarian":true,"image":"","notFood":false,"drinks":false},{"name":"קיש פטריות בצל וגבינות .","description":"","price":39,"vegan":true,"vegetarian":true,"image":"https://d25t2285lxl5rf.cloudfront.net/images/dishes/3bf195f0-4a58-496f-b15a-661bf8a733b4.jpg","notFood":false,"drinks":false},{"name":"קיש תרד וגבינות","description":"","price":39,"vegan":true,"vegetarian":true,"image":"https://d25t2285lxl5rf.cloudfront.net/images/dishes/f9e24905-a071-44af-a5b1-2c610ad48b19.jpg","notFood":false,"drinks":false},{"name":"קיש אנטיפסטי (חצילים , פלפלים וזוקיני קלויים בגבינות )","description":"","price":39,"vegan":true,"vegetarian":true,"image":"https://d25t2285lxl5rf.cloudfront.net/images/dishes/d33e749d-85e0-431b-b85e-acce94f57b67.jpg","notFood":false,"drinks":false},{"name":"קיש ברוקולי וגבינות","description":"","price":39,"vegan":true,"vegetarian":true,"image":"https://d25t2285lxl5rf.cloudfront.net/images/dishes/64fa6208-c38f-422c-b9ec-e69b167fd080.jpg","notFood":false,"drinks":false},{"name":"קיש בצל וגבינות","description":"","price":39,"vegan":true,"vegetarian":true,"image":"https://d25t2285lxl5rf.cloudfront.net/images/dishes/9a5f7671-2e44-4aeb-b9c5-9e184a84b5f4.jpg","notFood":false,"drinks":false},{"name":"קיש בטטה , אגוזי מלך וגבינות .","description":"","price":39,"vegan":true,"vegetarian":true,"image":"https://d25t2285lxl5rf.cloudfront.net/images/dishes/7c6d2933-b26e-453d-8b28-35f2b103dffd.jpg","notFood":false,"drinks":false},{"name":"קיש עגבניות שרי בצל ירוק ומוצרלה","description":"","price":39,"vegan":false,"vegetarian":true,"image":"https://d25t2285lxl5rf.cloudfront.net/images/dishes/1b8a6187-2d82-4334-91ec-f80e4a4aa2f2.jpg","notFood":false,"drinks":false},{"name":"קיש עם סלט אישי","description":"קיש לבחירה,מוגש עם סלט אישי ורוטב לבחירה","price":49,"vegan":true,"vegetarian":true,"image":"https://d25t2285lxl5rf.cloudfront.net/images/dishes/15dd2f27-62e1-49e1-9232-df1dc6401ee5.jpg","notFood":false,"drinks":false},{"name":"עסקית קיש עם סלט אישי ושתייה","description":"קיש לבחירה ,\nמוגש לצד סלט אישי ,רוטב לבחירה ופחית שתייה .","price":56,"vegan":true,"vegetarian":true,"image":"https://d25t2285lxl5rf.cloudfront.net/images/dishes/163c442e-7f81-4892-a14a-c5d671b9ab54.jpg","notFood":false,"drinks":false},{"name":"סודה קינלי","description":"","price":8,"vegan":true,"vegetarian":true,"image":"","notFood":false,"drinks":true},{"name":"בקבוק מים 0.5","description":"","price":8,"vegan":true,"vegetarian":true,"image":"","notFood":false,"drinks":true},{"name":"פחית קוקה קולה","description":"","price":8,"vegan":true,"vegetarian":true,"image":"","notFood":false,"drinks":true},{"name":"פחית קוקה קולה דיאט","description":"","price":8,"vegan":true,"vegetarian":true,"image":"","notFood":false,"drinks":true},{"name":"פחית קוקה קולה זירו","description":"","price":8,"vegan":true,"vegetarian":true,"image":"","notFood":false,"drinks":true},{"name":"פחית פאנטה","description":"","price":8,"vegan":true,"vegetarian":true,"image":"","notFood":false,"drinks":false},{"name":"פחית ספרייט","description":"","price":8,"vegan":true,"vegetarian":true,"image":"","notFood":false,"drinks":true},{"name":"פחית דיאט ספרייט","description":"","price":8,"vegan":true,"vegetarian":true,"image":"","notFood":false,"drinks":true},{"name":"בקבוק תפוזים 330","description":"","price":9,"vegan":true,"vegetarian":true,"image":"","notFood":false,"drinks":true},{"name":"קוקה קולה 0.5","description":"","price":10,"vegan":true,"vegetarian":true,"image":"","notFood":false,"drinks":true},{"name":"מאלטי","description":"","price":10,"vegan":true,"vegetarian":true,"image":"","notFood":false,"drinks":false},{"name":"פיוזטי אפרסק 0.5","description":"","price":10,"vegan":true,"vegetarian":true,"image":"","notFood":false,"drinks":false},{"name":"מים בטעם תפוח","description":"","price":10,"vegan":true,"vegetarian":true,"image":"","notFood":false,"drinks":false},{"name":"קוקה קולה זירו 0.5","description":"","price":10,"vegan":true,"vegetarian":true,"image":"","notFood":false,"drinks":true}]}