{"track_id":"16684","filters":["meatGrill","homeMade","salads"],"image":"https://tenbis-static.azureedge.net/restaurant-default-card-image/CuzineType_meatgrill_01.jpg","address":"הערבה, 2 חרוצים","location":[34.8662437,32.2269814],"name":"כפרי בריא בשרי","city":"איירפורט סיטי","priceAverage":54.88461538461539,"menu":[{"name":"פרגיות במרינדה","description":"פרגיות עוף מושרות במרינדה עם תבלון הבית. מוגש עם שתי תוספות לבחירה סלט אישי ","price":79,"vegan":false,"vegetarian":false,"image":"https://d25t2285lxl5rf.cloudfront.net/images/dishes/bac6d4e5-1f9a-4d45-899f-3f65a99f1046.jpg","notFood":false,"drinks":false},{"name":"חזה עוף על האש","description":"מוגש עם שתי תוספות לבחירה סלט אישי ","price":75,"vegan":false,"vegetarian":false,"image":"https://d25t2285lxl5rf.cloudfront.net/images/dishes/74d7cb00-1045-4e21-a3c2-867258c200fe.jpg","notFood":false,"drinks":false},{"name":"פרגיות על האש","description":"מוגש עם שתי תוספות לבחירה סלט אישי ","price":79,"vegan":false,"vegetarian":false,"image":"https://d25t2285lxl5rf.cloudfront.net/images/dishes/70656e5f-f880-4f63-aa11-de539a71867a.jpg","notFood":false,"drinks":false},{"name":"קציצות בשר כפרי בריא ברוטב עגבניות","description":"מוגש עם שתי תוספות לבחירה סלט אישי ","price":75,"vegan":false,"vegetarian":false,"image":"https://d25t2285lxl5rf.cloudfront.net/images/dishes/e30292d7-f11c-4f05-8760-bd9ae201aabb.jpg","notFood":false,"drinks":false},{"name":"פרגיות במרינדה","description":"פרגיות עוף מושרות במרינדה עם תבלון הבית. מוגש עם שתי תוספות לבחירה סלט אישי ","price":79,"vegan":false,"vegetarian":false,"image":"https://d25t2285lxl5rf.cloudfront.net/images/dishes/bac6d4e5-1f9a-4d45-899f-3f65a99f1046.jpg","notFood":false,"drinks":false},{"name":"פרגיות בטריאקי","description":"פרגיות עוף מושרות בטריאקי. מוגש עם שתי תוספות לבחירה סלט אישי ","price":79,"vegan":false,"vegetarian":false,"image":"https://d25t2285lxl5rf.cloudfront.net/images/dishes/1cabd4fd-7641-4e85-a0d6-a53a957b78a5.jpg","notFood":false,"drinks":false},{"name":"פרגיות על האש","description":"מוגש עם שתי תוספות לבחירה סלט אישי ","price":79,"vegan":false,"vegetarian":false,"image":"https://d25t2285lxl5rf.cloudfront.net/images/dishes/70656e5f-f880-4f63-aa11-de539a71867a.jpg","notFood":false,"drinks":false},{"name":"חזה עוף בדבש תפוז","description":"חזה עוף במרינדת דבש תפוז. מוגש עם שתי תוספות לבחירה סלט אישי ","price":75,"vegan":false,"vegetarian":false,"image":"https://d25t2285lxl5rf.cloudfront.net/images/dishes/b34994ee-bf52-4197-b379-5c86f1e6e81c.jpg","notFood":false,"drinks":false},{"name":"חזה עוף בטריאקי","description":"מוגש עם שתי תוספות לבחירה סלט אישי ","price":75,"vegan":false,"vegetarian":false,"image":"https://d25t2285lxl5rf.cloudfront.net/images/dishes/c7eb6083-e380-4858-a613-bd677c70a040.jpg","notFood":false,"drinks":false},{"name":"חזה עוף על האש","description":"מוגש עם שתי תוספות לבחירה סלט אישי ","price":75,"vegan":false,"vegetarian":false,"image":"https://d25t2285lxl5rf.cloudfront.net/images/dishes/74d7cb00-1045-4e21-a3c2-867258c200fe.jpg","notFood":false,"drinks":false},{"name":"שניצלוני עוף עשבי תיבול","description":"מוגש עם שתי תוספות לבחירה סלט אישי ","price":75,"vegan":false,"vegetarian":false,"image":"https://d25t2285lxl5rf.cloudfront.net/images/dishes/db49fa88-fc93-4810-8b13-b62d1aad17c7.jpg","notFood":false,"drinks":false},{"name":"שניצלוני עוף חרדל ודבש","description":"מוגש עם שתי תוספות לבחירה סלט אישי ","price":75,"vegan":false,"vegetarian":false,"image":"https://d25t2285lxl5rf.cloudfront.net/images/dishes/ca432a40-1001-4fe2-a6dd-89e185469066.jpg","notFood":false,"drinks":false},{"name":"קציצות בשר כפרי בריא ברוטב עגבניות","description":"מוגש עם שתי תוספות לבחירה סלט אישי ","price":75,"vegan":false,"vegetarian":false,"image":"https://d25t2285lxl5rf.cloudfront.net/images/dishes/e30292d7-f11c-4f05-8760-bd9ae201aabb.jpg","notFood":false,"drinks":false},{"name":"קציצות הבית על האש","description":"מוגש עם שתי תוספות לבחירה סלט אישי ","price":75,"vegan":true,"vegetarian":true,"image":"https://d25t2285lxl5rf.cloudfront.net/images/dishes/7edf2a15-7a1c-4001-8a18-e49c6fb4c2dd.jpg","notFood":false,"drinks":false},{"name":"קוסקוס ירקות","description":"מוגש עם סלא אישי ","price":75,"vegan":true,"vegetarian":true,"image":"https://d25t2285lxl5rf.cloudfront.net/images/dishes/6ed81052-862a-49be-80b7-e9b73293acc3.jpg","notFood":false,"drinks":false},{"name":"קוסקוס בשר","description":"מוגש עם סלט אישי ","price":75,"vegan":false,"vegetarian":false,"image":"https://d25t2285lxl5rf.cloudfront.net/images/dishes/daeaadc9-c15b-4ef3-b608-b1901c04a28d.jpg","notFood":false,"drinks":false},{"name":"עסקית המבורגר 280 גרם 100% בשר בקר","description":"מוגש בלחמניית המבורגר בתוספת ציפס, סלט אישי ","price":75,"vegan":false,"vegetarian":false,"image":"","notFood":false,"drinks":false},{"name":"עסקית קבב ביתי 100% בשר בקר","description":"מוגש עם 2 תוספות לבחירה סלט אישי ","price":75,"vegan":false,"vegetarian":false,"image":"","notFood":false,"drinks":false},{"name":"פרגיות במרינדה","description":"מוגש עם שתי תוספות","price":79,"vegan":false,"vegetarian":false,"image":"https://d25t2285lxl5rf.cloudfront.net/images/dishes/92935458-1424-4342-b3c7-973b86a275c1.jpg","notFood":false,"drinks":false},{"name":"פרגיות בטריאקי","description":"מוגש עם שתי תוספות","price":79,"vegan":false,"vegetarian":false,"image":"https://d25t2285lxl5rf.cloudfront.net/images/dishes/12ce1d1b-eaa8-457f-a4af-2afdfe7d050b.jpg","notFood":false,"drinks":false},{"name":"פרגיות על האש","description":"מוגש עם שתי תוספות","price":79,"vegan":false,"vegetarian":false,"image":"https://d25t2285lxl5rf.cloudfront.net/images/dishes/001bd0f7-799e-4837-83ff-403b9f798845.jpg","notFood":false,"drinks":false},{"name":"חזה עוף על האש","description":"מוגש עם שתי תוספות","price":72,"vegan":false,"vegetarian":false,"image":"https://d25t2285lxl5rf.cloudfront.net/images/dishes/cea92706-505c-46af-98a6-ebff61edff30.jpg","notFood":false,"drinks":false},{"name":"חזה עוף בדבש תפוז","description":"מוגש עם שתי תוספות","price":72,"vegan":false,"vegetarian":false,"image":"https://d25t2285lxl5rf.cloudfront.net/images/dishes/eb0882b6-eb88-4f5d-b9a6-6f29332c369d.jpg","notFood":false,"drinks":false},{"name":"חזה עוף בטריאקי","description":"מוגש עם שתי תוספות","price":72,"vegan":false,"vegetarian":false,"image":"https://d25t2285lxl5rf.cloudfront.net/images/dishes/7f4e5b8d-9ace-4a4c-9192-e56bfde80c4a.jpg","notFood":false,"drinks":false},{"name":"שניצלוני עוף עשבי תיבול","description":"מוגש עם שתי תוספות","price":72,"vegan":false,"vegetarian":false,"image":"https://d25t2285lxl5rf.cloudfront.net/images/dishes/1fd7ee36-566c-4ec0-bf3a-78dff593c9f4.jpg","notFood":false,"drinks":false},{"name":"שניצלוני עוף חרדל ודבש","description":"מוגש עם שתי תוספות","price":72,"vegan":false,"vegetarian":false,"image":"https://d25t2285lxl5rf.cloudfront.net/images/dishes/d8e3c9e6-1ac4-4723-a0c7-bf40300b16e9.jpg","notFood":false,"drinks":false},{"name":"קציצות בשר כפרי בריא ברוטב עגבניות","description":"מוגש עם שתי תוספות","price":72,"vegan":false,"vegetarian":false,"image":"https://d25t2285lxl5rf.cloudfront.net/images/dishes/ee4ebd24-8d4a-4c03-b7fa-2e1af0b5937b.jpg","notFood":false,"drinks":false},{"name":"קציצות הבית על האש","description":"מוגש עם שתי תוספות","price":72,"vegan":true,"vegetarian":true,"image":"https://d25t2285lxl5rf.cloudfront.net/images/dishes/6468d57f-7a7c-4ed6-8452-908aad749d0b.jpg","notFood":false,"drinks":false},{"name":"קוסקוס ירקות","description":"מוגש עם ירקות","price":69,"vegan":true,"vegetarian":true,"image":"https://d25t2285lxl5rf.cloudfront.net/images/dishes/9f7a662f-bbb8-4752-9ea6-0b2012a57a65.jpg","notFood":false,"drinks":false},{"name":"קוסקוס בשר","description":"קוסקוס ביתי עם כדורוני בשר ורוטב","price":72,"vegan":false,"vegetarian":false,"image":"https://d25t2285lxl5rf.cloudfront.net/images/dishes/3dd52b68-feec-46ba-a7b1-bb30b5c3400a.jpg","notFood":false,"drinks":false},{"name":"המבורגר 280 גרם 100% בשר בקר","description":"מוגש בלחמניית המבורגר בתוספת ציפס","price":72,"vegan":false,"vegetarian":false,"image":"","notFood":false,"drinks":false},{"name":"קבב ביתי 100% בשר בקר","description":"מוגש עם 2 תוספות לבחירה","price":65,"vegan":false,"vegetarian":false,"image":"","notFood":false,"drinks":false},{"name":"סלט חזה עוף אנטיפסטי","description":"חזה עוף, מלפפון, נבטים, גזר, פטריות, בצל סגול, עגבניות שרי, ירקות בתנור אנטיפסטי (בטטה, חציל, קישוא, בצל ופלפל) . מוגש עם לחמניה כפרית ושני רטבים לבחירה","price":69,"vegan":false,"vegetarian":false,"image":"","notFood":false,"drinks":false},{"name":"סלט עוף קצוץ","description":"ירקות קצוצים (מלפפון, עגבניה, גמבה, בצל סגול) בתוספת חזה עוף עסיסי. מוגש עם לחמניה כפרית ושני רטבים לבחירה","price":69,"vegan":false,"vegetarian":false,"image":"","notFood":false,"drinks":false},{"name":"סלט קיסר","description":"עלי חסה פריכים בצל סגול קרוטונים ונתחוני עוף עסיסיים","price":69,"vegan":false,"vegetarian":false,"image":"","notFood":false,"drinks":false},{"name":"בקבוק מים מינרליים","description":"","price":8,"vegan":true,"vegetarian":true,"image":"","notFood":false,"drinks":true},{"name":"מים בטעם תפוח","description":"","price":10,"vegan":true,"vegetarian":true,"image":"","notFood":false,"drinks":false},{"name":"מים בטעם אפרסק","description":"","price":10,"vegan":true,"vegetarian":true,"image":"","notFood":false,"drinks":false},{"name":"מים בטעם ענבים","description":"","price":10,"vegan":true,"vegetarian":true,"image":"","notFood":false,"drinks":true},{"name":"נסטי אפרסק","description":"","price":10,"vegan":true,"vegetarian":true,"image":"","notFood":false,"drinks":true},{"name":"פריגת אשכוליות","description":"","price":10,"vegan":true,"vegetarian":true,"image":"","notFood":false,"drinks":false},{"name":"פריגת תפוזים","description":"","price":10,"vegan":true,"vegetarian":true,"image":"","notFood":false,"drinks":false},{"name":"פריגת ענבים","description":"","price":10,"vegan":true,"vegetarian":true,"image":"","notFood":false,"drinks":true},{"name":"פחית קוקה קולה","description":"","price":10,"vegan":true,"vegetarian":true,"image":"","notFood":false,"drinks":true},{"name":"פחית ספרייט","description":"","price":10,"vegan":true,"vegetarian":true,"image":"","notFood":false,"drinks":true},{"name":"פחית קולה זירו","description":"","price":10,"vegan":true,"vegetarian":true,"image":"","notFood":false,"drinks":true},{"name":"פחית דיאט ספרייט","description":"","price":10,"vegan":true,"vegetarian":true,"image":"","notFood":false,"drinks":true},{"name":"פחית דיאט קולה","description":"","price":10,"vegan":true,"vegetarian":true,"image":"","notFood":false,"drinks":true},{"name":"בקבוק סודה","description":"","price":8,"vegan":true,"vegetarian":true,"image":"","notFood":false,"drinks":true},{"name":"לחמניה כפרית","description":"","price":4,"vegan":true,"vegetarian":true,"image":"","notFood":false,"drinks":false},{"name":"כריך חזה עוף צלוי בבגט","description":"חזה עוף צלוי על הפלנצה מוגש בבגט חם","price":59,"vegan":false,"vegetarian":false,"image":"","notFood":false,"drinks":false},{"name":"שניצל בבגט","description":"שניצל פריך מוגש בבגט חם","price":59,"vegan":false,"vegetarian":false,"image":"","notFood":false,"drinks":false}]}