{"track_id":"16763","filters":["pizza","pasta"],"image":"https://tenbis-static.azureedge.net/restaurant-card-image/ResCard_16763_1910030255.jpg","address":"רוטשילד, 121 ראשון לציון","location":[34.792026,31.9645051],"name":"פיצה כמעט חינם","city":"ראשון לציון, חולון, בת ים","priceAverage":34.371428571428574,"menu":[{"name":"עסקית מלאווח","description":"מוגש בתוספת רסק, ביצה ופחית שתייה לבחירה","price":26,"vegan":false,"vegetarian":true,"image":"https://d25t2285lxl5rf.cloudfront.net/images/dishes/251dba49-6b8f-4f67-98da-19d34903ac2b.jpg","notFood":false,"drinks":false},{"name":"עסקית מלאווח פיצה","description":"מוגש בתוספת פחית שתיה לבחירה","price":28,"vegan":false,"vegetarian":true,"image":"https://d25t2285lxl5rf.cloudfront.net/images/dishes/599f868b-54af-4dd5-99b0-1b5a35142ce9.jpg","notFood":false,"drinks":false},{"name":"עסקית זיווה גבינות","description":"מוגש בתוספת רסק עגבניות ופחית שתיה לבחירה","price":34,"vegan":true,"vegetarian":true,"image":"https://d25t2285lxl5rf.cloudfront.net/images/dishes/4ba936ff-db4f-4acf-947d-39cde0af22b1.jpg","notFood":false,"drinks":false},{"name":"עסקית פיצה אישית","description":"מוגש בתוספת פחית שתיה לבחירה","price":28,"vegan":false,"vegetarian":true,"image":"https://d25t2285lxl5rf.cloudfront.net/images/dishes/ef52b665-14a7-4add-b526-88819d2d0904.jpg","notFood":false,"drinks":false},{"name":"עסקית טוסט הבית","description":"מוגש בתוספת פחית שתיה לבחירה","price":35,"vegan":true,"vegetarian":true,"image":"https://d25t2285lxl5rf.cloudfront.net/images/dishes/391ce7b4-ef99-4547-82e4-1ef10c85e1f7.jpg","notFood":false,"drinks":false},{"name":"מגש משפחתי","price":40,"vegan":true,"vegetarian":true,"image":"https://d25t2285lxl5rf.cloudfront.net/images/dishes/f1ad9e2f-9657-47e1-a168-a3540b6d859a.jpg","notFood":false,"drinks":false},{"name":"מגש גדול","price":50,"vegan":true,"vegetarian":true,"image":"https://d25t2285lxl5rf.cloudfront.net/images/dishes/53ca0083-f3c5-4d7d-a6b0-233119906a52.jpg","notFood":false,"drinks":false},{"name":"שני מגשים משפחתיים","price":70,"vegan":true,"vegetarian":true,"image":"https://d25t2285lxl5rf.cloudfront.net/images/dishes/3fc39d5d-fc77-471b-a122-6e2dc87b3bd3.jpg","notFood":false,"drinks":false},{"name":"שני מגשים גדולים","price":85,"vegan":true,"vegetarian":true,"image":"https://d25t2285lxl5rf.cloudfront.net/images/dishes/3f6bdffc-bc93-431c-afba-03612178a41a.jpg","notFood":false,"drinks":false},{"name":"מגש משפחתי עם תוספת ובקבוק קולה","price":60,"vegan":true,"vegetarian":true,"image":"https://d25t2285lxl5rf.cloudfront.net/images/dishes/5f9c352b-14bb-4efb-84af-2ed66bc2865e.jpg","notFood":false,"drinks":true},{"name":"מגש גדול עם תוספת ובקבוק קולה","price":66,"vegan":true,"vegetarian":true,"image":"https://d25t2285lxl5rf.cloudfront.net/images/dishes/12030c77-0583-461b-a881-f508bff984b7.jpg","notFood":false,"drinks":true},{"name":"2 מגשים משפחתיים","description":"עם תוספת ובקבוק שתיה","price":95,"vegan":true,"vegetarian":true,"notFood":false,"drinks":true},{"name":"מגש XL גדול","description":"עם תוספת ושתיה","price":70,"vegan":true,"vegetarian":true,"notFood":false,"drinks":false},{"name":"2 מגשי XL גדולים","description":"עם שתי תוספות ושתיה","price":110,"vegan":true,"vegetarian":true,"notFood":false,"drinks":false},{"name":"2 מגשי XL גדולים","description":"עם שתי תוספות, שתיה ולחם שום","price":125,"vegan":true,"vegetarian":true,"notFood":false,"drinks":false},{"name":"3 מגשים משפחתיים L","price":100,"vegan":true,"vegetarian":true,"notFood":false,"drinks":false},{"name":"3 מגשי פיצה גדולים XL","price":130,"vegan":false,"vegetarian":true,"notFood":false,"drinks":false},{"name":"3 מגשים משפחתיים L","description":"עם בקבוק קול או קינוח","price":110,"vegan":true,"vegetarian":true,"notFood":false,"drinks":true},{"name":"פיצה L גבינה טבעונית","price":45,"vegan":false,"vegetarian":true,"notFood":false,"drinks":false},{"name":"פיצה XL גבינה טבעונית","price":55,"vegan":false,"vegetarian":true,"notFood":false,"drinks":false},{"name":"מגש ללא גלוטן","price":55,"vegan":true,"vegetarian":true,"notFood":false,"drinks":false},{"name":"פוקצ'ה כמעט חינם","description":"גבינה בולגרית, גבינת מוצרלה, עגבניה, תירס, זיתים שחורים","price":32,"vegan":false,"vegetarian":true,"image":"https://d25t2285lxl5rf.cloudfront.net/images/dishes/56ab10a5-58be-4ed9-9594-12fe02ba838b.jpg","notFood":false,"drinks":false},{"name":"פוקצ'ה טוניסאית","description":"גבינת מוצרלה, רוטב עגבניות, טונה, תירס, בצל, פטריות וביצה קשה","price":35,"vegan":false,"vegetarian":false,"image":"https://d25t2285lxl5rf.cloudfront.net/images/dishes/b2857fa4-4291-46cb-be92-3fa5eac34e82.jpg","notFood":false,"drinks":false},{"name":"פוקצ'ה יוונית","description":"גבינה בולגרית, עגבניה, זיתים, ביצה קשה וזעתר","price":34,"vegan":false,"vegetarian":true,"image":"https://d25t2285lxl5rf.cloudfront.net/images/dishes/ba457810-ed17-470b-ad82-af0d001f7b1c.jpg","notFood":false,"drinks":false},{"name":"מלאווח מגולגל כמעט חינם","description":"רסק וביצה","price":21,"vegan":false,"vegetarian":true,"image":"https://d25t2285lxl5rf.cloudfront.net/images/dishes/aa749682-da1b-4d94-8ea2-d34b2fb7066c.jpg","notFood":false,"drinks":false},{"name":"מלאווח טוניסאי מגולגל","description":" טונה, זיתים ורסק עגבניות","price":26,"vegan":false,"vegetarian":false,"image":"https://d25t2285lxl5rf.cloudfront.net/images/dishes/d9fabec4-353b-4647-af51-d9cef1c8c7c4.jpg","notFood":false,"drinks":false},{"name":"מלאווח יווני מגולגל","description":"בולגרית, זיתים ורסק עגבניות","price":25,"vegan":false,"vegetarian":true,"image":"https://d25t2285lxl5rf.cloudfront.net/images/dishes/f3585d73-0340-49bb-ae76-41bcc67dde50.jpg","notFood":false,"drinks":false},{"name":"זיווה כמעט חינם","description":"גבינה בולגרית, גבינה צהובה. מלווה ברסק עגבניות","price":26,"vegan":false,"vegetarian":true,"image":"https://d25t2285lxl5rf.cloudfront.net/images/dishes/5884c411-3f1a-4cab-83f1-0ecb42075849.jpg","notFood":false,"drinks":false},{"name":"זיווה זיתים","description":"גבינה צהובה, גבינה בולגרית, זיתים ירוקים. מלווה ברסק עגבניות","price":27,"vegan":false,"vegetarian":true,"image":"https://d25t2285lxl5rf.cloudfront.net/images/dishes/2e3023a2-bf9b-4b40-99df-b023bedbcefc.jpg","notFood":false,"drinks":false},{"name":"זיווה פטריות","description":"גבינה צהובה, גבינה בולגרית ופטריות. מלווה ברסק עגבניות","price":28,"vegan":false,"vegetarian":true,"image":"https://d25t2285lxl5rf.cloudfront.net/images/dishes/a06038d1-52b9-4a25-a1cc-09b742a9edc8.jpg","notFood":false,"drinks":false},{"name":"מלאווח פיצה","description":"רוטב פיצה וגבינה צהובה.","price":22,"vegan":false,"vegetarian":true,"image":"https://d25t2285lxl5rf.cloudfront.net/images/dishes/018edd2c-9a4f-4afe-bcf4-f17772a81261.jpg","notFood":false,"drinks":false},{"name":"מלאווח פיצה יווני","description":"רוטב פיצה, גבינה צהובה, גבינה בולגרית, זיתים שחורים וזעתר.","price":24,"vegan":false,"vegetarian":true,"image":"https://d25t2285lxl5rf.cloudfront.net/images/dishes/824bc9c5-3006-448d-ba18-45899660e29c.jpg","notFood":false,"drinks":false},{"name":"מלאווח פיצה טוניסאי","description":"רוטב פיצה, גבינה צהובה, טונה וזיתים ירוקים.","price":27,"vegan":false,"vegetarian":false,"image":"https://d25t2285lxl5rf.cloudfront.net/images/dishes/9ed03108-f057-4dc1-96da-908977145f01.jpg","notFood":false,"drinks":false},{"name":"ג'חנון כמעט חינם","description":"מוגש עם ביצה, ורסק עגבניות","price":19,"vegan":false,"vegetarian":true,"image":"https://d25t2285lxl5rf.cloudfront.net/images/dishes/a6896752-e3ed-4b9c-9a6c-cae692d9afaa.jpg","notFood":false,"drinks":false},{"name":"קלצונה טוניסאית","description":"רוטב פיצה, טונה, ביצה, תירס וגבינה צהובה","price":31,"vegan":false,"vegetarian":false,"image":"https://d25t2285lxl5rf.cloudfront.net/images/dishes/3121f3cf-bcba-4180-a173-768611d16f7a.jpg","notFood":false,"drinks":false},{"name":"קלצונה יוונית","description":"בולגרית, זיתים, ביצה קשה וזעתר","price":31,"vegan":false,"vegetarian":true,"notFood":false,"drinks":false},{"name":"טוסט כמעט חינם","description":"רוטב פיצה וגבינה צהובה","price":20,"vegan":false,"vegetarian":true,"image":"https://d25t2285lxl5rf.cloudfront.net/images/dishes/2019c5b0-c05b-4fba-9159-5f4ad0117b7e.jpg","notFood":false,"drinks":false},{"name":"טוסט יווני","description":"רוטב פיצה, גבינה צהובה, גבינה בולגרית, זיתים שחורים, בצל וזעתר","price":27,"vegan":false,"vegetarian":true,"image":"https://d25t2285lxl5rf.cloudfront.net/images/dishes/f36d4051-ad8a-498c-940f-8be79676772b.jpg","notFood":false,"drinks":false},{"name":"טוסט הבית","description":"רוטב פיצה, גבינה צהובה, טונה, זיתים ירוקים, בצל, תירס ופטריות.","price":30,"vegan":false,"vegetarian":false,"image":"https://d25t2285lxl5rf.cloudfront.net/images/dishes/1d414349-af2c-4287-9552-9a0e648bb1fa.jpg","notFood":false,"drinks":false},{"name":"סלט כמעט חינם","description":"חסה, עגבניה, מלפפון, פטריות, בצל, זיתים שחורים, תירס","price":32,"vegan":true,"vegetarian":true,"image":"https://d25t2285lxl5rf.cloudfront.net/images/dishes/1e1127d9-bc4c-47fc-8388-1fa2f05106d2.jpg","notFood":false,"drinks":false},{"name":"סלט טונה","description":"חסה, עגבניה, מלפפון, תירס, זיתים שחורים, פטריות, בצל וטונה","price":32,"vegan":false,"vegetarian":false,"image":"https://d25t2285lxl5rf.cloudfront.net/images/dishes/65abb924-8333-4c6e-a0bd-88dc98f8c5a2.jpg","notFood":false,"drinks":false},{"name":"סלט יווני","description":"חסה, עגבניה, מלפפון, תירס, זיתים בצל שחורים, זעתר ובולגרית, ","price":32,"vegan":false,"vegetarian":true,"image":"https://d25t2285lxl5rf.cloudfront.net/images/dishes/257ce0ec-1e00-44c3-94be-5d80dfcee039.jpg","notFood":false,"drinks":false},{"name":"לחם שום","description":"מגיע עם גבינה צהבה מעל","price":20,"vegan":false,"vegetarian":true,"image":"https://d25t2285lxl5rf.cloudfront.net/images/dishes/8d74e647-398b-468d-a111-47d9d02f8a33.jpg","notFood":false,"drinks":false},{"name":"לחם שום בולגרית","description":"מגיע עם גבינה צהובה","price":25,"vegan":false,"vegetarian":true,"notFood":false,"drinks":false},{"name":"מלבי שמנת","price":12,"vegan":false,"vegetarian":true,"image":"https://d25t2285lxl5rf.cloudfront.net/images/dishes/1259c6b6-937f-4407-beb0-a5acc6224ec7.jpg","notFood":false,"drinks":false},{"name":"עוגת גבינה","price":12,"vegan":false,"vegetarian":true,"image":"https://d25t2285lxl5rf.cloudfront.net/images/dishes/297617d9-0165-41ab-b8ad-8ad8c5eed9c9.jpg","notFood":false,"drinks":false},{"name":"בוואריה","price":12,"vegan":true,"vegetarian":true,"image":"https://d25t2285lxl5rf.cloudfront.net/images/dishes/b246db90-d1e9-4859-b11e-ae4a1630bb34.jpg","notFood":false,"drinks":false},{"name":"מוס שוקולד","price":12,"vegan":false,"vegetarian":true,"image":"https://d25t2285lxl5rf.cloudfront.net/images/dishes/5e511fe5-b4a2-45fc-b2a3-f33baa0590d4.jpg","notFood":false,"drinks":false},{"name":"עוגת ריבת חלב","price":12,"vegan":false,"vegetarian":true,"image":"https://d25t2285lxl5rf.cloudfront.net/images/dishes/dc436f76-7e7d-42c2-8bca-4edd971dcb28.jpg","notFood":false,"drinks":false},{"name":"קדאיף","price":12,"vegan":true,"vegetarian":true,"image":"https://d25t2285lxl5rf.cloudfront.net/images/dishes/9bd703d0-d3ad-4d8c-a6c3-9fc4fd8e9e18.jpg","notFood":false,"drinks":false},{"name":"פחית קוקה קולה","price":9,"vegan":true,"vegetarian":true,"notFood":false,"drinks":true},{"name":"פחית ספרייט","price":9,"vegan":true,"vegetarian":true,"notFood":false,"drinks":true},{"name":"פחית דיאט ספרייט","price":9,"vegan":true,"vegetarian":true,"notFood":false,"drinks":true},{"name":"פחית פאנטה","price":9,"vegan":true,"vegetarian":true,"notFood":false,"drinks":false},{"name":"פחית קוקה קולה זירו","price":9,"vegan":true,"vegetarian":true,"notFood":false,"drinks":true},{"name":"בקבוק קוקה קולה 0.5 ליטר","price":10,"vegan":true,"vegetarian":true,"notFood":false,"drinks":true},{"name":"בקבוק דיאט קוקה קולה 0.5 ליטר","price":10,"vegan":true,"vegetarian":true,"notFood":false,"drinks":true},{"name":"בקבוק ספרייט 0.5 ליטר","price":10,"vegan":true,"vegetarian":true,"notFood":false,"drinks":true},{"name":"בקבוק פאנטה 0.5 ליטר","price":10,"vegan":true,"vegetarian":true,"notFood":false,"drinks":true},{"name":"בקבוק  קוקה קולה 1.5 ליטר","price":15,"vegan":true,"vegetarian":true,"notFood":false,"drinks":true},{"name":"בקבוק דיאט קוקה קולה 1.5 ליטר","price":15,"vegan":true,"vegetarian":true,"notFood":false,"drinks":true},{"name":"בקבוק ספרייט 1.5 ליטר","price":15,"vegan":true,"vegetarian":true,"notFood":false,"drinks":true},{"name":"בקבוק דיאט ספרייט 1.5 ליטר","price":15,"vegan":true,"vegetarian":true,"notFood":false,"drinks":true},{"name":"בקבוק פאנטה 1.5 ליטר","price":15,"vegan":true,"vegetarian":true,"notFood":false,"drinks":true},{"name":"מים מינרלים","price":7,"vegan":true,"vegetarian":true,"notFood":false,"drinks":false},{"name":"סודה","price":7,"vegan":true,"vegetarian":true,"notFood":false,"drinks":true},{"name":"פסטה ברוטב שמנת","price":37,"vegan":false,"vegetarian":true,"notFood":false,"drinks":false},{"name":"פסטה ברוטב שמנת עם פטריות טריות","price":37,"vegan":false,"vegetarian":true,"notFood":false,"drinks":false},{"name":"פסטה ברוטב עגבניות","price":37,"vegan":true,"vegetarian":true,"notFood":false,"drinks":false},{"name":"תוספת הקרמה","price":6,"vegan":true,"vegetarian":true,"notFood":false,"drinks":false}]}