{"track_id":"16772","filters":["glutenFree","salads","meatGrill"],"image":"https://tenbis-static.azureedge.net/restaurant-card-image/ResCard_16772_20211116182131.jpg","address":"כינרת, 5 בני ברק","location":[34.8242547,32.0947008],"name":"לאנץ' בוקס ","city":"בני ברק","priceAverage":38.470588235294116,"menu":[{"name":"עסקית כריך קבב מפורק","description":"קבב טלה מפורק עסיסי מוקפץ עם פטריות, גזר, בצל מטוגן ופטרוזיליה בזילוף טחינה, עגבנייה ,מלפפון חמוץ ובצל ירוק. מוגש בחלה אישית מתוקה בליווי מנה ראשונה.","price":55,"vegan":false,"vegetarian":false,"image":"https://d25t2285lxl5rf.cloudfront.net/images/dishes/65a1d638-edff-409b-86c3-be997e0e9f31.jpg","notFood":false,"drinks":false},{"name":"עסקית המבורגר","description":"המבורגר 200 גר' בעשייה ביתית, עגבנייה, מלפפון חמוץ, בצל מטוגן, עלי חסה ומיונז ביתי. מוגש בליווי מנה ראשונה.","price":55,"vegan":false,"vegetarian":false,"image":"https://d25t2285lxl5rf.cloudfront.net/images/dishes/c4554ed6-039d-47b2-bc31-4ab9bb13891b.jpg","notFood":false,"drinks":false},{"name":"עסקית כריך פפר צ'יקן","description":"עוף ברוטב פלפלים פיקנטי, מיונז ביתי, עגבנייה, מלפפון חמוץ ועלי חסה. מוגש בחלה מתוקה אישית בליווי מנה ראשונה.","price":55,"vegan":false,"vegetarian":false,"image":"https://d25t2285lxl5rf.cloudfront.net/images/dishes/fd12da55-9322-43a1-8fd4-309e3a32d18c.jpg","notFood":false,"drinks":false},{"name":"עסקית סלט עוף 1000מל+מרק","description":"רצועות עוף עם בצל מטוגן, עלי חסה, בצל אדום, שרי ,  מלפפון ,שומשום קלוי, פטרוזיליה, גזר ברוטב המוגש בצד. מוגש בליווי מרק היום.","price":57,"vegan":false,"vegetarian":false,"image":"https://d25t2285lxl5rf.cloudfront.net/images/dishes/d0021395-ff9c-45f1-a245-b8be92b671e1.jpg","notFood":false,"drinks":false},{"name":"עסקית סלט בהרכבה 1000מל+מרק","description":"סלט בהרכבה אישית. מוגש בליווי מרק היום.","price":57,"vegan":true,"vegetarian":true,"image":"https://d25t2285lxl5rf.cloudfront.net/images/dishes/dac2247b-2671-4159-8926-4f3110a5a0ae.jpg","notFood":false,"drinks":false},{"name":"עסקית קבב טלה מפורק-מומלץ","description":"קציצות קבב מפורק בליווי ירקות מוקפצים -, גזר,פטריות  בצל מטוגן ופטרוזיליה. מוגש עם מנה ראשונה בליווי שתי תוספות חמות.","price":59,"vegan":false,"vegetarian":false,"image":"https://d25t2285lxl5rf.cloudfront.net/images/dishes/3b8107d7-d0d8-4706-97d5-34852622fcdb.jpg","notFood":false,"drinks":false},{"name":"עסקית רצועות עוף בקארי דלעת","description":"רצועות עוף, בצל מטוגן, פטריות במרינדת קארי דלעת ובמבו שוט, מוגש עם מנה ראשונה בליווי שתי תוספות חמות.\n*הרוטב מכיל כוסברה","price":59,"vegan":false,"vegetarian":false,"image":"https://d25t2285lxl5rf.cloudfront.net/images/dishes/2e89900c-b39b-4716-aff7-0c8cc5d8af97.jpg","notFood":false,"drinks":false},{"name":"עסקית סלמון אפוי בתנור","description":"מוגש עם מנה ראשונה לצד שתי תוספות חמות.  ","price":65,"vegan":false,"vegetarian":false,"image":"https://d25t2285lxl5rf.cloudfront.net/images/dishes/7772e42c-08f0-4b65-acec-5e249862e33a.jpg","notFood":false,"drinks":false},{"name":"עסקית חזה עוף על הפלאנצה","description":"בליווי בצל מטוגן ופטרוזיליה\nמוגש עם מנה ראשונה לצד שתי תוספות חמות.","price":57,"vegan":false,"vegetarian":false,"image":"https://d25t2285lxl5rf.cloudfront.net/images/dishes/fb05c492-ab75-4b6d-8b34-2746e790d731.jpg","notFood":false,"drinks":false},{"name":"עסקית לביבות ירק טבעוניות","description":"לביבות ירק אפויות בליווי פטרוזיליה, מוגש עם מנה ראשונה לצד שתי תוספות חמות.","price":55,"vegan":true,"vegetarian":true,"image":"https://d25t2285lxl5rf.cloudfront.net/images/dishes/80ebacac-fd69-4f11-9659-f47e357e1772.jpg","notFood":false,"drinks":false},{"name":"סלט בהרכבה 1000 מל","description":"מריכיבים לבחירה ורטבים","price":49,"vegan":true,"vegetarian":true,"image":"https://d25t2285lxl5rf.cloudfront.net/images/dishes/649ac021-6af4-49eb-8ee4-6bc4965eab48.jpg","notFood":false,"drinks":false},{"name":"קבב טלה - מפורק-מומלץ","description":"קציצות קבב טלה מפורקות בעשייה ביתית\nבליווי ירקות מוקפצים -  גזר, פטריות,  בצל מטוגן ופטרוזיליה.","price":54,"vegan":false,"vegetarian":false,"image":"https://d25t2285lxl5rf.cloudfront.net/images/dishes/4474998c-f498-4966-b1d4-2183e2f216e7.jpg","notFood":false,"drinks":false},{"name":"רצועות עוף בקארי דלעת","description":"בצל מטוגן ופטריות מוקפצות","price":54,"vegan":false,"vegetarian":false,"image":"https://d25t2285lxl5rf.cloudfront.net/images/dishes/3cba9645-f393-47e0-80c0-f437986bb782.jpg","notFood":false,"drinks":false},{"name":"לביבות ירק טבעוניות","description":"לביבות ירק אפויות עשויות במקום- פטרוזיליה מלמעלה","price":51,"vegan":true,"vegetarian":true,"image":"https://d25t2285lxl5rf.cloudfront.net/images/dishes/4f4d16ce-830e-4d81-bc1a-7b59ea7a7b9e.jpg","notFood":false,"drinks":false},{"name":"סלמון אפוי בתנור","price":59,"vegan":false,"vegetarian":false,"image":"https://d25t2285lxl5rf.cloudfront.net/images/dishes/9fa3b755-d2a2-48b5-a7cd-2870b045ff94.jpg","notFood":false,"drinks":false},{"name":"חזה עוף על הפלנצה","description":"חזה עוף על הפלנצה עם בצל מטוגן ופטרוזיליה","price":55,"vegan":false,"vegetarian":false,"image":"https://d25t2285lxl5rf.cloudfront.net/images/dishes/9d427893-38e0-4203-9dfd-a7906992715d.jpg","notFood":false,"drinks":false},{"name":"סלט עוף 1000מל","description":"רצועות עוף+ בצל מטוגן, עלי חסה, בצל אדום, מלפפון, עגבניות שרי, שומשום קלוי, פטרוזיליה וגזר ברוטב המוגש בצד","price":53,"vegan":false,"vegetarian":false,"image":"https://d25t2285lxl5rf.cloudfront.net/images/dishes/b8608775-38ba-48ce-9427-17f44ce3fa10.jpg","notFood":false,"drinks":false},{"name":"סלט בהרכבה 1000 מל","description":"מריכיבים לבחירה ורטבים","price":49,"vegan":true,"vegetarian":true,"image":"https://d25t2285lxl5rf.cloudfront.net/images/dishes/649ac021-6af4-49eb-8ee4-6bc4965eab48.jpg","notFood":false,"drinks":false},{"name":"ירק משתנה אפוי","description":"עם כרוב לבן- תיבול משתנה","price":20,"vegan":true,"vegetarian":true,"notFood":false,"drinks":false},{"name":"אורז לבן","price":20,"vegan":true,"vegetarian":true,"notFood":false,"drinks":false},{"name":"סירות תפו\"א אפוי","price":20,"vegan":true,"vegetarian":true,"notFood":false,"drinks":false},{"name":"כריך קבב","description":"קבבוני טלה מפורקים עסיסיים מוקפצים עם ירקות (בצל, פטריות, גזר ופטרוזילה) בזילוף טחינה, חסה, עגבניה ומלפפון חמוץ. מוגש בחלה מתוקה אישית.","price":48,"vegan":false,"vegetarian":false,"image":"https://d25t2285lxl5rf.cloudfront.net/images/dishes/5e207d5e-0162-4716-936f-5428eb37b4af.jpg","notFood":false,"drinks":false},{"name":"כריך המבורגר 100% בקר","description":"המבורגר בעשייה ביתית על הפלנצ'ה, עגבנייה, מלפפון חמוץ, בצל מטוגן, חסה ומיונז ביתי \n","price":49,"vegan":false,"vegetarian":false,"image":"https://d25t2285lxl5rf.cloudfront.net/images/dishes/4785fb5c-73f5-45a1-8acf-477089a01962.jpg","notFood":false,"drinks":false},{"name":"כריך פפר צ'יקן","description":"רצועות עוף ברוטב פלפלים פיקנטי, מיונז ביתי, עגבנייה, מלפפון חמוץ ועלי בייבי. מוגש בחלה מתוקה אישית.","price":48,"vegan":false,"vegetarian":false,"image":"https://d25t2285lxl5rf.cloudfront.net/images/dishes/8ae3d551-cd3d-4a56-8cc0-6c61e54230c1.jpg","notFood":false,"drinks":false},{"name":"מרק יומי(לפי העסקיות)","price":23,"vegan":true,"vegetarian":true,"image":"https://d25t2285lxl5rf.cloudfront.net/images/dishes/442bea77-d01d-45ae-85f2-ccadb6149d43.jpg","notFood":false,"drinks":false},{"name":"פחית קוקה קולה","price":9,"vegan":true,"vegetarian":true,"notFood":false,"drinks":true},{"name":"פחית זירו","price":9,"vegan":true,"vegetarian":true,"notFood":false,"drinks":false},{"name":"פחית ספרייט","price":9,"vegan":true,"vegetarian":true,"notFood":false,"drinks":true},{"name":"פחית דיאט ספרייט","price":9,"vegan":true,"vegetarian":true,"notFood":false,"drinks":true},{"name":"בקבוק מים מינרלים","price":9,"vegan":true,"vegetarian":true,"notFood":false,"drinks":true},{"name":"בקבוק סודה","price":9,"vegan":true,"vegetarian":true,"notFood":false,"drinks":true},{"name":"בקבוק בירה שחורה","price":10,"vegan":true,"vegetarian":true,"notFood":false,"drinks":true},{"name":"פחית פאנטה אפרסק","price":9,"vegan":true,"vegetarian":true,"notFood":false,"drinks":false},{"name":"פחית פאנטה ענבים","price":9,"vegan":true,"vegetarian":true,"notFood":false,"drinks":true}]}