{"track_id":"1678","filters":["meatGrill","homeMade"],"image":"https://tenbis-static.azureedge.net/restaurant-card-image/ResCard_1678_20211020171308.jpg","address":"יורדי הסירה, 3 תל אביב-יפו","location":[34.7741963,32.0964625],"name":"מסעדת האווזים ","city":"תל אביב-יפו","priceAverage":67.05454545454545,"menu":[{"name":"שגעון מיקס בשרים","description":"פרגית,קבב,אנטריקוט ו2יחידות צלעות כבש\r\nבתוספת מגשית אורז סלט וציפס","price":159,"vegan":false,"vegetarian":false,"notFood":false,"drinks":false},{"name":"שחיתות","description":"סטייק אנטריקוט,צלע וכבד אווז\r\nבתוספת מגשית תוספות","price":159,"vegan":false,"vegetarian":false,"notFood":false,"drinks":false},{"name":"שאטו אנטריקוט","description":"סטייק אנטריקוט 300 גרם\r\nבליווי מדליוני כבד אווז\r\nבתוספת מגשית אורז סלט וציפס","price":199,"vegan":false,"vegetarian":false,"notFood":false,"drinks":false},{"name":"שאטו פילה","description":"סטייק פילה בקר בליווי מדליוני כבד אווז\r\nבתוספת מגשית אורז סלט וציפס","price":199,"vegan":false,"vegetarian":false,"notFood":false,"drinks":false},{"name":"שאטו צלעות","description":"צלעות כבש בליווי מיליוני כבד אווז בתוספת מגשית אורז סלט וציפס\r\n","price":199,"vegan":false,"vegetarian":false,"notFood":false,"drinks":false},{"name":"סטייק פרגית","description":"בתוספת מגשית אורז סלט וציפס\r\n","price":69,"vegan":false,"vegetarian":false,"notFood":false,"drinks":false},{"name":"דואט אווזים","description":"סטייק פמיניסטיים אנטריקוט בתוספת מגשית אורז סלט וציפס\r\n","price":129,"vegan":false,"vegetarian":false,"notFood":false,"drinks":false},{"name":"טריפל","description":"2סטייק פרגית\r\n2נקניקיות\r\nקבב\r\nבתוספת מגשית אורז סלט וציפס","price":129,"vegan":false,"vegetarian":false,"notFood":false,"drinks":false},{"name":"טריפל","description":"2סטייק פרגית\r\n2נקניקיות\r\nקבב\r\nבתוספת מגשית אורז סלט וציפס","price":129,"vegan":false,"vegetarian":false,"notFood":false,"drinks":false},{"name":"דג דניס על גחלים","description":"בתוספת אורז סלט וציפס\r\n","price":80,"vegan":false,"vegetarian":false,"notFood":false,"drinks":false},{"name":"דג לברק על גחלים","description":"בתוספת אורז סלט וציפס\r\n","price":80,"vegan":false,"vegetarian":false,"notFood":false,"drinks":false},{"name":"פרגית","description":"כל המנות מוגשות עם 2 תוספות חמות, 2 סלטים לבחירה, חמוצי הבית ולאפה / פיתה בצד","price":47,"vegan":false,"vegetarian":false,"notFood":false,"drinks":false},{"name":"קבב מזרחי","description":"כל המנות מוגשות עם 2 תוספות חמות, 2 סלטים לבחירה, חמוצי הבית ולאפה / פיתה בצד","price":47,"vegan":false,"vegetarian":false,"notFood":false,"drinks":false},{"name":"לבבות עוף","description":"מוגש עם 2 תוספות חמות, 2 סלטים לבחירה , חמוצי הבית ולאפה / פיתה\t \r\n ","price":47,"vegan":false,"vegetarian":false,"notFood":false,"drinks":false},{"name":"כבד עוף","description":"כל המנות מוגשות עם 2 תוספות חמות, 2 סלטים לבחירה, חמוצי הבית ולאפה / פיתה בצד","price":47,"vegan":false,"vegetarian":false,"notFood":false,"drinks":false},{"name":"חזה עוף","description":"כל המנות מוגשות עם 2 תוספות חמות, 2 סלטים לבחירה, חמוצי הבית ולאפה / פיתה בצד","price":47,"vegan":false,"vegetarian":false,"notFood":false,"drinks":false},{"name":"חזה עוף במרינדה","description":"כל המנות מוגשות עם 2 תוספות חמות, 2 סלטים לבחירה, חמוצי הבית ולאפה / פיתה בצד","price":47,"vegan":false,"vegetarian":false,"notFood":false,"drinks":false},{"name":"שניצל","description":"כל המנות מוגשות עם 2 תוספות חמות, 2 סלטים לבחירה, חמוצי הבית ולאפה / פיתה בצד","price":47,"vegan":false,"vegetarian":false,"notFood":false,"drinks":false},{"name":"כבד אווז","price":180,"vegan":false,"vegetarian":false,"notFood":false,"drinks":false},{"name":"שווארמה","description":"כל המנות מוגשות עם 2 תוספות חמות, 2 סלטים לבחירה, חמוצי הבית ולאפה / פיתה בצד","price":59,"vegan":false,"vegetarian":false,"notFood":false,"drinks":false},{"name":"אנטריקוט","description":"כל המנות מוגשות עם 2 תוספות חמות, 2 סלטים לבחירה, חמוצי הבית ולאפה / פיתה בצד","price":59,"vegan":false,"vegetarian":false,"notFood":false,"drinks":false},{"name":"כבש","description":"כל המנות מוגשות עם 2 תוספות חמות, 2 סלטים לבחירה, חמוצי הבית ולאפה / פיתה בצד","price":59,"vegan":true,"vegetarian":true,"notFood":false,"drinks":false},{"name":"בשר אדום","description":"כל המנות מוגשות עם 2 תוספות חמות, 2 סלטים לבחירה, חמוצי הבית ולאפה / פיתה בצד","price":59,"vegan":false,"vegetarian":false,"notFood":false,"drinks":false},{"name":"פילה בקר","description":"כל המנות מוגשות עם 2 תוספות חמות, 2 סלטים לבחירה, חמוצי הבית ולאפה / פיתה בצד","price":59,"vegan":false,"vegetarian":false,"notFood":false,"drinks":false},{"name":"שומן כבש","description":"כל המנות מוגשות עם 2 תוספות חמות, 2 סלטים לבחירה, חמוצי הבית ולאפה / פיתה בצד","price":59,"vegan":true,"vegetarian":true,"notFood":false,"drinks":false},{"name":"צלעות כבש 350 גר'","description":"כל המנות מוגשות עם 2 תוספות חמות, 2 סלטים לבחירה, חמוצי הבית ולאפה / פיתה בצד","price":160,"vegan":true,"vegetarian":true,"notFood":false,"drinks":false},{"name":"אנטריקוט  350 גר'","description":"כל המנות מוגשות עם 2 תוספות חמות, 2 סלטים לבחירה, חמוצי הבית ולאפה / פיתה בצד","price":140,"vegan":false,"vegetarian":false,"notFood":false,"drinks":false},{"name":"פילה בקר 300 גר'","description":"כל המנות מוגשות עם 2 תוספות חמות, 2 סלטים לבחירה, חמוצי הבית ולאפה / פיתה בצד","price":150,"vegan":false,"vegetarian":false,"notFood":false,"drinks":false},{"name":"המבורגר בליווי ככבד אווז","description":"כל המנות מוגשות עם 2 תוספות חמות, 2 סלטים לבחירה, חמוצי הבית ולאפה / פיתה בצד","price":99,"vegan":false,"vegetarian":false,"notFood":false,"drinks":false},{"name":"דג לברק","description":"כל המנות מוגשות עם 2 תוספות חמות, 2 סלטים לבחירה, חמוצי הבית ולאפה / פיתה בצד","price":110,"vegan":false,"vegetarian":false,"notFood":false,"drinks":false},{"name":"דג דניס","description":"כל המנות מוגשות עם 2 תוספות חמות, 2 סלטים לבחירה, חמוצי הבית ולאפה / פיתה בצד","price":110,"vegan":false,"vegetarian":false,"notFood":false,"drinks":false},{"name":"ביצי הודו","description":"כל המנות מוגשות עם 2 תוספות חמות, 2 סלטים לבחירה, חמוצי הבית ולאפה / פיתה בצד","price":59,"vegan":true,"vegetarian":true,"notFood":false,"drinks":false},{"name":"ציפס - קטן","price":25,"vegan":true,"vegetarian":true,"notFood":false,"drinks":false},{"name":"ציפס - גדול","price":30,"vegan":true,"vegetarian":true,"notFood":false,"drinks":false},{"name":"אורז","price":25,"vegan":true,"vegetarian":true,"notFood":false,"drinks":false},{"name":"ירקות מאודים","description":"כרובית וברוקולי, מגיע בגודל רגיל / גדול","price":25,"vegan":true,"vegetarian":true,"notFood":false,"drinks":false},{"name":"סלט ערבי קצוץ- קטן","description":"עגבנייה , מלפפון ובצל","price":25,"vegan":true,"vegetarian":true,"notFood":false,"drinks":false},{"name":"סלט ערבי קצוץ- גדול","price":30,"vegan":true,"vegetarian":true,"notFood":false,"drinks":false},{"name":"שעועית ירוקה","description":"מגיע בגדלים של רגיל / גדול","price":25,"vegan":true,"vegetarian":true,"notFood":false,"drinks":false},{"name":"חומוס","description":"מוגש עם לאפה וחמוצי הבית בצד, רגיל / צנוברים / פטריות / פלאפל","price":30,"vegan":true,"vegetarian":true,"notFood":false,"drinks":false},{"name":"חציל בלאדי","description":"מוגש עם לאפה וחמוצי הבית","price":36,"vegan":true,"vegetarian":true,"notFood":false,"drinks":false},{"name":"מיקס מטוגנים","price":40,"vegan":true,"vegetarian":true,"notFood":false,"drinks":false},{"name":"בטטה אפויה","description":"מגיע בגדלים  רגיל / גדול","price":25,"vegan":true,"vegetarian":true,"notFood":false,"drinks":false},{"name":"קולה","price":13,"vegan":true,"vegetarian":true,"notFood":false,"drinks":true},{"name":"זירו","price":13,"vegan":true,"vegetarian":true,"notFood":false,"drinks":false},{"name":"סודה","price":10,"vegan":true,"vegetarian":true,"notFood":false,"drinks":true},{"name":"בירה שחורה","price":13,"vegan":true,"vegetarian":true,"notFood":false,"drinks":true},{"name":"ענבים","price":13,"vegan":true,"vegetarian":true,"notFood":false,"drinks":true},{"name":"תפוזים","price":13,"vegan":true,"vegetarian":true,"notFood":false,"drinks":false},{"name":"אשכוליות","price":13,"vegan":true,"vegetarian":true,"notFood":false,"drinks":false},{"name":"ספרייט","price":13,"vegan":true,"vegetarian":true,"notFood":false,"drinks":true},{"name":"מים מינרלים","price":10,"vegan":true,"vegetarian":true,"notFood":false,"drinks":false},{"name":"מים בטעם ענבים","price":13,"vegan":true,"vegetarian":true,"notFood":false,"drinks":true},{"name":"מים בטעם אפרסק","price":13,"vegan":true,"vegetarian":true,"notFood":false,"drinks":false},{"name":"מים בטעם תפוח","price":13,"vegan":true,"vegetarian":true,"notFood":false,"drinks":false}]}