{"track_id":"16787","filters":["humus","veganFood","salads"],"image":"https://tenbis-static.azureedge.net/restaurant-card-image/ResCard_16787_20210126111425.jpg","address":"הרצל, 24 תל אביב-יפו","location":[34.7703525,32.0607537],"name":"חומוס הכרם","city":"תל אביב-יפו","priceAverage":19.676470588235293,"menu":[{"name":"חומוס גרגירים","description":"חומוס בתוספת גרגירים חמים בתיבול פפריקה חריפה, כמון, שמן זית ופטרוזיליה ","price":32,"vegan":true,"vegetarian":true,"image":"https://d25t2285lxl5rf.cloudfront.net/images/dishes/bd8a2bea-4604-43db-a1fe-71b642e7bbd9.png","notFood":false,"drinks":false},{"name":"מסבחה","description":"חומוס חם בתוספת גרגירים חמים בתיבול פפריקה חריפה, כמון, שמן זית ופטרוזיליה ","price":32,"vegan":true,"vegetarian":true,"image":"https://d25t2285lxl5rf.cloudfront.net/images/dishes/e9d40554-ca9f-425d-a70a-14ffdf91b60e.png","notFood":false,"drinks":false},{"name":"סלט ירקות קצוץ אישי","description":"","price":15,"vegan":true,"vegetarian":true,"image":"https://d25t2285lxl5rf.cloudfront.net/images/dishes/fa700d1b-cdb7-4053-a475-347157755a48.png","notFood":false,"drinks":false},{"name":"חומוס פול","description":"חומוס בתוספת פול חם \nבתיבול פטרוזיליה, פפריקה חריפה, כמון ושמן זית","price":32,"vegan":true,"vegetarian":true,"image":"https://d25t2285lxl5rf.cloudfront.net/images/dishes/220921ba-d4d8-45fd-b8a8-429ebc0289a0.png","notFood":false,"drinks":false},{"name":"משולש","description":"המנה המשולשת שלנו- חומוס בתוספת פול ומסבחה עם גרגירים בתיבול פפריקה חריפה, כמון, שמן זית ופטרוזיליה ","price":32,"vegan":true,"vegetarian":true,"image":"https://d25t2285lxl5rf.cloudfront.net/images/dishes/c0aac4a5-5536-48a2-aab2-ad9f06f044c0.png","notFood":false,"drinks":false},{"name":"חומוס גרגירים","description":"חומוס בתוספת גרגירים חמים בתיבול פפריקה חריפה, כמון, שמן זית ופטרוזיליה ","price":32,"vegan":true,"vegetarian":true,"image":"https://d25t2285lxl5rf.cloudfront.net/images/dishes/bd8a2bea-4604-43db-a1fe-71b642e7bbd9.png","notFood":false,"drinks":false},{"name":"מסבחה","description":"חומוס חם בתוספת גרגירים חמים בתיבול פפריקה חריפה, כמון, שמן זית ופטרוזיליה ","price":32,"vegan":true,"vegetarian":true,"image":"https://d25t2285lxl5rf.cloudfront.net/images/dishes/e9d40554-ca9f-425d-a70a-14ffdf91b60e.png","notFood":false,"drinks":false},{"name":"חומוס טחינה","description":"חומוס בתוספת טחינה בתיבול פפריקה חריפה, כמון, שמן זית ופטרוזיליה ","price":32,"vegan":true,"vegetarian":true,"image":"https://d25t2285lxl5rf.cloudfront.net/images/dishes/805837bb-578d-47bf-b4b5-02c2b261ae8a.png","notFood":false,"drinks":false},{"name":"סלט הכרם","description":"סלט קצוץ עם גרגירי חומוס חמים, טחינה וביצה \n*המנה מגיעה עם פיתה אחת","price":35,"vegan":false,"vegetarian":true,"image":"https://d25t2285lxl5rf.cloudfront.net/images/dishes/91fc389f-41c3-44d9-bb0f-629e700c4ccb.jpg","notFood":false,"drinks":false},{"name":"סחוג ירוק חריף- 125 גרם","description":"","price":20,"vegan":true,"vegetarian":true,"image":"https://d25t2285lxl5rf.cloudfront.net/images/dishes/2e939a5c-22f0-4ae0-a7be-15cbd9caf36e.png","notFood":false,"drinks":false},{"name":"רוטב לימון חריף-125 גרם","description":"","price":15,"vegan":true,"vegetarian":true,"image":"https://d25t2285lxl5rf.cloudfront.net/images/dishes/c9483794-9570-4be9-995f-5592f46cf020.png","notFood":false,"drinks":false},{"name":"חומוס-500 גרם","description":"","price":32,"vegan":true,"vegetarian":true,"image":"https://d25t2285lxl5rf.cloudfront.net/images/dishes/04df3106-d301-40a3-8548-eb0229878f3f.png","notFood":false,"drinks":false},{"name":"חומוס-250 גרם","description":"","price":22,"vegan":true,"vegetarian":true,"image":"https://d25t2285lxl5rf.cloudfront.net/images/dishes/42b7364f-3849-4ef8-ba38-2ae9f6ccbd7a.png","notFood":false,"drinks":false},{"name":"מסבחה-250 גרם","description":"","price":22,"vegan":true,"vegetarian":true,"image":"https://d25t2285lxl5rf.cloudfront.net/images/dishes/d8c1ffc2-4251-4e16-bca2-8943c121abd3.png","notFood":false,"drinks":false},{"name":"גרגירים-500 גרם","description":"","price":25,"vegan":true,"vegetarian":true,"image":"https://d25t2285lxl5rf.cloudfront.net/images/dishes/10c4d85e-a5b2-40fb-bc67-c546647b6207.png","notFood":false,"drinks":false},{"name":"טחינה-250 גרם","description":"","price":22,"vegan":true,"vegetarian":true,"image":"https://d25t2285lxl5rf.cloudfront.net/images/dishes/d288b559-19dc-4343-a36b-f29ea3e81792.png","notFood":false,"drinks":false},{"name":"מסבחה-500 גרם","description":"","price":32,"vegan":true,"vegetarian":true,"image":"https://d25t2285lxl5rf.cloudfront.net/images/dishes/44659a77-e8e7-44e5-b999-334554f4588a.png","notFood":false,"drinks":false},{"name":"פול-250 גרם","description":"","price":13,"vegan":true,"vegetarian":true,"image":"https://d25t2285lxl5rf.cloudfront.net/images/dishes/316b2137-36bc-4ff6-96d1-3bd551ac3447.png","notFood":false,"drinks":false},{"name":"פול-500 גרם","description":"","price":18,"vegan":true,"vegetarian":true,"image":"https://d25t2285lxl5rf.cloudfront.net/images/dishes/b557cc9e-1ced-46f6-9b4c-73a2538abcec.png","notFood":false,"drinks":false},{"name":"גרגירים-250 גרם","description":"","price":15,"vegan":true,"vegetarian":true,"image":"https://d25t2285lxl5rf.cloudfront.net/images/dishes/2107c760-390b-44c7-b499-28bd5de38529.png","notFood":false,"drinks":false},{"name":"טחינה-500 גרם","description":"","price":32,"vegan":true,"vegetarian":true,"image":"https://d25t2285lxl5rf.cloudfront.net/images/dishes/3219b9d1-51d2-4642-a39e-5858d7d5d47a.png","notFood":false,"drinks":false},{"name":"סלט ירקות קצוץ אישי","description":"","price":15,"vegan":true,"vegetarian":true,"image":"https://d25t2285lxl5rf.cloudfront.net/images/dishes/fa700d1b-cdb7-4053-a475-347157755a48.png","notFood":false,"drinks":false},{"name":"סלט ירקות קצוץ רגיל","description":"","price":25,"vegan":true,"vegetarian":true,"image":"https://d25t2285lxl5rf.cloudfront.net/images/dishes/00881abb-3f3f-42c0-bec1-860c708b9d38.png","notFood":false,"drinks":false},{"name":"ביצה","description":"","price":3,"vegan":false,"vegetarian":true,"image":"","notFood":false,"drinks":false},{"name":"פיתה","description":"","price":2,"vegan":true,"vegetarian":true,"image":"","notFood":false,"drinks":false},{"name":"מים מינרליים","description":"","price":9,"vegan":true,"vegetarian":true,"image":"","notFood":false,"drinks":true},{"name":"בירה שחורה","description":"","price":10,"vegan":true,"vegetarian":true,"image":"","notFood":false,"drinks":true},{"name":"קוקה קולה","description":"","price":9,"vegan":true,"vegetarian":true,"image":"","notFood":false,"drinks":true},{"name":"קולה זירו","description":"","price":9,"vegan":true,"vegetarian":true,"image":"","notFood":false,"drinks":true},{"name":"ספרייט","description":"","price":9,"vegan":true,"vegetarian":true,"image":"","notFood":false,"drinks":true},{"name":"אשכוליות","description":"","price":9,"vegan":true,"vegetarian":true,"image":"","notFood":false,"drinks":false},{"name":"פאנטה","description":"","price":9,"vegan":true,"vegetarian":true,"image":"","notFood":false,"drinks":false},{"name":"תפוזים","description":"","price":9,"vegan":true,"vegetarian":true,"image":"","notFood":false,"drinks":false},{"name":"דיאט ספרייט","description":"","price":9,"vegan":true,"vegetarian":true,"image":"","notFood":false,"drinks":true}]}