{"track_id":"169","filters":["salads","coffeeHouse","guestTray"],"image":"https://tenbis-static.azureedge.net/restaurant-default-card-image/CuzineType_defaultcuisine_01.jpg","address":"לינקולן, 13 תל אביב-יפו","location":[34.782285,32.0667769],"name":"יהודה הלוי סנדוויץ' בר","city":"בני ברק","priceAverage":60.7037037037037,"menu":[{"name":"מגש 32 יחידות חלבי ופרווה","description":"‫32 יחידות רבע בגט לבן או סובין במגוון מילויים לבחירה","price":290,"vegan":false,"vegetarian":true,"image":"","notFood":false,"drinks":false},{"name":"מגש 32 יחידות בשרי קר\n","description":"‫32 יחידות רבע בגט לבן או סובין, במגוון מילויים לבחירה. \nבתוספת עגבניה, מלפפון ועלי בייבי, ומריחה של מיונז פיקנטי ומיונז שום פסטו","price":290,"vegan":false,"vegetarian":false,"image":"","notFood":false,"drinks":false},{"name":"מגש 16 יחידות בשרי חם","description":"‫16 יחידות רבע בגט לבן או סובין במגוון מילויים לבחירה. בתוספת עגבניה, מלפפון ועלי בייבי,  ומריחה של מיונז פיקנטי ומיונז שום פסטו","price":336,"vegan":false,"vegetarian":false,"image":"","notFood":false,"drinks":false},{"name":"כריך רוסטביף חם","description":"בחרו סוג לחם, ממרחים וירקות בכריך","price":42,"vegan":true,"vegetarian":true,"image":"","notFood":false,"drinks":false},{"name":"כריך חזה עוף","description":"בחרו סוג לחם, ממרחים וירקות בכריך","price":42,"vegan":false,"vegetarian":false,"image":"","notFood":false,"drinks":false},{"name":"כריך פסטרמה על גחלים","description":"בחרו סוג לחם, ממרחים וירקות בכריך","price":37,"vegan":true,"vegetarian":true,"image":"","notFood":false,"drinks":false},{"name":"כריך כתף בקר","description":"בחרו סוג לחם, ממרחים וירקות בכריך","price":37,"vegan":false,"vegetarian":false,"image":"","notFood":false,"drinks":false},{"name":"כריך פיין סלמי","description":"בחרו סוג לחם, ממרחים וירקות בכריך\r\n\r\n","price":37,"vegan":true,"vegetarian":true,"image":"","notFood":false,"drinks":false},{"name":"כריך סלט טונה","description":"בחרו סוג לחם, ממרחים וירקות בכריך","price":36,"vegan":false,"vegetarian":false,"image":"","notFood":false,"drinks":false},{"name":"כריך סלט  אבוקדו","description":"בחרו סוג לחם, ממרחים וירקות בכריך","price":33,"vegan":true,"vegetarian":true,"image":"","notFood":false,"drinks":false},{"name":"כריך סלט ביצים","description":"בחרו סוג לחם, ממרחים וירקות בכריך","price":33,"vegan":false,"vegetarian":true,"image":"","notFood":false,"drinks":false},{"name":"כריך חביתה","description":"בחרו סוג לחם, ממרחים וירקות בכריך","price":33,"vegan":false,"vegetarian":true,"image":"","notFood":false,"drinks":false},{"name":"כריך מוצרלה 18%","description":"בחרו סוג לחם, ממרחים וירקות בכריך","price":33,"vegan":false,"vegetarian":true,"image":"","notFood":false,"drinks":false},{"name":"כריך צפתית 5%","description":"בחרו סוג לחם, ממרחים וירקות בכריך","price":33,"vegan":true,"vegetarian":true,"image":"","notFood":false,"drinks":false},{"name":"כריך בולגרית 5%","description":"בחרו סוג לחם, ממרחים וירקות בכריך","price":33,"vegan":false,"vegetarian":true,"image":"","notFood":false,"drinks":false},{"name":"כריך גבינה צהובה","description":"בחרו סוג לחם, ממרחים וירקות בכריך","price":36,"vegan":false,"vegetarian":true,"image":"","notFood":false,"drinks":false},{"name":"סלט רוסטביף חם","description":"לקט עלים, עגבניות שרי, מלפפון, גזר, כרוב לבן, כרוב אדום, רוסטביף חם","price":42,"vegan":true,"vegetarian":true,"image":"","notFood":false,"drinks":false},{"name":"סלט  עוף","description":"לקט עלים, עגבניות שרי, מלפפון, גזר, כרוב לבן, כרוב אדום, חזה עוף","price":42,"vegan":false,"vegetarian":false,"image":"","notFood":false,"drinks":false},{"name":"סלט טונה","description":"לקט עלים, עגבניות שרי, מלפפון, גזר, כרוב לבן, כרוב אדום, טונה","price":40,"vegan":false,"vegetarian":false,"image":"","notFood":false,"drinks":false},{"name":"סלט יווני עם גבינה בולגרית 5%","description":"לקט עלים, עגבניות שרי, מלפפון, גזר, כרוב לבן, כרוב אדום, גבינה בולגרית","price":40,"vegan":false,"vegetarian":true,"image":"","notFood":false,"drinks":false},{"name":"מים","description":"","price":12,"vegan":true,"vegetarian":true,"image":"","notFood":false,"drinks":false},{"name":"סודה","description":"","price":12,"vegan":true,"vegetarian":true,"image":"","notFood":false,"drinks":true},{"name":"קולה","description":"","price":14,"vegan":true,"vegetarian":true,"image":"","notFood":false,"drinks":true},{"name":"קולה זירו","description":"","price":14,"vegan":true,"vegetarian":true,"image":"","notFood":false,"drinks":true},{"name":"פאנטה","description":"","price":14,"vegan":true,"vegetarian":true,"image":"","notFood":false,"drinks":false},{"name":"ספריייט","description":"","price":14,"vegan":true,"vegetarian":true,"image":"","notFood":false,"drinks":false},{"name":"ספרייט זירו","description":"","price":14,"vegan":true,"vegetarian":true,"image":"","notFood":false,"drinks":true}]}