{"track_id":"17005","filters":["pizza","salads","pasta"],"image":"https://tenbis-static.azureedge.net/restaurant-card-image/ResCard_17005_20211214133102.jpg","address":"שדרות דגניה, 29 חיפה","location":[35.0580271,32.8296825],"name":"פיצה פדאל חיפה ","city":"קרית מוצקין","priceAverage":27.597560975609756,"menu":[{"name":"אישית רגילה","description":"מוגש עם רוטב עגבניות וגבינה","price":23,"vegan":false,"vegetarian":true,"image":"https://d25t2285lxl5rf.cloudfront.net/images/dishes/e5e3e99c-7def-47a1-85fe-dc058fb79ebd.jpg","notFood":false,"drinks":false},{"name":"רגילה ללא גלוטן","description":"מוגש עם רוטב עגבניות וגבינה","price":26,"vegan":false,"vegetarian":true,"image":"https://d25t2285lxl5rf.cloudfront.net/images/dishes/cc044aaa-61bb-4131-83e9-026b1c12a1c6.jpg","notFood":false,"drinks":false},{"name":"לשומרי משקל","description":"מוגש עם רוטב עגבניות, טונה, תירס וירקות לבחירה (ללא גבינה)","price":24,"vegan":false,"vegetarian":false,"image":"https://d25t2285lxl5rf.cloudfront.net/images/dishes/b1d68228-8f9b-46d5-9bf2-ecbfa98b7d57.jpg","notFood":false,"drinks":false},{"name":"אישית אביב","description":"מוגש עם טונה, תירס, בולגרית וזיתים","price":30,"vegan":false,"vegetarian":false,"image":"https://d25t2285lxl5rf.cloudfront.net/images/dishes/01cddd8c-b92c-431c-af72-ac17e4a0044d.jpg","notFood":false,"drinks":false},{"name":"אישית סביח","description":"מוגש עם חצילים, ביצה קשה, בצל מטוגן, עגבניות ובולגרית","price":30,"vegan":false,"vegetarian":true,"image":"https://d25t2285lxl5rf.cloudfront.net/images/dishes/af898232-9e6a-4511-ab7a-3098afa65a5d.jpg","notFood":false,"drinks":false},{"name":"אישית הכל בה","description":"מוגש עם זיתים, פטריות, טונה, עגבניה, פלפל ובצל","price":30,"vegan":false,"vegetarian":false,"image":"https://d25t2285lxl5rf.cloudfront.net/images/dishes/565b4d33-f933-40d0-8ae1-53b323d1c5f6.jpg","notFood":false,"drinks":false},{"name":"אישית ספרדית","description":"מוגש עם פלפל, טונה, וביצה קשה","price":30,"vegan":false,"vegetarian":false,"image":"https://d25t2285lxl5rf.cloudfront.net/images/dishes/e04ee779-1058-4576-9f2f-75984ceee067.jpg","notFood":false,"drinks":false},{"name":"אישית הבית","description":"מוגש עם בולגרית, זיתים, פטריות, טונה, תירס, שומשום ושמן זית","price":30,"vegan":false,"vegetarian":false,"image":"https://d25t2285lxl5rf.cloudfront.net/images/dishes/07893cf2-3cac-4d33-b95a-1d4175826bc4.jpg","notFood":false,"drinks":false},{"name":"אישית יוונית","description":"מוגש עם זיתים שחורים, בולגרית, עגבניה, פלפל ובצל","price":30,"vegan":false,"vegetarian":true,"image":"https://d25t2285lxl5rf.cloudfront.net/images/dishes/49b043ba-d36e-4830-abf5-df795c3a1b67.jpg","notFood":false,"drinks":false},{"name":"אישית ירקות","description":"מוגש עם עגבניות, פלפל, בצל וירקות לבחירה","price":30,"vegan":true,"vegetarian":true,"image":"https://d25t2285lxl5rf.cloudfront.net/images/dishes/e3bc7bbd-3d22-40af-ab19-5195bce3206b.jpg","notFood":false,"drinks":false},{"name":"אישית בלקנית","description":"מוגש עם חצילים, בולגרית, עגבניות וזיתים","price":30,"vegan":false,"vegetarian":true,"image":"https://d25t2285lxl5rf.cloudfront.net/images/dishes/743c25fd-a2d7-4179-94d3-675f566a1973.jpg","notFood":false,"drinks":false},{"name":"פיצה טבעונית","price":25,"vegan":true,"vegetarian":true,"notFood":false,"drinks":false},{"name":"משפחתית רגילה","description":"מוגש עם רוטב עגבניות, וגבינה","price":49,"vegan":false,"vegetarian":true,"image":"https://d25t2285lxl5rf.cloudfront.net/images/dishes/6e18e0d6-ac33-4f36-8cae-6b0e81ece143.jpg","notFood":false,"drinks":false},{"name":"משפחתית שומרי משקל","description":"מוגש עם רוטב עגבניות, טונה, תירס, וירקות לבחירה (ללא גבינה)","price":59,"vegan":false,"vegetarian":false,"image":"https://d25t2285lxl5rf.cloudfront.net/images/dishes/36539ba6-0682-4fd8-8326-f101e73dac7f.jpg","notFood":false,"drinks":false},{"name":"משפחתית אביב","description":"מוגש עם טונה, תירס, בולגרית, וזיתים","price":64,"vegan":false,"vegetarian":false,"image":"https://d25t2285lxl5rf.cloudfront.net/images/dishes/70f213e2-41c7-4062-ad60-8a0d0b71db6d.jpg","notFood":false,"drinks":false},{"name":"משפחתית סביח","description":"מוגש עם חצילים, ביצה קשה, בצל מטוגן, עגבניות ובולגרית","price":64,"vegan":false,"vegetarian":true,"image":"https://d25t2285lxl5rf.cloudfront.net/images/dishes/43161d16-5738-48e3-9c4b-923678dd6315.jpg","notFood":false,"drinks":false},{"name":"משפחתית הכל בה","description":"מוגש עם זיתים, פטריות, טונה, עגבניה, פלפל ובצל","price":64,"vegan":false,"vegetarian":false,"image":"https://d25t2285lxl5rf.cloudfront.net/images/dishes/f4adbf22-e16f-490b-a360-0b8c497634a5.jpg","notFood":false,"drinks":false},{"name":"משפחתית ספרדית","description":"מוגש עם פלפל, טונה וביצה קשה","price":64,"vegan":false,"vegetarian":false,"image":"https://d25t2285lxl5rf.cloudfront.net/images/dishes/b2d0518d-a6fe-4ba2-aa95-30bcb2b7a5cc.jpg","notFood":false,"drinks":false},{"name":"משפחתית הבית","description":"מוגש עם בולגרית, זיתים, פטריות, טונה, תירס, שומשום ושמן זית","price":64,"vegan":false,"vegetarian":false,"image":"https://d25t2285lxl5rf.cloudfront.net/images/dishes/0d52bdf6-d820-4276-86f1-849a2b2e5c10.jpg","notFood":false,"drinks":false},{"name":"משפחתית יוונית","description":"מוגש עם זיתים שחורים, בולגרית, עגבניה, פלפל ובצל","price":64,"vegan":false,"vegetarian":true,"image":"https://d25t2285lxl5rf.cloudfront.net/images/dishes/031cd8b4-3fdd-40f9-a746-190e704523f2.jpg","notFood":false,"drinks":false},{"name":"משפחתית ירקות","description":"מוגש עם עגבניות, פלפל, בצל וירקות לבחירה","price":59,"vegan":true,"vegetarian":true,"image":"https://d25t2285lxl5rf.cloudfront.net/images/dishes/6c97076e-67b4-4999-b531-bdd2c82fba9e.jpg","notFood":false,"drinks":false},{"name":"משפחתית בלקנית","description":"מוגש עם חצילים, בולגרית, עגבניות וזיתים","price":64,"vegan":false,"vegetarian":true,"image":"https://d25t2285lxl5rf.cloudfront.net/images/dishes/70a1ba13-ccf8-477d-8ce4-54b188951137.jpg","notFood":false,"drinks":false},{"name":"משפחתית טבעונית","price":57,"vegan":true,"vegetarian":true,"image":"https://d25t2285lxl5rf.cloudfront.net/images/dishes/930a3319-c8ee-4a8c-8805-d38d511442ab.jpg","notFood":false,"drinks":false},{"name":"סלט יווני אישי","description":"חסה, עגבניה, מלפפון, זיתים שחורים ובולגרית","price":30,"vegan":false,"vegetarian":true,"image":"https://d25t2285lxl5rf.cloudfront.net/images/dishes/ab7d161c-dd16-4891-b154-713960690b68.jpg","notFood":false,"drinks":false},{"name":"סלט יווני גדול","description":"חסה, עגבניה, מלפפון, זיתים שחורים ובולגרית","price":35,"vegan":false,"vegetarian":true,"image":"https://d25t2285lxl5rf.cloudfront.net/images/dishes/247d0202-b56e-4776-9b34-78669e0bce3a.jpg","notFood":false,"drinks":false},{"name":"מיני סלט יווני","description":"מוגש עם חסה, עגבניה, מלפפון, זיתים שחורים ובולגרית עם אפשרות לגבינה לבנה 5%","price":20,"vegan":false,"vegetarian":true,"image":"https://d25t2285lxl5rf.cloudfront.net/images/dishes/9ba37cc4-43d8-4baf-807f-c89c26368774.jpg","notFood":false,"drinks":false},{"name":"סלט טונה אישי","description":"חסה, עגבניה, מלפפון, טונה, ביצה קשה ותירס","price":30,"vegan":false,"vegetarian":false,"image":"https://d25t2285lxl5rf.cloudfront.net/images/dishes/ceb96e13-af5c-4f70-b273-37fd57b15ac5.jpg","notFood":false,"drinks":false},{"name":"סלט טונה גדול","description":"חסה, עגבניה, מלפפון, טונה, ביצה קשה ותירס","price":35,"vegan":false,"vegetarian":false,"image":"https://d25t2285lxl5rf.cloudfront.net/images/dishes/6656b6d6-d99d-4337-8d84-79010473a57c.jpg","notFood":false,"drinks":false},{"name":"הסלט של יוסי אישי","description":"תירס, בצל ופטריות מוקפצים על מצע של חסה עגבניה ומלפפון","price":30,"vegan":true,"vegetarian":true,"image":"https://d25t2285lxl5rf.cloudfront.net/images/dishes/2eb4e622-f815-4e25-ac9c-887547509517.jpg","notFood":false,"drinks":false},{"name":"הסלט של יוסי גדול","description":"תירס, בצל ופטריות מוקפצים על מצע של חסה עגבניה ומלפפון","price":35,"vegan":true,"vegetarian":true,"image":"https://d25t2285lxl5rf.cloudfront.net/images/dishes/494152c8-58a8-489e-b047-23a985a15742.jpg","notFood":false,"drinks":false},{"name":"3 אצבעות שום","price":10,"vegan":true,"vegetarian":true,"image":"https://d25t2285lxl5rf.cloudfront.net/images/dishes/2dd0f0c9-a45c-43b9-b67d-6ec26bb5ba18.jpg","notFood":false,"drinks":false},{"name":"רביולי","description":"מוגש עם רוטב לבחירה","price":38,"vegan":true,"vegetarian":true,"image":"https://d25t2285lxl5rf.cloudfront.net/images/dishes/91b8bd6a-369d-4d8f-8e8e-c60ca4de1602.jpg","notFood":false,"drinks":false},{"name":"ספגטי","description":"מוגש עם רוטב לבחירה","price":33,"vegan":true,"vegetarian":true,"image":"https://d25t2285lxl5rf.cloudfront.net/images/dishes/bfe9ce68-f8f5-4360-b593-08078c55f433.jpg","notFood":false,"drinks":false},{"name":"מלאווח רגיל","description":"מוגש עם ביצה קשה, רסק עגבניות וסחוג","price":18,"vegan":false,"vegetarian":true,"image":"https://d25t2285lxl5rf.cloudfront.net/images/dishes/70459d70-3f96-438a-8aad-e03d7676fc5a.jpg","notFood":false,"drinks":false},{"name":"מלאווח עם גבינה צהובה","description":"מוגש עם ביצה קשה, רסק עגבניות וסחוג","price":25,"vegan":false,"vegetarian":true,"image":"https://d25t2285lxl5rf.cloudfront.net/images/dishes/2d7649d9-ee08-4984-a9ac-75ad2164ffbd.jpg","notFood":false,"drinks":false},{"name":"מלאווח עם בולגרית","description":"מוגש עם ביצה קשה, רסק עגבניות וסחוג","price":25,"vegan":false,"vegetarian":true,"image":"https://d25t2285lxl5rf.cloudfront.net/images/dishes/f9229ac4-c181-4845-9fb8-1f720942d2b7.jpg","notFood":false,"drinks":false},{"name":"מלוואח עם גבינה צהובה ובולגרית","description":"מוגש עם ביצה קשה, רסק עגבניות וסחוג","price":25,"vegan":false,"vegetarian":true,"image":"https://d25t2285lxl5rf.cloudfront.net/images/dishes/1bf4c052-3510-45dd-acc5-022aad3df11e.jpg","notFood":false,"drinks":false},{"name":"מלוואח פיצה","description":"מוגש עם ביצה קשה, רסק עגבניות סחוג ותוספות לבחירה","price":25,"vegan":false,"vegetarian":true,"image":"https://d25t2285lxl5rf.cloudfront.net/images/dishes/832363ee-5699-49f8-9cb6-5ecb8cef8f62.jpg","notFood":false,"drinks":false},{"name":"מלאווח של יעל","description":"מוגש עם ביצה קשה, רסק עגבניות וסחוג","price":27,"vegan":false,"vegetarian":true,"image":"https://d25t2285lxl5rf.cloudfront.net/images/dishes/36be6fea-2f42-44e0-8abf-aeba7e7ea20a.jpg","notFood":false,"drinks":false},{"name":"ג'חנון","price":18,"vegan":true,"vegetarian":true,"notFood":false,"drinks":false},{"name":"זיווה צהובה","description":"מוגש עם ביצה קשה, רסק עגבניות וסחוג","price":28,"vegan":false,"vegetarian":true,"image":"https://d25t2285lxl5rf.cloudfront.net/images/dishes/ceb88f62-2061-4ad0-b020-fd13f8dabb50.jpg","notFood":false,"drinks":false},{"name":"זיווה בולגרית","description":"מוגש עם ביצה קשה, רסק עגבניות וסחוג","price":28,"vegan":false,"vegetarian":true,"image":"https://d25t2285lxl5rf.cloudfront.net/images/dishes/a350671c-14d1-4c5a-9343-2a8e3294e576.jpg","notFood":false,"drinks":false},{"name":"זיווה צהובה ובולגרית","description":"מוגש עם ביצה קשה, רסק עגבניות וסחוג","price":28,"vegan":false,"vegetarian":true,"image":"https://d25t2285lxl5rf.cloudfront.net/images/dishes/d54c23cc-7902-49db-a46f-2e5cb396ab96.jpg","notFood":false,"drinks":false},{"name":"זיווה פיצה","description":"מוגש עם ביצה קשה, רסק עגבניות וסחוג","price":28,"vegan":false,"vegetarian":true,"image":"https://d25t2285lxl5rf.cloudfront.net/images/dishes/ca9e84df-cb2a-4966-b3fa-7972c28268d1.jpg","notFood":false,"drinks":false},{"name":"מגולגל צהובה","description":"מוגש עם ביצה קשה, רסק עגבניות וסחוג","price":28,"vegan":false,"vegetarian":true,"image":"https://d25t2285lxl5rf.cloudfront.net/images/dishes/3507ab7d-bd31-4bc6-9343-27871e8b6946.jpg","notFood":false,"drinks":false},{"name":"מגולגל בולגרית","description":"מוגש עם ביצה קשה, רסק עגבניות וסחוג","price":28,"vegan":false,"vegetarian":true,"image":"https://d25t2285lxl5rf.cloudfront.net/images/dishes/bc36af4b-7511-49a2-850f-d914c945bad5.jpg","notFood":false,"drinks":false},{"name":"מגולגל צהובה ובולגרית","description":"מוגש עם ביצה קשה, רסק עגבניות וסחוג","price":28,"vegan":false,"vegetarian":true,"image":"https://d25t2285lxl5rf.cloudfront.net/images/dishes/2d346f7e-a9b4-422a-8bf5-5b66ef00d1dd.jpg","notFood":false,"drinks":false},{"name":"מגולגל פיצה","description":"מוגש עם ביצה קשה, רסק עגבניות וסחוג","price":28,"vegan":false,"vegetarian":true,"image":"https://d25t2285lxl5rf.cloudfront.net/images/dishes/3cfdb6c6-1f14-4c8a-ab93-d75b86df7800.jpg","notFood":false,"drinks":false},{"name":"סמבוסק פיצה אישית","description":"מוגש עם תוספות לבחירה","price":19,"vegan":false,"vegetarian":true,"image":"https://d25t2285lxl5rf.cloudfront.net/images/dishes/7bfdbb78-bd24-49dd-b141-4ff07f4d45ca.jpg","notFood":false,"drinks":false},{"name":"סמבוסק פיצה משפחתית","description":"8 משולשים","price":87,"vegan":false,"vegetarian":true,"image":"https://d25t2285lxl5rf.cloudfront.net/images/dishes/846c6200-c9c2-48e8-8d6b-1154c24df306.jpg","notFood":false,"drinks":false},{"name":"טוסט בגבטה","description":"מוגש עם גבינה צהובה, גבינה בולגרית, עגבניות, פלפל, וזיתים, מוגש עם רוטב לבחירה","price":33,"vegan":false,"vegetarian":true,"image":"https://d25t2285lxl5rf.cloudfront.net/images/dishes/a1c4bb37-5a3e-464a-a14f-ca9695deae3f.jpg","notFood":false,"drinks":false},{"name":"סביח","description":"מוגש עם חסה, עגבניה, מלפפון, חצילים, טונה וביצה קשה","price":30,"vegan":false,"vegetarian":false,"image":"https://d25t2285lxl5rf.cloudfront.net/images/dishes/444c8ef4-a4d5-441c-8c86-b915df8ab9fe.jpg","notFood":false,"drinks":false},{"name":"אומלט עם גבינה צהובה","description":"מוגש עם חסה, מלפפון ועגבניה","price":30,"vegan":false,"vegetarian":true,"image":"https://d25t2285lxl5rf.cloudfront.net/images/dishes/75108c1e-10c5-422b-9fcb-73214f68281d.jpg","notFood":false,"drinks":false},{"name":"חביתה ירק","description":"מוגש עם חסה, מלפפון ועגבניה","price":30,"vegan":false,"vegetarian":true,"image":"https://d25t2285lxl5rf.cloudfront.net/images/dishes/0d0e403b-9e8a-484c-9ef8-587c1b9a820b.jpg","notFood":false,"drinks":false},{"name":"יווני","description":"מוגש עם חסה, מלפפון, עגבניה, זיתים שחורים ובולגרית","price":30,"vegan":false,"vegetarian":true,"image":"https://d25t2285lxl5rf.cloudfront.net/images/dishes/cb3d81ed-f75e-4ce1-a76b-be0346c1c73c.jpg","notFood":false,"drinks":false},{"name":"זיווה שוקולד","price":15,"vegan":false,"vegetarian":true,"image":"https://d25t2285lxl5rf.cloudfront.net/images/dishes/d0e92c04-29b9-433e-b888-4503a3b99aa7.jpg","notFood":false,"drinks":false},{"name":"ארבע כדורי שוקולד","price":10,"vegan":false,"vegetarian":true,"image":"https://d25t2285lxl5rf.cloudfront.net/images/dishes/654dd55f-1516-4858-a39e-8530a45a19a0.jpg","notFood":false,"drinks":false},{"name":"טרימסו בסקויטים","price":10,"vegan":true,"vegetarian":true,"image":"https://d25t2285lxl5rf.cloudfront.net/images/dishes/80cce796-dd43-4903-bc4f-ef1e70232048.jpg","notFood":false,"drinks":false},{"name":"פחית קוקה קולה","price":10,"vegan":true,"vegetarian":true,"notFood":false,"drinks":true},{"name":"פחית זירו קוקה קולה","price":10,"vegan":true,"vegetarian":true,"notFood":false,"drinks":true},{"name":"פחית ספרייט","price":10,"vegan":true,"vegetarian":true,"notFood":false,"drinks":true},{"name":"פחית ספרייט זירו","price":10,"vegan":true,"vegetarian":true,"notFood":false,"drinks":true},{"name":"פחית פאנטה","price":10,"vegan":true,"vegetarian":true,"notFood":false,"drinks":false},{"name":"בקבוק 0.5 ליטר קוקה קולה","price":10,"vegan":true,"vegetarian":true,"notFood":false,"drinks":true},{"name":"בקבוק 0.5 ליטר קולה זירו","price":10,"vegan":true,"vegetarian":true,"notFood":false,"drinks":true},{"name":"בקבוק 0.5 ליטר נסטי אפרסק","price":10,"vegan":true,"vegetarian":true,"notFood":false,"drinks":true},{"name":"בקבוק 0.5 ליטר מים ענבים","price":10,"vegan":true,"vegetarian":true,"notFood":false,"drinks":true},{"name":"בקבוק 0.5 ליטר מים אפרסק","price":10,"vegan":true,"vegetarian":true,"notFood":false,"drinks":true},{"name":"בקבוק 0.5 ליטר מים תפוחים","price":10,"vegan":true,"vegetarian":true,"notFood":false,"drinks":true},{"name":"בקבוק פריגת תפוזים","price":10,"vegan":true,"vegetarian":true,"notFood":false,"drinks":true},{"name":"בקבוק פריגת לימונדה","price":10,"vegan":true,"vegetarian":true,"notFood":false,"drinks":true},{"name":"בקבוק פריגת ענבים","price":10,"vegan":true,"vegetarian":true,"notFood":false,"drinks":true},{"name":"בקבוק פריגת אשכוליות","price":10,"vegan":true,"vegetarian":true,"notFood":false,"drinks":true},{"name":"בקבוק סודה","price":7,"vegan":true,"vegetarian":true,"notFood":false,"drinks":true},{"name":"בקבוק מים מינרליים","price":7,"vegan":true,"vegetarian":true,"notFood":false,"drinks":true},{"name":"בקבוק 1.5 ליטר קוקה קולה","price":16,"vegan":true,"vegetarian":true,"notFood":false,"drinks":true},{"name":"בקבוק 1.5 ליטר זירו קוקה קולה","price":16,"vegan":true,"vegetarian":true,"notFood":false,"drinks":true},{"name":"בקבוק 1.5 ליטר ספרייט זירו","price":16,"vegan":true,"vegetarian":true,"notFood":false,"drinks":true},{"name":"בקבוק 1.5 ליטר תפוזים","price":16,"vegan":true,"vegetarian":true,"notFood":false,"drinks":true},{"name":"בקבוק 1.5 ליטר נסטי אפרסק","price":16,"vegan":true,"vegetarian":true,"notFood":false,"drinks":true},{"name":"בקבוק 1.5 ליטר ספרייט זירו","price":16,"vegan":true,"vegetarian":true,"notFood":false,"drinks":true},{"name":"בקבוק 1.5 ליטר ענבים","price":16,"vegan":true,"vegetarian":true,"notFood":false,"drinks":true}]}