{"track_id":"17049","filters":["convenienceStore"],"image":"https://tenbis-static.azureedge.net/restaurant-default-card-image/CuzineType_conveniencestore_04.jpg","address":"משכית, 22 הרצליה","location":[34.8105285,32.1638207],"name":"מגדל הממתקים","city":"הרצליה - רמת השרון","priceAverage":11.713888888888889,"menu":[{"name":"חלב 3","description":"חלב 1 ליטר 3%","price":5.95,"vegan":false,"vegetarian":true,"image":"https://d25t2285lxl5rf.cloudfront.net/images/dishes/de0c119f-f047-47d2-8a51-21d2e3dad899.png","notFood":false,"drinks":false},{"name":"חלב ליטר1 אחוז","description":"חלב תנובה 1%","price":4.85,"vegan":false,"vegetarian":true,"image":"","notFood":false,"drinks":false},{"name":"גבינה לבנה 5%","description":"גבינה לבנה 5% 250 גר","price":4.8,"vegan":false,"vegetarian":true,"image":"","notFood":false,"drinks":false},{"name":"גבינה לבנה 3%","description":"גבינה לבנה 3% תנובה ","price":4.75,"vegan":false,"vegetarian":true,"image":"","notFood":false,"drinks":false},{"name":"חלב סוויה רגיל","description":"חלב סוויה רגיל ","price":11.9,"vegan":false,"vegetarian":true,"image":"","notFood":false,"drinks":false},{"name":"מעדני GO","description":"","price":6.5,"vegan":true,"vegetarian":true,"image":"","notFood":false,"drinks":false},{"name":"חלב שקדים","description":"","price":14.9,"vegan":true,"vegetarian":true,"image":"","notFood":false,"drinks":false},{"name":"חלב יוטבת 3% בקבוק","description":"","price":7.5,"vegan":false,"vegetarian":true,"image":"","notFood":false,"drinks":true},{"name":"קולה קולה 1.5 ליטר","description":"","price":10,"vegan":true,"vegetarian":true,"image":"","notFood":false,"drinks":true},{"name":"דיאט קולה 1.5 ליטר","description":"בקבוק דיאט קולה 1.5 ליטר ","price":10,"vegan":true,"vegetarian":true,"image":"","notFood":false,"drinks":true},{"name":"קולה זירו 1.5 ליטר","description":"","price":10,"vegan":true,"vegetarian":true,"image":"","notFood":false,"drinks":true},{"name":"ספרייט 1.5 ליטר","description":"","price":10,"vegan":true,"vegetarian":true,"image":"","notFood":false,"drinks":true},{"name":"ספרייט זירו 1.5 ליטר","description":"","price":10,"vegan":true,"vegetarian":true,"image":"","notFood":false,"drinks":true},{"name":"סודה קנלי רגיל 1.5 ליטר","description":"","price":8,"vegan":true,"vegetarian":true,"image":"","notFood":false,"drinks":true},{"name":"פיוז טי 1.5  ליטר","description":"","price":12,"vegan":true,"vegetarian":true,"image":"","notFood":false,"drinks":false},{"name":"במבה אסם גדולה","description":"במבה ","price":6,"vegan":true,"vegetarian":true,"image":"https://d25t2285lxl5rf.cloudfront.net/images/dishes/3157a067-56de-46af-8ed4-ea0bc242ab8b.jpg","notFood":false,"drinks":false},{"name":"במבה ביגלה מלוח גדול","description":"","price":12,"vegan":true,"vegetarian":true,"image":"https://d25t2285lxl5rf.cloudfront.net/images/dishes/828f66ef-2ce9-4fad-8c4f-7051efb3a6c6.jpg","notFood":false,"drinks":false},{"name":"ביסלי גריל גדול","description":"ביסלי גריל גדול 200 גר ","price":10.9,"vegan":true,"vegetarian":true,"image":"","notFood":false,"drinks":false},{"name":"ביסלי ברביקיו גדול","description":"ביסלי ברביקיו גדול 200 גר","price":10.9,"vegan":true,"vegetarian":true,"image":"","notFood":false,"drinks":false},{"name":"ביסלי בצל גדול","description":"","price":11,"vegan":true,"vegetarian":true,"image":"","notFood":false,"drinks":false},{"name":"ביסלי פיצה גדול","description":"","price":11,"vegan":false,"vegetarian":true,"image":"","notFood":false,"drinks":false},{"name":"ביסלי גריל קטן","description":"","price":7,"vegan":true,"vegetarian":true,"image":"","notFood":false,"drinks":false},{"name":"ביסלי ברביקיו קטן","description":"","price":7,"vegan":true,"vegetarian":true,"image":"","notFood":false,"drinks":false},{"name":"אפרופו קטן","description":"","price":7,"vegan":true,"vegetarian":true,"image":"","notFood":false,"drinks":false},{"name":"אפרופו גדול","description":"","price":10,"vegan":true,"vegetarian":true,"image":"","notFood":false,"drinks":false},{"name":"דובונים","description":"","price":7,"vegan":true,"vegetarian":true,"image":"","notFood":false,"drinks":false},{"name":"נס קפה קטן עלית","description":"נס קפה קטן עלית  50 גר ","price":10.9,"vegan":true,"vegetarian":true,"image":"https://d25t2285lxl5rf.cloudfront.net/images/dishes/abbb41f0-b975-4fb8-b24c-fe09321c8f42.jpg","notFood":false,"drinks":false},{"name":"טסטר צ'ויס אדום קפה נמס","description":"","price":37,"vegan":true,"vegetarian":true,"image":"https://d25t2285lxl5rf.cloudfront.net/images/dishes/fe582c56-8a5e-454e-8f8c-90e1d980c93c.jpg","notFood":false,"drinks":false},{"name":"קפה שחור 85 גר","description":"","price":8.9,"vegan":true,"vegetarian":true,"image":"","notFood":false,"drinks":false},{"name":"סוכר סוגת 1 קג","description":"","price":6,"vegan":true,"vegetarian":true,"image":"","notFood":false,"drinks":false},{"name":"תה ויסוצקי קלאסי 100 יח","description":"","price":23,"vegan":true,"vegetarian":true,"image":"","notFood":false,"drinks":false},{"name":"תה ירוק גרין בטעמים לפי בחירה","description":"נא לרשום את הטעם","price":27,"vegan":true,"vegetarian":true,"image":"","notFood":false,"drinks":false},{"name":"קפה נמס עלית גדול","description":"","price":27,"vegan":true,"vegetarian":true,"image":"","notFood":false,"drinks":false},{"name":"קפסולות קפה עלית 06-15","description":"","price":19,"vegan":true,"vegetarian":true,"image":"","notFood":false,"drinks":false},{"name":"קפסולות של סטארבקס","description":"","price":25,"vegan":true,"vegetarian":true,"image":"","notFood":false,"drinks":false},{"name":"סוכרזית כדורים","description":"","price":18,"vegan":true,"vegetarian":true,"image":"","notFood":false,"drinks":false},{"name":"בחירה מוצרים","description":"","price":20,"vegan":true,"vegetarian":true,"image":"","notFood":false,"drinks":false},{"name":"גלידה משפחתית 500 גר","description":"","price":25,"vegan":true,"vegetarian":true,"image":"","notFood":false,"drinks":false},{"name":"מבצע 2 משפחתיות","description":"","price":40,"vegan":true,"vegetarian":true,"image":"","notFood":false,"drinks":false},{"name":"פריכיות אורז","description":"","price":9.9,"vegan":true,"vegetarian":true,"image":"","notFood":false,"drinks":false},{"name":"קונפלקס 750 גר","description":"","price":21.9,"vegan":true,"vegetarian":true,"image":"","notFood":false,"drinks":false},{"name":"סניקרס","description":"","price":6,"vegan":true,"vegetarian":true,"image":"","notFood":false,"drinks":false},{"name":"מרס","description":"","price":6,"vegan":true,"vegetarian":true,"image":"","notFood":false,"drinks":false},{"name":"באונטי","description":"","price":6,"vegan":true,"vegetarian":true,"image":"","notFood":false,"drinks":false},{"name":"באונטי קוקוס","description":"","price":6,"vegan":true,"vegetarian":true,"image":"","notFood":false,"drinks":false},{"name":"טויקס","description":"","price":6,"vegan":true,"vegetarian":true,"image":"","notFood":false,"drinks":false},{"name":"קינדר בואנו","description":"","price":7,"vegan":true,"vegetarian":true,"image":"","notFood":false,"drinks":false},{"name":"קינדר בואנו לבן","description":"","price":7,"vegan":true,"vegetarian":true,"image":"","notFood":false,"drinks":false},{"name":"קינדר בואנו מריר","description":"","price":7,"vegan":true,"vegetarian":true,"image":"","notFood":false,"drinks":false},{"name":"פסק זמן","description":"","price":7,"vegan":true,"vegetarian":true,"image":"","notFood":false,"drinks":false},{"name":"כיף כף","description":"","price":6,"vegan":true,"vegetarian":true,"image":"","notFood":false,"drinks":false},{"name":"טורטית","description":"","price":6,"vegan":true,"vegetarian":true,"image":"","notFood":false,"drinks":false},{"name":"טוויסט","description":"","price":6,"vegan":true,"vegetarian":true,"image":"","notFood":false,"drinks":false},{"name":"שוקולד תות פרה אישי","description":"","price":7,"vegan":false,"vegetarian":true,"image":"","notFood":false,"drinks":false}]}