{"track_id":"17133","filters":["pizza","pasta","salads"],"image":"https://tenbis-static.azureedge.net/restaurant-card-image/ResCard_17133_20210103161651.jpg","address":"שדרות גולדה מאיר, 255 ירושלים","location":[35.1944093,31.8177725],"name":"מאי פיצה שדרות גולדה מאיר קניון רמות","city":"ירושלים","priceAverage":23.641025641025642,"menu":[{"name":"סלט קטן","description":"המנה מוגשת בליווי מקלות לחם ","price":36,"vegan":true,"vegetarian":true,"image":"https://d25t2285lxl5rf.cloudfront.net/images/dishes/885807.jpg","notFood":false,"drinks":false},{"name":"מגש אישי","description":"","price":26,"vegan":true,"vegetarian":true,"image":"https://d25t2285lxl5rf.cloudfront.net/images/dishes/1843713.jpg","notFood":false,"drinks":false},{"name":"סלט גדול","description":"המנה מוגשת בליווי מקלות לחם","price":44,"vegan":true,"vegetarian":true,"image":"https://d25t2285lxl5rf.cloudfront.net/images/dishes/885806.jpg","notFood":false,"drinks":false},{"name":"הום פרייז","description":"","price":38,"vegan":true,"vegetarian":true,"image":"https://d25t2285lxl5rf.cloudfront.net/images/dishes/1857522.jpg","notFood":false,"drinks":false},{"name":"ציפס","description":"","price":15,"vegan":true,"vegetarian":true,"image":"https://d25t2285lxl5rf.cloudfront.net/images/dishes/885855.jpg","notFood":false,"drinks":false},{"name":"מלוואח פיצה","description":"","price":22,"vegan":false,"vegetarian":true,"image":"","notFood":false,"drinks":false},{"name":"מאפה מלוואח","description":"","price":22,"vegan":true,"vegetarian":true,"image":"","notFood":false,"drinks":false},{"name":"לחם שום","description":"","price":6,"vegan":true,"vegetarian":true,"image":"","notFood":false,"drinks":false},{"name":"לחם זעתר","description":"","price":6,"vegan":true,"vegetarian":true,"image":"","notFood":false,"drinks":false},{"name":"ביגל רגיל","description":"","price":8,"vegan":true,"vegetarian":true,"image":"","notFood":false,"drinks":false},{"name":"בייגל כפרי","description":"","price":8,"vegan":true,"vegetarian":true,"image":"","notFood":false,"drinks":false},{"name":"סלט גדול","description":"המנה מוגשת בליווי מקלות לחם","price":44,"vegan":true,"vegetarian":true,"image":"https://d25t2285lxl5rf.cloudfront.net/images/dishes/885806.jpg","notFood":false,"drinks":false},{"name":"סלט קטן","description":"המנה מוגשת בליווי מקלות לחם ","price":36,"vegan":true,"vegetarian":true,"image":"https://d25t2285lxl5rf.cloudfront.net/images/dishes/885807.jpg","notFood":false,"drinks":false},{"name":"טוסט בהרכבה אישית","description":"מוגש בליווי סלט אישי","price":28,"vegan":true,"vegetarian":true,"image":"https://d25t2285lxl5rf.cloudfront.net/images/dishes/885858.jpg","notFood":false,"drinks":false},{"name":"מגש פיצה גדול","description":"8 משולשים במגש","price":59,"vegan":false,"vegetarian":true,"image":"https://d25t2285lxl5rf.cloudfront.net/images/dishes/885803.jpg","notFood":false,"drinks":false},{"name":"מגש פיצה מישפחתי","description":"6 משולשים במגש","price":49,"vegan":false,"vegetarian":true,"image":"https://d25t2285lxl5rf.cloudfront.net/images/dishes/885805.jpg","notFood":false,"drinks":false},{"name":"מגש אישי","description":"","price":26,"vegan":true,"vegetarian":true,"image":"https://d25t2285lxl5rf.cloudfront.net/images/dishes/1843713.jpg","notFood":false,"drinks":false},{"name":"פיצה שמנת פטריות","description":"","price":69,"vegan":false,"vegetarian":true,"image":"https://d25t2285lxl5rf.cloudfront.net/images/dishes/1843720.jpg","notFood":false,"drinks":false},{"name":"משולש פיצה","description":"","price":10,"vegan":false,"vegetarian":true,"image":"","notFood":false,"drinks":false},{"name":"פיצת שום","description":"","price":39,"vegan":true,"vegetarian":true,"image":"","notFood":false,"drinks":false},{"name":"פסטה ברוטב שמנת עגבניות","description":"מוגש בליווי סלט אישי","price":38,"vegan":false,"vegetarian":true,"image":"https://d25t2285lxl5rf.cloudfront.net/images/dishes/886019.jpg","notFood":false,"drinks":false},{"name":"פסטה ברוטב שמנת פטריות","description":"מוגש בליווי סלט אישי ","price":38,"vegan":false,"vegetarian":true,"image":"https://d25t2285lxl5rf.cloudfront.net/images/dishes/886020.jpg","notFood":false,"drinks":false},{"name":"פסטה ברוטב שמנת בטטה","description":"מוגש בליווי סלט אישי","price":38,"vegan":false,"vegetarian":true,"image":"https://d25t2285lxl5rf.cloudfront.net/images/dishes/886079.jpg","notFood":false,"drinks":false},{"name":"תפוח אדמה מוקרם","description":"","price":39,"vegan":true,"vegetarian":true,"image":"https://d25t2285lxl5rf.cloudfront.net/images/dishes/1857523.jpg","notFood":false,"drinks":false},{"name":"קרפ צרפתי","description":"","price":25,"vegan":true,"vegetarian":true,"image":"","notFood":false,"drinks":false},{"name":"פיצה שוקולד מפנקת","description":"","price":35,"vegan":false,"vegetarian":true,"image":"","notFood":false,"drinks":false},{"name":"קוקה קולה בקבוק אישי","description":"","price":9,"vegan":true,"vegetarian":true,"image":"","notFood":false,"drinks":true},{"name":"דיאט קולה בקבוק אישי","description":"","price":9,"vegan":true,"vegetarian":true,"image":"","notFood":false,"drinks":true},{"name":"קולה זירו בקבוק אישי","description":"","price":9,"vegan":true,"vegetarian":true,"image":"","notFood":false,"drinks":true},{"name":"מים מינרלים","description":"","price":8,"vegan":true,"vegetarian":true,"image":"","notFood":false,"drinks":false},{"name":"מים בטעם אפרסק אישי","description":"","price":9,"vegan":true,"vegetarian":true,"image":"","notFood":false,"drinks":false},{"name":"מים בטעם ענבים אישי","description":"","price":9,"vegan":true,"vegetarian":true,"image":"","notFood":false,"drinks":true},{"name":"מים בטעם תפוח אישי","description":"","price":9,"vegan":true,"vegetarian":true,"image":"","notFood":false,"drinks":false},{"name":"קוקה קולה 1.5 ליטר","description":"","price":14,"vegan":true,"vegetarian":true,"image":"","notFood":false,"drinks":true},{"name":"קוקה קולה זירו 1.5 ליטר","description":"","price":14,"vegan":true,"vegetarian":true,"image":"","notFood":false,"drinks":true},{"name":"פחית קולה","description":"","price":7,"vegan":true,"vegetarian":true,"image":"","notFood":false,"drinks":true},{"name":"פחית קולה זירו","description":"","price":7,"vegan":true,"vegetarian":true,"image":"","notFood":false,"drinks":true},{"name":"פחית ספריט","description":"","price":7,"vegan":true,"vegetarian":true,"image":"","notFood":false,"drinks":false},{"name":"פחית ספריט זירו","description":"","price":7,"vegan":true,"vegetarian":true,"image":"","notFood":false,"drinks":false}]}