{"track_id":"17158","filters":["veganFood","falafel"],"image":"https://tenbis-static.azureedge.net/restaurant-default-card-image/CuzineType_falafel_02.jpg","address":"התמר, 1 יוקנעם עילית","location":[35.1057227,32.6610222],"name":"פלאפל נטו שווארמה","city":"יוקנעם","priceAverage":35.75409836065574,"menu":[{"name":"פלאפל בפיתה + ציפס + שתיה","description":"","price":35,"vegan":true,"vegetarian":true,"image":"","notFood":false,"drinks":false},{"name":"פלאפל בלאפה + ציפס + שתיה","description":"","price":45,"vegan":true,"vegetarian":true,"image":"","notFood":false,"drinks":false},{"name":"פלאפל בבגט + ציפס + שתיה","description":"","price":45,"vegan":true,"vegetarian":true,"image":"","notFood":false,"drinks":false},{"name":"שווארמה בפיתה + ציפס + שתיה","description":"","price":55,"vegan":false,"vegetarian":false,"image":"","notFood":false,"drinks":false},{"name":"שווארמה בלאפה + ציפס + שתיה","description":"","price":60,"vegan":false,"vegetarian":false,"image":"","notFood":false,"drinks":false},{"name":"שווארמה בבגט + ציפס + שתיה","description":"","price":60,"vegan":false,"vegetarian":false,"image":"","notFood":false,"drinks":false},{"name":"שניצל בפיתה + ציפס + שתיה","description":"","price":50,"vegan":false,"vegetarian":false,"image":"","notFood":false,"drinks":false},{"name":"שניצל בלאפה + ציפס + שתיה","description":"","price":55,"vegan":false,"vegetarian":false,"image":"","notFood":false,"drinks":false},{"name":"שניצל בבגט + ציפס + שתיה","description":"","price":55,"vegan":false,"vegetarian":false,"image":"","notFood":false,"drinks":false},{"name":"חזה עוף בפיתה + ציפס + שתיה","description":"","price":50,"vegan":false,"vegetarian":false,"image":"","notFood":false,"drinks":false},{"name":"חזה עוף בלאפה + ציפס + שתיה","description":"","price":55,"vegan":false,"vegetarian":false,"image":"","notFood":false,"drinks":false},{"name":"חזה עוף בבגט + ציפס + שתיה","description":"","price":55,"vegan":false,"vegetarian":false,"image":"","notFood":false,"drinks":false},{"name":"פרגית בפיתה + ציפס + שתיה","description":"","price":50,"vegan":false,"vegetarian":false,"image":"","notFood":false,"drinks":false},{"name":"פרגיות בלאפה + ציפס + שתיה","description":"","price":55,"vegan":false,"vegetarian":false,"image":"","notFood":false,"drinks":false},{"name":"פרגית בבגט + ציפס + שתיה","description":"","price":55,"vegan":false,"vegetarian":false,"image":"","notFood":false,"drinks":false},{"name":"המבורגר אנטריקוט","description":"\r\nהמבורגר אנטריקוט איכותי מוגש בלחמנייית המבורגר, חסה, עגבניה, בצל ומלפפון\r\nחמוץ + ציפס אישי\r\n160 גרם","price":40,"vegan":false,"vegetarian":false,"image":"","notFood":false,"drinks":false},{"name":"קריספי ציקן","description":"קריספי ציקן - שניצל קריספי מוגש בלחמנייה עם חסה, עגבנייה, בצל ומלפפון חמוץ\r\n+ ציפס אישי","price":40,"vegan":false,"vegetarian":false,"image":"","notFood":false,"drinks":false},{"name":"שניצלונים וציפס","description":"","price":40,"vegan":false,"vegetarian":false,"image":"","notFood":false,"drinks":false},{"name":"סלט בהרכבה אישית","description":"","price":48,"vegan":true,"vegetarian":true,"image":"","notFood":false,"drinks":false},{"name":"שווארמה בפיתה","description":"","price":40,"vegan":false,"vegetarian":false,"image":"","notFood":false,"drinks":false},{"name":"פלאפל בפיתה","description":"","price":20,"vegan":true,"vegetarian":true,"image":"","notFood":false,"drinks":false},{"name":"שניצל בפיתה","description":"","price":35,"vegan":false,"vegetarian":false,"image":"","notFood":false,"drinks":false},{"name":"חזה עוף בפיתה","description":"","price":35,"vegan":false,"vegetarian":false,"image":"","notFood":false,"drinks":false},{"name":"פרגית בפיתה","description":"","price":35,"vegan":false,"vegetarian":false,"image":"","notFood":false,"drinks":false},{"name":"שווארמה בלאפה","description":"","price":45,"vegan":false,"vegetarian":false,"image":"","notFood":false,"drinks":false},{"name":"פלאפל בלאפה","description":"","price":28,"vegan":true,"vegetarian":true,"image":"","notFood":false,"drinks":false},{"name":"שווארמה בבגט","description":"","price":45,"vegan":false,"vegetarian":false,"image":"","notFood":false,"drinks":false},{"name":"פלאפל בבגט","description":"","price":28,"vegan":true,"vegetarian":true,"image":"","notFood":false,"drinks":false},{"name":"שניצל בלאפה","description":"","price":40,"vegan":false,"vegetarian":false,"image":"","notFood":false,"drinks":false},{"name":"שניצל בבגט","description":"","price":40,"vegan":false,"vegetarian":false,"image":"","notFood":false,"drinks":false},{"name":"חזה עוף בלאפה","description":"","price":40,"vegan":false,"vegetarian":false,"image":"","notFood":false,"drinks":false},{"name":"חזה עוף בבגט","description":"","price":40,"vegan":false,"vegetarian":false,"image":"","notFood":false,"drinks":false},{"name":"פרגית בלאפה","description":"","price":40,"vegan":false,"vegetarian":false,"image":"","notFood":false,"drinks":false},{"name":"פרגית בבגט","description":"","price":40,"vegan":false,"vegetarian":false,"image":"","notFood":false,"drinks":false},{"name":"שווארמה בצלחת","description":"","price":57,"vegan":false,"vegetarian":false,"image":"","notFood":false,"drinks":false},{"name":"פלאפל בצלחת","description":"","price":35,"vegan":true,"vegetarian":true,"image":"","notFood":false,"drinks":false},{"name":"חזה עוף בצלחת","description":"","price":50,"vegan":false,"vegetarian":false,"image":"","notFood":false,"drinks":false},{"name":"שניצל בצלחת","description":"","price":50,"vegan":false,"vegetarian":false,"image":"","notFood":false,"drinks":false},{"name":"פרגית בצלחת","description":"","price":50,"vegan":false,"vegetarian":false,"image":"","notFood":false,"drinks":false},{"name":"חומוס גרגירים","description":"","price":30,"vegan":true,"vegetarian":true,"image":"","notFood":false,"drinks":false},{"name":"חומוס טחינה","description":"","price":30,"vegan":true,"vegetarian":true,"image":"","notFood":false,"drinks":false},{"name":"חומוס עם ביצה","description":"","price":35,"vegan":false,"vegetarian":true,"image":"","notFood":false,"drinks":false},{"name":"משאוושה","description":"חומוס, טחינה, שום, חריף, לימון וגרגרים חמים\r\n","price":34,"vegan":true,"vegetarian":true,"image":"","notFood":false,"drinks":false},{"name":"חומוס סביח","description":"ביצה, טחינה וחצילים","price":36,"vegan":false,"vegetarian":true,"image":"","notFood":false,"drinks":false},{"name":"חומוס בשר פרגית","description":"","price":45,"vegan":false,"vegetarian":false,"image":"","notFood":false,"drinks":false},{"name":"חומוס שווארמה עגל","description":"","price":45,"vegan":false,"vegetarian":false,"image":"","notFood":false,"drinks":false},{"name":"צ'יפס קטן","description":"","price":15,"vegan":true,"vegetarian":true,"image":"","notFood":false,"drinks":false},{"name":"צ'יפס גדול","description":"","price":25,"vegan":true,"vegetarian":true,"image":"","notFood":false,"drinks":false},{"name":"12 כדורי פלאפל","description":"","price":10,"vegan":true,"vegetarian":true,"image":"","notFood":false,"drinks":false},{"name":"אורז","description":"","price":18,"vegan":true,"vegetarian":true,"image":"","notFood":false,"drinks":false},{"name":"שעועית ירוקה","description":"","price":18,"vegan":true,"vegetarian":true,"image":"","notFood":false,"drinks":false},{"name":"מג'דרה","description":"","price":18,"vegan":true,"vegetarian":true,"image":"","notFood":false,"drinks":false},{"name":"קוקה קולה","description":"","price":9,"vegan":true,"vegetarian":true,"image":"","notFood":false,"drinks":true},{"name":"קוקה קולה זירו","description":"","price":9,"vegan":true,"vegetarian":true,"image":"","notFood":false,"drinks":true},{"name":"ספרייט","description":"","price":9,"vegan":true,"vegetarian":true,"image":"","notFood":false,"drinks":true},{"name":"ענבים","description":"","price":9,"vegan":true,"vegetarian":true,"image":"","notFood":false,"drinks":true},{"name":"תפוזים","description":"","price":9,"vegan":true,"vegetarian":true,"image":"","notFood":false,"drinks":false},{"name":"אשכוליות","description":"","price":9,"vegan":true,"vegetarian":true,"image":"","notFood":false,"drinks":false},{"name":"סודה","description":"","price":9,"vegan":true,"vegetarian":true,"image":"","notFood":false,"drinks":true},{"name":"מים מינרליים","description":"","price":9,"vegan":true,"vegetarian":true,"image":"","notFood":false,"drinks":true},{"name":"בירה שחורה","description":"","price":9,"vegan":true,"vegetarian":true,"image":"","notFood":false,"drinks":true}]}