{"track_id":"17169","filters":["burgers","salads","meatGrill"],"image":"https://tenbis-static.azureedge.net/restaurant-card-image/ResCard_17169_20220221192632.jpg","address":"דרך בן גוריון, 26 רמת גן","location":[34.8219687,32.0928854],"name":"מיט סטופ ","city":"בני ברק","priceAverage":25.736842105263158,"menu":[{"name":"סלט חזה עוף","description":"תערובת עלי חסה,נבטים, כרוב לבן,גזר, עגבניות שרי,   מלפפון ירוק, מלפפון במלח, בצל סגול, קרוטונים ובוטנים, מוגש עם רטבים לבחירה\t","price":47,"vegan":false,"vegetarian":false,"image":"https://d25t2285lxl5rf.cloudfront.net/images/dishes/f407181e-db0d-4146-8fff-aeeccdbf1318.jpg","notFood":false,"drinks":false},{"name":"ג'בטה אנטריקוט","description":"אנטריקוט עם ירקות ורטבים לבחירה","price":49,"vegan":false,"vegetarian":false,"image":"https://d25t2285lxl5rf.cloudfront.net/images/dishes/b1b39d19-fca4-4d6c-84f8-b31705e16b88.jpg","notFood":false,"drinks":false},{"name":"ראפ אנטריקוט","description":"מוגש עם ירקות ורטבים לבחירה\t","price":49,"vegan":false,"vegetarian":false,"image":"https://d25t2285lxl5rf.cloudfront.net/images/dishes/7d83d0fa-f2af-4f0d-a63f-e034af9ca9e4.jpg","notFood":false,"drinks":false},{"name":"צ'יפס קלאסי","description":"","price":20,"vegan":true,"vegetarian":true,"image":"https://d25t2285lxl5rf.cloudfront.net/images/dishes/698dba5d-8b54-4f60-be5b-eddabedfa800.jpg","notFood":false,"drinks":false},{"name":"סלט אנטריקוט","description":"תערובת עלי חסה,נבטים, כרוב לבן,גזר, עגבניות שרי,   מלפפון ירוק, מלפפון במלח, בצל סגול, קרוטונים ובוטנים, מוגש עם רטבים לבחירה\t","price":49,"vegan":false,"vegetarian":false,"image":"https://d25t2285lxl5rf.cloudfront.net/images/dishes/5b3e9db0-3e8a-42aa-867b-ee1894582f8b.jpg","notFood":false,"drinks":false},{"name":"חצי ג'בטה אנטריקוט","description":"אנטריקוט עם ירקות ורטבים לבחירה","price":25,"vegan":false,"vegetarian":false,"image":"https://d25t2285lxl5rf.cloudfront.net/images/dishes/dcb96e59-4f47-403a-9079-0599b774e9bb.jpg","notFood":false,"drinks":false},{"name":"ג'בטה אנטריקוט","description":"אנטריקוט עם ירקות ורטבים לבחירה","price":49,"vegan":false,"vegetarian":false,"image":"https://d25t2285lxl5rf.cloudfront.net/images/dishes/b1b39d19-fca4-4d6c-84f8-b31705e16b88.jpg","notFood":false,"drinks":false},{"name":"חצי  המבורגר","description":"חצי ג'בטה בורגר עם ירקות ורטבים לבחירה","price":25,"vegan":false,"vegetarian":false,"image":"https://d25t2285lxl5rf.cloudfront.net/images/dishes/7de0fa33-931b-42aa-84f5-b072232d00d0.jpg","notFood":false,"drinks":false},{"name":"המבורגר 180 גר'","description":"המבורגר בלחמניית  בורגר עם ירקות ורטבים לבחירה","price":49,"vegan":false,"vegetarian":false,"image":"https://d25t2285lxl5rf.cloudfront.net/images/dishes/790badfb-e4af-4af3-b2c2-f2fe8a227d26.jpg","notFood":false,"drinks":false},{"name":"חצי ג'בטה חזה עוף","description":"חזה עוף עם ירקות ורטבים לבחירה","price":25,"vegan":false,"vegetarian":false,"image":"https://d25t2285lxl5rf.cloudfront.net/images/dishes/deaa99b0-bdb0-483d-9178-6f5d56c2b0bf.jpg","notFood":false,"drinks":false},{"name":"ג'בטה חזה עוף","description":"חזה עוף עם ירקות ורטבים לבחירה","price":47,"vegan":false,"vegetarian":false,"image":"https://d25t2285lxl5rf.cloudfront.net/images/dishes/055a2699-f01d-4e34-bc4a-dde0440e3bb3.jpg","notFood":false,"drinks":false},{"name":"חצי ג'בטה שניצל","description":"שניצל עם ירקות ורטבים לבחירה","price":25,"vegan":false,"vegetarian":false,"image":"https://d25t2285lxl5rf.cloudfront.net/images/dishes/3c3ce579-d03c-4bd4-b64b-1c5552812acb.jpg","notFood":false,"drinks":false},{"name":"ג'בטה שניצל","description":"שניצל עם ירקות ורטבים לבחירה","price":47,"vegan":false,"vegetarian":false,"image":"https://d25t2285lxl5rf.cloudfront.net/images/dishes/dc9009e6-e02d-44c6-9559-ebd5d6c4628b.jpg","notFood":false,"drinks":false},{"name":"חצי ג'בטה פורטבלו - צמחוני","description":"פטריות פורטבלו עם ירקות ורטבים לבחירה","price":25,"vegan":true,"vegetarian":true,"image":"https://d25t2285lxl5rf.cloudfront.net/images/dishes/c9917086-be23-48a8-ad1b-9bb0d3f35f2b.jpg","notFood":false,"drinks":false},{"name":"ג'בטה פורטבלו - צמחוני","description":"פטריות פורטבלו עם ירקות ורטבים לבחירה","price":47,"vegan":true,"vegetarian":true,"image":"https://d25t2285lxl5rf.cloudfront.net/images/dishes/24fb429f-874a-45a7-82e8-7c6d1869a559.jpg","notFood":false,"drinks":false},{"name":"ראפ אנטריקוט","description":"מוגש עם ירקות ורטבים לבחירה\t","price":49,"vegan":false,"vegetarian":false,"image":"https://d25t2285lxl5rf.cloudfront.net/images/dishes/7d83d0fa-f2af-4f0d-a63f-e034af9ca9e4.jpg","notFood":false,"drinks":false},{"name":"ראפ בורגר 180 גר'","description":"מוגש עם ירקות ורטבים לבחירה","price":49,"vegan":true,"vegetarian":true,"image":"https://d25t2285lxl5rf.cloudfront.net/images/dishes/ef6add8f-6e4c-41c3-8842-2a7fc9cffe90.jpg","notFood":false,"drinks":false},{"name":"ראפ חזה עוף","description":"מוגש עם ירקות ורטבים לבחירה","price":47,"vegan":false,"vegetarian":false,"image":"https://d25t2285lxl5rf.cloudfront.net/images/dishes/856b04f3-38b4-4056-936a-25859a637ad4.jpg","notFood":false,"drinks":false},{"name":"ראפ שניצל","description":"מוגש עם ירקות ורטבים לבחירה\t","price":47,"vegan":false,"vegetarian":false,"image":"https://d25t2285lxl5rf.cloudfront.net/images/dishes/81792586-fd9f-4483-bb45-eac9dcc8a95e.jpg","notFood":false,"drinks":false},{"name":"ראפ פורטובלו צמחוני","description":"מוגש עם ירקות ורטבים לבחירה ","price":47,"vegan":true,"vegetarian":true,"image":"https://d25t2285lxl5rf.cloudfront.net/images/dishes/fefda7a6-ccf4-4ff7-a409-9a2e7235a193.jpg","notFood":false,"drinks":false},{"name":"סלט אנטריקוט","description":"תערובת עלי חסה,נבטים, כרוב לבן,גזר, עגבניות שרי,   מלפפון ירוק, מלפפון במלח, בצל סגול, קרוטונים ובוטנים, מוגש עם רטבים לבחירה\t","price":49,"vegan":false,"vegetarian":false,"image":"https://d25t2285lxl5rf.cloudfront.net/images/dishes/5b3e9db0-3e8a-42aa-867b-ee1894582f8b.jpg","notFood":false,"drinks":false},{"name":"סלט בורגר 180 גר'","description":"תערובת עלי חסה,נבטים, כרוב לבן,גזר, עגבניות שרי,   מלפפון ירוק, מלפפון במלח,  בצל סגול, קרוטונים ובוטנים, מוגש עם רטבים לבחירה\t","price":49,"vegan":true,"vegetarian":true,"image":"https://d25t2285lxl5rf.cloudfront.net/images/dishes/4b540253-e6a7-4f41-9a88-f6c809d7d739.jpg","notFood":false,"drinks":false},{"name":"סלט חזה עוף","description":"תערובת עלי חסה,נבטים, כרוב לבן,גזר, עגבניות שרי,   מלפפון ירוק, מלפפון במלח, בצל סגול, קרוטונים ובוטנים, מוגש עם רטבים לבחירה\t","price":47,"vegan":false,"vegetarian":false,"image":"https://d25t2285lxl5rf.cloudfront.net/images/dishes/f407181e-db0d-4146-8fff-aeeccdbf1318.jpg","notFood":false,"drinks":false},{"name":"סלט שניצל","description":"תערובת עלי חסה,נבטים, כרוב לבן,גזר, עגבניות שרי,   מלפפון ירוק, מלפפון במלח, בצל סגול, קרוטונים ובוטנים, מוגש עם רטבים לבחירה\t","price":47,"vegan":false,"vegetarian":false,"image":"https://d25t2285lxl5rf.cloudfront.net/images/dishes/9ffeec84-ec55-46e5-9d95-de9854861fa5.jpg","notFood":false,"drinks":false},{"name":"סלט פורטבלו","description":"תערובת עלי חסה,נבטים, כרוב לבן,גזר, עגבניות שרי,   מלפפון ירוק, מלפפון במלח, בצל סגול, קרוטונים ובוטנים, מוגש עם רטבים לבחירה\t","price":47,"vegan":true,"vegetarian":true,"image":"https://d25t2285lxl5rf.cloudfront.net/images/dishes/bff94790-348f-4690-9944-c87b3dc0a6df.jpg","notFood":false,"drinks":false},{"name":"צ'יפס קלאסי","description":"","price":20,"vegan":true,"vegetarian":true,"image":"https://d25t2285lxl5rf.cloudfront.net/images/dishes/698dba5d-8b54-4f60-be5b-eddabedfa800.jpg","notFood":false,"drinks":false},{"name":"סלט אישי","description":"עלי חסה , שרי , מלפפון  ירוק, כרוב וגזר","price":20,"vegan":true,"vegetarian":true,"image":"https://d25t2285lxl5rf.cloudfront.net/images/dishes/3008bca2-84c8-4c97-a120-9a916456212b.jpg","notFood":false,"drinks":false},{"name":"הום פרייז","description":"","price":24,"vegan":true,"vegetarian":true,"image":"https://d25t2285lxl5rf.cloudfront.net/images/dishes/8ce1a0d9-fcb9-4cc8-b993-7f557dfe3c78.jpg","notFood":false,"drinks":false},{"name":"כדורי קראנץ'","description":"","price":24,"vegan":true,"vegetarian":true,"image":"https://d25t2285lxl5rf.cloudfront.net/images/dishes/54624dab-7ffd-4bd4-80b0-aed8c6249f5c.jpg","notFood":false,"drinks":false},{"name":"טבעות בצל","description":"","price":24,"vegan":true,"vegetarian":true,"image":"https://d25t2285lxl5rf.cloudfront.net/images/dishes/e976317e-566c-4a50-bb0a-e5ba05fa901f.jpg","notFood":false,"drinks":false},{"name":"וופל צ'יפס","description":"","price":24,"vegan":true,"vegetarian":true,"image":"https://d25t2285lxl5rf.cloudfront.net/images/dishes/e0a88cf4-13bc-4580-874f-9e83c205fc95.jpg","notFood":false,"drinks":false},{"name":"סודה קינלי","description":"","price":8,"vegan":true,"vegetarian":true,"image":"","notFood":false,"drinks":true},{"name":"בקבוק מים נביעות","description":"","price":8,"vegan":true,"vegetarian":true,"image":"","notFood":false,"drinks":true},{"name":"פחית קוקה קולה","description":"","price":10,"vegan":true,"vegetarian":true,"image":"","notFood":false,"drinks":true},{"name":"פחית דיאט קוקה קולה","description":"","price":10,"vegan":true,"vegetarian":true,"image":"","notFood":false,"drinks":true},{"name":"פחית קוקה קולה זירו","description":"","price":10,"vegan":true,"vegetarian":true,"image":"","notFood":false,"drinks":true},{"name":"פחית ספרייט","description":"","price":10,"vegan":true,"vegetarian":true,"image":"","notFood":false,"drinks":true},{"name":"פחית ספרייט זירו","description":"","price":10,"vegan":true,"vegetarian":true,"image":"","notFood":false,"drinks":true},{"name":"פחית פאנטה אורנג'","description":"","price":10,"vegan":true,"vegetarian":true,"image":"","notFood":false,"drinks":false},{"name":"פחית פאנטה ענבים","description":"","price":10,"vegan":true,"vegetarian":true,"image":"","notFood":false,"drinks":true},{"name":"פחית פאנטה אקזוטי","description":"","price":10,"vegan":true,"vegetarian":true,"image":"","notFood":false,"drinks":false},{"name":"פחית פאנטה תות","description":"","price":10,"vegan":true,"vegetarian":true,"image":"","notFood":false,"drinks":false},{"name":"בקבוק זכוכית קוקה קולה","description":"","price":11,"vegan":true,"vegetarian":true,"image":"","notFood":false,"drinks":true},{"name":"בקבוק זכוכית קוקה קולה זירו","description":"","price":11,"vegan":true,"vegetarian":true,"image":"","notFood":false,"drinks":true},{"name":"בקבוק פיוז טי אפרסק","description":"","price":11,"vegan":true,"vegetarian":true,"image":"","notFood":false,"drinks":true},{"name":"בקבוק פיוטי מנגו אננס","description":"","price":11,"vegan":true,"vegetarian":true,"image":"","notFood":false,"drinks":true},{"name":"בקבוק פיוזטי לימונענע","description":"","price":11,"vegan":true,"vegetarian":true,"image":"","notFood":false,"drinks":true},{"name":"בקבוק זכוכית פריגת ענבים","description":"","price":11,"vegan":true,"vegetarian":true,"image":"","notFood":false,"drinks":true},{"name":"בקבוק זכוכית פריגת תפוזים","description":"","price":11,"vegan":true,"vegetarian":true,"image":"","notFood":false,"drinks":true},{"name":"בקבוק זכוכית פריגת תות בננה","description":"","price":11,"vegan":true,"vegetarian":true,"image":"","notFood":false,"drinks":true},{"name":"בקבוק זכוכית פריגת אשכוליות","description":"","price":11,"vegan":true,"vegetarian":true,"image":"","notFood":false,"drinks":true},{"name":"בקבוק זכוכית פריגת לימונענע","description":"","price":11,"vegan":true,"vegetarian":true,"image":"","notFood":false,"drinks":true},{"name":"בקבוק מים בטעמים - תפוח","description":"","price":11,"vegan":true,"vegetarian":true,"image":"","notFood":false,"drinks":true},{"name":"בקבוק מים בטעמים - ענבים","description":"","price":11,"vegan":true,"vegetarian":true,"image":"","notFood":false,"drinks":true},{"name":"בקבוק מים בטעמים - אפרסק","description":"","price":11,"vegan":true,"vegetarian":true,"image":"","notFood":false,"drinks":true},{"name":"בקבוק זכוכית מאלט","description":"","price":11,"vegan":true,"vegetarian":true,"image":"","notFood":false,"drinks":true},{"name":"שליש קרלסברג 330 מ\"ל","description":"","price":15,"vegan":true,"vegetarian":true,"image":"","notFood":false,"drinks":false}]}