{"track_id":"17192","filters":["bakery","pizza","salads"],"image":"https://tenbis-static.azureedge.net/restaurant-card-image/ResCard_17192_20210708115620.jpg","address":"ראול ולנברג, 14 תל אביב-יפו","location":[34.8366211,32.1090274],"name":"סלט בגדד ","city":"תל אביב-יפו","priceAverage":27.095238095238095,"menu":[{"name":"סמבוסק גבינה צהובה ורוטב פיצה","description":"","price":29,"vegan":false,"vegetarian":true,"image":"https://d25t2285lxl5rf.cloudfront.net/images/dishes/498eb0c1-9c01-4032-87d0-ce3b2f5a8a61.jpg","notFood":false,"drinks":false},{"name":"סמבוסק בולגרית","description":"מוגש בליווי ביצה קשה, טחינה, חריף וחמוצים","price":29,"vegan":false,"vegetarian":true,"image":"https://d25t2285lxl5rf.cloudfront.net/images/dishes/e9aec490-9129-4e48-aa34-1e28cc6d9384.jpg","notFood":false,"drinks":false},{"name":"סמבוסק צהובה ובולגרית עם זיתים ירוקים","description":"בליווי ביצה קשה, טחינה וחמוצים","price":29,"vegan":false,"vegetarian":true,"image":"https://d25t2285lxl5rf.cloudfront.net/images/dishes/9e9734b1-392f-4120-aadf-77e309c5f263.jpg","notFood":false,"drinks":false},{"name":"כריך סלט ביצים","description":"סלט ביצים, עלי חסה, עגבנייה ומלפפונים","price":29,"vegan":false,"vegetarian":true,"image":"https://d25t2285lxl5rf.cloudfront.net/images/dishes/a40dc14e-f846-48d9-969d-1a8adf101672.jpg","notFood":false,"drinks":false},{"name":"מאפים מלוחים (10 יח)","description":"10 יחידות בורקס גבינה, תפוח אדמה, בוריקיטס, פיצה, מיני זיוה, אצבעות קשקבל, גבינה זיתים (לפי המגוון הקיים בסניף)","price":39,"vegan":false,"vegetarian":true,"image":"https://d25t2285lxl5rf.cloudfront.net/images/dishes/3f205818-55de-457d-b088-2bc1206f046e.jpg","notFood":false,"drinks":false},{"name":"כריך סלט ביצים","description":"סלט ביצים, עלי חסה, עגבנייה ומלפפונים","price":29,"vegan":false,"vegetarian":true,"image":"https://d25t2285lxl5rf.cloudfront.net/images/dishes/a40dc14e-f846-48d9-969d-1a8adf101672.jpg","notFood":false,"drinks":false},{"name":"כריך בגדד","description":"הסביח שלנו – טחינה, חצילים, תפוח אדמה וביצה קשה","price":29,"vegan":false,"vegetarian":true,"image":"","notFood":false,"drinks":false},{"name":"כריך בלקני","description":"גבינה בולגרית, פלפלים קלויים זיתים, בצל סגול, עגבנייה וזילוף שמן זית\r\n","price":29,"vegan":false,"vegetarian":true,"image":"","notFood":false,"drinks":false},{"name":"כריך מוצרלה","description":"פסטו, כדורי מוצרלה, עלי חסה, עגבנייה ומלפפונים\r\n","price":29,"vegan":false,"vegetarian":true,"image":"","notFood":false,"drinks":false},{"name":"כריך אבוקדו (טבעוני)","description":"סלט אבוקדו, עלי חסה, עגבנייה ומלפפונים","price":29,"vegan":true,"vegetarian":true,"image":"","notFood":false,"drinks":false},{"name":"כריך טונה","description":"סלט טונה במיונז, עלי חסה, עגבנייה ומלפפונים","price":29,"vegan":false,"vegetarian":false,"image":"","notFood":false,"drinks":false},{"name":"כריך חביתה","description":"גבינת שמנת/ לבנה, חביתה, עלי חסה, עגבנייה ומלפפונים\r\n","price":29,"vegan":false,"vegetarian":true,"image":"","notFood":false,"drinks":false},{"name":"כריך טבעוני","description":"טחינה, אנטיפסטי (בטטה פלפלים וקישואים - עפי המגוון הקיים בסניף),עלי בייבי","price":29,"vegan":true,"vegetarian":true,"image":"","notFood":false,"drinks":false},{"name":"סמבוסק גבינה צהובה ורוטב פיצה","description":"","price":29,"vegan":false,"vegetarian":true,"image":"https://d25t2285lxl5rf.cloudfront.net/images/dishes/498eb0c1-9c01-4032-87d0-ce3b2f5a8a61.jpg","notFood":false,"drinks":false},{"name":"סמבוסק צהובה ובולגרית עם זיתים ירוקים","description":"בליווי ביצה קשה, טחינה וחמוצים","price":29,"vegan":false,"vegetarian":true,"image":"https://d25t2285lxl5rf.cloudfront.net/images/dishes/9e9734b1-392f-4120-aadf-77e309c5f263.jpg","notFood":false,"drinks":false},{"name":"סמבוסק צהובה","description":"","price":29,"vegan":true,"vegetarian":true,"image":"https://d25t2285lxl5rf.cloudfront.net/images/dishes/c87bc9f4-7471-4bd4-a0f4-4d2c09f95a02.jpg","notFood":false,"drinks":false},{"name":"סמבוסק תפוח אדמה ופטריות","description":"","price":29,"vegan":true,"vegetarian":true,"image":"https://d25t2285lxl5rf.cloudfront.net/images/dishes/17167e21-b604-4d69-b26c-0f4aa0b4d481.jpg","notFood":false,"drinks":false},{"name":"מאפים מלוחים (10 יח)","description":"10 יחידות בורקס גבינה, תפוח אדמה, בוריקיטס, פיצה, מיני זיוה, אצבעות קשקבל, גבינה זיתים (לפי המגוון הקיים בסניף)","price":39,"vegan":false,"vegetarian":true,"image":"https://d25t2285lxl5rf.cloudfront.net/images/dishes/3f205818-55de-457d-b088-2bc1206f046e.jpg","notFood":false,"drinks":false},{"name":"בורקס פרימיום","description":"15 יחידות, סהרוני גבינה, ריבועי קשקבל, תרד, בטטה, עיגולי זיתים","price":39,"vegan":false,"vegetarian":true,"image":"https://d25t2285lxl5rf.cloudfront.net/images/dishes/759d82f0-06fa-4e25-bd98-e14efcabd672.jpg","notFood":false,"drinks":false},{"name":"מאפי שמרים מתוקים (10 יח)","description":"10 יחידות, קרואסון שוקולד, רוגלך, קרואסון חמאה, גביניות, קינמון פרג ותפוחים (לפי המגוון הקיים בסניף)","price":39,"vegan":false,"vegetarian":true,"image":"https://d25t2285lxl5rf.cloudfront.net/images/dishes/8b5b2ae3-84d6-43ae-b885-c8397c3365a9.jpg","notFood":false,"drinks":false},{"name":"סמבוסק תפו\"א","description":"בליווי ביצה קשה, טחינה וחמוצים","price":29,"vegan":false,"vegetarian":true,"image":"https://d25t2285lxl5rf.cloudfront.net/images/dishes/b987a617-df9f-4857-92ff-8078921f4ddb.jpg","notFood":false,"drinks":false},{"name":"סמבוסק בולגרית","description":"מוגש בליווי ביצה קשה, טחינה, חריף וחמוצים","price":29,"vegan":false,"vegetarian":true,"image":"https://d25t2285lxl5rf.cloudfront.net/images/dishes/e9aec490-9129-4e48-aa34-1e28cc6d9384.jpg","notFood":false,"drinks":false},{"name":"סמבוסק פסטו עם ביצה קשה פלפלים קלויים ובולגרית","description":"","price":29,"vegan":false,"vegetarian":true,"image":"","notFood":false,"drinks":false},{"name":"כריך בהרכבה אישית לחמנייה","description":"","price":20,"vegan":true,"vegetarian":true,"image":"","notFood":false,"drinks":false},{"name":"כריך בהרכבה אישית לחמנייה כפרית","description":"","price":20,"vegan":true,"vegetarian":true,"image":"","notFood":false,"drinks":false},{"name":"כריך בהרכבה אישית בגט","description":"","price":39,"vegan":true,"vegetarian":true,"image":"","notFood":false,"drinks":false},{"name":"כריך בהרכבה אישית ג'בטה","description":"","price":28,"vegan":true,"vegetarian":true,"image":"","notFood":false,"drinks":false},{"name":"פס גבינה עם ריבת חלב","description":"","price":55,"vegan":false,"vegetarian":true,"image":"https://d25t2285lxl5rf.cloudfront.net/images/dishes/ec22830b-0d09-42f7-92a0-77633bfdbb32.jpg","notFood":false,"drinks":false},{"name":"קראנץ שוקולד","description":"","price":39,"vegan":false,"vegetarian":true,"image":"https://d25t2285lxl5rf.cloudfront.net/images/dishes/917c5428-dfd5-4ffc-ada7-d75f80a16b54.jpg","notFood":false,"drinks":false},{"name":"שמרים שוקולד עגולה","description":"","price":39,"vegan":false,"vegetarian":true,"image":"https://d25t2285lxl5rf.cloudfront.net/images/dishes/8893adeb-83ea-4be0-bb40-f48974797650.jpg","notFood":false,"drinks":false},{"name":"עוגת שיש ללא סוכר","description":"","price":35,"vegan":true,"vegetarian":true,"image":"https://d25t2285lxl5rf.cloudfront.net/images/dishes/87319540-bde7-45cc-b99a-4880104207fd.jpg","notFood":false,"drinks":false},{"name":"עוגת גזר","description":"","price":45,"vegan":true,"vegetarian":true,"image":"https://d25t2285lxl5rf.cloudfront.net/images/dishes/5871005f-5b32-4b99-843b-64ef2510ff63.jpg","notFood":false,"drinks":false},{"name":"עוגיות פרימיום מיני בעבע – ללא תוספת סוכר","description":"","price":39,"vegan":true,"vegetarian":true,"image":"https://d25t2285lxl5rf.cloudfront.net/images/dishes/fce1083f-e800-482f-81c5-362ec9826dda.jpg","notFood":false,"drinks":false},{"name":"עוגיות פרימיום עוגיות פרח ריבת תות (סנדוויץ)","description":"","price":39,"vegan":true,"vegetarian":true,"image":"https://d25t2285lxl5rf.cloudfront.net/images/dishes/679b0d7a-0aad-45f9-837c-d4ee3e5f1c87.jpg","notFood":false,"drinks":false},{"name":"עוגיות פרימיום עוגיות מלוחות","description":"","price":39,"vegan":true,"vegetarian":true,"image":"https://d25t2285lxl5rf.cloudfront.net/images/dishes/558c29a0-1cb7-4ee8-a1ca-40a368d45dc4.jpg","notFood":false,"drinks":false},{"name":"בעבע – העוגייה המסורתית בעבודת יד","description":"","price":35,"vegan":true,"vegetarian":true,"image":"https://d25t2285lxl5rf.cloudfront.net/images/dishes/10986fb7-73c3-4d91-b91e-3340df262c87.jpg","notFood":false,"drinks":false},{"name":"עוגיות כתר ריבת תות","description":"","price":29,"vegan":true,"vegetarian":true,"image":"https://d25t2285lxl5rf.cloudfront.net/images/dishes/9bc1e5e5-f135-4142-bfcd-c70dea4666a1.jpg","notFood":false,"drinks":false},{"name":"עוגיות פרח ריבת תות (סנדוויץ) עוגיות במארז חיסכון","description":"","price":29,"vegan":true,"vegetarian":true,"image":"https://d25t2285lxl5rf.cloudfront.net/images/dishes/7ba667b9-4cf5-468d-bc4d-6d7c2666b55f.jpg","notFood":false,"drinks":false},{"name":"אצבעות מרוקאיות","description":"","price":29,"vegan":true,"vegetarian":true,"image":"https://d25t2285lxl5rf.cloudfront.net/images/dishes/0c8c5dcd-d84b-455c-bbc7-dbba3e6b74e3.jpg","notFood":false,"drinks":false},{"name":"עוגיות מלוחות-מארז חיסכון","description":"","price":29,"vegan":true,"vegetarian":true,"image":"https://d25t2285lxl5rf.cloudfront.net/images/dishes/f770ded8-c763-4e19-bbbc-746c6100d656.jpg","notFood":false,"drinks":false},{"name":"עוגיות גרנולה","description":"","price":29,"vegan":true,"vegetarian":true,"image":"https://d25t2285lxl5rf.cloudfront.net/images/dishes/f86b33a2-e94f-47e1-830d-998e64309c9d.jpg","notFood":false,"drinks":false},{"name":"עוגת גן עדן","description":"","price":59,"vegan":true,"vegetarian":true,"image":"https://d25t2285lxl5rf.cloudfront.net/images/dishes/c12a0815-7116-4b78-b055-742f05881ee7.jpg","notFood":false,"drinks":false},{"name":"לחם מחמצת","description":"","price":29,"vegan":true,"vegetarian":true,"image":"","notFood":false,"drinks":false},{"name":"עוגיות פרימיום אלפאחורס","description":"","price":39,"vegan":true,"vegetarian":true,"image":"","notFood":false,"drinks":false},{"name":"עוגיות פרימיום עוגיות גרנולה","description":"","price":39,"vegan":true,"vegetarian":true,"image":"","notFood":false,"drinks":false},{"name":"סהרונים חצי ירח","description":"","price":29,"vegan":true,"vegetarian":true,"image":"","notFood":false,"drinks":false},{"name":"מארז כעכעת (7 יח')","description":"\tכעכעת בייצור עצמי במתכון ייחודי","price":16,"vegan":true,"vegetarian":true,"image":"","notFood":false,"drinks":false},{"name":"10 פיתות בעבודת יד","description":"","price":15,"vegan":true,"vegetarian":true,"image":"","notFood":false,"drinks":false},{"name":"לחמניות רגילות (5 יח')","description":"מתוך המגוון הקיים בסניף","price":10,"vegan":true,"vegetarian":true,"image":"","notFood":false,"drinks":false},{"name":"שליש בגט (3 יח)","description":"","price":10,"vegan":true,"vegetarian":true,"image":"","notFood":false,"drinks":false},{"name":"לחם שום (2 יח)","description":"מקלות אפויים בטופינג שום משובח","price":10,"vegan":true,"vegetarian":true,"image":"","notFood":false,"drinks":false},{"name":"פרעצל (2 יח)","description":"בייגלה שמינייה","price":10,"vegan":true,"vegetarian":true,"image":"","notFood":false,"drinks":false},{"name":"בייגלה רומני (2 יח)","description":"","price":10,"vegan":true,"vegetarian":true,"image":"","notFood":false,"drinks":false},{"name":"פיתה זעתר (2 יח)","description":"","price":10,"vegan":true,"vegetarian":true,"image":"","notFood":false,"drinks":false},{"name":"בורקס (5 יח)","description":"","price":18,"vegan":true,"vegetarian":true,"image":"","notFood":false,"drinks":false},{"name":"מאפי שמרים מתוקים (5 יח)","description":"","price":18,"vegan":true,"vegetarian":true,"image":"","notFood":false,"drinks":false},{"name":"מים מינרליים","description":"","price":7,"vegan":true,"vegetarian":true,"image":"","notFood":false,"drinks":true},{"name":"מים בטעם תפוח","description":"","price":9,"vegan":true,"vegetarian":true,"image":"","notFood":false,"drinks":false},{"name":"מים בטעם אפרסק","description":"","price":9,"vegan":true,"vegetarian":true,"image":"","notFood":false,"drinks":false},{"name":"פחית קולה זירו","description":"","price":9,"vegan":true,"vegetarian":true,"image":"","notFood":false,"drinks":true},{"name":"פחית ספרייט","description":"","price":9,"vegan":true,"vegetarian":true,"image":"","notFood":false,"drinks":true},{"name":"פחית ספרייט זירו","description":"","price":9,"vegan":true,"vegetarian":true,"image":"","notFood":false,"drinks":true},{"name":"פחית קולה","description":"","price":9,"vegan":true,"vegetarian":true,"image":"","notFood":false,"drinks":true}]}