{"track_id":"17191","filters":["bakery","pizza","salads"],"image":"https://tenbis-static.azureedge.net/restaurant-card-image/ResCard_17191_20210708115557.jpg","address":"בן ציון גליס, 30 פתח תקווה","location":[34.8925417,32.1063684],"name":"האופה מבגדד פתח תקווה ","city":"פתח תקוה - בקעת אונו","priceAverage":25.283783783783782,"menu":[{"name":"סלט טונה","description":"חסה, מלפפון, עגבנייה, תירס, גזר,  סלט טונה,זיתים וביצה קשה\r\n","price":38,"vegan":false,"vegetarian":false,"image":"https://d25t2285lxl5rf.cloudfront.net/images/dishes/c9ae13ae-e3ea-410f-ba7e-cd10977242e7.jpg","notFood":false,"drinks":false},{"name":"סלט קטן בהרכבה אישית","price":30,"vegan":true,"vegetarian":true,"notFood":false,"drinks":false},{"name":"סלט גדול בהרכבה אישית \t","price":36,"vegan":true,"vegetarian":true,"notFood":false,"drinks":false},{"name":"סמבוסק צהובה ובולגרית עם זיתים ירוקים","price":19,"vegan":false,"vegetarian":true,"image":"https://d25t2285lxl5rf.cloudfront.net/images/dishes/7deca4b9-a753-4860-a9e7-e1224dcd62a8.jpg","notFood":false,"drinks":false},{"name":"סמבוסק צהובה ובולגרית","price":19,"vegan":false,"vegetarian":true,"image":"https://d25t2285lxl5rf.cloudfront.net/images/dishes/cdf75dfe-3424-4f71-8e17-bdb1aa9605a9.jpg","notFood":false,"drinks":false},{"name":"סמבוסק גבינה צהובה ורוטב פיצה","price":19,"vegan":false,"vegetarian":true,"image":"https://d25t2285lxl5rf.cloudfront.net/images/dishes/e42492ef-42bb-4676-a1b5-546b970c95fd.jpg","notFood":false,"drinks":false},{"name":"סמבוסק בולגרית","price":19,"vegan":false,"vegetarian":true,"image":"https://d25t2285lxl5rf.cloudfront.net/images/dishes/ae53a134-aa70-4687-bf8b-04e6d611208b.jpg","notFood":false,"drinks":false},{"name":"בייגל טוסט ופינוק ירקות","description":"מגיע עם גבינה צהובה ותוספות לבחירה. ","price":33,"vegan":false,"vegetarian":true,"image":"https://d25t2285lxl5rf.cloudfront.net/images/dishes/7233fb5f-f5d3-453e-a67a-061130b27e06.jpg","notFood":false,"drinks":false},{"name":"מאפים מלוחים","description":"15 יח' בורקס גבינה, תפוח אדמה, בוריקיטס, פיצה, מיני זיוה, אצבעות קשקבל, גבינה זיתים (לפי המגוון הקיים בסניף)","price":49,"vegan":false,"vegetarian":true,"image":"https://d25t2285lxl5rf.cloudfront.net/images/dishes/43b62e07-7aad-4b99-9558-f82a2e60ebc5.jpg","notFood":false,"drinks":false},{"name":"מאפי שמרים מתוקים","description":"כ-15 יחידות, קרואסון שוקולד, רוגלך, קרואסון חמאה, גביניות, קינמון פרג ותפוחים (לפי המגוון הקיים בסניף)","price":49,"vegan":false,"vegetarian":true,"image":"https://d25t2285lxl5rf.cloudfront.net/images/dishes/603daf31-2cfb-461d-9745-55f85b046154.jpg","notFood":false,"drinks":false},{"name":"סמבוסק פסטו עם ביצה קשה פלפלים קלויים ובולגרית","price":21,"vegan":false,"vegetarian":true,"notFood":false,"drinks":false},{"name":"סמבוסק פסטו עם ביצה קשה","price":21,"vegan":false,"vegetarian":true,"notFood":false,"drinks":false},{"name":"בורקס טורקי גבינה","description":"מוגש עם ביצה וסלסת עגבניות","price":27,"vegan":false,"vegetarian":true,"notFood":false,"drinks":false},{"name":"זיוה","description":"מוגש עם ביצה קשה וסלסת עגבניות","price":27,"vegan":false,"vegetarian":true,"notFood":false,"drinks":false},{"name":"בורקס פרימיום","description":"כ-40 יחידות, סהרוני גבינה, ריבועי קשקבל, תרד, בטטה, עיגולי זיתים","price":59,"vegan":false,"vegetarian":true,"notFood":false,"drinks":false},{"name":"10 פיתות בעבודת יד","price":15,"vegan":true,"vegetarian":true,"notFood":false,"drinks":false},{"name":"שליש בגט (3 יח)","price":10,"vegan":true,"vegetarian":true,"notFood":false,"drinks":false},{"name":"מארז כעכעת (7 יח')","description":"\tכעכעת בייצור עצמי במתכון ייחודי","price":16,"vegan":true,"vegetarian":true,"notFood":false,"drinks":false},{"name":"לחמניות רגילות (5 יח')","description":"מתוך המגוון הקיים בסניף","price":10,"vegan":true,"vegetarian":true,"notFood":false,"drinks":false},{"name":"לחם שום (2 יח)","description":"מקלות אפויים בטופינג שום משובח","price":10,"vegan":true,"vegetarian":true,"notFood":false,"drinks":false},{"name":"פרעצל (2 יח)","description":"בייגלה שמינייה","price":12,"vegan":true,"vegetarian":true,"notFood":false,"drinks":false},{"name":"לחמניות כפריות (5 יח)","description":"מתוך המגוון הקיים בסניף","price":10,"vegan":true,"vegetarian":true,"notFood":false,"drinks":false},{"name":"בייגלה רומני (2 יח)","price":12,"vegan":true,"vegetarian":true,"notFood":false,"drinks":false},{"name":"פרנה זעתר (2 יח)","price":14,"vegan":true,"vegetarian":true,"notFood":false,"drinks":false},{"name":"בורקס (5 יח)","price":12,"vegan":true,"vegetarian":true,"notFood":false,"drinks":false},{"name":"מאפי שמרים מתוקים (5 יח)","price":12,"vegan":true,"vegetarian":true,"notFood":false,"drinks":false},{"name":"לחמניות מתוקות/ מזונות (5 יח')","price":15,"vegan":true,"vegetarian":true,"notFood":false,"drinks":false},{"name":"פס חלבי","price":55,"vegan":false,"vegetarian":true,"image":"https://d25t2285lxl5rf.cloudfront.net/images/dishes/1d5a32e2-fabf-432d-8047-a77d18cb7238.jpg","notFood":false,"drinks":false},{"name":"פס פרווה","price":55,"vegan":true,"vegetarian":true,"image":"https://d25t2285lxl5rf.cloudfront.net/images/dishes/ce6431f2-472e-4918-a641-d7126b6309a4.jpg","notFood":false,"drinks":false},{"name":"פס גבינה עם ריבת חלב","price":55,"vegan":false,"vegetarian":true,"image":"https://d25t2285lxl5rf.cloudfront.net/images/dishes/4b753f6d-f413-4d39-8625-9c7c0c9c2f7f.jpg","notFood":false,"drinks":false},{"name":"קראנץ שוקולד","price":29,"vegan":false,"vegetarian":true,"image":"https://d25t2285lxl5rf.cloudfront.net/images/dishes/60016d98-8952-4357-93bc-9f53c139fd9e.jpg","notFood":false,"drinks":false},{"name":"שמרים שוקולד עגולה","price":29,"vegan":false,"vegetarian":true,"image":"https://d25t2285lxl5rf.cloudfront.net/images/dishes/b9db8342-4c87-47bf-8ab0-46727373e29e.jpg","notFood":false,"drinks":false},{"name":"פאי פקאן","price":59,"vegan":true,"vegetarian":true,"image":"https://d25t2285lxl5rf.cloudfront.net/images/dishes/268bc945-4410-4e91-92dc-66c57e473239.jpg","notFood":false,"drinks":false},{"name":"פאי אגוזי מלך","price":59,"vegan":true,"vegetarian":true,"image":"https://d25t2285lxl5rf.cloudfront.net/images/dishes/4d96d567-3413-4985-8014-91ea2df394b2.jpg","notFood":false,"drinks":false},{"name":"עוגת שיש ללא סוכר","price":29,"vegan":true,"vegetarian":true,"image":"https://d25t2285lxl5rf.cloudfront.net/images/dishes/d0cd626d-201b-48f8-905a-656b4f77cd02.jpg","notFood":false,"drinks":false},{"name":"עוגת גזר","price":45,"vegan":true,"vegetarian":true,"image":"https://d25t2285lxl5rf.cloudfront.net/images/dishes/3d933350-33b2-45a1-99a4-600ce28ef7f2.jpg","notFood":false,"drinks":false},{"name":"עוגה יומולדת","price":169,"vegan":true,"vegetarian":true,"image":"https://d25t2285lxl5rf.cloudfront.net/images/dishes/6bade0c8-b2dc-48fc-a137-ca006e41d7f8.jpg","notFood":false,"drinks":false},{"name":"עוגיות פרימיום מיני בעבע – ללא תוספת סוכר","price":29,"vegan":true,"vegetarian":true,"image":"https://d25t2285lxl5rf.cloudfront.net/images/dishes/3a4d612b-64df-4320-a443-3a4e62bfe3b6.jpg","notFood":false,"drinks":false},{"name":"עוגיות פרימיום עוגיות פרח ריבת תות (סנדוויץ)","price":29,"vegan":true,"vegetarian":true,"image":"https://d25t2285lxl5rf.cloudfront.net/images/dishes/d455f160-0899-4486-bfb9-ef351627b95e.jpg","notFood":false,"drinks":false},{"name":"עוגיות פרימיום עוגיות מלוחות","price":29,"vegan":true,"vegetarian":true,"image":"https://d25t2285lxl5rf.cloudfront.net/images/dishes/d75fa37b-3f2c-446d-8de9-6561ed1413a8.jpg","notFood":false,"drinks":false},{"name":"בעבע – העוגייה המסורתית בעבודת יד","price":26,"vegan":true,"vegetarian":true,"image":"https://d25t2285lxl5rf.cloudfront.net/images/dishes/9a24201e-1cff-45ee-82c8-7cfae1f67147.jpg","notFood":false,"drinks":false},{"name":"עוגיות כתר ריבת תות","price":22,"vegan":true,"vegetarian":true,"image":"https://d25t2285lxl5rf.cloudfront.net/images/dishes/c86aab36-9c11-4900-83cb-4976270038f7.jpg","notFood":false,"drinks":false},{"name":"עוגיות פרח ריבת תות (סנדוויץ) עוגיות במארז חיסכון","price":22,"vegan":true,"vegetarian":true,"image":"https://d25t2285lxl5rf.cloudfront.net/images/dishes/2d3cba40-82d9-4314-b293-c0f24d009151.jpg","notFood":false,"drinks":false},{"name":"אצבעות מרוקאיות","price":22,"vegan":true,"vegetarian":true,"image":"https://d25t2285lxl5rf.cloudfront.net/images/dishes/a31394fc-b19b-47dd-bca9-a331973c3fdf.jpg","notFood":false,"drinks":false},{"name":"עוגיות מלוחות-מארז חיסכון","price":22,"vegan":true,"vegetarian":true,"image":"https://d25t2285lxl5rf.cloudfront.net/images/dishes/def352ac-4c22-46f6-9fa8-fe71a692fab2.jpg","notFood":false,"drinks":false},{"name":"עוגיות גרנולה","price":22,"vegan":true,"vegetarian":true,"image":"https://d25t2285lxl5rf.cloudfront.net/images/dishes/1e5e4040-ceed-4dd1-8c06-73d7990d39d0.jpg","notFood":false,"drinks":false},{"name":"לחם מחמצת","price":19,"vegan":true,"vegetarian":true,"notFood":false,"drinks":false},{"name":"עוגיות פרימיום אלפאחורס","price":29,"vegan":true,"vegetarian":true,"notFood":false,"drinks":false},{"name":"עוגיות פרימיום עוגיות גרנולה","price":29,"vegan":true,"vegetarian":true,"notFood":false,"drinks":false},{"name":"סהרונים חצי ירח","price":22,"vegan":true,"vegetarian":true,"notFood":false,"drinks":false},{"name":"עוגת גן עדן","price":55,"vegan":true,"vegetarian":true,"notFood":false,"drinks":false},{"name":"מקרונים","price":59,"vegan":true,"vegetarian":true,"notFood":false,"drinks":false},{"name":"סברינה","price":19,"vegan":true,"vegetarian":true,"notFood":false,"drinks":false},{"name":"גליליות וניל","price":24,"vegan":true,"vegetarian":true,"notFood":false,"drinks":false},{"name":"מלאבי","price":15,"vegan":true,"vegetarian":true,"notFood":false,"drinks":false},{"name":"פחית קוקה קולה","price":8,"vegan":true,"vegetarian":true,"notFood":false,"drinks":true},{"name":"פחית קולה זירו","price":8,"vegan":true,"vegetarian":true,"notFood":false,"drinks":true},{"name":"פחית ספרייט זירו","price":8,"vegan":true,"vegetarian":true,"notFood":false,"drinks":true},{"name":"פחית ספרייט","price":8,"vegan":true,"vegetarian":true,"notFood":false,"drinks":true},{"name":"פחית פאנטה","price":8,"vegan":true,"vegetarian":true,"notFood":false,"drinks":false},{"name":"בקבוק קוקה קולה","price":9,"vegan":true,"vegetarian":true,"notFood":false,"drinks":true},{"name":"בקבוק קולה זירו","price":9,"vegan":true,"vegetarian":true,"notFood":false,"drinks":true},{"name":"בקבוק ספרייט זירו","price":9,"vegan":true,"vegetarian":true,"notFood":false,"drinks":true},{"name":"בקבוק נסטי  אפרסק","price":9,"vegan":true,"vegetarian":true,"notFood":false,"drinks":true},{"name":"מים בטעמים ענבים","price":9,"vegan":true,"vegetarian":true,"notFood":false,"drinks":true},{"name":"מים בטעמים אפרסק","price":9,"vegan":true,"vegetarian":true,"notFood":false,"drinks":false},{"name":"מים בטעמים תפוח","price":9,"vegan":true,"vegetarian":true,"notFood":false,"drinks":false},{"name":"סודה","price":8,"vegan":true,"vegetarian":true,"notFood":false,"drinks":true},{"name":"מים מינרליים","price":6,"vegan":true,"vegetarian":true,"notFood":false,"drinks":true},{"name":"קוקה קולה 1.5 ל'","price":14,"vegan":true,"vegetarian":true,"notFood":false,"drinks":true},{"name":"קולה זירו 1.5 ל'","price":14,"vegan":true,"vegetarian":true,"notFood":false,"drinks":true},{"name":"נסטי אפרסק 1.5 ל'","price":14,"vegan":true,"vegetarian":true,"notFood":false,"drinks":true},{"name":"סודה 1.5 ל'","price":10,"vegan":true,"vegetarian":true,"notFood":false,"drinks":true},{"name":"מים מינרליים 1.5 ל'","price":10,"vegan":true,"vegetarian":true,"notFood":false,"drinks":true}]}