{"track_id":"17302","filters":["pizza","salads","veganFood"],"image":"https://tenbis-static.azureedge.net/restaurant-default-card-image/CuzineType_pizza_02.jpg","address":"חיים עוזר, 1 פתח תקווה","location":[34.8860748,32.0899375],"name":"מנציס פיצה","city":"פתח תקוה - בקעת אונו","priceAverage":21.177083333333332,"menu":[{"name":"מתנה!!! בכל הזמנת משלוח- 5 לחמניות שום! סמנו את המנה.","description":"נא לבצע \"הוספת מנה/פריט\" כדי לקבל את המתנה.\nניתן להוסיף את המנה רק פעם אחת בכל הזמנה.\nאפשר להוסיף מנת 5 לחמניות שום נוספת בתשלום בתפריט המיוחדים. **על מנת לקבל את הלחמניות שום במתנה עליכם להזמין מהתפריט לפחות מנת אוכל אחת.","vegan":true,"vegetarian":true,"image":"https://cdn.paypo.com/images/mantiz/1000/14500_1.jpg","notFood":false,"drinks":false},{"name":"סלט יווני","description":"סלט טרי עם עגבניה,מלפפון,חסה,בצל,זיתים שחורים,בולגרית וזעתר. \nמוגש בצד עם שמן לימון,רוטב שום,אלף האיים.","price":32,"vegan":false,"vegetarian":true,"image":"https://cdn.paypo.com/images/mantiz/1000/14800_3.jpg","notFood":false,"drinks":false},{"name":"סלט טונה","description":"סלט טרי עם עגבניה,מלפפון,חסה,בצל,זיתים ירוקים,תירס,טונה. \nמוגש בצד עם שמן לימון,רוטב שום,אלף האיים.","price":32,"vegan":false,"vegetarian":false,"image":"https://cdn.paypo.com/images/mantiz/1000/14801_5.jpg","notFood":false,"drinks":false},{"name":"סלט ישראלי","description":"סלט טרי עם עגבניה,מלפפון,חסה,בצל,זיתים ירוקים,גמבה,פטריות טריות וביצה קשה.\nמוגש בצד עם שמן לימון,רוטב שום,אלף האיים.","price":32,"vegan":false,"vegetarian":true,"image":"https://cdn.paypo.com/images/mantiz/1000/14802_2.jpg","notFood":false,"drinks":false},{"name":"מגש פיצה ענק","description":"מוגש עם שתיה או תוספת, רוטב שום הבית ותבלינים","price":72,"vegan":false,"vegetarian":true,"image":"https://cdn.paypo.com/images/mantiz/1000/12602_1.jpg","notFood":false,"drinks":false},{"name":"שני מגשי פיצה משפחתית","description":"מוגש עם רוטב שום הבית ותבלינים ","price":88,"vegan":false,"vegetarian":true,"image":"https://cdn.paypo.com/images/mantiz/1000/12603_5.jpg","notFood":false,"drinks":false},{"name":"מגש פיצה משפחתי","description":"מוגש עם רוטב שום הבית ותבלינים","price":52,"vegan":false,"vegetarian":true,"image":"https://cdn.paypo.com/images/mantiz/1000/12601_1.jpg","notFood":false,"drinks":false},{"name":"פיצה אישית","description":"מוגש עם תוספת ","price":25,"vegan":false,"vegetarian":true,"image":"https://cdn.paypo.com/images/mantiz/1000/12600_6.jpg","notFood":false,"drinks":false},{"name":"מיני מנצ'יס","description":"פיצה מיני אישית מחולקת ל 4 משולשים","price":15,"vegan":false,"vegetarian":true,"image":"https://cdn.paypo.com/images/mantiz/1000/12605_1.jpg","notFood":false,"drinks":false},{"name":"טוסט","description":"מוגש עם תוספות לבחירה","price":25,"vegan":true,"vegetarian":true,"image":"https://cdn.paypo.com/images/mantiz/1000/12700_4.jpg","notFood":false,"drinks":false},{"name":"ג`חנון","description":"מוגש עם ביצה, רסק וחריף","price":22,"vegan":false,"vegetarian":true,"image":"https://cdn.paypo.com/images/mantiz/1000/12701_2.jpg","notFood":false,"drinks":false},{"name":"מלאווח","description":"מוגש עם ביצה, רסק וחריף","price":22,"vegan":false,"vegetarian":true,"image":"https://cdn.paypo.com/images/mantiz/1000/12702_2.jpg","notFood":false,"drinks":false},{"name":"מלאווח מגולגל","description":"מוגש עם חומוס, ביצה, רסק וחריף. נא לבחור תוספות רצויות.","price":22,"vegan":false,"vegetarian":true,"image":"https://cdn.paypo.com/images/mantiz/1000/12703_1.jpg","notFood":false,"drinks":false},{"name":"מלאווח פיצה","description":"מוגש עם תוספת לבחירה ","price":28,"vegan":false,"vegetarian":true,"image":"https://cdn.paypo.com/images/mantiz/1000/12704_1.jpg","notFood":false,"drinks":false},{"name":"זיוה","description":"בתוך הזיוה גבינה צהובה ובולגרית בקטנה.\nמוגש עם ביצה, רסק וחריף בצד","price":28,"vegan":false,"vegetarian":true,"image":"https://cdn.paypo.com/images/mantiz/1000/12705_5.jpg","notFood":false,"drinks":false},{"name":"5 לחמניות שום","description":"חמש יחידות","price":15,"vegan":true,"vegetarian":true,"image":"https://cdn.paypo.com/images/mantiz/1000/12706_1.jpg","notFood":false,"drinks":false},{"name":"הקלצונה של מנצ`יס","description":"מאפה ייחודי במגוון תוספות","price":25,"vegan":true,"vegetarian":true,"image":"https://cdn.paypo.com/images/mantiz/1000/12707_6.jpg","notFood":false,"drinks":false},{"name":"מלאווח מנצ`יס","description":"מאפה ממולא בגבינה צהובה ובמגוון תוספות לבחירה.\nמוגש עם ביצה, רסק וחריף בצד.","price":28,"vegan":false,"vegetarian":true,"image":"https://cdn.paypo.com/images/mantiz/1000/12708_1.jpg","notFood":false,"drinks":false},{"name":"לחם שום מוקרם","description":"לחם שום עם גבינה צהובה","price":22,"vegan":false,"vegetarian":true,"image":"https://cdn.paypo.com/images/mantiz/1000/12709_0.jpg","notFood":false,"drinks":false},{"name":"מגש פיצה ענק מוצרלה","description":"פיצה מגבינת מוצרלה איטלקית משובחת","price":78,"vegan":false,"vegetarian":true,"image":"https://cdn.paypo.com/images/mantiz/1000/14300_0.jpg","notFood":false,"drinks":false},{"name":"מגש פיצה משפחתי מוצרלה","description":"פיצה מגבינת מוצרלה איטלקית משובחת","price":56,"vegan":false,"vegetarian":true,"image":"https://cdn.paypo.com/images/mantiz/1000/14301_0.jpg","notFood":false,"drinks":false},{"name":"שני מגשי פיצה משפחתית מוצרלה","description":"פיצה מגבינת מוצרלה איטלקית משובחת","price":96,"vegan":false,"vegetarian":true,"image":"https://cdn.paypo.com/images/mantiz/1000/14302_0.jpg","notFood":false,"drinks":false},{"name":"פיצה אישית מוצרלה","description":"פיצה מגבינת מוצרלה איטלקית משובחת","price":28,"vegan":false,"vegetarian":true,"image":"https://cdn.paypo.com/images/mantiz/1000/14303_0.jpg","notFood":false,"drinks":false},{"name":"פיצה אישית ללא גלוטן","description":"הבצק עשוי מקמח תירס. נאפה בכלים נפרדים מהבצק הרגיל אך נאפה באותו התנור.","price":32,"vegan":false,"vegetarian":true,"image":"https://cdn.paypo.com/images/mantiz/1000/14100_3.jpg","notFood":false,"drinks":false},{"name":"מגש פיצה ענק טבעוני","description":"מוגש עם רוטב שום הבית ותבלינים","price":72,"vegan":false,"vegetarian":true,"image":"https://cdn.paypo.com/images/mantiz/1000/14200_2.jpg","notFood":false,"drinks":false},{"name":"מגש פיצה משפחתי טבעוני","description":"מוגש עם רוטב שום הבית ותבלינים","price":52,"vegan":false,"vegetarian":true,"image":"https://cdn.paypo.com/images/mantiz/1000/14201_0.jpg","notFood":false,"drinks":false},{"name":"פיצה אישית טבעוני","description":"מוגש עם רוטב שום הבית ותבלין","price":25,"vegan":false,"vegetarian":true,"image":"https://cdn.paypo.com/images/mantiz/1000/14203_2.jpg","notFood":false,"drinks":false},{"name":"ג`חנון טבעוני","description":"מוגש עם רסק וחריף","price":22,"vegan":true,"vegetarian":true,"image":"https://cdn.paypo.com/images/mantiz/1000/14204_1.jpg","notFood":false,"drinks":false},{"name":"מלאווח טבעוני","description":"מוגש עם רסק וחריף","price":22,"vegan":true,"vegetarian":true,"image":"https://cdn.paypo.com/images/mantiz/1000/14205_3.jpg","notFood":false,"drinks":false},{"name":"מלאווח מגולגל טבעוני","description":"מוגש עם רסק וחריף","price":22,"vegan":true,"vegetarian":true,"image":"https://cdn.paypo.com/images/mantiz/1000/14206_1.jpg","notFood":false,"drinks":false},{"name":"5 לחמניות שום טבעוני","description":"חמש לחמניות שום","price":15,"vegan":true,"vegetarian":true,"image":"https://cdn.paypo.com/images/mantiz/1000/14207_1.jpg","notFood":false,"drinks":false},{"name":"מלאווח פיצה טבעוני","description":"מוגש עם רוטב שום הבית ותבלין","price":28,"vegan":true,"vegetarian":true,"image":"https://cdn.paypo.com/images/mantiz/1000/14208_0.jpg","notFood":false,"drinks":false},{"name":"זיוה טבעונית","description":"מוגש עם רסק וחריף","price":28,"vegan":true,"vegetarian":true,"image":"https://cdn.paypo.com/images/mantiz/1000/14209_0.jpg","notFood":false,"drinks":false},{"name":"הקלצונה של מנצ`יס טבעוני","description":"פיצה סגורה ממולאת בג.צהובה טבעונית זיתים שחורים בצל עגבניה פטריות ותירס מתובל בממרח שום טעים ומיוחד.","price":25,"vegan":false,"vegetarian":true,"image":"https://cdn.paypo.com/images/mantiz/1000/14210_0.jpg","notFood":false,"drinks":false},{"name":"מלאווח מנצ`יס טבעוני","description":"מלאווח ממולא במגוון תוספות\nמוגש עם רסק וחריף","price":28,"vegan":true,"vegetarian":true,"image":"https://cdn.paypo.com/images/mantiz/1000/14211_3.jpg","notFood":false,"drinks":false},{"name":"שני מגשי פיצה משפחתי טבעוני","description":"מוגש עם רוטב שום הבית ותבלינים","price":88,"vegan":false,"vegetarian":true,"image":"https://cdn.paypo.com/images/mantiz/1000/14213_0.jpg","notFood":false,"drinks":false},{"name":"טוסט טבעוני","description":"כולל תוספות","price":25,"vegan":true,"vegetarian":true,"image":"https://cdn.paypo.com/images/mantiz/1000/14215_1.jpg","notFood":false,"drinks":false},{"name":"פיצה אישית טבעונית ללא גלוטן","description":"מוגש עם רוטב שום הבית ותבלינים","price":32,"vegan":false,"vegetarian":true,"image":"https://cdn.paypo.com/images/mantiz/1000/14216_2.jpg","notFood":false,"drinks":false},{"name":"מיני מנצ'יס טבעוני","description":"פיצה מיני אישית מחולקת ל 4 משולשים","price":15,"vegan":false,"vegetarian":true,"image":"https://cdn.paypo.com/images/mantiz/1000/14219_0.jpg","notFood":false,"drinks":false},{"name":"סלט ירקות טבעוני","description":"סלט טרי ועשיר עם עגבניה,מלפפון,חסה,בצל,זיתים שחורים,תירס,גמבה ופטריות טריות. \nמוגש עם תערובת תיבול","price":32,"vegan":true,"vegetarian":true,"image":"https://cdn.paypo.com/images/mantiz/1000/14220_1.jpg","notFood":false,"drinks":false},{"name":"גביע רוטב שום אדום","price":1,"vegan":true,"vegetarian":true,"notFood":false,"drinks":false},{"name":"גביע רוטב שום לבן","price":1,"vegan":true,"vegetarian":true,"notFood":false,"drinks":false},{"name":"גביע רוטב אלף האיים","price":1,"vegan":true,"vegetarian":true,"notFood":false,"drinks":false},{"name":"בקבוק קוקה קולה חצי ליטר","price":10,"vegan":true,"vegetarian":true,"image":"https://az691702.vo.msecnd.net/images/mantiz/1000/1040200_0.jpg","notFood":false,"drinks":true},{"name":"בקבוק קולה זירו חצי ליטר","price":10,"vegan":true,"vegetarian":true,"image":"https://az691702.vo.msecnd.net/images/mantiz/1000/1040201_0.jpg","notFood":false,"drinks":true},{"name":"בקבוק פיוז טי חצי ליטר","price":10,"vegan":true,"vegetarian":true,"image":"https://az691702.vo.msecnd.net/images/mantiz/1000/1040204_0.jpg","notFood":false,"drinks":true},{"name":"מים מינרלים חצי ליטר","price":8,"vegan":true,"vegetarian":true,"image":"https://cdn.paypo.com/images/mantiz/1000/1040206_1.jpg","notFood":false,"drinks":false},{"name":"בקבוק קוקה קולה זכוכית","price":10,"vegan":true,"vegetarian":true,"image":"https://az691702.vo.msecnd.net/images/mantiz/1000/1040207_1.jpg","notFood":false,"drinks":true},{"name":"פחית קוקה קולה","price":9,"vegan":true,"vegetarian":true,"image":"https://az691702.vo.msecnd.net/images/mantiz/1000/1040208_0.jpg","notFood":false,"drinks":true},{"name":"בקבוק ענבים קטן","price":9,"vegan":true,"vegetarian":true,"image":"https://cdn.paypo.com/images/mantiz/1000/1040210_2.jpg","notFood":false,"drinks":true},{"name":"בקבוק תות בננה קטן","price":9,"vegan":true,"vegetarian":true,"image":"https://cdn.paypo.com/images/mantiz/1000/1040211_1.jpg","notFood":false,"drinks":true},{"name":"בקבוק לימונדה קטן","price":9,"vegan":true,"vegetarian":true,"image":"https://cdn.paypo.com/images/mantiz/1000/1040214_1.jpg","notFood":false,"drinks":true},{"name":"בקבוק סודה","price":8,"vegan":true,"vegetarian":true,"image":"https://az691702.vo.msecnd.net/images/mantiz/1000/1040216_0.jpg","notFood":false,"drinks":true},{"name":"פחית XL","price":9,"vegan":true,"vegetarian":true,"image":"https://az691702.vo.msecnd.net/images/mantiz/1000/1040217_0.jpg","notFood":false,"drinks":false},{"name":"טרופית","price":6,"vegan":true,"vegetarian":true,"image":"https://az691702.vo.msecnd.net/images/mantiz/1000/1040218_0.jpg","notFood":false,"drinks":false},{"name":"פחית ספרייט","price":9,"vegan":true,"vegetarian":true,"image":"https://az691702.vo.msecnd.net/images/mantiz/1000/1040219_0.jpg","notFood":false,"drinks":true},{"name":"פחית קולה זירו","price":9,"vegan":true,"vegetarian":true,"image":"https://cdn.paypo.com/images/mantiz/1000/1040223_0.jpg","notFood":false,"drinks":true},{"name":"XL שחור ללא סוכר","price":9,"vegan":true,"vegetarian":true,"image":"https://cdn.paypo.com/images/mantiz/1000/1040225_0.jpg","notFood":false,"drinks":false},{"name":"בקבוק מים בטעמים תפוח חצי ליטר","price":10,"vegan":true,"vegetarian":true,"image":"https://cdn.paypo.com/images/mantiz/1000/1040226_0.jpg","notFood":false,"drinks":true},{"name":"בקבוק מים בטעמים ענבים חצי ליטר","price":10,"vegan":true,"vegetarian":true,"image":"https://cdn.paypo.com/images/mantiz/1000/1040227_0.jpg","notFood":false,"drinks":true},{"name":"תות בננה 1.5 ליטר","price":15,"vegan":true,"vegetarian":true,"image":"https://cdn.paypo.com/images/mantiz/1000/1040005_1.jpg","notFood":false,"drinks":false},{"name":"מנגו 1.5 ליטר","price":15,"vegan":true,"vegetarian":true,"image":"https://cdn.paypo.com/images/mantiz/1000/1040006_1.jpg","notFood":false,"drinks":false},{"name":"ענבים 1.5 ליטר","price":15,"vegan":true,"vegetarian":true,"image":"https://cdn.paypo.com/images/mantiz/1000/1040007_2.jpg","notFood":false,"drinks":true},{"name":"מים מינרליים 1.5 ליטר","price":10,"vegan":true,"vegetarian":true,"image":"https://cdn.paypo.com/images/mantiz/1000/1040010_2.jpg","notFood":false,"drinks":true},{"name":"פיוז טי אפרסק 1.5 ליטר","price":15,"vegan":true,"vegetarian":true,"image":"https://cdn.paypo.com/images/mantiz/1000/1040011_1.jpg","notFood":false,"drinks":false},{"name":"מים בטעמים אפרסק 1.5 ליטר","price":15,"vegan":true,"vegetarian":true,"image":"https://cdn.paypo.com/images/mantiz/1000/1040012_2.jpg","notFood":false,"drinks":false},{"name":"מים בטעמים תפוח 1.5 ליטר","price":15,"vegan":true,"vegetarian":true,"image":"https://cdn.paypo.com/images/mantiz/1000/1040013_1.jpg","notFood":false,"drinks":false},{"name":"מים בטעמים ענבים 1.5 ליטר","price":15,"vegan":true,"vegetarian":true,"image":"https://cdn.paypo.com/images/mantiz/1000/1040014_3.jpg","notFood":false,"drinks":true},{"name":"פיוז טי לימון לואיזה 1.5 ליטר","price":15,"vegan":true,"vegetarian":true,"image":"https://cdn.paypo.com/images/mantiz/1000/1040016_0.jpg","notFood":false,"drinks":false},{"name":"קוקה קולה 1.5 ליטר","price":15,"vegan":true,"vegetarian":true,"notFood":false,"drinks":true},{"name":"קולה זירו 1.5 ליטר","price":15,"vegan":true,"vegetarian":true,"notFood":false,"drinks":true},{"name":"פאנטה 1.5 ליטר","price":15,"vegan":true,"vegetarian":true,"notFood":false,"drinks":false},{"name":"ספרייט 1.5 ליטר","price":15,"vegan":true,"vegetarian":true,"notFood":false,"drinks":true},{"name":"קרלסברג חצי ליטר","price":15,"vegan":true,"vegetarian":true,"image":"https://d25t2285lxl5rf.cloudfront.net/images/dishes/0f123bbd-98d5-4832-aa43-633c37a42696.jpg","notFood":false,"drinks":false},{"name":"טובורג חצי ליטר","price":15,"vegan":true,"vegetarian":true,"image":"https://d25t2285lxl5rf.cloudfront.net/images/dishes/d84d7edd-f7b5-419d-a621-2d05475cef83.jpg","notFood":false,"drinks":false},{"name":"בירה שחורה חצי ליטר","price":12,"vegan":true,"vegetarian":true,"image":"https://d25t2285lxl5rf.cloudfront.net/images/dishes/4a278720-b92a-4545-a56c-3c68940de4ef.jpg","notFood":false,"drinks":true},{"name":"קורונה","price":16,"vegan":true,"vegetarian":true,"image":"https://az691702.vo.msecnd.net/images/mantiz/1000/1040303_0.jpg","notFood":false,"drinks":false},{"name":"מגנום שקדים","price":13,"vegan":true,"vegetarian":true,"image":"https://cdn.paypo.com/images/mantiz/1000/13300_2.jpg","notFood":false,"drinks":false},{"name":"טילון קטן וניל","price":10,"vegan":true,"vegetarian":true,"image":"https://cdn.paypo.com/images/mantiz/1000/13302_3.jpg","notFood":false,"drinks":false},{"name":"קסטה מרובעת","price":9,"vegan":true,"vegetarian":true,"image":"https://az691702.vo.msecnd.net/images/mantiz/1000/13306_0.jpg","notFood":false,"drinks":false},{"name":"מצופה שוקו שוקו","price":8,"vegan":true,"vegetarian":true,"image":"https://cdn.paypo.com/images/mantiz/1000/13307_1.jpg","notFood":false,"drinks":false},{"name":"ארטיק קרח","price":5,"vegan":true,"vegetarian":true,"image":"https://az691702.vo.msecnd.net/images/mantiz/1000/13311_0.jpg","notFood":false,"drinks":false},{"name":"מצופה שוקו בננה","price":8,"vegan":true,"vegetarian":true,"image":"https://cdn.paypo.com/images/mantiz/1000/13314_1.jpg","notFood":false,"drinks":false},{"name":"מגנום שוקלד לבן","price":13,"vegan":true,"vegetarian":true,"image":"https://cdn.paypo.com/images/mantiz/1000/13318_1.jpg","notFood":false,"drinks":false},{"name":"מגנום שוקולד","price":13,"vegan":false,"vegetarian":true,"image":"https://cdn.paypo.com/images/mantiz/1000/13319_2.jpg","notFood":false,"drinks":false},{"name":"מגנום דאבל קרמל בננה","price":13,"vegan":true,"vegetarian":true,"image":"https://cdn.paypo.com/images/mantiz/1000/13320_3.jpg","notFood":false,"drinks":false},{"name":"טילון גדול פקאן","price":13,"vegan":true,"vegetarian":true,"image":"https://cdn.paypo.com/images/mantiz/1000/13321_3.jpg","notFood":false,"drinks":false},{"name":"טילון גדול מגנום","price":13,"vegan":true,"vegetarian":true,"image":"https://cdn.paypo.com/images/mantiz/1000/13322_2.jpg","notFood":false,"drinks":false},{"name":"מגנום דואט שוקלד חלב ושוקלד לבן","price":13,"vegan":false,"vegetarian":true,"image":"https://cdn.paypo.com/images/mantiz/1000/13327_0.jpg","notFood":false,"drinks":false},{"name":"פסק זמן","price":11,"vegan":true,"vegetarian":true,"image":"https://cdn.paypo.com/images/mantiz/1000/13328_0.jpg","notFood":false,"drinks":false},{"name":"בומבה","price":10,"vegan":true,"vegetarian":true,"image":"https://cdn.paypo.com/images/mantiz/1000/13329_0.jpg","notFood":false,"drinks":false},{"name":"מגנום פירות יער","price":13,"vegan":true,"vegetarian":true,"image":"https://cdn.paypo.com/images/mantiz/1000/13332_1.jpg","notFood":false,"drinks":false},{"name":"מגנום פסק זמן נוגט ושוקלד","price":13,"vegan":true,"vegetarian":true,"image":"https://cdn.paypo.com/images/mantiz/1000/13335_0.jpg","notFood":false,"drinks":false},{"name":"מגנום לבן עוגיות","price":12,"vegan":true,"vegetarian":true,"image":"https://cdn.paypo.com/images/mantiz/1000/13340_0.jpg","notFood":false,"drinks":false},{"name":"טילון קטן בראוניס קליק","price":9,"vegan":true,"vegetarian":true,"image":"https://cdn.paypo.com/images/mantiz/1000/13343_1.jpg","notFood":false,"drinks":false},{"name":"טילון קטן מרשמלו","price":10,"vegan":true,"vegetarian":true,"image":"https://cdn.paypo.com/images/mantiz/1000/13346_0.jpg","notFood":false,"drinks":false},{"name":"מגנום לבן תות","description":"שוקלד לבן ותות","price":13,"vegan":true,"vegetarian":true,"notFood":false,"drinks":false}]}