{"track_id":"17311","filters":["veganFood","meatGrill","fish"],"image":"https://tenbis-static.azureedge.net/restaurant-default-card-image/CuzineType_meatgrill_12.jpg","address":"משכית, 32 הרצליה","location":[34.8096736,32.1624063],"name":"ליב","city":"הרצליה - רמת השרון","priceAverage":57,"menu":[{"name":"עסקית בשר","description":"מנה בשרית,  סלט לצד המנה העיקרית ותוספות לבחירה","price":59,"vegan":false,"vegetarian":false,"image":"https://d25t2285lxl5rf.cloudfront.net/images/dishes/eb010679-a899-4c42-a7e6-183317d8b806.jpg","notFood":false,"drinks":false},{"name":"עסקית עוף","description":"מנה בשרית,  סלט לצד המנה העיקרית ותוספות לבחירה","price":58,"vegan":false,"vegetarian":false,"image":"https://d25t2285lxl5rf.cloudfront.net/images/dishes/a749ce5a-88ae-4d2d-b57c-36cfd67c91b0.jpg","notFood":false,"drinks":false},{"name":"עסקית סלמון","description":"מנת דג,  סלט לצד המנה העיקרית ותוספות לבחירה","price":64,"vegan":false,"vegetarian":false,"image":"https://d25t2285lxl5rf.cloudfront.net/images/dishes/034cd3e7-c4ac-4554-a267-8d765613f2f5.jpg","notFood":false,"drinks":false},{"name":"אנטיפסטי ירקות, דגנים וטחינה הר ברכה - טבעוני","description":"","price":52,"vegan":false,"vegetarian":false,"image":"","notFood":false,"drinks":false},{"name":"ממולאים טבעוניים","description":"פלפלים ממולאים בפריקי, בורגול נורסי, תבלינים ועשבי תיבול","price":52,"vegan":true,"vegetarian":true,"image":"","notFood":false,"drinks":false}]}