{"track_id":"17419","filters":["japaneseSushi","asianFusion"],"image":"https://tenbis-static.azureedge.net/restaurant-card-image/ResCard_17419_1910030505.jpg","address":"מוטה גור, 9 פתח תקווה","location":[34.8648548,32.0940762],"name":"סושי במושבה","city":"בני ברק","priceAverage":76.4054054054054,"menu":[{"name":"ניו יורק סלמון","description":"סלמון,אבוקדו  וסומסום למעלה","price":39,"vegan":false,"vegetarian":false,"image":"https://d25t2285lxl5rf.cloudfront.net/images/dishes/ee9be509-1bf0-4f9b-ab14-ebc744ef310f.jpg","notFood":false,"drinks":false},{"name":"קומבינציה רגילה","description":" 2 רולים: רול ניו יורק ורול פילדלפיה","price":75,"vegan":true,"vegetarian":true,"image":"https://d25t2285lxl5rf.cloudfront.net/images/dishes/6b00c33d-c801-4bb1-a51d-5e5f86fc71bd.jpg","notFood":false,"drinks":false},{"name":"סנדביץ סלמון","description":"סלמון, אבוקדו בטטה, וסומסום מלמעלה","price":40,"vegan":false,"vegetarian":false,"image":"https://d25t2285lxl5rf.cloudfront.net/images/dishes/f158db97-d64e-4fb3-b8d1-68132548ca52.jpg","notFood":false,"drinks":false},{"name":"סן פרנסיסקו","description":"טונה אדומה , אבוקדו, מלפפון ולמעלה סלמון.","price":55,"vegan":false,"vegetarian":false,"image":"https://d25t2285lxl5rf.cloudfront.net/images/dishes/5df9b123-369b-4bd5-b2f4-d0e64d395487.jpg","notFood":false,"drinks":false},{"name":"פילדלפיה","description":"סלמון,אבוקדו, מלפפון,גבינת שמנת וסומסום למעלה","price":39,"vegan":false,"vegetarian":false,"image":"https://d25t2285lxl5rf.cloudfront.net/images/dishes/5efc3940-4b6c-4713-9140-ba80778b2815.jpg","notFood":false,"drinks":false},{"name":"סאן סט רול","description":"סלמון מטוגן עם מיונז, בצל ירוק, בטטה, אבוקדו ולמעלה סלמון צרוב וקריספי בטטה","price":55,"vegan":false,"vegetarian":false,"image":"https://d25t2285lxl5rf.cloudfront.net/images/dishes/6b1b1d5a-51fb-4ca7-99ea-c45050b85629.jpg","notFood":false,"drinks":false},{"name":"ניתן לבחור סושי עם אורז ללא סוכר בבחירת המנה","description":"","price":0,"vegan":true,"vegetarian":true,"image":"","notFood":false,"drinks":false},{"name":"עסקית באן","description":"רול ניו יורק סלמון ( 8 יח סלמון ואבוקדו)\nבאן ויאטנמי (לחם מאודה ויאטנמי ) פרגיות, חסה, נענע,כוזברה, צנון, בצל לבן.\nמרק תירס קטן (תירס, חלב קוקוס, אטריות שעועית, שמנת, ביצים)","price":75,"vegan":false,"vegetarian":false,"image":"","notFood":false,"drinks":false},{"name":"עסקית ספרינג רול","description":"רול ניו יורק סלמון ( 8 יח סלמון ואבוקדו)\nספרינג רול ואטנמי (2 יח צמחוני)\nמרק תירס קטן (תירס, חלב קוקוס, אטריות שעועית, שמנת, ביצים)","price":75,"vegan":false,"vegetarian":false,"image":"","notFood":false,"drinks":false},{"name":"באן ויאטנמי 1 יח","description":"1 יחידה באן עם פרגיות, חסה, בצל, צנון כוזברה, נענע, רוטב ספייסי מיונז","price":25,"vegan":false,"vegetarian":false,"image":"https://d25t2285lxl5rf.cloudfront.net/images/dishes/88ad51b6-0fb7-4e25-98f2-72bb651f22a4.jpg","notFood":false,"drinks":false},{"name":"באן ויאטנמי - 2 יח","description":"2 יחידות באן עם פרגיות, חסה, בצל, צנון כוזברה, נענע, רוטב ספייסי מיונז","price":48,"vegan":false,"vegetarian":false,"image":"https://d25t2285lxl5rf.cloudfront.net/images/dishes/9b3ef7bc-8930-475c-9d4e-c31424e8780c.jpg","notFood":false,"drinks":false},{"name":"באן ויאטנמי - 3 יח","description":"3 יחידות באן עם פרגיות, חסה, בצל, צנון כוזברה, נענע, רוטב ספייסי מיונז","price":70,"vegan":false,"vegetarian":false,"image":"","notFood":false,"drinks":false},{"name":"ספרינג רול צמחוני קטן","description":"2 יחידות","price":30,"vegan":true,"vegetarian":true,"image":"https://d25t2285lxl5rf.cloudfront.net/images/dishes/59b673be-4f2a-445c-aea2-73dc5f3e2f93.jpg","notFood":false,"drinks":false},{"name":"ספרינג רול צמחוני גדול","description":"5 יחידות","price":65,"vegan":true,"vegetarian":true,"image":"https://d25t2285lxl5rf.cloudfront.net/images/dishes/ea16b4d3-856f-4098-bc60-b130ba83ec61.jpg","notFood":false,"drinks":false},{"name":"ספרינג רול עוף קטן","description":"2 יחידות","price":35,"vegan":false,"vegetarian":false,"image":"","notFood":false,"drinks":false},{"name":"ספרינג רול עוף גדול","description":"5 יחידות","price":75,"vegan":false,"vegetarian":false,"image":"","notFood":false,"drinks":false},{"name":"סלט איטריות עוף","description":"פרגיות, אטריות אורז, מלפפון, קוסברה, נענע, חסה, נבטים, עירית, חמוצים ויאטנמים, בוטנים.","price":65,"vegan":false,"vegetarian":false,"image":"https://d25t2285lxl5rf.cloudfront.net/images/dishes/578282ae-f46e-440d-865c-c2cef700287b.jpg","notFood":false,"drinks":false},{"name":"סלט אטריות טופו","description":"טופו, אטריות אורז, מלפפון, קוסברה, נענע, חסה, נבטים, עירית, חמוצים ויאטנמים, בוטנים.","price":58,"vegan":true,"vegetarian":true,"image":"https://d25t2285lxl5rf.cloudfront.net/images/dishes/5706eaaa-ca83-4565-a494-8d744be95ec5.jpg","notFood":false,"drinks":false},{"name":"סלט סלמון טורו","description":"סלמון צרוב, אטריות אורז, אצות וואקמה, מלפפון, סומסום, בצל ירוק, רוטב.","price":55,"vegan":false,"vegetarian":false,"image":"","notFood":false,"drinks":false},{"name":"קערת סושי טבעונית","description":"קערה עם אורז סושי, טופו, אבוקדו, מלפפון, גזר, בטטה קריספי, עירית, אצה וסומסום","price":55,"vegan":true,"vegetarian":true,"image":"","notFood":false,"drinks":false},{"name":"קערת סושי סלמון","description":"קערה עם אורז סושי, סלמון, אבוקדו, עירית, מלפפון, בטטה קריספי, אצה וסומסום","price":75,"vegan":false,"vegetarian":false,"image":"","notFood":false,"drinks":false},{"name":"קערת סושי סלמון צלוי","description":"קערה עם אורז סושי, סלמון צלוי, אבוקדו, עירית, מלפפון, בטטה קריספי, אצה וסומסום","price":75,"vegan":false,"vegetarian":false,"image":"","notFood":false,"drinks":false},{"name":"קערת סושי מיקס","description":"קערה עם אורז סושי, סלמון, טונה, ילוטייל, סיבאס, אבוקדו, עירית, מלפפון, אצה וסומסום","price":85,"vegan":false,"vegetarian":false,"image":"","notFood":false,"drinks":false},{"name":"קערת סושי שריפס","description":"קערה עם אורז סושי, שרימפס מאודה, אבוקדו, מלפפון, גזר, עירית, אצה וסומסום","price":85,"vegan":false,"vegetarian":false,"image":"","notFood":false,"drinks":false},{"name":"קערת סושי עוף","description":"קערה עם אורז סושי, חזה עוף בטרייקי, אבוקדו, מלפפון, גזר, עירית, אצה וסומסום ","price":65,"vegan":false,"vegetarian":false,"image":"","notFood":false,"drinks":false},{"name":"סלט אטריות שרימפס","description":"שרימפס, אטריות אורז, מלפפון, קוסברה, נענע, חסה, נבטים, עירית, חמוצים ויאטנמים, בוטנים.","price":70,"vegan":false,"vegetarian":false,"image":"","notFood":false,"drinks":false},{"name":"מרק פו גא","description":"אטריות אורז, עוף, נבטים, בצל ירוק ולבן, בזיליקום.","price":58,"vegan":false,"vegetarian":false,"image":"https://d25t2285lxl5rf.cloudfront.net/images/dishes/82b52365-da2b-40f3-bc2e-c98564094f8b.jpg","notFood":false,"drinks":false},{"name":"מרק אודון עוף","description":"אטריות אודון, עוף, פטריות שיטאקי, ברוקולי, בצל ירוק, שאלוט, ושום.","price":58,"vegan":false,"vegetarian":false,"image":"https://d25t2285lxl5rf.cloudfront.net/images/dishes/35e5c8cb-72be-45cc-80ee-4b7fae4165cd.jpg","notFood":false,"drinks":false},{"name":"מרק אודון טופו","description":"אטריות אודון על בסיס ציר עוף, טופו, פטריות שיטאקי, ברוקולי, בצל ירוק, שאלוט, ושום","price":58,"vegan":false,"vegetarian":false,"image":"https://d25t2285lxl5rf.cloudfront.net/images/dishes/0cacaa33-fe6f-4aea-8867-e569385a5b0c.jpg","notFood":false,"drinks":false},{"name":"מרק טום יאם עוף","description":"עוף, עגבניות שרי, פיטריות, בצל, כוסברה, גלנגל, למון גראס. עם חלב קוקוס. חריף. מוגש עם אורז מאודה.","price":58,"vegan":false,"vegetarian":false,"image":"https://d25t2285lxl5rf.cloudfront.net/images/dishes/3a74648b-1451-40a2-9b18-34aad482fb5b.jpg","notFood":false,"drinks":false},{"name":"מרק טום יאם טופו","description":"טופו, עגבניות שרי, פיטריות, בצל, כוסברה, גלנגל, למון גראס. עם חלב קוקוס על בסיס ציר עוף. חריף. מוגש עם אורז מאודה.","price":58,"vegan":false,"vegetarian":false,"image":"https://d25t2285lxl5rf.cloudfront.net/images/dishes/06fb047e-3e1c-41e1-ad71-cc311f1762f2.jpg","notFood":false,"drinks":false},{"name":"מרק טום יאם שרימפס","description":"שרימפס, עגבניות שרי, פיטריות, בצל, כוסברה, גלנגל, למון גראס. עם חלב קוקוס. חריף. מוגש עם אורז מאודה.","price":65,"vegan":false,"vegetarian":false,"image":"https://d25t2285lxl5rf.cloudfront.net/images/dishes/01e47979-bda5-4766-9ed9-2067ab00cf52.jpg","notFood":false,"drinks":false},{"name":"מרק תירס קטן","description":"תירס, אטריות שעועית, חלב קוקוס, שמנת, ביצים.","price":25,"vegan":false,"vegetarian":true,"image":"","notFood":false,"drinks":false},{"name":"מרק תירס גדול","description":"תירס, אטריות שעועית, חלב קוקוס, שמנת, ביצים.","price":58,"vegan":false,"vegetarian":true,"image":"","notFood":false,"drinks":false},{"name":"מרק ראמן פרגיות","description":"פרגיות, טקואן (צנון יפני), בצל ירוק, אצת נורי, ביצה, סומסום.","price":65,"vegan":false,"vegetarian":false,"image":"","notFood":false,"drinks":false},{"name":"מרק אודון שרימפס","description":"אטריות אודון על בסיס ציר עוף, שרימפס, פטריות שיטאקי, ברוקולי, בצל ירוק, שאלוט, ושום","price":65,"vegan":false,"vegetarian":false,"image":"","notFood":false,"drinks":false},{"name":"מרק קוט יאו","description":"איטריות אורז על בסיס ציר עוף, עוף, טופו, נבטים, ברוקולי, בצל לירוק, בצל לבן.","price":58,"vegan":false,"vegetarian":false,"image":"","notFood":false,"drinks":false},{"name":"ניגירי סלמון","description":"1 יח'","price":10,"vegan":false,"vegetarian":false,"image":"","notFood":false,"drinks":false},{"name":"ניגירי טונה","description":"1 יח'","price":12,"vegan":false,"vegetarian":false,"image":"","notFood":false,"drinks":false},{"name":"ניגירי דניס","description":"1 יח'","price":12,"vegan":false,"vegetarian":false,"image":"","notFood":false,"drinks":false},{"name":"ניגירי ילוטייל","description":"1 יח'","price":15,"vegan":false,"vegetarian":false,"image":"","notFood":false,"drinks":false},{"name":"ניגירי צמחוני","description":"","price":5,"vegan":true,"vegetarian":true,"image":"","notFood":false,"drinks":false},{"name":"ניגירי סי באס","description":"1 יח'","price":12,"vegan":true,"vegetarian":true,"image":"","notFood":false,"drinks":false},{"name":"סן פרנסיסקו","description":"טונה אדומה , אבוקדו, מלפפון ולמעלה סלמון.","price":55,"vegan":false,"vegetarian":false,"image":"https://d25t2285lxl5rf.cloudfront.net/images/dishes/5df9b123-369b-4bd5-b2f4-d0e64d395487.jpg","notFood":false,"drinks":false},{"name":"ספייסי טונה","description":"טונה אדומה ,טוביקו,אבוקדו,מלפפון,בצל ירוק,ספייסי מיונז וטונה אדומה למעלה .","price":55,"vegan":false,"vegetarian":false,"image":"https://d25t2285lxl5rf.cloudfront.net/images/dishes/144f38a4-533d-436d-80a9-3025a745d1a7.jpg","notFood":false,"drinks":false},{"name":"ספייסי סלמון","description":"סלמון,טוביקו,אבוקדו,מלפפון,בצק ירוק,ספייסי מיונז וסלמון למעלה","price":55,"vegan":false,"vegetarian":false,"image":"https://d25t2285lxl5rf.cloudfront.net/images/dishes/ba9ccaa0-12df-4730-8eb6-f560da5c19c1.jpg","notFood":false,"drinks":false},{"name":"דניס רול","description":"סלמון,מלפפון,בצל ירוק,דניס ואבוקדו למעלה","price":55,"vegan":false,"vegetarian":false,"image":"https://d25t2285lxl5rf.cloudfront.net/images/dishes/2581746f-7f88-4746-ba64-11aebcc50404.jpg","notFood":false,"drinks":false},{"name":"רול סלט סלמון","description":"סלמון,טאמאגו,קמפיו,מלפפון ומלמעלה:אבוקדו,סלמון","price":55,"vegan":false,"vegetarian":false,"image":"https://d25t2285lxl5rf.cloudfront.net/images/dishes/bfc06427-b169-4e57-b804-b8e57a361a9a.jpg","notFood":false,"drinks":false},{"name":"ואסאבי סלמון","description":"סלמון,מלפפון,בצק ירוק,וואסבי ולמעלה סלמון,טוביקו וטאקואן","price":50,"vegan":false,"vegetarian":false,"image":"https://d25t2285lxl5rf.cloudfront.net/images/dishes/88673020-6b0a-42c7-a6b5-a6a9808c9eaa.jpg","notFood":false,"drinks":false},{"name":"קליפורניה","description":"סלמון אבוקדו,מלפפון ולמעלה טוביקו","price":55,"vegan":false,"vegetarian":false,"image":"https://d25t2285lxl5rf.cloudfront.net/images/dishes/aa40010e-4946-4180-afcd-b6bb8f0eff20.jpg","notFood":false,"drinks":false},{"name":"לאס וגאס","description":"טונה אדומה,מלפפון,בצל ירוק ולמעלה אבוקדו","price":48,"vegan":false,"vegetarian":false,"image":"https://d25t2285lxl5rf.cloudfront.net/images/dishes/4b92ec2b-0cd0-497c-9cff-29d42455b709.jpg","notFood":false,"drinks":false},{"name":"רול מטוגן","description":"רול מטוגן בטמפורה עם סלמון אבוקדו בצל ירוק ובטטה בפנים","price":40,"vegan":false,"vegetarian":false,"image":"https://d25t2285lxl5rf.cloudfront.net/images/dishes/491409f3-1314-4a10-be6f-30e3543bd39e.jpg","notFood":false,"drinks":false},{"name":"וואשינגטון","description":"לוקוס מטוגן,מלפפון,ספייסי מיונז ולמעלה אבוקדו","price":45,"vegan":false,"vegetarian":true,"image":"https://d25t2285lxl5rf.cloudfront.net/images/dishes/9cd4598f-671b-41e0-999c-68f22cb8f8ce.jpg","notFood":false,"drinks":false},{"name":"פור סיזון מאקי","description":"טונה אדומה ,סלמון,אבוקדו,אורז","price":50,"vegan":false,"vegetarian":false,"image":"https://d25t2285lxl5rf.cloudfront.net/images/dishes/1db2bcab-4fbc-4eca-982e-bfceee68b635.jpg","notFood":false,"drinks":false},{"name":"איקורה","description":"סלמון, אבוקדו ולמעלה איקורה- קויאר סלמון","price":55,"vegan":false,"vegetarian":false,"image":"https://d25t2285lxl5rf.cloudfront.net/images/dishes/e14d18c2-08e2-46f9-b73c-a3d05e8924fc.jpg","notFood":false,"drinks":false},{"name":"עירית רול","description":"טונה,סלמון,אבוקדו ולמעלה עירית","price":50,"vegan":false,"vegetarian":false,"image":"https://d25t2285lxl5rf.cloudfront.net/images/dishes/411fc280-1b41-4d47-b749-d78e11ff1319.jpg","notFood":false,"drinks":false},{"name":"אלסקה","description":"סלמון,גבינת שמנת,עירית ולמעלה אבוקדו וסומסום.","price":45,"vegan":false,"vegetarian":false,"image":"https://d25t2285lxl5rf.cloudfront.net/images/dishes/181873e6-4ab6-4a74-838d-094ed32ff621.jpg","notFood":false,"drinks":false},{"name":"לוקוס סלמון רול","description":"לוקוס מטוגן,אבוקדו,מיונז,ולמעלה סלמון צרוב ואיקורה","price":58,"vegan":false,"vegetarian":false,"image":"https://d25t2285lxl5rf.cloudfront.net/images/dishes/edecb1df-11a5-4efd-bd5b-5c22effc1b66.jpg","notFood":false,"drinks":false},{"name":"סאן סט רול","description":"סלמון מטוגן עם מיונז, בצל ירוק, בטטה, אבוקדו ולמעלה סלמון צרוב וקריספי בטטה","price":55,"vegan":false,"vegetarian":false,"image":"https://d25t2285lxl5rf.cloudfront.net/images/dishes/6b1b1d5a-51fb-4ca7-99ea-c45050b85629.jpg","notFood":false,"drinks":false},{"name":"ווסאבי טונה","description":"טונה,מלפפון,בצל ירוק,וואסבי ולמעלה טונה,טוביקו וטאקואן","price":50,"vegan":false,"vegetarian":false,"image":"","notFood":false,"drinks":false},{"name":"דרגון","description":"פוטומאקי (5 יח) סלומון מטוגן,טוביקו,מלפפון,אבוקדו,בצל ירוק, ספייסי מיונז","price":40,"vegan":false,"vegetarian":true,"image":"","notFood":false,"drinks":false},{"name":"סלמון אבוקדו מטוגן","description":"רול מטוגן בטמפורה עם סלמון ואבוקדו בפנים","price":40,"vegan":false,"vegetarian":false,"image":"","notFood":false,"drinks":false},{"name":"מאקי מטוגן","description":"סלמון,אבוקדו וקנפיו","price":40,"vegan":false,"vegetarian":false,"image":"","notFood":false,"drinks":false},{"name":"סומו פוטומאקי (5 יח')","description":"גבינת שמנת,סלמון,טונה,דניס,סורימי,אבוקדו","price":45,"vegan":false,"vegetarian":false,"image":"","notFood":false,"drinks":false},{"name":"וויט האוס רול","description":"לוקוס מטוגן,מלפפון,בצק ירוק ולמעלה אבוקדו ודניס","price":55,"vegan":false,"vegetarian":false,"image":"","notFood":false,"drinks":false},{"name":"מיקס רול (5 יחידות)","description":"ילו טייל,טונה,סלמון,דניס,אבוקדו,בצק ירוק ולמעלה סומסום","price":45,"vegan":false,"vegetarian":false,"image":"","notFood":false,"drinks":false},{"name":"רול סלמון מעושן","description":"רול סלמון מעושן עם אבוקדו וסמסום למעלה","price":40,"vegan":false,"vegetarian":false,"image":"","notFood":false,"drinks":false},{"name":"רול סלמון מעושן וגבינת שמנת","description":"סלמון מעושן עם אבוקדו, גבינת שמנת, בצל ירוק וסומסום למעלה","price":40,"vegan":false,"vegetarian":false,"image":"","notFood":false,"drinks":false},{"name":"רול סלט טונה","description":"טונה מקופסא, ספייסי מיונז, בצל ירוק, מלפפון ולמעלה אבוקדו","price":37,"vegan":false,"vegetarian":false,"image":"","notFood":false,"drinks":false},{"name":"פוג'י רול","description":"סלמון, אבוקדו, גבינת שמנת ועירית ולמעלה סלמון וסומסום","price":55,"vegan":false,"vegetarian":false,"image":"","notFood":false,"drinks":false},{"name":"ניו יורק סיבאס","description":"סי באס, אבוקדו, מלפפון ולמעלה סומסום","price":40,"vegan":true,"vegetarian":true,"image":"","notFood":false,"drinks":false},{"name":"ניו יורק ילוטייל","description":"ילוטייל, אבוקדו, מלפפון ולמעלה סומסום","price":45,"vegan":false,"vegetarian":false,"image":"","notFood":false,"drinks":false},{"name":"פוטו סיבאס","description":"סיבאס, אבוקדו, ואצה מסביב","price":40,"vegan":true,"vegetarian":true,"image":"","notFood":false,"drinks":false},{"name":"פוטו ילוטייל","description":"ילוטייל, אבוקדו, ואצה מסביב","price":45,"vegan":false,"vegetarian":false,"image":"","notFood":false,"drinks":false},{"name":"סיבאס רול","description":"סיבאס, מלפפון, עירית, ולמעלה אבוקדו וסומסום","price":45,"vegan":true,"vegetarian":true,"image":"","notFood":false,"drinks":false},{"name":"ילוטייל רול","description":"ילוטייל, מלפפון, עירית ולמעלה אבוקדו וסומסום","price":50,"vegan":false,"vegetarian":false,"image":"","notFood":false,"drinks":false},{"name":"ניו יורק סלמון","description":"סלמון,אבוקדו  וסומסום למעלה","price":39,"vegan":false,"vegetarian":false,"image":"https://d25t2285lxl5rf.cloudfront.net/images/dishes/ee9be509-1bf0-4f9b-ab14-ebc744ef310f.jpg","notFood":false,"drinks":false},{"name":"פילדלפיה","description":"סלמון,אבוקדו, מלפפון,גבינת שמנת וסומסום למעלה","price":39,"vegan":false,"vegetarian":false,"image":"https://d25t2285lxl5rf.cloudfront.net/images/dishes/5efc3940-4b6c-4713-9140-ba80778b2815.jpg","notFood":false,"drinks":false},{"name":"צמחוני","description":"קמפיו,מלפפון,בטטה,טמאגו ואבוקדו למעלה","price":30,"vegan":false,"vegetarian":true,"image":"https://d25t2285lxl5rf.cloudfront.net/images/dishes/2eddbd6c-40c8-4767-a087-57addc1ca7ff.jpg","notFood":false,"drinks":false},{"name":"צמחוני מיוחד","description":"בפנים גבינת שמנת, גזר, אבוקדו, בצל ירוק, ולמעלה בטטה","price":30,"vegan":false,"vegetarian":true,"image":"https://d25t2285lxl5rf.cloudfront.net/images/dishes/43fa468c-3dbd-4425-bfa7-60b7a7a36b9f.jpg","notFood":false,"drinks":false},{"name":"טבעוני","description":"אבוקדו,בטטה וסומסום למעלה","price":30,"vegan":true,"vegetarian":true,"image":"https://d25t2285lxl5rf.cloudfront.net/images/dishes/6b067e71-e445-4973-a888-6b648d94a6f1.jpg","notFood":false,"drinks":false},{"name":"פוטומאקי טבעוני","description":"טופו מטוגן,מלפפון,אבוקדו,בטטה,קנפיו,בצל ירוק,טקואן","price":30,"vegan":true,"vegetarian":true,"image":"https://d25t2285lxl5rf.cloudfront.net/images/dishes/26e2e7d1-81b4-4b43-a40e-38c557709722.jpg","notFood":false,"drinks":false},{"name":"מאקי סלמון ילדים","description":"מאקי עם סלמון אורז ואצה בחוץ","price":28,"vegan":false,"vegetarian":false,"image":"https://d25t2285lxl5rf.cloudfront.net/images/dishes/6b2b1459-19a9-4b0a-ac22-85d8e57abd40.jpg","notFood":false,"drinks":false},{"name":"פוטומאקי דניס","description":"דניס, אבוקדו ומלפפון","price":40,"vegan":false,"vegetarian":false,"image":"https://d25t2285lxl5rf.cloudfront.net/images/dishes/854d0c13-564b-4821-95d2-d65c389877a9.jpg","notFood":false,"drinks":false},{"name":"ניו יורק דג מבושל","description":"סלמון מבושל,אבוקדו, בטטה סומסום למעלה","price":39,"vegan":false,"vegetarian":false,"image":"","notFood":false,"drinks":false},{"name":"פילדלפיה דג מבושל","description":"סלמון מבושל, אבוקדו, בטטה, גבינת שמנת וסומסום למעלה","price":39,"vegan":false,"vegetarian":false,"image":"","notFood":false,"drinks":false},{"name":"צימחוני מטוגן","description":"קמפיו,מלפפון,בטטה,טמאגו אורז למעלה, מטוגן בטמפורה","price":30,"vegan":false,"vegetarian":true,"image":"","notFood":false,"drinks":false},{"name":"מאקי טונה ילדים","description":"מאקי עם טונה אורז ואצה בחוץ","price":28,"vegan":false,"vegetarian":false,"image":"","notFood":false,"drinks":false},{"name":"מאקי צמחוני ילדים","description":"מאקי עם ירק אורז ואצה בחוץ","price":18,"vegan":true,"vegetarian":true,"image":"","notFood":false,"drinks":false},{"name":"פוטומאקי סלמון","description":"סלמון, אבוקדו ובטטה","price":40,"vegan":false,"vegetarian":false,"image":"","notFood":false,"drinks":false},{"name":"ניו יורק טונה","description":"טונה, אבוקדו, מלפפון, אצה, וסומסום למעלה","price":42,"vegan":false,"vegetarian":false,"image":"","notFood":false,"drinks":false},{"name":"מאקי סיבאס","description":"","price":28,"vegan":true,"vegetarian":true,"image":"","notFood":false,"drinks":false},{"name":"מאקי ילוטייל","description":"","price":28,"vegan":false,"vegetarian":false,"image":"","notFood":false,"drinks":false},{"name":"סנדביץ סלמון","description":"סלמון, אבוקדו בטטה, וסומסום מלמעלה","price":40,"vegan":false,"vegetarian":false,"image":"https://d25t2285lxl5rf.cloudfront.net/images/dishes/f158db97-d64e-4fb3-b8d1-68132548ca52.jpg","notFood":false,"drinks":false},{"name":"ספשיל במושבה","description":"שלוש יחידות: 2 יחידות סלמון מגולגל שעוטף קצת אורז ואיקורה (קויאר סלמון). ו1 יחידות של טונה מגולגלת שעוטפת קצת אורז וספיסי טונה וטוביקו","price":70,"vegan":false,"vegetarian":false,"image":"https://d25t2285lxl5rf.cloudfront.net/images/dishes/9af11260-fcb4-4ceb-abde-37f3bf10ccdd.jpg","notFood":false,"drinks":false},{"name":"סשימי סלמון","description":"3 יח","price":35,"vegan":false,"vegetarian":false,"image":"","notFood":false,"drinks":false},{"name":"סנדביץ מוצרלה מטוגן","description":"סנדביץ מטוגן עם סלמון ואבוקדו , גבינת מוצרלה, קנפיו ואבוקדו","price":45,"vegan":false,"vegetarian":false,"image":"","notFood":false,"drinks":false},{"name":"סנדביץ צמחוני מטוגן","description":"סנדביץ מטוגן עם טאמאגו גבינת מוצרלה,קנפיו ואבוקדו","price":30,"vegan":false,"vegetarian":true,"image":"","notFood":false,"drinks":false},{"name":"סשימי טונה","description":"3 יח","price":50,"vegan":false,"vegetarian":false,"image":"","notFood":false,"drinks":false},{"name":"סנדוויץ סלמון מטוגן","description":"סלמון אבוקדו בטטה ופנקו בחוץ","price":40,"vegan":false,"vegetarian":false,"image":"","notFood":false,"drinks":false},{"name":"סנדביץ טונה","description":"טונה, אבוקדו, מלפפון, למעלה עירית","price":40,"vegan":false,"vegetarian":false,"image":"","notFood":false,"drinks":false},{"name":"סנדוויץ צמחוני","description":"","price":30,"vegan":true,"vegetarian":true,"image":"","notFood":false,"drinks":false},{"name":"קונוס סלמון","description":"סלמון אבוקדו מלפפון ואיקורה ","price":25,"vegan":false,"vegetarian":false,"image":"","notFood":false,"drinks":false},{"name":"קונוס טונה","description":"טונה אבוקדו מלפפון ואיקורה ","price":27,"vegan":false,"vegetarian":false,"image":"","notFood":false,"drinks":false},{"name":"חמוצים יפנים","description":"","price":15,"vegan":true,"vegetarian":true,"image":"","notFood":false,"drinks":false},{"name":"רינבו","description":"סלמון, מלפפון, אבוקדו ולמעלה טונה, סלמון, ילוטייל ואבוקדו","price":58,"vegan":false,"vegetarian":false,"image":"https://d25t2285lxl5rf.cloudfront.net/images/dishes/2edcb839-a034-49a4-8ced-86f38ea82349.jpg","notFood":false,"drinks":false},{"name":"שרימפס סלמון","description":"שרימפס מטוגן עם מלפפון ואבוקדו ולמעלה סלמון","price":62,"vegan":false,"vegetarian":false,"image":"https://d25t2285lxl5rf.cloudfront.net/images/dishes/94860c32-9ca4-4a51-964f-936c27059fd6.jpg","notFood":false,"drinks":false},{"name":"שרימפס אונגי","description":"שרימפס מטוגן עם מלפפון מיונז ולמעלה אבוקדו ואונגי","price":70,"vegan":false,"vegetarian":false,"image":"","notFood":false,"drinks":false},{"name":"שרימפס קליפורניה","description":"שרימפס מטוגן עם מלפפון ואבוקדו ולמעלה טוביקו","price":62,"vegan":false,"vegetarian":false,"image":"","notFood":false,"drinks":false},{"name":"סלמון אונגי","description":"סלמון אבוקדו מלפפון ולמעלה אונגי","price":70,"vegan":false,"vegetarian":false,"image":"","notFood":false,"drinks":false},{"name":"אונגי רול","description":"אונגי עם אבוקדו ולמעלה סלמון, טונה ודניס","price":70,"vegan":false,"vegetarian":false,"image":"","notFood":false,"drinks":false},{"name":"ספיידר רול","description":"סרטן רך שריון, מטוגן עם מלפפון אבוקדו טוביקו בצל ירוק ומיונז - 5 יח אצא בחוץ","price":45,"vegan":false,"vegetarian":true,"image":"","notFood":false,"drinks":false},{"name":"קראב אונאגי רול","description":"סרטן רך שריון מטוגן בטמפורה, אבוקדו, מלפפון ולמעלה אונאגי","price":70,"vegan":true,"vegetarian":true,"image":"","notFood":false,"drinks":false},{"name":"קראב סלמון רול","description":"סרטן רך שריון מטוגן בטמפורה, אבוקדו, מלפפון, ולמעלה סלמון וטוביקו","price":65,"vegan":false,"vegetarian":false,"image":"","notFood":false,"drinks":false},{"name":"שרימפס ילוטייל","description":"שרימפס, אבוקדו, מלפפון ולמעלה ילוטייל וסומסום","price":62,"vegan":false,"vegetarian":false,"image":"","notFood":false,"drinks":false},{"name":"שרימפס ריינבו","description":"שרימפס, אבוקדו, מלפפון ולמעלה ילוטייל, טונה וסלמון","price":62,"vegan":false,"vegetarian":false,"image":"","notFood":false,"drinks":false},{"name":"קראב ריינבו","description":"סרטן רך שריון בטמפורה, אבוקדו, מלפפון ולמעלה ילוטייל, טונה וסלמון","price":65,"vegan":false,"vegetarian":false,"image":"","notFood":false,"drinks":false},{"name":"קראב ילוטייל","description":"סרטן רך שריון בטמפורה, אבוקדו, מלפפון ולמעלה ילוטייל וסומסום","price":65,"vegan":false,"vegetarian":false,"image":"","notFood":false,"drinks":false},{"name":"מגש מיוחדים קטן","description":" 8 רולים מיוחדים (64 יחידות)","price":400,"vegan":true,"vegetarian":true,"image":"https://d25t2285lxl5rf.cloudfront.net/images/dishes/5cafe28a-1452-4f17-b483-1b2dd0070782.jpg","notFood":false,"drinks":false},{"name":"מגש גדול במושבה","description":"111 יחידות: 2 מאקי סלמון, 1 מאקי טונה, 3 ניגירי טונה, 3 ניגירי סלמון, 9 רולים מיוחדים, סשימי טונה, סשימי סלמון וסשימי דניס.","price":680,"vegan":false,"vegetarian":false,"image":"https://d25t2285lxl5rf.cloudfront.net/images/dishes/70fd6241-ba20-4abc-8499-1ab839d443d3.jpg","notFood":false,"drinks":false},{"name":"מגש צמחוני קטן","description":"10 רולים (80 יחידות) צמחוניים עם ירקות בפנים ולמעלה אבוקדו, בטטה ומנגו (בעונה)","price":300,"vegan":true,"vegetarian":true,"image":"","notFood":false,"drinks":false},{"name":"מגש מיקס קטן","description":" 10 רולים (80 יחידות):5 רולים צמחוניים, ו5 רולים רגילים עם סלמון וירקות בפנים ולמעלה סומסום.","price":320,"vegan":false,"vegetarian":false,"image":"","notFood":false,"drinks":false},{"name":"מגש רגיל קטן","description":"10 רולים ( 80 יחידות): 2 מאקי סלמון, 1 מאקי טונה, ו 7 רולים עם סלמון וירקות","price":334,"vegan":false,"vegetarian":false,"image":"","notFood":false,"drinks":false},{"name":"מגש מיקס מיוחד קטן","description":"10 רולים (80 יחידות) 1 מאקי טונה, 1 מאקי סלמון, 4 רולים רגילים עם סלמון וירקות, ו 4 רולים מיוחדים","price":400,"vegan":false,"vegetarian":false,"image":"","notFood":false,"drinks":false},{"name":"מגש גדול צמחוני","description":"15 רולים צמחוניים (120 יחידות)","price":430,"vegan":true,"vegetarian":true,"image":"","notFood":false,"drinks":false},{"name":"מגש מיקס גדול","description":"14 רולים (112 יחידות): 4 רולים צמחוניים, 2 מאקי סלמון, 2 מאקי טונה, 6 רולים עם סלמון וירקות","price":462,"vegan":false,"vegetarian":false,"image":"","notFood":false,"drinks":false},{"name":"מגש רגיל גדול","description":"14 רולים (112 יחידות): 2 מאקי סלמון, 2 מאקי טונה, 5 רולים עם סלמון וירקות בפנים ולמעלה אבוקדו, 5 רולים עם סלמון וירקות בפנים וסומסום למעלה.","price":490,"vegan":false,"vegetarian":false,"image":"","notFood":false,"drinks":false},{"name":"מגש מיקס מיוחד גדול","description":"13 רולים (104 יחידות): 6 רולים מיוחדים, ו7 רולים רגילים עם סלמון וירקות בפנים.","price":560,"vegan":false,"vegetarian":false,"image":"","notFood":false,"drinks":false},{"name":"מגש מיוחדים גדול","description":"14 רולים (112 יחידות) 10 מיוחדים ו 4 רגילים","price":610,"vegan":true,"vegetarian":true,"image":"","notFood":false,"drinks":false},{"name":"דים סאם שרימפס (10 יח)","description":"","price":50,"vegan":false,"vegetarian":false,"image":"https://d25t2285lxl5rf.cloudfront.net/images/dishes/d9b32b08-7d54-4635-8c9e-c855d034585e.jpg","notFood":false,"drinks":false},{"name":"דים סאם עוף (10 יח)","description":"","price":50,"vegan":false,"vegetarian":false,"image":"https://d25t2285lxl5rf.cloudfront.net/images/dishes/854cc77b-1ff9-46ac-84f9-015471e511b5.jpg","notFood":false,"drinks":false},{"name":"דים סאם צמחוני (10 יח)","description":"","price":50,"vegan":true,"vegetarian":true,"image":"https://d25t2285lxl5rf.cloudfront.net/images/dishes/29800f4d-3f5d-40b2-86fd-e1291f896024.jpg","notFood":false,"drinks":false},{"name":"ספרינג רול טופו","description":"טופו, אטריות אורז, נענע, כוזברה, עירית. 2 יח.","price":30,"vegan":true,"vegetarian":true,"image":"","notFood":false,"drinks":false},{"name":"פד סילון עוף","description":"עוף, איטריות ביצים, בצל לבן, בצל ירוק וגזר ברוטב חלב קוקוס.","price":58,"vegan":false,"vegetarian":false,"image":"https://d25t2285lxl5rf.cloudfront.net/images/dishes/e956f7c2-2234-489e-8ece-6b731a9df97e.jpg","notFood":false,"drinks":false},{"name":"פד סילון שרימפס","description":"שרימפס, איטריות ביצים, בצל לבן, בצל ירוק וגזר ברוטב חלב קוקוס.","price":70,"vegan":false,"vegetarian":false,"image":"https://d25t2285lxl5rf.cloudfront.net/images/dishes/48e5fa7e-cc4b-4bd8-af84-ebb42b9e1e24.jpg","notFood":false,"drinks":false},{"name":"פד סילון טופו","description":"טופו, איטריות ביצים, בצל לבן, בצל ירוק וגזר ברוטב חלב קוקוס.","price":58,"vegan":false,"vegetarian":true,"image":"https://d25t2285lxl5rf.cloudfront.net/images/dishes/cc2be117-ca66-4e0c-9bde-f40a082becea.jpg","notFood":false,"drinks":false},{"name":"פד סיו עוף","description":"עוף, אטריות בטטה שקופות, כרוב, גזר, בצל ירוק ובצל לבן, פטריות טריות, בוטנים כוזברה ונבטים ברוטב סויה","price":58,"vegan":false,"vegetarian":false,"image":"https://d25t2285lxl5rf.cloudfront.net/images/dishes/c178d2b3-b3d4-43ed-8705-0765d862a8b9.jpg","notFood":false,"drinks":false},{"name":"פד סיו טופו","description":"טופו, אטריות בטטה שקופות, כרוב, גזר, בצל ירוק ובצל לבן, פטריות טריות, בוטנים כוזברה ונבטים ברוטב סויה","price":58,"vegan":true,"vegetarian":true,"image":"https://d25t2285lxl5rf.cloudfront.net/images/dishes/de261c14-5307-4961-a5e3-8bc99ab42f5b.jpg","notFood":false,"drinks":false},{"name":"קארי אדום עוף","description":"רוטב קארי אדום חריף בחלב קוקוס עם עוף, גמבה, במבו שוט ובזיליקום. מוגש עם אורז מאודה.","price":58,"vegan":false,"vegetarian":false,"image":"https://d25t2285lxl5rf.cloudfront.net/images/dishes/dd9970c4-1f4d-49b2-b39f-753163914ef2.jpg","notFood":false,"drinks":false},{"name":"קארי אדום טופו","description":"רוטב קארי אדום חריף בחלב קוקוס עם טופו, גמבה, במבו שוט ובזיליקום. מוגש עם אורז מאודה.","price":58,"vegan":true,"vegetarian":true,"image":"https://d25t2285lxl5rf.cloudfront.net/images/dishes/e6c7e477-415f-43d3-bf57-403342813651.jpg","notFood":false,"drinks":false},{"name":"קארי אדום שרימפס","description":"רוטב קארי אדום חריף בחלב קוקוס עם שרימפס, גמבה, במבו שוט ובזיליקום. מוגש עם אורז מאודה.","price":70,"vegan":false,"vegetarian":false,"image":"https://d25t2285lxl5rf.cloudfront.net/images/dishes/8400a10e-5880-490d-af63-56b1dea45bec.jpg","notFood":false,"drinks":false},{"name":"גאי פד מט","description":"עוף בטמפורה מוקפץ עם רוטב פיקנטי, בצל ירוק, בצל לבן, מוגש עם אורז מאודה","price":58,"vegan":false,"vegetarian":false,"image":"https://d25t2285lxl5rf.cloudfront.net/images/dishes/0cd57d75-bf8d-4939-aec9-fc3831e9b99a.jpg","notFood":false,"drinks":false},{"name":"פד קימאו שרימפס","description":"שרימפס, ברוקולי, פיטריות שמפיניון טריות, איטריות אורז מש, שעועית ירוקה, גמבה, בצל לבן, ובזיליקום ברוטב סויה.","price":70,"vegan":false,"vegetarian":false,"image":"https://d25t2285lxl5rf.cloudfront.net/images/dishes/af2da996-cd6c-4bf1-8231-bfcad1b47935.jpg","notFood":false,"drinks":false},{"name":"פאד קימאו עוף","description":"עוף, ברוקולי, פיטריות שמפיניון טריות, איטריות אורז מש, שעועית ירוקה, גמבה, בצל לבן, ובזיליקום ברוטב סויה.","price":58,"vegan":false,"vegetarian":false,"image":"https://d25t2285lxl5rf.cloudfront.net/images/dishes/0bc668a8-78d2-41f6-9ead-51f20afc3712.jpg","notFood":false,"drinks":false},{"name":"פאד קימאו טופו","description":"טופו, ברוקולי, פיטריות שמפיניון טריות, איטריות אורז מש, שעועית ירוקה, גמבה, בצל לבן, ובזיליקום ברוטב סויה.","price":58,"vegan":true,"vegetarian":true,"image":"https://d25t2285lxl5rf.cloudfront.net/images/dishes/38fe77cc-a1fc-4f83-9a02-71cbeb9cdcb0.jpg","notFood":false,"drinks":false},{"name":"עוף סצ'ואן","description":"עוף, קישוא, ברוקולי, גמבה, בצל לבן, גזר, פיטריות שמפיניון טריות ברוטב פיקנטי. מוגש עם אורז מאודה.","price":58,"vegan":false,"vegetarian":false,"image":"https://d25t2285lxl5rf.cloudfront.net/images/dishes/b70e7d46-7f14-4b72-9220-21aeb5f3b67a.jpg","notFood":false,"drinks":false},{"name":"טופו סצ'ואן","description":"טופו, קישוא, ברוקולי, גמבה, בצל לבן, גזר, פיטריות שמפיניון טריות ברוטב פיקנטי. מוגש עם אורז מאודה.","price":58,"vegan":true,"vegetarian":true,"image":"https://d25t2285lxl5rf.cloudfront.net/images/dishes/0a891b76-1700-40b7-ae8d-1ce3ae167d7d.jpg","notFood":false,"drinks":false},{"name":"אורז מוקפץ","description":"עוף, ירקות: גזר, בצל לבן, אפונה, תירס, ביצים.","price":58,"vegan":false,"vegetarian":false,"image":"https://d25t2285lxl5rf.cloudfront.net/images/dishes/ff62893c-a2cb-435c-9a8f-82cf550263bd.jpg","notFood":false,"drinks":false},{"name":"אורז מוקפץ טופו","description":"אורז אפונה תירס גזר בצל ירוק בצל לבן וטופו","price":58,"vegan":true,"vegetarian":true,"image":"https://d25t2285lxl5rf.cloudfront.net/images/dishes/003180e4-98c1-477a-82a9-89698435bce2.jpg","notFood":false,"drinks":false},{"name":"קארי ירוק עוף","description":"חזה עוף, חלב קוקוס, אפונה, בזיליקום, חצילים.","price":58,"vegan":false,"vegetarian":false,"image":"https://d25t2285lxl5rf.cloudfront.net/images/dishes/ec182514-b3a0-4483-9bfb-5fb2714e13f7.jpg","notFood":false,"drinks":false},{"name":"קארי ירוק טופו","description":"טופו, חלב קוקוס, אפונה, בזיליקום, חצילים. ","price":58,"vegan":true,"vegetarian":true,"image":"https://d25t2285lxl5rf.cloudfront.net/images/dishes/c6102eac-6003-4d48-b6b1-f15993f53c18.jpg","notFood":false,"drinks":false},{"name":"קארי ירוק שרימפס","description":"גמבו שרימפס, חלב קוקוס, אפונה, בזיליקום, חצילים.","price":70,"vegan":false,"vegetarian":false,"image":"https://d25t2285lxl5rf.cloudfront.net/images/dishes/fe65ecb8-97b0-4ee4-896e-c9356d2db17b.jpg","notFood":false,"drinks":false},{"name":"פד תאי עוף","description":"איטריות אורז מוקפצות עם עוף וירקות וביצים","price":58,"vegan":false,"vegetarian":false,"image":"https://d25t2285lxl5rf.cloudfront.net/images/dishes/49ad4c5e-58a0-42ac-b969-f15242252784.jpg","notFood":false,"drinks":false},{"name":"פד תאי טופו","description":"איטריות אורז מוקפצות עם טופו, ירקות וביצים","price":58,"vegan":false,"vegetarian":true,"image":"https://d25t2285lxl5rf.cloudfront.net/images/dishes/e36fc07c-a8cd-4256-8c81-e94fc955e916.jpg","notFood":false,"drinks":false},{"name":"פילה סלמון","description":"פילה סלמון בטריקי, עם ברוקלי, כרוב, פטריות טריות, גזר, בצל ירוק, מוגש עם אורז מאודה","price":70,"vegan":false,"vegetarian":false,"image":"","notFood":false,"drinks":false},{"name":"חדש: פילה דניס בטמפורה","description":"פילה דניס מוגן בטמפורה עם בצל ירוק, בצל לבן, גמבה, ברוקולי, פטריות ברוטב חמוץ מתוק פיקנטי","price":70,"vegan":false,"vegetarian":false,"image":"","notFood":false,"drinks":false},{"name":"שרימפס פד מט","description":"שרימפס בטמפורה מוקפץ עם רוטב פיקנטי, בצל ירוק, בצל לבן, בתוספת אורז מאודה","price":70,"vegan":false,"vegetarian":false,"image":"","notFood":false,"drinks":false},{"name":"גאי מנאו","description":"חזה עוף בטמפורה מוגש עם אורז מאודה.","price":58,"vegan":false,"vegetarian":false,"image":"","notFood":false,"drinks":false},{"name":"שרימפס בטמפורה","description":"גמבו שרימפס, בטמפורה","price":70,"vegan":false,"vegetarian":false,"image":"","notFood":false,"drinks":false},{"name":"קארי מסמאן עוף","description":"עוף, תפו\"א בצל ירוק ברוטב קארי מסמאן וחלב קוקוס","price":58,"vegan":false,"vegetarian":false,"image":"","notFood":false,"drinks":false},{"name":"קארי מסמאן טופו","description":"טופו, תפו\"א, בצל ירוק ברוטב קארי מסמאן וחלב קוקוס","price":58,"vegan":true,"vegetarian":true,"image":"","notFood":false,"drinks":false},{"name":"קארי מסמאן שרימפס","description":"שרימפס, תפו\"א, בצל ירוק ברוטב קארי מסמאן וחלב קוקוס","price":65,"vegan":false,"vegetarian":false,"image":"","notFood":false,"drinks":false},{"name":"פד תאי שרימפס","description":"איטריות אורז מוקפצות עם ירקות שרימפס וביצים","price":70,"vegan":false,"vegetarian":false,"image":"","notFood":false,"drinks":false},{"name":"אורז לבן","description":"קופסא אורז לבן כתוספת","price":8,"vegan":true,"vegetarian":true,"image":"","notFood":false,"drinks":false},{"name":"אטריות ביצים עוף","description":"אטריות ביצים, עוף, ברוקולי, עגבניה, בצל וגזר ברוטב סויה","price":58,"vegan":false,"vegetarian":false,"image":"","notFood":false,"drinks":false},{"name":"קארי ים","description":"דג דניס בטמפורה, מוקפץ עם בצל ירוק ולבן, ברוקולי, בזיליקום ברוטב קארי אדום חריף. מוגש עם אורז מאודה","price":70,"vegan":false,"vegetarian":false,"image":"","notFood":false,"drinks":false},{"name":"נודלס ילדים","description":"עוף, גזר עירית נודלס ביצים ופטריות","price":40,"vegan":false,"vegetarian":false,"image":"","notFood":false,"drinks":false},{"name":"אטריות ביצים טופו","description":"אטריות ביצים, טופו, ברוקולי, עגבניה, בצל וגזר ברוטב סויה","price":58,"vegan":false,"vegetarian":true,"image":"","notFood":false,"drinks":false},{"name":"קומבינציה טבעונית","description":"פוטומאקי טופו 5 יח גדולות, רול טבעוני 8 יח","price":60,"vegan":true,"vegetarian":true,"image":"https://d25t2285lxl5rf.cloudfront.net/images/dishes/a4ea82ff-8867-4f81-abec-08d5465c9538.jpg","notFood":false,"drinks":false},{"name":"קומבו צמחוני מיוחד","description":"רול 1 צמחוני ורול 1 צמחוני מיוחד","price":60,"vegan":true,"vegetarian":true,"image":"https://d25t2285lxl5rf.cloudfront.net/images/dishes/f4c278d4-26ed-4e5b-a9ea-4c45f89db543.jpg","notFood":false,"drinks":false},{"name":"קומבינציה מיקס","description":"2  רולים: רול 1 סלמון אבוקדו וסומסום למעלה ורול 1 צמחוני","price":65,"vegan":false,"vegetarian":false,"image":"https://d25t2285lxl5rf.cloudfront.net/images/dishes/44f265d4-8493-46ec-b33f-b443f8bf2e62.jpg","notFood":false,"drinks":false},{"name":"קומבינציה רגילה","description":" 2 רולים: רול ניו יורק ורול פילדלפיה","price":75,"vegan":true,"vegetarian":true,"image":"https://d25t2285lxl5rf.cloudfront.net/images/dishes/6b00c33d-c801-4bb1-a51d-5e5f86fc71bd.jpg","notFood":false,"drinks":false},{"name":"קומבינציה אבוקדו","description":"2 רולים: רול ניו יורק ורול סלט סלמון","price":90,"vegan":false,"vegetarian":false,"image":"https://d25t2285lxl5rf.cloudfront.net/images/dishes/c9644302-6861-402e-837c-607774aa4935.jpg","notFood":false,"drinks":false},{"name":"קומבינציה סלמון","description":"2 רולים: רול סלט סלמון ורול קליפורניה","price":105,"vegan":false,"vegetarian":false,"image":"https://d25t2285lxl5rf.cloudfront.net/images/dishes/5909677d-5fa1-43b9-8f30-3a0c4d48f1ac.jpg","notFood":false,"drinks":false},{"name":"קומבינציה מיקס מיוחדים","description":"2 רולים: רול סן פרנסיסקו או ספייסי טונה ורול סלט סלמון","price":110,"vegan":false,"vegetarian":false,"image":"https://d25t2285lxl5rf.cloudfront.net/images/dishes/9ababb10-cf53-4637-b45c-3e3364c7bc9b.jpg","notFood":false,"drinks":false},{"name":"קומבינציה צמחונית","description":"2 רולים: אחד עם בטטה אבוקדו טאמאגו רול שני עם בטטה, מלפפון, קנפיו, טאמגו, ואבוקדו למעלה","price":60,"vegan":true,"vegetarian":true,"image":"","notFood":false,"drinks":false},{"name":"קומבינציה קריספי","description":"2 רולים מטוגנים: רול מטוגן, ורול מאקי מטוגן","price":75,"vegan":true,"vegetarian":true,"image":"","notFood":false,"drinks":false},{"name":"קומבינציה במושבה","description":"2 רולים ו2 ניגירי: רול רינבומאקי, רול ספייסי סלמון, 1 ניגירי סלמון, 1 ניגירי טונה","price":125,"vegan":false,"vegetarian":false,"image":"","notFood":false,"drinks":false},{"name":"קומבו זוגי","description":"8 יח סנסט, 8 יח ניו יורק, 8 יח מאקי טונה, 2 יח ניגירי סלמון, 2 יח ניגירי טונה","price":155,"vegan":false,"vegetarian":false,"image":"","notFood":false,"drinks":false},{"name":"קומבו טייגר","description":"רול סנסט, רול ניו יורק, רול צמחוני, מאקי סלמון, מאקי טונה, סנדוויץ סלמון. ","price":250,"vegan":false,"vegetarian":false,"image":"","notFood":false,"drinks":false},{"name":"קולה","description":"500 מ\"ל","price":10,"vegan":true,"vegetarian":true,"image":"","notFood":false,"drinks":true},{"name":"קולה זירו","description":"500 מ\"ל","price":10,"vegan":true,"vegetarian":true,"image":"","notFood":false,"drinks":true},{"name":"ספרייט זירו","description":"500 מ\"ל","price":10,"vegan":true,"vegetarian":true,"image":"","notFood":false,"drinks":true},{"name":"סודה","description":"קטן","price":10,"vegan":true,"vegetarian":true,"image":"","notFood":false,"drinks":true},{"name":"נסטלי אייס טי אפרסק","description":"500 מ\"ל","price":10,"vegan":true,"vegetarian":true,"image":"","notFood":false,"drinks":false},{"name":"מים מינרלים","description":"","price":10,"vegan":true,"vegetarian":true,"image":"","notFood":false,"drinks":false}]}