{"track_id":"17719","filters":["meatGrill","salads","sandwichesWraps"],"image":"https://tenbis-static.azureedge.net/restaurant-card-image/ResCard_17719_20211206161224.jpg","address":"משכית, 22 הרצליה","location":[34.8105285,32.1638207],"name":"שניצל קוקי ","city":"הרצליה - רמת השרון","priceAverage":42.77777777777778,"menu":[{"name":"שניצל שומשום","description":"מוגש בחמגשית עם שתי תוספות לבחירה","price":59,"vegan":false,"vegetarian":false,"image":"https://d25t2285lxl5rf.cloudfront.net/images/dishes/6d2130b3-8143-4a27-8917-6745e3f365f9.jpg","notFood":false,"drinks":false},{"name":"סלט חזה עוף","description":"חסה, עגבנייה, מלפפון, כרוב לבן ","price":59,"vegan":false,"vegetarian":false,"image":"https://d25t2285lxl5rf.cloudfront.net/images/dishes/211f688c-07f4-4a01-86c2-30d8bc6a34f2.jpg","notFood":false,"drinks":false},{"name":"שניצל שומשום","description":"מוגש עם סלטים לבחירה","price":49,"vegan":false,"vegetarian":false,"image":"https://d25t2285lxl5rf.cloudfront.net/images/dishes/f7bff080-6c45-467c-bbdc-e42b942b2324.jpg","notFood":false,"drinks":false},{"name":"שניצל שומשום","description":"מוגש בחמגשית עם שתי תוספות לבחירה","price":59,"vegan":false,"vegetarian":false,"image":"https://d25t2285lxl5rf.cloudfront.net/images/dishes/6d2130b3-8143-4a27-8917-6745e3f365f9.jpg","notFood":false,"drinks":false},{"name":"שניצל עשבי תיבול","description":"מוגש בחמגשית עם שתי תוספות לבחירה","price":59,"vegan":false,"vegetarian":false,"image":"https://d25t2285lxl5rf.cloudfront.net/images/dishes/c0901066-88a8-4cd5-b04d-1e0f1e8ebddb.jpg","notFood":false,"drinks":false},{"name":"שניצל שום","description":"מוגש בחמגשית  עם שתי תוספות לבחירה","price":59,"vegan":false,"vegetarian":false,"image":"https://d25t2285lxl5rf.cloudfront.net/images/dishes/93e8868c-6f7f-4a92-a994-2dde89255839.jpg","notFood":false,"drinks":false},{"name":"שניצל צ'ילי לימון","description":"מוגש בחמגשית עם  שתי תוספות לבחירה","price":59,"vegan":false,"vegetarian":false,"image":"https://d25t2285lxl5rf.cloudfront.net/images/dishes/f5be1c1f-3d3a-4bc2-a6e3-5a0052e23077.jpg","notFood":false,"drinks":false},{"name":"שניצל פיקנטי","description":"מוגש בחמגשית עם שתי תוספות לבחירה","price":59,"vegan":false,"vegetarian":false,"image":"https://d25t2285lxl5rf.cloudfront.net/images/dishes/9edd287f-0cbf-49a8-b826-37daa6df9c7d.jpg","notFood":false,"drinks":false},{"name":"חזה עוף","description":"מוגש בחמגשית עם שתי תוספות לבחירה","price":59,"vegan":false,"vegetarian":false,"image":"https://d25t2285lxl5rf.cloudfront.net/images/dishes/65456180-df38-4f2b-adcf-e8e211425aee.jpg","notFood":false,"drinks":false},{"name":"פרגית","description":"מוגש בחמגשית עם שתי תוספות לבחירה","price":69,"vegan":false,"vegetarian":false,"image":"https://d25t2285lxl5rf.cloudfront.net/images/dishes/9df9b5ca-adf7-4a2a-9fa8-552d269be919.jpg","notFood":false,"drinks":false},{"name":"שניצל שומשום","description":"מוגש עם סלטים לבחירה","price":49,"vegan":false,"vegetarian":false,"image":"https://d25t2285lxl5rf.cloudfront.net/images/dishes/f7bff080-6c45-467c-bbdc-e42b942b2324.jpg","notFood":false,"drinks":false},{"name":"שניצל עשבי תיבול","description":"מוגש עם סלטים לבחירה","price":49,"vegan":false,"vegetarian":false,"image":"https://d25t2285lxl5rf.cloudfront.net/images/dishes/40afef1a-c62a-488a-ae2a-3ed9a344dfa4.jpg","notFood":false,"drinks":false},{"name":"שניצל שום","description":"מוגש עם סלטים לבחירה","price":49,"vegan":false,"vegetarian":false,"image":"https://d25t2285lxl5rf.cloudfront.net/images/dishes/c5ce1459-ed92-40b8-bc40-df5db273eb70.jpg","notFood":false,"drinks":false},{"name":"שניצל פיקנטי","description":"מוגש עם סלטים לבחירה","price":49,"vegan":false,"vegetarian":false,"image":"https://d25t2285lxl5rf.cloudfront.net/images/dishes/781014e3-4daf-4f33-9d79-9aa902b0691e.jpg","notFood":false,"drinks":false},{"name":"חזה עוף","description":"חזה עוף צלוי על הגריל במרינדה, מוגש עם סלטים לבחירה","price":49,"vegan":false,"vegetarian":false,"image":"https://d25t2285lxl5rf.cloudfront.net/images/dishes/e0b2ee65-eb74-4cb5-a075-902ee8646cc5.jpg","notFood":false,"drinks":false},{"name":"פרגית","description":"סטייק פרגית צלוי על הגריל בתיבול ים תיכוני, מוגש עם סלטים לבחירה","price":59,"vegan":false,"vegetarian":false,"image":"https://d25t2285lxl5rf.cloudfront.net/images/dishes/b02ace1b-4140-419c-922f-dfa84514071a.jpg","notFood":false,"drinks":false},{"name":"סלט חזה עוף","description":"חסה, עגבנייה, מלפפון, כרוב לבן ","price":59,"vegan":false,"vegetarian":false,"image":"https://d25t2285lxl5rf.cloudfront.net/images/dishes/211f688c-07f4-4a01-86c2-30d8bc6a34f2.jpg","notFood":false,"drinks":false},{"name":"סלט שניצל שומשום","description":"חסה, עגבנייה, מלפפון, כרוב לבן ","price":59,"vegan":false,"vegetarian":false,"image":"https://d25t2285lxl5rf.cloudfront.net/images/dishes/8be108c5-96fb-4fbc-853e-836242aa0f1c.jpg","notFood":false,"drinks":false},{"name":"סלט פרגית","description":"חסה, עגבנייה, מלפפון, כרוב לבן ","price":65,"vegan":false,"vegetarian":false,"image":"https://d25t2285lxl5rf.cloudfront.net/images/dishes/22c2df69-27c5-43c4-830b-da05b74ea2a8.jpg","notFood":false,"drinks":false},{"name":"סלט ירקות ישראלי קצוץ","description":"חסה, עגבנייה, מלפפון, כרוב לבן ","price":48,"vegan":true,"vegetarian":true,"image":"https://d25t2285lxl5rf.cloudfront.net/images/dishes/fa2589ff-864e-4589-815f-4da3b76d4a81.jpg","notFood":false,"drinks":false},{"name":"סלט שניצל פיקנטי","description":"","price":59,"vegan":false,"vegetarian":false,"image":"https://d25t2285lxl5rf.cloudfront.net/images/dishes/03b2329e-c945-4c20-a630-3bca4e9ea79c.jpg","notFood":false,"drinks":false},{"name":"סלט שניצל עשבי תיבול","description":"","price":59,"vegan":false,"vegetarian":false,"image":"https://d25t2285lxl5rf.cloudfront.net/images/dishes/4172351c-79c7-4419-be3f-5dab0fc8e5a3.jpg","notFood":false,"drinks":false},{"name":"סלט שניצל שום","description":"","price":59,"vegan":false,"vegetarian":false,"image":"https://d25t2285lxl5rf.cloudfront.net/images/dishes/f01ddbc3-c1f6-4c59-b4ff-d2a84a5e64d2.jpg","notFood":false,"drinks":false},{"name":"סלט טונה","description":"חסה, עגבנייה, מלפפון, כרוב לבן ","price":50,"vegan":false,"vegetarian":false,"image":"","notFood":false,"drinks":false},{"name":"ציפס גדול","description":"","price":25,"vegan":true,"vegetarian":true,"image":"https://d25t2285lxl5rf.cloudfront.net/images/dishes/ad009bc8-2eb6-430d-bf74-e316a9336b30.jpg","notFood":false,"drinks":false},{"name":"כדורי פירה","description":"","price":25,"vegan":true,"vegetarian":true,"image":"https://d25t2285lxl5rf.cloudfront.net/images/dishes/35e28f5d-9123-49c8-a7ac-65c22e2ba10b.jpg","notFood":false,"drinks":false},{"name":"טבעות בצל","description":"","price":25,"vegan":true,"vegetarian":true,"image":"https://d25t2285lxl5rf.cloudfront.net/images/dishes/9f6706a8-0daf-4af8-bd16-c0f518362b23.jpg","notFood":false,"drinks":false},{"name":"פחית קוקה קולה","description":"","price":13,"vegan":true,"vegetarian":true,"image":"","notFood":false,"drinks":true},{"name":"פחית קוקה קולה זירו","description":"","price":13,"vegan":true,"vegetarian":true,"image":"","notFood":false,"drinks":true},{"name":"פחית דיאט קוקה קולה","description":"","price":13,"vegan":true,"vegetarian":true,"image":"","notFood":false,"drinks":true},{"name":"פחית ספרייט","description":"","price":13,"vegan":true,"vegetarian":true,"image":"","notFood":false,"drinks":true},{"name":"בקבוק מים בטעם תפוח","description":"","price":13,"vegan":true,"vegetarian":true,"image":"","notFood":false,"drinks":true},{"name":"בקבוק מים בטעם אפרסק","description":"","price":13,"vegan":true,"vegetarian":true,"image":"","notFood":false,"drinks":true},{"name":"בקבוק נסטי","description":"","price":13,"vegan":true,"vegetarian":true,"image":"","notFood":false,"drinks":true},{"name":"סודה","description":"","price":11,"vegan":true,"vegetarian":true,"image":"","notFood":false,"drinks":true},{"name":"מים מינרליים","description":"","price":11,"vegan":true,"vegetarian":true,"image":"","notFood":false,"drinks":true}]}