{"track_id":"17822","filters":["asianFusion","japaneseSushi","veganFood"],"image":"https://tenbis-static.azureedge.net/restaurant-card-image/ResCard_17822_20220110153653.jpg","address":"שדרות דוד רזיאל, 1 רמלה","location":[34.8638844,31.9257367],"name":"אושי אושי רמלה ","city":"זיתן","priceAverage":45.82165605095541,"menu":[{"name":"הספייסי מיונז הינו טבעוני","vegan":false,"vegetarian":true,"notFood":false,"drinks":false},{"name":"גבינת שמנת הינה גבינת טופו בטעם שמנת","vegan":false,"vegetarian":true,"notFood":false,"drinks":false},{"name":"קימצ'י","description":"חמוצים אסיאתיים ושומשום קלוי מעל","price":22,"vegan":true,"vegetarian":true,"image":"https://d25t2285lxl5rf.cloudfront.net/images/dishes/4d8387ba-6869-494c-b893-7a0ffc748e9a.jpg","notFood":false,"drinks":false},{"name":"אדממה","description":"עם מלח גס ","price":23,"vegan":true,"vegetarian":true,"image":"https://d25t2285lxl5rf.cloudfront.net/images/dishes/7f082b58-99c6-49b1-891d-a4360be69988.jpg","notFood":false,"drinks":false},{"name":"מיסו נודל סופ","description":"אטריות זכוכית, טמגו, צ'ילי ובצל ירוק","price":26,"vegan":true,"vegetarian":true,"image":"https://d25t2285lxl5rf.cloudfront.net/images/dishes/f906891e-2951-4a3f-9b35-a75af41c136e.jpg","notFood":false,"drinks":false},{"name":"דים סאם צמחוני","description":"2 גיוזה שיטאקי, גיוזה בטטה וגיוזה תרד\nעם שומשום קלוי","price":32,"vegan":true,"vegetarian":true,"image":"https://d25t2285lxl5rf.cloudfront.net/images/dishes/81285f71-0610-4887-90f3-e36bcfd6710a.jpg","notFood":false,"drinks":false},{"name":"אגרול צמחוני","description":"2 יח'","price":27,"vegan":true,"vegetarian":true,"image":"https://d25t2285lxl5rf.cloudfront.net/images/dishes/c43a93e5-17b7-425f-9ebc-b8fd62750598.jpg","notFood":false,"drinks":false},{"name":"סלט סנצ'אי","description":"סלט חסות, גזר, כרוב לבן, כרוב אדום, בוטנים וקריספי בטטה בויניגרט, כוסברה וחומץ מירין","price":44,"vegan":true,"vegetarian":true,"image":"https://d25t2285lxl5rf.cloudfront.net/images/dishes/ab4d2029-ba4f-441c-8c9f-4d627d85bf30.jpg","notFood":false,"drinks":false},{"name":"גיוזה צמחונית","description":"4 יח' עם שומשום קלוי מעל","price":32,"vegan":true,"vegetarian":true,"image":"https://d25t2285lxl5rf.cloudfront.net/images/dishes/911f468f-43c0-434a-a322-485fca323377.jpg","notFood":false,"drinks":false},{"name":"מיסו שירו","description":"מרק מיסו עם טופו, בצל ירוק ופטריות","price":26,"vegan":true,"vegetarian":true,"image":"https://d25t2285lxl5rf.cloudfront.net/images/dishes/f4543ede-a128-4010-bd60-c6b8bc3f598b.jpg","notFood":false,"drinks":false},{"name":"היאשי אושי","description":"סלט אצות עם אטריות זכוכית, שערות גזר ושערות מלפפון ושומשום קלוי מעל","price":33,"vegan":true,"vegetarian":true,"image":"https://d25t2285lxl5rf.cloudfront.net/images/dishes/3918bb06-b692-463b-933e-bb01c7e3e2c9.png","notFood":false,"drinks":false},{"name":"ספיישל אושי באן סלמון","description":"זוג לחמניות שמרים מאודות עם סלמון מטוגן בציפוי פאנקו עם רוטב טחינה יפנית וכוסברה. מוגש בליווי חמוצים יפנים ורסק צ'ילי בצד","price":54,"vegan":false,"vegetarian":false,"image":"https://d25t2285lxl5rf.cloudfront.net/images/dishes/fff59061-fa9c-49c8-b2f2-9842579129aa.jpg","notFood":false,"drinks":false},{"name":"ספיישל אושי באן טופו","description":"זוג לחמניות שמרים מאודות עם טופו מטוגן בציפוי פאנקו עם רוטב טחינה יפנית וכוסברה. מוגש בליווי חמוצים יפנים ורסק צ'ילי בצד","price":44,"vegan":true,"vegetarian":true,"image":"https://d25t2285lxl5rf.cloudfront.net/images/dishes/5e060925-8af0-40c4-b59d-aa4ebf580822.jpg","notFood":false,"drinks":false},{"name":"מרק טום יאם","description":"מרק טום יאם עם עגבניות שרי, פטריות, כוסברה ובצל ירוק","price":31,"vegan":true,"vegetarian":true,"image":"https://d25t2285lxl5rf.cloudfront.net/images/dishes/01290af5-ad16-43ab-a2be-1f8857a03258.jpg","notFood":false,"drinks":false},{"name":"כדורי ניגירי ספיישל","description":"4 כדורי אורז בציפוי סלמון (2 יח'), טונה (יחידה) ודניס (יחידה) על מצע רוטב טחינה יפנית ושומשום קלוי מעל","price":37,"vegan":false,"vegetarian":false,"image":"https://d25t2285lxl5rf.cloudfront.net/images/dishes/f2a8bca0-0e4d-4c16-88aa-5e35ead60b9d.jpg","notFood":false,"drinks":false},{"name":"אורז לבן","description":"עם שומשום קלוי מעל","price":17,"vegan":true,"vegetarian":true,"image":"https://d25t2285lxl5rf.cloudfront.net/images/dishes/2a036e59-0cd9-4258-8583-c2cc80f36c67.jpg","notFood":false,"drinks":false},{"name":"סלט טופו","description":"טופו בטריאקי, מלפפון, אבוקדו, בייבי מיקס ושומשום קלוי מעל","price":36,"vegan":true,"vegetarian":true,"image":"https://d25t2285lxl5rf.cloudfront.net/images/dishes/ae2094e7-0694-4b3d-9d48-479c651cdeb7.jpg","notFood":false,"drinks":false},{"name":"פיש אנד צ'יפס","description":"אצבעות סלמון בפנקו לצד פוטטוס עם ספייסי מיונז וצ'ילי מתוק ","price":49,"vegan":false,"vegetarian":false,"image":"https://d25t2285lxl5rf.cloudfront.net/images/dishes/bfe29ea5-14bd-4ef0-a99c-5a48271e0031.jpg","notFood":false,"drinks":false},{"name":"פטריות בטמפורה","description":"פטריות טריות במעטפת טמפורה ופנקו מוגש ברוטב ויניגרט אסייתי ושומשום קלוי מעל","price":35,"vegan":true,"vegetarian":true,"image":"https://d25t2285lxl5rf.cloudfront.net/images/dishes/75c3e9ae-b4b4-4045-b9e1-d8b711f1ebff.jpg","notFood":false,"drinks":false},{"name":"סלמון רינג","description":"מצע של אורז סושי ומעליו סלמון מטוגן במעטפת טמפורה ותערובת\r\nאבוקדו,בצל,צילי אדום סומסום ולימון","price":39,"vegan":false,"vegetarian":false,"notFood":false,"drinks":false},{"name":"ספייסי סלמון רינג","description":"מצע של אורז סושי ומעליו תערובת ספייסי סלמון, אבוקדו,בצל,\nצילי אדום,סומסום ולימון","price":39,"vegan":false,"vegetarian":false,"notFood":false,"drinks":false},{"name":"צ'יפס","price":25,"vegan":true,"vegetarian":true,"notFood":false,"drinks":false},{"name":"עוגת פאדג' שוקולד","description":"עוגת שוקולד ביתית חמה ונימוחה מאוד, העשויה ללא קמח ומלאה בשוקולד מבפנים ומבחוץ","price":29,"vegan":false,"vegetarian":false,"notFood":false,"drinks":false},{"name":"עוגת אלפחורס","description":"שכבות של בצק אלפחורס, קרם ריבת חלב וקרם קוקוס, בציפוי גנאש שוקולד חלב מקושט בריבת חלב וקוקוס קלוי","price":35,"vegan":false,"vegetarian":true,"notFood":false,"drinks":false},{"name":"סושי אוריאו","description":"רול קרם עוגיות אוריאו במעטפת טראפלס שוקולד וקוקוס קלוי","price":35,"vegan":false,"vegetarian":true,"notFood":false,"drinks":false},{"name":"פנקוטה","price":35,"vegan":true,"vegetarian":true,"notFood":false,"drinks":false},{"name":"קימצ’י","description":"חמוצים אסייתים ושומשום קלוי מעל","price":22,"vegan":true,"vegetarian":true,"image":"https://d25t2285lxl5rf.cloudfront.net/images/dishes/c3618a79-09ec-454e-820c-3e56eeb33855.png","notFood":false,"drinks":false},{"name":"אדממה","description":"עם מלח גס","price":23,"vegan":true,"vegetarian":true,"image":"https://d25t2285lxl5rf.cloudfront.net/images/dishes/cba4b906-cb13-4427-8b18-df30f7ab1ca6.jpg","notFood":false,"drinks":false},{"name":"צלחת אורז לבן","description":"עם שומשום קלוי מעל","price":21,"vegan":true,"vegetarian":true,"image":"https://d25t2285lxl5rf.cloudfront.net/images/dishes/bc5e4127-4769-49db-b602-6202d326752a.jpg","notFood":false,"drinks":false},{"name":"סלט סנצ׳אי","description":"חסות, גזר, כרוב לבן, כרוב אדום, בוטנים\r\nוקריספי בטטה בויניגרט כוסברה וחומץ מירין","price":44,"vegan":true,"vegetarian":true,"image":"https://d25t2285lxl5rf.cloudfront.net/images/dishes/5c48f1b5-b1cc-4366-b54e-78c311657675.png","notFood":false,"drinks":false},{"name":"היאשי אושי","description":"אטריות זכוכית, אצות וואקמה, עליי בייבי, גזר, מלפפון\r\nושומשום קלוי מעל","price":41,"vegan":true,"vegetarian":true,"image":"https://d25t2285lxl5rf.cloudfront.net/images/dishes/fdc77229-5abd-4152-a9b4-fbf77246ae7a.png","notFood":false,"drinks":false},{"name":"סלט טופו","description":"טופו בטריאקי, מלפפון, אבוקדו,\r\nבייבי מיקס ושמשום קלוי מעל","price":38,"vegan":true,"vegetarian":true,"image":"https://d25t2285lxl5rf.cloudfront.net/images/dishes/c145b2a2-9340-4806-be76-b44547a0678c.jpg","notFood":false,"drinks":false},{"name":"פיש אנד צ'יפס","description":"אצבעות סלמון בפנקו לצד פוטטוס","price":49,"vegan":false,"vegetarian":false,"image":"https://d25t2285lxl5rf.cloudfront.net/images/dishes/38e6ab71-03e0-4834-9ce3-b1bcc85f75b7.png","notFood":false,"drinks":false},{"name":"סלמון רינג","description":"מצע של אורז סושי ומעליו סלמון מטוגן במעטפת\r\nטמפורה ותערובת אבוקדו,בצל,צילי אדום, שומשום ולימון","price":39,"vegan":false,"vegetarian":false,"image":"https://d25t2285lxl5rf.cloudfront.net/images/dishes/b390dd15-17ca-4b80-baae-4114167e5042.png","notFood":false,"drinks":false},{"name":"ספייסי סלמון רינג","description":"מצע של אורז סושי ומעליו תערובת ספייסי סלמון נא, אבוקדו,\r\nבצל, צילי אדום, שומשום ולימון","price":37,"vegan":false,"vegetarian":false,"image":"https://d25t2285lxl5rf.cloudfront.net/images/dishes/26432169-4390-4289-9a07-fcc52c8951f0.png","notFood":false,"drinks":false},{"name":"פטריות בטמפורה","description":"פטריות טריות במעטפת טמפורה ופנקו\r\nמוגש ברוטב ויניגרט אסייתי ושומשום קלוי מעל","price":35,"vegan":true,"vegetarian":true,"image":"https://d25t2285lxl5rf.cloudfront.net/images/dishes/f752d928-5336-4ba4-b2b2-717a45f5a3de.png","notFood":false,"drinks":false},{"name":"מיסו נודל סופ","description":"מרק מיסו עם אטריות זכוכית, טמגו, אספרגוס,\r\nצ׳ילי ובצל ירוק","price":26,"vegan":true,"vegetarian":true,"image":"https://d25t2285lxl5rf.cloudfront.net/images/dishes/42a26fd3-6739-4228-aa19-f36c757251ad.png","notFood":false,"drinks":false},{"name":"באן סלמון","description":"זוג לחמניות שמרים מאודות עם סלמון מטוגן בציפוי פנקו עם רוטב טחינה יפנית וכוסברה. מוגש בליווי חמוצים יפנים ורסק צ'ילי.","price":54,"vegan":false,"vegetarian":false,"image":"https://d25t2285lxl5rf.cloudfront.net/images/dishes/8744dc9b-9da2-410f-9195-cbdd15b41cec.png","notFood":false,"drinks":false},{"name":"באן טופו","description":"זוג לחמניות שמרים מאודות עם טופו מטוגן בציפוי פנקו עם רוטב טחינה יפנית וכוסברה. מוגש בליווי חמוצים יפנים ורסק צ'ילי.","price":44,"vegan":true,"vegetarian":true,"image":"https://d25t2285lxl5rf.cloudfront.net/images/dishes/bc4bf304-f437-42ae-af9c-1d10b9e47ca1.png","notFood":false,"drinks":false},{"name":"אגרול צמחוני","description":"במעטפת טמפורה ופנקו","price":27,"vegan":true,"vegetarian":true,"notFood":false,"drinks":false},{"name":"ספיישל אושי באן סלמון","description":"זוג לחמניות שמרים מאודות עם סלמון מטוגן\r\nבציפוי פאנקו עם רוטב טחינה יפנית וכוסברה.\r\nמוגש בליווי חמוצים יפנים ורסק צ'ילי בצד","price":49,"vegan":false,"vegetarian":false,"notFood":false,"drinks":false},{"name":"ספיישל אושי באן טופו","description":"זוג לחמניות שמרים מאודות עם טופו מטוגן\r\nבציפוי פאנקו עם רוטב טחינה יפנית וכוסברה.\r\nמוגש בליווי חמוצים יפנים ורסק צ'ילי בצד","price":39,"vegan":true,"vegetarian":true,"notFood":false,"drinks":false},{"name":"דים סאם צמחוני","description":"2 גיוזה שיטקי, 1 גיוזה בטטה, 1 גיוזה תרד\r\n המנה מגיעה עם שומשום קלוי מעל","price":32,"vegan":true,"vegetarian":true,"notFood":false,"drinks":false},{"name":"גיוזה","description":"2 גיוזה שיטקי, 1 גיוזה בטטה, 1 גיוזה תרד\r\nמטוגן בפנקו עם רוטב טריאקי ושומשום מעל","price":32,"vegan":true,"vegetarian":true,"notFood":false,"drinks":false},{"name":"מיסו שירו","description":"מרק מיסו עם אצות וואקמה, טופו, בצל ירוק ופטריות","price":26,"vegan":true,"vegetarian":true,"notFood":false,"drinks":false},{"name":"מרק טום יאם","description":"מרק טום יאם עם עגבניות שרי,\r\nפטריות, כוסברה ובצל ירוק","price":31,"vegan":true,"vegetarian":true,"notFood":false,"drinks":false},{"name":"ניגירי טמאגו","description":"2 יחידות","price":21,"vegan":false,"vegetarian":true,"image":"https://d25t2285lxl5rf.cloudfront.net/images/dishes/65696707-5dcc-4319-98ba-8b77b2db5fba.png","notFood":false,"drinks":false},{"name":"ניגירי סלמון","description":"2 יחידות","price":27,"vegan":false,"vegetarian":false,"image":"https://d25t2285lxl5rf.cloudfront.net/images/dishes/31e9c5f0-6799-4dbc-96c2-e4ab26cc6542.jpg","notFood":false,"drinks":false},{"name":"ניגירי אבוקדו","description":"2 יחידות","price":25,"vegan":true,"vegetarian":true,"image":"https://d25t2285lxl5rf.cloudfront.net/images/dishes/adbb7f10-f031-4f52-b1a0-cab50e437f30.jpg","notFood":false,"drinks":false},{"name":"ניגירי טונה","description":"2 יחידות","price":28,"vegan":false,"vegetarian":false,"image":"https://d25t2285lxl5rf.cloudfront.net/images/dishes/46b9a98f-29f6-4f8f-be91-c8e58f491345.jpg","notFood":false,"drinks":false},{"name":"ניגירי דניס","description":"2 יחידות","price":28,"vegan":false,"vegetarian":false,"image":"https://d25t2285lxl5rf.cloudfront.net/images/dishes/3e8df1da-7907-45ca-bf84-0c5b6ed9aeb8.png","notFood":false,"drinks":false},{"name":"סשימי סלמון - 3 יחידות","price":35,"vegan":false,"vegetarian":false,"image":"https://d25t2285lxl5rf.cloudfront.net/images/dishes/410b3fc7-3b40-40ec-9957-4d1e3eda625d.jpg","notFood":false,"drinks":false},{"name":"סשימי סלמון - 5 יחידות","price":41,"vegan":false,"vegetarian":false,"image":"https://d25t2285lxl5rf.cloudfront.net/images/dishes/e2ed11f9-e08c-44ca-9382-f60d13903ed7.jpg","notFood":false,"drinks":false},{"name":"סשימי דניס - 3 יחידות","price":38,"vegan":false,"vegetarian":false,"image":"https://d25t2285lxl5rf.cloudfront.net/images/dishes/7a8db60a-fc54-44ed-87b5-c8387e29a93c.jpg","notFood":false,"drinks":false},{"name":"סשימי דניס - 5 יחידות","price":48,"vegan":false,"vegetarian":false,"image":"https://d25t2285lxl5rf.cloudfront.net/images/dishes/d6554657-f6ce-42a1-9fec-5457693d4570.jpg","notFood":false,"drinks":false},{"name":"סשימי טונה - 3 יחידות","price":38,"vegan":false,"vegetarian":false,"image":"https://d25t2285lxl5rf.cloudfront.net/images/dishes/cefac6a1-01f1-434e-9967-daa176cf63ad.jpg","notFood":false,"drinks":false},{"name":"סשימי טונה - 5 יחידות","price":48,"vegan":false,"vegetarian":false,"image":"https://d25t2285lxl5rf.cloudfront.net/images/dishes/04100696-1cde-4abb-a96e-d8c472ecee5a.jpg","notFood":false,"drinks":false},{"name":"הרכבה צמחוני","description":"i/o\n4 ירקות לבחירה","price":36,"vegan":true,"vegetarian":true,"notFood":false,"drinks":false},{"name":"הרכבה צמחוני מטוגן","price":40,"vegan":true,"vegetarian":true,"notFood":false,"drinks":false},{"name":"הרכבה דג","description":"i/o\nלבחירה דג ו-3 ירקות לבחירה","price":39,"vegan":false,"vegetarian":false,"notFood":false,"drinks":false},{"name":"הרכבה דג מטוגן","price":41,"vegan":false,"vegetarian":false,"notFood":false,"drinks":false},{"name":"מאמא סאן","description":"8 יחידות עם ספייסי טונה אדומה, אבוקדו ומלפפון עם שומשום קלוי מעל","price":37,"vegan":false,"vegetarian":false,"image":"https://d25t2285lxl5rf.cloudfront.net/images/dishes/7448366d-1201-4de2-a349-38fa063dcac3.jpg","notFood":false,"drinks":false},{"name":"פאפא סאן","description":"8 יחידות עם ספייסי סלמון, אבוקדו ומלפפון עם שומשום קלוי מעל","price":35,"vegan":false,"vegetarian":false,"image":"https://d25t2285lxl5rf.cloudfront.net/images/dishes/ef7d7688-8fc8-4a48-ae80-4c0d931e01d2.png","notFood":false,"drinks":false},{"name":"יסאהי רול","description":"8 יחידות עם אספרגוס, אבוקדו, מלפפון וגזר עם שומשום קלוי מעל","price":32,"vegan":true,"vegetarian":true,"image":"https://d25t2285lxl5rf.cloudfront.net/images/dishes/2385b23f-d0c1-41c6-8ebd-ac4ce9f0bb5a.png","notFood":false,"drinks":false},{"name":"ספייסי דניס","description":"8 יחידות עם דג דניס בתיבול ספייסי, אבוקדו ומלפפון עם שומשום קלוי מעל","price":39,"vegan":false,"vegetarian":false,"image":"https://d25t2285lxl5rf.cloudfront.net/images/dishes/e1dc24a5-08a9-4d4e-a8fa-0755437ab862.png","notFood":false,"drinks":false},{"name":"רוק אנד רול","description":"קריספי סלמון סקין, אבוקדו, גבינת שמנת ובצל ירוק בציפוי קריספי בטטה","price":39,"vegan":false,"vegetarian":false,"image":"https://d25t2285lxl5rf.cloudfront.net/images/dishes/81562f98-57cd-4ef6-8d6e-43a6e222cb4a.png","notFood":false,"drinks":false},{"name":"סלמון טמפורה","description":"8 יחידות עם סלמון נא ואבוקדו, בציפוי שבבי טמפורה","price":38,"vegan":false,"vegetarian":false,"image":"https://d25t2285lxl5rf.cloudfront.net/images/dishes/4d71bceb-6465-4f19-8c46-65cbaeab37f4.png","notFood":false,"drinks":false},{"name":"טמגוצ'י","description":"8 יחידות עם טמאגו, קרים צ'יז, אבוקדו ומלפפון בציפוי שומשום קלוי","price":37,"vegan":false,"vegetarian":true,"image":"https://d25t2285lxl5rf.cloudfront.net/images/dishes/ded9a9cb-c1e0-4903-b5d4-6663bc9161d4.png","notFood":false,"drinks":false},{"name":"צונאמי","description":"8 יחידות עם סלט טונה במיונז, בצל ירוק ואבוקדו במעטפת שומשום קלוי","price":38,"vegan":false,"vegetarian":false,"image":"https://d25t2285lxl5rf.cloudfront.net/images/dishes/6bca7f64-3b2e-450d-b184-9f61f964b172.png","notFood":false,"drinks":false},{"name":"דיינמייט","description":"8 יחידות עם סלמון אפוי בטריאקי ומלפפון, בציפוי אבוקדו","price":39,"vegan":false,"vegetarian":false,"image":"https://d25t2285lxl5rf.cloudfront.net/images/dishes/b143e171-8a3c-4a52-a32e-1916517563b3.png","notFood":false,"drinks":false},{"name":"פנקירול","description":"8 יחידות עם טמאגו, קנפיו, אבוקדו ומלפפון במעטפת בטטה","price":39,"vegan":false,"vegetarian":true,"image":"https://d25t2285lxl5rf.cloudfront.net/images/dishes/81ade7fe-93a0-4c3a-88a0-e6609a219da1.jpg","notFood":false,"drinks":false},{"name":"סלמון איקורה","description":"8 יחידות עם סלמון נא, אבוקדו ומלפפון, בציפוי אבוקדו ואיקורה","price":47,"vegan":false,"vegetarian":false,"image":"https://d25t2285lxl5rf.cloudfront.net/images/dishes/75164a82-3117-4eed-8b5a-672ade1736ce.png","notFood":false,"drinks":false},{"name":"אלסקה","description":"סלמון נא, קרם טופו, אבוקדו וטמפורה בציפוי דניס וקרם וואסבי","price":46,"vegan":false,"vegetarian":false,"image":"https://d25t2285lxl5rf.cloudfront.net/images/dishes/b3a6a36a-695b-4616-bb58-458f081dacc2.png","notFood":false,"drinks":false},{"name":"שוגון","description":"8 יחידות עם טונה, דניס, סלמון ואבוקדו במעטפת עירית","price":49,"vegan":false,"vegetarian":false,"image":"https://d25t2285lxl5rf.cloudfront.net/images/dishes/370dfb9b-8963-48aa-9016-7a93ffca6020.jpg","notFood":false,"drinks":false},{"name":"פילדלפיה","description":"8 יחידות עם קרים צ'יז, אבוקדו, מלפפון ובצל ירוק, בציפוי סלמון מעושן ועירית","price":39,"vegan":false,"vegetarian":false,"image":"https://d25t2285lxl5rf.cloudfront.net/images/dishes/49ce6430-0e73-4c93-8d95-a89dbf7cfaae.jpg","notFood":false,"drinks":false},{"name":"צ'רליז אנג'לס","description":"8 יחידות עם ספייסי טונה אדומה, מלפפון ואבוקדו, בציפוי סלמון, טונה ודניס","price":51,"vegan":false,"vegetarian":false,"image":"https://d25t2285lxl5rf.cloudfront.net/images/dishes/be4b8fad-fdb3-4047-a0ba-6691f5156197.png","notFood":false,"drinks":false},{"name":"קליפורניה","description":"דניס, סלמון נא, אבוקדו בצל ירוק בציפוי טוביקו וקרם וואסבי","price":47,"vegan":false,"vegetarian":false,"image":"https://d25t2285lxl5rf.cloudfront.net/images/dishes/c4ac6bb0-076c-4612-8e22-57f5cc3d3111.jpg","notFood":false,"drinks":false},{"name":"ריינבואו","description":"ספייסי סלמון נא, מלפפון ואבוקדו עטוף בסלמון, דניס, טונה, בטטה ואבוקדו","price":51,"vegan":false,"vegetarian":false,"image":"https://d25t2285lxl5rf.cloudfront.net/images/dishes/cb93666f-70c0-4168-9256-45c1de12fa9d.png","notFood":false,"drinks":false},{"name":"סאנסט","description":"8 יחידות עם ספייסי סלמון, אבוקדו ובטטה, בציפוי סלמון צרוב, שבבי בטטה, טמפורה, עירית ושומשום עם ספייסי מיונז וטריאקי מעל","price":53,"vegan":false,"vegetarian":false,"image":"https://d25t2285lxl5rf.cloudfront.net/images/dishes/26669675-3ccf-48c6-b31c-798c7940dde5.png","notFood":false,"drinks":false},{"name":"ריו רול","description":"8 יחידות סלמון אפוי בטריאקי, טמגו, קנפיו ומלפפון בציפוי עירית, תערובת אבוקדו, צ'ילי, לימון ובצל ירוק","price":51,"vegan":false,"vegetarian":false,"image":"https://d25t2285lxl5rf.cloudfront.net/images/dishes/76532eeb-09b4-45bb-af7d-0aff9d6c1f88.png","notFood":false,"drinks":false},{"name":"מיסטר מיאגי","description":"סלמון מטוגן,מלפפון ובצל מטוגן בציפוי אבוקדו, בטטה, טמפורה,\r\nקריספי בטטה,עירית,בוטנים,טריאקי ורוטב כוסברה","price":53,"vegan":false,"vegetarian":false,"image":"https://d25t2285lxl5rf.cloudfront.net/images/dishes/0666fe42-270b-462c-b822-4d974f17a9a3.png","notFood":false,"drinks":false},{"name":"צ'אקי","description":"8 יחידות עם ספייסי דניס, אבוקדו ומלפפון, עטוף בדניס צרוב עם  וצ'ילי טרי מעל","price":54,"vegan":false,"vegetarian":false,"image":"https://d25t2285lxl5rf.cloudfront.net/images/dishes/be1389df-94a4-4091-bb53-94ecb5fc0203.png","notFood":false,"drinks":false},{"name":"וולקנו רול","description":"8 יחידות  אבוקדו ומלפפון בציפוי עירית עם תערובת ספייסי סלמון, שומשום ועירית מעל","price":52,"vegan":false,"vegetarian":false,"image":"https://d25t2285lxl5rf.cloudfront.net/images/dishes/43a3a937-d6a7-4dc9-987f-2883b916972c.png","notFood":false,"drinks":false},{"name":"רד דרגון","description":"8 יחידות עם טמגו, אבוקדו, מלפפון ובצל ירוק, בציפוי סלמון צרוב, עירית, שומשום וצ'ילי חריף","price":51,"vegan":false,"vegetarian":false,"image":"https://d25t2285lxl5rf.cloudfront.net/images/dishes/0676918e-12c1-419f-9761-ee40d50d78cc.jpg","notFood":false,"drinks":false},{"name":"אושי קאנאפי","description":"אספרגוס, אבוקדו ומלפפון בציפוי שומשום קלוי עם תערובת ספייסי סלמון ואיקורה","price":52,"vegan":false,"vegetarian":false,"image":"https://d25t2285lxl5rf.cloudfront.net/images/dishes/cd8073ea-c57a-4dff-b5df-a35a0cb65c60.png","notFood":false,"drinks":false},{"name":"שאגי רול","description":"סלמון, מלפפון, בצל ירוק ונענע בציפוי טונה, אבוקדו, צ'ילי אדום ורוטב אסייתי ","price":51,"vegan":false,"vegetarian":false,"image":"https://d25t2285lxl5rf.cloudfront.net/images/dishes/3dd8e81b-528d-41d2-8fa2-a9db76454aee.jpg","notFood":false,"drinks":false},{"name":"שאוקן","description":"8 יחידות טונה אדומה, סלמון, טמגו ואבוקדו במעטפת טונה אדומה צרובה, טוביקו צמחי כתום וקרם וואסבי","price":55,"vegan":false,"vegetarian":false,"image":"https://d25t2285lxl5rf.cloudfront.net/images/dishes/2567a38b-cd03-49f0-91c0-85ef08e37379.png","notFood":false,"drinks":false},{"name":"ראסטי","description":"8 יחידות עם סלמון אפוי בטריאקי, טמגו, קנפיו, אבוקדו ומלפפון, במעטפת בטטה קריספי","price":42,"vegan":false,"vegetarian":false,"image":"https://d25t2285lxl5rf.cloudfront.net/images/dishes/46503cde-2022-489d-98fc-f0fa301a8887.png","notFood":false,"drinks":false},{"name":"קוקו טונה","description":"אבוקדו, אספרגוס, ושיטאקי במעטפת טונה עם ציפס קוקוס ורוטב כוסברה","price":52,"vegan":false,"vegetarian":false,"image":"https://d25t2285lxl5rf.cloudfront.net/images/dishes/78169bca-11ad-41e1-b22a-3ec6f1def71e.jpg","notFood":false,"drinks":false},{"name":"וג'י סנסט","description":"8 יחידות בטטה, טמגו, מלפפון וקנפיו, בציפוי אבוקדו שבבי בטטה טמפורה, עירית, שומשום עם ספייסי מיונז וטריאקי מעל","price":47,"vegan":false,"vegetarian":true,"image":"https://d25t2285lxl5rf.cloudfront.net/images/dishes/1d80e93b-bda1-414d-bfc9-589b424f5213.png","notFood":false,"drinks":false},{"name":"קנדי רול","description":"8 יחידות  אבוקדו, בטטה, קנפיו ופקאן מסוכר בציפוי טמאגו וטריאקי","price":39,"vegan":false,"vegetarian":true,"image":"https://d25t2285lxl5rf.cloudfront.net/images/dishes/795e2781-7d3c-47f8-a91c-401fd19c37a4.png","notFood":false,"drinks":false},{"name":"קימוסאבי רול","description":"דניס מטוגן, אבוקדו, בטטה, קנפיו ובצל ירוק בציפוי\r\nסלמון צרוב, ספייסי מיונז וצילי חריף","price":52,"vegan":false,"vegetarian":false,"image":"https://d25t2285lxl5rf.cloudfront.net/images/dishes/0adec38b-5d90-49e0-a43d-a0b4575917c5.png","notFood":false,"drinks":false},{"name":"מאקי סלמון","price":29,"vegan":false,"vegetarian":false,"image":"https://d25t2285lxl5rf.cloudfront.net/images/dishes/e21401ef-8f52-4d6f-9a37-5d324f41f397.jpg","notFood":false,"drinks":false},{"name":"מאקי בטטה","price":24,"vegan":true,"vegetarian":true,"image":"https://d25t2285lxl5rf.cloudfront.net/images/dishes/f75a7e96-1b15-4434-b016-4ec4a85afd2d.jpg","notFood":false,"drinks":false},{"name":"מאקי סלמון גריל","price":29,"vegan":false,"vegetarian":false,"notFood":false,"drinks":false},{"name":"מאקי סלמון מעושן","price":29,"vegan":false,"vegetarian":false,"notFood":false,"drinks":false},{"name":"מאקי טונה","price":29,"vegan":false,"vegetarian":false,"notFood":false,"drinks":false},{"name":"מאקי דניס","price":29,"vegan":false,"vegetarian":false,"notFood":false,"drinks":false},{"name":"מאקי גזר","price":24,"vegan":true,"vegetarian":true,"notFood":false,"drinks":false},{"name":"מאקי אבוקדו","price":24,"vegan":true,"vegetarian":true,"notFood":false,"drinks":false},{"name":"מאקי מלפפון","price":24,"vegan":true,"vegetarian":true,"notFood":false,"drinks":false},{"name":"מאקי קנפיו","price":24,"vegan":true,"vegetarian":true,"notFood":false,"drinks":false},{"name":"מאקי שיטאקי","price":24,"vegan":true,"vegetarian":true,"notFood":false,"drinks":false},{"name":"מאקי אספרגוס","price":24,"vegan":true,"vegetarian":true,"notFood":false,"drinks":false},{"name":"מאקי טמגו","price":24,"vegan":true,"vegetarian":true,"notFood":false,"drinks":false},{"name":"יאקוזה","description":"רול רחב עם דניס, אבוקדו,\nטוביקו כתום, מלפפון ובצל ירוק","price":37,"vegan":false,"vegetarian":false,"image":"https://d25t2285lxl5rf.cloudfront.net/images/dishes/f6c556bc-d10c-4212-b5aa-ddab3e2c785a.jpg","notFood":false,"drinks":false},{"name":"בונזאי","description":"רול רחב עם טמגו, קנפיו, אבוקדו, גזר ומלפפון","price":31,"vegan":true,"vegetarian":true,"image":"https://d25t2285lxl5rf.cloudfront.net/images/dishes/b65e330d-bd31-4553-938e-868ec3bddb9c.png","notFood":false,"drinks":false},{"name":"סאקורה","description":"רול רחב עם סלמון מעושן, טמגו,\nאבוקדו, מלפפון וקרם טופו","price":42,"vegan":false,"vegetarian":false,"image":"https://d25t2285lxl5rf.cloudfront.net/images/dishes/8e98836e-ea9d-4cee-8ee1-4033592881a0.png","notFood":false,"drinks":false},{"name":"שוגון טמאקי","description":"טונה, דניס, סלמון עם אבוקדו,\nמלפפון ובצל ירוק","price":33,"vegan":false,"vegetarian":false,"image":"https://d25t2285lxl5rf.cloudfront.net/images/dishes/6aad5bfe-84ea-4620-861c-8f9a80f167fd.jpg","notFood":false,"drinks":false},{"name":"סקאמורי טמאקי","description":"סלמון, סלמון סקין, מלפפון, אבוקדו ובצל ירוק","price":30,"vegan":false,"vegetarian":false,"image":"https://d25t2285lxl5rf.cloudfront.net/images/dishes/6681a831-d9b6-4873-aeb8-552056515682.png","notFood":false,"drinks":false},{"name":"יסאהי טמאקי","description":"אבוקדו, אספרגוס, גזר ומלפפון","price":26,"vegan":true,"vegetarian":true,"image":"https://d25t2285lxl5rf.cloudfront.net/images/dishes/8418ef12-f839-4817-bf5c-40bff2cd5b7f.jpg","notFood":false,"drinks":false},{"name":"סאקה טמאקי","description":"סלמון, אבוקדו ומלפפון","price":27,"vegan":false,"vegetarian":false,"image":"https://d25t2285lxl5rf.cloudfront.net/images/dishes/659dfd80-83a5-43f2-973f-2fcdddddaf59.jpg","notFood":false,"drinks":false},{"name":"טאקה טמאקי","description":"טונה נא, אבוקדו ומלפפון","price":28,"vegan":false,"vegetarian":false,"image":"https://d25t2285lxl5rf.cloudfront.net/images/dishes/2e857568-45c3-469c-9bcc-227799cd83c1.png","notFood":false,"drinks":false},{"name":"דזרט רול","description":"רול מטוגן עם טופו, בטטה, קנפיו, אספרגוס,\nאבוקדו בציפוי טמפורה ופנקו","price":39,"vegan":true,"vegetarian":true,"image":"https://d25t2285lxl5rf.cloudfront.net/images/dishes/b6d92cb2-c220-4d3c-85af-8fc54b7e6489.png","notFood":false,"drinks":false},{"name":"פקאנקו רול","description":"רול מטוגן במילוי קרם טופו, פקאן מסוכר, בטטה וטמגו","price":39,"vegan":true,"vegetarian":true,"image":"https://d25t2285lxl5rf.cloudfront.net/images/dishes/2bb5bc76-2447-48a6-946d-4fffc561f9aa.png","notFood":false,"drinks":false},{"name":"הוט סלמון","description":"רול מטוגן במילוי סלמון נא, בטטה,\nאבוקדו ובצל ירוק בציפוי טמפורה ופנקו","price":42,"vegan":false,"vegetarian":false,"image":"https://d25t2285lxl5rf.cloudfront.net/images/dishes/42742ca5-56fe-4c1f-8382-28e6e50c66f1.jpg","notFood":false,"drinks":false},{"name":"וינסנט ספיישל","description":"רול מטוגן במילוי אבוקדו, סלמון נא, בצל ירוק,\nשומשום קלוי קרם טופו, בציפוי טמפורה ופנקו","price":42,"vegan":false,"vegetarian":false,"image":"https://d25t2285lxl5rf.cloudfront.net/images/dishes/5631e48b-22ce-4111-becc-7304bba90431.png","notFood":false,"drinks":false},{"name":"טייגר סנדוויץ’","description":"סושי סנדוויץ׳ במילוי ספייסי טונה נא, אבוקדו,\nבצל ירוק וקנפיו בציפוי טמפורה ופנקו","price":42,"vegan":false,"vegetarian":false,"image":"https://d25t2285lxl5rf.cloudfront.net/images/dishes/a3c0540e-ae84-4b7b-846e-4fd6e26e236f.jpg","notFood":false,"drinks":false},{"name":"רולס רויס","description":"פוטומאקי מטוגן במילוי סלמון נא, טונה, דניס, גזר,\nאבוקדו בצל ירוק וטמגו בציפוי טמפורה ופנקו","price":42,"vegan":false,"vegetarian":false,"image":"https://d25t2285lxl5rf.cloudfront.net/images/dishes/401d81d4-3611-47a4-a216-608f3ac75862.jpg","notFood":false,"drinks":false},{"name":"ליו רול","description":"רול מטוגן עם סלמון אפוי, קנפיו,\nבטטה ואבוקדו בציפוי טמפורה ופנקו","price":42,"vegan":false,"vegetarian":false,"image":"https://d25t2285lxl5rf.cloudfront.net/images/dishes/05ba635a-0d68-40e9-809f-a02a022fe47d.png","notFood":false,"drinks":false},{"name":"סלמון גריל ואבוקדו","description":"4 יחידות","price":39,"vegan":false,"vegetarian":false,"image":"https://d25t2285lxl5rf.cloudfront.net/images/dishes/c72b666e-7cf3-4113-9fb6-e34eb2e280aa.jpg","notFood":false,"drinks":false},{"name":"טמאגו ואבוקדו","description":"4 יחידות","price":37,"vegan":false,"vegetarian":true,"image":"https://d25t2285lxl5rf.cloudfront.net/images/dishes/1af3cab2-43af-42df-929c-4f74545a19a4.png","notFood":false,"drinks":false},{"name":"טונה גריל ואבוקדו","description":"4 יחידות","price":39,"vegan":false,"vegetarian":false,"image":"https://d25t2285lxl5rf.cloudfront.net/images/dishes/2e4c4feb-c842-4584-bafc-8b14c31fef7e.png","notFood":false,"drinks":false},{"name":"ספייסי טונה ואבוקדו","description":"4 יחידות","price":41,"vegan":false,"vegetarian":false,"image":"https://d25t2285lxl5rf.cloudfront.net/images/dishes/4c7c268c-288d-432e-8767-b525cba871b0.png","notFood":false,"drinks":false},{"name":"סנדוויץ' אבוקדו","description":"4 יחידות","price":36,"vegan":true,"vegetarian":true,"image":"https://d25t2285lxl5rf.cloudfront.net/images/dishes/5f67864c-b5c2-4fca-80f8-eaad19e76b95.jpg","notFood":false,"drinks":false},{"name":"ספייסי סלמון ואבוקדו","description":"4 יחידות","price":40,"vegan":false,"vegetarian":false,"image":"https://d25t2285lxl5rf.cloudfront.net/images/dishes/1f56f317-3635-47fe-a0b7-59017b3c3258.png","notFood":false,"drinks":false},{"name":"קומבינציית סלמון","description":"8 יח' ראסטי רול,\n8 יח' פאפא סאן,\n8 יח' סלמון טמפורה,\n8 יח' רד דרגון,\n4 יח' סנדוויץ סלמון נא ואבוקדו","price":185,"vegan":false,"vegetarian":false,"image":"https://d25t2285lxl5rf.cloudfront.net/images/dishes/98ad81f4-b752-42cf-88ee-27a4dfb34815.jpg","notFood":false,"drinks":false},{"name":"הפי פמילי","description":"8 יח' מאמא סאן,\n8 יח' פאפא סאן,\n1 יח' ניגירי סלמון,\n1 יח' ניגירי טונה\n","price":83,"vegan":false,"vegetarian":false,"image":"https://d25t2285lxl5rf.cloudfront.net/images/dishes/e71287f1-91d0-455c-aa27-50cdab01f846.jpg","notFood":false,"drinks":false},{"name":"קריספי","description":"8 יח' צונאמי,\n8 יח' טמאגוצ׳י,\n8 יח' ליו רול,\n4 יח' סנדוויץ סלמון גריל.","price":125,"vegan":false,"vegetarian":false,"image":"https://d25t2285lxl5rf.cloudfront.net/images/dishes/187eb7eb-3132-4afd-92f6-6d2baf8e453f.png","notFood":false,"drinks":false},{"name":"יפן","description":"8 יח’ רוק & רול,\n2 יח’ ניגירי טונה,\n2 יח’ ניגירי סלמון,\n3 יח’ סשימי טונה,\n3 יח’ סשימי דניס\n","price":127,"vegan":false,"vegetarian":false,"image":"https://d25t2285lxl5rf.cloudfront.net/images/dishes/2da42af0-b615-403e-8972-acb11abb00f8.jpg","notFood":false,"drinks":false},{"name":"קומבינציית ספיישל","description":"8 יח’ פנקירול,\n8 יח’ רד דרגון,\n8 יח’ סלמון טמפורה,\n8 יח’ צונאמי,\n4 יח’ סנדוויץ סלמון גריל","price":187,"vegan":false,"vegetarian":false,"image":"https://d25t2285lxl5rf.cloudfront.net/images/dishes/765f9568-64ed-43d3-971e-42a1409c300c.jpg","notFood":false,"drinks":false},{"name":"אוקינאווה","description":"8 יח’ יסאהי רול,\n8 יח’ דיינמייט,\n8 יח’ בטטה מאקי,\n4 יח’ סנדוויץ ספייסי סלמון","price":105,"vegan":false,"vegetarian":false,"image":"https://d25t2285lxl5rf.cloudfront.net/images/dishes/0a7be80d-7b05-458e-a7e9-bd67cfb55101.jpg","notFood":false,"drinks":false},{"name":"וג'י קומבו","description":"4 יח’ סנדוויץ׳ טמגו ואבוקדו,\n4 יח’ מאקי מלפפון,\n4 יח’ מאקי גזר,\n8 יח’ פנקירול","price":81,"vegan":true,"vegetarian":true,"image":"https://d25t2285lxl5rf.cloudfront.net/images/dishes/522d79b6-406d-4784-88d5-22c14f9444fb.jpg","notFood":false,"drinks":false},{"name":"צמחונית","description":"4 יח’ מאקי בטטה,\n4 יח’ מאקי טמגו,\n8 יח’ טמגוצ׳י","price":49,"vegan":true,"vegetarian":true,"image":"https://d25t2285lxl5rf.cloudfront.net/images/dishes/48edd541-fc8b-402e-8fe2-bc458b5adf3e.jpg","notFood":false,"drinks":false},{"name":"טאקה יאקי גארי","description":"אורז סושי עם תערובת בטטה קריספי וטמפורה\nבתוספת ירקות, קוביות טונה בטמפורה, עירית,\nטריאקי ושומשום מעל","price":52,"vegan":false,"vegetarian":false,"notFood":false,"drinks":false},{"name":"סאקה יאקי צירשי","description":"אורז סושי עם תערובת בטטה קריספי וטמפורה\nבתוספת ירקות, סלמון אפוי, עירית,\nטריאקי ושומשום מעל","price":52,"vegan":false,"vegetarian":false,"notFood":false,"drinks":false},{"name":"סאקה טונקצ'או","description":"אורז סושי עם תערובת בטטה קריספי וטמפורה בתוספת ירקות, סלמון בפנקו, עירית, טריאקי ושומשום מעל","price":52,"vegan":false,"vegetarian":false,"notFood":false,"drinks":false},{"name":"יסאי צ'ואי","description":"אורז סושי עם תערובת בטטה קריספי וטמפורה\r\nבתוספת ירקות, אצבעות טופו בטמפורה, עירית,\r\nטריאקי ושומשום מעל","price":44,"vegan":true,"vegetarian":true,"notFood":false,"drinks":false},{"name":"נודלס אסייתי","description":"אטריות ביצים, כרוב, גזר, פלפלים, בצל ירוק\nובוטנים ברוטב אסייתי","price":44,"vegan":false,"vegetarian":true,"image":"https://d25t2285lxl5rf.cloudfront.net/images/dishes/a4df013b-f94f-48cb-9417-8f9cf851460d.jpg","notFood":false,"drinks":false},{"name":"קומבו פרנדלי","description":"8 יח’ צונאמי\n8 יח’ פנקירול\n8 יח’ מאקי אבוקדו\n8 יח’ סלמון טמפורה\n8 יח’ יסאהי רול\n8 יח’ מאקי סלמון\n8 יח’ מאמא סאן בציפוי עירית\n8 יח’ מאמא סאן בציפוי בטטה\n8 יח’ פאפא סאן בציפוי\nקריספי בטטה\n8 יח’ סלמון טמפורה בציפוי\nקריספי בטטה\n16 יח’ דיינמייט","price":335,"vegan":false,"vegetarian":false,"image":"https://d25t2285lxl5rf.cloudfront.net/images/dishes/491452.gif","notFood":false,"drinks":false},{"name":"קומבו גרנדה","description":"8 יח’ מאקי טונה\n8 יח’ מאקי סלמון\n2 יח’ ניגירי טונה\n8 יח’ צונאמי\n8 יח’ דיינמייט\n2 יח’ ניגירי סלמון\n2 יח’ ניגירי אבוקדו\n8 יח’ יסהאי\n8 יח’ פנקירול\n8 יח’ מאקי אבוקדו\n8 יח’ סלמון טמפורה\n8 יח’ צ’רליז אנג’לס\n4 יח’ סנדוויץ’ ספייסי סלמון\n8 יח’ מאמא סאן בציפוי עירית\n8 יח’ פנקירול בציפוי אבוקדו\n8 יח’ פאפא סאן בציפוי קריספי בטטה","price":399,"vegan":false,"vegetarian":false,"image":"https://d25t2285lxl5rf.cloudfront.net/images/dishes/491451.gif","notFood":false,"drinks":false},{"name":"combo vip","description":"16 יח’ רד דרגון\n8 יח’ פנקירול\n16 יח’ ראסטי רול\n8 יח’ שוגון\n8 יח’ פילדלפיה\n8 יח’ וג'י סנסט\n8 יח’ רוק אנד רול\n8 יח’ דיינמייט\n8 יח’ צונאמי\n16 יח’ סלמון טמפורה\n8 יח’ קנדי רול\n8 יח’ ריינבואו","price":499,"vegan":false,"vegetarian":false,"image":"https://d25t2285lxl5rf.cloudfront.net/images/dishes/e5368ef4-da18-4538-a15b-c4ed6ad4d6bc.jpg","notFood":false,"drinks":false},{"name":"קוקה קולה","price":11,"vegan":true,"vegetarian":true,"notFood":false,"drinks":true},{"name":"סודה","price":10,"vegan":true,"vegetarian":true,"notFood":false,"drinks":true},{"name":"קרלסברג","price":22,"vegan":true,"vegetarian":true,"notFood":false,"drinks":false},{"name":"טובורג","price":22,"vegan":true,"vegetarian":true,"notFood":false,"drinks":false},{"name":"בירה שחורה","price":14,"vegan":true,"vegetarian":true,"notFood":false,"drinks":true},{"name":"קוקה קולה זירו\n","price":11,"vegan":true,"vegetarian":true,"notFood":false,"drinks":true},{"name":"ספרייט","price":11,"vegan":true,"vegetarian":true,"notFood":false,"drinks":true},{"name":"ספרייט זירו","price":11,"vegan":true,"vegetarian":true,"notFood":false,"drinks":true},{"name":"פנטה","price":11,"vegan":true,"vegetarian":true,"notFood":false,"drinks":false},{"name":"מים בטעם תפוח","price":11,"vegan":true,"vegetarian":true,"notFood":false,"drinks":false},{"name":"מים בטעם אפרסק","price":11,"vegan":true,"vegetarian":true,"notFood":false,"drinks":false},{"name":"פיוזטי","price":11,"vegan":true,"vegetarian":true,"notFood":false,"drinks":false},{"name":"אשכוליות","price":11,"vegan":true,"vegetarian":true,"notFood":false,"drinks":false},{"name":"תפוזים","price":11,"vegan":true,"vegetarian":true,"notFood":false,"drinks":false},{"name":"ענבים","price":11,"vegan":true,"vegetarian":true,"notFood":false,"drinks":true},{"name":"תפוחים","price":11,"vegan":true,"vegetarian":true,"notFood":false,"drinks":false},{"name":"מים מינרלים","price":10,"vegan":true,"vegetarian":true,"notFood":false,"drinks":false}]}