{"track_id":"17875","filters":["meatGrill","humus","veganFood"],"image":"https://tenbis-static.azureedge.net/restaurant-default-card-image/CuzineType_meatgrill_05.jpg","address":"צומת בנימינה, 0 בנימינה גבעת עדה","location":[34.929888,32.516826],"name":"לאבלבי","city":"בנימינה גבעת עדה","priceAverage":30.290816326530614,"menu":[{"name":"המסעדה אינה יכולה להתחייב לספק הזמנות ללא מספר טלפון זמין","vegan":true,"vegetarian":true,"notFood":false,"drinks":false},{"name":"מטבח המשלוחים נפתח בשעה 12:00 זמן אספקה כשעה","vegan":true,"vegetarian":true,"notFood":false,"drinks":false},{"name":"מלבי אקספרס","price":15,"vegan":true,"vegetarian":true,"notFood":false,"drinks":false},{"name":"מוס שוקולד","price":15,"vegan":false,"vegetarian":true,"notFood":false,"drinks":false},{"name":"מג'הול עות'מאני","description":"שלשיית תמר מג'הול במילוי קשיו, אגוזים ושבבי קוקוס קלויים","price":14,"vegan":true,"vegetarian":true,"notFood":false,"drinks":false},{"name":"יום ראשון - עוף בקארי","description":"תפו\"א, בטטה, זוקיני, כרובית ושעועית ירוקה עם עוף ברוטב קארי. מוגש עם אורז","price":46,"vegan":false,"vegetarian":false,"notFood":false,"drinks":false},{"name":"יום ראשון - קארי ירקות טבעוני","description":"תפן\"א, בטטה, זוקיני, גזר, כרובית ושעועית ירוקה ברוטב קארי. מוגש עם אורז בסמטי","price":40,"vegan":true,"vegetarian":true,"notFood":false,"drinks":false},{"name":"יום שני - אסאדו במעשנה","description":"אסאדו בעישון של 12 שעות. מוגש עם ירקות שורש וצ'מיצ'ורי","price":59,"vegan":true,"vegetarian":true,"notFood":false,"drinks":false},{"name":"יום שני - כתף בקר בערמונים ופטריות","description":"מוגש עם אורז או פירה לבחירה","price":55,"vegan":false,"vegetarian":false,"notFood":false,"drinks":false},{"name":"יום רביעי - בריסקט","description":"בצלייה איטית עם ירקות שורש וצ'ימיצ'ורי","price":55,"vegan":true,"vegetarian":true,"notFood":false,"drinks":false},{"name":"יום חמישי - פילה סלמון","description":"פילה סלמון אפוי, מוגש עם עם שעועית ירוקה ותוספת לבחירה.","price":59,"vegan":false,"vegetarian":false,"notFood":false,"drinks":false},{"name":"יום חמישי - מכסה אנטריקוט מהמעשנה","description":"מכסה אנטריקוט מעושן, עם ירקות שורש וצ'ימיצ'ורי","price":56,"vegan":false,"vegetarian":false,"notFood":false,"drinks":false},{"name":"יום חמישי - גולאש","description":"תבשיל בשר, עגבניות וגזר, עם אורז או פירה, מוגש עם לחם קלוי וטחינה.","price":45,"vegan":false,"vegetarian":false,"notFood":false,"drinks":false},{"name":"יום שלישי - מקלובה עוף","description":"תבשיל אורז, ירקות ופירות יבשים עם שוקי עוף וקשיו לצד סלט כרוב לבן.","price":48,"vegan":false,"vegetarian":false,"notFood":false,"drinks":false},{"name":"יום שלישי - מקלובה טבעונית","description":"תבשיל אורז, ירקות, פירות יבשים וקשיו לצד סלט כרוב לבן.","price":40,"vegan":true,"vegetarian":true,"notFood":false,"drinks":false},{"name":"יום שלישי - בריסקט","description":"חזה בקר בצלייה איטית, עם ירקות שורש או תפו\"א מדורה וצ'ימיצ'ורי","price":55,"vegan":false,"vegetarian":false,"notFood":false,"drinks":false},{"name":"חומוס","price":32,"vegan":true,"vegetarian":true,"image":"https://d25t2285lxl5rf.cloudfront.net/images/dishes/8267387d-efe7-4588-b112-ed30bff55d31.jpg","notFood":false,"drinks":false},{"name":"ח. פול","price":32,"vegan":true,"vegetarian":true,"image":"https://d25t2285lxl5rf.cloudfront.net/images/dishes/102d0869-626a-45d2-ba41-f07b6196a057.jpg","notFood":false,"drinks":false},{"name":"ח. גרגירים","price":32,"vegan":true,"vegetarian":true,"image":"https://d25t2285lxl5rf.cloudfront.net/images/dishes/5bfdef4e-8f82-40db-96e1-d03f5b6198c3.jpg","notFood":false,"drinks":false},{"name":"מסבחה","price":32,"vegan":true,"vegetarian":true,"image":"https://d25t2285lxl5rf.cloudfront.net/images/dishes/80bc3007-9437-4534-9348-d79e86b1a5f7.jpg","notFood":false,"drinks":false},{"name":"ח. טחינה","price":32,"vegan":true,"vegetarian":true,"image":"https://d25t2285lxl5rf.cloudfront.net/images/dishes/a77dbd2a-7740-4edd-9133-1b05e0673f21.jpg","notFood":false,"drinks":false},{"name":"משולש","price":32,"vegan":true,"vegetarian":true,"image":"https://d25t2285lxl5rf.cloudfront.net/images/dishes/983a69a7-e98d-4aec-a75f-fab4b74f6c2c.jpg","notFood":false,"drinks":false},{"name":"ח. פטריות","price":39,"vegan":true,"vegetarian":true,"image":"https://d25t2285lxl5rf.cloudfront.net/images/dishes/38943b63-7e4f-48ae-b943-ba4e49e4e892.jpg","notFood":false,"drinks":false},{"name":"ח. צנוברים","price":39,"vegan":true,"vegetarian":true,"image":"https://d25t2285lxl5rf.cloudfront.net/images/dishes/bb9e5219-0c42-4ec0-aea5-faa00bc27e86.jpg","notFood":false,"drinks":false},{"name":"חמשוקה","price":39,"vegan":true,"vegetarian":true,"image":"https://d25t2285lxl5rf.cloudfront.net/images/dishes/2b62538f-b94d-4581-a2c4-9039fcdc69aa.jpg","notFood":false,"drinks":false},{"name":"חומוס אנטריקוט","price":48,"vegan":false,"vegetarian":false,"image":"https://cdn.paypo.com/images/lablabib/1000/10009_0.jpg","notFood":false,"drinks":false},{"name":"חומוס רצועות עוף","price":46,"vegan":false,"vegetarian":false,"image":"https://cdn.paypo.com/images/lablabib/1000/10010_0.jpg","notFood":false,"drinks":false},{"name":"ח. בשר","price":46,"vegan":false,"vegetarian":false,"image":"https://d25t2285lxl5rf.cloudfront.net/images/dishes/0bd008c3-b4f1-4ff9-abec-4b9ac10b50ad.jpg","notFood":false,"drinks":false},{"name":"חומוס מרגז","price":48,"vegan":true,"vegetarian":true,"notFood":false,"drinks":false},{"name":"חומוס פרגיות","price":46,"vegan":false,"vegetarian":false,"notFood":false,"drinks":false},{"name":"קציצות על הפלאנצ'ה","description":"מוגשות עם תוספת לבחירה, טחינה וירקות צלויים","price":46,"vegan":true,"vegetarian":true,"image":"https://cdn.paypo.com/images/lablabib/1000/10100_0.jpg","notFood":false,"drinks":false},{"name":"שניצל ענק","description":"עם תוספת לבחירה, עלים ירוקים ונגיעת חומוס","price":46,"vegan":false,"vegetarian":false,"image":"https://d25t2285lxl5rf.cloudfront.net/images/dishes/faf1ea17-3855-4773-b9bd-aa0d150f848c.jpg","notFood":false,"drinks":false},{"name":"חזה עוף","description":"צרוב בעשבי תיבול, עם תוספת לבחירה, ירקות צלויים וטחינה","price":46,"vegan":false,"vegetarian":false,"image":"https://cdn.paypo.com/images/lablabib/1000/10103_0.jpg","notFood":false,"drinks":false},{"name":"קציצות עדשים טבעוניות","description":"ברוטב עגבניות, מוגשות עם תוספת לבחירה","price":38,"vegan":true,"vegetarian":true,"image":"https://d25t2285lxl5rf.cloudfront.net/images/dishes/ddc0320f-77b2-4999-8a57-c7e1a0ae1a43.jpg","notFood":false,"drinks":false},{"name":"פרגית","description":"עם ירקות צלויים, טחינה ותוספת לבחירה","price":48,"vegan":false,"vegetarian":false,"image":"https://cdn.paypo.com/images/lablabib/1000/10110_0.jpg","notFood":false,"drinks":false},{"name":"חצי עוף בגריל","description":"עוף בגריל. עם עלים ירוקים, איולי לימון כבוש ותוספת לבחירה","price":49,"vegan":false,"vegetarian":false,"notFood":false,"drinks":false},{"name":"סטריפ","description":"רצועות בשר מעושן בליווי צ'ימיצ'ורי, ירקות קלויים ותוספת לבחירה","price":62,"vegan":false,"vegetarian":false,"notFood":false,"drinks":false},{"name":"צ'אנה דל פלאק","description":"תבשיל הודי של עדשי חומוס, פלפלונים צבעוניים, תרד ועשבי תיבול, מוגש עם פנאן -לחם הודי ותוספת לבחירה","price":41,"vegan":true,"vegetarian":true,"notFood":false,"drinks":false},{"name":"המפרום של ויקטור","description":"קציצות בשר וירק ברוטב עגבניות וירקות, מוגשות עם אורז או פירה וסלטון שגית.","price":46,"vegan":false,"vegetarian":false,"notFood":false,"drinks":false},{"name":"דנוור קאט 250 גר","description":"מינוטי דנוור בתוספת ירקותצלויים, צ'ימצ'ורי ותוספת לבחירה","price":76,"vegan":true,"vegetarian":true,"notFood":false,"drinks":false},{"name":"שקשוקה קלאסית","price":35,"vegan":true,"vegetarian":true,"notFood":false,"drinks":false},{"name":"שקשוקה לבנונית","description":"רוטב עגבניות, ביצים, גרגרי חומוס, צנוברים וזילוף טחינה","price":44,"vegan":false,"vegetarian":true,"notFood":false,"drinks":false},{"name":"מזרחית - מרגז","description":"עם נקנקיות מרגז ביתיות","price":45,"vegan":true,"vegetarian":true,"notFood":false,"drinks":false},{"name":"חומוס קטן","description":"עם 2 פיתות, חמוצים ורוטב לחומוס","price":26,"vegan":true,"vegetarian":true,"notFood":false,"drinks":false},{"name":"עראייס","description":"פיתה עם בשר טחון וצנוברים, צלויה על האש. מוגש עם טחינה וסלטון שגית חריף","price":42,"vegan":false,"vegetarian":false,"notFood":false,"drinks":false},{"name":"צ'יפס","price":16,"vegan":true,"vegetarian":true,"notFood":false,"drinks":false},{"name":"צ'יפס ענק","price":27,"vegan":true,"vegetarian":true,"notFood":false,"drinks":false},{"name":"קראנץ' פוטטו","price":18,"vegan":true,"vegetarian":true,"notFood":false,"drinks":false},{"name":"פותחים שולחן","description":"חומוס, צ'יפס, סלק ערבי, טחינה ופיתה","price":34,"vegan":true,"vegetarian":true,"notFood":false,"drinks":false},{"name":"סלט ערבי","description":"ירקות קצוצים וטחינה   ","price":34,"vegan":true,"vegetarian":true,"image":"https://d25t2285lxl5rf.cloudfront.net/images/dishes/4ba3074c-836b-4bc7-a6ed-52209efa7330.jpg","notFood":false,"drinks":false},{"name":"סלט בריאות","description":" חסות, מלפפונים, בייביס, שרי, גזר, נבטים ופטריות עם אגוזים וגרעינים. מוגש עם טחינה או רוטב לבחירה","price":38,"vegan":true,"vegetarian":true,"image":"https://cdn.paypo.com/images/lablabib/1000/10201_0.jpg","notFood":false,"drinks":false},{"name":"אדמה","description":" גרגרי חומוס,עדשים אורגניות, שעועית מנומרת  \nובורגול עם ירוקים, בצל סגול וירוק, פלפל אדום, מוגש עם טחינה. לא ניתן לשנות את הרכב המנה","price":38,"vegan":true,"vegetarian":true,"image":"https://d25t2285lxl5rf.cloudfront.net/images/dishes/85bb1cf6-c070-4424-896e-3cd7a2b41d66.jpg","notFood":false,"drinks":false},{"name":"ס. אמירים","description":"ירקות קצוצים, גרגרי חומוס חמים, טחינה, ביצה קשה וצנוברים. ","price":39,"vegan":false,"vegetarian":true,"image":"https://d25t2285lxl5rf.cloudfront.net/images/dishes/7dc2fe08-3d14-446c-b277-5e802e5fcce9.jpg","notFood":false,"drinks":false},{"name":"ס. פינוקים","description":"בטטות, תפוחי אדמה ואורז בסמטי, עם חמוציות, רוקולה, גרעינים ואגוזים, בצל סגול וירוק. מוגש עם טחינה או רוטב לבחירה. לא ניתן לשנות את הרכב המנה  ","price":38,"vegan":true,"vegetarian":true,"image":"https://d25t2285lxl5rf.cloudfront.net/images/dishes/0a98f026-f9ed-42f7-8913-171c8834a878.jpg","notFood":false,"drinks":true},{"name":"ס. קינואה","description":"קינואה אדומה ולבנה, תרד וירוקים, חמוציות ללא סוכר, צ'ילי, קשיו וגרעיני חמניה, מוגש עם רוטב לבחירה. לא ניתן לשנות את הרכב המנה","price":41,"vegan":true,"vegetarian":true,"image":"https://d25t2285lxl5rf.cloudfront.net/images/dishes/e233559c-50ac-48f9-a86a-5d6d6877d48d.jpg","notFood":false,"drinks":false},{"name":"ס. עוף","description":" חסות, שרי, זיתים, בייביס, מלפפונים, גזר, אגוזים, גרעינים ורצועות עוף צרובות. מוגש עם רוטב לבחירה","price":43,"vegan":false,"vegetarian":false,"image":"https://d25t2285lxl5rf.cloudfront.net/images/dishes/bb361a78-250c-401f-805e-1830032588a3.jpg","notFood":false,"drinks":false},{"name":"סלט שוק","description":"לבבות חסה רומית, פלפלים צבעוניים, גזר, מלפפונים, שרי, תפו\"א, זיתי קלמטה, עשבי תיבול, בצל סגול, גרגירי חומוס, טונה וביצה קשה.  מוגש לצד רוטב לימון כבוש וטחינה","price":42,"vegan":false,"vegetarian":false,"notFood":false,"drinks":false},{"name":"סלטינו","description":" שלושה סלטים מהנים, מוגשים עם טחינה ורוטב לבחירה","price":43,"vegan":true,"vegetarian":true,"notFood":false,"drinks":false},{"name":"מלך היער","description":"קינואה, עדשי פנינה שחורות, מלפפונים, גזר, שרי, בצל ירוק, בטטה, פורטובלה, נבטים, אגוזי מלך ורוטב לבחירה","price":43,"vegan":true,"vegetarian":true,"notFood":false,"drinks":false},{"name":"שגית - סלט עגבניות חריף","description":"עגבניות, כוסברה, פטרוזיליה, פלפל חריף, בצל סגול ושום. טחינה בצד","price":36,"vegan":true,"vegetarian":true,"notFood":false,"drinks":false},{"name":"ערבי בקטנה","description":"עגבניות, מלפפונים ובצל סגול. מוגש עם טחינה","price":18,"vegan":true,"vegetarian":true,"notFood":false,"drinks":false},{"name":"אדמה בקטנה","description":"גרגרי חומוס, עדשים אורגניות, שעועית שחורה ובורגול עם ירוקים, לימון כבוש, בצל ירוק ופלפל אדום. טחינה בצד","price":20,"vegan":true,"vegetarian":true,"notFood":false,"drinks":false},{"name":"אמירים בקטנה","description":"ירקות קצוצים, גרגרי חומוס חמים, טחינה, ביצה קשה וצנוברים","price":22,"vegan":false,"vegetarian":true,"notFood":false,"drinks":false},{"name":"פינוקים בקטנה","description":"בטטות, תפוחי אדמה ואורז בסמטי, עם חמוציות, רוקולה, גרעינים ואגוזים, בצל ירוק וטחינה או רוטב לבחירה","price":20,"vegan":true,"vegetarian":true,"notFood":false,"drinks":true},{"name":"קינואה בקטנה","description":"קינואה בשלושה צבעים, תרד וירוקים, חמוציות ללא סוכר, צ'ילי, קשיו וגרעיני חמנייה. רוטב לבחירה","price":21,"vegan":true,"vegetarian":true,"notFood":false,"drinks":false},{"name":"בריאות בקטנה","description":"חסות, מלפפונים, בייביס, שרי, גזר, נבטים ופטריות עם אגוזים וגרעינים. רוטב לבחירה","price":21,"vegan":true,"vegetarian":true,"notFood":false,"drinks":false},{"name":"שגית בקטנה","description":"עגבניות, כוסברה, פטרוזיליה, פלפל חריף, בצל סגול ושום. טחינה בצד","price":19,"vegan":true,"vegetarian":true,"notFood":false,"drinks":false},{"name":"קולה","price":9,"vegan":true,"vegetarian":true,"notFood":false,"drinks":true},{"name":"דיאט קולה","price":9,"vegan":true,"vegetarian":true,"notFood":false,"drinks":true},{"name":"זירו","price":9,"vegan":true,"vegetarian":true,"notFood":false,"drinks":false},{"name":"ספרייט","price":9,"vegan":true,"vegetarian":true,"notFood":false,"drinks":true},{"name":"דיאט ספרייט","price":9,"vegan":true,"vegetarian":true,"notFood":false,"drinks":true},{"name":"פאנטה","price":9,"vegan":true,"vegetarian":true,"notFood":false,"drinks":false},{"name":"מים מינרלים","price":8,"vegan":true,"vegetarian":true,"notFood":false,"drinks":false},{"name":"נסטי אפרסק","price":10,"vegan":true,"vegetarian":true,"notFood":false,"drinks":true},{"name":"מאלטי","price":12,"vegan":true,"vegetarian":true,"notFood":false,"drinks":false},{"name":"ענבים","price":10,"vegan":true,"vegetarian":true,"notFood":false,"drinks":true},{"name":"סיידר צלול","price":10,"vegan":true,"vegetarian":true,"notFood":false,"drinks":true},{"name":"סודה","price":8,"vegan":true,"vegetarian":true,"notFood":false,"drinks":true},{"name":"פלאפל","price":7,"vegan":true,"vegetarian":true,"image":"https://cdn.paypo.com/images/lablabib/1000/11409_0.jpg","notFood":false,"drinks":false},{"name":"נגיעת חומוס","price":2,"vegan":true,"vegetarian":true,"notFood":false,"drinks":false},{"name":"טחינה","price":2,"vegan":true,"vegetarian":true,"notFood":false,"drinks":false},{"name":"ביצה","price":3,"vegan":false,"vegetarian":true,"notFood":false,"drinks":false},{"name":"גרעינים ואגוזים","price":3,"vegan":true,"vegetarian":true,"notFood":false,"drinks":false},{"name":"תוספת עוף","price":14,"vegan":false,"vegetarian":false,"notFood":false,"drinks":false},{"name":"תוספת אנטריקוט","price":16,"vegan":false,"vegetarian":false,"notFood":false,"drinks":false},{"name":"תוספת בשר","price":14,"vegan":false,"vegetarian":false,"notFood":false,"drinks":false},{"name":"חמוצים","price":3,"vegan":true,"vegetarian":true,"notFood":false,"drinks":false},{"name":"תוספת צנובר","price":7,"vegan":true,"vegetarian":true,"notFood":false,"drinks":false},{"name":"פטריות בצד","price":7,"vegan":true,"vegetarian":true,"notFood":false,"drinks":false},{"name":"תוספת פיתה","price":2,"vegan":true,"vegetarian":true,"notFood":false,"drinks":false},{"name":"תוספת פיתה קמח מלא","price":2,"vegan":true,"vegetarian":true,"notFood":false,"drinks":false},{"name":"פיתה ללא גלוטן","price":4,"vegan":true,"vegetarian":true,"notFood":false,"drinks":false},{"name":"ג'בטינה דגנים קמח מלא","price":4.5,"vegan":false,"vegetarian":false,"notFood":false,"drinks":false},{"name":"דיל אלקטרה","price":40,"vegan":true,"vegetarian":true,"notFood":false,"drinks":false},{"name":"שניצל ק\"ג","price":140,"vegan":false,"vegetarian":false,"notFood":false,"drinks":false},{"name":"יחידות מפרום","price":11,"vegan":true,"vegetarian":true,"notFood":false,"drinks":false},{"name":"מגש אורז","price":22,"vegan":true,"vegetarian":true,"notFood":false,"drinks":false},{"name":"מגש מדורה","price":22,"vegan":true,"vegetarian":true,"notFood":false,"drinks":false},{"name":"מגש שורש","price":25,"vegan":true,"vegetarian":true,"notFood":false,"drinks":false}]}