{"track_id":"17898","filters":["salads","pasta","sandwichesWraps"],"image":"https://tenbis-static.azureedge.net/restaurant-card-image/ResCard_17898_20220509134259.jpg","address":"הלל, 23 ירושלים","location":[35.2181955,31.7804462],"name":"הסלטיה ","city":"ירושלים","priceAverage":29.318181818181817,"menu":[{"name":"דיל סלט + פסטה אישית + שתייה לבחירה","description":"סלט על בסיס עלי חסה רעננים עם תוספות ורוטב לבחירה. פסטה אישית ושתייה לבחירה.","price":79,"vegan":true,"vegetarian":true,"image":"https://d25t2285lxl5rf.cloudfront.net/images/dishes/3713279.jpg","notFood":false,"drinks":false},{"name":"דיל כריך + פסטה אישית + שתייה לבחירה","description":"בחרו מרכיבים. מוגש בג׳בטה מחמצת.","price":79,"vegan":true,"vegetarian":true,"image":"https://d25t2285lxl5rf.cloudfront.net/images/dishes/3713291.jpg","notFood":false,"drinks":false},{"name":"סלט בהרכבה","description":"750 מ\"ל סלט על בסיס עלי חסה רעננים, עם בחירה של עד 10 מרכיבים ורוטב ","price":42,"vegan":true,"vegetarian":true,"image":"https://d25t2285lxl5rf.cloudfront.net/images/dishes/192de54e-7b83-4702-b273-969ab221d514.jpg","notFood":false,"drinks":false},{"name":"פסטה ברוטב עגבניות","price":39,"vegan":true,"vegetarian":true,"image":"https://d25t2285lxl5rf.cloudfront.net/images/dishes/f502a729-145a-437f-88ab-938c19914aa6.jpg","notFood":false,"drinks":false},{"name":"פסטה ברוטב שמנת","price":39,"vegan":false,"vegetarian":true,"image":"https://d25t2285lxl5rf.cloudfront.net/images/dishes/4e6dda04-3436-46b7-94ca-c597b751adbc.jpg","notFood":false,"drinks":false},{"name":"פסטה ברוטב רוזה","price":39,"vegan":true,"vegetarian":true,"image":"https://d25t2285lxl5rf.cloudfront.net/images/dishes/433a6f1e-b1e6-4cb3-85d3-6ddce0633def.jpg","notFood":false,"drinks":false},{"name":"פסטה ברוטב שמנת פסטו","price":39,"vegan":false,"vegetarian":true,"image":"https://d25t2285lxl5rf.cloudfront.net/images/dishes/27650ac2-4c70-4141-be73-d60c93c2042d.jpg","notFood":false,"drinks":false},{"name":"פסטה ברוטב עגבניות פסטו","price":39,"vegan":true,"vegetarian":true,"image":"https://d25t2285lxl5rf.cloudfront.net/images/dishes/f627c0db-b53d-4617-ad42-731a9a2e2ce9.jpg","notFood":false,"drinks":false},{"name":"כריך גבינה צהובה","price":29,"vegan":false,"vegetarian":true,"image":"https://d25t2285lxl5rf.cloudfront.net/images/dishes/848466b5-8600-450f-966a-08ca21d5b6f9.jpg","notFood":false,"drinks":false},{"name":"כריך גבינה בולגרית","price":29,"vegan":false,"vegetarian":true,"image":"https://d25t2285lxl5rf.cloudfront.net/images/dishes/7f052b98-1e6f-48e7-8c71-fc829e9065a4.jpg","notFood":false,"drinks":false},{"name":"כריך טונה","price":29,"vegan":false,"vegetarian":false,"image":"https://d25t2285lxl5rf.cloudfront.net/images/dishes/55840549-7324-4f90-8d08-c9442c21f053.jpg","notFood":false,"drinks":false},{"name":"כריך חביתה","price":29,"vegan":false,"vegetarian":true,"image":"https://d25t2285lxl5rf.cloudfront.net/images/dishes/0c03309c-d9cc-4a8c-82a0-623d2adeba0c.jpg","notFood":false,"drinks":false},{"name":"כריך ביצה קשה","price":29,"vegan":false,"vegetarian":true,"image":"https://d25t2285lxl5rf.cloudfront.net/images/dishes/bd1726bf-a727-4be5-9fd4-bccb74eef112.jpg","notFood":false,"drinks":false},{"name":"בקבוק זירו קולה","description":"חצי ליטר","price":12,"vegan":true,"vegetarian":true,"notFood":false,"drinks":true},{"name":"בקבוק קוקה קולה","description":"חצי ליטר","price":12,"vegan":true,"vegetarian":true,"notFood":false,"drinks":true},{"name":"בקבוק ספרייט","description":"חצי ליטר","price":12,"vegan":true,"vegetarian":true,"notFood":false,"drinks":true},{"name":"בקבוק דיאט ספרייט","description":"חצי ליטר","price":12,"vegan":true,"vegetarian":true,"notFood":false,"drinks":true},{"name":"בקבוק אפרסק נסטי","description":"חצי ליטר","price":12,"vegan":true,"vegetarian":true,"notFood":false,"drinks":true},{"name":"מים מינרלים","price":9,"vegan":true,"vegetarian":true,"notFood":false,"drinks":false},{"name":"מים תפוח","price":12,"vegan":true,"vegetarian":true,"notFood":false,"drinks":false},{"name":"מים ענבים","price":12,"vegan":true,"vegetarian":true,"notFood":false,"drinks":true},{"name":"מים אפרסק","price":12,"vegan":true,"vegetarian":true,"notFood":false,"drinks":false}]}