{"track_id":"17935","filters":["meatGrill"],"image":"https://tenbis-static.azureedge.net/restaurant-default-card-image/CuzineType_meatgrill_07.jpg","address":"שבזי, 10 יהוד","location":[34.8946704,32.0279338],"name":"שניצלים ","city":"איירפורט סיטי","priceAverage":24.06451612903226,"menu":[{"name":"שניצל","description":"מוגש עם סלטים, ממרחים וצ'יפס בצד","price":38,"vegan":false,"vegetarian":false,"image":"https://d25t2285lxl5rf.cloudfront.net/images/dishes/79109bd0-31cb-4a8f-ba6a-d897bf31b4c2.jpg","notFood":false,"drinks":false},{"name":"סלט בהרכבה גדול","description":"בליווי מרכיבים ושני רטבים לבחירה","price":36,"vegan":true,"vegetarian":true,"image":"https://d25t2285lxl5rf.cloudfront.net/images/dishes/e1338432-528c-4067-882a-787bb501bfb2.jpg","notFood":false,"drinks":false},{"name":"צלחת שניצלים","description":"מוגש עם אורז, סלט ערבי, חומוס, טחינה ופיתה בצד ","price":50,"vegan":false,"vegetarian":false,"image":"https://d25t2285lxl5rf.cloudfront.net/images/dishes/44446bdb-8b1d-420f-a8bd-9226f7b50182.jpg","notFood":false,"drinks":false},{"name":"צלחת חזה עוף","description":"מוגש עם אורז, סלט ערבי, חומוס, טחינה ופיתה בצד","price":50,"vegan":false,"vegetarian":false,"image":"https://d25t2285lxl5rf.cloudfront.net/images/dishes/8e7a85a2-7616-4794-8498-60d6352aa19d.jpg","notFood":false,"drinks":false},{"name":"פרגית","description":"מוגש עם אורז, סלט ערבי, חומוס, טחינה, חמוצים ופיתה בצד","price":55,"vegan":false,"vegetarian":false,"image":"","notFood":false,"drinks":false},{"name":"שניצל","description":"מוגש עם סלטים, ממרחים וצ'יפס בצד","price":34,"vegan":false,"vegetarian":false,"image":"https://d25t2285lxl5rf.cloudfront.net/images/dishes/7a737913-d935-4de8-9c31-9e6cf2811f99.jpg","notFood":false,"drinks":false},{"name":"סביח","description":"מוגש עם סלטים וחמוצים בצד","price":25,"vegan":true,"vegetarian":true,"image":"https://d25t2285lxl5rf.cloudfront.net/images/dishes/bcaa8fab-485a-4abb-9f34-cc8b089b789f.jpg","notFood":false,"drinks":false},{"name":"פרגית","description":"מוגש עם סלטים, חמוצים וצ'יפס בצד","price":40,"vegan":false,"vegetarian":false,"image":"","notFood":false,"drinks":false},{"name":"חזה עוף","description":"","price":34,"vegan":false,"vegetarian":false,"image":"","notFood":false,"drinks":false},{"name":"שניצל","description":"מוגש עם סלטים, ממרחים וצ'יפס בצד","price":38,"vegan":false,"vegetarian":false,"image":"https://d25t2285lxl5rf.cloudfront.net/images/dishes/79109bd0-31cb-4a8f-ba6a-d897bf31b4c2.jpg","notFood":false,"drinks":false},{"name":"סביח","description":"מוגש עם סלטים וממרחים בצד","price":28,"vegan":true,"vegetarian":true,"image":"https://d25t2285lxl5rf.cloudfront.net/images/dishes/8d6c5698-053b-477f-9dec-284cbf2c38de.jpg","notFood":false,"drinks":false},{"name":"פרגית","description":"מוגש עם חמוצים, ממרחים וצ'יפס בצד","price":45,"vegan":false,"vegetarian":false,"image":"","notFood":false,"drinks":false},{"name":"חזה עוף","description":"","price":38,"vegan":false,"vegetarian":false,"image":"","notFood":false,"drinks":false},{"name":"סלט בהרכבה קטן","description":"בליווי מרכיבים ושני רטבים לבחירה","price":33,"vegan":true,"vegetarian":true,"image":"https://d25t2285lxl5rf.cloudfront.net/images/dishes/2edfebb7-c7df-4e7c-8250-3d5fd7109bb7.jpg","notFood":false,"drinks":false},{"name":"סלט בהרכבה גדול","description":"בליווי מרכיבים ושני רטבים לבחירה","price":36,"vegan":true,"vegetarian":true,"image":"https://d25t2285lxl5rf.cloudfront.net/images/dishes/e1338432-528c-4067-882a-787bb501bfb2.jpg","notFood":false,"drinks":false},{"name":"בקבוק 0.5 ליטר קולה","description":"","price":11,"vegan":true,"vegetarian":true,"image":"","notFood":false,"drinks":true},{"name":"בקבוק 0.5 ליטר קולה זירו","description":"","price":11,"vegan":true,"vegetarian":true,"image":"","notFood":false,"drinks":true},{"name":"פחית קולה","description":"","price":10,"vegan":true,"vegetarian":true,"image":"","notFood":false,"drinks":true},{"name":"פחית קולה זירו","description":"","price":10,"vegan":true,"vegetarian":true,"image":"","notFood":false,"drinks":true},{"name":"פחית ספרייט","description":"","price":10,"vegan":true,"vegetarian":true,"image":"","notFood":false,"drinks":true},{"name":"פחית ספרייט זירו","description":"","price":10,"vegan":true,"vegetarian":true,"image":"","notFood":false,"drinks":true},{"name":"מים מינרלים","description":"","price":9,"vegan":true,"vegetarian":true,"image":"","notFood":false,"drinks":false},{"name":"מים בטעם אפרסק","description":"","price":11,"vegan":true,"vegetarian":true,"image":"","notFood":false,"drinks":false},{"name":"מים בטעם ענבים","description":"","price":11,"vegan":true,"vegetarian":true,"image":"","notFood":false,"drinks":true},{"name":"מים בטעם תפוח","description":"","price":11,"vegan":true,"vegetarian":true,"image":"","notFood":false,"drinks":false},{"name":"בירה שחורה","description":"","price":11,"vegan":true,"vegetarian":true,"image":"","notFood":false,"drinks":true},{"name":"סודה","description":"","price":8,"vegan":true,"vegetarian":true,"image":"","notFood":false,"drinks":true},{"name":"ענבים","description":"פריגת","price":11,"vegan":true,"vegetarian":true,"image":"","notFood":false,"drinks":true},{"name":"אשכוליות","description":"פריגת","price":11,"vegan":true,"vegetarian":true,"image":"","notFood":false,"drinks":false},{"name":"תפוזים","description":"פריגת","price":11,"vegan":true,"vegetarian":true,"image":"","notFood":false,"drinks":false},{"name":"XL","description":"","price":10,"vegan":true,"vegetarian":true,"image":"","notFood":false,"drinks":false}]}