{"track_id":"17957","filters":["homeMade"],"image":"https://tenbis-static.azureedge.net/restaurant-default-card-image/CuzineType_homemade_08.jpg","address":"נחלת בנימין, 80 תל אביב-יפו","location":[34.7724446,32.0600618],"name":"סאלוף ובניו","city":"תל אביב-יפו","priceAverage":35.55172413793103,"menu":[{"name":"פרוסות חציל קלוי בטחינה","description":"עם טחינה","price":20,"vegan":true,"vegetarian":true,"notFood":false,"drinks":false},{"name":"פטה זעתר","price":16,"vegan":false,"vegetarian":true,"notFood":false,"drinks":false},{"name":"טחינה סלק","price":16,"vegan":true,"vegetarian":true,"notFood":false,"drinks":false},{"name":"פרוסות חציל קלוי בטחינה","description":"שמן זית מלח פלפל","price":24,"vegan":true,"vegetarian":true,"notFood":false,"drinks":false},{"name":"סלט ג'עלה גדול","description":"כרוב, כוסברה, ג'עלה והרבה לימון","price":34,"vegan":true,"vegetarian":true,"notFood":false,"drinks":false},{"name":"סלט ג'עלה קטן","description":"כרוב, כוסברה, ג'עלה והרבה לימון","price":20,"vegan":true,"vegetarian":true,"notFood":false,"drinks":false},{"name":"סלט ירקות קצוץ גדול","price":34,"vegan":true,"vegetarian":true,"notFood":false,"drinks":false},{"name":"סלט ירקות קצוץ קטן","price":20,"vegan":true,"vegetarian":true,"notFood":false,"drinks":false},{"name":"חומוס בשר שאוויה","description":"חומוס, טחינה, שאוויה (תבשיל בשר וטחינה). מוגש עם סלט קטן","price":58,"vegan":false,"vegetarian":false,"image":"https://d25t2285lxl5rf.cloudfront.net/images/dishes/6d0b6065-8d69-403e-875e-ca3f31a1a2ab.jpg","notFood":false,"drinks":false},{"name":"חומוס קומפלט","description":"חומוס טחינה גרגירים ביצה קשה ופטרוזיליה","price":41,"vegan":false,"vegetarian":true,"image":"https://d25t2285lxl5rf.cloudfront.net/images/dishes/e65694f0-c73c-4764-a7ca-fd9a792b385b.jpg","notFood":false,"drinks":false},{"name":"חומוס קבב מפורק","price":58,"vegan":false,"vegetarian":false,"image":"https://d25t2285lxl5rf.cloudfront.net/images/dishes/f2430725-2378-4a17-9a84-41fa1876f2e4.jpg","notFood":false,"drinks":false},{"name":"חומוס פול","price":41,"vegan":true,"vegetarian":true,"notFood":false,"drinks":false},{"name":"54.מרק בשר תימני","description":"מרק בשר עם תפוח אדמה. מוגש עם חילבה וסאלוף","price":65,"vegan":false,"vegetarian":false,"image":"https://d25t2285lxl5rf.cloudfront.net/images/dishes/f6f3a35d-3abe-49bc-b300-15cc53a41e94.jpg","notFood":false,"drinks":false},{"name":"מרק שעועית בשר","description":"שעועית לבנה, עם גזר ועגבניות. טבעוני.","price":65,"vegan":false,"vegetarian":false,"image":"https://d25t2285lxl5rf.cloudfront.net/images/dishes/6e069983-f511-43d0-b4ee-f6c5d5bccd67.jpg","notFood":false,"drinks":false},{"name":"מרק חריירה","description":"מרק עדשים, חומוס, ירקות שורש, אטריות ביצים ועשבי תיבול. צמחוני.","price":55,"vegan":false,"vegetarian":true,"image":"https://d25t2285lxl5rf.cloudfront.net/images/dishes/01e4639b-a1de-4d85-95ab-5fdeaa5154b3.jpg","notFood":false,"drinks":false},{"name":"מרק שעועית","price":55,"vegan":true,"vegetarian":true,"notFood":false,"drinks":false},{"name":"תבשיל שעועית עם בשר","price":65,"vegan":false,"vegetarian":false,"notFood":false,"drinks":false},{"name":"שאוויה","description":"תבשיל כתף בקר בבישול איטי","price":65,"vegan":false,"vegetarian":false,"notFood":false,"drinks":false},{"name":"תבשיל חריירה","description":"מרק עדשים, חומוס, ירקות שורש, אטריות ביצים ועשבי תיבול. צמחוני.","price":55,"vegan":false,"vegetarian":true,"notFood":false,"drinks":false},{"name":"תבשיל שעועית","description":"טבעוני","price":55,"vegan":true,"vegetarian":true,"notFood":false,"drinks":false},{"name":"ירקות ברוטב אדום פיקנטי","description":"גזר, קישוא, פלפל, תפוח אדמה ובצל, ברוטב עגבניות פיקנטי. טבעוני.","price":55,"vegan":true,"vegetarian":true,"notFood":false,"drinks":false},{"name":"מלבי","price":25,"vegan":true,"vegetarian":true,"notFood":false,"drinks":false},{"name":"מים","price":9,"vegan":true,"vegetarian":true,"notFood":false,"drinks":false},{"name":"קולה זירו","price":13,"vegan":true,"vegetarian":true,"notFood":false,"drinks":true},{"name":"קוקה קולה","price":13,"vegan":true,"vegetarian":true,"notFood":false,"drinks":true},{"name":"ספרייט","price":13,"vegan":true,"vegetarian":true,"notFood":false,"drinks":true},{"name":"ספרייט זירו","price":13,"vegan":true,"vegetarian":true,"notFood":false,"drinks":true},{"name":"פאנטה","price":13,"vegan":true,"vegetarian":true,"notFood":false,"drinks":false},{"name":"בירה שחורה","price":15,"vegan":true,"vegetarian":true,"notFood":false,"drinks":true}]}