{"track_id":"17996","filters":["meatGrill","salads","humus"],"image":"https://tenbis-static.azureedge.net/restaurant-card-image/ResCard_17996_1910030327.jpg","address":"רח' זאב ז'בוטינסקי, 155 רמת גן","location":[34.8224289,32.090965],"name":"מפגש שמש","city":"גבעתיים","priceAverage":32.85321100917431,"menu":[{"name":"שווארמה","description":"מוגש עם סלטים לבחירה","price":45,"vegan":false,"vegetarian":false,"image":"https://d25t2285lxl5rf.cloudfront.net/images/dishes/da802c68-5ccf-4a1a-a37d-baa7077cf81e.jpg","notFood":false,"drinks":false},{"name":"שיפוד פרגית","description":"מוגש עם סלטים לבחירה","price":45,"vegan":false,"vegetarian":false,"image":"https://d25t2285lxl5rf.cloudfront.net/images/dishes/79a85c81-965d-47cd-a63c-f27f122695d0.jpg","notFood":false,"drinks":false},{"name":"כבד עוף","description":"מוגש עם סלטים לבחירה","price":41,"vegan":false,"vegetarian":false,"image":"https://d25t2285lxl5rf.cloudfront.net/images/dishes/f3afb823-e566-418e-a271-f7c094f14a67.png","notFood":false,"drinks":false},{"name":"שיפוד אנטריקוט","description":"מוגש עם סלטים לבחירה","price":55,"vegan":false,"vegetarian":false,"image":"https://d25t2285lxl5rf.cloudfront.net/images/dishes/4ba0c94d-77a3-465e-bbe7-8efeb46045ca.jpg","notFood":false,"drinks":false},{"name":"חזה עוף","description":"מוגש עם סלטים לבחירה","price":40,"vegan":false,"vegetarian":false,"image":"https://d25t2285lxl5rf.cloudfront.net/images/dishes/f8a9b245-9c4b-43a8-8d2f-1df03a6b5bb2.jpg","notFood":false,"drinks":false},{"name":"שניצל","description":"מוגש עם סלטים לבחירה","price":40,"vegan":false,"vegetarian":false,"image":"https://d25t2285lxl5rf.cloudfront.net/images/dishes/a8068183-1bda-429d-b2b7-189dad5bc9f6.jpg","notFood":false,"drinks":false},{"name":"פלאפל","description":"מוגש עם סלטים לבחירה","price":22,"vegan":true,"vegetarian":true,"image":"https://d25t2285lxl5rf.cloudfront.net/images/dishes/b6120eb8-09db-4e05-9635-a63b73b048d5.jpg","notFood":false,"drinks":false},{"name":"קבב","description":"מוגש בליווי סלטים לבחירה","price":43,"vegan":false,"vegetarian":false,"image":"https://d25t2285lxl5rf.cloudfront.net/images/dishes/64779dfd-7b18-47c2-a9c7-4d0360156aaf.jpg","notFood":false,"drinks":false},{"name":"צמחוני בפיתה","description":"המנה מורכבת מסלטים לבחירה ","price":20,"vegan":true,"vegetarian":true,"image":"https://d25t2285lxl5rf.cloudfront.net/images/dishes/915918eb-3ffa-4da8-a61f-89e8eb9f4e5b.jpg","notFood":false,"drinks":false},{"name":"סטייק פרגית","price":44,"vegan":false,"vegetarian":false,"image":"https://d25t2285lxl5rf.cloudfront.net/images/dishes/02154b97-bb77-44fc-8f45-6e665b0ae794.jpg","notFood":false,"drinks":false},{"name":"מעורב ירושלמי","price":37,"vegan":true,"vegetarian":true,"image":"https://d25t2285lxl5rf.cloudfront.net/images/dishes/79483346-37de-4153-9201-f7b8ec526440.jpg","notFood":false,"drinks":false},{"name":"שווארמה","description":"מוגש עם סלטים לבחירה","price":54,"vegan":false,"vegetarian":false,"image":"https://d25t2285lxl5rf.cloudfront.net/images/dishes/cc7cc724-1059-4fe6-b711-f20a849cf42a.jpg","notFood":false,"drinks":false},{"name":"שיפוד פרגית","description":"מוגש עם סלטים לבחירה","price":49,"vegan":false,"vegetarian":false,"image":"https://d25t2285lxl5rf.cloudfront.net/images/dishes/2e239675-ac6d-4e1c-a927-1de057220ecc.jpg","notFood":false,"drinks":false},{"name":"קבב","description":"מוגש עם סלטים לבחירה","price":47,"vegan":false,"vegetarian":false,"image":"https://d25t2285lxl5rf.cloudfront.net/images/dishes/32a0a4b5-23a8-4216-8670-313ed08a1ccb.jpg","notFood":false,"drinks":false},{"name":"כבד עוף","description":"מוגש עם סלטים לבחירה","price":45,"vegan":false,"vegetarian":false,"image":"https://d25t2285lxl5rf.cloudfront.net/images/dishes/b4185940-973b-40b4-a533-c9e738cc1b0c.jpg","notFood":false,"drinks":false},{"name":"שיפוד אנטריקוט","description":"מוגש עם סלטים לבחירה","price":65,"vegan":false,"vegetarian":false,"image":"https://d25t2285lxl5rf.cloudfront.net/images/dishes/3e8b1f97-4817-499e-81e6-9fa33cdb9547.jpg","notFood":false,"drinks":false},{"name":"חזה עוף","description":"מוגש עם סלטים לבחירה","price":45,"vegan":false,"vegetarian":false,"image":"https://d25t2285lxl5rf.cloudfront.net/images/dishes/a1fea2fd-afdc-4006-8023-e1566300ba63.jpg","notFood":false,"drinks":false},{"name":"שניצל","description":"מוגש עם סלטים לבחירה","price":45,"vegan":false,"vegetarian":false,"image":"https://d25t2285lxl5rf.cloudfront.net/images/dishes/f356b52a-3494-4b70-a9d2-99d881bf04b0.jpg","notFood":false,"drinks":false},{"name":"פלאפל","description":"מוגש עם סלטים לבחירה","price":27,"vegan":true,"vegetarian":true,"image":"https://d25t2285lxl5rf.cloudfront.net/images/dishes/829a88f0-b239-4f15-8055-aca69c9c3681.jpg","notFood":false,"drinks":false},{"name":"צמחוני בבאגט","description":"המנה מורכבת מסלטים לבחירה ","price":25,"vegan":true,"vegetarian":true,"image":"https://d25t2285lxl5rf.cloudfront.net/images/dishes/2b428b65-fe8e-40e6-a8bd-83c2c61ea5a4.jpg","notFood":false,"drinks":false},{"name":"סטייק פרגית","price":50,"vegan":false,"vegetarian":false,"image":"https://d25t2285lxl5rf.cloudfront.net/images/dishes/a285bff7-a749-4881-a905-8835ff7d4305.jpg","notFood":false,"drinks":false},{"name":"מעורב ירושלמי","price":45,"vegan":true,"vegetarian":true,"image":"https://d25t2285lxl5rf.cloudfront.net/images/dishes/a7d2045a-98d8-400b-9fa0-46285de37676.jpg","notFood":false,"drinks":false},{"name":"שווארמה","description":"מוגש עם סלטים","price":54,"vegan":false,"vegetarian":false,"image":"https://d25t2285lxl5rf.cloudfront.net/images/dishes/bb8e1762-bae1-43ea-80e2-626dadc61959.jpg","notFood":false,"drinks":false},{"name":"שיפוד פרגית","description":"מוגש עם סלטים","price":49,"vegan":false,"vegetarian":false,"image":"https://d25t2285lxl5rf.cloudfront.net/images/dishes/21b3b6e9-e28c-4443-b91f-0c0abc8ee8f2.jpg","notFood":false,"drinks":false},{"name":"קבב","price":47,"vegan":false,"vegetarian":false,"image":"https://d25t2285lxl5rf.cloudfront.net/images/dishes/5f07c62e-afa6-431b-9f61-d020b9f23ddc.jpg","notFood":false,"drinks":false},{"name":"כבד עוף","description":"מוגש עם סלטים","price":45,"vegan":false,"vegetarian":false,"image":"https://d25t2285lxl5rf.cloudfront.net/images/dishes/962de8d5-5470-4d51-8c90-db398d62ffae.jpg","notFood":false,"drinks":false},{"name":"שיפוד אנטריקוט","description":"מוגש עם סלטים","price":65,"vegan":false,"vegetarian":false,"image":"https://d25t2285lxl5rf.cloudfront.net/images/dishes/48c9bcee-072a-4274-b0b1-703d578595fe.jpg","notFood":false,"drinks":false},{"name":"חזה עוף","description":"מוגש עם סלטים","price":45,"vegan":false,"vegetarian":false,"image":"https://d25t2285lxl5rf.cloudfront.net/images/dishes/ea08a7dc-8112-432e-b729-b2d63b17a25c.jpg","notFood":false,"drinks":false},{"name":"שניצל","description":"מוגש עם סלטים","price":45,"vegan":false,"vegetarian":false,"image":"https://d25t2285lxl5rf.cloudfront.net/images/dishes/2e218988-453b-4fd1-a7e8-70ffb40bc727.jpg","notFood":false,"drinks":false},{"name":"פלאפל","description":"מוגש עם סלטים","price":27,"vegan":true,"vegetarian":true,"image":"https://d25t2285lxl5rf.cloudfront.net/images/dishes/739610ca-56c1-42a8-bddb-03697f3183b6.jpg","notFood":false,"drinks":false},{"name":"צמחוני בלאפה","description":"המנה מורכבת מסלטים לבחירה ","price":25,"vegan":true,"vegetarian":true,"image":"https://d25t2285lxl5rf.cloudfront.net/images/dishes/b2d136c7-ebdb-461f-94d7-3c31e5c29686.jpg","notFood":false,"drinks":false},{"name":"סטייק פרגית","price":50,"vegan":false,"vegetarian":false,"image":"https://d25t2285lxl5rf.cloudfront.net/images/dishes/82bb266c-1731-4b1c-ab9d-fca2c079afbd.jpg","notFood":false,"drinks":false},{"name":"מעורב ירושלמי","price":45,"vegan":true,"vegetarian":true,"image":"https://d25t2285lxl5rf.cloudfront.net/images/dishes/48004443-a69f-49e5-a272-168d114749f1.jpg","notFood":false,"drinks":false},{"name":"שיפוד פרגית","description":"מוגש עם שתי תוספות לבחירה","price":69,"vegan":false,"vegetarian":false,"image":"https://d25t2285lxl5rf.cloudfront.net/images/dishes/b2f0d898-4898-4231-a786-9a2f90bc4c4c.jpg","notFood":false,"drinks":false},{"name":"קבב","description":"מוגש עם שתי תוספות לבחירה","price":65,"vegan":false,"vegetarian":false,"image":"https://d25t2285lxl5rf.cloudfront.net/images/dishes/1eebfbe7-1c40-4bf7-aa19-33b9a541b279.jpg","notFood":false,"drinks":false},{"name":"כבד עוף","description":"מוגש עם שתי תוספות לבחירה","price":65,"vegan":false,"vegetarian":false,"image":"https://d25t2285lxl5rf.cloudfront.net/images/dishes/51bae1df-c14b-4403-b2e2-c17ea7a2213c.jpg","notFood":false,"drinks":false},{"name":"חזה עוף","description":"מוגש עם שתי תוספות לבחירה","price":60,"vegan":false,"vegetarian":false,"image":"https://d25t2285lxl5rf.cloudfront.net/images/dishes/271cee7b-1ef0-4bd1-88cf-6aaca595d5f9.jpg","notFood":false,"drinks":false},{"name":"שניצל","description":"מוגש עם שתי תוספות לבחירה","price":60,"vegan":false,"vegetarian":false,"image":"https://d25t2285lxl5rf.cloudfront.net/images/dishes/7ecbf905-0e61-4381-9a21-8d1f2f2761bc.jpg","notFood":false,"drinks":false},{"name":"פלאפל","description":"מוגש עם שתי תוספות לבחירה","price":45,"vegan":true,"vegetarian":true,"image":"https://d25t2285lxl5rf.cloudfront.net/images/dishes/ffff266c-b0a1-4cd9-b8b9-599b8a3d82f8.jpg","notFood":false,"drinks":false},{"name":"סטייק פרגית","price":65,"vegan":false,"vegetarian":false,"image":"https://d25t2285lxl5rf.cloudfront.net/images/dishes/e237f18d-553a-4742-9dc8-4a25177dd727.jpg","notFood":false,"drinks":false},{"name":"שווארמה","price":75,"vegan":false,"vegetarian":false,"image":"https://d25t2285lxl5rf.cloudfront.net/images/dishes/d64215ff-6c19-480b-9b05-d3f6462bf998.jpg","notFood":false,"drinks":false},{"name":"מעורב ירושלמי","price":57,"vegan":true,"vegetarian":true,"image":"https://d25t2285lxl5rf.cloudfront.net/images/dishes/6c080a25-6196-47ba-a6a4-5f04e43e99e7.jpg","notFood":false,"drinks":false},{"name":"צמחוני","description":"המנה מורכבת מסלטים ומשתי תוספות לבחירה ","price":42,"vegan":true,"vegetarian":true,"image":"https://d25t2285lxl5rf.cloudfront.net/images/dishes/08a47b4c-aff9-4f1c-aa35-31c7613baf2c.jpg","notFood":false,"drinks":false},{"name":"שיפוד פרגית","price":30,"vegan":false,"vegetarian":false,"notFood":false,"drinks":false},{"name":"קבב","price":30,"vegan":false,"vegetarian":false,"notFood":false,"drinks":false},{"name":"כבד עוף","price":30,"vegan":false,"vegetarian":false,"notFood":false,"drinks":false},{"name":"אנטריקוט","price":35,"vegan":false,"vegetarian":false,"notFood":false,"drinks":false},{"name":"חזה עוף","price":30,"vegan":false,"vegetarian":false,"notFood":false,"drinks":false},{"name":"שניצל","price":30,"vegan":false,"vegetarian":false,"notFood":false,"drinks":false},{"name":"סטייק פרגית במרינדה","price":30,"vegan":false,"vegetarian":false,"notFood":false,"drinks":false},{"name":"מעורב ירושלמי","price":30,"vegan":true,"vegetarian":true,"notFood":false,"drinks":false},{"name":"המבורגר 220 גרם","price":45,"vegan":false,"vegetarian":false,"notFood":false,"drinks":false},{"name":"ציפס","price":20,"vegan":true,"vegetarian":true,"image":"https://d25t2285lxl5rf.cloudfront.net/images/dishes/c4a0f949-cb40-4ec6-8246-5ebe633775ea.jpg","notFood":false,"drinks":false},{"name":"פלאפל שמונה כדורים","price":25,"vegan":true,"vegetarian":true,"image":"https://d25t2285lxl5rf.cloudfront.net/images/dishes/f11789c0-8ae4-4e8f-971f-4d3e26aaa55a.jpg","notFood":false,"drinks":false},{"name":"שווארמה נטו 350 גרם","description":"מומלץ ל3-4 סועדים ומגיע עם 3 פיתות ","price":95,"vegan":false,"vegetarian":false,"image":"https://d25t2285lxl5rf.cloudfront.net/images/dishes/7b1e7f88-7b9f-41fe-a3f3-1a923b77e1c2.jpg","notFood":false,"drinks":false},{"name":"שווארמה נטו 600 גרם","description":"מומלץ ל5-6 סועדים ומגיע עם 3 פיתות","price":160,"vegan":false,"vegetarian":false,"image":"https://d25t2285lxl5rf.cloudfront.net/images/dishes/2d1765a0-1336-4b07-ac16-abddb2eaec8c.jpg","notFood":false,"drinks":false},{"name":"שיפוד ירקות על גחלים","description":"שרי בצל גמבה ","price":18,"vegan":true,"vegetarian":true,"notFood":false,"drinks":false},{"name":"קובה בשרית","price":12,"vegan":false,"vegetarian":false,"notFood":false,"drinks":false},{"name":"סלט עגבניות חריף  שמן זית לימון","price":20,"vegan":true,"vegetarian":true,"notFood":false,"drinks":false},{"name":"בגט","price":4,"vegan":true,"vegetarian":true,"notFood":false,"drinks":false},{"name":"סלט ערבי","description":"עגבנייה ,מלפפון,בצל ,פטרוזיליה ושמן זית ולימון   ","price":20,"vegan":true,"vegetarian":true,"notFood":false,"drinks":false},{"name":"סלט חצילים במיונז","price":30,"vegan":false,"vegetarian":true,"notFood":false,"drinks":false},{"name":"פיתה","price":2,"vegan":true,"vegetarian":true,"notFood":false,"drinks":false},{"name":"לאפה","price":4,"vegan":true,"vegetarian":true,"notFood":false,"drinks":false},{"name":"אורז","price":20,"vegan":true,"vegetarian":true,"image":"https://d25t2285lxl5rf.cloudfront.net/images/dishes/b98df7ae-3a4d-4100-b4db-03b0f476e530.jpg","notFood":false,"drinks":false},{"name":"מג'דרה","price":20,"vegan":true,"vegetarian":true,"image":"https://d25t2285lxl5rf.cloudfront.net/images/dishes/23fb91e0-cf19-42db-91f8-6ef9c1a872e6.jpg","notFood":false,"drinks":false},{"name":"פירה","price":20,"vegan":true,"vegetarian":true,"image":"https://d25t2285lxl5rf.cloudfront.net/images/dishes/84741637-7a55-49f5-9ba6-bece002ea45a.jpg","notFood":false,"drinks":false},{"name":"ירקות מבושלים","price":20,"vegan":true,"vegetarian":true,"notFood":false,"drinks":false},{"name":"קוסקוס עם ירקות","price":20,"vegan":true,"vegetarian":true,"notFood":false,"drinks":false},{"name":"הום פרייז","price":20,"vegan":true,"vegetarian":true,"notFood":false,"drinks":false},{"name":"חומוס שמש  טחינה חריף שמן זית לימון תבלין","price":35,"vegan":true,"vegetarian":true,"image":"https://d25t2285lxl5rf.cloudfront.net/images/dishes/fabe1561-1ca0-4fc9-8994-9ff58280b5fb.jpg","notFood":false,"drinks":false},{"name":"חומוס פלאפל טחינה חריף שמן זית לימון תבלין וחמישה כדורי פלאפל","price":38,"vegan":true,"vegetarian":true,"notFood":false,"drinks":false},{"name":"חומוס ירושלמי טחינה חריף שמן זית תבלין מעורב ירושלמי","price":49,"vegan":true,"vegetarian":true,"notFood":false,"drinks":false},{"name":"חומוס שווארמה טחינה חריף שמן זית לימון תבלין","price":49,"vegan":false,"vegetarian":false,"notFood":false,"drinks":false},{"name":"סלט קיסר","description":"חסה  עגבנייה בצל סגול חזה עוף געלה רוטב קיסר וחזה עוף  ","price":49,"vegan":false,"vegetarian":false,"notFood":false,"drinks":false},{"name":"סלט שווארמה","description":"חסה מלפפון עגבנייה גרגרי חומוס פטרוזליה שווארמה שמן זית לימון  ","price":52,"vegan":false,"vegetarian":false,"notFood":false,"drinks":false},{"name":"סלט אנטריקוט עם קוסקוס","description":"חסה מלפפון עגבניה בצל סגול זיתים קלמטה קוסקוס שמן זית לימון ואנטריקוט ","price":56,"vegan":false,"vegetarian":false,"notFood":false,"drinks":false},{"name":"סלט עגבניות חריף עם קבב","description":"סלט עגבניות בצל סגול פלפל חריף ירק שמן זית לימון קבב ביתי  ","price":56,"vegan":false,"vegetarian":false,"notFood":false,"drinks":false},{"name":"מוס שוקולד אוריאו","price":15,"vegan":false,"vegetarian":true,"notFood":false,"drinks":false},{"name":"מוס וניל אוריאו","price":15,"vegan":true,"vegetarian":true,"notFood":false,"drinks":false},{"name":"בוואריה","price":15,"vegan":true,"vegetarian":true,"notFood":false,"drinks":false},{"name":"מוס שוקולד","price":12,"vegan":false,"vegetarian":true,"notFood":false,"drinks":false},{"name":"קדאיף","price":15,"vegan":true,"vegetarian":true,"notFood":false,"drinks":false},{"name":"פחית קולה","price":9,"vegan":true,"vegetarian":true,"notFood":false,"drinks":true},{"name":"בקבוק קולה זירו 330 מ``ל","price":10,"vegan":true,"vegetarian":true,"notFood":false,"drinks":true},{"name":"פחית דיאט ספרייט","price":9,"vegan":true,"vegetarian":true,"notFood":false,"drinks":true},{"name":"בקבוק זירו 0.5 ליטר","price":10,"vegan":true,"vegetarian":true,"notFood":false,"drinks":true},{"name":"מים בטעם תפוחים 0.5 ליטר","price":10,"vegan":true,"vegetarian":true,"notFood":false,"drinks":false},{"name":"בקבוק מים מינרלים","price":8,"vegan":true,"vegetarian":true,"notFood":false,"drinks":true},{"name":"בקבוק ספרייט 0.5 ליטר","price":9,"vegan":true,"vegetarian":true,"notFood":false,"drinks":true},{"name":"בקבוק דיאט ספרייט 0.5 ליטר","price":9,"vegan":true,"vegetarian":true,"notFood":false,"drinks":true},{"name":"בקבוק סודה","price":9,"vegan":true,"vegetarian":true,"notFood":false,"drinks":true},{"name":"פחית קולה זירו","price":9,"vegan":true,"vegetarian":true,"notFood":false,"drinks":true},{"name":"פחית ספרייט","price":9,"vegan":true,"vegetarian":true,"notFood":false,"drinks":true},{"name":"פחית פאנטה","price":9,"vegan":true,"vegetarian":true,"notFood":false,"drinks":false},{"name":"בקבוק קולה 0.5 ליטר","price":10,"vegan":true,"vegetarian":true,"notFood":false,"drinks":true},{"name":"בקבוק ענבים 0.5 ליטר","price":10,"vegan":true,"vegetarian":true,"notFood":false,"drinks":true},{"name":"בקבוק אשכוליות 0.5 ליטר","price":10,"vegan":true,"vegetarian":true,"notFood":false,"drinks":true},{"name":"בקבוק תפוזים 0.5 ליטר","price":10,"vegan":true,"vegetarian":true,"notFood":false,"drinks":true},{"name":"בקבוק פיוז טי 0.5 ליטר","price":10,"vegan":true,"vegetarian":true,"notFood":false,"drinks":true},{"name":"מים בטעם אפרסק 0.5 ליטר","price":10,"vegan":true,"vegetarian":true,"notFood":false,"drinks":false},{"name":"מים בטעם ענבים 0.5 ליטר","price":10,"vegan":true,"vegetarian":true,"notFood":false,"drinks":true},{"name":"בקבוק קולה 330 מ``ל","price":10,"vegan":true,"vegetarian":true,"notFood":false,"drinks":true},{"name":"בקבוק בירה שחורה","price":11,"vegan":true,"vegetarian":true,"notFood":false,"drinks":true},{"name":"בקבוק קוקה קולה 1.5 ליטר","price":15,"vegan":true,"vegetarian":true,"notFood":false,"drinks":true},{"name":"בקבוק קולה זירו 1.5 ליטר","price":15,"vegan":true,"vegetarian":true,"notFood":false,"drinks":true},{"name":"בקבוק פיוזטי 1.5 ליטר","price":15,"vegan":true,"vegetarian":true,"notFood":false,"drinks":true},{"name":"בקבוק ספרייט 1.5 ליטר","price":15,"vegan":true,"vegetarian":true,"notFood":false,"drinks":true},{"name":"בקבוק דיאט ספרייט 1.5 ליטר","price":15,"vegan":true,"vegetarian":true,"notFood":false,"drinks":true}]}