{"track_id":"19023","filters":["gelato"],"image":"https://tenbis-static.azureedge.net/restaurant-card-image/ResCard_19023_20200526125948.jpg","address":"אוסישקין, 59 רמת השרון","location":[34.8436469,32.1433725],"name":"וניליה רמת השרון ","city":"הרצליה - רמת השרון","priceAverage":67.76923076923077,"menu":[{"name":"סודה(250 מל)","price":8,"vegan":true,"vegetarian":true,"notFood":false,"drinks":true},{"name":"מים מינרליים(500 מל)","price":8,"vegan":true,"vegetarian":true,"notFood":false,"drinks":true},{"name":"קוקה קולה (330 מל זכוכית)","price":10,"vegan":true,"vegetarian":true,"notFood":false,"drinks":true},{"name":"קולה זירו (330 מל זכוכית)","price":10,"vegan":true,"vegetarian":true,"notFood":false,"drinks":true},{"name":"ענבים","price":10,"vegan":true,"vegetarian":true,"notFood":false,"drinks":true},{"name":"וניליה FUN PACK","description":"המארז  כולל 1 ק\"ג גלידה , 3 רטבים / תוספות לבחירה \n, 8 גביעים / כוסות","price":115,"vegan":true,"vegetarian":true,"image":"https://cdn.paypo.com/images/vanigliaramathasharon/1000/140_1.jpg","notFood":false,"drinks":false},{"name":"1/2 קילו גלידה","description":"בחרו עד 4 טעמים | מגיע עם 4 גביעי וופל / כוסות","price":58,"vegan":true,"vegetarian":true,"image":"https://d25t2285lxl5rf.cloudfront.net/images/dishes/0efef062-d9b3-41aa-98a7-1edad0f9eff4.jpg","notFood":false,"drinks":false},{"name":"3/4 קילו גלידה","description":"בחרו עד 5 טעמים | מגיע עם 6 גביעי וופל / כוסות","price":78,"vegan":true,"vegetarian":true,"image":"https://d25t2285lxl5rf.cloudfront.net/images/dishes/376efb0e-f0b3-4af3-b4a6-f1e19d250697.jpg","notFood":false,"drinks":false},{"name":"1 קילו גלידה","description":"בחרו עד 6 טעמים | מגיע עם 8 גביעי וופל / כוסות","price":98,"vegan":true,"vegetarian":true,"image":"https://d25t2285lxl5rf.cloudfront.net/images/dishes/179bcf19-72a7-4d18-b0b6-e33196ecf30e.jpeg","notFood":false,"drinks":false},{"name":"מארז וניליה FUN PACK","description":"‫1 קילו גלידה (עד 6 טעמים לבחירה) , מארז שלישיית רטבים/תוספות \nמוגש עם 8 גביעים או כוסות וכפיות\nבמארז חגיגי או במארז השקוף של וניליה","price":115,"vegan":true,"vegetarian":true,"image":"https://cdn.paypo.com/images/vanigliaramathasharon/1000/13804_0.jpg","notFood":false,"drinks":false},{"name":"בידוד מתוק 1 ק\"ג","description":"‫1 קילו גלידה (עד 6 טעמים לבחירה) , מארז 6 רטבים/תוספות \nמוגש עם 8 גביעים או כוסות וכפיות\nבמארז השקוף של וניליה","price":135,"vegan":true,"vegetarian":true,"image":"https://cdn.paypo.com/images/vanigliaramathasharon/1000/13805_0.jpg","notFood":false,"drinks":false},{"name":"מארז \"וניליה למען הכדור\"","description":"מכיל כ-1.1 קילו גלידה (עד 4 טעמים לבחירה) \nבתוך מארז רב פעמי שמחליף את הקלקר\n8 גביעים או כוסות\nבמארז השקוף של וניליה\nניתן לחזור עם השקית והמארז למילוי חוזר בסניף ולקבל הנחת \"שומרים על הכדור״ 🌍","price":130,"vegan":true,"vegetarian":true,"image":"https://cdn.paypo.com/images/vanigliaramathasharon/1000/13806_0.jpg","notFood":false,"drinks":false},{"name":"מארז פינוקים 3/4 ק\"ג","description":"‫3/4 קילו גלידה (עד 5 טעמים לבחירה) , מארז 4 רטבים/תוספות \nמוגש עם 6 גביעים או כוסות וכפיות\nבמארז השקוף של וניליה","price":106,"vegan":true,"vegetarian":true,"image":"https://cdn.paypo.com/images/vanigliaramathasharon/1000/13807_0.jpg","notFood":false,"drinks":false}]}