{"track_id":"1903","filters":["meatGrill","fish","burgers"],"image":"https://tenbis-static.azureedge.net/restaurant-default-card-image/CuzineType_meatgrill_12.jpg","address":"ערבה, 4 איירפורט סיטי","location":[34.91314,31.9876241],"name":"טרומן אנד קו","city":"איירפורט סיטי","priceAverage":71.125,"menu":[{"name":"המבורגר 220 גרם","description":"220 גרם בשר בקר איכותי הנטחן מידי יום במקום.\nהלחמניה והירקות מגיעים בצד. (לא ניתן לגרוע ירקות)","price":68,"vegan":false,"vegetarian":false,"image":"https://d25t2285lxl5rf.cloudfront.net/images/dishes/946e2e63-3e54-4253-ba96-a504bca2fd2d.jpg","notFood":false,"drinks":false},{"name":"סלט קיסר ארטישוק","description":"עלי חסה עם בצל סגול קרוטונים, ארטישוק אה-לה רומנה ורוטב קיסר.","price":39,"vegan":true,"vegetarian":true,"image":"https://d25t2285lxl5rf.cloudfront.net/images/dishes/e181388b-e9b1-475b-9287-1a95f2ce4d1d.jpg","notFood":false,"drinks":false},{"name":"12 יחידות כנפיים ברוטב לבחירה","description":"12 חצאי כנפיים ברוטב לבחירה: צ'ילי, חמאת בוטנים או ברביקיו על מצע של חסה עם שומשום או בוטנים","price":34,"vegan":false,"vegetarian":false,"image":"https://d25t2285lxl5rf.cloudfront.net/images/dishes/6caf99d4-4d89-4ded-ba8f-bbc5c37b932f.jpg","notFood":false,"drinks":false},{"name":"נאגטס עוף","description":"נתחי עוף מצופים בטמפורה לצד רטבי איולי צ'יפוטלה וצ'ילי","price":45,"vegan":false,"vegetarian":false,"image":"https://d25t2285lxl5rf.cloudfront.net/images/dishes/b9ec05de-65cb-4694-bf2e-af8ad4533745.jpg","notFood":false,"drinks":false},{"name":"סלט קליפורניה (סלט שורשים אסייתי)","description":"כרוב סגול ולבן, נבטים, מלפפונים, בזיליקום, שבבי גזר בוטנים ושומשום לצד רוטב איולי ג'ינג'ר (פיקנטי) (הרוטב מכיל כוסברה)","price":42,"vegan":true,"vegetarian":true,"image":"https://d25t2285lxl5rf.cloudfront.net/images/dishes/23440b57-e28f-4ef5-b6b9-e56986ab3c65.jpg","notFood":false,"drinks":false},{"name":"סלט קיסר ארטישוק","description":"עלי חסה עם בצל סגול קרוטונים, ארטישוק אה-לה רומנה ורוטב קיסר.","price":39,"vegan":true,"vegetarian":true,"image":"https://d25t2285lxl5rf.cloudfront.net/images/dishes/e181388b-e9b1-475b-9287-1a95f2ce4d1d.jpg","notFood":false,"drinks":false},{"name":"המבורגר 220 גרם","description":"220 גרם בשר בקר איכותי הנטחן מידי יום במקום.\nהלחמניה והירקות מגיעים בצד. (לא ניתן לגרוע ירקות)","price":68,"vegan":false,"vegetarian":false,"image":"https://d25t2285lxl5rf.cloudfront.net/images/dishes/946e2e63-3e54-4253-ba96-a504bca2fd2d.jpg","notFood":false,"drinks":false},{"name":"המבורגר 300 גרם","description":"300 גרם בשר בקר איכותי הנטחן מידי יום במקום.\nהלחמניה והירקות מגיעים בצד. לא ניתן לגרוע ירקות","price":75,"vegan":false,"vegetarian":false,"image":"https://d25t2285lxl5rf.cloudfront.net/images/dishes/817ffb13-3796-4220-a472-0461bdc5001d.jpg","notFood":false,"drinks":false},{"name":"דאבל צ'יזבורגר 440 גרם","description":"המבורגר המורכב מ-2 קציצות 220 גרם עם גבינות צ'דר ואמנטל ביניהם, הלחמניה והירקות מגיעים בצד.לא ניתן לגרוע ירקות","price":92,"vegan":false,"vegetarian":false,"image":"https://d25t2285lxl5rf.cloudfront.net/images/dishes/31c60d0b-1a62-4dac-99b9-9195bf101e67.jpg","notFood":false,"drinks":false},{"name":"ריינבו המבורגר טבעוני","description":"המבורגר טבעוני על בסיס חלבון צמחי בטעמים לבחירה: סלק או פטריות, מוגש לצד ירקות טריים ולחמניה","price":68,"vegan":true,"vegetarian":true,"image":"https://d25t2285lxl5rf.cloudfront.net/images/dishes/68d61de8-ab15-4abd-bc0c-e213483acad7.jpg","notFood":false,"drinks":false},{"name":"רידיפיין בורגר טבעוני","description":"המבורגר מקציצה טבעונית בפיתוח ישראלי חדש! על בסיס חלבון אפונה, מגיע לצד תוספת וירקות טריים","price":74,"vegan":false,"vegetarian":false,"image":"https://d25t2285lxl5rf.cloudfront.net/images/dishes/a17872ab-55d9-4d9d-8d03-687e5a30c4b8.jpg","notFood":false,"drinks":false},{"name":"ביונד בורגר טבעוני🌿","description":"המבורגר טבעוני על בסיס חלבון אפונה לצד ירקות טריים ולחמניה","price":68,"vegan":true,"vegetarian":true,"image":"https://d25t2285lxl5rf.cloudfront.net/images/dishes/b3c2e42a-1dce-41c9-b524-b630ca537ea6.jpg","notFood":false,"drinks":false},{"name":"סנסשיונל בורגר טבעוני","description":"המבורגר מקציצה טבעונית על בסיס חלבון אפונה לצד תוספת וירקות טריים","price":68,"vegan":false,"vegetarian":false,"image":"https://d25t2285lxl5rf.cloudfront.net/images/dishes/31c23d72-801c-4319-af58-ef74c71b5c18.jpg","notFood":false,"drinks":false},{"name":"סלמון","description":" 220 גרם פילה סלמון נורווגי בגלייז מייפל וסויה מוגש לצד פלח לימון ותוספת לבחירה.","price":88,"vegan":false,"vegetarian":false,"image":"https://d25t2285lxl5rf.cloudfront.net/images/dishes/fb31d723-bdff-47f1-9b00-fbc60d4e75c7.jpg","notFood":false,"drinks":false},{"name":"שניצל טרומן ענק","description":"220 גרם שניצל דק דק מצופה בפנקו ומטוגן. מוגש לצד לימון עם תוספת לבחירה.","price":67,"vegan":false,"vegetarian":false,"image":"https://d25t2285lxl5rf.cloudfront.net/images/dishes/9b0dc5a5-b368-406e-9110-0babbdbba4b3.jpg","notFood":false,"drinks":false},{"name":"כריך שניצל","description":"160 גרם חזה עוף מצופה בפרורי לחם, לצד לחמניה וירקות טריים עם תוספת לבחירה","price":59,"vegan":false,"vegetarian":false,"image":"https://d25t2285lxl5rf.cloudfront.net/images/dishes/dc5e1e75-cb54-41cc-b8fd-d9e8a2c2eedf.jpg","notFood":false,"drinks":false},{"name":"סופר טרומן","description":"220 גרם המגיע עם בשר שפונדרה מפורק מעל, אננס, גבינת אמנטל ובוטנים לצד ירקות טריים ולחמניה עם תוספת לבחירה","price":89,"vegan":false,"vegetarian":false,"image":"https://d25t2285lxl5rf.cloudfront.net/images/dishes/92378d18-5a31-4216-b041-05950bdbeaec.jpg","notFood":false,"drinks":false},{"name":"האקונה מטטה","description":"220 גרם המגיע עם גבינת אמנטל, פטריות שמפניון וקריספי שאלוט לצד איולי שום, עם ירקות טריים, לחמניה ותוספת","price":81,"vegan":false,"vegetarian":true,"image":"https://d25t2285lxl5rf.cloudfront.net/images/dishes/4bc12b01-6631-4515-ad0e-a322ed5313fa.jpg","notFood":false,"drinks":false},{"name":"דה פראנס","description":"220 גרם המגיע עם נתח גבינת בושה מעל לצד ריבת בצל, ירקות טריים, לחמניה ותוספת לבחירה","price":83,"vegan":false,"vegetarian":true,"image":"https://d25t2285lxl5rf.cloudfront.net/images/dishes/fd1808d9-387e-404f-899b-e02c433fedea.jpg","notFood":false,"drinks":false},{"name":"סליידר צ'דר וריבת בייקון","description":"המבורגר 330 גרם עם גבינת צ'דר בתוך הקציצה וריבת בייקון מעל, לצד ירקות טריים ולחמניה עם תוספת לבחירה","price":86,"vegan":false,"vegetarian":false,"image":"https://d25t2285lxl5rf.cloudfront.net/images/dishes/ed420b70-a445-4d89-ac5f-63b01753e510.jpg","notFood":false,"drinks":false},{"name":"YOLO בורגר","description":"המבורגר 220 גרם המגיע עם גבינת צ'דר ורצועות בייקון מעל, לצד ביצת עין, ירקות טריים, לחמניה ותוספת לבחירה","price":92,"vegan":false,"vegetarian":false,"image":"https://d25t2285lxl5rf.cloudfront.net/images/dishes/a472fb60-cef0-4e91-896d-8163d750357b.jpg","notFood":false,"drinks":false},{"name":"טקסס ריינג'ר בורגר","description":"המבורגר 220 גרם עם רצועות קורנביף מעל ורוטב צ'ימיצ'ורי, לצד שום קונפי, ירקות טריים, לחמניה ותוספת לבחירה","price":89,"vegan":false,"vegetarian":false,"image":"https://d25t2285lxl5rf.cloudfront.net/images/dishes/bd3a4adf-5203-458c-95e5-a9b1ac2ed2f5.jpg","notFood":false,"drinks":false},{"name":"טרופי-בורגר","description":"המבורגר 220 גרם המגיע עם אננס ובצל מטוגן, לצד ירקות טריים ולחמניה עם תוספת לבחירה","price":81,"vegan":false,"vegetarian":false,"image":"https://d25t2285lxl5rf.cloudfront.net/images/dishes/45688efc-48ff-49c6-9a57-17022b497178.jpg","notFood":false,"drinks":false},{"name":"המבורגר כבד אווז וריבת בצל","description":"המבורגר 220 גרם המגיע עם כבד אווז מעל, לצד ריבת בצל, ירקות טריים, לחמניה ותוספת לבחירה","price":112,"vegan":false,"vegetarian":false,"image":"https://d25t2285lxl5rf.cloudfront.net/images/dishes/e4a6c364-58b9-4274-8945-8917b6bd0cbc.jpg","notFood":false,"drinks":false}]}