{"track_id":"19047","filters":["meatGrill","burgers"],"image":"https://tenbis-static.azureedge.net/restaurant-card-image/ResCard_19047_20210411161853.jpg","address":"דרך חיפה, 52 קרית אתא","location":[35.0754627,32.8087188],"name":"סינטה בר אקספרס","city":"קרית אתא","priceAverage":38.625,"menu":[{"name":"בייסיק","description":"לחמנייה, קציצה לבחירה, רוטב איולי וירקות בורגר","price":68,"vegan":true,"vegetarian":true,"image":"https://d25t2285lxl5rf.cloudfront.net/images/dishes/219b3ad4-1517-4295-8fe2-8b2471a8722c.jpg","notFood":false,"drinks":false},{"name":"המבורגר ילדים 120","description":"120 גרם | מוגש עם תוספת לבחירה","price":49,"vegan":false,"vegetarian":false,"image":"https://d25t2285lxl5rf.cloudfront.net/images/dishes/53e28a51-9961-4259-93e0-64d3654a974a.jpg","notFood":false,"drinks":false},{"name":"פייקון","description":"לחמנייה, קציצה לבחירה, פנצ'טה טלה, ריבת בצל, פורטבלו צלוייה, איולי כמהין וחסה","price":79,"vegan":false,"vegetarian":false,"image":"https://d25t2285lxl5rf.cloudfront.net/images/dishes/cbc53caa-44b6-4706-afc4-d22b3e610b5e.jpg","notFood":false,"drinks":false},{"name":"סטריפר","description":"לחמנייה, קציצה לבחירה, סטריפים של אסאדו, בצל צלוי, איולי וירקות בורגר","price":79,"vegan":true,"vegetarian":true,"image":"https://d25t2285lxl5rf.cloudfront.net/images/dishes/ee3efa63-0e4c-4756-bc11-0451c6a9f1ad.jpg","notFood":false,"drinks":false},{"name":"צ'יפס","description":"","price":14,"vegan":true,"vegetarian":true,"image":"https://d25t2285lxl5rf.cloudfront.net/images/dishes/4602f55c-d93f-4454-8cef-33286f2865b6.jpg","notFood":false,"drinks":false},{"name":"בייסיק","description":"לחמנייה, קציצה לבחירה, רוטב איולי וירקות בורגר","price":58,"vegan":true,"vegetarian":true,"image":"https://d25t2285lxl5rf.cloudfront.net/images/dishes/22912f17-8f65-42e1-be34-b11abf4e28e5.jpg","notFood":false,"drinks":false},{"name":"בייסיק","description":"לחמנייה, קציצה לבחירה, רוטב איולי וירקות בורגר","price":68,"vegan":true,"vegetarian":true,"image":"https://d25t2285lxl5rf.cloudfront.net/images/dishes/219b3ad4-1517-4295-8fe2-8b2471a8722c.jpg","notFood":false,"drinks":false},{"name":"פייקון","description":"לחמנייה, קציצה לבחירה, פנצ'טה טלה, ריבת בצל, פורטבלו צלוייה, איולי כמהין וחסה","price":79,"vegan":false,"vegetarian":false,"image":"https://d25t2285lxl5rf.cloudfront.net/images/dishes/cbc53caa-44b6-4706-afc4-d22b3e610b5e.jpg","notFood":false,"drinks":false},{"name":"ספייסי","description":"לחמנייה, קציצה לבחירה, פלפל חריף, חזה אווז צלוי, איולי אריסה וירקות בורגר","price":79,"vegan":false,"vegetarian":false,"image":"https://d25t2285lxl5rf.cloudfront.net/images/dishes/0cf3e09d-b5a0-4732-ad53-e57259b073be.jpg","notFood":false,"drinks":false},{"name":"סטריפר","description":"לחמנייה, קציצה לבחירה, סטריפים של אסאדו, בצל צלוי, איולי וירקות בורגר","price":79,"vegan":true,"vegetarian":true,"image":"https://d25t2285lxl5rf.cloudfront.net/images/dishes/ee3efa63-0e4c-4756-bc11-0451c6a9f1ad.jpg","notFood":false,"drinks":false},{"name":"פייק צ'יז","description":"לחמנייה, קציצה לבחירה, צ'דר טבעונית, פנצ'טה טלה, איולי עשבים וחסה","price":81,"vegan":false,"vegetarian":false,"image":"https://d25t2285lxl5rf.cloudfront.net/images/dishes/3f888bca-37fc-4d83-bab2-6d9b65d7563c.jpg","notFood":false,"drinks":false},{"name":"גילטי פלז'ר","description":"לחמנייה,קציצה לבחירה,צ'דר טבעונית,סליידר אסאדו, פייקון טלה, חזה אווז, דבש, פיסטוק טחון, איולי כמהין וחסה","price":101,"vegan":false,"vegetarian":false,"image":"https://d25t2285lxl5rf.cloudfront.net/images/dishes/c6cd6991-9804-42aa-879a-19882c82c340.jpg","notFood":false,"drinks":false},{"name":"כריף עוף רוטיסרי קלאסי","description":"עוף צלוי קצוץ, בצל צלוי, איולי עשבים, עלי טעם ורוטב בוטנים","price":74,"vegan":false,"vegetarian":false,"image":"https://d25t2285lxl5rf.cloudfront.net/images/dishes/78925886-c802-4371-8542-c72f99b0a26b.jpg","notFood":false,"drinks":false},{"name":"כריף עוף רוטיסרי ים תיכוני","description":"עוף צלוי קצוץ עם עגבנייה, בצל, תבלינים, איולי אריסה ומלפפון חמוץ.","price":74,"vegan":false,"vegetarian":false,"image":"https://d25t2285lxl5rf.cloudfront.net/images/dishes/a591f5e0-54b7-46f0-9fc3-654f16c56e93.jpg","notFood":false,"drinks":false},{"name":"כריך שניצל","description":"פילה עוף, איולי עשבים, חסה, עגבנייה ובצל מוחמץ","price":74,"vegan":false,"vegetarian":false,"image":"https://d25t2285lxl5rf.cloudfront.net/images/dishes/fb1746c4-31a7-4670-859f-a37a006b3235.jpg","notFood":false,"drinks":false},{"name":"אסאדו פלאנצ'ה","description":"רוסטביף של אסאדו צלוי על הפלאהצ'ה, איולי עשבים, עגבנייה, מלפפון חמוץ ובצל מוחמץ","price":78,"vegan":true,"vegetarian":true,"image":"https://d25t2285lxl5rf.cloudfront.net/images/dishes/9d6f153f-4fcc-40db-b69a-a53ce4947bd8.jpg","notFood":false,"drinks":false},{"name":"סלופי ג'ו","description":"המבורגר של עגל קצוץ, בצל צלוי, ברברקיו שלנו, איולי עשבים, עגבנייה ומלפפון חמוץ","price":78,"vegan":false,"vegetarian":false,"image":"https://d25t2285lxl5rf.cloudfront.net/images/dishes/3afd2051-e5d8-46c0-8efd-8c902c7f029d.jpg","notFood":false,"drinks":false},{"name":"בייסיק","description":"לחמנייה, קציצה לבחירה, רוטב איולי וירקות בורגר","price":58,"vegan":true,"vegetarian":true,"image":"https://d25t2285lxl5rf.cloudfront.net/images/dishes/22912f17-8f65-42e1-be34-b11abf4e28e5.jpg","notFood":false,"drinks":false},{"name":"פייקון","description":"לחמנייה, קציצה לבחירה, ריבת בצל, פייקון טלה, פורטבלו צלוייה, איולי כמהין וחסה","price":68,"vegan":false,"vegetarian":false,"image":"https://d25t2285lxl5rf.cloudfront.net/images/dishes/dd9cd3d5-29aa-4304-8783-4a111ae9a7c3.jpg","notFood":false,"drinks":false},{"name":"ספייסי","description":"לחמנייה, קציצה לבחירה, פלפל חריף, חזה אווז צלוי, איולי אריסה וירקות בורגר","price":68,"vegan":false,"vegetarian":false,"image":"https://d25t2285lxl5rf.cloudfront.net/images/dishes/9d932e15-fb52-4ef6-bd3c-ce7cadb0d842.jpg","notFood":false,"drinks":false},{"name":"סטריפר","description":" לחמנייה, קציצה לבחירה, סליידרים של אסאדו, בצל קונפי, איולי וירקות בורגר","price":68,"vegan":true,"vegetarian":true,"image":"https://d25t2285lxl5rf.cloudfront.net/images/dishes/e477e132-4332-41b9-845a-57c4c50b9193.jpg","notFood":false,"drinks":false},{"name":"פייק צ'יז","description":"לחמנייה, קציצה לבחירה, צ'דר טבעונית, פנצ'טה טלה, איולי עשבים וחסה","price":68,"vegan":false,"vegetarian":false,"image":"https://d25t2285lxl5rf.cloudfront.net/images/dishes/3bad89d9-6b4f-412e-9606-c5a33aac9774.jpg","notFood":false,"drinks":false},{"name":"גילטי פלז'ר","description":"לחמנייה, קציצה לבחירה, סליידר אסאדו, פייקון טלה, חזה אווז, דבש, פיסטוק טחון, איולי כמהין וחסה","price":84,"vegan":false,"vegetarian":false,"image":"https://d25t2285lxl5rf.cloudfront.net/images/dishes/446f45de-ebfb-41da-9f28-625e28ac9b5d.jpg","notFood":false,"drinks":false},{"name":"כריך עוף רוטיסרי קלאסי","description":"עוף צלוי קצוץ, בצל צלוי, איולי עשבים, עלי טעם ורוטב בוטנים","price":54,"vegan":false,"vegetarian":false,"image":"https://d25t2285lxl5rf.cloudfront.net/images/dishes/e239ead7-2cc8-476b-8364-78dbdb073c0b.jpg","notFood":false,"drinks":false},{"name":"כריך עוף רוטיסרי ים תיכוני","description":"עוף צלוי קצוץ עם עגבנייה, בצל, תבלינים, איולי אריסה ומלפפון חמוץ","price":54,"vegan":false,"vegetarian":false,"image":"https://d25t2285lxl5rf.cloudfront.net/images/dishes/ce4eaf36-e2d7-4692-bef0-20af44533a0a.jpg","notFood":false,"drinks":false},{"name":"כריך שניצל","description":" שניצל פילה עוף, איולי עשבים, חסה, עגבנייה ובצל מוחמץ","price":54,"vegan":false,"vegetarian":false,"image":"https://d25t2285lxl5rf.cloudfront.net/images/dishes/952cc38c-8344-49e2-86c6-181dd20db6ad.jpg","notFood":false,"drinks":false},{"name":"אסאדו פלאנצ'ה","description":"פרוסות דקות של אסאדו צלוייות על הפלאנצ'ה,  איולי עשבים, עגבנייה, מלפפון ובצל מוחמץ.","price":58,"vegan":true,"vegetarian":true,"image":"https://d25t2285lxl5rf.cloudfront.net/images/dishes/452d0117-d018-4962-8078-bc510abf8111.jpg","notFood":false,"drinks":false},{"name":"סלופי ג'ו","description":"המבורגר קצוץ עם רוטב ברביקיו שלנו, איולי עשבים, עגבנייה, מלפפון חמוץ ובצל מוחמץ","price":58,"vegan":false,"vegetarian":false,"image":"https://d25t2285lxl5rf.cloudfront.net/images/dishes/df793257-3cba-4037-9ee2-0d3da5d1b174.jpg","notFood":false,"drinks":false},{"name":"שניצלונים 4 יח'","description":"נגאטס- פילה עוף טרי קראנצ'י מוגש עם שני רטבים לבחירה ","price":38,"vegan":false,"vegetarian":false,"image":"https://d25t2285lxl5rf.cloudfront.net/images/dishes/ca8159e3-b845-4bae-99e9-ed3197d9dbf8.jpg","notFood":false,"drinks":false},{"name":"שניצלונים 7 יח'","description":"נגאטס- פילה עוף טרי קראנצ'י מוגש עם שני רטבים לבחירה ","price":52,"vegan":false,"vegetarian":false,"image":"https://d25t2285lxl5rf.cloudfront.net/images/dishes/e36de1bf-e0ae-4ed4-9746-e75ab7a259b0.jpg","notFood":false,"drinks":false},{"name":"כנפיים מטוגנות","description":"כנפיים מטוגנות עם רוטב בוטנים שהוא קצת חריף ובצל ירוק. 12 יח' ","price":38,"vegan":false,"vegetarian":false,"image":"https://d25t2285lxl5rf.cloudfront.net/images/dishes/1c537472-2dab-4fb1-8e8d-27f200055d73.jpg","notFood":false,"drinks":false},{"name":"סלט קיסר","description":"לבבות חסה, רוטב קיסר, קרוטונים ואגוז ברזיל מגורד. ","price":38,"vegan":true,"vegetarian":true,"image":"https://d25t2285lxl5rf.cloudfront.net/images/dishes/7afdc0cc-e2b7-4cf6-9e22-fcddd61696e6.jpg","notFood":false,"drinks":false},{"name":"סלט עלים וירקות","description":"עלי טעם, חסה, עגבניות מגי, גזר, צנונית, בצל סגול, גרעיני חמנייה בוויניגרט דבש","price":38,"vegan":true,"vegetarian":true,"image":"https://d25t2285lxl5rf.cloudfront.net/images/dishes/717b34f1-52e8-467a-a872-8454806bba38.jpg","notFood":false,"drinks":false},{"name":"סלט עלים וירקות עוף","description":"עלי טעם, חסה, עגבניות מגי, גזר, צנונית, בצל סגול, גרעיני חמנייה בוויניגרט דבש ועוף","price":52,"vegan":false,"vegetarian":false,"image":"https://d25t2285lxl5rf.cloudfront.net/images/dishes/8cb55085-e8e3-4d9b-92a7-1f2a7f06673c.jpg","notFood":false,"drinks":false},{"name":"צ'יפס","description":"","price":14,"vegan":true,"vegetarian":true,"image":"https://d25t2285lxl5rf.cloudfront.net/images/dishes/4602f55c-d93f-4454-8cef-33286f2865b6.jpg","notFood":false,"drinks":false},{"name":"צ'יפס בטטה","description":"","price":18,"vegan":true,"vegetarian":true,"image":"https://d25t2285lxl5rf.cloudfront.net/images/dishes/4dce4245-f570-4f93-8272-082df2da1cd9.jpg","notFood":false,"drinks":false},{"name":"מיקס צ'יפס","description":"","price":16,"vegan":true,"vegetarian":true,"image":"https://d25t2285lxl5rf.cloudfront.net/images/dishes/45d76169-d392-47dd-9e61-264c5b82564c.jpg","notFood":false,"drinks":false},{"name":"תפוח אדמה תפוח אדמה צלויים עם תבלינים","description":"","price":16,"vegan":true,"vegetarian":true,"image":"https://d25t2285lxl5rf.cloudfront.net/images/dishes/3426739f-abbc-4efa-b6ae-7ba5075442ee.jpg","notFood":false,"drinks":false},{"name":"אורז צהוב עם גזר ושקדים","description":"","price":14,"vegan":true,"vegetarian":true,"image":"https://d25t2285lxl5rf.cloudfront.net/images/dishes/e0ce0783-aac3-4b2c-83b9-e57d8f98c870.jpg","notFood":false,"drinks":false},{"name":"טבעות בצל","description":"","price":24,"vegan":true,"vegetarian":true,"image":"https://d25t2285lxl5rf.cloudfront.net/images/dishes/259c0095-1569-447b-a26f-8ce807d59507.jpg","notFood":false,"drinks":false},{"name":"סלט ירוק","description":"סלט ירוק – מיקס עלים ובצל.","price":14,"vegan":true,"vegetarian":true,"image":"https://d25t2285lxl5rf.cloudfront.net/images/dishes/f5a14073-1b95-4c31-9956-bf74c353bde6.jpg","notFood":false,"drinks":false},{"name":"סלט קוסלואו","description":"","price":14,"vegan":true,"vegetarian":true,"image":"https://d25t2285lxl5rf.cloudfront.net/images/dishes/c37077cb-6471-4b48-abaa-9c96775a1ab9.jpg","notFood":false,"drinks":false},{"name":"סלט גזר אסייתי","description":"","price":14,"vegan":true,"vegetarian":true,"image":"https://d25t2285lxl5rf.cloudfront.net/images/dishes/b5b57968-dfa6-4a1e-9a24-6de6628439ca.jpg","notFood":false,"drinks":false},{"name":"סלט עדשים בורגול ועשבי תבלין","description":"","price":14,"vegan":true,"vegetarian":true,"image":"https://d25t2285lxl5rf.cloudfront.net/images/dishes/f4f229bf-7f18-4ea2-a444-f610cc1974cf.jpg","notFood":false,"drinks":false},{"name":"המבורגר ילדים 120","description":"120 גרם | מוגש עם תוספת לבחירה","price":49,"vegan":false,"vegetarian":false,"image":"https://d25t2285lxl5rf.cloudfront.net/images/dishes/53e28a51-9961-4259-93e0-64d3654a974a.jpg","notFood":false,"drinks":false},{"name":"שניצלונים ( 4 יחידות ) ותוספת","description":"","price":39,"vegan":false,"vegetarian":false,"image":"https://d25t2285lxl5rf.cloudfront.net/images/dishes/f48ec0c6-f636-42c1-b250-0c3943ed0fc1.jpg","notFood":false,"drinks":false},{"name":"אלף האיים שיצא לנו יותר טעים","description":"","price":5,"vegan":true,"vegetarian":true,"image":"https://d25t2285lxl5rf.cloudfront.net/images/dishes/eddac26c-328b-4b9f-b453-c5f1044fe3a6.jpg","notFood":false,"drinks":false},{"name":"בברביקיו עם ניחוח אסייתי","description":"","price":5,"vegan":true,"vegetarian":true,"image":"https://d25t2285lxl5rf.cloudfront.net/images/dishes/1b538492-05e0-4c3f-9e1b-04ba7d8e5d9b.jpg","notFood":false,"drinks":false},{"name":"איולי עשבים ושום קונפי","description":"","price":5,"vegan":true,"vegetarian":true,"image":"https://d25t2285lxl5rf.cloudfront.net/images/dishes/163ce5ff-703b-4fde-a8c2-bb875b27f115.jpg","notFood":false,"drinks":false},{"name":"איולי אריסה מרוקאית","description":"","price":5,"vegan":true,"vegetarian":true,"image":"https://d25t2285lxl5rf.cloudfront.net/images/dishes/0378b9f6-6ef5-4b20-8fea-303f8e47ba5c.jpg","notFood":false,"drinks":false},{"name":"איולי כמהין","description":"","price":5,"vegan":true,"vegetarian":true,"image":"https://d25t2285lxl5rf.cloudfront.net/images/dishes/043e7f78-9d44-4ad4-95f1-8903c7ead5cc.jpg","notFood":false,"drinks":false},{"name":"רוטב בוטנים","description":"","price":5,"vegan":true,"vegetarian":true,"image":"https://d25t2285lxl5rf.cloudfront.net/images/dishes/161671bb-4bac-4db8-8d49-ae0cb2b8dc08.jpg","notFood":false,"drinks":false},{"name":"טחינה","description":"","price":5,"vegan":true,"vegetarian":true,"image":"https://d25t2285lxl5rf.cloudfront.net/images/dishes/3f5f4222-cec6-4629-b9f3-28e1dac0f4c8.jpg","notFood":false,"drinks":false},{"name":"נמסיס","description":"עוגת פאדג' חמה, רוטב טופי וגלידת וניל","price":28,"vegan":false,"vegetarian":false,"image":"https://d25t2285lxl5rf.cloudfront.net/images/dishes/f16a13a9-65c7-42e8-a1d2-ee1f0c80f0c3.jpg","notFood":false,"drinks":false},{"name":"פרפה חלווה","description":"בר חלווה, פריך נוגט ורוטב טופי","price":28,"vegan":true,"vegetarian":true,"image":"https://d25t2285lxl5rf.cloudfront.net/images/dishes/482f4323-9c47-4bfe-a130-f16105d63390.jpg","notFood":false,"drinks":false},{"name":"סניקרס","description":"בר שוקולד, בוטנים ורוטב שוקולד","price":28,"vegan":false,"vegetarian":true,"image":"https://d25t2285lxl5rf.cloudfront.net/images/dishes/e16f6a97-fba6-4b94-90c9-6be4c53dead7.jpg","notFood":false,"drinks":false},{"name":"באדוויזר","description":"","price":26,"vegan":true,"vegetarian":true,"image":"https://d25t2285lxl5rf.cloudfront.net/images/dishes/bf956cb8-059f-4cbd-9997-ed1defe48a51.jpeg","notFood":false,"drinks":false},{"name":"בלומון","description":"","price":29,"vegan":true,"vegetarian":true,"image":"https://d25t2285lxl5rf.cloudfront.net/images/dishes/c9e08653-cfca-4ad2-b40b-e990eda4f98b.jpeg","notFood":false,"drinks":false},{"name":"מלכה בהירה","description":"","price":29,"vegan":true,"vegetarian":true,"image":"https://d25t2285lxl5rf.cloudfront.net/images/dishes/581b0c57-4c31-4867-86ea-32fea240bdad.jpg","notFood":false,"drinks":false},{"name":"קוקטייל סקס און דה ביצ'","description":"","price":16,"vegan":true,"vegetarian":true,"image":"https://d25t2285lxl5rf.cloudfront.net/images/dishes/10150d1c-a805-4bf7-90da-d732e4edcc7c.jpg","notFood":false,"drinks":false},{"name":"קוקטייל ג'ין אשכוליות","description":"","price":16,"vegan":true,"vegetarian":true,"image":"https://d25t2285lxl5rf.cloudfront.net/images/dishes/f57c9e29-299b-4c44-8e26-c6fb905c9707.jpg","notFood":false,"drinks":false},{"name":"מים מינרליים","description":"","price":12,"vegan":true,"vegetarian":true,"image":"","notFood":false,"drinks":true},{"name":"סודה","description":"","price":12,"vegan":true,"vegetarian":true,"image":"","notFood":false,"drinks":true},{"name":"פחית קוקה קולה","description":"","price":12,"vegan":true,"vegetarian":true,"image":"","notFood":false,"drinks":true},{"name":"פחית קולה זירו","description":"","price":12,"vegan":true,"vegetarian":true,"image":"","notFood":false,"drinks":true},{"name":"פחית ספרייט","description":"","price":12,"vegan":true,"vegetarian":true,"image":"","notFood":false,"drinks":true},{"name":"פחית ספרייט זירו","description":"","price":12,"vegan":true,"vegetarian":true,"image":"","notFood":false,"drinks":true},{"name":"פחית פאנטה","description":"","price":12,"vegan":true,"vegetarian":true,"image":"","notFood":false,"drinks":false},{"name":"פריגת ענבים","description":"","price":14,"vegan":true,"vegetarian":true,"image":"","notFood":false,"drinks":true},{"name":"פריגת לימונענע","description":"","price":14,"vegan":true,"vegetarian":true,"image":"","notFood":false,"drinks":false},{"name":"פריגת סיידר תפוחים צלול","description":"","price":14,"vegan":true,"vegetarian":true,"image":"","notFood":false,"drinks":true},{"name":"פיוז טי","description":"","price":14,"vegan":true,"vegetarian":true,"image":"","notFood":false,"drinks":false}]}