{"track_id":"1906","filters":["meatGrill"],"image":"https://tenbis-static.azureedge.net/restaurant-card-image/ResCard_1906_20210629103831.jpg","address":"אריה שנקר, 5 פתח תקווה","location":[34.8545705,32.0936943],"name":"שווארמה ויקטור","city":"פתח תקוה - בקעת אונו","priceAverage":36.36842105263158,"menu":[{"name":"שווארמה עגל/הודו/מיקס","price":49,"vegan":false,"vegetarian":false,"image":"https://d25t2285lxl5rf.cloudfront.net/images/dishes/d513d1a1-dbb8-4309-a771-5a6a90cda68e.jpg","notFood":false,"drinks":false},{"name":"שיפוד פרגית","price":38,"vegan":false,"vegetarian":false,"image":"https://d25t2285lxl5rf.cloudfront.net/images/dishes/b67cfb6c-8b2a-42ae-a87d-254f734d35fa.jpg","notFood":false,"drinks":false},{"name":"שניצל","price":38,"vegan":false,"vegetarian":false,"image":"https://d25t2285lxl5rf.cloudfront.net/images/dishes/9701e252-aae8-4222-a695-a2cae70b7080.jpg","notFood":false,"drinks":false},{"name":"חזה עוף","price":38,"vegan":false,"vegetarian":false,"image":"https://d25t2285lxl5rf.cloudfront.net/images/dishes/f66a9845-c5e3-4f84-a936-b64089670ce8.jpg","notFood":false,"drinks":false},{"name":"קבב","price":38,"vegan":false,"vegetarian":false,"image":"https://d25t2285lxl5rf.cloudfront.net/images/dishes/4fa100da-2ac0-4c63-bb39-14cf9f1797fd.jpg","notFood":false,"drinks":false},{"name":"שווארמה עגל/הודו/ מיקס","price":50,"vegan":false,"vegetarian":false,"image":"https://d25t2285lxl5rf.cloudfront.net/images/dishes/f30dc7b7-17ef-4726-817b-39242cbee002.jpg","notFood":false,"drinks":false},{"name":"שיפוד פרגית","price":42,"vegan":false,"vegetarian":false,"image":"https://d25t2285lxl5rf.cloudfront.net/images/dishes/4b647842-9ea4-4c9d-bf6b-b0f9c483ed45.jpg","notFood":false,"drinks":false},{"name":"שניצל","price":42,"vegan":false,"vegetarian":false,"image":"https://d25t2285lxl5rf.cloudfront.net/images/dishes/708cb48f-c8b2-42fc-abb5-149802f451e2.jpg","notFood":false,"drinks":false},{"name":"חזה עוף","price":42,"vegan":false,"vegetarian":false,"image":"https://d25t2285lxl5rf.cloudfront.net/images/dishes/4cc6c6ea-fb11-43dd-986e-b08268789eeb.jpg","notFood":false,"drinks":false},{"name":"קבב","price":42,"vegan":false,"vegetarian":false,"image":"https://d25t2285lxl5rf.cloudfront.net/images/dishes/3de15e5f-52b5-4b70-afed-7dfb3e8cb121.jpg","notFood":false,"drinks":false},{"name":"שווארמה עגל/הודו/ מיקס","price":55,"vegan":false,"vegetarian":false,"image":"https://d25t2285lxl5rf.cloudfront.net/images/dishes/02c81e04-f46a-4570-93fb-ad7b9527df70.jpg","notFood":false,"drinks":false},{"name":"שיפוד פרגית","price":42,"vegan":false,"vegetarian":false,"image":"https://d25t2285lxl5rf.cloudfront.net/images/dishes/afc3ccc5-1b1d-4d14-8cdf-14dd73cee102.jpg","notFood":false,"drinks":false},{"name":"שניצל","price":42,"vegan":false,"vegetarian":false,"image":"https://d25t2285lxl5rf.cloudfront.net/images/dishes/09ac4f9d-3398-41fd-832b-b334eb2f24e1.jpg","notFood":false,"drinks":false},{"name":"חזה עוף","price":42,"vegan":false,"vegetarian":false,"image":"https://d25t2285lxl5rf.cloudfront.net/images/dishes/b531f9dc-6faa-4e3b-91cd-f7e281cfa51f.jpg","notFood":false,"drinks":false},{"name":"קבב","price":42,"vegan":false,"vegetarian":false,"image":"https://d25t2285lxl5rf.cloudfront.net/images/dishes/a6ef2c43-5537-41e8-900a-b4607ea5cdf6.jpg","notFood":false,"drinks":false},{"name":"שווארמה עגל/הודו/ מיקס","price":75,"vegan":false,"vegetarian":false,"image":"https://d25t2285lxl5rf.cloudfront.net/images/dishes/99762e65-911e-4e86-8328-5b9e2a367698.jpg","notFood":false,"drinks":false},{"name":"שיפוד פרגית","price":64,"vegan":false,"vegetarian":false,"image":"https://d25t2285lxl5rf.cloudfront.net/images/dishes/ab0aa48f-10c9-4b93-8c7b-0157042a6b95.jpg","notFood":false,"drinks":false},{"name":"שניצל","price":64,"vegan":false,"vegetarian":false,"image":"https://d25t2285lxl5rf.cloudfront.net/images/dishes/0fb218c6-e9b0-4ac5-9bfc-faa60135d637.jpg","notFood":false,"drinks":false},{"name":"קבב","price":64,"vegan":false,"vegetarian":false,"image":"https://d25t2285lxl5rf.cloudfront.net/images/dishes/9ec821b9-af5c-4ea7-a21d-721cbe54fab3.jpg","notFood":false,"drinks":false},{"name":"סלט שוואמה","description":"סלט ירקות עם בצל פטרוזיליה לימון ושמן זית ולבחירה מעל עגל, הודו , מיקס ","price":59,"vegan":true,"vegetarian":true,"image":"https://d25t2285lxl5rf.cloudfront.net/images/dishes/37e63e52-43db-4a9c-ac85-0c7a2aa4b65d.jpg","notFood":false,"drinks":false},{"name":"סלט עוף","description":"סלט ירקות עם בצל פטרוזיליה בצל לימון ושמן זית , ומעל חזה עוף על הגריל","price":50,"vegan":false,"vegetarian":false,"image":"https://d25t2285lxl5rf.cloudfront.net/images/dishes/f98972e0-3f8f-4c52-bbea-6f303f26af73.jpg","notFood":false,"drinks":false},{"name":"סלט שניצל","description":"סלט ירקות עם בצל פטרוזיליה לימון ושמן זית \nומעל שניצל ","price":50,"vegan":false,"vegetarian":false,"image":"https://d25t2285lxl5rf.cloudfront.net/images/dishes/50bb96df-0a45-4094-9e62-3e276910aa17.jpg","notFood":false,"drinks":false},{"name":"חזה עוף","price":64,"vegan":false,"vegetarian":false,"notFood":false,"drinks":false},{"name":"סלט קבב","description":"סלט ירקות עם בצל פטרוזיליה לימון ושמן זית \nומעל קבב ביתי ","price":50,"vegan":false,"vegetarian":false,"notFood":false,"drinks":false},{"name":"צ'יפס","price":15,"vegan":true,"vegetarian":true,"notFood":false,"drinks":false},{"name":"סלט ירקות","price":25,"vegan":true,"vegetarian":true,"notFood":false,"drinks":false},{"name":"סודה","price":10,"vegan":true,"vegetarian":true,"notFood":false,"drinks":true},{"name":"מים מינרלים","price":10,"vegan":true,"vegetarian":true,"notFood":false,"drinks":false},{"name":"קולה","price":12,"vegan":true,"vegetarian":true,"notFood":false,"drinks":true},{"name":"קולה זירו","price":12,"vegan":true,"vegetarian":true,"notFood":false,"drinks":true},{"name":"ספרייט","price":12,"vegan":true,"vegetarian":true,"notFood":false,"drinks":true},{"name":"ספרייט זירו","price":12,"vegan":true,"vegetarian":true,"notFood":false,"drinks":true},{"name":"פאנטה","price":12,"vegan":true,"vegetarian":true,"notFood":false,"drinks":false},{"name":"קוקה קולה","description":"ליטר וחצי","price":16,"vegan":true,"vegetarian":true,"notFood":false,"drinks":true},{"name":"קוקה קולה זירו","description":"ליטר וחצי","price":16,"vegan":true,"vegetarian":true,"notFood":false,"drinks":true},{"name":"ספרייט","description":"ליטר וחצי","price":16,"vegan":true,"vegetarian":true,"notFood":false,"drinks":true},{"name":"ספרייט זירו","description":"ליטר וחצי","price":16,"vegan":true,"vegetarian":true,"notFood":false,"drinks":true},{"name":"פאנטה","description":"ליטר וחצי","price":16,"vegan":true,"vegetarian":true,"notFood":false,"drinks":false}]}