{"track_id":"19116","filters":["veganFood","bar","SmoothiesAndShakes"],"image":"https://tenbis-static.azureedge.net/restaurant-card-image/ResCard_19116_20210407132650.jpg","address":"ברל כצנלסון, 14 כפר סבא","location":[34.9034055,32.1775],"name":"ריבאר rebar","city":"כפר סבא","priceAverage":26.848484848484848,"menu":[{"name":"creamy peanut butter M","description":"בננה, תמר, חמאת בוטנים טבעית, דבש, חלב ו- regurt\n\nערכים תזונתיים ל100 מ\"ל:\nקלוריות 81\nפחמימות 13 גר'\nחלבון 2 גר'\nשומן 3 גר'","price":26,"vegan":false,"vegetarian":true,"image":"https://cdn.paypo.com/images/rebarnoeilat/1000/10319_1.jpg","notFood":false,"drinks":false},{"name":"mix halva M","description":"טחינה גולמית, בננה, תמר, אגוזי קליפורניה, סילאן ו- regurt \n\nערכים תזונתיים ל100 מ\"ל:\nקלוריות 93\nפחמימות 11 גר'\nחלבון 2 גר'\nשומן 3 גר'","price":26,"vegan":true,"vegetarian":true,"image":"https://cdn.paypo.com/images/rebarnoeilat/1000/10313_1.jpg","notFood":false,"drinks":false},{"name":"pro banana M","description":"משקה סויה וניל, ריקוטה, בננה קפואה, מלון קפוא, שיבולת שועל, סילאן ותבלין צ`אי.\nערכים תזונתיים ל100 מ\"ל:\nקלוריות 72\nחלבון גר` 4\nפחממות גר` 9\nשומן גר` 3","price":28,"vegan":false,"vegetarian":true,"image":"https://cdn.paypo.com/images/rebarnoeilat/1000/10210_1.jpg","notFood":false,"drinks":false},{"name":"relax M","description":"אננס, מנגו, סורבה פסיפלורה, regurt ומשקה מנגו.\nערכים תזונתיים ל100 מ\"ל:\nקלוריות 47\nפחמימות 11 גרם\nחלבון 0 גר'\nשומן 0 גר'","price":26,"vegan":true,"vegetarian":true,"image":"https://cdn.paypo.com/images/rebarnoeilat/1000/10102_1.jpg","notFood":false,"drinks":false},{"name":"creamy cocoa M","description":"משקה סויה וניל, בננה, קקאו אורגני, אגוזי לוז, חמאת בוטנים ותמר\n\nערכים תזונתיים ל100 גרם:\nקלוריות 98\nפחמימה 13\nחלבון 3\nשומן 4","price":26,"vegan":false,"vegetarian":true,"image":"https://cdn.paypo.com/images/rebarnoeilat/1000/10310_1.jpg","notFood":false,"drinks":false},{"name":"mix coconut M","description":"אננס, משקה קוקוס, בננה, דבש ו- regurt\n\nערכים תזונתיים ל100 מ\"ל:\nקלוריות 78\nפחמימות 10 גר'\nחלבון 1 גר'\nשומן 4 גר'","price":26,"vegan":true,"vegetarian":true,"image":"https://cdn.paypo.com/images/rebarnoeilat/1000/10316_1.jpg","notFood":false,"drinks":false},{"name":"relax M","description":"אננס, מנגו, סורבה פסיפלורה, regurt ומשקה מנגו.\nערכים תזונתיים ל100 מ\"ל:\nקלוריות 47\nפחמימות 11 גרם\nחלבון 0 גר'\nשומן 0 גר'","price":26,"vegan":true,"vegetarian":true,"image":"https://cdn.paypo.com/images/rebarnoeilat/1000/10102_1.jpg","notFood":false,"drinks":false},{"name":"replay M","description":"תות, בננה, סורבה תות, regurt ותפוח סחוט cold pressed\n\nערכים תזונתיים ל100 מ\"ל:\nקלוריות 46\nפחמימות 11 גר'\nחלבון 0 גר'\nשומן 0 גר'","price":26,"vegan":true,"vegetarian":true,"image":"https://cdn.paypo.com/images/rebarnoeilat/1000/10106_1.jpg","notFood":false,"drinks":false},{"name":"rejoy M","description":"בננה, ממרח אגוזי לוז, regurt וחלב\n\nערכים תזונתיים ל100 מ\"ל:\nקלוריות 92\nפחמימות 14 גר'\nחלבון 2 גר'\nשומן 4 גר'","price":26,"vegan":true,"vegetarian":true,"image":"https://cdn.paypo.com/images/rebarnoeilat/1000/10110_1.jpg","notFood":false,"drinks":false},{"name":"reshape M","description":"בננה, *תאנה / תמר, אגוזי קליפורניה, פשתן, regurt וחלב\n\nערכים תזונתיים ל100 מ\"ל:\nקלוריות 83\nפחמימות 13 גר'\nחלבון 2 גר'\nשומן 4 גר'","price":26,"vegan":true,"vegetarian":true,"image":"https://cdn.paypo.com/images/rebarnoeilat/1000/10114_1.jpg","notFood":false,"drinks":false},{"name":"refresh M","description":"מלון, נענע, סורבה לימון ותפוח סחוט cold pressed\n\nערכים תזונתיים ל100 מ\"ל:\nקלוריות 48\nפחמימות 12 גר'\nחלבון 0 גר'\nשומן 0 גר'","price":26,"vegan":true,"vegetarian":true,"image":"https://cdn.paypo.com/images/rebarnoeilat/1000/10118_1.jpg","notFood":false,"drinks":false},{"name":"refemme M","description":"תות, , חמוציות, אוכמניות, סורבה תות, regurt ותפוח סחוט cold pressed\n\nערכים תזונתיים ל100 מ\"ל:\nקלוריות 45\nפחמימות 10 גר'\nחלבון 0 גר'\nשומן 0 גר'","price":26,"vegan":true,"vegetarian":true,"image":"https://cdn.paypo.com/images/rebarnoeilat/1000/10122_1.jpg","notFood":false,"drinks":false},{"name":"relax L","description":"אננס, מנגו, סורבה פסיפלורה, regurt ומשקה מנגו.\nערכים תזונתיים ל100 מ\"ל:\nקלוריות 47\nפחמימות 11 גרם\nחלבון 0 גר'\nשומן 0 גר'","price":29,"vegan":true,"vegetarian":true,"image":"https://cdn.paypo.com/images/rebarnoeilat/1000/10103_1.jpg","notFood":false,"drinks":false},{"name":"replay L","description":"תות, בננה, סורבה תות, regurt ותפוח סחוט cold pressed\n\nערכים תזונתיים ל100 מ\"ל:\nקלוריות 46\nפחמימות 11 גר'\nחלבון 0 גר'\nשומן 0 גר'","price":29,"vegan":true,"vegetarian":true,"image":"https://cdn.paypo.com/images/rebarnoeilat/1000/10107_1.jpg","notFood":false,"drinks":false},{"name":"rejoy L","description":"בננה, ממרח אגוזי לוז, regurt וחלב\n\nערכים תזונתיים ל100 מ\"ל:\nקלוריות 92\nפחמימות 14 גר'\nחלבון 2 גר'\nשומן 4 גר'","price":29,"vegan":true,"vegetarian":true,"image":"https://cdn.paypo.com/images/rebarnoeilat/1000/10111_1.jpg","notFood":false,"drinks":false},{"name":"reshape L","description":"בננה, *תאנה / תמר, אגוזי קליפורניה, פשתן, regurt וחלב\n\nערכים תזונתיים ל100 מ\"ל:\nקלוריות 83\nפחמימות 13 גר'\nחלבון 2 גר'\nשומן 4 גר'","price":29,"vegan":true,"vegetarian":true,"image":"https://cdn.paypo.com/images/rebarnoeilat/1000/10115_1.jpg","notFood":false,"drinks":false},{"name":"refresh L","description":"מלון, נענע, סורבה לימון ותפוח סחוט cold pressed\n\nערכים תזונתיים ל100 מ\"ל:\nקלוריות 48\nפחמימות 12 גר'\nחלבון 0 גר'\nשומן 0 גר'","price":29,"vegan":true,"vegetarian":true,"image":"https://cdn.paypo.com/images/rebarnoeilat/1000/10119_1.jpg","notFood":false,"drinks":false},{"name":"refemme L","description":"תות, , חמוציות, אוכמניות, סורבה תות, regurt ותפוח סחוט cold pressed\n\nערכים תזונתיים ל100 מ\"ל:\nקלוריות 45\nפחמימות 10 גר'\nחלבון 0 גר'\nשומן 0 גר'","price":29,"vegan":true,"vegetarian":true,"image":"https://cdn.paypo.com/images/rebarnoeilat/1000/10123_1.jpg","notFood":false,"drinks":false},{"name":"super green M","description":"אגס, בננה, תרד, נענע, אגבה וספירולינה\nערכים תזונתיים ל100 מ\"ל\nקלוריות 45\nפחמימות 10 גר'\nחלבון 1 גר'\nשומן 0 גר'\nערכים תזונתיים ל100 מ\"ל\nקק\"ל 42\nפחמימות 10 גר'\nחלבון 1 גר'\nשומן 0 גר'","price":28,"vegan":true,"vegetarian":true,"image":"https://cdn.paypo.com/images/rebarnoeilat/1000/10201_1.jpg","notFood":false,"drinks":false},{"name":"super acai M","description":"אסאי, מנגו, בננה, תמר, פולי קקאו, שיבולת שועל, תפוח סחוט וסלק סחוט.\nערכים תזונתיים ל100 מ\"ל:\nקלוריות 63\nפחמימות 10 ג'\nשומן 2 ג'","price":28,"vegan":true,"vegetarian":true,"image":"https://cdn.paypo.com/images/rebarnoeilat/1000/10204_1.jpg","notFood":false,"drinks":false},{"name":"super dtox M","description":"תפוז סחוט, *עשב חיטה, אננס, קשיו, נענע וסלרי\n\nערכים תזונתיים ל100 מ\"ל:\nקלוריות 42\nפחמימות 7 גר'\nחלבון 1 גר'\nשומן 1 גר'","price":28,"vegan":true,"vegetarian":true,"image":"https://cdn.paypo.com/images/rebarnoeilat/1000/10207_1.jpg","notFood":false,"drinks":false},{"name":"pro banana M","description":"משקה סויה וניל, ריקוטה, בננה קפואה, מלון קפוא, שיבולת שועל, סילאן ותבלין צ`אי.\nערכים תזונתיים ל100 מ\"ל:\nקלוריות 72\nחלבון גר` 4\nפחממות גר` 9\nשומן גר` 3","price":28,"vegan":false,"vegetarian":true,"image":"https://cdn.paypo.com/images/rebarnoeilat/1000/10210_1.jpg","notFood":false,"drinks":false},{"name":"pro berries M","description":"משקה סויה וניל, תות, אוכמניות, בננה, קשיו, סילאן, קינמון וריקוטה\nערכים תזונתיים ל100 מ\"ל:\nקלוריות 69\nפחמימות 10 גר'\nחלבון 4 גר'\nשומן 2 גר'","price":28,"vegan":false,"vegetarian":true,"image":"https://cdn.paypo.com/images/rebarnoeilat/1000/10213_1.jpg","notFood":false,"drinks":false},{"name":"pro peanuts M","description":"משקה סויה וניל, חמאת בוטנים טבעית, בננה, אגס, תמר וריקוטה\n\nערכים תזונתיים ל100 מ\"ל:\nקלוריות 101\nפחמימות 13 גר'\nחלבון 5 גר'\nשומן 4 גר'","price":28,"vegan":false,"vegetarian":true,"image":"https://cdn.paypo.com/images/rebarnoeilat/1000/10216_1.jpg","notFood":false,"drinks":false},{"name":"super green L","description":"אגס, בננה, תרד, נענע, אגבה וספירולינה\nערכים תזונתיים ל100 מ\"ל\nקלוריות 45\nפחמימות 10 גר'\nחלבון 1 גר'\nשומן 0 גר'\nערכים תזונתיים ל100 מ\"ל\nקק\"ל 42\nפחמימות 10 גר'\nחלבון 1 גר'\nשומן 0 גר'","price":30,"vegan":true,"vegetarian":true,"image":"https://cdn.paypo.com/images/rebarnoeilat/1000/10202_1.jpg","notFood":false,"drinks":false},{"name":"super acai L","description":"אסאי, מנגו, בננה, תמר, פולי קקאו, שיבולת שועל, תפוח סחוט וסלק סחוט.\nערכים תזונתיים ל100 מ\"ל:\nקלוריות 63\nפחמימות 10 ג'\nשומן 2 ג'","price":30,"vegan":true,"vegetarian":true,"image":"https://cdn.paypo.com/images/rebarnoeilat/1000/10205_1.jpg","notFood":false,"drinks":false},{"name":"super dtox L","description":"תפוז סחוט, *עשב חיטה, אננס, קשיו, נענע וסלרי\n\nערכים תזונתיים ל100 מ\"ל:\nקלוריות 42\nפחמימות 7 גר'\nחלבון 1 גר'\nשומן 1 גר'","price":30,"vegan":true,"vegetarian":true,"image":"https://cdn.paypo.com/images/rebarnoeilat/1000/10208_1.jpg","notFood":false,"drinks":false},{"name":"pro banana L","description":"משקה סויה וניל, ריקוטה, בננה קפואה, מלון קפוא, שיבולת שועל, סילאן ותבלין צ`אי.\nערכים תזונתיים ל100 מ\"ל:\nקלוריות 72\nחלבון גר` 4\nפחממות גר` 9\nשומן גר` 3","price":30,"vegan":false,"vegetarian":true,"image":"https://cdn.paypo.com/images/rebarnoeilat/1000/10211_1.jpg","notFood":false,"drinks":false},{"name":"pro berries L","description":"משקה סויה וניל, תות, אוכמניות, בננה, קשיו, סילאן, קינמון וריקוטה\nערכים תזונתיים ל100 מ\"ל:\nקלוריות 69\nפחמימות 10 גר'\nחלבון 4 גר'\nשומן 2 גר'","price":30,"vegan":false,"vegetarian":true,"image":"https://cdn.paypo.com/images/rebarnoeilat/1000/10214_1.jpg","notFood":false,"drinks":false},{"name":"pro peanuts L","description":"משקה סויה וניל, חמאת בוטנים טבעית, בננה, אגס, תמר וריקוטה\n\nערכים תזונתיים ל100 מ\"ל:\nקלוריות 101\nפחמימות 13 גר'\nחלבון 5 גר'\nשומן 4 גר'","price":30,"vegan":false,"vegetarian":true,"image":"https://cdn.paypo.com/images/rebarnoeilat/1000/10217_1.jpg","notFood":false,"drinks":false},{"name":"mix almonds M","description":"שקדים, דבש, בננה, מרציפן טבעי, regurt ומשקה שקדים\nערכים תזונתיים ל100 מ\"ל:\nקלוריות 77\nפחמימות 12 גר'\nחלבון 2 גר'\nשומן 3 גר'","price":26,"vegan":true,"vegetarian":true,"image":"https://cdn.paypo.com/images/rebarnoeilat/1000/10301_1.jpg","notFood":false,"drinks":false},{"name":"creamy nuts M","description":"משקה סויה וניל, אפרסק, אגוזי קליפורניה, בננה, פקאן טבעי, גרידת לימון, סילאן, קינמון וצ'יה\n\nערכים תזונתיים ל100 מ\"ל:\nקלוריות 76\nפחמימות 9 גר'\nחלבון 2 גר'\nשומן 4 גר'","price":26,"vegan":true,"vegetarian":true,"image":"https://cdn.paypo.com/images/rebarnoeilat/1000/10304_1.jpg","notFood":false,"drinks":false},{"name":"mix chai M","description":"משקה שקדים, מנגו, בננה, תמר, קשיו, צ'אי, ג'ינג'ר וצ'יה\n\n\nערכים תזונתיים ל100 מ\"ל:\nקלוריות 49\nפחמימות 9 גר'\nחלבון 1 גר'\nשומן 1 גר'","price":26,"vegan":true,"vegetarian":true,"image":"https://cdn.paypo.com/images/rebarnoeilat/1000/10307_1.jpg","notFood":false,"drinks":false},{"name":"creamy cocoa M","description":"משקה סויה וניל, בננה, קקאו אורגני, אגוזי לוז, חמאת בוטנים ותמר\n\nערכים תזונתיים ל100 גרם:\nקלוריות 98\nפחמימה 13\nחלבון 3\nשומן 4","price":26,"vegan":false,"vegetarian":true,"image":"https://cdn.paypo.com/images/rebarnoeilat/1000/10310_1.jpg","notFood":false,"drinks":false},{"name":"mix halva M","description":"טחינה גולמית, בננה, תמר, אגוזי קליפורניה, סילאן ו- regurt \n\nערכים תזונתיים ל100 מ\"ל:\nקלוריות 93\nפחמימות 11 גר'\nחלבון 2 גר'\nשומן 3 גר'","price":26,"vegan":true,"vegetarian":true,"image":"https://cdn.paypo.com/images/rebarnoeilat/1000/10313_1.jpg","notFood":false,"drinks":false},{"name":"mix coconut M","description":"אננס, משקה קוקוס, בננה, דבש ו- regurt\n\nערכים תזונתיים ל100 מ\"ל:\nקלוריות 78\nפחמימות 10 גר'\nחלבון 1 גר'\nשומן 4 גר'","price":26,"vegan":true,"vegetarian":true,"image":"https://cdn.paypo.com/images/rebarnoeilat/1000/10316_1.jpg","notFood":false,"drinks":false},{"name":"creamy peanut butter M","description":"בננה, תמר, חמאת בוטנים טבעית, דבש, חלב ו- regurt\n\nערכים תזונתיים ל100 מ\"ל:\nקלוריות 81\nפחמימות 13 גר'\nחלבון 2 גר'\nשומן 3 גר'","price":26,"vegan":false,"vegetarian":true,"image":"https://cdn.paypo.com/images/rebarnoeilat/1000/10319_1.jpg","notFood":false,"drinks":false},{"name":"mix almonds L","description":"שקדים, דבש, בננה, מרציפן טבעי, regurt ומשקה שקדים\nערכים תזונתיים ל100 מ\"ל:\nקלוריות 77\nפחמימות 12 גר'\nחלבון 2 גר'\nשומן 3 גר'","price":29,"vegan":true,"vegetarian":true,"image":"https://cdn.paypo.com/images/rebarnoeilat/1000/10302_1.jpg","notFood":false,"drinks":false},{"name":"creamy nuts L","description":"משקה סויה וניל, אפרסק, אגוזי קליפורניה, בננה, פקאן טבעי, גרידת לימון, סילאן, קינמון וצ'יה\n\nערכים תזונתיים ל100 מ\"ל:\nקלוריות 76\nפחמימות 9 גר'\nחלבון 2 גר'\nשומן 4 גר'","price":29,"vegan":true,"vegetarian":true,"image":"https://cdn.paypo.com/images/rebarnoeilat/1000/10305_1.jpg","notFood":false,"drinks":false},{"name":"mix chai L","description":"משקה שקדים, מנגו, בננה, תמר, קשיו, צ'אי, ג'ינג'ר וצ'יה\n\n\nערכים תזונתיים ל100 מ\"ל:\nקלוריות 49\nפחמימות 9 גר'\nחלבון 1 גר'\nשומן 1 גר'","price":29,"vegan":true,"vegetarian":true,"image":"https://cdn.paypo.com/images/rebarnoeilat/1000/10308_1.jpg","notFood":false,"drinks":false},{"name":"creamy cocoa L","description":"משקה סויה וניל, בננה, קקאו אורגני, אגוזי לוז, חמאת בוטנים ותמר\n\nערכים תזונתיים ל100 גרם:\nקלוריות 98\nפחמימה 13\nחלבון 3\nשומן 4","price":29,"vegan":false,"vegetarian":true,"image":"https://cdn.paypo.com/images/rebarnoeilat/1000/10311_1.jpg","notFood":false,"drinks":false},{"name":"mix halva L","description":"טחינה גולמית, בננה, תמר, אגוזי קליפורניה, סילאן ו- regurt \n\nערכים תזונתיים ל100 מ\"ל:\nקלוריות 93\nפחמימות 11 גר'\nחלבון 2 גר'\nשומן 3 גר'","price":29,"vegan":true,"vegetarian":true,"image":"https://cdn.paypo.com/images/rebarnoeilat/1000/10314_1.jpg","notFood":false,"drinks":false},{"name":"mix coconut L","description":"אננס, משקה קוקוס, בננה, דבש ו- regurt\n\nערכים תזונתיים ל100 מ\"ל:\nקלוריות 78\nפחמימות 10 גר'\nחלבון 1 גר'\nשומן 4 גר'","price":29,"vegan":true,"vegetarian":true,"image":"https://cdn.paypo.com/images/rebarnoeilat/1000/10317_1.jpg","notFood":false,"drinks":false},{"name":"creamy peanut butter L","description":"בננה, תמר, חמאת בוטנים טבעית, דבש, חלב ו- regurt\n\nערכים תזונתיים ל100 מ\"ל:\nקלוריות 81\nפחמימות 13 גר'\nחלבון 2 גר'\nשומן 3 גר'","price":29,"vegan":false,"vegetarian":true,"image":"https://cdn.paypo.com/images/rebarnoeilat/1000/10320_1.jpg","notFood":false,"drinks":false},{"name":"juice ירוק","description":"סלרי, תרד, מלפפון, תפוח סחוט","price":19,"vegan":true,"vegetarian":true,"image":"https://cdn.paypo.com/images/rebararim/1000/10416_0.jpg","notFood":false,"drinks":false},{"name":"juice סלק","description":"סלרי, סלק","price":19,"vegan":true,"vegetarian":true,"image":"https://cdn.paypo.com/images/rebararim/1000/10417_0.jpg","notFood":false,"drinks":false},{"name":"juice תפוז","description":"גזר, ג'ינג'ר, תפוז","price":19,"vegan":true,"vegetarian":true,"image":"https://cdn.paypo.com/images/rebararim/1000/10419_0.jpg","notFood":false,"drinks":false},{"name":"3 כדורי bites בוטנים קקאו","description":"","price":18,"vegan":true,"vegetarian":true,"image":"","notFood":false,"drinks":false},{"name":"3 כדורי bites מאצ'ה קוקוס","description":"","price":18,"vegan":true,"vegetarian":true,"image":"","notFood":false,"drinks":false},{"name":"3 כדורי bites תות וניל","description":"","price":18,"vegan":true,"vegetarian":true,"image":"","notFood":false,"drinks":false},{"name":"sour green M","description":"אננס, לימון סחוט, תפוז סחוט, נענע, תרד וסלרי.\nערכים תזונתיים ל100 מ\"ל:\nקלוריות 28\nפחמימות 7 ג'\nחלבון 0 ג'","price":26,"vegan":true,"vegetarian":true,"image":"https://cdn.paypo.com/images/rebarnoeilat/1000/10701_1.jpg","notFood":false,"drinks":false},{"name":"sour lemonade M","description":"לימון סחוט, חמוציות, אגס, נענע, צ'ילי, ג'ינג'ר, אגבה ותפוז סחוט.\nערכים תזונתיים ל100 מ\"ל:\nקלוריות 40\nפחמימות 10 ג'\nחלבון 0 ג'","price":26,"vegan":true,"vegetarian":true,"image":"https://cdn.paypo.com/images/rebarnoeilat/1000/10704_1.jpg","notFood":false,"drinks":false},{"name":"freeze blueberries M","description":"אוכמניות, חמוציות, תות, סורבה לימון ותפוז סחוט.\nערכים תזונתיים ל100 מ\"ל:\nקלוריות 50\nפחמימות 11 גרם\nחלבון 0 ג'","price":26,"vegan":true,"vegetarian":true,"image":"https://cdn.paypo.com/images/rebarnoeilat/1000/10707_1.jpg","notFood":false,"drinks":false},{"name":"freeze passion fruit M","description":"סורבה פסיפלורה, מנגו, גוג'י ברי, regurt ותפוז סחוט.\nערכים תזונתיים ל100 מ\"ל:\nקלוריות 67\nפחמימות 15 ג'\nחלבון 1 ג'","price":26,"vegan":true,"vegetarian":true,"image":"https://cdn.paypo.com/images/rebarnoeilat/1000/10710_1.jpg","notFood":false,"drinks":false},{"name":"sour green L","description":"אננס, לימון סחוט, תפוז סחוט, נענע, תרד וסלרי.\nערכים תזונתיים ל100 מ\"ל:\nקלוריות 28\nפחמימות 7 ג'\nחלבון 0 ג'","price":29,"vegan":true,"vegetarian":true,"image":"https://cdn.paypo.com/images/rebarnoeilat/1000/10702_1.jpg","notFood":false,"drinks":false},{"name":"sour lemonade L","description":"לימון סחוט, חמוציות, אגס, נענע, צ'ילי, ג'ינג'ר, אגבה ותפוז סחוט.\nערכים תזונתיים ל100 מ\"ל:\nקלוריות 40\nפחמימות 10 ג'\nחלבון 0 ג'","price":29,"vegan":true,"vegetarian":true,"image":"https://cdn.paypo.com/images/rebarnoeilat/1000/10705_1.jpg","notFood":false,"drinks":false},{"name":"freeze blueberries L","description":"אוכמניות, חמוציות, תות, סורבה לימון ותפוז סחוט.\nערכים תזונתיים ל100 מ\"ל:\nקלוריות 50\nפחמימות 11 גרם\nחלבון 0 ג'","price":29,"vegan":true,"vegetarian":true,"image":"https://cdn.paypo.com/images/rebarnoeilat/1000/10708_1.jpg","notFood":false,"drinks":false},{"name":"freeze passion fruit L","description":"סורבה פסיפלורה, מנגו, גוג'י ברי, regurt ותפוז סחוט.\nערכים תזונתיים ל100 מ\"ל:\nקלוריות 67\nפחמימות 15 ג'\nחלבון 1 ג'","price":29,"vegan":true,"vegetarian":true,"image":"https://cdn.paypo.com/images/rebarnoeilat/1000/10711_1.jpg","notFood":false,"drinks":false},{"name":"Pink Dragon M","description":"פיטאיה, בננה, סורבה מנגו פסיפלורה, משקה קוקוס, regurt","price":26,"vegan":true,"vegetarian":true,"image":"","notFood":false,"drinks":false},{"name":"Pink Dragon L","description":"פיטאיה, בננה, סורבה מנגו פסיפלורה, משקה קוקוס, regurt","price":29,"vegan":true,"vegetarian":true,"image":"","notFood":false,"drinks":false},{"name":"cool מלון M","description":"מלון, אגס, סורבה פסיפלורה, בזיליקום, תפוח סחוט נענע ודבש","price":26,"vegan":true,"vegetarian":true,"image":"https://cdn.paypo.com/images/rebarnoeilat/1000/10001_1.jpg","notFood":false,"drinks":false},{"name":"cool אבטיח M","description":"אבטיח, אננס, מנגו, סורבה לימון, צ`ילי ונענע","price":26,"vegan":true,"vegetarian":true,"image":"https://cdn.paypo.com/images/rebarnoeilat/1000/10004_1.jpg","notFood":false,"drinks":false},{"name":"cool מלון L","description":"מלון, אגס, סורבה פסיפלורה, בזיליקום, תפוח סחוט נענע ודבש","price":29,"vegan":true,"vegetarian":true,"image":"https://cdn.paypo.com/images/rebarnoeilat/1000/10002_1.jpg","notFood":false,"drinks":false},{"name":"cool אבטיח L","description":"אבטיח, אננס, מנגו, סורבה לימון, צ`ילי ונענע","price":29,"vegan":true,"vegetarian":true,"image":"https://cdn.paypo.com/images/rebarnoeilat/1000/10005_1.jpg","notFood":false,"drinks":false},{"name":"cool dragon M","description":"מיץ תפוזים, סורבה לימון, פיטאיה, אגס, ענבים אדומים, ג'ינג'ר, סילאן","price":26,"vegan":true,"vegetarian":true,"image":"","notFood":false,"drinks":true},{"name":"cool dragon L","description":"מיץ תפוזים, סורבה לימון, פיטאיה, אגס, ענבים אדומים, ג'ינג'ר, סילאן","price":29,"vegan":true,"vegetarian":true,"image":"","notFood":false,"drinks":true}]}