{"track_id":"19141","filters":["salads","veganFood","sandwichesWraps"],"image":"https://tenbis-static.azureedge.net/restaurant-default-card-image/CuzineType_defaultcuisine_06.jpg","address":"בארות יצחק, 9 בארות יצחק","location":[34.910221,32.042025],"name":"לה סלטה","city":"איירפורט סיטי","priceAverage":42.6551724137931,"menu":[{"name":"סלט בהרכבה 750cc","description":"בליווי שתי תוספות לבחירה בייגל ושני רטבים לבחירה","price":40,"vegan":true,"vegetarian":true,"image":"https://d25t2285lxl5rf.cloudfront.net/images/dishes/d878778f-eb17-411a-9c54-78e3c5b86837.jpg","notFood":false,"drinks":false},{"name":"סלט בהרכבה 1000cc","description":"בליווי שתי תוספות לבחירה, מיני ג'בטה ושני רטבים לבחירה","price":43,"vegan":true,"vegetarian":true,"image":"https://d25t2285lxl5rf.cloudfront.net/images/dishes/6b40a1a8-215a-4373-882f-ff20cb7aacd6.jpg","notFood":false,"drinks":false},{"name":"הירק מהדרין משתמשים בהיתר מכירה","description":"","price":0,"vegan":true,"vegetarian":true,"image":"","notFood":false,"drinks":false},{"name":"עסקית כריך עם סלט","description":"  2 כריכי מיני ג'בטה לבחירה בתוספת סלט 500cc חסה עגבניות שרי צנונית בצל סגול וגזר ","price":47,"vegan":true,"vegetarian":true,"image":"https://d25t2285lxl5rf.cloudfront.net/images/dishes/8aa575a6-d9f2-4b21-8548-29213ac1bfd8.jpg","notFood":false,"drinks":false},{"name":"קיש פטריות + סלט 500CC","description":"קיש פטריות וסלט עם עלי חסה, עגבניות שרי, בצל סגול, גזר וצנונית.","price":49,"vegan":true,"vegetarian":true,"image":"https://d25t2285lxl5rf.cloudfront.net/images/dishes/b486ca49-eef1-4e57-a07b-f5b59a8d10a3.jpg","notFood":false,"drinks":false},{"name":"קיש בצלים + סלט 500CC","description":"קיש בצלים וסלט עם עלי חסה, עגבניות שרי, בצל סגול, גזר וצנוניות.","price":49,"vegan":true,"vegetarian":true,"image":"https://d25t2285lxl5rf.cloudfront.net/images/dishes/757aba63-5471-4c8a-8e69-1dc4a022938d.jpg","notFood":false,"drinks":false},{"name":"קיש בטטה + סלט 500CC","description":"קיש בטטה וסלט עם עלי חסה, עגבניות שרי, בצל סגול, גזר וצנוניות.","price":49,"vegan":true,"vegetarian":true,"image":"https://d25t2285lxl5rf.cloudfront.net/images/dishes/8150cd20-8046-4299-b629-0a797e9a8163.jpg","notFood":false,"drinks":false},{"name":"קיש ברוקולי + סלט 500CC","description":"קיש ברוקולי וסלט עם עלי חסה, עגבניות שרי, בצל סגול, גזר וצנוניות.","price":49,"vegan":true,"vegetarian":true,"image":"https://d25t2285lxl5rf.cloudfront.net/images/dishes/7037ea6a-41e9-4f2a-b011-113b2dff29e8.jpg","notFood":false,"drinks":false},{"name":"סלט בהרכבה 750cc","description":"בליווי שתי תוספות לבחירה בייגל ושני רטבים לבחירה","price":40,"vegan":true,"vegetarian":true,"image":"https://d25t2285lxl5rf.cloudfront.net/images/dishes/d878778f-eb17-411a-9c54-78e3c5b86837.jpg","notFood":false,"drinks":false},{"name":"סלט בהרכבה 1000cc","description":"בליווי שתי תוספות לבחירה, מיני ג'בטה ושני רטבים לבחירה","price":43,"vegan":true,"vegetarian":true,"image":"https://d25t2285lxl5rf.cloudfront.net/images/dishes/6b40a1a8-215a-4373-882f-ff20cb7aacd6.jpg","notFood":false,"drinks":false},{"name":"סלט בהרכבה 1500cc","description":"בליווי שתי תוספות לבחירה, מיני ג'בטה ושני רטבים לבחירה","price":48,"vegan":true,"vegetarian":true,"image":"https://d25t2285lxl5rf.cloudfront.net/images/dishes/b1cc934c-236b-4e44-8bb7-76d3ea0a7b1f.jpg","notFood":false,"drinks":false},{"name":"סלט \"לה סלטה\" - ארטישוק עם פרמזן","description":"עלי חסה, עגבניות שרי, פלפל בצבעים, גזר, בצל סגול, זיתי קלמטה. פטרוזליה קצוצה ופלחי ארטישוק צרוב בשמן זית לימון ושום כתוש.","price":43,"vegan":false,"vegetarian":true,"image":"https://d25t2285lxl5rf.cloudfront.net/images/dishes/eb20c7f4-d07e-4ee3-a24e-270ffdc7e9fd.jpg","notFood":false,"drinks":false},{"name":"סלט \"בלקני\" עשיר","description":"עלי חסה, מלפפון, עגבניה, חציל קלוי, בצל סגול, זיתי קלמטה, גבינת פטה מתובלת בזעתר, עלי גפן ממולאים תוצרת בית ולימון כבוש.","price":45,"vegan":false,"vegetarian":true,"image":"https://d25t2285lxl5rf.cloudfront.net/images/dishes/6df8af83-e538-438f-868b-f0e430179fc0.jpg","notFood":false,"drinks":false},{"name":"סלט קינואה בשני צבעים","description":"קינואה בשני צבעיםף עדשים שחורים,עגבניות שרי, פטרוזליה, בצל סגול וחמוציות  ","price":43,"vegan":true,"vegetarian":true,"image":"https://d25t2285lxl5rf.cloudfront.net/images/dishes/a627b7e8-6539-4446-9754-99d74bca4a83.jpg","notFood":false,"drinks":false},{"name":"סלט ים תיכוני","description":"עלי חסה, מלפפון, עגבניה, פלפל בצבעים,פלפל קלוי, חציל קלוי, בצל סגול, זיתי קלמטה, אורגנו, וגבינת פטה 5%","price":43,"vegan":false,"vegetarian":true,"image":"https://d25t2285lxl5rf.cloudfront.net/images/dishes/912aad08-b7e4-4030-a871-2f29b8eee6de.jpg","notFood":false,"drinks":false},{"name":"סלט קפרזה","description":"עלי בייבי, עגבניות, עגבניות שרי, זיתי קלמטה, בזיליקום וקרוטונים מוגש בליווי כדורי מוצרלה.","price":43,"vegan":false,"vegetarian":true,"image":"https://d25t2285lxl5rf.cloudfront.net/images/dishes/e68e9925-b86a-411c-bbee-85ddb2701a36.jpg","notFood":false,"drinks":false},{"name":"סלט \"טוויסטונה\"","description":"עלי חסה, עלי בייבי, חציל קלוי, עגבניות, מלפפון חמוץ,קוביות תפו\"א, תירס, בצל ירוק, בצל סגול ופטרוזיליה מוגש בליווי טונה, ביצה קשה ופרוסות לימון כבוש.\n","price":43,"vegan":false,"vegetarian":false,"image":"https://d25t2285lxl5rf.cloudfront.net/images/dishes/2ea93f3d-1d61-42cb-870d-019dfbb400bd.jpg","notFood":false,"drinks":false},{"name":"סלט בריאות טבעוני","description":"קינואה, עדשים שחורים, כרוב לבן, כרוב סגול, גזר, עגבניות שרי, קוביות קישוא, בצל ירוק, פטרוזיליה, כוסברה, קוביות טופו מוקפצות עם פטריות ברוטב פסטו בליווי אגוזי מלך","price":45,"vegan":true,"vegetarian":true,"image":"","notFood":false,"drinks":false},{"name":"סלט חלומי","description":"עלי חסה, עלי בייבי, מלפפון, גזר, עגבניות שרי, אגוזי מלך וקרוטונים מוגש בליווי גבינת חלומי מוקפצת עם פטריות.","price":45,"vegan":false,"vegetarian":true,"image":"https://d25t2285lxl5rf.cloudfront.net/images/dishes/147f17fa-aded-469f-a246-abc5a25354cb.jpg","notFood":false,"drinks":false},{"name":"סלט בריאות טבעוני","description":"קינואה, עדשים שחורים, כרוב לבן, כרוב סגול, גזר, עגבניות שרי, קוביות קישוא, בצל ירוק, פטרוזיליה, כוסברה, קוביות טופו מוקפצות עם פטריות ברוטב פסטו בליווי אגוזי מלך","price":45,"vegan":true,"vegetarian":true,"image":"https://d25t2285lxl5rf.cloudfront.net/images/dishes/60f107b6-88c2-40c4-9f4b-2fa04a42bbaa.jpg","notFood":false,"drinks":false},{"name":"כריך ג`בטה אבוקדו","description":"ממרח מיונז, עלי בייבי, ביצה קשה, עגבניה ומלפפון חמוץ בליווי רוטב לבחירה","price":38,"vegan":false,"vegetarian":true,"image":"https://d25t2285lxl5rf.cloudfront.net/images/dishes/bf75bbc8-435a-4698-b5ed-506468671af8.jpg","notFood":false,"drinks":false},{"name":"כריך ג`בטה טונה","description":"מיונז, ביצה קשה, בצל ירוק, מלפפון חמוץ. בליווי רוטב לבחירה","price":38,"vegan":false,"vegetarian":false,"image":"https://d25t2285lxl5rf.cloudfront.net/images/dishes/605158b9-3e1c-44e3-b2c7-ebd7d352db81.jpg","notFood":false,"drinks":false},{"name":"כריך ג`בטה גבינת פטה","description":"פסטו, עלי בייבי, פלפל קלוי, זיתים שחורים","price":38,"vegan":false,"vegetarian":true,"image":"https://d25t2285lxl5rf.cloudfront.net/images/dishes/5e8af3ea-d695-4743-b12c-e2dc8e92f9df.jpg","notFood":false,"drinks":false},{"name":"כריך סלט טונה","description":"עלי חסה, סלט טונה, ביצה קשה, בצל ירוק, \nבליווי 2 רטבים לבחירה","price":38,"vegan":false,"vegetarian":false,"image":"https://d25t2285lxl5rf.cloudfront.net/images/dishes/45e860f6-a11f-417f-9ece-72d260eb9847.jpg","notFood":false,"drinks":false},{"name":"כריך ג`בטה סלט ביצים","description":"עלי חסה, פלפל קלוי, עגבניה, מלפפון חמוץ. בליווי רוטב לבחירה","price":38,"vegan":false,"vegetarian":true,"image":"https://d25t2285lxl5rf.cloudfront.net/images/dishes/8474e75f-dddd-4089-b24e-7f0fb61664cd.jpg","notFood":false,"drinks":false},{"name":"כריך גבינת חלומי","description":"ממרח פסטו, גבינת שמנת, עלי בייבי, עגבניה, מלפפון חמוץ, גבינת חלומי צלויה\n","price":42,"vegan":false,"vegetarian":true,"image":"","notFood":false,"drinks":false},{"name":"קיש פטריות","description":"קיש פטריות, בצל וגבינות","price":39,"vegan":true,"vegetarian":true,"image":"https://d25t2285lxl5rf.cloudfront.net/images/dishes/f4d7aff6-8bcb-4c5c-bb99-eb6b06c5636c.jpg","notFood":false,"drinks":false},{"name":"קיש בטטה","description":"קיש בטטה ואגוזי מלך בגבינות","price":39,"vegan":true,"vegetarian":true,"image":"https://d25t2285lxl5rf.cloudfront.net/images/dishes/cebb6d34-3d17-4fce-833c-54be1194f17a.jpg","notFood":false,"drinks":false},{"name":"קיש בצלים","description":"קיש בצלים בגבינות ויין לבן","price":39,"vegan":true,"vegetarian":true,"image":"https://d25t2285lxl5rf.cloudfront.net/images/dishes/b5343139-f9b5-4f66-9819-d73e90f98b17.jpg","notFood":false,"drinks":false},{"name":"קיש ברוקולי","description":"קיש ברוקולי וגבינות","price":36,"vegan":true,"vegetarian":true,"image":"","notFood":false,"drinks":false}]}