{"track_id":"19161","filters":["veganFood","homeMade"],"image":"https://tenbis-static.azureedge.net/restaurant-default-card-image/CuzineType_homemade_01.jpg","address":"נחלת בנימין, 31 תל אביב-יפו","location":[34.7705826,32.0663503],"name":"בירנבאום בר צמחוני וטבעוני","city":"גבעתיים","priceAverage":34.93877551020408,"menu":[{"name":"קבב טבעוני על מצע אורז לבן / עדשים","description":"המנה מגיעה עם סלט קצוץ","price":60,"vegan":false,"vegetarian":false,"image":"https://d25t2285lxl5rf.cloudfront.net/images/dishes/29a47ff7-39a4-403d-8f05-a7fe2004cee3.jpg","notFood":false,"drinks":false},{"name":"קציצות טבעוניות","description":"קציצות טבעוניות  ברוטב עגבניות פיקנטי,על מצע אורז ועדשים\nהמנה מגיעה עם סלט ירקות קצוץ דק דק.....","price":60,"vegan":true,"vegetarian":true,"image":"https://d25t2285lxl5rf.cloudfront.net/images/dishes/1296b527-3a8e-4898-9596-6f305023370c.jpg","notFood":false,"drinks":false},{"name":"הבופה המיתולוגי של קפה בירנבאום","description":"שבע מנות חמות / סלטים קרים לבחירה (צמחוני / טבעוני)","price":60,"vegan":true,"vegetarian":true,"image":"https://d25t2285lxl5rf.cloudfront.net/images/dishes/60a5fdb5-758e-4535-91d3-0313c227b6b5.jpg","notFood":false,"drinks":false},{"name":"קציצות דגים","description":"קציצות דגים {דגי מושט} על מצע אורז לבן / עדשים / גרגרי חומוס","price":60,"vegan":false,"vegetarian":false,"image":"https://d25t2285lxl5rf.cloudfront.net/images/dishes/27f17b64-10a0-43ea-9c1a-ef5cc269dd3f.jpg","notFood":false,"drinks":false},{"name":"סלט קינואה עדשים ושקדים חם","description":"סלט קינואה ועדשים שחורים מגיע חם","price":55,"vegan":true,"vegetarian":true,"image":"https://d25t2285lxl5rf.cloudfront.net/images/dishes/10a17028-9142-41eb-8591-c21ecb2534af.jpg","notFood":false,"drinks":false},{"name":"קבב טבעוני על מצע אורז לבן / עדשים","description":"המנה מגיעה עם סלט קצוץ","price":60,"vegan":false,"vegetarian":false,"image":"https://d25t2285lxl5rf.cloudfront.net/images/dishes/29a47ff7-39a4-403d-8f05-a7fe2004cee3.jpg","notFood":false,"drinks":false},{"name":"חריימה על מצע אורז","description":"חריימה{דגי מושט} על מצע אורז לבן / גרגרי חומוס / עדשים","price":60,"vegan":false,"vegetarian":false,"image":"https://d25t2285lxl5rf.cloudfront.net/images/dishes/aa7888e9-6af0-44fc-868c-7a0ecca7768d.jpg","notFood":false,"drinks":false},{"name":"שוארמה טבעונית","description":"שוארמה טבעונית מנתחי סוייה דקים על מצע אורז ועדשים .מגיע עם סלט קצוץ דק דק.","price":45,"vegan":true,"vegetarian":true,"image":"https://d25t2285lxl5rf.cloudfront.net/images/dishes/11a3abd9-5245-427c-a253-de4a37b4e8fe.jpg","notFood":false,"drinks":false},{"name":"קציצות טבעוניות","description":"קציצות טבעוניות  ברוטב עגבניות פיקנטי,על מצע אורז ועדשים\nהמנה מגיעה עם סלט ירקות קצוץ דק דק.....","price":60,"vegan":true,"vegetarian":true,"image":"https://d25t2285lxl5rf.cloudfront.net/images/dishes/1296b527-3a8e-4898-9596-6f305023370c.jpg","notFood":false,"drinks":false},{"name":"עראיס טבעוני עם סלט","description":"קבב מסוייה ועדשים ","price":60,"vegan":false,"vegetarian":false,"image":"https://d25t2285lxl5rf.cloudfront.net/images/dishes/d3ffcdc4-71af-4a92-8cc6-be5240df7f49.jpg","notFood":false,"drinks":false},{"name":"פלפל ממולא","description":"פלפל ממולא באורז בסמטי ובורגול עם ירקות .מגיע עם סלט ירקות","price":60,"vegan":true,"vegetarian":true,"image":"https://d25t2285lxl5rf.cloudfront.net/images/dishes/e51e0be4-e851-4677-a9a6-fa51ce018c26.jpg","notFood":false,"drinks":false},{"name":"המשולש","description":"חומוס טחון במקום בתוספת גרגירי חומוס, מסבחה, ללא פול\nמגיע עם 2 פיתות ,חריף ובצל","price":35,"vegan":true,"vegetarian":true,"image":"https://d25t2285lxl5rf.cloudfront.net/images/dishes/1ecc9ea6-f71a-494a-b993-2afdbda1011c.jpg","notFood":false,"drinks":false},{"name":"פטרישה","description":"חומוס טחון במקום  בתוספת פטריות מוקפצות \nמגיע עם 2 פיתות ,חריף ובצל","price":38,"vegan":true,"vegetarian":true,"image":"https://d25t2285lxl5rf.cloudfront.net/images/dishes/5a244d72-ac8a-4efc-b191-eb362c6831b9.jpg","notFood":false,"drinks":false},{"name":"סוניה","description":"חומוס טחון במקום בתוספת שווארמה טבעונית \nמגיע עם 2 פיתות ,חריף ובצל","price":38,"vegan":false,"vegetarian":false,"image":"https://d25t2285lxl5rf.cloudfront.net/images/dishes/af38f841-1459-4a98-8fc7-611a143390dc.jpg","notFood":false,"drinks":false},{"name":"אסלי","description":"חומוס טחון במקום בתוספת כדורי פלאפל קריספיים\nמגיע עם 2 פיתות ,חריף ובצל","price":38,"vegan":true,"vegetarian":true,"image":"https://d25t2285lxl5rf.cloudfront.net/images/dishes/5246ed54-3e38-44bb-a7dc-a9081d24a9cb.jpg","notFood":false,"drinks":false},{"name":"שקדיה","description":"חומוס טחון במקום בתוספת שקדים לבנים\nמגיע עם 2 פיתות ,חריף ובצל","price":38,"vegan":true,"vegetarian":true,"image":"https://d25t2285lxl5rf.cloudfront.net/images/dishes/e700c7ac-0719-4cff-ab66-69dd7e4c007a.jpg","notFood":false,"drinks":false},{"name":"העין השלישית","description":"חומוס טחון במקום בתוספת ביצת עין\nמגיע עם 2 פיתות ,חריף ובצל","price":38,"vegan":true,"vegetarian":true,"image":"https://d25t2285lxl5rf.cloudfront.net/images/dishes/7d812f7c-5479-4268-bc6c-ab0b7f26004d.jpg","notFood":false,"drinks":false},{"name":"שקשוקה על חומוס","description":"חומוס טחון במקום בתוספת שקשוקה חמה \nמגיע עם 2 פיתות ,חריף ובצל","price":38,"vegan":true,"vegetarian":true,"image":"https://d25t2285lxl5rf.cloudfront.net/images/dishes/4e308aa3-da87-4cf3-9121-efa960956859.jpg","notFood":false,"drinks":false},{"name":"שווארמה טבעונית","description":"שוארמה טבעונית מנתחי סוייה דקים בתוספת סלט/חומוס/טחינה/חריף","price":35,"vegan":false,"vegetarian":false,"image":"https://d25t2285lxl5rf.cloudfront.net/images/dishes/29638ad2-86ba-4ab9-8c1a-148056331b27.jpg","notFood":false,"drinks":false},{"name":"פלאפל","description":"פלאפל בפיתה בתוספת סלט/חומוס/טחינה/חריף","price":25,"vegan":true,"vegetarian":true,"image":"https://d25t2285lxl5rf.cloudfront.net/images/dishes/6605b307-29c0-4a78-9359-0e9f782d9091.jpg","notFood":false,"drinks":false},{"name":"שקשוקה בפיתה","description":"שקשוקה בפיתה בתוספת חומוס סלט וחריף ","price":35,"vegan":true,"vegetarian":true,"image":"https://d25t2285lxl5rf.cloudfront.net/images/dishes/30fde437-5891-440f-9d99-f2972bc28cd5.jpg","notFood":false,"drinks":false},{"name":"קבב טבעוני בפיתה","description":"קבב טבעוני בפיתה עם סלט חומוס הבית וחריף הבית ","price":35,"vegan":false,"vegetarian":false,"image":"https://d25t2285lxl5rf.cloudfront.net/images/dishes/0b92834b-e3cf-414d-9623-d6ddeb4d5581.jpg","notFood":false,"drinks":false},{"name":"סלט ערבי","description":"סלט ערבי קצוץ דק דק על הסכין, טחינה הר ברכה ולחם שיפון","price":50,"vegan":true,"vegetarian":true,"image":"https://d25t2285lxl5rf.cloudfront.net/images/dishes/82fdce1d-1b8a-4f51-94ad-b6add64808af.jpg","notFood":false,"drinks":false},{"name":"סלט קינואה ועדשים","description":"סלט ירקות מובחרים עם קינואה ועדש+טחינה ","price":55,"vegan":true,"vegetarian":true,"image":"https://d25t2285lxl5rf.cloudfront.net/images/dishes/37323433-7a66-4508-b919-ed024bcc7b83.jpg","notFood":false,"drinks":false},{"name":"סלט פטוש","description":"סלט מורכב מעלי חסה עגבניות גזר גמבה  וגבינת פטה .מגיע בתוספת לחם אגוזים.","price":55,"vegan":false,"vegetarian":true,"image":"https://d25t2285lxl5rf.cloudfront.net/images/dishes/4b70edbe-f560-4c77-ace5-52610e3740ac.jpg","notFood":false,"drinks":false},{"name":"עוגת פרג ריבת חלב","description":"","price":25,"vegan":false,"vegetarian":true,"image":"https://d25t2285lxl5rf.cloudfront.net/images/dishes/02ca7bb2-9b6c-42e4-9941-be322747ea23.jpg","notFood":false,"drinks":false},{"name":"עוגת גבינה חמוציות","description":"","price":25,"vegan":false,"vegetarian":true,"image":"https://d25t2285lxl5rf.cloudfront.net/images/dishes/f89ab5cf-63c7-40f2-810f-a1e97193b2cd.jpg","notFood":false,"drinks":false},{"name":"פאי תפוחים","description":"","price":25,"vegan":true,"vegetarian":true,"image":"https://d25t2285lxl5rf.cloudfront.net/images/dishes/cc424d15-114f-4db8-aa93-81ea90a286bf.jpg","notFood":false,"drinks":false},{"name":"עוגת מרנג לימון","description":"","price":25,"vegan":true,"vegetarian":true,"image":"https://d25t2285lxl5rf.cloudfront.net/images/dishes/14c2e761-325e-4507-96d5-d29175850b13.jpg","notFood":false,"drinks":false},{"name":"עוגיית גרנולה","description":"יחידה","price":10,"vegan":true,"vegetarian":true,"image":"https://d25t2285lxl5rf.cloudfront.net/images/dishes/6b187332-5d74-4ac5-a2b8-e84e9dfd6bf6.jpg","notFood":false,"drinks":false},{"name":"תפוח עץ אפוי","description":"","price":25,"vegan":true,"vegetarian":true,"image":"","notFood":false,"drinks":false},{"name":"עוגת טורט","description":"","price":25,"vegan":true,"vegetarian":true,"image":"","notFood":false,"drinks":false},{"name":"עוגיית שוקולד","description":"יחידה","price":10,"vegan":false,"vegetarian":true,"image":"","notFood":false,"drinks":false},{"name":"עוגיית חלבה","description":"יחידה","price":10,"vegan":false,"vegetarian":true,"image":"","notFood":false,"drinks":false},{"name":"רול קינמון","description":"רול קינמון","price":14,"vegan":true,"vegetarian":true,"image":"","notFood":false,"drinks":false},{"name":"בלינצס גבינה","description":"מנת בלינצ'ס ממולא בגבינה מתוקה עם חמוציות .מגיע עם סלט פירות טרי","price":35,"vegan":false,"vegetarian":true,"image":"","notFood":false,"drinks":false},{"name":"פחית קוקה קולה","description":"פחית קוקה קולה","price":10,"vegan":true,"vegetarian":true,"image":"","notFood":false,"drinks":true},{"name":"פחית זירו קולה","description":"","price":10,"vegan":true,"vegetarian":true,"image":"","notFood":false,"drinks":true},{"name":"פחית זירו ספרייט","description":"","price":10,"vegan":true,"vegetarian":true,"image":"","notFood":false,"drinks":true},{"name":"פחית ספרייט","description":"","price":10,"vegan":true,"vegetarian":true,"image":"","notFood":false,"drinks":true},{"name":"בקבוק זירו","description":"","price":10,"vegan":true,"vegetarian":true,"image":"","notFood":false,"drinks":true},{"name":"בקבוק מים בטעמים","description":"","price":10,"vegan":true,"vegetarian":true,"image":"","notFood":false,"drinks":true},{"name":"בקבוק מים","description":"","price":10,"vegan":true,"vegetarian":true,"image":"","notFood":false,"drinks":true},{"name":"סודה","description":"","price":10,"vegan":true,"vegetarian":true,"image":"","notFood":false,"drinks":true},{"name":"מיץ תפוזים סחוט טבעי","description":"","price":15,"vegan":true,"vegetarian":true,"image":"","notFood":false,"drinks":false},{"name":"מיץ גזר סחוט טבעי","description":"","price":15,"vegan":true,"vegetarian":true,"image":"","notFood":false,"drinks":false},{"name":"בוקר שקשוקה","description":"שקשוקה פיקנטית עשוייה מעגבניות טריות מגיעה עם לחם דגנים טחינה סלט ועוד טפסים שונים......","price":60,"vegan":false,"vegetarian":false,"image":"","notFood":false,"drinks":false},{"name":"בוקרבאום","description":"ארוחת בוקר -חביתה, עין ,מקושקשת -אפשרי עם ירק ,בצל ,פטריות  מגיע עם לחם דגנים סלט אישי ,טחינה .","price":60,"vegan":false,"vegetarian":false,"image":"","notFood":false,"drinks":false},{"name":"סביח פתוח","description":"מנת סביח בצלחת -מצע טחינה סלט קוביות חצילים מטוגנים והרבה אהבה..... מגיע עם פיתות ","price":60,"vegan":true,"vegetarian":true,"image":"","notFood":false,"drinks":false}]}