{"track_id":"19167","filters":["japaneseSushi","asianFusion"],"image":"https://tenbis-static.azureedge.net/restaurant-card-image/ResCard_19167_20191210173634.jpg","address":"משה בקר, 11 ראשון לציון","location":[34.8082087,31.9747282],"name":"אוריגמי סושי","city":"ראשון לציון, חולון, בת ים","priceAverage":39.333333333333336,"menu":[{"name":"רול פילדלפיה","description":"סלמון, גבינת פילדלפיה, מלפפון, שומשום מעל","price":48,"vegan":false,"vegetarian":false,"image":"https://d25t2285lxl5rf.cloudfront.net/images/dishes/2c34141a-5901-472e-843a-f1106de44f26.jpg","notFood":false,"drinks":false},{"name":"רול מלכותי","description":"ביצי סלמון, גבינת פילדלפיה, מלפפון, עטוף בסלמון","price":68,"vegan":false,"vegetarian":false,"image":"https://d25t2285lxl5rf.cloudfront.net/images/dishes/96b157dd-7234-4c6f-a51f-f46a0d1ca6a2.jpg","notFood":false,"drinks":false},{"name":"קליפורניה עם סלמון","description":"סלמון, אבוקדו, מלפפון, טוביקו שחור","price":55,"vegan":false,"vegetarian":false,"image":"https://d25t2285lxl5rf.cloudfront.net/images/dishes/c5edefb7-6527-41e7-b6af-9eb54f93c5c5.jpg","notFood":false,"drinks":false},{"name":"פיוז׳ן","description":"אבוקדו, מלפפון, טוביקו, עטוף בסלמון עם כדורי גבינת פילדלפיה אפויים","price":58,"vegan":false,"vegetarian":false,"image":"https://d25t2285lxl5rf.cloudfront.net/images/dishes/6adf9651-662e-401f-a5a2-a7ca598d9521.jpg","notFood":false,"drinks":false},{"name":"קליפורניה עם שרימפס","description":"שרימפס, אבוקדו, מלפפון, טוביקו כתום","price":50,"vegan":false,"vegetarian":false,"image":"https://d25t2285lxl5rf.cloudfront.net/images/dishes/bbbb4ffa-3aa9-4ec4-954c-d2eaa1bc9e46.jpg","notFood":false,"drinks":false},{"name":"רול פילדלפיה","description":"סלמון, גבינת פילדלפיה, מלפפון, שומשום מעל","price":48,"vegan":false,"vegetarian":false,"image":"https://d25t2285lxl5rf.cloudfront.net/images/dishes/2c34141a-5901-472e-843a-f1106de44f26.jpg","notFood":false,"drinks":false},{"name":"קליפורניה עם שרימפס","description":"שרימפס, אבוקדו, מלפפון, טוביקו כתום","price":50,"vegan":false,"vegetarian":false,"image":"https://d25t2285lxl5rf.cloudfront.net/images/dishes/bbbb4ffa-3aa9-4ec4-954c-d2eaa1bc9e46.jpg","notFood":false,"drinks":false},{"name":"קליפורניה עם סלמון","description":"סלמון, אבוקדו, מלפפון, טוביקו שחור","price":55,"vegan":false,"vegetarian":false,"image":"https://d25t2285lxl5rf.cloudfront.net/images/dishes/c5edefb7-6527-41e7-b6af-9eb54f93c5c5.jpg","notFood":false,"drinks":false},{"name":"רול מלכותי","description":"ביצי סלמון, גבינת פילדלפיה, מלפפון, עטוף בסלמון","price":68,"vegan":false,"vegetarian":false,"image":"https://d25t2285lxl5rf.cloudfront.net/images/dishes/96b157dd-7234-4c6f-a51f-f46a0d1ca6a2.jpg","notFood":false,"drinks":false},{"name":"רול קשת בענן","description":"סלמון, צלופח מעושן, אבוקדו, מלפפון, גבינת פילדלפיה, טוביקו כתום וירוק","price":62,"vegan":false,"vegetarian":false,"image":"https://d25t2285lxl5rf.cloudfront.net/images/dishes/ecbc6677-dec1-4405-9a7d-d5e45888c824.jpg","notFood":false,"drinks":false},{"name":"רול בוניטו","description":"טונה, אבוקדו, מלפפון, שבבי טונה","price":54,"vegan":false,"vegetarian":false,"image":"https://d25t2285lxl5rf.cloudfront.net/images/dishes/79612425-5f2d-4a28-a4ab-f66d9d0d44a3.jpg","notFood":false,"drinks":false},{"name":"רול דרקון","description":"טמאגו, מלפפון, גבינת פילדלפיה, טוביקו, צלופח מעושן ושומשום מעל","price":75,"vegan":false,"vegetarian":true,"image":"https://d25t2285lxl5rf.cloudfront.net/images/dishes/a4000ee9-0c14-4782-aa97-10e1d6b742e6.jpg","notFood":false,"drinks":false},{"name":"רול דרקון ירוק","description":"סלמון, צלופח מעושן, גבינת פילדלפיה, מלפפון, אבוקדו, שומשום שחור","price":60,"vegan":false,"vegetarian":false,"image":"https://d25t2285lxl5rf.cloudfront.net/images/dishes/9f1ea194-d332-4892-b073-6413ffb61c31.jpg","notFood":false,"drinks":false},{"name":"רול דרקון אדום","description":"שרימפס בטמפורה, אבוקדו, מלפפון, סלמון טוביקו ושומשום","price":62,"vegan":false,"vegetarian":false,"image":"https://d25t2285lxl5rf.cloudfront.net/images/dishes/7f3d2330-d61d-4dc6-af74-1f0b227b030d.jpg","notFood":false,"drinks":false},{"name":"סמוראי","description":"ספייסי טונה, אבוקדו, מלפפון, עטוף בסלמון צרוב קלות","price":75,"vegan":false,"vegetarian":false,"image":"https://d25t2285lxl5rf.cloudfront.net/images/dishes/76ee4d5a-9f27-419a-9ec2-cc4b8f7d269c.jpg","notFood":false,"drinks":false},{"name":"פיוז׳ן","description":"אבוקדו, מלפפון, טוביקו, עטוף בסלמון עם כדורי גבינת פילדלפיה אפויים","price":58,"vegan":false,"vegetarian":false,"image":"https://d25t2285lxl5rf.cloudfront.net/images/dishes/6adf9651-662e-401f-a5a2-a7ca598d9521.jpg","notFood":false,"drinks":false},{"name":"גיישה","description":"טונה, אבוקדו, מלפפון, קרם סלמון, מיונז ואיקרה אדומה","price":75,"vegan":false,"vegetarian":false,"image":"https://d25t2285lxl5rf.cloudfront.net/images/dishes/9d8ffc82-f2b2-43b4-ba5c-f7094d3b7b29.jpg","notFood":false,"drinks":false},{"name":"סאנטוריני","description":"גזר, טופו, אבוקדו, טמאגו, אפוי בטמפורה, אגוזי מלך. עשוי עם נייר אורז, לא נורי (אצה).","price":45,"vegan":false,"vegetarian":true,"image":"https://d25t2285lxl5rf.cloudfront.net/images/dishes/05e98691-4e6c-44b8-b9ef-f8a802d31a50.jpg","notFood":false,"drinks":false},{"name":"טוקיו","description":"שרימפס, גבינה פילדלפיה, טוביקו;עטוף בסלמון, ומעוטר הצלופח מאושן","price":74,"vegan":false,"vegetarian":false,"image":"","notFood":false,"drinks":false},{"name":"צ׳דר","description":"גבינה פילדלפיה,בצל, שרימפס בטמפורה; עטוף בגבינה צ׳דר צרוב","price":55,"vegan":false,"vegetarian":false,"image":"","notFood":false,"drinks":false},{"name":"שף רול","description":"גבינה פילדלפיה, צלופח מאושן, טוביקו, טמאגו; עטוף בסלמון מקורמל","price":79,"vegan":false,"vegetarian":false,"image":"","notFood":false,"drinks":false},{"name":"רול חם בנזאי","description":"סלמון, בצל, גבינה פילדלפיה, פטריות שיטאקי; אפוי\r\nבטאמפורה","price":55,"vegan":false,"vegetarian":false,"image":"","notFood":false,"drinks":false},{"name":"סנדויץ׳ סלמון מעושן","description":"סלמון מעושן, אבוקדו, גבינת פילדלפיה, בפירורי פנקו","price":50,"vegan":false,"vegetarian":false,"image":"https://d25t2285lxl5rf.cloudfront.net/images/dishes/150574e6-b479-4844-a1a4-a23d1d590241.jpg","notFood":false,"drinks":false},{"name":"רול חם מיאמי","description":"סלמון, צלופח מעושן, מלפפון, אבוקדו וגבינת פילדלפיה","price":60,"vegan":false,"vegetarian":false,"image":"","notFood":false,"drinks":false},{"name":"גונקנים מלכותיים","description":"2יח כדור אורז עטוף בסלמון, בצי סלמון מעל","price":32,"vegan":false,"vegetarian":false,"image":"","notFood":false,"drinks":false},{"name":"גונקנים מלכותיים","description":"4 יח כדור אורז עטוף בסלמון, בצי סלמון מעל","price":60,"vegan":false,"vegetarian":false,"image":"","notFood":false,"drinks":false},{"name":"מאקי מלפפון ושומשום","description":"","price":16,"vegan":true,"vegetarian":true,"image":"","notFood":false,"drinks":false},{"name":"מאקי אבוקדו","description":"","price":16,"vegan":true,"vegetarian":true,"image":"","notFood":false,"drinks":false},{"name":"מאקי סלמון ואבוקדו","description":"","price":20,"vegan":false,"vegetarian":false,"image":"","notFood":false,"drinks":false},{"name":"מאקי סלמון וגבינת פילדלפיה","description":"","price":32,"vegan":false,"vegetarian":false,"image":"","notFood":false,"drinks":false},{"name":"מאקי טונה ומלפפון","description":"","price":30,"vegan":false,"vegetarian":false,"image":"","notFood":false,"drinks":false},{"name":"מאקי שרימפס","description":"","price":25,"vegan":false,"vegetarian":false,"image":"","notFood":false,"drinks":false},{"name":"מאקי צלופח מעושן, מלפפון ושומשום","description":"אפשר גם ללא מלפפון","price":32,"vegan":true,"vegetarian":true,"image":"","notFood":false,"drinks":false},{"name":"מאקי טמאגו ואבוקדו","description":"","price":16,"vegan":false,"vegetarian":true,"image":"","notFood":false,"drinks":false},{"name":"מאקי סלמון אפוי ואבוקדו","description":"אפשר גם ללא אבוקדו","price":25,"vegan":false,"vegetarian":false,"image":"","notFood":false,"drinks":false},{"name":"מאקי גבינת פילדלפיה וביצי סלמון","description":"","price":32,"vegan":false,"vegetarian":false,"image":"","notFood":false,"drinks":false},{"name":"מאקי סלמון","description":"","price":20,"vegan":false,"vegetarian":false,"image":"","notFood":false,"drinks":false},{"name":"מאקי צלופח מעושן","description":"","price":30,"vegan":true,"vegetarian":true,"image":"","notFood":false,"drinks":false},{"name":"מאקי טונה","description":"","price":28,"vegan":false,"vegetarian":false,"image":"","notFood":false,"drinks":false},{"name":"מאקי טמאגו","description":"","price":15,"vegan":false,"vegetarian":true,"image":"","notFood":false,"drinks":false},{"name":"מרק מיסו רגיל","description":"","price":20,"vegan":true,"vegetarian":true,"image":"","notFood":false,"drinks":false},{"name":"מרק מיסו עם שרימפס","description":"","price":25,"vegan":false,"vegetarian":false,"image":"","notFood":false,"drinks":false},{"name":"מרק מיסו עם סלמון","description":"","price":25,"vegan":false,"vegetarian":false,"image":"","notFood":false,"drinks":false},{"name":"סשימי סלמון","description":"","price":38,"vegan":false,"vegetarian":false,"image":"","notFood":false,"drinks":false},{"name":"סשימי צלופח מעושן","description":"","price":46,"vegan":true,"vegetarian":true,"image":"","notFood":false,"drinks":false},{"name":"ניגירי סלמון","description":"","price":26,"vegan":false,"vegetarian":false,"image":"","notFood":false,"drinks":false},{"name":"ניגירי צלופח מעושן","description":"","price":34,"vegan":true,"vegetarian":true,"image":"","notFood":false,"drinks":false},{"name":"ניגירי טמאגו","description":"","price":16,"vegan":false,"vegetarian":true,"image":"","notFood":false,"drinks":false},{"name":"גונקאן ביצי סלמון","description":"","price":22,"vegan":false,"vegetarian":false,"image":"","notFood":false,"drinks":false},{"name":"גונקאן טוביקו","description":"","price":20,"vegan":true,"vegetarian":true,"image":"","notFood":false,"drinks":false},{"name":"גונקאן טרטר סלמון","description":"","price":20,"vegan":false,"vegetarian":false,"image":"","notFood":false,"drinks":false},{"name":"גונקאן שרימפס וטוביקו","description":"","price":20,"vegan":false,"vegetarian":false,"image":"","notFood":false,"drinks":false},{"name":"סלט צ'וקה","description":"אצות טריות וואקמה עם רוטב אגוזים ושומשום,","price":42,"vegan":true,"vegetarian":true,"image":"https://d25t2285lxl5rf.cloudfront.net/images/dishes/2224484.jpg","notFood":false,"drinks":false},{"name":"סלט ״אוקינאווה\"","description":"אבוקדו, שרימפס, טוביקו, מיונז","price":45,"vegan":false,"vegetarian":false,"image":"","notFood":false,"drinks":false},{"name":"סלט ״ווקאמה\"","description":"אצות ווקאמה, סלמון נא, מלפפון, שומשום, רוטב יפני","price":35,"vegan":false,"vegetarian":false,"image":"","notFood":false,"drinks":false},{"name":"קוקה קולה 350 מ\"ל","description":"","price":14,"vegan":true,"vegetarian":true,"image":"","notFood":false,"drinks":true},{"name":"קולה זירו 350 מ\"ל","description":"","price":14,"vegan":true,"vegetarian":true,"image":"","notFood":false,"drinks":true},{"name":"פריגת ענבים  330 מ\"ל","description":"","price":10,"vegan":true,"vegetarian":true,"image":"","notFood":false,"drinks":true},{"name":"פריגת תפוזים  330 מ\"ל","description":"","price":10,"vegan":true,"vegetarian":true,"image":"","notFood":false,"drinks":false},{"name":"פריגת אשכוליות  330 מ\"ל","description":"","price":10,"vegan":true,"vegetarian":true,"image":"","notFood":false,"drinks":false}]}