{"track_id":"19205","filters":["coffeeHouse","salads","sandwichesWraps"],"image":"https://tenbis-static.azureedge.net/restaurant-card-image/ResCard_19205_20200722160947.jpg","address":"שלמה אבן גבירול, 72 תל אביב-יפו","location":[34.7814547,32.0808215],"name":"ארקפה ","city":"תל אביב-יפו","priceAverage":44.65217391304348,"menu":[{"name":"סלט ים תיכוני","description":"עגבניות שרי, מלפפון, גרגרי חומוס, חציל קלוי, גבינה בולגרית, זיתי קלמטה,\nעלי רוקט, עלי נענע, עלי פטרוזיליה, עלי כוסברה, סומק, פלפל צ'ילי בוינגרט\nשמן זית ולימון.\n*מוגש עם לחם דגנים אישי מהתנור וחמאה ","price":58,"vegan":false,"vegetarian":false,"image":"https://d25t2285lxl5rf.cloudfront.net/images/dishes/797404b8-bd5f-40cc-b7ed-68e68b76642a.jpg","notFood":false,"drinks":false},{"name":"סלט ניסואז","description":"עגבניות שרי, מלפפון, נתחי טונה, ביצה קשה, עלי רוקט, חסה, תפוחי אדמה אפויים,\nשעועית ירוקה, בצל סגול, בצל ירוק, צנוניות, פטרוזיליה בוינגרט שמן זית ולימון.\n*מוגש עם לחם דגנים אישי מהתנור וחמאה.","price":58,"vegan":false,"vegetarian":false,"image":"https://d25t2285lxl5rf.cloudfront.net/images/dishes/04a2cce6-7f4a-4027-ae7a-b23b871d3747.jpg","notFood":false,"drinks":false},{"name":"סלט קיסר","description":"לבבות חסה קיסר פריכים, רוטב קיסר הבית, קרוטונים ופרמז׳ן.\n*מוגש עם לחם דגנים אישי מהתנור וחמאה. ","price":58,"vegan":false,"vegetarian":false,"image":"https://d25t2285lxl5rf.cloudfront.net/images/dishes/54bf82a9-6703-4ebd-8bbc-905ab228ccda.jpg","notFood":false,"drinks":false},{"name":"סלט קינואה ועדשים","description":"קינואה, עדשים שחורות, קוביות בטטה צלויות, חמוציות, עלי רוקט, חסהֿ, נענע,\nפטרוזיליה, תערובת גרעינים בוינגרט שמן זית ולימון.\n*מוגש עם לחם דגנים אישי מהתנור וחמאה.\n","price":58,"vegan":false,"vegetarian":false,"image":"https://d25t2285lxl5rf.cloudfront.net/images/dishes/81dc8db2-f29d-4328-82d6-bda6b08f6729.jpg","notFood":false,"drinks":false},{"name":"סלט טופו  אסייאתי","description":"קוביות טופו, לבבות חסה קיסר, מלפפון, נענע, בורגול, כרוב, בוטנים, צנונית, קולורבי, גזר, בצל ירוק, רוטב טריאקי ורוטב בוטנים | | מוגש עם לחם דגנים אישי מהתנור וחמאה","price":58,"vegan":false,"vegetarian":false,"image":"https://d25t2285lxl5rf.cloudfront.net/images/dishes/0933d986-73f4-49d7-93dc-d94d3e51ed8c.jpg","notFood":false,"drinks":false},{"name":"סלט עוף אסייתי","description":"נתחי חזה עוף, לבבות חסה קיסר, מלפפון, נענע, בורגול, כרוב, בוטנים, צנונית, קולורבי, גזר, בצל ירוק, רוטב טריאקי ורוטב בוטנים | מוגש עם לחם דגנים אישי מהתנור וחמאה","price":61,"vegan":false,"vegetarian":false,"image":"https://d25t2285lxl5rf.cloudfront.net/images/dishes/c12aaa39-e3ef-4da8-8edd-149c2426c5e1.jpg","notFood":false,"drinks":false},{"name":"סלט אטריות זוקיני וטופו","description":"קוביות טופו, זוקיני, בצל סגול, ארוגולה, פטרוזיליה, נענע, כוסברה, בצל ירוק בוינגרט שמן זית ולימון","price":61,"vegan":true,"vegetarian":true,"image":"https://d25t2285lxl5rf.cloudfront.net/images/dishes/656c94b1-ac8e-48f2-be87-62cd5c258123.jpg","notFood":false,"drinks":false},{"name":"סלט אטריות זוקיני ועוף","description":"נתחי חזה עוף, זוקיני, בצל סגול, ארוגולה, פטרוזיליה, נענע, כוסברה, בצל ירוק בוינגרט שמן זית ולימון","price":61,"vegan":false,"vegetarian":false,"image":"https://d25t2285lxl5rf.cloudfront.net/images/dishes/c62b100a-5567-4895-b918-c5cab20a1d74.jpg","notFood":false,"drinks":false},{"name":"סלט פפאיה","description":"*פיקנטי* פפאיה ירוקה, עגבניות שרי, גזר, נבטים, שעועית ירוקה, צ׳ילי, עלי כוסברה, עלי בזיליקום, קשיו קלוי, רוטב דגים וליים.\r\n*מוגש עם לחם דגנים אישי מהתנור וחמאה.","price":58,"vegan":false,"vegetarian":false,"notFood":false,"drinks":false},{"name":"סלט אטריות שעועית","description":"אטריות שעועית, גזר, עלי בזיליקום, עלי רוקט, עלי כוסברה, צ׳ילי, ג׳ינג׳ר, קשיו קלוי, לימון, סויה וסילאן.\r\n*מוגש עם לחם דגנים אישי מהתנור וחמאה.\r\n","price":58,"vegan":false,"vegetarian":false,"notFood":false,"drinks":false},{"name":"סלט עוף חם","description":"נתחי חזה עוף, חסה, מלפפון, עגבניות שרי, גזר, קולורבי, צנונית, פטריות, נענע,\r\nאפונה ירוקה בוינגרט חרדל ודבש.\r\n*מוגש עם לחם דגנים אישי מהתנור וחמאה.","price":61,"vegan":false,"vegetarian":false,"notFood":false,"drinks":false},{"name":"פטוצ'יני עגבניות","description":"ברוטב עגבניות בשלות וגבינת מסקרפונה, פרמג׳אנו ועלי בזיליקום טריים\n","price":48,"vegan":false,"vegetarian":true,"notFood":false,"drinks":false},{"name":"רביולי בטטה","description":"במילוי קרם בטטה, מרווה וטימין, ברוטב שמנת וכרישה, פרמג׳אנו ועלי בזיליקום טריים.\r\n","price":62,"vegan":false,"vegetarian":true,"notFood":false,"drinks":false},{"name":"טורטליני ערמונים","description":"במילוי קרם ערמונים קלויים, ברוטב שמנת וכרישה, ערמונים קלויים, פרמג׳אנו ועלי בזיליקום טריים.","price":64,"vegan":false,"vegetarian":true,"notFood":false,"drinks":false},{"name":"פטוצ'יני דניה מסקרפונה","description":"ברוטב עגבניות בשלות וגבינת מסקרפונה ופרמג׳אנו.\r\n","price":64,"vegan":false,"vegetarian":true,"notFood":false,"drinks":false},{"name":"צ'בטה עזים","description":"צ'בטה, חמאה, גבינת עזים בשלה, עגבניה ובצל ירוק","price":36,"vegan":false,"vegetarian":true,"image":"https://d25t2285lxl5rf.cloudfront.net/images/dishes/fb8ffec4-29b0-4d8a-8561-8d482659ea1d.jpg","notFood":false,"drinks":false},{"name":"צ'בטה ים תיכונית","description":"צ'בטה, חציל קלוי, ביצה קשה, עגבניה, ארוגולה, מלפפון חמוץ, בצל סגול וממרח טחינה פיקנטי","price":36,"vegan":false,"vegetarian":true,"image":"https://d25t2285lxl5rf.cloudfront.net/images/dishes/88daee1b-9efb-4f47-8226-c71a3287a057.jpg","notFood":false,"drinks":false},{"name":"צ'בטה רוסטביף","description":"צ'בטה, רוסטביף מנתח אנטריקוט, בצל אדום מקורמל, מלפפון חמוץ, ממרח איולי, ממרח חרדל דיז'ון, עגבניה וחסה","price":39,"vegan":false,"vegetarian":false,"image":"https://d25t2285lxl5rf.cloudfront.net/images/dishes/2e530bfa-f3d3-4938-87ea-9fab1aaa2b6f.jpg","notFood":false,"drinks":false},{"name":"צ'בטה ויאטנמית טופו","description":"צ'בטה, קוביות טופו, רוטב סרירצ'ה פיקנטי, בצל סגול, כוסברה, בזיליקום, בצל ירוק, ממרח איולי, מלפפון טרי וצנונית","price":39,"vegan":true,"vegetarian":true,"image":"https://d25t2285lxl5rf.cloudfront.net/images/dishes/f5cb26bb-dd5e-400a-8a82-54b291b0f49a.jpg","notFood":false,"drinks":false},{"name":"צ'בטה ויאטנמית עוף","description":"צ'בטה, חזה עוף צלוי, רוטב סרירצ'ה פיקנטי, בצל סגול, כוסברה, בזיליקום, בצל ירוק, ממרח איולי, מלפפון טרי וצנונית","price":39,"vegan":false,"vegetarian":false,"image":"https://d25t2285lxl5rf.cloudfront.net/images/dishes/839c1374-a760-498a-b7f1-8d0dd89929de.jpg","notFood":false,"drinks":false},{"name":"צ'בטה מוצרלה","description":"צ'בטה, מוצרלה, עגבניה, שמן זית, עלי בזיליקום ופלפל גרוס\t","price":36,"vegan":false,"vegetarian":true,"notFood":false,"drinks":false},{"name":"בריאות טונה","description":"לחמנית בריאות, ממרח טונה, ממרח סלסה ורדה, עגבניה, בצל, נבטי אלפלפא וחסה","price":36,"vegan":false,"vegetarian":false,"notFood":false,"drinks":false},{"name":"בריאות סלמון וג'ינג'ר","description":"לחמנית בריאות, סלמון מעושן, ממרח מיונז ג'ינג'ר, ג'ינג'ר כבוש, מלפפון, עגבניה וארוגולה","price":38,"vegan":false,"vegetarian":false,"notFood":false,"drinks":false},{"name":"צ'בטה פרגית וטחינה","description":"צ'בטה, שווארמה עוף מתובלת, ממרח טחינה פיקנטי, עגבניה, מלפפון חמוץ, בצל סגול ופטרוזיליה","price":39,"vegan":false,"vegetarian":false,"notFood":false,"drinks":false},{"name":"טוסט מוצרלה","description":"מוצרלה, פרמז'ן, עגבניה, בזיליקום, פסטו עגבניות ופסטו בזיליקום. ","price":55,"vegan":false,"vegetarian":true,"notFood":false,"drinks":false},{"name":"טוסט תרד פטריות","description":"מוצרלה, פטריות ברוטב בלסמי, ריבת בצל, תרד וממרח הבית.\r\n","price":55,"vegan":false,"vegetarian":true,"notFood":false,"drinks":false},{"name":"טוסט ילדים","description":"לחם קסטן, גאודה וחמאה. *ניתן לקבל סלט ירקות במקום סלט קולסלאו.","price":39,"vegan":true,"vegetarian":true,"notFood":false,"drinks":false},{"name":"ארוסטו צ'יקן","description":"לחמניית בריאות, איולי סרירצ׳ה, רצועות חזה עוף מתובל, בצל מקורמל, גוואקמולי, עגבניה וחסה","price":64,"vegan":false,"vegetarian":false,"image":"https://d25t2285lxl5rf.cloudfront.net/images/dishes/c21a94f4-101a-4810-8a81-a4a0f0a52241.jpg","notFood":false,"drinks":false},{"name":"ארוסטו סלופי ג'ו","description":"לחמניית בריאות, איולי סרירצ׳ה, אסאדו מפורק, בצל מקורמל, גוואקמולי, עגבניה וחסה","price":64,"vegan":true,"vegetarian":true,"image":"https://d25t2285lxl5rf.cloudfront.net/images/dishes/6e7a0177-321b-4997-9409-2ac9eeefa4a9.jpg","notFood":false,"drinks":false},{"name":"מרגריטה","description":"רוטב עגבניות איטלקי,מוצרלה שמן זית ופרמגנו","price":52,"vegan":false,"vegetarian":true,"image":"https://d25t2285lxl5rf.cloudfront.net/images/dishes/1e11645c-9dbe-40f8-9bef-7903bbc425f6.jpg","notFood":false,"drinks":false},{"name":"פונגי","description":"רוטב עגבניות איטלקי,פטריות, מוצרלה,עלי פטרוזיליה שמן זית ופרמגנו","price":57,"vegan":false,"vegetarian":true,"image":"https://d25t2285lxl5rf.cloudfront.net/images/dishes/a3317f3f-08d3-4bb0-8205-d3071c95ceca.jpg","notFood":false,"drinks":false},{"name":"קלבריה","description":"רוטב עגבניות איטלקי,מוצרלה פלפל צילי חריף, זיתי קלמטה אורוגנו ופרמגנו","price":57,"vegan":false,"vegetarian":true,"image":"https://d25t2285lxl5rf.cloudfront.net/images/dishes/48d883de-8dbd-4ad2-a977-06bac7523873.jpg","notFood":false,"drinks":false},{"name":"גבינת עזים ואורוגולה","description":"רוטב עגבניות איטלקי,מוצרלה גבינת עזים עלי אורוגולה ופרמגנו","price":55,"vegan":false,"vegetarian":true,"image":"https://d25t2285lxl5rf.cloudfront.net/images/dishes/3a72325a-7e40-4437-b7ce-efe58cf0bd8c.jpg","notFood":false,"drinks":false},{"name":"NYC סטייל","description":"רוטב עגבניות איטלקי,מוצרלה  סלמי סרוולד בצל ירוק ופרמגנו","price":55,"vegan":false,"vegetarian":true,"notFood":false,"drinks":false},{"name":"טונו צ׳יפולה","description":"מוצרלה, טונה, בצל סגול ועלי פטרוזיליה.","price":55,"vegan":false,"vegetarian":false,"notFood":false,"drinks":false},{"name":"פוקצ'ת הבית","description":"פוקצ'ה, ביצה קשה, ממרח איולי, עגבניה, מלפפון חמוץ, בצל וארוגולה","price":36,"vegan":false,"vegetarian":true,"notFood":false,"drinks":false},{"name":"פוקצ'ה בלקנית","description":"פוקצ'ה, גבינה בולגרית, אנטיפסטי חצילים, עגבניה, שמן זית, בזיליקום ואורגנו","price":36,"vegan":false,"vegetarian":true,"notFood":false,"drinks":false},{"name":"טרמיסו","price":29,"vegan":true,"vegetarian":true,"image":"https://d25t2285lxl5rf.cloudfront.net/images/dishes/fbf7c536-68ec-4786-9818-4606a172b60c.jpg","notFood":false,"drinks":false},{"name":"טארט מונז","price":29,"vegan":true,"vegetarian":true,"image":"https://d25t2285lxl5rf.cloudfront.net/images/dishes/380f280b-5347-4e4c-8480-0fe94cb59a8e.jpg","notFood":false,"drinks":false},{"name":"מים מינרליים","price":10,"vegan":true,"vegetarian":true,"notFood":false,"drinks":true},{"name":"סודה","price":10,"vegan":true,"vegetarian":true,"notFood":false,"drinks":true},{"name":"קוקה קולה","price":14,"vegan":true,"vegetarian":true,"notFood":false,"drinks":true},{"name":"דיאט קולה","price":14,"vegan":true,"vegetarian":true,"notFood":false,"drinks":true},{"name":"קולה זירו","price":14,"vegan":true,"vegetarian":true,"notFood":false,"drinks":true},{"name":"ספרייט","price":14,"vegan":true,"vegetarian":true,"notFood":false,"drinks":true},{"name":"ספרייט זירו","price":14,"vegan":true,"vegetarian":true,"notFood":false,"drinks":true}]}