{"track_id":"19215","filters":["meatGrill","salads","burgers"],"image":"https://tenbis-static.azureedge.net/restaurant-card-image/ResCard_19215_1910030255.jpg","address":"שדרות המלאכות, 33 מודיעין מכבים רעות","location":[34.9624271,31.8897488],"name":"הבורגנים ","city":"מודיעין מכבים רעות","priceAverage":42.52873563218391,"menu":[{"name":"ע. שלישיית בורגנים","description":"","price":63,"vegan":true,"vegetarian":true,"image":"https://d25t2285lxl5rf.cloudfront.net/images/dishes/6caab064-04e7-4f4f-a9b4-369633dacf10.jpg","notFood":false,"drinks":false},{"name":"ע. זוג בורגנים","description":"","price":53,"vegan":true,"vegetarian":true,"image":"https://d25t2285lxl5rf.cloudfront.net/images/dishes/84646181-a52d-4316-9b99-14c01c9e1f12.jpg","notFood":false,"drinks":false},{"name":"שלישיית בורגנים","description":"","price":48,"vegan":true,"vegetarian":true,"image":"https://d25t2285lxl5rf.cloudfront.net/images/dishes/eec32f97-f976-4e9a-9ff3-aa4e4a2fc0b9.jpg","notFood":false,"drinks":false},{"name":"ע. המבורגר צמחוני (מסויה)","description":"","price":53,"vegan":false,"vegetarian":false,"image":"https://d25t2285lxl5rf.cloudfront.net/images/dishes/3cc949b3-f5bf-4786-8580-26bdedb9631f.jpg","notFood":false,"drinks":false},{"name":"ע. טורטיית עוף","description":"","price":63,"vegan":false,"vegetarian":false,"image":"https://d25t2285lxl5rf.cloudfront.net/images/dishes/195ba614-2b21-4243-94b1-c2988a40ec72.jpg","notFood":false,"drinks":false},{"name":"סלט חזה עוף","description":"","price":48,"vegan":false,"vegetarian":false,"image":"https://d25t2285lxl5rf.cloudfront.net/images/dishes/36048de6-fb5d-451b-b882-594131e4b55f.jpg","notFood":false,"drinks":false},{"name":"ע. המבורגר 80 גר'","description":"","price":39,"vegan":false,"vegetarian":false,"image":"https://d25t2285lxl5rf.cloudfront.net/images/dishes/5524b739-f491-4648-871c-cae06cbb4715.jpg","notFood":false,"drinks":false},{"name":"ע. זוג בורגנים","description":"","price":53,"vegan":true,"vegetarian":true,"image":"https://d25t2285lxl5rf.cloudfront.net/images/dishes/84646181-a52d-4316-9b99-14c01c9e1f12.jpg","notFood":false,"drinks":false},{"name":"ע. שלישיית בורגנים","description":"","price":63,"vegan":true,"vegetarian":true,"image":"https://d25t2285lxl5rf.cloudfront.net/images/dishes/6caab064-04e7-4f4f-a9b4-369633dacf10.jpg","notFood":false,"drinks":false},{"name":"ע. המבורגר 220 גר'","description":"","price":63,"vegan":false,"vegetarian":false,"image":"https://d25t2285lxl5rf.cloudfront.net/images/dishes/d58663e8-6c9b-4606-823b-60156967fcc9.jpg","notFood":false,"drinks":false},{"name":"ע. שניצלונים","description":"גודל לבחירה","price":39,"vegan":false,"vegetarian":false,"image":"https://d25t2285lxl5rf.cloudfront.net/images/dishes/8dc8556f-144d-45cf-b6d7-f1afb4597548.jpg","notFood":false,"drinks":false},{"name":"ע. טורטיית רצועות סטייק","description":"","price":63,"vegan":false,"vegetarian":false,"image":"https://d25t2285lxl5rf.cloudfront.net/images/dishes/913942e5-e363-4e22-8a4f-ff91ceede5e5.jpg","notFood":false,"drinks":false},{"name":"ע. טורטיית רוסטביף","description":"","price":63,"vegan":true,"vegetarian":true,"image":"https://d25t2285lxl5rf.cloudfront.net/images/dishes/c41dcf5f-8d60-4a9c-92ae-2b715909d72b.jpg","notFood":false,"drinks":false},{"name":"ע. טורטיית עוף","description":"","price":63,"vegan":false,"vegetarian":false,"image":"https://d25t2285lxl5rf.cloudfront.net/images/dishes/195ba614-2b21-4243-94b1-c2988a40ec72.jpg","notFood":false,"drinks":false},{"name":"ע. טורטיית מעורב ירושלמי","description":"","price":63,"vegan":true,"vegetarian":true,"image":"https://d25t2285lxl5rf.cloudfront.net/images/dishes/62610bf0-6525-4c30-9a06-c84cee5125e4.jpg","notFood":false,"drinks":false},{"name":"ע. כריך רצועות סטייק","description":"","price":63,"vegan":false,"vegetarian":false,"image":"https://d25t2285lxl5rf.cloudfront.net/images/dishes/922274bb-3073-4f16-9b6b-3c14949b81bd.jpg","notFood":false,"drinks":false},{"name":"ע. כריך רוסטביף","description":"","price":63,"vegan":true,"vegetarian":true,"image":"https://d25t2285lxl5rf.cloudfront.net/images/dishes/346a0749-c8fc-4029-a5a9-f33d786ed278.jpg","notFood":false,"drinks":false},{"name":"ע. כריך עוף","description":"","price":63,"vegan":false,"vegetarian":false,"image":"https://d25t2285lxl5rf.cloudfront.net/images/dishes/cc7cf1b6-31b3-40e2-8b8f-36a12ed637be.jpg","notFood":false,"drinks":false},{"name":"ע. כריך מעורב ירושלמי","description":"","price":63,"vegan":true,"vegetarian":true,"image":"https://d25t2285lxl5rf.cloudfront.net/images/dishes/bc0def0d-3138-45d1-b944-75a5b9d124e3.jpg","notFood":false,"drinks":false},{"name":"ע. המבורגר צמחוני (מסויה)","description":"","price":53,"vegan":false,"vegetarian":false,"image":"https://d25t2285lxl5rf.cloudfront.net/images/dishes/3cc949b3-f5bf-4786-8580-26bdedb9631f.jpg","notFood":false,"drinks":false},{"name":"ע. לחמניה ופטריית פורטובלו","description":"","price":53,"vegan":true,"vegetarian":true,"image":"https://d25t2285lxl5rf.cloudfront.net/images/dishes/b423c864-828b-4e98-8794-305c02b4d53a.jpg","notFood":false,"drinks":false},{"name":"ע. סלט רצועות סטייק","description":"","price":63,"vegan":false,"vegetarian":false,"image":"https://d25t2285lxl5rf.cloudfront.net/images/dishes/efdc8d19-a167-4ad4-bdb8-4363679995df.jpg","notFood":false,"drinks":false},{"name":"ע. סלט רוסטביף","description":"","price":63,"vegan":true,"vegetarian":true,"image":"https://d25t2285lxl5rf.cloudfront.net/images/dishes/6804bcd5-47a4-4d1a-b45e-95abd4494280.jpg","notFood":false,"drinks":false},{"name":"ע. סלט מעורב ירושלמי","description":"","price":63,"vegan":true,"vegetarian":true,"image":"https://d25t2285lxl5rf.cloudfront.net/images/dishes/558254f0-b15c-4d73-8c29-770eea7657dc.jpg","notFood":false,"drinks":false},{"name":"ע. המבורגר אנטריקוט 220 גר'","description":"","price":73,"vegan":false,"vegetarian":false,"image":"","notFood":false,"drinks":false},{"name":"ע. טורטיית בורגר 220 גר'","description":"","price":63,"vegan":true,"vegetarian":true,"image":"","notFood":false,"drinks":false},{"name":"ע. טורטיית שניצלונים","description":"","price":63,"vegan":false,"vegetarian":false,"image":"","notFood":false,"drinks":false},{"name":"ע. כריך בורגר 220 גר'","description":"","price":63,"vegan":true,"vegetarian":true,"image":"","notFood":false,"drinks":false},{"name":"ע. כריך שניצלונים","description":"","price":63,"vegan":false,"vegetarian":false,"image":"","notFood":false,"drinks":false},{"name":"ע. סלט פטריות פורטובלו","description":"","price":59,"vegan":true,"vegetarian":true,"image":"","notFood":false,"drinks":false},{"name":"ע. סלט בורגר 220 גר'","description":"","price":63,"vegan":true,"vegetarian":true,"image":"","notFood":false,"drinks":false},{"name":"ע. סלט שניצלונים","description":"","price":63,"vegan":false,"vegetarian":false,"image":"","notFood":false,"drinks":false},{"name":"ע. סלט עוף","description":"","price":63,"vegan":false,"vegetarian":false,"image":"","notFood":false,"drinks":false},{"name":"המבורגר צמחוני","description":"ע.המבורגר טבעוני רדיפיין מיט","price":73,"vegan":true,"vegetarian":true,"image":"","notFood":false,"drinks":false},{"name":"המבורגר 80 גר'","description":"","price":18,"vegan":false,"vegetarian":false,"image":"https://d25t2285lxl5rf.cloudfront.net/images/dishes/c5ba8df8-5f6e-4deb-ba50-026787a4d62a.jpg","notFood":false,"drinks":false},{"name":"זוג בורגנים","description":"","price":35,"vegan":true,"vegetarian":true,"image":"https://d25t2285lxl5rf.cloudfront.net/images/dishes/6da70e9e-0015-45c4-8d60-0a3360a88f0e.jpg","notFood":false,"drinks":false},{"name":"שלישיית בורגנים","description":"","price":48,"vegan":true,"vegetarian":true,"image":"https://d25t2285lxl5rf.cloudfront.net/images/dishes/eec32f97-f976-4e9a-9ff3-aa4e4a2fc0b9.jpg","notFood":false,"drinks":false},{"name":"המבורגר 220 גר'","description":"","price":48,"vegan":false,"vegetarian":false,"image":"https://d25t2285lxl5rf.cloudfront.net/images/dishes/62b1bb19-2b7b-42c9-b8e5-47463b65c1f9.jpg","notFood":false,"drinks":false},{"name":"המבורגר אנטריקוט 220 גר'","description":"","price":59,"vegan":false,"vegetarian":false,"image":"https://d25t2285lxl5rf.cloudfront.net/images/dishes/a4f309cd-5784-4b86-8d48-b401830393ee.jpg","notFood":false,"drinks":false},{"name":"שניצלונים","description":"גודל לבחירה","price":25,"vegan":false,"vegetarian":false,"image":"https://d25t2285lxl5rf.cloudfront.net/images/dishes/e2fe8d34-faac-4589-bf1f-2093c76257db.jpg","notFood":false,"drinks":false},{"name":"צ'יפס בורגנים","description":"","price":17,"vegan":true,"vegetarian":true,"image":"https://d25t2285lxl5rf.cloudfront.net/images/dishes/8c1b04b2-fd53-4c86-bcac-884940462e31.jpg","notFood":false,"drinks":false},{"name":"טבעות בצל","description":"","price":17,"vegan":true,"vegetarian":true,"image":"https://d25t2285lxl5rf.cloudfront.net/images/dishes/1e09a738-8f3e-4c53-b418-c8cbe0bb31e3.jpg","notFood":false,"drinks":false},{"name":"מיקס צ'יפס וטבעות בצל","description":"","price":17,"vegan":true,"vegetarian":true,"image":"https://d25t2285lxl5rf.cloudfront.net/images/dishes/a5194252-043c-451f-974b-cfd222a76b90.jpg","notFood":false,"drinks":false},{"name":"כדורי פירה","description":"","price":19,"vegan":true,"vegetarian":true,"image":"https://d25t2285lxl5rf.cloudfront.net/images/dishes/b6480f88-c22a-4496-9f60-2738ea980ab9.jpg","notFood":false,"drinks":false},{"name":"סלט ירקות קטן","description":"","price":17,"vegan":true,"vegetarian":true,"image":"https://d25t2285lxl5rf.cloudfront.net/images/dishes/096bdcae-2aca-4b13-ac9a-d63e0573cbeb.jpg","notFood":false,"drinks":false},{"name":"סלט ירקות גדול","description":"","price":28,"vegan":true,"vegetarian":true,"image":"https://d25t2285lxl5rf.cloudfront.net/images/dishes/7f418d9a-e6c8-479c-83ab-b76a4f6243d9.jpg","notFood":false,"drinks":false},{"name":"צ'יפס בטטה","description":"","price":19,"vegan":true,"vegetarian":true,"image":"","notFood":false,"drinks":false},{"name":"טורטיית רוסטביף","description":"","price":45,"vegan":true,"vegetarian":true,"image":"https://d25t2285lxl5rf.cloudfront.net/images/dishes/32334a32-6a77-40d8-adc6-88282a70bf3c.jpg","notFood":false,"drinks":false},{"name":"טורטיית עוף","description":"","price":45,"vegan":false,"vegetarian":false,"image":"https://d25t2285lxl5rf.cloudfront.net/images/dishes/379f5b00-bb39-475b-80dc-d21aeaffa2c9.jpg","notFood":false,"drinks":false},{"name":"טורטיית מעורב ירושלמי","description":"","price":45,"vegan":true,"vegetarian":true,"image":"https://d25t2285lxl5rf.cloudfront.net/images/dishes/694e9a0c-c883-41e5-b772-a4b88bc68629.jpg","notFood":false,"drinks":false},{"name":"טורטיית רצועות סטייק","description":"","price":45,"vegan":false,"vegetarian":false,"image":"","notFood":false,"drinks":false},{"name":"טורטיית בורגר 220 גר'","description":"","price":45,"vegan":true,"vegetarian":true,"image":"","notFood":false,"drinks":false},{"name":"טורטיית שניצלונים","description":"","price":45,"vegan":false,"vegetarian":false,"image":"","notFood":false,"drinks":false},{"name":"כריך רצועות סטייק","description":"","price":48,"vegan":false,"vegetarian":false,"image":"https://d25t2285lxl5rf.cloudfront.net/images/dishes/4b6c0319-ff05-49c8-9e5f-af677d13ee4c.jpg","notFood":false,"drinks":false},{"name":"כריך רוסטביף","description":"","price":48,"vegan":true,"vegetarian":true,"image":"https://d25t2285lxl5rf.cloudfront.net/images/dishes/9ff3bb8b-6a5b-4f88-87ff-0717232ba930.jpg","notFood":false,"drinks":false},{"name":"כריך עוף","description":"","price":48,"vegan":false,"vegetarian":false,"image":"https://d25t2285lxl5rf.cloudfront.net/images/dishes/c912f211-7969-4073-8a2c-a7f1c8478c7a.jpg","notFood":false,"drinks":false},{"name":"כריך מעורב ירושלמי","description":"","price":48,"vegan":true,"vegetarian":true,"image":"https://d25t2285lxl5rf.cloudfront.net/images/dishes/031dd726-ff5e-48d7-aa92-490fc7fedfd2.jpg","notFood":false,"drinks":false},{"name":"כריך בורגר 220 גר'","description":"","price":48,"vegan":true,"vegetarian":true,"image":"","notFood":false,"drinks":false},{"name":"כריך שניצלונים","description":"","price":48,"vegan":false,"vegetarian":false,"image":"","notFood":false,"drinks":false},{"name":"סלט רצועות סטייק","description":"","price":48,"vegan":false,"vegetarian":false,"image":"https://d25t2285lxl5rf.cloudfront.net/images/dishes/e4fb1ee3-723b-4c31-b210-6d5c6929ebe3.jpg","notFood":false,"drinks":false},{"name":"סלט רוסטביף","description":"","price":48,"vegan":true,"vegetarian":true,"image":"https://d25t2285lxl5rf.cloudfront.net/images/dishes/9ab851de-ad43-48c8-8c9a-8568b02371d6.jpg","notFood":false,"drinks":false},{"name":"סלט חזה עוף","description":"","price":48,"vegan":false,"vegetarian":false,"image":"https://d25t2285lxl5rf.cloudfront.net/images/dishes/36048de6-fb5d-451b-b882-594131e4b55f.jpg","notFood":false,"drinks":false},{"name":"סלט מעורב ירושלמי","description":"","price":48,"vegan":true,"vegetarian":true,"image":"https://d25t2285lxl5rf.cloudfront.net/images/dishes/9febb7af-b125-42ee-87a6-a06974255353.jpg","notFood":false,"drinks":false},{"name":"סלט שניצלונים","description":"","price":48,"vegan":false,"vegetarian":false,"image":"https://d25t2285lxl5rf.cloudfront.net/images/dishes/090300a7-12ba-481a-bdee-252b4c65b5f5.jpg","notFood":false,"drinks":false},{"name":"סלט בורגר 220 גר'","description":"","price":48,"vegan":true,"vegetarian":true,"image":"","notFood":false,"drinks":false},{"name":"המבורגר צמחוני (מסויה)","description":"","price":35,"vegan":false,"vegetarian":false,"image":"https://d25t2285lxl5rf.cloudfront.net/images/dishes/bc899b4c-0a64-4a66-af37-35bcb1743ec7.jpg","notFood":false,"drinks":false},{"name":"לחמניה ופטריית פורטובלו","description":"","price":35,"vegan":true,"vegetarian":true,"image":"https://d25t2285lxl5rf.cloudfront.net/images/dishes/dece1adf-d392-4033-8d91-2c9fa751d93a.jpg","notFood":false,"drinks":false},{"name":"המבורגר צמחוני","description":"","price":55,"vegan":false,"vegetarian":false,"image":"https://d25t2285lxl5rf.cloudfront.net/images/dishes/3259033.jpg","notFood":false,"drinks":false},{"name":"סלט פטריות פורטובלו","description":"","price":45,"vegan":true,"vegetarian":true,"image":"","notFood":false,"drinks":false},{"name":"א.י. המבורגר 80 גרם","description":"המבורגר 80 גרם עם חסה, עגבנייה, בצל וחמוצים. מוגש עם תוספת לבחירה, שקית הפתעה ושתיה","price":39,"vegan":false,"vegetarian":false,"image":"https://d25t2285lxl5rf.cloudfront.net/images/dishes/afb9d18e-b83d-4208-bcd1-45cd2fcea22b.jpg","notFood":false,"drinks":false},{"name":"א.י. שניצלונים","description":"מוגש עם תוספת לבחירה, שקית הפתעה, ושתיה","price":39,"vegan":false,"vegetarian":false,"image":"https://d25t2285lxl5rf.cloudfront.net/images/dishes/a7899a4b-71a9-4795-b47c-492314b0a560.jpg","notFood":false,"drinks":false},{"name":"א.י. חזה עוף בלחמנייה","description":"חזה עוף עם חסה, עגבנייה, בצל וחמוצים. מוגש עם תוספת לבחירה, שקית הפתעה, ושתיה","price":39,"vegan":false,"vegetarian":false,"image":"","notFood":false,"drinks":false},{"name":"מים מינרלים","description":"","price":8,"vegan":true,"vegetarian":true,"image":"","notFood":false,"drinks":false},{"name":"סודה","description":"","price":8,"vegan":true,"vegetarian":true,"image":"","notFood":false,"drinks":true},{"name":"קוקה קולה","description":"","price":10,"vegan":true,"vegetarian":true,"image":"","notFood":false,"drinks":true},{"name":"דיאט קולה","description":"","price":10,"vegan":true,"vegetarian":true,"image":"","notFood":false,"drinks":true},{"name":"קולה זירו","description":"","price":10,"vegan":true,"vegetarian":true,"image":"","notFood":false,"drinks":true},{"name":"פיוז טי","description":"","price":10,"vegan":true,"vegetarian":true,"image":"","notFood":false,"drinks":false},{"name":"תפוזים","description":"","price":10,"vegan":true,"vegetarian":true,"image":"","notFood":false,"drinks":false},{"name":"אשכוליות","description":"","price":10,"vegan":true,"vegetarian":true,"image":"","notFood":false,"drinks":false},{"name":"ענבים","description":"","price":10,"vegan":true,"vegetarian":true,"image":"","notFood":false,"drinks":true},{"name":"תות בננה","description":"","price":10,"vegan":true,"vegetarian":true,"image":"","notFood":false,"drinks":false},{"name":"קרלסברג בקבוק זכוכית","description":"","price":19,"vegan":true,"vegetarian":true,"image":"","notFood":false,"drinks":true},{"name":"סיידר תפוחים אלכוהולי SOMERSBY","description":"","price":25,"vegan":true,"vegetarian":true,"image":"","notFood":false,"drinks":true},{"name":"מים בטעם ענבים","description":"","price":10,"vegan":true,"vegetarian":true,"image":"","notFood":false,"drinks":true},{"name":"מים בטעם אפרסק","description":"","price":10,"vegan":true,"vegetarian":true,"image":"","notFood":false,"drinks":false},{"name":"מים בטעם תפוח","description":"","price":10,"vegan":true,"vegetarian":true,"image":"","notFood":false,"drinks":false}]}