{"track_id":"19305","filters":["homeMade","meatGrill"],"image":"https://tenbis-static.azureedge.net/restaurant-card-image/ResCard_19305_20200513170211.jpg","address":"המסגר, 4 אילת","location":[34.9577657,29.5671696],"name":"מסעדת שירז","city":"אילת","priceAverage":40.6551724137931,"menu":[{"name":"שניצל","price":43,"vegan":false,"vegetarian":false,"image":"https://d25t2285lxl5rf.cloudfront.net/images/dishes/f2d3586c-bfb9-46ef-af6f-99eafa6199e7.jpg","notFood":false,"drinks":false},{"name":"חזה עוף","price":43,"vegan":false,"vegetarian":false,"image":"https://d25t2285lxl5rf.cloudfront.net/images/dishes/e7a716a0-d76e-4167-acd7-c2aa03d11fd6.jpg","notFood":false,"drinks":false},{"name":"קבב","price":43,"vegan":false,"vegetarian":false,"image":"https://d25t2285lxl5rf.cloudfront.net/images/dishes/c1dc03c2-7b7c-440d-a4f2-9ae8e89cabf3.jpg","notFood":false,"drinks":false},{"name":"כבד עוף","price":43,"vegan":false,"vegetarian":false,"image":"https://d25t2285lxl5rf.cloudfront.net/images/dishes/8290c73e-c405-4e08-8d8a-0beaaee6bc53.jpg","notFood":false,"drinks":false},{"name":"פרגית","price":46,"vegan":false,"vegetarian":false,"image":"https://d25t2285lxl5rf.cloudfront.net/images/dishes/54cb6f80-592a-4861-bd2c-556c16f03e05.jpg","notFood":false,"drinks":false},{"name":"קציצות ברוטב משתנה","price":43,"vegan":true,"vegetarian":true,"image":"https://d25t2285lxl5rf.cloudfront.net/images/dishes/e405f576-c0d4-469f-a579-1026fd32d9e3.jpg","notFood":false,"drinks":false},{"name":"נתחי עוף ברוטב משתנה","price":43,"vegan":false,"vegetarian":false,"image":"https://d25t2285lxl5rf.cloudfront.net/images/dishes/5fea5ee7-2330-478b-bf54-4a0bf6223bfe.jpg","notFood":false,"drinks":false},{"name":"נתחי בקר ברוטב משתנה","price":43,"vegan":false,"vegetarian":false,"image":"https://d25t2285lxl5rf.cloudfront.net/images/dishes/19cd9213-8ffa-4e4d-a716-9a4b9384f62d.jpg","notFood":false,"drinks":false},{"name":"מנה צמחונית משתנה","price":43,"vegan":true,"vegetarian":true,"image":"https://d25t2285lxl5rf.cloudfront.net/images/dishes/36916414-0014-441d-bca0-d37f1ec8cb0c.jpg","notFood":false,"drinks":false},{"name":"שניצל","price":38,"vegan":false,"vegetarian":false,"image":"https://d25t2285lxl5rf.cloudfront.net/images/dishes/f2d3586c-bfb9-46ef-af6f-99eafa6199e7.jpg","notFood":false,"drinks":false},{"name":"חזה עוף","price":38,"vegan":false,"vegetarian":false,"image":"https://d25t2285lxl5rf.cloudfront.net/images/dishes/e7a716a0-d76e-4167-acd7-c2aa03d11fd6.jpg","notFood":false,"drinks":false},{"name":"קבב","price":38,"vegan":false,"vegetarian":false,"image":"https://d25t2285lxl5rf.cloudfront.net/images/dishes/c1dc03c2-7b7c-440d-a4f2-9ae8e89cabf3.jpg","notFood":false,"drinks":false},{"name":"כבד עוף","price":38,"vegan":false,"vegetarian":false,"image":"https://d25t2285lxl5rf.cloudfront.net/images/dishes/8290c73e-c405-4e08-8d8a-0beaaee6bc53.jpg","notFood":false,"drinks":false},{"name":"פרגית","price":41,"vegan":false,"vegetarian":false,"image":"https://d25t2285lxl5rf.cloudfront.net/images/dishes/54cb6f80-592a-4861-bd2c-556c16f03e05.jpg","notFood":false,"drinks":false},{"name":"קציצות ברוטב משתנה","price":38,"vegan":true,"vegetarian":true,"image":"https://d25t2285lxl5rf.cloudfront.net/images/dishes/e405f576-c0d4-469f-a579-1026fd32d9e3.jpg","notFood":false,"drinks":false},{"name":"נתחי עוף ברוטב משתנה","price":38,"vegan":false,"vegetarian":false,"image":"https://d25t2285lxl5rf.cloudfront.net/images/dishes/5fea5ee7-2330-478b-bf54-4a0bf6223bfe.jpg","notFood":false,"drinks":false},{"name":"נתחי בקר ברוטב משתנה","price":38,"vegan":false,"vegetarian":false,"image":"https://d25t2285lxl5rf.cloudfront.net/images/dishes/19cd9213-8ffa-4e4d-a716-9a4b9384f62d.jpg","notFood":false,"drinks":false},{"name":"מנה צמחונית משתנה","price":38,"vegan":true,"vegetarian":true,"image":"https://d25t2285lxl5rf.cloudfront.net/images/dishes/36916414-0014-441d-bca0-d37f1ec8cb0c.jpg","notFood":false,"drinks":false},{"name":"שניצל","price":41,"vegan":false,"vegetarian":false,"image":"https://d25t2285lxl5rf.cloudfront.net/images/dishes/25093a58-8b37-4ccf-a80a-1bc473587110.jpg","notFood":false,"drinks":false},{"name":"פרגית","price":44,"vegan":false,"vegetarian":false,"image":"https://d25t2285lxl5rf.cloudfront.net/images/dishes/1a8bc064-d7a0-43a3-8698-622112583d69.jpg","notFood":false,"drinks":false},{"name":"חזה עוף","price":41,"vegan":false,"vegetarian":false,"image":"https://d25t2285lxl5rf.cloudfront.net/images/dishes/c21d0bf4-b69d-4c23-807a-61acc9708d4d.jpg","notFood":false,"drinks":false},{"name":"קבב","price":41,"vegan":false,"vegetarian":false,"image":"https://d25t2285lxl5rf.cloudfront.net/images/dishes/ecfc0523-1776-4c3a-abbb-d42c911eefc6.jpg","notFood":false,"drinks":false},{"name":"כבד עוף","price":41,"vegan":false,"vegetarian":false,"image":"https://d25t2285lxl5rf.cloudfront.net/images/dishes/f02e4439-fd4b-4837-a400-f3f29bd04675.jpg","notFood":false,"drinks":false},{"name":"המבורגר","description":"בלחמנייה","price":43,"vegan":false,"vegetarian":false,"image":"https://d25t2285lxl5rf.cloudfront.net/images/dishes/0afb615b-d5fe-4b4e-a35f-560403498c9a.jpg","notFood":false,"drinks":false},{"name":"שניצל","price":38,"vegan":false,"vegetarian":false,"image":"https://d25t2285lxl5rf.cloudfront.net/images/dishes/ef733317-9120-47e7-9a9a-7c925913b34a.jpg","notFood":false,"drinks":false},{"name":"פרגית","price":41,"vegan":false,"vegetarian":false,"image":"https://d25t2285lxl5rf.cloudfront.net/images/dishes/37b70d32-d99a-4e52-9a05-69b1507d74f3.jpg","notFood":false,"drinks":false},{"name":"חזה עוף","price":38,"vegan":false,"vegetarian":false,"image":"https://d25t2285lxl5rf.cloudfront.net/images/dishes/bd0d1f1a-d118-4634-981a-783b88df3f7f.jpg","notFood":false,"drinks":false},{"name":"קבב","price":38,"vegan":false,"vegetarian":false,"image":"https://d25t2285lxl5rf.cloudfront.net/images/dishes/71dc707a-37c3-40b9-9d3d-32119f5f9403.jpg","notFood":false,"drinks":false},{"name":"כבד עוף","price":38,"vegan":false,"vegetarian":false,"image":"https://d25t2285lxl5rf.cloudfront.net/images/dishes/7e923f18-37f1-412a-b6a7-b67536aaccaa.jpg","notFood":false,"drinks":false}]}