{"track_id":"19332","filters":["meatGrill","salads"],"image":"https://tenbis-static.azureedge.net/restaurant-card-image/ResCard_19332_20200525153947.jpg","address":"התע\"ש, 14 כפר סבא","location":[34.9271584,32.1743746],"name":"קינג מיט","city":"כפר סבא","priceAverage":28.81578947368421,"menu":[{"name":"קינג מיט-אנטריקוט","description":"מגיע עם גוואקמולי, צ'ימיצ'ורי, חסה, בצל סגול, עגבניה, מלפפון חמוץ, מיונז שום, ציופטלה, איולי קארי","price":59,"vegan":false,"vegetarian":false,"image":"https://d25t2285lxl5rf.cloudfront.net/images/dishes/ef866179-d639-4484-9939-428d415f19ee.jpg","notFood":false,"drinks":false},{"name":"קינג רול אנטריקוט","description":"מגיע עם גוואקמולי, צ'ימיצ'ורי, חסה, בצל סגול, עגבניה, מלפפון חמוץ, מיונז שום, ציופטלה, איולי קארי","price":59,"vegan":false,"vegetarian":false,"image":"https://d25t2285lxl5rf.cloudfront.net/images/dishes/4fe7580d-ab02-4e19-bd11-5d8993f906c9.jpg","notFood":false,"drinks":false},{"name":"קינג מיקס","description":"טבעות בצל,צ'יפס וכדורי פירה","price":27,"vegan":true,"vegetarian":true,"image":"https://d25t2285lxl5rf.cloudfront.net/images/dishes/f6e8d900-422c-4fe7-816a-dae0f4421eb3.jpg","notFood":false,"drinks":false},{"name":"קינג מיט-אנטריקוט","description":"מגיע עם גוואקמולי, צ'ימיצ'ורי, חסה, בצל סגול, עגבניה, מלפפון חמוץ, מיונז שום, ציופטלה, איולי קארי","price":59,"vegan":false,"vegetarian":false,"image":"https://d25t2285lxl5rf.cloudfront.net/images/dishes/ef866179-d639-4484-9939-428d415f19ee.jpg","notFood":false,"drinks":false},{"name":"קינג צ'יקן","description":"מגיע עם גוואקמולי, צ'ימיצ'ורי, חסה, בצל סגול, עגבניה, מלפפון חמוץ, מיונז שום, ציופטלה, איולי קארי","price":57,"vegan":false,"vegetarian":false,"image":"https://d25t2285lxl5rf.cloudfront.net/images/dishes/1a761d4f-16b4-4aea-96b9-e5608c4b5dec.jpg","notFood":false,"drinks":false},{"name":"קינג בורגר טלה","description":"מגיע עם גוואקמולי, צ'ימיצ'ורי, חסה, בצל סגול, עגבניה, מלפפון חמוץ, מיונז שום, ציופטלה, איולי קארי","price":57,"vegan":false,"vegetarian":false,"image":"https://d25t2285lxl5rf.cloudfront.net/images/dishes/42f41f4f-4d77-44c5-a806-5203f065b73c.jpg","notFood":false,"drinks":false},{"name":"קינג פורטו צמחוני-פטריות פורטבלו","description":"מגיע עם גוואקמולי, צ'ימיצ'ורי, חסה, בצל סגול, עגבניה, מלפפון חמוץ, מיונז שום, ציופטלה, איולי קארי","price":56,"vegan":false,"vegetarian":false,"image":"","notFood":false,"drinks":false},{"name":"קינג רול אנטריקוט","description":"מגיע עם גוואקמולי, צ'ימיצ'ורי, חסה, בצל סגול, עגבניה, מלפפון חמוץ, מיונז שום, ציופטלה, איולי קארי","price":59,"vegan":false,"vegetarian":false,"image":"https://d25t2285lxl5rf.cloudfront.net/images/dishes/4fe7580d-ab02-4e19-bd11-5d8993f906c9.jpg","notFood":false,"drinks":false},{"name":"צ'יקן רול","description":"מגיע עם גוואקמולי, צ'ימיצ'ורי, חסה, בצל סגול, עגבניה, מלפפון חמוץ, מיונז שום, ציופטלה, איולי קארי","price":57,"vegan":false,"vegetarian":false,"image":"","notFood":false,"drinks":false},{"name":"בורגר רול","description":"מגיע עם גוואקמולי, צ'ימיצ'ורי, חסה, בצל סגול, עגבניה, מלפפון חמוץ, מיונז שום, ציופטלה, איולי קארי","price":57,"vegan":false,"vegetarian":false,"image":"","notFood":false,"drinks":false},{"name":"פורטו רול צמחוני","description":"מגיע עם גוואקמולי, צ'ימיצ'ורי, חסה, בצל סגול, עגבניה, מלפפון חמוץ, מיונז שום, ציופטלה, איולי קארי","price":56,"vegan":false,"vegetarian":false,"image":"","notFood":false,"drinks":false},{"name":"סלט אנטריקוט","description":"חסה, אבוקדו, עגבניות שרי, נבטים, קולסלאו, פלפל קלוי, בצל מטוגן, קרוטונים, אגוזים, בוטנים, בצל סגול, מלפפון חמוץ, רוטב שום, רוטב צ'יפוטלה, רוטב איולי קארי, רוטב שמן זית לימון","price":59,"vegan":false,"vegetarian":false,"image":"","notFood":false,"drinks":false},{"name":"סלט צ'יקן","description":"חסה, אבוקדו, עגבניות שרי, נבטים, קולסלאו, פלפל קלוי, בצל מטוגן, קרוטונים, אגוזים, בוטנים, בצל סגול, מלפפון חמוץ, רוטב שום, רוטב צ'יפוטלה, רוטב איולי קארי, רוטב שמן זית לימון","price":57,"vegan":false,"vegetarian":false,"image":"","notFood":false,"drinks":false},{"name":"סלט בורגר טלה","description":"חסה, אבוקדו, עגבניות שרי, נבטים, קולסלאו, פלפל קלוי, בצל מטוגן, קרוטונים, אגוזים, בוטנים, בצל סגול, מלפפון חמוץ, רוטב שום, רוטב צ'יפוטלה, רוטב איולי קארי, רוטב שמן זית לימון","price":57,"vegan":false,"vegetarian":false,"image":"","notFood":false,"drinks":false},{"name":"סלט פורטבלו","description":"חסה, אבוקדו, עגבניות שרי, נבטים, קולסלאו, פלפל קלוי, בצל מטוגן, קרוטונים, אגוזים, בוטנים, בצל סגול, מלפפון חמוץ, רוטב שום, רוטב צ'יפוטלה, רוטב איולי קארי, רוטב שמן זית לימון\n","price":56,"vegan":false,"vegetarian":false,"image":"","notFood":false,"drinks":false},{"name":"קינג מיקס","description":"טבעות בצל,צ'יפס וכדורי פירה","price":27,"vegan":true,"vegetarian":true,"image":"https://d25t2285lxl5rf.cloudfront.net/images/dishes/f6e8d900-422c-4fe7-816a-dae0f4421eb3.jpg","notFood":false,"drinks":false},{"name":"הום פרייז","description":"","price":33,"vegan":true,"vegetarian":true,"image":"","notFood":false,"drinks":false},{"name":"צי'פס אמריקאי","description":"","price":27,"vegan":true,"vegetarian":true,"image":"","notFood":false,"drinks":false},{"name":"טבעות בצל","description":"","price":25,"vegan":true,"vegetarian":true,"image":"","notFood":false,"drinks":false},{"name":"כנפיים ברוטב הבית","description":"","price":33,"vegan":false,"vegetarian":false,"image":"","notFood":false,"drinks":false},{"name":"כדורי פירה","description":"","price":25,"vegan":true,"vegetarian":true,"image":"","notFood":false,"drinks":false},{"name":"קטשופ","description":"","price":0,"vegan":true,"vegetarian":true,"image":"","notFood":false,"drinks":false},{"name":"מיונז","description":"","price":0,"vegan":false,"vegetarian":true,"image":"","notFood":false,"drinks":false},{"name":"רוטב קארי","description":"","price":2,"vegan":true,"vegetarian":true,"image":"","notFood":false,"drinks":false},{"name":"צ'יפוטלה","description":"","price":2,"vegan":false,"vegetarian":false,"image":"","notFood":false,"drinks":false},{"name":"שום","description":"","price":2,"vegan":true,"vegetarian":true,"image":"","notFood":false,"drinks":false},{"name":"ברביקיו","description":"","price":2,"vegan":true,"vegetarian":true,"image":"","notFood":false,"drinks":false},{"name":"צ'ילי מתוק","description":"","price":2,"vegan":true,"vegetarian":true,"image":"","notFood":false,"drinks":false},{"name":"חריף","description":"","price":2,"vegan":true,"vegetarian":true,"image":"","notFood":false,"drinks":false},{"name":"פסטו","description":"","price":2,"vegan":true,"vegetarian":true,"image":"","notFood":false,"drinks":false},{"name":"שזיפים","description":"","price":2,"vegan":true,"vegetarian":true,"image":"","notFood":false,"drinks":false},{"name":"שמן זית ולימון","description":"","price":2,"vegan":true,"vegetarian":true,"image":"","notFood":false,"drinks":false},{"name":"סרראצ'ה","description":"","price":2,"vegan":true,"vegetarian":true,"image":"","notFood":false,"drinks":false},{"name":"חלפיניו","description":"","price":2,"vegan":true,"vegetarian":true,"image":"","notFood":false,"drinks":false},{"name":"סודה","description":"","price":10,"vegan":true,"vegetarian":true,"image":"","notFood":false,"drinks":true},{"name":"פחית קולה","description":"","price":12,"vegan":true,"vegetarian":true,"image":"","notFood":false,"drinks":true},{"name":"פחית קולה זירו","description":"","price":12,"vegan":true,"vegetarian":true,"image":"","notFood":false,"drinks":true},{"name":"פחית ספרייט","description":"","price":12,"vegan":true,"vegetarian":true,"image":"","notFood":false,"drinks":true},{"name":"פחית ספרייט זירו","description":"","price":12,"vegan":true,"vegetarian":true,"image":"","notFood":false,"drinks":true},{"name":"בקבוק ענבים","description":"","price":13,"vegan":true,"vegetarian":true,"image":"","notFood":false,"drinks":true}]}