{"track_id":"19354","filters":["meatGrill","sandwichesWraps"],"image":"https://tenbis-static.azureedge.net/restaurant-card-image/ResCard_19354_20211209140159.jpg","address":"אלוף קלמן מגן, 3 תל אביב-יפו","location":[34.7865759,32.0713993],"name":"ביירן מרקט שרונה","city":"גבעתיים","priceAverage":44.702127659574465,"menu":[{"name":"שניצל בורגר","price":40,"vegan":false,"vegetarian":false,"image":"https://d25t2285lxl5rf.cloudfront.net/images/dishes/2662e3ce-4825-47e3-9801-f21cc53aebaf.jpg","notFood":false,"drinks":false},{"name":"שניצל בורגר - ארוחה","price":59,"vegan":false,"vegetarian":false,"image":"https://d25t2285lxl5rf.cloudfront.net/images/dishes/15a9bd0b-7523-4a19-a368-597157450225.png","notFood":false,"drinks":false},{"name":"שניצל במגש","price":55,"vegan":false,"vegetarian":false,"image":"https://d25t2285lxl5rf.cloudfront.net/images/dishes/c027acc8-e0ea-4295-bb66-aaea5806dd7f.jpg","notFood":false,"drinks":false},{"name":"שניצל במגש - ארוחה","price":65,"vegan":false,"vegetarian":false,"image":"https://d25t2285lxl5rf.cloudfront.net/images/dishes/427f79e1-67b0-4a63-bf6e-c0701620851f.png","notFood":false,"drinks":false},{"name":"פופקורן שניצל","price":36,"vegan":false,"vegetarian":false,"image":"https://d25t2285lxl5rf.cloudfront.net/images/dishes/652a2e11-201d-4c9f-8e35-d90644add8c7.png","notFood":false,"drinks":false},{"name":"bayern פיקנטית","description":"נקניקיית אנטריקוט","price":37,"vegan":false,"vegetarian":false,"image":"https://d25t2285lxl5rf.cloudfront.net/images/dishes/6ee8e790-a95d-4b1d-bb1d-c81c9d83bf94.png","notFood":false,"drinks":false},{"name":"לנדייגר","description":"נקניקיית ציידים - נקניקיית עגל אווז","price":37,"vegan":false,"vegetarian":false,"image":"https://d25t2285lxl5rf.cloudfront.net/images/dishes/d348ae93-e1e4-4906-ae99-f180e6a48e6f.png","notFood":false,"drinks":false},{"name":"קנקר עוף קלאסי","description":"נקניקיית עוף קריספית ","price":29,"vegan":false,"vegetarian":false,"image":"https://d25t2285lxl5rf.cloudfront.net/images/dishes/a7f71171-9990-4b00-b7ad-35704b02bc19.png","notFood":false,"drinks":false},{"name":"בראטוורסט קלאסית ממינכן","description":"נקניקיית עוף ועשבי תיבול ","price":32,"vegan":false,"vegetarian":false,"image":"https://d25t2285lxl5rf.cloudfront.net/images/dishes/f2c99ffe-5dc2-4912-a1b1-da85dff45125.png","notFood":false,"drinks":false},{"name":"שוייצר","description":"עגל במילוי גבינת אמנטל  ","price":37,"vegan":false,"vegetarian":true,"image":"https://d25t2285lxl5rf.cloudfront.net/images/dishes/8bee77ba-5566-46b5-9bbe-4ac3be49e023.png","notFood":false,"drinks":false},{"name":"צ'יזי דוג","description":" נקניקיית עגל במילוי גבינת אמנטל עם beer cheese קורנישורים ואיולי פרמז'ן \r\n","price":43,"vegan":false,"vegetarian":true,"image":"https://d25t2285lxl5rf.cloudfront.net/images/dishes/850eb48e-976e-4325-a9dc-338aa8336a5b.png","notFood":false,"drinks":false},{"name":"bayern פיקנטית","description":"נקניקיית אנטריקוט","price":48,"vegan":false,"vegetarian":false,"image":"https://d25t2285lxl5rf.cloudfront.net/images/dishes/1e7a1460-10c7-4d9d-8d37-be98bb9d2973.png","notFood":false,"drinks":false},{"name":"לנדייגר","description":"נקניקיית ציידים - נקניקיית עגל אווז","price":48,"vegan":false,"vegetarian":false,"image":"https://d25t2285lxl5rf.cloudfront.net/images/dishes/7bace1a9-a873-4aaf-821b-1b4736e261a7.png","notFood":false,"drinks":false},{"name":"קנקר עוף קלאסי","description":"נקניקיית עוף קריספית ","price":40,"vegan":false,"vegetarian":false,"image":"https://d25t2285lxl5rf.cloudfront.net/images/dishes/580cfc30-c469-49b6-9781-ad44f77c5603.png","notFood":false,"drinks":false},{"name":"בראטוורסט קלאסית ממינכן","description":"נקניקיית עוף ועשבי תיבול ","price":43,"vegan":false,"vegetarian":false,"image":"https://d25t2285lxl5rf.cloudfront.net/images/dishes/2213ee14-eca0-4c0a-9f89-997480a20462.png","notFood":false,"drinks":false},{"name":"שוייצר","description":"עגל במילוי גבינת אמנטל  ","price":48,"vegan":false,"vegetarian":true,"image":"https://d25t2285lxl5rf.cloudfront.net/images/dishes/e1aaee49-d469-452e-a7c6-cd107a273656.png","notFood":false,"drinks":false},{"name":"bayern פיקנטית","description":"נקניקיית אנטריקוט","price":59,"vegan":false,"vegetarian":false,"image":"https://d25t2285lxl5rf.cloudfront.net/images/dishes/3051228c-5888-42c6-b1eb-7a7a3e678488.png","notFood":false,"drinks":false},{"name":"לנדייגר","description":"נקניקיית ציידים - נקניקיית עגל אווז","price":59,"vegan":false,"vegetarian":false,"image":"https://d25t2285lxl5rf.cloudfront.net/images/dishes/8a39739e-8389-4bab-ba49-592bdb1e560d.png","notFood":false,"drinks":false},{"name":"קנקר עוף קלאסי","description":"נקניקיית עוף קריספית ","price":53,"vegan":false,"vegetarian":false,"image":"https://d25t2285lxl5rf.cloudfront.net/images/dishes/a8ec9f3c-e87e-477a-814f-57ff4ce6ef99.png","notFood":false,"drinks":false},{"name":"בראטוורסט קלאסית ממינכן","description":"נקניקיית עוף ועשבי תיבול ","price":55,"vegan":false,"vegetarian":false,"image":"https://d25t2285lxl5rf.cloudfront.net/images/dishes/c493ec33-d54b-4173-b9d3-4fa82fbd5017.png","notFood":false,"drinks":false},{"name":"שוייצר","description":"עגל במילוי גבינת אמנטל  ","price":59,"vegan":false,"vegetarian":true,"image":"https://d25t2285lxl5rf.cloudfront.net/images/dishes/041393ee-6632-491d-9931-213bdf7b767c.png","notFood":false,"drinks":false},{"name":"bayern פיקנטית","description":"נקניקיית אנטריקוט","price":69,"vegan":false,"vegetarian":false,"image":"https://d25t2285lxl5rf.cloudfront.net/images/dishes/c302c4aa-3a8f-4381-a4e1-c853fd5448e3.png","notFood":false,"drinks":false},{"name":"לנדייגר","description":"נקניקיית ציידים - נקניקיית עגל אווז","price":69,"vegan":false,"vegetarian":false,"image":"https://d25t2285lxl5rf.cloudfront.net/images/dishes/98dd5c0b-d061-44a0-af81-a9fb73d61516.png","notFood":false,"drinks":false},{"name":"קנקר עוף קלאסי","description":"נקניקיית עוף קריספית ","price":63,"vegan":false,"vegetarian":false,"image":"https://d25t2285lxl5rf.cloudfront.net/images/dishes/24ba0301-319b-491b-977e-db270c522d0a.png","notFood":false,"drinks":false},{"name":"בראטוורסט קלאסית ממינכן","description":"נקניקיית עוף ועשבי תיבול ","price":65,"vegan":false,"vegetarian":false,"image":"https://d25t2285lxl5rf.cloudfront.net/images/dishes/557606ec-0513-4f12-bd8e-c8bf803655cd.png","notFood":false,"drinks":false},{"name":"שוייצר","description":"עגל במילוי גבינת אמנטל  ","price":69,"vegan":false,"vegetarian":true,"image":"https://d25t2285lxl5rf.cloudfront.net/images/dishes/5d1f3c2a-a361-4f0d-a1f7-c7911bebe73e.png","notFood":false,"drinks":false},{"name":"bayern פיקנטית","description":"נקניקיית אנטריקוט","price":79,"vegan":false,"vegetarian":false,"image":"https://d25t2285lxl5rf.cloudfront.net/images/dishes/4d126bbc-9031-48c8-8553-262d083caefc.png","notFood":false,"drinks":false},{"name":"לנדייגר","description":"נקניקיית ציידים - נקניקיית עגל אווז","price":79,"vegan":false,"vegetarian":false,"image":"https://d25t2285lxl5rf.cloudfront.net/images/dishes/994786af-36dd-4da1-aa83-fc7541e4c3e2.png","notFood":false,"drinks":false},{"name":"קנקר עוף קלאסי","description":"נקניקיית עוף קריספית ","price":73,"vegan":false,"vegetarian":false,"image":"https://d25t2285lxl5rf.cloudfront.net/images/dishes/97b3524d-8e09-4bad-9e2e-971446fe3b3d.png","notFood":false,"drinks":false},{"name":"בראטוורסט קלאסית ממינכן","description":"נקניקיית עוף ועשבי תיבול ","price":75,"vegan":false,"vegetarian":false,"image":"https://d25t2285lxl5rf.cloudfront.net/images/dishes/d17952cd-e8fb-4367-9e62-5e7ff16aa126.png","notFood":false,"drinks":false},{"name":"שוייצר","description":"עגל במילוי גבינת אמנטל  ","price":79,"vegan":false,"vegetarian":true,"image":"https://d25t2285lxl5rf.cloudfront.net/images/dishes/6a5327da-e60d-47a7-a4d0-02b00ef672eb.png","notFood":false,"drinks":false},{"name":"שוויצר","description":" מארז של כ- 4 יח' נקניקיות עגל במילוי גבינת אמנטל   \r\n","price":54,"vegan":false,"vegetarian":true,"image":"https://d25t2285lxl5rf.cloudfront.net/images/dishes/f134dda5-fdaa-4d6c-bccb-281ef3bc34f5.png","notFood":false,"drinks":false},{"name":"לנדייגר","description":" מארז של  כ- 6 יח' נקניקיות עגל אווז \r\n","price":54,"vegan":false,"vegetarian":false,"image":"https://d25t2285lxl5rf.cloudfront.net/images/dishes/db816b1e-0f3f-4feb-a270-d2ef1f0ba08e.png","notFood":false,"drinks":false},{"name":"בראטוורסט","description":" מארז של כ- 4 יח' נקניקיות עוף ועשבי טיבול \r\n","price":49,"vegan":false,"vegetarian":false,"image":"https://d25t2285lxl5rf.cloudfront.net/images/dishes/c8694a9b-802e-4f3d-b607-f712b492cfde.png","notFood":false,"drinks":false},{"name":"קנקר עוף","description":"מארז של כ- 5 יח' נקניקיות   ","price":49,"vegan":false,"vegetarian":false,"image":"https://d25t2285lxl5rf.cloudfront.net/images/dishes/9d890fa0-8971-493c-8ff2-aafe165f0597.png","notFood":false,"drinks":false},{"name":"מארז נקניקיות ילדים","description":"מארז של כ- 9 נקניקיות עוף ","price":49,"vegan":false,"vegetarian":false,"notFood":false,"drinks":false},{"name":"צ'יפס קטן","price":15,"vegan":true,"vegetarian":true,"notFood":false,"drinks":false},{"name":"צ'יפס גדול","price":19,"vegan":true,"vegetarian":true,"notFood":false,"drinks":false},{"name":"טבעות בצל אמיתי רגיל","price":17,"vegan":true,"vegetarian":true,"notFood":false,"drinks":false},{"name":"טבעות בצל אמיתי גדול","price":25,"vegan":true,"vegetarian":true,"notFood":false,"drinks":false},{"name":"פפסי","price":10,"vegan":true,"vegetarian":true,"notFood":false,"drinks":true},{"name":"ענבים","price":10,"vegan":true,"vegetarian":true,"notFood":false,"drinks":true},{"name":"מינרלים","price":8,"vegan":true,"vegetarian":true,"notFood":false,"drinks":false},{"name":"פפסי מקס","price":10,"vegan":true,"vegetarian":true,"notFood":false,"drinks":true},{"name":"סבן אפ","price":10,"vegan":true,"vegetarian":true,"notFood":false,"drinks":false},{"name":"סבן אפ FREE","price":10,"vegan":true,"vegetarian":true,"notFood":false,"drinks":false},{"name":"נסטי אפרסק","price":10,"vegan":true,"vegetarian":true,"notFood":false,"drinks":true}]}