{"track_id":"19397","filters":["pizza"],"image":"https://tenbis-static.azureedge.net/restaurant-default-card-image/CuzineType_pizza_06.jpg","address":"הרב כהנמן, 100 בני ברק","location":[34.8419952,32.0781565],"name":"פיצה טוונטי פייב","city":"בני ברק","priceAverage":16.48076923076923,"menu":[{"name":"משפחתית L","price":32,"vegan":true,"vegetarian":true,"image":"https://d25t2285lxl5rf.cloudfront.net/images/dishes/28db3ebc-0f4f-4ce5-b0de-b47c5390bef0.jpg","notFood":false,"drinks":false},{"name":"פיצה אישית","price":20,"vegan":false,"vegetarian":true,"image":"https://d25t2285lxl5rf.cloudfront.net/images/dishes/e0af1949-07f7-43e1-8939-651b6b6bb9a8.jpg","notFood":false,"drinks":false},{"name":"ענקית XL","price":41,"vegan":true,"vegetarian":true,"notFood":false,"drinks":false},{"name":"זיווה","price":23,"vegan":true,"vegetarian":true,"image":"https://d25t2285lxl5rf.cloudfront.net/images/dishes/44ce4dc9-8103-4085-b8da-eaa074f8b977.jpg","notFood":false,"drinks":false},{"name":"מלאווח רגיל","price":20,"vegan":true,"vegetarian":true,"image":"https://d25t2285lxl5rf.cloudfront.net/images/dishes/6a1e4336-dbde-4e86-aad4-ab2154b38c03.jpg","notFood":false,"drinks":false},{"name":"מלאווח מגולגל","description":"מלאווח מגולגל מוגש בליווי גבינה","price":22,"vegan":false,"vegetarian":true,"image":"https://d25t2285lxl5rf.cloudfront.net/images/dishes/7f75907d-b0a2-4778-9718-cbbbe73d5274.jpg","notFood":false,"drinks":false},{"name":"מלאווח פיצה","price":22,"vegan":false,"vegetarian":true,"image":"https://d25t2285lxl5rf.cloudfront.net/images/dishes/b83c94c8-f700-4e1e-acb4-c3cc8c834f19.jpg","notFood":false,"drinks":false},{"name":"לחם שום אישי","price":12,"vegan":true,"vegetarian":true,"image":"https://d25t2285lxl5rf.cloudfront.net/images/dishes/ada8e3b1-f9c5-4905-b260-ea74446ae5df.jpg","notFood":false,"drinks":false},{"name":"בורקס גבינה","description":"אפייה במקום","price":17,"vegan":false,"vegetarian":true,"notFood":false,"drinks":false},{"name":"לחם שום משפחתי","price":20,"vegan":true,"vegetarian":true,"notFood":false,"drinks":false},{"name":"ג'חנון עם ביצה","price":23,"vegan":false,"vegetarian":true,"notFood":false,"drinks":false},{"name":"טוסט בהרכבה","description":"שלוש תוספות לבחירה ","price":25,"vegan":true,"vegetarian":true,"image":"https://d25t2285lxl5rf.cloudfront.net/images/dishes/f1eb6e31-3252-4f1c-a09f-c82be17368da.jpg","notFood":false,"drinks":false},{"name":"סלט בולגרית - גדול","price":33,"vegan":false,"vegetarian":true,"image":"https://d25t2285lxl5rf.cloudfront.net/images/dishes/ccf76af7-5622-4ade-8073-50c99ec09d89.jpg","notFood":false,"drinks":false},{"name":"סלט בולגרית - אישי","price":20,"vegan":false,"vegetarian":true,"image":"https://d25t2285lxl5rf.cloudfront.net/images/dishes/300c5ced-a764-4f7e-848d-26e932860ec7.jpg","notFood":false,"drinks":false},{"name":"סלט טונה - גדול","price":33,"vegan":false,"vegetarian":false,"image":"https://d25t2285lxl5rf.cloudfront.net/images/dishes/e601fcfb-738f-43de-99b3-5aa18acd77d3.jpg","notFood":false,"drinks":false},{"name":"סלט טונה - אישי","price":20,"vegan":false,"vegetarian":false,"image":"https://d25t2285lxl5rf.cloudfront.net/images/dishes/340e3edb-acdb-44af-ac3b-28ecde791013.jpg","notFood":false,"drinks":false},{"name":"פסטה ברוטב שמנת פטריות","price":33,"vegan":false,"vegetarian":true,"image":"https://d25t2285lxl5rf.cloudfront.net/images/dishes/e6308721-be5d-46ca-b54b-015568d56a8e.jpg","notFood":false,"drinks":false},{"name":"פסטה ברוטב עגבניות","price":30,"vegan":true,"vegetarian":true,"notFood":false,"drinks":false},{"name":"בקבוק אחד וחצי ליטר קוקה קולה","price":12,"vegan":true,"vegetarian":true,"notFood":false,"drinks":true},{"name":"בקבוק אחד וחצי ליטר קוקה קולה זירו","price":12,"vegan":true,"vegetarian":true,"notFood":false,"drinks":true},{"name":"בקבוק אחד וחצי ליטר פאנטה","price":12,"vegan":true,"vegetarian":true,"notFood":false,"drinks":true},{"name":"בקבוק אחד וחצי ליטר דיאט ספרייט","price":12,"vegan":true,"vegetarian":true,"notFood":false,"drinks":true},{"name":"בקבוק אחד וחצי ליטר ענבים","price":12,"vegan":true,"vegetarian":true,"notFood":false,"drinks":true},{"name":"בקבוק אחד וחצי ליטר תפוזים","price":12,"vegan":true,"vegetarian":true,"notFood":false,"drinks":true},{"name":"בקבוק אחד וחצי ליטר תות בננה","price":12,"vegan":true,"vegetarian":true,"notFood":false,"drinks":true},{"name":"בקבוק אחד וחצי ליטר פיוזטי","price":12,"vegan":true,"vegetarian":true,"notFood":false,"drinks":true},{"name":"בקבוק אחד וחצי ליטר מים","price":12,"vegan":true,"vegetarian":true,"notFood":false,"drinks":true},{"name":"בקבוק חצי ליטר פיוזטי","price":12,"vegan":true,"vegetarian":true,"notFood":false,"drinks":true},{"name":"בקבוק חצי ליטר קוקה קולה","price":9,"vegan":true,"vegetarian":true,"notFood":false,"drinks":true},{"name":"בקבוק חצי ליטר קוקה קולה זירו","price":9,"vegan":true,"vegetarian":true,"notFood":false,"drinks":true},{"name":"בקבוק חצי ליטר ענבים","price":9,"vegan":true,"vegetarian":true,"notFood":false,"drinks":true},{"name":"בקבוק חצי ליטר תפוזים","price":9,"vegan":true,"vegetarian":true,"notFood":false,"drinks":true},{"name":"בקבוק חצי ליטר מים","price":9,"vegan":true,"vegetarian":true,"notFood":false,"drinks":true},{"name":"פחית קוקה קולה","price":8,"vegan":true,"vegetarian":true,"notFood":false,"drinks":true},{"name":"פחית קוקה קולה זירו","price":8,"vegan":true,"vegetarian":true,"notFood":false,"drinks":true},{"name":"פחית ספרייט","price":8,"vegan":true,"vegetarian":true,"notFood":false,"drinks":true},{"name":"פחית פאנטה","price":8,"vegan":true,"vegetarian":true,"notFood":false,"drinks":false},{"name":"פחית תות בננה","price":8,"vegan":true,"vegetarian":true,"notFood":false,"drinks":false},{"name":"פחית מנגו","price":8,"vegan":true,"vegetarian":true,"notFood":false,"drinks":false},{"name":"טרופית","price":3,"vegan":true,"vegetarian":true,"notFood":false,"drinks":false},{"name":"בקבוק אחד וחצי ליטר ספרייט","price":12,"vegan":true,"vegetarian":true,"notFood":false,"drinks":true},{"name":"פיצה שמנת","price":37,"vegan":false,"vegetarian":true,"notFood":false,"drinks":false},{"name":"פיצה טבעונית","price":37,"vegan":true,"vegetarian":true,"notFood":false,"drinks":false},{"name":"פיצה ללא גלוטן","price":37,"vegan":false,"vegetarian":true,"notFood":false,"drinks":false},{"name":"גילגולי פירה 8 יח'","price":15,"vegan":true,"vegetarian":true,"notFood":false,"drinks":false},{"name":"טבעות בצל 8 יח'","price":15,"vegan":true,"vegetarian":true,"notFood":false,"drinks":false},{"name":"צ'יפס","price":15,"vegan":true,"vegetarian":true,"notFood":false,"drinks":false},{"name":"הום פרייז","price":22,"vegan":true,"vegetarian":true,"notFood":false,"drinks":false},{"name":"רוטב אלפיים","price":1,"vegan":true,"vegetarian":true,"notFood":false,"drinks":false},{"name":"רוטב הבית","price":2,"vegan":true,"vegetarian":true,"notFood":false,"drinks":false},{"name":"רוטב שום","price":1,"vegan":true,"vegetarian":true,"notFood":false,"drinks":false},{"name":"רוטב חריף","price":1,"vegan":true,"vegetarian":true,"notFood":false,"drinks":false}]}