{"track_id":"19410","filters":["asianFusion","japaneseSushi","veganFood"],"image":"https://tenbis-static.azureedge.net/restaurant-card-image/ResCard_19410_20220110153422.jpg","address":"רפפורט, 3 כפר סבא","location":[34.8912926,32.1924547],"name":"אושי אושי כפר סבא","city":"בני דרור","priceAverage":48.66438356164384,"menu":[{"name":"סאנסט","description":"8 יחידות עם ספייסי סלמון, אבוקדו ובטטה, בציפוי סלמון צרוב, שבבי בטטה, טמפורה, עירית ושומשום עם ספייסי מיונז וטריאקי מעל","price":53,"vegan":false,"vegetarian":false,"image":"https://d25t2285lxl5rf.cloudfront.net/images/dishes/2599ff49-fbef-4adc-a918-af4908fda71e.png","notFood":false,"drinks":false},{"name":"סלמון טמפורה","description":"8 יחידות עם סלמון נא ואבוקדו, בציפוי שבבי טמפורה","price":38,"vegan":false,"vegetarian":false,"image":"https://d25t2285lxl5rf.cloudfront.net/images/dishes/7a511b49-3594-4f85-9ce7-fb1ce53aaae2.png","notFood":false,"drinks":false},{"name":"ראסטי","description":"8 יחידות עם סלמון אפוי בטריאקי, טמגו, קנפיו, אבוקדו ומלפפון, במעטפת בטטה קריספי","price":42,"vegan":false,"vegetarian":false,"image":"https://d25t2285lxl5rf.cloudfront.net/images/dishes/458f3430-3dd1-47ba-8852-4f494868e660.png","notFood":false,"drinks":false},{"name":"פאד תאי אושי","description":"אטריות אורז,ביצה, גזר, כרוב, נבטים, בצל ירוק ובוטנים. מוגש עם לימון בצד\nמוגש עם עוף ","price":62,"vegan":false,"vegetarian":false,"image":"https://d25t2285lxl5rf.cloudfront.net/images/dishes/65cffb27-6222-4250-8adf-c3823715fe35.png","notFood":false,"drinks":false},{"name":"שוגון","description":"8 יחידות עם טונה, דניס, סלמון ואבוקדו במעטפת עירית","price":49,"vegan":false,"vegetarian":false,"image":"https://d25t2285lxl5rf.cloudfront.net/images/dishes/ca97042c-a60b-45e8-a87b-04d120ef853e.png","notFood":false,"drinks":false},{"name":"דיינמייט","description":"8 יחידות עם סלמון אפוי בטריאקי ומלפפון, בציפוי אבוקדו","price":39,"vegan":false,"vegetarian":false,"image":"https://d25t2285lxl5rf.cloudfront.net/images/dishes/b42d98d6-162e-40c3-a3bb-8942799cc7b6.png","notFood":false,"drinks":false},{"name":"קימצ'י","description":"חמוצים אסיאתיים ושומשום קלוי מעל","price":22,"vegan":true,"vegetarian":true,"image":"https://d25t2285lxl5rf.cloudfront.net/images/dishes/e59b6251-ec56-462e-ba2e-63a99b99d5c4.png","notFood":false,"drinks":false},{"name":"אגרול צמחוני","description":"שתי יחידות","price":27,"vegan":true,"vegetarian":true,"image":"https://d25t2285lxl5rf.cloudfront.net/images/dishes/f2f80ad4-139a-4f4b-ab76-c3eb02bef6b8.png","notFood":false,"drinks":false},{"name":"אדממה","description":"עם מלח גס","price":23,"vegan":true,"vegetarian":true,"image":"https://d25t2285lxl5rf.cloudfront.net/images/dishes/ecab2d12-117c-44bf-b758-efff24bb316f.png","notFood":false,"drinks":false},{"name":"אורז לבן","description":"עם שומשום קלוי מעל","price":21,"vegan":true,"vegetarian":true,"image":"https://d25t2285lxl5rf.cloudfront.net/images/dishes/add0c5a1-ccf6-47bf-97fb-1ba32b7d53d4.jpg","notFood":false,"drinks":false},{"name":"גיוזה צמחוני","description":"ארבעה כיסוני בצק יפני עם ירקות ושומשום קלוי מעל","price":32,"vegan":true,"vegetarian":true,"image":"https://d25t2285lxl5rf.cloudfront.net/images/dishes/a0c33c1a-6a13-4a79-8e1b-2b32d086ea24.png","notFood":false,"drinks":false},{"name":"גיוזה בשרי","description":"2 יח בקר 2 יח עוף","price":34,"vegan":false,"vegetarian":false,"image":"https://d25t2285lxl5rf.cloudfront.net/images/dishes/f5282dd4-1fcc-4baa-97e0-4b353b3ab894.png","notFood":false,"drinks":false},{"name":"סלט מלפפונים","description":"רצועות מלפפונים, חסה, כוסברה, נענע, בצל סגול, רצועות עוף ובוטנים, ברוטב וואסבי מתוק.","price":46,"vegan":false,"vegetarian":false,"image":"https://d25t2285lxl5rf.cloudfront.net/images/dishes/1462273.jpg","notFood":false,"drinks":false},{"name":"היאשי אושי","description":"סלט אצות עם אטריות זכוכית, שערות גזר, שערות מלפפון ושומשום קלוי מעל","price":41,"vegan":true,"vegetarian":true,"image":"https://d25t2285lxl5rf.cloudfront.net/images/dishes/df8cff22-4d18-45cb-993c-1a71626cdb99.png","notFood":false,"drinks":false},{"name":"סלט קניקמה","description":"סורימי דג, אספרגוס, גזר, שערות מלפפון, בייבי וקריספי בטטה","price":37,"vegan":false,"vegetarian":false,"image":"https://d25t2285lxl5rf.cloudfront.net/images/dishes/b6965bb4-1899-45f7-ad86-8b553183ec37.png","notFood":false,"drinks":false},{"name":"סלט טופו","description":"טופו בטריאקי, מלפפון, אבוקדו, בייבי מיקס ושומשום קלוי מעל","price":38,"vegan":true,"vegetarian":true,"image":"https://d25t2285lxl5rf.cloudfront.net/images/dishes/114736ff-0d9e-4899-9391-443f43dc62d7.png","notFood":false,"drinks":false},{"name":"סלט אוסקה","description":"קוביות חזה עוף עם אבוקדו, עגבניות שרי, גזר, בצל סגול וירוק, עליי בייבי וקריספי בטטה","price":45,"vegan":false,"vegetarian":false,"image":"https://d25t2285lxl5rf.cloudfront.net/images/dishes/d3dfd626-9afc-42e2-b4c2-eb6a42f436c5.png","notFood":false,"drinks":false},{"name":"סלט סנצ'אי","description":"סלט חסות, גזר, כרוב לבן, כרוב אדום, בוטנים וקריספי בטטה בויניגרייט כוסברה וחומץ מירין","price":44,"vegan":true,"vegetarian":true,"image":"https://d25t2285lxl5rf.cloudfront.net/images/dishes/6f02fd2f-a9f4-4b4a-896b-831aed5ff355.png","notFood":false,"drinks":false},{"name":"ספיישל אושי באן סלמון","description":"זוג לחמניות שמרים מאודות עם סלמון מטוגן בציפוי פאנקו עם רוטב טחינה יפנית וכוסברה. מוגש בליווי חמוצים יפנים ורסק צ'ילי בצד.","price":54,"vegan":false,"vegetarian":false,"image":"https://d25t2285lxl5rf.cloudfront.net/images/dishes/8b3d6b7e-0630-4344-bea0-7b021ceee400.png","notFood":false,"drinks":false},{"name":"ספיישל אושי באן טופו","description":"זוג לחמניות שמרים מאודות עם טופו מטוגן בציפוי פאנקו עם רוטב טחינה יפנית וכוסברה. מוגש בליווי חמוצים יפנים ורסק צ'ילי בצד","price":44,"vegan":true,"vegetarian":true,"image":"https://d25t2285lxl5rf.cloudfront.net/images/dishes/0e09ea3a-7c02-4587-be36-043aa0cdcb64.png","notFood":false,"drinks":false},{"name":"פטריות בטמפורה","description":"פטריות טריות במעטפת טמפורה ופנקו מוגש ברוטב ויניגרייט אסייתי ושומשום קלוי מעל","price":35,"vegan":true,"vegetarian":true,"image":"https://d25t2285lxl5rf.cloudfront.net/images/dishes/aa5d00c8-36ef-46b3-a1f4-3f4e32cdf84f.png","notFood":false,"drinks":false},{"name":"דים סאם צמחוני","description":"2 שיטקי, 1 בטטה, 1 תרד\nעם שומשום קלוי מעל","price":32,"vegan":true,"vegetarian":true,"image":"https://d25t2285lxl5rf.cloudfront.net/images/dishes/3ecf7a06-6d75-4726-a025-154053f1e2de.png","notFood":false,"drinks":false},{"name":"דים סאם בשרי","description":"2 עוף, 2 בקר\nעם שומשום קלוי מעל","price":34,"vegan":false,"vegetarian":false,"image":"https://d25t2285lxl5rf.cloudfront.net/images/dishes/b48229f0-d3fe-4ef4-9ba2-f903669cc596.png","notFood":false,"drinks":false},{"name":"פיש אנד ציפס","description":"אצבעות סלמון בפנקו לצד פוטטוס עם ספייסי מיונז וצילי מתוק","price":49,"vegan":false,"vegetarian":false,"image":"https://d25t2285lxl5rf.cloudfront.net/images/dishes/e89c5e12-92e8-46c3-9e1d-bdffccde0fe5.jpg","notFood":false,"drinks":false},{"name":"מרק טום יאם","description":"מרק טום יאם עם עגבניות שרי, פטריות, כוסברה ובצל ירוק","price":31,"vegan":true,"vegetarian":true,"image":"https://d25t2285lxl5rf.cloudfront.net/images/dishes/2c7370d0-c995-4973-95d4-2dfda648a44f.png","notFood":false,"drinks":false},{"name":"מיסו שירו","description":"מרק מיסו עם טופו, בצל ירוק, אצות ים ופטריות","price":26,"vegan":true,"vegetarian":true,"image":"https://d25t2285lxl5rf.cloudfront.net/images/dishes/e4185fc5-4442-4e44-9d71-98bf41a7bb8f.png","notFood":false,"drinks":false},{"name":"מיסו נודל סופ","description":"אטריות זכוכית, טמגו, תירס, אספרגוס, צ'ילי ובצל ירוק","price":26,"vegan":true,"vegetarian":true,"image":"https://d25t2285lxl5rf.cloudfront.net/images/dishes/0aad5d5e-2275-4067-a68b-5f3e500d1eb1.png","notFood":false,"drinks":false},{"name":"נודלס ילדים","description":"","price":46,"vegan":true,"vegetarian":true,"image":"","notFood":false,"drinks":false},{"name":"שניצלונים וצ'יפס","description":"","price":45,"vegan":false,"vegetarian":false,"image":"","notFood":false,"drinks":false},{"name":"הערה- המיונז הינו טבעוני","description":"","price":0,"vegan":false,"vegetarian":true,"image":"","notFood":false,"drinks":false},{"name":"ניגירי טמאגו","description":"2 יחידות","price":21,"vegan":false,"vegetarian":true,"image":"https://d25t2285lxl5rf.cloudfront.net/images/dishes/5ba68c2c-b931-4037-ab82-4f18323d6a34.png","notFood":false,"drinks":false},{"name":"ניגירי סלמון","description":"2 יחידות","price":27,"vegan":false,"vegetarian":false,"image":"https://d25t2285lxl5rf.cloudfront.net/images/dishes/980b0ad2-e11c-4081-8b2c-d8a34f61b550.png","notFood":false,"drinks":false},{"name":"ניגירי אבוקדו","description":"2 יחידות","price":25,"vegan":true,"vegetarian":true,"image":"https://d25t2285lxl5rf.cloudfront.net/images/dishes/2e3e0545-50a2-4b3a-9a14-7009918fd8fb.png","notFood":false,"drinks":false},{"name":"ניגירי טונה","description":"2 יחידות","price":28,"vegan":false,"vegetarian":false,"image":"https://d25t2285lxl5rf.cloudfront.net/images/dishes/500870.gif","notFood":false,"drinks":false},{"name":"ניגירי דניס","description":"2 יחידות","price":28,"vegan":false,"vegetarian":false,"image":"https://d25t2285lxl5rf.cloudfront.net/images/dishes/2a90ebb6-94f6-4e85-89f5-36b00e9ed8f7.png","notFood":false,"drinks":false},{"name":"הערה- המיונז הינו טבעוני","description":"","price":0,"vegan":false,"vegetarian":true,"image":"","notFood":false,"drinks":false},{"name":"סשימי סלמון - 3 יחידות","description":"","price":35,"vegan":false,"vegetarian":false,"image":"https://d25t2285lxl5rf.cloudfront.net/images/dishes/236ba936-aa52-4240-b31c-ef12896aefa4.png","notFood":false,"drinks":false},{"name":"סשימי סלמון - 5 יחידות","description":"","price":41,"vegan":false,"vegetarian":false,"image":"https://d25t2285lxl5rf.cloudfront.net/images/dishes/31a29001-fd2d-4d1e-89fc-d01d87ba2840.png","notFood":false,"drinks":false},{"name":"סשימי דניס - 3 יחידות","description":"","price":38,"vegan":false,"vegetarian":false,"image":"https://d25t2285lxl5rf.cloudfront.net/images/dishes/d5ef8bd3-0411-4dcb-8a1f-ea8e0d8de5a2.png","notFood":false,"drinks":false},{"name":"סשימי דניס - 5 יחידות","description":"","price":48,"vegan":false,"vegetarian":false,"image":"https://d25t2285lxl5rf.cloudfront.net/images/dishes/78b74819-87d2-4aca-8b64-28df584266fb.png","notFood":false,"drinks":false},{"name":"סשימי טונה - 3 יחידות","description":"","price":38,"vegan":false,"vegetarian":false,"image":"https://d25t2285lxl5rf.cloudfront.net/images/dishes/883c9738-7bac-4c81-97ee-3be3db40bcaa.jpg","notFood":false,"drinks":false},{"name":"סשימי טונה - 5 יחידות","description":"","price":48,"vegan":false,"vegetarian":false,"image":"https://d25t2285lxl5rf.cloudfront.net/images/dishes/984aad5b-09ea-4f96-aaba-c0d593e4c5ab.jpg","notFood":false,"drinks":false},{"name":"הערה- המיונז הינו טבעוני","description":"","price":0,"vegan":false,"vegetarian":true,"image":"","notFood":false,"drinks":false},{"name":"מאקי אבוקדו","description":"","price":24,"vegan":true,"vegetarian":true,"image":"https://d25t2285lxl5rf.cloudfront.net/images/dishes/9e98247b-805d-49cb-8113-4ceb9271d463.png","notFood":false,"drinks":false},{"name":"מאקי מלפפון","description":"מאקי מלפפון","price":24,"vegan":true,"vegetarian":true,"image":"https://d25t2285lxl5rf.cloudfront.net/images/dishes/8b5e6be1-5314-4e77-a5ba-07864c72971e.png","notFood":false,"drinks":false},{"name":"מאקי גזר","description":"","price":24,"vegan":true,"vegetarian":true,"image":"https://d25t2285lxl5rf.cloudfront.net/images/dishes/69210527-070a-4185-853c-2001a6d4c5ad.png","notFood":false,"drinks":false},{"name":"מאקי אספרגוס","description":"","price":24,"vegan":true,"vegetarian":true,"image":"https://d25t2285lxl5rf.cloudfront.net/images/dishes/bc9a67c1-8965-4cd0-af6e-ed459456c174.png","notFood":false,"drinks":false},{"name":"מאקי בטטה","description":"","price":24,"vegan":true,"vegetarian":true,"image":"https://d25t2285lxl5rf.cloudfront.net/images/dishes/11b654c5-8793-4ed6-baf4-11e8bfb7bce0.png","notFood":false,"drinks":false},{"name":"מאקי קנפיו","description":"","price":24,"vegan":true,"vegetarian":true,"image":"https://d25t2285lxl5rf.cloudfront.net/images/dishes/7a2dd803-78f1-4a5f-abb8-dd433e88184b.png","notFood":false,"drinks":false},{"name":"מאקי טמגו","description":"","price":24,"vegan":true,"vegetarian":true,"image":"https://d25t2285lxl5rf.cloudfront.net/images/dishes/64bfdde5-58ff-48cf-a97f-a2736ec21746.png","notFood":false,"drinks":false},{"name":"מאקי שיטאקי","description":"","price":24,"vegan":true,"vegetarian":true,"image":"https://d25t2285lxl5rf.cloudfront.net/images/dishes/108df5c0-ccbf-4156-8bae-495dac22a14a.png","notFood":false,"drinks":false},{"name":"מאקי סלמון","description":"","price":29,"vegan":false,"vegetarian":false,"image":"https://d25t2285lxl5rf.cloudfront.net/images/dishes/6461f96b-a516-445b-abd3-fff1ef8fd327.png","notFood":false,"drinks":false},{"name":"מאקי סלמון גריל","description":"","price":29,"vegan":false,"vegetarian":false,"image":"https://d25t2285lxl5rf.cloudfront.net/images/dishes/c9687aea-c30b-4c7e-ad1f-d374995e89dd.png","notFood":false,"drinks":false},{"name":"מאקי טונה","description":"","price":29,"vegan":false,"vegetarian":false,"image":"https://d25t2285lxl5rf.cloudfront.net/images/dishes/c0f9196e-3df2-4c46-959c-e9a346d929d2.png","notFood":false,"drinks":false},{"name":"מאקי דניס","description":"","price":29,"vegan":false,"vegetarian":false,"image":"https://d25t2285lxl5rf.cloudfront.net/images/dishes/2d83329f-7247-4fdc-b7c3-c1898ba5640b.png","notFood":false,"drinks":false},{"name":"הערה- המיונז הינו טבעוני","description":"","price":0,"vegan":false,"vegetarian":true,"image":"","notFood":false,"drinks":false},{"name":"בונזאי","description":"רול רחב 4 יחידות עם טמגו, קנפיו, אבוקדו, גזר ומלפפון","price":31,"vegan":true,"vegetarian":true,"image":"https://d25t2285lxl5rf.cloudfront.net/images/dishes/d551bdd8-43cf-4fbf-bd4b-f9e04f668f7b.png","notFood":false,"drinks":false},{"name":"הערה- המיונז הינו טבעוני","description":"","price":0,"vegan":false,"vegetarian":true,"image":"","notFood":false,"drinks":false},{"name":"הרכבה צמחוני","description":"4 ירקות לבחירה","price":36,"vegan":true,"vegetarian":true,"image":"","notFood":false,"drinks":false},{"name":"הרכבה דג","description":"דג לבחירה ו-3 ירקות לבחירה\n**טונה תוספת 3 ש\"ח","price":39,"vegan":false,"vegetarian":false,"image":"","notFood":false,"drinks":false},{"name":"הערה- המיונז הינו טבעוני","description":"","price":0,"vegan":false,"vegetarian":true,"image":"","notFood":false,"drinks":false},{"name":"פנקירול","description":"8 יחידות עם טמאגו, קנפיו, אבוקדו ומלפפון במעטפת בטטה","price":39,"vegan":false,"vegetarian":true,"image":"https://d25t2285lxl5rf.cloudfront.net/images/dishes/2a629664-421e-439c-8de0-d232c994006f.png","notFood":false,"drinks":false},{"name":"סלמון איקורה","description":"8 יחידות עם סלמון נא, אבוקדו ומלפפון, בציפוי אבוקדו ואיקורה מעל","price":47,"vegan":false,"vegetarian":false,"image":"https://d25t2285lxl5rf.cloudfront.net/images/dishes/692cea4a-d5f7-457f-9a1f-489211cd8312.png","notFood":false,"drinks":false},{"name":"אלסקה","description":"8 יחידות עם סלמון נא, קרם טופו, אבוקדו, טמפורה, בציפוי סורימי דג וקרם ווסאבי","price":46,"vegan":false,"vegetarian":false,"image":"https://d25t2285lxl5rf.cloudfront.net/images/dishes/8adb7e0d-463c-4242-b580-fd6050ac7456.png","notFood":false,"drinks":false},{"name":"שוגון","description":"8 יחידות עם טונה, דניס, סלמון ואבוקדו במעטפת עירית","price":49,"vegan":false,"vegetarian":false,"image":"https://d25t2285lxl5rf.cloudfront.net/images/dishes/ca97042c-a60b-45e8-a87b-04d120ef853e.png","notFood":false,"drinks":false},{"name":"שאגי רול","description":"סלמון, מלפפון, בצל ירוק ונענע בציפוי טונה, אבוקדו צילי אדום ורוטב אסייתי","price":51,"vegan":false,"vegetarian":false,"image":"https://d25t2285lxl5rf.cloudfront.net/images/dishes/c3b2faea-4e8c-4c8b-93a8-13e5e61ed36f.png","notFood":false,"drinks":false},{"name":"קליפורניה","description":"8 יחידות עם סורימי דג, סלמון נא, אבוקדו, בצל ירוק וקרם ווסאבי, עם ציפוי טוביקו צמחי כתום","price":47,"vegan":false,"vegetarian":false,"image":"https://d25t2285lxl5rf.cloudfront.net/images/dishes/d668579c-21d1-4898-865d-5b5bb3f71276.jpg","notFood":false,"drinks":false},{"name":"פילדלפיה","description":"8 יחידות עם קרם טופו, אבוקדו, מלפפון ובצל ירוק, בציפוי סלמון מעושן ועירית","price":39,"vegan":false,"vegetarian":false,"image":"https://d25t2285lxl5rf.cloudfront.net/images/dishes/67cb1e67-ddc7-414e-9949-f2651c68786d.png","notFood":false,"drinks":false},{"name":"ראסטי","description":"8 יחידות עם סלמון אפוי בטריאקי, טמגו, קנפיו, אבוקדו ומלפפון, במעטפת בטטה קריספי","price":42,"vegan":false,"vegetarian":false,"image":"https://d25t2285lxl5rf.cloudfront.net/images/dishes/458f3430-3dd1-47ba-8852-4f494868e660.png","notFood":false,"drinks":false},{"name":"צ'רליז אנג'לס","description":"8 יחידות עם ספייסי טונה אדומה ובצל ירוק, מלפפון, אבוקדו, בציפוי סלמון, טונה ודניס","price":51,"vegan":false,"vegetarian":false,"image":"https://d25t2285lxl5rf.cloudfront.net/images/dishes/b72c610b-7187-42ea-b902-6d3a5ecda46a.png","notFood":false,"drinks":false},{"name":"ריינבואו","description":"8 יחידות עם סורימי דג, אבוקדו ומלפפון, עטוף בטונה, סלמון, דניס, בטטה ואבוקדו","price":51,"vegan":false,"vegetarian":false,"image":"https://d25t2285lxl5rf.cloudfront.net/images/dishes/638c9c98-3486-4f54-953f-be9e985a2f76.png","notFood":false,"drinks":false},{"name":"סאנסט","description":"8 יחידות עם ספייסי סלמון, אבוקדו ובטטה, בציפוי סלמון צרוב, שבבי בטטה, טמפורה, עירית ושומשום עם ספייסי מיונז וטריאקי מעל","price":53,"vegan":false,"vegetarian":false,"image":"https://d25t2285lxl5rf.cloudfront.net/images/dishes/2599ff49-fbef-4adc-a918-af4908fda71e.png","notFood":false,"drinks":false},{"name":"שאוקן","description":"טונה אדומה, סלמון, טמגו, ואבוקדו במעטפת טונה אדומה צרובה, טוביקו כתום צמחי וקרם וואסבי","price":55,"vegan":false,"vegetarian":false,"image":"https://d25t2285lxl5rf.cloudfront.net/images/dishes/04b21ecc-dc15-4546-aa49-c1f498ca8232.png","notFood":false,"drinks":false},{"name":"ריו רול","description":"סלמון אפוי בטריאקי, קנפיו מלפפון טמגו בציפוי עירית עם תערובת אבוקדו, צ'ילי, בצל ירוק ולימון","price":51,"vegan":false,"vegetarian":false,"image":"https://d25t2285lxl5rf.cloudfront.net/images/dishes/fd5d4020-9fa8-4067-a93f-1a7a3333fcdd.png","notFood":false,"drinks":false},{"name":"קוקו טונה","description":"אבוקדו, אספרגוס ושיטאקי במעטפת טונה עם ציפס קוקוס ורוטב כוסברה","price":52,"vegan":false,"vegetarian":false,"image":"https://d25t2285lxl5rf.cloudfront.net/images/dishes/729116a9-12bd-49af-b469-7524240de894.jpg","notFood":false,"drinks":false},{"name":"קנדי רול","description":"פאקן מסוכר,אבוקדו בטטה וקנפיו במעטפת טמגו וטריאקי","price":39,"vegan":true,"vegetarian":true,"image":"https://d25t2285lxl5rf.cloudfront.net/images/dishes/8a2f354c-dfed-4332-8a1b-fce8455b2ecb.png","notFood":false,"drinks":false},{"name":"צ'אקי","description":"8 יחידות עם ספייסי דניס, אבוקדו ומלפפון, עטוף בדניס צרוב עם טוביקו צמחי וצ'ילי טרי מעל","price":54,"vegan":false,"vegetarian":false,"image":"https://d25t2285lxl5rf.cloudfront.net/images/dishes/67341027-d0b2-45e9-bd5b-31748dbac105.png","notFood":false,"drinks":false},{"name":"וולקנו רול","description":"אבוקדו ומלפפון בציפוי עירית עם תערובת סלמון, גמבה אדומה, צ'ילי, לימון, בצל ירוק ושומשום","price":52,"vegan":false,"vegetarian":false,"image":"https://d25t2285lxl5rf.cloudfront.net/images/dishes/bbfa710c-1f46-4ddb-8eaf-11e58f7d7bfa.png","notFood":false,"drinks":false},{"name":"וג'י סנסט","description":"בטטה, טמגו, מלפפון וקנפיו בציפוי אבוקדו עם שבבי בטטה, טמפורה, עירית, שומשום עם ספייסי מיונז וטריאקי מעל","price":47,"vegan":false,"vegetarian":true,"image":"https://d25t2285lxl5rf.cloudfront.net/images/dishes/82bff17a-8810-4afd-a1a2-6e6c50e7e0b7.png","notFood":false,"drinks":false},{"name":"רד דרגון","description":"8 יחידות עם טמגו, אבוקדו, מלפפון ובצל ירוק, בציפוי סלמון צרוב, עירית, שומשום וצ'ילי חריף","price":51,"vegan":false,"vegetarian":false,"image":"https://d25t2285lxl5rf.cloudfront.net/images/dishes/c1eb7b02-5046-4773-9058-f705d90d3dab.jpg","notFood":false,"drinks":false},{"name":"אושי קאנאפי","description":"8 יחידות עם אספרגוס, אבוקדו ומלפפון בציפוי שומשום קלוי עם תערובת ספייסי סלמון ואיקורה מעל","price":52,"vegan":false,"vegetarian":false,"image":"https://d25t2285lxl5rf.cloudfront.net/images/dishes/6d763675-f5b6-4384-aa87-48ee2b00183f.png","notFood":false,"drinks":false},{"name":"קימוסאבי רול","description":"דניס מטוגן ,אבוקדו,בטטה , קנפיו,בצל ירוק, ציפוי סלמון צרוב ,ספייסי מיונז צ׳לי חריף ","price":52,"vegan":false,"vegetarian":false,"image":"https://d25t2285lxl5rf.cloudfront.net/images/dishes/a388fd48-8b17-4b9a-889d-1e5285c24fc3.png","notFood":false,"drinks":false},{"name":"מיסטר מיאגי","description":"סלמון מטוגן,מלפפון ובצל מטוגן בציפוי אבוקדו, בטטה, טמפורה, קריספי בטטה,עירית,בוטנים,טריאקי ורוטב כוסברה","price":53,"vegan":false,"vegetarian":false,"image":"https://d25t2285lxl5rf.cloudfront.net/images/dishes/01d20d37-3210-4d2c-af89-08811444dcf6.png","notFood":false,"drinks":false},{"name":"ביונד מיט ספיישל- צמחוני","description":"אטריות אורז, מיקס פלפלים, גזר, בצל ירוק וסגול, נבטים ותחליף בשר ביונד מיט","price":64,"vegan":false,"vegetarian":false,"image":"https://d25t2285lxl5rf.cloudfront.net/images/dishes/4068354.jpg","notFood":false,"drinks":false},{"name":"הערה- המיונז הינו טבעוני","description":"","price":0,"vegan":false,"vegetarian":true,"image":"","notFood":false,"drinks":false},{"name":"סנדוויץ' אבוקדו","description":"4 יחידות","price":36,"vegan":true,"vegetarian":true,"image":"https://d25t2285lxl5rf.cloudfront.net/images/dishes/bada057d-1e50-42f3-abd6-51ad8c03c18b.jpg","notFood":false,"drinks":false},{"name":"ספייסי סלמון עם בצל ירוק ואבוקדו","description":"4 יחידות","price":40,"vegan":false,"vegetarian":false,"image":"https://d25t2285lxl5rf.cloudfront.net/images/dishes/6dbf265e-dd60-4be0-adea-9b426076d481.png","notFood":false,"drinks":false},{"name":"ספייסי טונה עם בצל ירוק ואבוקדו","description":"4 יחידות","price":41,"vegan":false,"vegetarian":false,"image":"https://d25t2285lxl5rf.cloudfront.net/images/dishes/beb7c59c-cdef-4176-b585-e6ea50f93443.png","notFood":false,"drinks":false},{"name":"טמאגו ואבוקדו","description":"4 יחידות","price":37,"vegan":false,"vegetarian":true,"image":"https://d25t2285lxl5rf.cloudfront.net/images/dishes/9462b0e5-c044-46fb-be27-70e236c8d950.png","notFood":false,"drinks":false},{"name":"סלט טונה במיונז ואבוקדו","description":"4 יחידות סלט טונה במיונז בצל ירוק ואבוקדו","price":38,"vegan":false,"vegetarian":false,"image":"https://d25t2285lxl5rf.cloudfront.net/images/dishes/e7228cbf-2e4f-40e7-af91-22f824705d6c.jpg","notFood":false,"drinks":false},{"name":"סלמון גריל ואבוקדו","description":"4 יחידות","price":39,"vegan":false,"vegetarian":false,"image":"https://d25t2285lxl5rf.cloudfront.net/images/dishes/21aaf3f8-8a90-4739-8e58-c2c23da6f138.png","notFood":false,"drinks":false},{"name":"הערה- המיונז הינו טבעוני","description":"","price":0,"vegan":false,"vegetarian":true,"image":"","notFood":false,"drinks":false},{"name":"סאקה טמאקי","description":"סלמון, אבוקדו ומלפפון","price":27,"vegan":false,"vegetarian":false,"image":"https://d25t2285lxl5rf.cloudfront.net/images/dishes/adbce4ab-e2eb-41c5-a336-de932c4b2c34.png","notFood":false,"drinks":false},{"name":"טאקה טמאקי","description":"טונה, אבוקדו ומלפפון","price":28,"vegan":false,"vegetarian":false,"image":"https://d25t2285lxl5rf.cloudfront.net/images/dishes/aa3ae5b2-76d4-4a42-86fe-49da82898d04.png","notFood":false,"drinks":false},{"name":"יסאהי טמאקי","description":"אספרגוס, אבוקדו, גזר ומלפפון","price":26,"vegan":true,"vegetarian":true,"image":"https://d25t2285lxl5rf.cloudfront.net/images/dishes/46eb70b6-55d0-4eaf-a561-a1f8f48ea4de.png","notFood":false,"drinks":false},{"name":"שוגון טמאקי","description":"טונה, דניס, סלמון עם אבוקדו, מלפפון ובצל ירוק","price":33,"vegan":false,"vegetarian":false,"image":"https://d25t2285lxl5rf.cloudfront.net/images/dishes/ec813254-119e-4eb6-8a92-e19e359accde.png","notFood":false,"drinks":false},{"name":"סקאמורי טמאקי","description":"סלמון, סלמון סקין, מלפפון, אבוקדו ובצל ירוק","price":30,"vegan":false,"vegetarian":false,"image":"https://d25t2285lxl5rf.cloudfront.net/images/dishes/edad885e-2810-491d-bdce-b9f03324952a.png","notFood":false,"drinks":false},{"name":"הערה- המיונז הינו טבעוני","description":"","price":0,"vegan":false,"vegetarian":true,"image":"","notFood":false,"drinks":false},{"name":"דזרט רול","description":"אינסיידאאוט מטוגן במילוי טופו, בטטה, קנפיו, אבוקדו ואספרגוס בציפוי טמפורה ופנקו","price":39,"vegan":true,"vegetarian":true,"image":"https://d25t2285lxl5rf.cloudfront.net/images/dishes/c35bb6b5-5f89-43fd-a2c6-9de863f6ffc1.png","notFood":false,"drinks":false},{"name":"ליו רול","description":"רול מטוגן עם סלמון אפוי, קנפיו,\r\nבטטה ואבוקדו בציפוי טמפורה ופנקו","price":42,"vegan":false,"vegetarian":false,"image":"https://d25t2285lxl5rf.cloudfront.net/images/dishes/45816aa7-752b-4170-a5c9-6b13cbfc0cdf.png","notFood":false,"drinks":false},{"name":"וינסנט ספיישל","description":" רול מטוגן במילוי אבוקדו, סלמון,\nבצל ירוק שומשום קלוי וקרם טופו בציפוי טמפורה ופנקו","price":42,"vegan":false,"vegetarian":false,"image":"https://d25t2285lxl5rf.cloudfront.net/images/dishes/3a53003d-5a55-4d73-bd8f-86ca34a192e5.png","notFood":false,"drinks":false},{"name":"הוט סלמון","description":"רול מטוגן במילוי סלמון, בטטה, אבוקדו ובצל ירוק בציפוי טמפורה ופנקו","price":42,"vegan":false,"vegetarian":false,"image":"https://d25t2285lxl5rf.cloudfront.net/images/dishes/2ec6589b-2d57-4ec1-837b-90270c9c3545.png","notFood":false,"drinks":false},{"name":"פקאנקו רול","description":"רול מטוגן במילוי קרם טופו, פקאן מסוכר, אבוקדו וטמגו","price":39,"vegan":true,"vegetarian":true,"image":"https://d25t2285lxl5rf.cloudfront.net/images/dishes/dd11dac4-5b6d-4849-9edd-2e2a65a0b7a8.png","notFood":false,"drinks":false},{"name":"הוט צ'יקן","description":"רול מטוגן במילוי עוף, אבוקדו ובטטה בציפוי טמפורה ופנקו","price":42,"vegan":false,"vegetarian":false,"image":"https://d25t2285lxl5rf.cloudfront.net/images/dishes/4dcafacb-e63c-4add-887c-53d6d3b8b65c.png","notFood":false,"drinks":false},{"name":"טייגר סנדוויץ’","description":"סושי סנדוויץ’ במילוי ספייסי טונה,\r\nאבוקדו, בצל ירוק וקנפיו עם ציפוי טמפורה ופנקו","price":42,"vegan":false,"vegetarian":false,"image":"https://d25t2285lxl5rf.cloudfront.net/images/dishes/1b4226f7-3d61-4a9f-ad5b-018c05858cb7.png","notFood":false,"drinks":false},{"name":"רולס רויס","description":"פוטומאקי מטוגן במילוי סלמון, טונה,\nדניס, גזר, אבוקדו, בצל ירוק וטמגו בציפוי טמפורה ופנקו","price":42,"vegan":false,"vegetarian":false,"image":"https://d25t2285lxl5rf.cloudfront.net/images/dishes/206348dc-71cd-46f2-a76f-7b37350bfecd.png","notFood":false,"drinks":false},{"name":"הערה- המיונז הינו טבעוני","description":"","price":0,"vegan":false,"vegetarian":true,"image":"","notFood":false,"drinks":false},{"name":"וג'טבל נודלס","description":"איטריות ביצים, ביצה, גזר, תירס, נבטים, פלפל, כרוב ופטריות מוקפצים עם סויה","price":47,"vegan":false,"vegetarian":true,"image":"https://d25t2285lxl5rf.cloudfront.net/images/dishes/75b13754-db43-465f-b3cc-3e787e0c6ef6.png","notFood":false,"drinks":false},{"name":"פאד תאי אושי","description":"אטריות אורז,ביצה, גזר, כרוב, נבטים, בצל ירוק ובוטנים. מוגש עם לימון בצד\nמוגש עם עוף ","price":62,"vegan":false,"vegetarian":false,"image":"https://d25t2285lxl5rf.cloudfront.net/images/dishes/65cffb27-6222-4250-8adf-c3823715fe35.png","notFood":false,"drinks":false},{"name":"שיטאקי נודלס","description":"אטריות ביצים, עוף, פטריות שמפיניון, פטריות שיטאקי, בצל ירוק וברוקולי ברוטב סויה, שום, ג'ינג'ר ושמן שומשום. מגיע עם עוף","price":59,"vegan":false,"vegetarian":false,"image":"https://d25t2285lxl5rf.cloudfront.net/images/dishes/29f7ac9e-0598-4e37-a6d5-4dbdc1e7203f.png","notFood":false,"drinks":false},{"name":"קארי ווק","description":"אטריות ביצים, ברוקולי, בצל סגול, כרוב ונתחי חזה עוף ברוטב קארי וחלב קוקוס","price":61,"vegan":false,"vegetarian":false,"image":"https://d25t2285lxl5rf.cloudfront.net/images/dishes/50931a74-44dc-4f61-ab0b-abdea06e77b1.png","notFood":false,"drinks":false},{"name":"פרייד רייס ספיישל","description":"אורז תאילנדי מוקפץ עם נתחי חזה עוף, אפונה, פטריות, כרוב לבן, צלי חריף, ברוטב סויה,שום,גינגר,ושמן שומשום,מעל בצל ירוק אין אפשרות לשנות את מרכיבי הרוטב ","price":55,"vegan":false,"vegetarian":false,"image":"https://d25t2285lxl5rf.cloudfront.net/images/dishes/1d73b26c-c644-4a14-b1f7-0b6dd2dfc5c5.png","notFood":false,"drinks":false},{"name":"צ'ילי פפר נודלס","description":"אטריות ביצים, בצל ירוק וסגול, תירס, נבטים, גזר, פלפל צהוב, אדום וירוק עם עוף","price":61,"vegan":false,"vegetarian":false,"image":"https://d25t2285lxl5rf.cloudfront.net/images/dishes/db03ae6f-3eba-48c2-a174-89d8849b8f42.jpg","notFood":false,"drinks":false},{"name":"אושי ווק","description":"קוביות סלמון במעטפת טמפורה מוקפצות עם אטריות אורז, פלפלים ,גזר, בצל ירוק , ופטריות","price":63,"vegan":false,"vegetarian":false,"image":"https://d25t2285lxl5rf.cloudfront.net/images/dishes/9545928a-a326-4b42-9b48-22522ca592f5.png","notFood":false,"drinks":false},{"name":"אושי רייס קארי","description":"אורז, עוף, בצל , פטריות , ברוקולי, גמבה אדומה , ופלפל חריף , ברוטב קרם קוקוס וקארי אדום. מגיע עם עוף","price":58,"vegan":false,"vegetarian":false,"image":"https://d25t2285lxl5rf.cloudfront.net/images/dishes/8d17c17c-42ae-4377-aecf-25e431d001e3.png","notFood":false,"drinks":false},{"name":"הערה- המיונז הינו טבעוני","description":"","price":0,"vegan":false,"vegetarian":true,"image":"","notFood":false,"drinks":false},{"name":"מאמא סאן","description":"8 יחידות עם ספייסי טונה אדומה ובצל ירוק, אבוקדו, מלפפון עם שומשום קלוי מעל","price":37,"vegan":false,"vegetarian":false,"image":"https://d25t2285lxl5rf.cloudfront.net/images/dishes/30670afa-64d9-4e16-bcee-aa64d2f3a6b6.png","notFood":false,"drinks":false},{"name":"פאפא סאן","description":"8 יחידות עם ספייסי סלמון ובצל ירוק, אבוקדו, מלפפון עם שומשום קלוי מעל","price":35,"vegan":false,"vegetarian":false,"image":"https://d25t2285lxl5rf.cloudfront.net/images/dishes/65cbdaaa-40a2-4f7d-bb54-1306ab8dbd5e.png","notFood":false,"drinks":false},{"name":"יסאהי רול","description":"8 יחידות עם אספרגוס, אבוקדו, מלפפון וגזר עם שומשום קלוי מעל","price":32,"vegan":true,"vegetarian":true,"image":"https://d25t2285lxl5rf.cloudfront.net/images/dishes/0b21eaf2-c167-4b08-9f54-8bec7c8e2a7f.png","notFood":false,"drinks":false},{"name":"ספייסי דניס","description":"8 יחידות עם דניס בתיבול ספייסי בצל ירוק ומיונז, אבוקדו ומלפפון עם שומשום קלוי מעל","price":39,"vegan":false,"vegetarian":false,"image":"https://d25t2285lxl5rf.cloudfront.net/images/dishes/c15a0179-2cc5-46a0-aff8-29c0d8981ce4.png","notFood":false,"drinks":false},{"name":"סלמון טמפורה","description":"8 יחידות עם סלמון נא ואבוקדו, בציפוי שבבי טמפורה","price":38,"vegan":false,"vegetarian":false,"image":"https://d25t2285lxl5rf.cloudfront.net/images/dishes/7a511b49-3594-4f85-9ce7-fb1ce53aaae2.png","notFood":false,"drinks":false},{"name":"טמגוצ'י","description":"8 יחידות עם טמאגו, קרם טופו, אבוקדו ומלפפון. בציפוי שומשום קלוי","price":37,"vegan":false,"vegetarian":true,"image":"https://d25t2285lxl5rf.cloudfront.net/images/dishes/583d758b-8e0e-4257-af31-53c2eaaabdad.png","notFood":false,"drinks":false},{"name":"צונאמי","description":"8 יחידות עם סלט טונה במיונז, בצל ירוק, ואבוקדו במעטפת שומשום קלוי","price":38,"vegan":false,"vegetarian":false,"image":"https://d25t2285lxl5rf.cloudfront.net/images/dishes/18726d9f-3d89-4bb0-9d64-3cf461fe94ea.png","notFood":false,"drinks":false},{"name":"דיינמייט","description":"8 יחידות עם סלמון אפוי בטריאקי ומלפפון, בציפוי אבוקדו","price":39,"vegan":false,"vegetarian":false,"image":"https://d25t2285lxl5rf.cloudfront.net/images/dishes/b42d98d6-162e-40c3-a3bb-8942799cc7b6.png","notFood":false,"drinks":false},{"name":"רוק אנד רול","description":"8 יחידות קריספי סלמון סקין, קרם טופו ומלפפון עם ציפוי בטטה קריספי","price":39,"vegan":false,"vegetarian":false,"image":"https://d25t2285lxl5rf.cloudfront.net/images/dishes/ec6b23db-046a-4bff-a60b-b11fe5879772.png","notFood":false,"drinks":false},{"name":"הערה- המיונז הינו טבעוני","description":"","price":0,"vegan":false,"vegetarian":true,"image":"","notFood":false,"drinks":false},{"name":"אוקינאווה","description":"8 יחידות יסאהי רול, 8 יחידות דיינמייט, 4 יחידות סנדוויץ' ספייסי סלמון, 8 יחידות בטטה מאקי","price":105,"vegan":false,"vegetarian":false,"image":"https://d25t2285lxl5rf.cloudfront.net/images/dishes/3964e55c-a6d8-4a8f-9430-ea60fec56931.png","notFood":false,"drinks":false},{"name":"הפי פמילי","description":"8 יחידות מאמא סאן, 8 יחידות פאפא סאן, יחידה אחת ניגירי סלמון, יחידה אחת ניגירי טונה","price":83,"vegan":false,"vegetarian":false,"image":"https://d25t2285lxl5rf.cloudfront.net/images/dishes/b30168fd-0e49-4499-a75b-13642c71e776.png","notFood":false,"drinks":false},{"name":"קריספי","description":"8 יחידות ליו רול, 8 יחידות צונאמי, 4 יחידות סנדוויץ סלמון גריל, 8 יחידות טאמגוצ'י","price":125,"vegan":false,"vegetarian":false,"image":"https://d25t2285lxl5rf.cloudfront.net/images/dishes/7975e84f-ef13-44c1-a1b9-3f0e663a536b.png","notFood":false,"drinks":false},{"name":"יפן","description":"8 יחידות רוק אנד רול, 2 יחידות ניגירי טונה, 2 יחידות ניגירי סלמון, 3 יחידות סשימי טונה, 3 יחידות סשימי דניס","price":127,"vegan":false,"vegetarian":false,"image":"https://d25t2285lxl5rf.cloudfront.net/images/dishes/c6c5bff4-e08b-4bca-93b3-ac271441f4c0.png","notFood":false,"drinks":false},{"name":"ספיישל","description":"8 יחידות פנקי רול, 8 יחידות רד דרגון, 8 יחידות סלמון טמפורה 4 יח' סנדויץ סלמון גריל, 8 יחידות צונמי ","price":187,"vegan":false,"vegetarian":false,"image":"https://d25t2285lxl5rf.cloudfront.net/images/dishes/52e26a50-5c1c-4292-9416-3e3a2c559a23.png","notFood":false,"drinks":false},{"name":"וג'י קומבו","description":"8 יחידות פנקירול, 4 יחידות סנדויץ טמגו ואבוקדו, 4 יחידות מאקי מלפפון, 4 יחידות מאקי גזר","price":81,"vegan":true,"vegetarian":true,"image":"https://d25t2285lxl5rf.cloudfront.net/images/dishes/fa385258-8a51-441e-8674-a5a2c46d8f81.jpg","notFood":false,"drinks":false},{"name":"קומבינציית סלמון","description":"8 יח' ראסטי רול\n8 יח' פאפא סאן\n8 יח' סלמון טמפורה\n8 יח' רד דרגון\n4 יח' סנדוויץ סלמון ואבוקדו","price":185,"vegan":false,"vegetarian":false,"image":"https://d25t2285lxl5rf.cloudfront.net/images/dishes/bc154a1b-1b70-466f-9aa3-22219ef1eb7b.png","notFood":false,"drinks":false},{"name":"צמחונית","description":"4 יח' מאקי בטטה\n4 יח' מאקי טמגו\n8 יח' טמגוצ'י","price":49,"vegan":true,"vegetarian":true,"image":"https://d25t2285lxl5rf.cloudfront.net/images/dishes/7749dce9-fb68-41e8-80b2-090c569932bd.png","notFood":false,"drinks":false},{"name":"הערה- המיונז הינו טבעוני","description":"","price":0,"vegan":false,"vegetarian":true,"image":"","notFood":false,"drinks":false},{"name":"קומבו גרנדה","description":"8 יחידות צונמי 8 יחידות יסאהי 8 יחידות סלמון טמפורה 8 יחידות מאמא סאן בציפוי עירית 8 יחידות פאפא סאן בציפוי בטטה 8 יחידות דינמייט 8 יחידות צרליז איינגלס 8 יחידות פנקירול בציפוי אבוקדו 8 יחידות מאקי טונה 8 יחידות מאקי אבוקדו 8 יחידות מאקי סלמון 8 יחידות פנקירול 4 יחידות סנדוויץ ספייסי סלמון 2 יחידות ניגירי סלמון 2 יחידות ניגירי טונה 2 יחידות ניגירי אבוקדו","price":399,"vegan":false,"vegetarian":false,"image":"https://d25t2285lxl5rf.cloudfront.net/images/dishes/505097.gif","notFood":false,"drinks":false},{"name":"קומבו פרנדלי","description":"8 יחידות צונמי\n8 יחידות יסאהי\n8 יחידות פנקירול\n16 יחידות דיינמייט\n8 יחידות סלמון טמפורה\n8 יחידות מאמא סאן בציפוי עירית\n8 יחידות פאפא סאן בציפוי קריספי בטטה\n8 יחידות מאמא סאן בציפוי בטטה\n8 יחידות סלמון טמפורה בציפוי קריספי בטטה\n8 יחידות מאקי סלמון\n8 יחידות מאקי אבוקדו\n","price":335,"vegan":false,"vegetarian":false,"image":"https://d25t2285lxl5rf.cloudfront.net/images/dishes/505098.gif","notFood":false,"drinks":false},{"name":"combo vip","description":"16 יח' רד דרגון\n8 יח' פנקירול\n16 יח' ראסטי רול\n8 יח' שוגון\n8 יח' פילדלפיה\n8 יח' וג'י סנסט\n8 יח' רוק אנד רול\n8 יח' דיינמייט\n8 יח' צונאמי\n16 יח' סלמון טמפורה\n8 יח' קנדי רול\n8 יח' ריינבואו","price":499,"vegan":false,"vegetarian":false,"image":"https://d25t2285lxl5rf.cloudfront.net/images/dishes/e600d51f-deb6-4d96-bdb6-ca9f69e20e7d.jpg","notFood":false,"drinks":false},{"name":"הערה- המיונז הינו טבעוני","description":"","price":0,"vegan":false,"vegetarian":true,"image":"","notFood":false,"drinks":false},{"name":"טופי קראנץ","description":"על בסיס קראמבל שוקולד קריספי ,רוטב טופי, קרם קרמל מלוח, בציפוי\r\n\r\nגנאש שוקולד מריר משובץ בגבישי זהב קראנצ'\r\n","price":30,"vegan":false,"vegetarian":true,"image":"https://d25t2285lxl5rf.cloudfront.net/images/dishes/e1c1b632-3915-420a-9fbb-d916e8eb91e4.jpg","notFood":false,"drinks":false},{"name":"סושי בננה","description":"מעטפת של בצק טופי במילוי קרם בננה ייחודי , עטוף בפירורי קראמבל\r\n\r\nביתי","price":31,"vegan":true,"vegetarian":true,"image":"https://d25t2285lxl5rf.cloudfront.net/images/dishes/f10b8c3f-7e82-433d-9f0f-b278d06b8073.jpg","notFood":false,"drinks":false},{"name":"דואט קרם שוקולד","description":"קרם שוקולד בלגי, קרם קפה בשילוב פקאנים מסוכרים על מצע של בראוניס\r\n\r\nובציפוי של גנאש שוקולד","price":31,"vegan":false,"vegetarian":true,"image":"https://d25t2285lxl5rf.cloudfront.net/images/dishes/dabdaf4d-4ef2-4155-bd70-211340509c1d.jpg","notFood":false,"drinks":false},{"name":"קרם ברולה","description":"שתי שכבות של טוויל בצק פריך וקרם וניל באמצע, מוגש עם סוכר מקורמל מעל.","price":38,"vegan":true,"vegetarian":true,"image":"https://d25t2285lxl5rf.cloudfront.net/images/dishes/b412b8fd-379e-4075-952b-725d9e01b164.jpg","notFood":false,"drinks":false},{"name":"סינגה","description":"בירה תאילנדית בהירה ","price":26,"vegan":true,"vegetarian":true,"image":"https://d25t2285lxl5rf.cloudfront.net/images/dishes/881461eb-bee0-4dae-942c-72a46c319d66.png","notFood":false,"drinks":true},{"name":"קוקה קולה בקבוק זכוכית 330 מ\"מ","description":"","price":11,"vegan":true,"vegetarian":true,"image":"","notFood":false,"drinks":true},{"name":"דיאט קוקה קולהבקבוק זכוכית 330 מ\"מ","description":"","price":11,"vegan":true,"vegetarian":true,"image":"","notFood":false,"drinks":true},{"name":"קוקה קולה זירו בקבוק זכוכית 330 מ\"מ\n","description":"","price":11,"vegan":true,"vegetarian":true,"image":"","notFood":false,"drinks":true},{"name":"ספרייט בקבוק זכוכית 330 מ\"מ","description":"","price":11,"vegan":true,"vegetarian":true,"image":"","notFood":false,"drinks":true},{"name":"דיאט ספרייט בקבוק זכוכית 330 מ\"מ","description":"","price":11,"vegan":true,"vegetarian":true,"image":"","notFood":false,"drinks":true},{"name":"סודה בקבוק זכוכית 330 מ\"מ","description":"","price":10,"vegan":true,"vegetarian":true,"image":"","notFood":false,"drinks":true},{"name":"מים בטעם תפוח","description":"","price":11,"vegan":true,"vegetarian":true,"image":"","notFood":false,"drinks":false},{"name":"מים בטעם ענבים","description":"","price":11,"vegan":true,"vegetarian":true,"image":"","notFood":false,"drinks":true},{"name":"נסטי בקבוק זכוכית 330 מ\"מ","description":"","price":11,"vegan":true,"vegetarian":true,"image":"","notFood":false,"drinks":true},{"name":"תפוזים בקבוק זכוכית 330 מ\"מ","description":"","price":11,"vegan":true,"vegetarian":true,"image":"","notFood":false,"drinks":true},{"name":"ענבים בקבוק זכוכית 330 מ\"מ","description":"","price":11,"vegan":true,"vegetarian":true,"image":"","notFood":false,"drinks":true},{"name":"מים מינרלים בקבוק 330 מ\"מ","description":"","price":10,"vegan":true,"vegetarian":true,"image":"","notFood":false,"drinks":true},{"name":"קרלסברג","description":"","price":22,"vegan":true,"vegetarian":true,"image":"","notFood":false,"drinks":false},{"name":"טובורג","description":"","price":22,"vegan":true,"vegetarian":true,"image":"","notFood":false,"drinks":false},{"name":"סאפורו","description":"","price":23,"vegan":true,"vegetarian":true,"image":"","notFood":false,"drinks":false},{"name":"סאקי","description":"","price":29,"vegan":true,"vegetarian":true,"image":"","notFood":false,"drinks":false}]}