{"track_id":"19423","filters":["pizza"],"image":"https://tenbis-static.azureedge.net/restaurant-card-image/ResCard_19423_1910030506.jpg","address":"אלנבי, 113 תל אביב-יפו","location":[34.7733468,32.062716],"name":"פיצה טומי","city":"תל אביב-יפו","priceAverage":25.875,"menu":[{"name":"פיצה משפחתית","description":"","price":60,"vegan":false,"vegetarian":true,"image":"https://d25t2285lxl5rf.cloudfront.net/images/dishes/45ac5d61-80f4-4611-9610-33f8c41f88e5.01","notFood":false,"drinks":false},{"name":"משולש פיצה","description":"","price":15,"vegan":false,"vegetarian":true,"image":"https://d25t2285lxl5rf.cloudfront.net/images/dishes/7037c2e5-5bc8-41b1-a121-01da218d867d.01","notFood":false,"drinks":false},{"name":"משולש פיצה","description":"","price":15,"vegan":false,"vegetarian":true,"image":"https://d25t2285lxl5rf.cloudfront.net/images/dishes/7037c2e5-5bc8-41b1-a121-01da218d867d.01","notFood":false,"drinks":false},{"name":"פיצה משפחתית","description":"","price":60,"vegan":false,"vegetarian":true,"image":"https://d25t2285lxl5rf.cloudfront.net/images/dishes/45ac5d61-80f4-4611-9610-33f8c41f88e5.01","notFood":false,"drinks":false},{"name":"מבצע- 2 פיצות משפחתיות","description":"","price":99,"vegan":true,"vegetarian":true,"image":"","notFood":false,"drinks":false},{"name":"סלט יווני","description":"מלפפון, עגבניה, חסה, בצל, פטריות, זיתי קלמטה","price":45,"vegan":true,"vegetarian":true,"image":"","notFood":false,"drinks":false},{"name":"סלט 3 גבינות","description":"חלומי, מוצרלה, גבינת כבשים, מלפפון, עגבניה, חסה, בצל סגול","price":45,"vegan":false,"vegetarian":true,"image":"","notFood":false,"drinks":false},{"name":"סלט טונה","description":"טונה, מלפפון, עגבניה, חסה, בצל סגול, פטריות, זיתי קלמטה","price":45,"vegan":false,"vegetarian":false,"image":"","notFood":false,"drinks":false},{"name":"סלט ישראלי","description":"מלפפון, עגבניה, חסה, בצל, פטריות, זיתי קלמטה","price":45,"vegan":true,"vegetarian":true,"image":"","notFood":false,"drinks":false},{"name":"כריך 3 גבינות","description":"מוצרלה,חלומי,בולגרית,עגבניה, בצל,זיתי קלמטה","price":25,"vegan":false,"vegetarian":true,"image":"https://d25t2285lxl5rf.cloudfront.net/images/dishes/1d940ccd-7156-4b94-902c-259b07e7a817.01","notFood":false,"drinks":false},{"name":"לחם שום","description":"","price":37,"vegan":true,"vegetarian":true,"image":"https://d25t2285lxl5rf.cloudfront.net/images/dishes/3449fd7a-c5c1-4c4e-a80a-64517c8e66db.jpg","notFood":false,"drinks":false},{"name":"פחית קוקה קולה","description":"","price":10,"vegan":true,"vegetarian":true,"image":"","notFood":false,"drinks":true},{"name":"פחית זירו","description":"","price":10,"vegan":true,"vegetarian":true,"image":"","notFood":false,"drinks":false},{"name":"פחית ספרייט","description":"","price":10,"vegan":true,"vegetarian":true,"image":"","notFood":false,"drinks":true},{"name":"פחית דיאט ספרייט","description":"","price":10,"vegan":true,"vegetarian":true,"image":"","notFood":false,"drinks":true},{"name":"פחית פאנטה","description":"","price":10,"vegan":true,"vegetarian":true,"image":"","notFood":false,"drinks":false},{"name":"בקבוק קוקה קולה","description":"","price":10,"vegan":true,"vegetarian":true,"image":"","notFood":false,"drinks":true},{"name":"בקבוק  זירו","description":"","price":10,"vegan":true,"vegetarian":true,"image":"","notFood":false,"drinks":true},{"name":"בקבוק  ספרייט","description":"","price":10,"vegan":true,"vegetarian":true,"image":"","notFood":false,"drinks":true},{"name":"בקבוק דיאט ספרייט","description":"","price":10,"vegan":true,"vegetarian":true,"image":"","notFood":false,"drinks":true},{"name":"בקבוק 0.5 ליטר נסטי","description":"","price":10,"vegan":true,"vegetarian":true,"image":"","notFood":false,"drinks":true},{"name":"בקבוק  פאנטה","description":"","price":10,"vegan":true,"vegetarian":true,"image":"","notFood":false,"drinks":true},{"name":"בקבוק 0.5 ליטר מים מינרליים","description":"","price":10,"vegan":true,"vegetarian":true,"image":"","notFood":false,"drinks":true},{"name":"סודה","description":"","price":10,"vegan":true,"vegetarian":true,"image":"","notFood":false,"drinks":true}]}