{"track_id":"19438","filters":["humus","glutenFree","salads"],"image":"https://tenbis-static.azureedge.net/restaurant-card-image/ResCard_19438_20220630141713.jpg","address":"עמל, 13 ראש העין","location":[34.969416,32.10651],"name":"פלאפל סמל","city":"ראש העין","priceAverage":22.339622641509433,"menu":[{"name":"פלאפל הבית","description":"הפלאפל שלנו עשוי מ100% חומרים טבעיים, אינו מכיל גלוטן ומכיל כמות גבוהה מאוד של סיבים תזונתיים. \nטבעוני/ צמחוני/ ללא גלוטן(מתייחס למוצרים המרכיבים את המנה למנה ללא גלוטן יש לבחור בפיתה ללא גלוטן )","price":21,"vegan":true,"vegetarian":true,"image":"https://d25t2285lxl5rf.cloudfront.net/images/dishes/7063c109-9529-467d-b34e-0c958b8fb122.jpg","notFood":false,"drinks":false},{"name":"סביח","description":"הסביח הכי טעים ואיכותי באיזור, קוביות חצילים לוהטות בשילוב תפוחי אדמה מבושלים, ביצה קשה והרבה טעם של עוד !\nצמחוני/ללא גלוטן (מתייחס למוצרים המרכיבים את המנה למנה ללא גלוטן יש לבחור בפיתה ללא גלוטן )","price":22,"vegan":false,"vegetarian":true,"image":"https://d25t2285lxl5rf.cloudfront.net/images/dishes/307921b7-1579-4f4b-8e24-8a39a5cd44a2.jpg","notFood":false,"drinks":false},{"name":"סביצל !","description":"אתם בטח שואלים את עצמכם מה זה !\nהשילוב הכי טעים שתטעמו סביח והשניצל המדהים שלנו !\nאחרי שתטעמו לא תוכלו להפסיק לאכול \nמומלץ ! \n(המנה מכילה שניצל, חצילים וביצה כל השאר לבחירה)","price":37,"vegan":false,"vegetarian":false,"image":"https://d25t2285lxl5rf.cloudfront.net/images/dishes/f72ba239-fa93-41f7-8a98-3d32fcd99d6e.jpg","notFood":false,"drinks":false},{"name":"פיתה שקשוקה","description":"שקשוקת הבית המדהימה שלנו בפיתה - תבשיל עגבניות של בית עם ביצי משק טריות!יש אפשרות לפיקנטי\nצמחוני","price":24,"vegan":true,"vegetarian":true,"image":"https://d25t2285lxl5rf.cloudfront.net/images/dishes/2b3ef6be-6fba-4580-8abe-b4dfe50da3a7.jpg","notFood":false,"drinks":false},{"name":"חביתת ירק","description":"חביתת ירק מכילה בצל קצוץ ופטרוזיליה. עשוי מביצי משק טריות ! \nצמחוני/ ללא גלוטן (מתייחס למוצרים המרכיבים את המנה למנה ללא גלוטן יש לבחור בפיתה ללא גלוטן )","price":22,"vegan":true,"vegetarian":true,"image":"https://d25t2285lxl5rf.cloudfront.net/images/dishes/22f23d84-a2dc-43f8-84dc-febb11fc08ad.jpg","notFood":false,"drinks":false},{"name":"פיתה סלטים","description":"סלטים טריים וטעימים בפיתה ","price":13,"vegan":true,"vegetarian":true,"image":"https://d25t2285lxl5rf.cloudfront.net/images/dishes/07cdda68-612b-4cb9-bcae-bdcb3cd8084d.jpg","notFood":false,"drinks":false},{"name":"פיתה פול ביצה","price":26,"vegan":false,"vegetarian":true,"image":"https://d25t2285lxl5rf.cloudfront.net/images/dishes/d7160a77-2cf4-4483-be99-0c7ccbb57eb3.jpg","notFood":false,"drinks":false},{"name":"פיתה שניצל קריספי","description":"שניצל קריספי שומשום הכי טעים שתטעמו ! \nמומלץ ! ","price":35,"vegan":false,"vegetarian":false,"notFood":false,"drinks":false},{"name":"בגט פלאפל","price":28,"vegan":true,"vegetarian":true,"image":"https://d25t2285lxl5rf.cloudfront.net/images/dishes/2e93e6e8-445d-404f-bcca-0ddffdd8b0ac.jpg","notFood":false,"drinks":false},{"name":"בגט סביח","price":29,"vegan":true,"vegetarian":true,"image":"https://d25t2285lxl5rf.cloudfront.net/images/dishes/31d59446-ab2f-4327-8b07-02c0e833bbd0.jpg","notFood":false,"drinks":false},{"name":"בגט  חביתת ירק","price":27,"vegan":true,"vegetarian":true,"image":"https://d25t2285lxl5rf.cloudfront.net/images/dishes/c59938a7-f4fb-445b-b92b-c9a6ba494fa9.jpg","notFood":false,"drinks":false},{"name":"בגט שקשוקה","price":30,"vegan":true,"vegetarian":true,"image":"https://d25t2285lxl5rf.cloudfront.net/images/dishes/09f3ace0-6a13-48ea-8819-65a2ac3e7844.jpg","notFood":false,"drinks":false},{"name":"באגט שניצל קריספי שומשום","price":39,"vegan":false,"vegetarian":false,"image":"https://d25t2285lxl5rf.cloudfront.net/images/dishes/771e32c0-45f3-4040-98f0-e2d85044e25b.jpg","notFood":false,"drinks":false},{"name":"קרנבל בצלחת","description":"קרנבל של סמל \nמבחר סלטי הבית לבחירתכם כדורי פלאפל ופיתה/ בגט בצד לבחירתכם ","price":42,"vegan":true,"vegetarian":true,"image":"https://d25t2285lxl5rf.cloudfront.net/images/dishes/0b35bed9-618e-4747-a225-fcba594ab03d.jpg","notFood":false,"drinks":false},{"name":"צלחת בהרכבה של חביתת ירק","price":35,"vegan":true,"vegetarian":true,"image":"https://d25t2285lxl5rf.cloudfront.net/images/dishes/3e5b85dc-0b85-4c70-a185-9a0749948a1a.jpg","notFood":false,"drinks":false},{"name":"צלחת בהרכבה שניצל קריספי שומשום","price":45,"vegan":false,"vegetarian":false,"image":"https://d25t2285lxl5rf.cloudfront.net/images/dishes/8542b75d-5360-4117-a3a3-25a5469e7af6.jpg","notFood":false,"drinks":false},{"name":"שקשוקה קלאסית","description":"שקשוקת הבית שנעשית מידי יום על ידי צוות הבשלנים מעגבניות טריות ואיכותיות\nמוגש בליווי 2פיתות / פיתה 1 מחיטה מלאה צלוחית חמוצים, טחינת הבית ופינוק של 4 כדורי פלאפל חמים","price":38,"vegan":true,"vegetarian":true,"image":"https://d25t2285lxl5rf.cloudfront.net/images/dishes/01a909f2-25ed-4e98-ab6b-401fb5eb50f9.jpg","notFood":false,"drinks":false},{"name":"שקשוקה פיקנטית","description":"שקשוקת הבית שנעשית מידי יום על ידי צוות הבשלנים מעגבניות טריות ואיכותיות\nמוגש בליווי 2פיתות / פיתה 1 מחיטה מלאה צלוחית חמוצים, טחינת הבית ופינוק של 4 כדורי פלאפל חמים","price":38,"vegan":true,"vegetarian":true,"image":"https://d25t2285lxl5rf.cloudfront.net/images/dishes/e6ca08cc-b24f-4adb-a7cf-e21f35fc2981.jpg","notFood":false,"drinks":false},{"name":"שקשוקה חצילים","description":"שקשוקת הבית שנעשית מידי יום על ידי צוות הבשלנים מעגבניות טריות ואיכותיות\nמוגש בליווי 2פיתות / פיתה 1 מחיטה מלאה צלוחית חמוצים, טחינת הבית ופינוק של 4 כדורי פלאפל חמים","price":38,"vegan":true,"vegetarian":true,"image":"https://d25t2285lxl5rf.cloudfront.net/images/dishes/4edce39b-f203-4a28-b696-9ea637ab0c7f.jpg","notFood":false,"drinks":false},{"name":"חומוס טחינה","description":"המנה מגיעה עם שתי פיתות או פיתה עם חיטה מלאה בתוספת חמוצים,4 כדורי פלאפל ורוטב שום לימון ","price":35,"vegan":true,"vegetarian":true,"image":"https://d25t2285lxl5rf.cloudfront.net/images/dishes/1055ba14-aee4-440e-9dd7-1efed38af1db.jpg","notFood":false,"drinks":false},{"name":"חומוס גרגירים","description":"המנה מגיעה עם שתי פיתות או פיתה עם חיטה מלאה בתוספת חמוצים,4 כדורי פלאפל ורוטב שום לימון ","price":35,"vegan":true,"vegetarian":true,"image":"https://d25t2285lxl5rf.cloudfront.net/images/dishes/934ed2cf-e13c-4197-a50e-578a1a358ca8.jpg","notFood":false,"drinks":false},{"name":"חומוס פול","description":"המנה מגיעה עם שתי פיתות או פיתה עם חיטה מלאה בתוספת חמוצים,4 כדורי פלאפל ורוטב שום לימון ","price":35,"vegan":true,"vegetarian":true,"image":"https://d25t2285lxl5rf.cloudfront.net/images/dishes/b2717f0c-b746-4980-8992-65a88a2cd663.jpg","notFood":false,"drinks":false},{"name":"חומוס מסבחה","description":"המנה מגיעה עם שתי פיתות או פיתה עם חיטה מלאה בתוספת חמוצים,4 כדורי פלאפל ורוטב שום לימון ","price":35,"vegan":true,"vegetarian":true,"image":"https://d25t2285lxl5rf.cloudfront.net/images/dishes/0281de2f-36da-48a1-8958-063a1def86c0.jpg","notFood":false,"drinks":false},{"name":"חומוס משולש (פול+מסבחה)","description":"המנה מגיעה עם שתי פיתות או פיתה עם חיטה מלאה בתוספת חמוצים,4 כדורי פלאפל ורוטב שום לימון ","price":35,"vegan":true,"vegetarian":true,"image":"https://d25t2285lxl5rf.cloudfront.net/images/dishes/b988860f-0cc4-4c99-b58d-a5387aa32a3a.jpg","notFood":false,"drinks":false},{"name":"חומוס חציל","description":"המנה מגיעה עם שתי פיתות או פיתה עם חיטה מלאה בתוספת חמוצים,4 כדורי פלאפל ורוטב שום לימון ","price":35,"vegan":true,"vegetarian":true,"image":"https://d25t2285lxl5rf.cloudfront.net/images/dishes/c14db3c1-415e-4b46-bc11-020ce970a9d7.jpg","notFood":false,"drinks":false},{"name":"חומוס פטריות","description":"המנה מגיעה עם שתי פיתות או פיתה עם חיטה מלאה בתוספת חמוצים,4 כדורי פלאפל וטחינה","price":40,"vegan":true,"vegetarian":true,"image":"https://d25t2285lxl5rf.cloudfront.net/images/dishes/9a939816-41ba-4c74-aebc-bb735fcde674.jpg","notFood":false,"drinks":false},{"name":"חמשוקה","description":"חומוס עם שקשוקה חם חם! מומלץ!\n*התמונה להמחשה בלבד","price":40,"vegan":true,"vegetarian":true,"image":"https://d25t2285lxl5rf.cloudfront.net/images/dishes/0b61425b-3ea4-43b7-85f2-d8dd031e2960.jpg","notFood":false,"drinks":false},{"name":"חומוס שניצל קריספי","description":"צלחת חומוס הבית שניצל קריספי טחינה ופטרוזיליה \n","price":45,"vegan":false,"vegetarian":false,"image":"https://d25t2285lxl5rf.cloudfront.net/images/dishes/5655ce53-3595-4ed4-8769-a1720b983c7c.jpg","notFood":false,"drinks":false},{"name":"תוספת ביצה קשה","price":4,"vegan":false,"vegetarian":true,"image":"https://d25t2285lxl5rf.cloudfront.net/images/dishes/c67f7ac3-e37f-4612-86d2-f7b7d5f4e15a.jpg","notFood":false,"drinks":false},{"name":"תוספת של כדורים 6","price":5,"vegan":true,"vegetarian":true,"image":"https://d25t2285lxl5rf.cloudfront.net/images/dishes/2f33e43d-615c-4eb3-8ca0-4f67484201ae.jpg","notFood":false,"drinks":false},{"name":"פיתה מחיטה מלאה","price":4,"vegan":true,"vegetarian":true,"image":"https://d25t2285lxl5rf.cloudfront.net/images/dishes/48136729-9a16-43a8-8094-b51e572f0ee7.jpg","notFood":false,"drinks":false},{"name":"פיתה מקמח לבן","price":3,"vegan":true,"vegetarian":true,"image":"https://d25t2285lxl5rf.cloudfront.net/images/dishes/d075bc1d-e2d9-41e6-a425-5ec7b0acc474.jpg","notFood":false,"drinks":false},{"name":"סלט אישי","price":11,"vegan":true,"vegetarian":true,"image":"https://d25t2285lxl5rf.cloudfront.net/images/dishes/94ed4643-3dac-434d-ba1a-0bbca1303164.jpg","notFood":false,"drinks":false},{"name":"פיתה ללא גלוטן","price":5,"vegan":true,"vegetarian":true,"image":"https://d25t2285lxl5rf.cloudfront.net/images/dishes/dc5e4669-d1d4-488e-8bed-b14b9144dec7.jpg","notFood":false,"drinks":false},{"name":"קולה זכוכית","price":12,"vegan":true,"vegetarian":true,"notFood":false,"drinks":true},{"name":"קולה פחית","price":12,"vegan":true,"vegetarian":true,"notFood":false,"drinks":true},{"name":"קולה פלסטיק","price":12,"vegan":true,"vegetarian":true,"notFood":false,"drinks":true},{"name":"קולה זירו פחית","price":12,"vegan":true,"vegetarian":true,"notFood":false,"drinks":true},{"name":"קולה זירו זכוכית","price":12,"vegan":true,"vegetarian":true,"notFood":false,"drinks":true},{"name":"קולה זירו פלסטיק","price":12,"vegan":true,"vegetarian":true,"notFood":false,"drinks":true},{"name":"דיאט קולה פחית","price":12,"vegan":true,"vegetarian":true,"notFood":false,"drinks":true},{"name":"דיאט קולה פלסטיק","price":12,"vegan":true,"vegetarian":true,"notFood":false,"drinks":true},{"name":"פאנטה פחית","price":12,"vegan":true,"vegetarian":true,"notFood":false,"drinks":false},{"name":"ספרייט","price":12,"vegan":true,"vegetarian":true,"notFood":false,"drinks":true},{"name":"ספרייט דיאט","price":12,"vegan":true,"vegetarian":true,"notFood":false,"drinks":true},{"name":"מים מינרלים","price":12,"vegan":true,"vegetarian":true,"notFood":false,"drinks":false},{"name":"סודה זכוכית","price":12,"vegan":true,"vegetarian":true,"notFood":false,"drinks":true},{"name":"מים בטעם ענבים","price":12,"vegan":true,"vegetarian":true,"notFood":false,"drinks":true},{"name":"מיץ ענבים זכוכית","price":12,"vegan":true,"vegetarian":true,"notFood":false,"drinks":true},{"name":"מיץ תפוזים זכוכית","price":12,"vegan":true,"vegetarian":true,"notFood":false,"drinks":false},{"name":"מיץ אשכוליות זכוכית","price":12,"vegan":true,"vegetarian":true,"notFood":false,"drinks":false},{"name":"בירה שחורה זכוכית","price":12,"vegan":true,"vegetarian":true,"notFood":false,"drinks":true},{"name":"נסטי","price":12,"vegan":true,"vegetarian":true,"notFood":false,"drinks":true}]}