{"track_id":"19462","filters":["japaneseSushi","asianFusion","fish"],"image":"https://tenbis-static.azureedge.net/restaurant-card-image/ResCard_19462_20210823134452.jpg","address":"הרצל, 7 גדרה","location":[34.7667971,31.80854619999999],"name":"מיו סושי בר ","city":"גן יבנה","priceAverage":46.21025641025641,"menu":[{"name":"קימצ'י 🌱","description":"חמוצים אסייתים.\n(טבעוני / מומלץ) \n","price":18,"vegan":true,"vegetarian":true,"image":"https://d25t2285lxl5rf.cloudfront.net/images/dishes/6a8c7694-74b8-4b71-889b-e9c03972967c.jpg","notFood":false,"drinks":false},{"name":"אדממה 🌱","description":"פולי סויה, מלח גס ולימון.\n(טבעוני)\n\n","price":28,"vegan":true,"vegetarian":true,"image":"https://d25t2285lxl5rf.cloudfront.net/images/dishes/60915f29-49fb-4744-837c-b6b6e1f9f73e.jpg","notFood":false,"drinks":false},{"name":"אגרול צמחוני 🌱","description":"2 יח' , מגיע בליווי רוטב חמוץ מתוק.\n(טבעוני / מומלץ)","price":28,"vegan":true,"vegetarian":true,"image":"https://d25t2285lxl5rf.cloudfront.net/images/dishes/60376d27-bd13-49bf-b6ad-8505192388ae.jpg","notFood":false,"drinks":false},{"name":"הום פרייז 🌱","description":"קוביות תפו\"א ברוטב צ'ילי מתוק, שומשום ובצל ירוק. \n(טבעוני)","price":26,"vegan":true,"vegetarian":true,"image":"https://d25t2285lxl5rf.cloudfront.net/images/dishes/82b9c279-7ae8-45da-b9a8-1fd493320bab.jpg","notFood":false,"drinks":false},{"name":"עוף בלימון","description":"נתחי עוף מובחרים בטמפורה ברוטב אסייתי, שומשום ובצל ירוק.","price":38,"vegan":false,"vegetarian":false,"image":"https://d25t2285lxl5rf.cloudfront.net/images/dishes/5eab865e-2ff1-4569-97c7-86a462b4e106.jpg","notFood":false,"drinks":false},{"name":"טטאקי טונה","description":"נתחי טונה מובחרים על מצע סלט רענן ברוטב ויניגרט.","price":53,"vegan":false,"vegetarian":false,"image":"https://d25t2285lxl5rf.cloudfront.net/images/dishes/f4e10574-431e-4e1b-84e8-0170219fe0eb.jpg","notFood":false,"drinks":false},{"name":"טטאקי סלמון","description":"נתחי סלמון מובחרים על מצע סלט רענן ברוטב ויניגרט.","price":48,"vegan":false,"vegetarian":false,"image":"https://d25t2285lxl5rf.cloudfront.net/images/dishes/ee6e2050-18b7-4165-a89c-3999ec372f67.jpg","notFood":false,"drinks":false},{"name":"כנפיים בצ'ילי","description":"10 יח' כנפיים מובחרות מוקפצות ברוטב אסייתי, שומשום ובצל ירוק מוגש בליווי איולי שום.\n(מומלץ)","price":42,"vegan":false,"vegetarian":false,"image":"https://d25t2285lxl5rf.cloudfront.net/images/dishes/d0cfe006-20e1-44fe-8891-51f8f5fccc63.jpg","notFood":false,"drinks":false},{"name":"פיש אנד צ'יפס","description":"אצבעות סלמון בפנקו וצ'יפס בטטה, פלח לימון מוגש בליווי איולי שום.","price":47,"vegan":false,"vegetarian":false,"image":"https://d25t2285lxl5rf.cloudfront.net/images/dishes/57fbf56e-c5a5-4fd1-ab26-7e7439fed5e2.jpg","notFood":false,"drinks":false},{"name":"מרק תירס 🌱🌶","description":"תירס, קארי אדום, בצל ירוק ושומשום [על בסיס קרם קוקוס].\n(פיקנטי / טבעוני / מומלץ)","price":28,"vegan":true,"vegetarian":true,"image":"https://d25t2285lxl5rf.cloudfront.net/images/dishes/773f4897-d868-4455-a5cf-e0ba6e09e9d3.jpg","notFood":false,"drinks":false},{"name":"סביצ'ה פורי","description":"(סלמון/טונה אדומה/דניס), 6 יח׳ כדורי פאני פורי במילוי סביצ'ה, קוביות אבוקדו, גמבה אדומה, עירית, קוביות מנגו (בעונה), קרם לימונים ושמן שומשום, מוגש על מצע עלי רוקט.","price":53,"vegan":false,"vegetarian":false,"image":"https://d25t2285lxl5rf.cloudfront.net/images/dishes/e19945b9-f81f-423b-8779-d81ba0a32cdb.jpg","notFood":false,"drinks":false},{"name":"קרפצ'יו פורי","description":"(סלמון/טונה אדומה/דניס), קרפצ'יו דג לבחירה מעוטר בשברי פאני פורי במילוי שבבי טמפורה, קוביות אבוקדו, עירית, קוביות מנגו (בעונה), עלי רוקט, קרם לימון ושמן שומשום.","price":56,"vegan":false,"vegetarian":false,"image":"https://d25t2285lxl5rf.cloudfront.net/images/dishes/754536f1-21a3-4e94-903d-f6289250c9b8.jpg","notFood":false,"drinks":false},{"name":"קרפצ'יו נורבגי","description":"קרפצ'יו סלמון מעושן מעוטר בשברי פאני פורי, קוביות אבוקדו, עירית, קוביות עגבניה, טחינה גולמית, נגיעות קרם פרש (פרווה), קרם לימון ושמן שומשום.\n(מומלץ)","price":57,"vegan":false,"vegetarian":false,"image":"https://d25t2285lxl5rf.cloudfront.net/images/dishes/75bb066b-c1df-43ff-968b-e03ee3e113c3.jpg","notFood":false,"drinks":false},{"name":"סשימי טונה/סלמון/דניס","description":"5 יחידות\r\n\r\n","price":42,"vegan":false,"vegetarian":false,"image":"https://d25t2285lxl5rf.cloudfront.net/images/dishes/b0ea1c17-ba04-4387-a8dc-923319f5c145.jpg","notFood":false,"drinks":false},{"name":"אורז לבן","price":18,"vegan":true,"vegetarian":true,"image":"https://d25t2285lxl5rf.cloudfront.net/images/dishes/fbf64b45-6560-44f2-8974-b3b31000ad2d.jpg","notFood":false,"drinks":false},{"name":"גיוזה","description":"5 יח' כיסוני בצק מטוגנים לבחירה במילוי אווז/עוף/בטטה/פטריות/בקר.\n*מוגש עם רוטב סויה ג׳ינג׳ר ושום\n\n\n","price":36,"vegan":false,"vegetarian":false,"image":"https://d25t2285lxl5rf.cloudfront.net/images/dishes/029b73c6-434c-40b8-aba1-f4a72d07969e.jpg","notFood":false,"drinks":false},{"name":"דים סאם","description":"5 יח' כיסוני בצק מאודים לבחירה במילוי אווז/עוף/בטטה/פטריות/בקר.\n*מוגש עם רוטב סויה ג׳ינג׳ר ושום\n\n\n","price":36,"vegan":false,"vegetarian":false,"image":"https://d25t2285lxl5rf.cloudfront.net/images/dishes/ead3fccb-50af-41d4-b550-a80b794922e6.jpg","notFood":false,"drinks":false},{"name":"סלט מלפפונים ועוף / טופו (טבעוני) 🌱","description":"סלט מלפפונים אסייתי, מלפפונים, נבטים, כוסברה טריה, קשיו ובצל ירוק ברוטב חמאת בוטנים אסיאתי.\n(טופו טבעוני / מומלץ)","price":41,"vegan":false,"vegetarian":false,"image":"https://d25t2285lxl5rf.cloudfront.net/images/dishes/12592734-a233-471e-8a34-1b69b15cf628.jpg","notFood":false,"drinks":false},{"name":"סלט MIYO 🌱","description":"מגוון חסות ברוטב ויניגרט הדרים, קשיו, בוטנים, פקאן וקריספי בטטה.\n(צמחוני / מומלץ)","price":47,"vegan":true,"vegetarian":true,"image":"https://d25t2285lxl5rf.cloudfront.net/images/dishes/9d4e1f33-5137-4595-a7da-3fb57bf3dceb.jpg","notFood":false,"drinks":false},{"name":"סלט צ'ופו 🌱","description":"סלט שורשים, כרוב לבן, סלק אדום, נבטים, גזר, כוסברה טריה ושומשום קלוי ברוטב אסייתי. (טבעוני)","price":36,"vegan":true,"vegetarian":true,"image":"https://d25t2285lxl5rf.cloudfront.net/images/dishes/4122d780-9f08-4385-9b63-b4c0d74678f2.jpg","notFood":false,"drinks":false},{"name":"סלט אוסקה","description":"כדורי ארנצ'יני מטוגנים בסגנון אסייתי במילוי סלמון מעושן, גבינת שמנת צמחית, אבוקדו ובצל ירוק על מצע מגוון חסות, גזר, מלפפון, גמבה אדומה ונבטים ברוטב איולי צ'ילי.(מומלץ)","price":54,"vegan":false,"vegetarian":false,"image":"https://d25t2285lxl5rf.cloudfront.net/images/dishes/d2515f55-883e-4d2d-8937-ad80947fe7e8.jpg","notFood":false,"drinks":false},{"name":"סלט חזה עוף","description":"רצועות חזה עוף מוקפצות, חסה, אבוקדו, בצל, גזר, מלפפון, גמבה, עגבנייה, שומשום קלוי, וקריספי בטטה (מוגש בליווי ויניגרט).","price":49,"vegan":false,"vegetarian":false,"image":"https://d25t2285lxl5rf.cloudfront.net/images/dishes/ebc7578a-7116-4278-b99f-5a932d5bf0eb.jpg","notFood":false,"drinks":false},{"name":"סלט נתחי בקר","description":"רצועות בקר מוקפצות, חסה, אבוקדו, בצל, גזר, מלפפון, גמבה, עגבנייה, שומשום קלוי, וקריספי בטטה (מוגש בליווי ויניגרט).","price":53,"vegan":false,"vegetarian":false,"image":"https://d25t2285lxl5rf.cloudfront.net/images/dishes/e06b9ceb-b0d5-4742-9658-5d6f0f5194ba.jpg","notFood":false,"drinks":false},{"name":"סלט נורבגי","description":"קוביות סלמון מוקפצות, חסה, אבוקדו, בצל, גזר, מלפפון, גמבה, עגבנייה, שומשום קלוי, וקריספי בטטה (מוגש בליווי ויניגרט).","price":56,"vegan":false,"vegetarian":false,"image":"https://d25t2285lxl5rf.cloudfront.net/images/dishes/956f836b-0147-4394-be69-c4c8e71aa5d1.jpg","notFood":false,"drinks":false},{"name":"סלט טופו 🌱","description":"קוביות טופו מוקפצות, חסה, אבוקדו, בצל, גזר, מלפפון, גמבה, עגבנייה, שומשום קלוי, וקריספי בטטה [מוגש בליווי ויניגרט].\n(טבעוני)","price":46,"vegan":true,"vegetarian":true,"image":"https://d25t2285lxl5rf.cloudfront.net/images/dishes/375057bd-b035-4e76-92f5-4d3392363615.jpg","notFood":false,"drinks":false},{"name":"סלט ירקות 🌱","description":"חסה, אבוקדו, בצל, גזר, מלפפון, גמבה, עגבנייה, שומשום קלוי, וקריספי בטטה [מוגש בליווי ויניגרט].\n(טבעוני) ","price":41,"vegan":true,"vegetarian":true,"image":"https://d25t2285lxl5rf.cloudfront.net/images/dishes/6bc0990a-9e7e-43e3-b11a-7ae9039b9068.jpg","notFood":false,"drinks":false},{"name":"מנת ילדים","description":"שניצלונים, אורז לבן וקוביות תפוח אדמה.","price":47,"vegan":false,"vegetarian":false,"image":"https://d25t2285lxl5rf.cloudfront.net/images/dishes/9f6159aa-7738-4357-9a13-c659d7ed6944.jpg","notFood":false,"drinks":false},{"name":"ספיישל קופיפי\n 🌱","description":"תבשיל נתחי בקר וחציל, בצל ירוק, רוטב פטריות, כוסברה, קשיו ונבטים, מוגש בליווי אורז לבן. (מומלץ)","price":69,"vegan":false,"vegetarian":false,"image":"https://d25t2285lxl5rf.cloudfront.net/images/dishes/c61a19c4-8b6e-48f7-af22-38072ca593be.jpg","notFood":false,"drinks":false},{"name":"ספיישל נפאל\n🌶","description":"תבשיל עוף בקארי אדום על בסיס קרם קוקוס, בצל לבן, גזר, פטריות, גמבה, כוסברה, בצל ירוק ונבטים, מוגש בליווי אורז לבן. (פיקנטי / מומלץ)","price":63,"vegan":false,"vegetarian":false,"image":"https://d25t2285lxl5rf.cloudfront.net/images/dishes/66351f05-823d-471b-9465-b251d04cd907.jpg","notFood":false,"drinks":false},{"name":"ספיישל הונג קונג","description":"אטריות חיטה אודון, נתחי כבד עוף, בצל לבן, גזר, נבטים, פטריות, קשיו, בצל ירוק וקריספי בטטה. (מומלץ)","price":61,"vegan":false,"vegetarian":false,"image":"https://d25t2285lxl5rf.cloudfront.net/images/dishes/3ad72e51-7c2a-4d6b-b9fb-ee7cdccba86a.jpg","notFood":false,"drinks":false},{"name":"ספיישל בייג'ינג 🌶","description":"אטריות חיטה אדומות, נתחי בקר, רצועות עוף, נתחי כבד אווז, בצל, גמבה, פלפל חריף, פטריות, קשיו, בצל ירוק,שומשום וקריספי בטטה. (פיקנטי)","price":94,"vegan":false,"vegetarian":false,"image":"https://d25t2285lxl5rf.cloudfront.net/images/dishes/7b1b32fd-7395-48c2-a4cf-2a2650a8e0ce.jpg","notFood":false,"drinks":false},{"name":"ספיישל שאנדונג","description":"אורז יסמין מוקפץ, נתחי סלמון, כרוב, בצל, גזר, פטריות, ביצה, בוטנים גרוסים, בצל ירוק, ופלח לימון.","price":68,"vegan":false,"vegetarian":false,"image":"https://d25t2285lxl5rf.cloudfront.net/images/dishes/bfdc73a2-76a6-429e-96ab-0500b2db1a2c.jpg","notFood":false,"drinks":false},{"name":"ספיישל שנגחאי","description":"אטריות אורז רחבות, נתחי בקר, גזר, גמבה, נבטים, כרוב, פטריות, ביצה, קשיו, בוטנים גרוסים, כוסברה טריה, קריספי בטטה ופלח לימון.","price":69,"vegan":false,"vegetarian":false,"image":"https://d25t2285lxl5rf.cloudfront.net/images/dishes/0e745e72-7372-4431-a6d6-aa811d5b2175.jpg","notFood":false,"drinks":false},{"name":"ספיישל סוג'ואו","description":"אטריות חיטה אדומות, חזה אווז מעושן, רצועות עוף, בצל, גזר, פטריות, קשיו, קריספי בטטה, בצל ירוק ושומשום קלוי.","price":64,"vegan":false,"vegetarian":false,"image":"https://d25t2285lxl5rf.cloudfront.net/images/dishes/9cbe0237-790b-47bf-b8c8-f223d385fe89.jpg","notFood":false,"drinks":false},{"name":"ספיישל סיאול 🌱","description":"אטריות חיטה אודון, קוביות טופו, גזר, כרוב, גמבה, פטריות, קשיו, בצל ירוק ונבטים. (טבעוני)","price":54,"vegan":true,"vegetarian":true,"image":"https://d25t2285lxl5rf.cloudfront.net/images/dishes/264936b2-b9dd-4ed3-8740-f2eebec10931.jpg","notFood":false,"drinks":false},{"name":"נודלס עוף","description":"רצועות חזה עוף, אטריות ביצים, בצל, גזר, כרוב, גמבה, פטריות, שומשום, נבטים ובצל ירוק.","price":54,"vegan":false,"vegetarian":false,"image":"https://d25t2285lxl5rf.cloudfront.net/images/dishes/b62e5758-9373-4267-b569-f0eadc296c70.jpg","notFood":false,"drinks":false},{"name":"נודלס בקר","description":"רצועות בקר , אטריות ביצים, בצל, גזר, כרוב, גמבה, פטריות, שומשום, נבטים ובצל ירוק.","price":61,"vegan":false,"vegetarian":false,"image":"https://d25t2285lxl5rf.cloudfront.net/images/dishes/aed06270-b0f0-4928-a00f-cdc02c0d1c52.jpg","notFood":false,"drinks":false},{"name":"נודלס בקר ועוף","description":"רצועות בקר וחזה עוף, אטריות ביצים, בצל, גזר, כרוב, גמבה, פטריות, שומשום, נבטים ובצל ירוק.","price":61,"vegan":false,"vegetarian":false,"image":"https://d25t2285lxl5rf.cloudfront.net/images/dishes/5e7ddebd-21da-47e8-8d4c-5af543a9ecef.jpg","notFood":false,"drinks":false},{"name":"נודלס טופו 🌱","description":"קוביות טופו, אטריות ביצים, בצל, גזר, כרוב, גמבה, פטריות, שומשום, נבטים ובצל ירוק. (צמחוני)","price":49,"vegan":false,"vegetarian":true,"image":"https://d25t2285lxl5rf.cloudfront.net/images/dishes/80aabc98-4700-447b-b0fb-9bf9afe1e46c.jpg","notFood":false,"drinks":false},{"name":"נודלס צמחוני 🌱","description":"אטריות ביצים, בצל, גזר, כרוב, גמבה, פטריות, שומשום, נבטים ובצל ירוק. (צמחוני)","price":47,"vegan":false,"vegetarian":true,"image":"https://d25t2285lxl5rf.cloudfront.net/images/dishes/5c7031f1-328a-4634-b776-14deca58a7a5.jpg","notFood":false,"drinks":false},{"name":"נודלס חזה אווז מעושן","description":"קוביות חזה אווז מעושן, אטריות ביצים, בצל, גזר, כרוב, גמבה, פטריות, שומשום, נבטים ובצל ירוק.","price":56,"vegan":false,"vegetarian":false,"image":"https://d25t2285lxl5rf.cloudfront.net/images/dishes/165faa85-ec59-4e10-abc3-02c7906ab5a1.jpg","notFood":false,"drinks":false},{"name":"נודלס סלמון","description":"נתחי סלמון, אטריות ביצים, בצל, גזר, כרוב, גמבה, פטריות, שומשום, נבטים ובצל ירוק.","price":67,"vegan":false,"vegetarian":false,"image":"https://d25t2285lxl5rf.cloudfront.net/images/dishes/11d5312f-5f89-4be7-bf18-73beadf00834.jpg","notFood":false,"drinks":false},{"name":"נודלס כבדי עוף","description":"נתחי כבד עוף, אטריות ביצים, בצל, גזר, כרוב, גמבה, פטריות, שומשום, נבטים ובצל ירוק.","price":57,"vegan":false,"vegetarian":false,"image":"https://d25t2285lxl5rf.cloudfront.net/images/dishes/f3d991e0-4bbc-4a40-858c-f0fc2bc37656.jpg","notFood":false,"drinks":false},{"name":"נודלס בקר ונתחי כבד אווז","description":"רצועות בקר ונתחי כבד אווז, אטריות ביצים, בצל, גזר, כרוב, גמבה, פטריות, שומשום, נבטים ובצל ירוק.","price":88,"vegan":false,"vegetarian":false,"image":"https://d25t2285lxl5rf.cloudfront.net/images/dishes/0f467ce4-c3bf-4007-b75e-1609634dc88e.jpg","notFood":false,"drinks":false},{"name":"פאד תאי עוף","description":"רצועות חזה עוף, אטריות אורז רחבות, גזר, כרוב, פטריות, בוטנים גרוסים, ביצה מקושקשת, פלח לימון, נבטים וכוסברה טריה.","price":54,"vegan":false,"vegetarian":false,"image":"https://d25t2285lxl5rf.cloudfront.net/images/dishes/207215ef-e74a-45e8-b730-dcbacdb97ff3.jpg","notFood":false,"drinks":false},{"name":"פאד תאי בקר","description":"רצועות בקר, אטריות אורז רחבות, גזר, כרוב, פטריות, בוטנים גרוסים, ביצה מקושקשת, פלח לימון, נבטים וכוסברה טריה.","price":61,"vegan":false,"vegetarian":false,"image":"https://d25t2285lxl5rf.cloudfront.net/images/dishes/55f7777a-377e-41d6-afed-b3d7e2c150cd.jpg","notFood":false,"drinks":false},{"name":"פאד תאי בקר ועוף","description":"רצועות בקר וחזה עוף, אטריות אורז רחבות, גזר, כרוב, פטריות, בוטנים גרוסים, ביצה מקושקשת, פלח לימון, נבטים וכוסברה טריה.","price":61,"vegan":false,"vegetarian":false,"image":"https://d25t2285lxl5rf.cloudfront.net/images/dishes/3ed1d82c-3ad6-48e2-aa09-21c3dfca8f56.jpg","notFood":false,"drinks":false},{"name":"פאד תאי טופו\n  🌱","description":"קוביות טופו, אטריות אורז רחבות, גזר, כרוב, פטריות, בוטנים גרוסים, ביצה מקושקשת, פלח לימון, נבטים וכוסברה טריה. (צמחוני)","price":49,"vegan":false,"vegetarian":true,"image":"https://d25t2285lxl5rf.cloudfront.net/images/dishes/9f36626a-2025-4286-9553-60a00cb341ef.jpg","notFood":false,"drinks":false},{"name":"פאד תאי צמחוני 🌱","description":"אטריות אורז רחבות, גזר, כרוב, פטריות, בוטנים גרוסים, ביצה מקושקשת, פלח לימון, נבטים וכוסברה טריה. (צמחוני)","price":47,"vegan":false,"vegetarian":true,"image":"https://d25t2285lxl5rf.cloudfront.net/images/dishes/42e7acaf-f83c-453a-b574-4c7419e05681.jpg","notFood":false,"drinks":false},{"name":"פאד תאי חזה אווז מעושן","description":"קוביות חזה אווז מעושן, אטריות אורז רחבות, גזר, כרוב, פטריות, בוטנים גרוסים, ביצה מקושקשת, פלח לימון, נבטים וכוסברה טריה.","price":56,"vegan":false,"vegetarian":false,"image":"https://d25t2285lxl5rf.cloudfront.net/images/dishes/86cedb67-f0ce-4ace-aa51-65c5ee94ff43.jpg","notFood":false,"drinks":false},{"name":"פאד תאי סלומון","description":"נתחי סלמון, אטריות אורז רחבות, גזר, כרוב, פטריות, בוטנים גרוסים, ביצה מקושקשת, פלח לימון, נבטים וכוסברה טריה.","price":67,"vegan":false,"vegetarian":false,"image":"https://d25t2285lxl5rf.cloudfront.net/images/dishes/cdb4c452-e1ff-4dc0-8f54-f83f72730030.jpg","notFood":false,"drinks":false},{"name":"פאד תאי כבדי עוף","description":"נתחי כבד עוף, אטריות אורז רחבות, גזר, כרוב, פטריות, בוטנים גרוסים, ביצה מקושקשת, פלח לימון, נבטים וכוסברה טריה.","price":57,"vegan":false,"vegetarian":false,"image":"https://d25t2285lxl5rf.cloudfront.net/images/dishes/1340ca0f-0aa4-48fb-b97b-ef1ad2b239ec.jpg","notFood":false,"drinks":false},{"name":"פאד תאי בקר ונתחי כבד אווז","description":"רצועות בקר ונתחי כבד אווז, אטריות אורז רחבות, גזר, כרוב, פטריות, בוטנים גרוסים, ביצה מקושקשת, פלח לימון, נבטים וכוסברה טריה.","price":88,"vegan":false,"vegetarian":false,"image":"https://d25t2285lxl5rf.cloudfront.net/images/dishes/4306b304-ae78-4692-8fce-620d82d96fca.jpg","notFood":false,"drinks":false},{"name":"וושי עוף","description":"רצועות חזה עוף, אורז יסמין, בצל, גזר, כרוב, גמבה, פטריות, ביצה מקושקשת, נבטים ובצל ירוק.","price":54,"vegan":false,"vegetarian":false,"image":"https://d25t2285lxl5rf.cloudfront.net/images/dishes/5daae3a1-100e-4943-9459-f106d47b6d5f.jpg","notFood":false,"drinks":false},{"name":"וושי בקר","description":"רצועות בקר, אורז יסמין, בצל, גזר, כרוב, גמבה, פטריות, ביצה מקושקשת, נבטים ובצל ירוק.","price":61,"vegan":false,"vegetarian":false,"image":"https://d25t2285lxl5rf.cloudfront.net/images/dishes/5d33ac7c-18c5-4f6f-87b2-b66b10b72969.jpg","notFood":false,"drinks":false},{"name":"וושי בקר ועוף","description":"רצועות בקר וחזה עוף, אורז יסמין, בצל, גזר, כרוב, גמבה, פטריות, ביצה מקושקשת, נבטים ובצל ירוק.","price":61,"vegan":false,"vegetarian":false,"image":"https://d25t2285lxl5rf.cloudfront.net/images/dishes/6fa29c15-77e2-47de-8d38-7d12a66f9587.jpg","notFood":false,"drinks":false},{"name":"וושי טופו 🌱","description":"קוביות טופו, אורז יסמין, בצל, גזר, כרוב, גמבה, פטריות, ביצה מקושקשת, נבטים ובצל ירוק. (צמחוני)","price":49,"vegan":false,"vegetarian":true,"image":"https://d25t2285lxl5rf.cloudfront.net/images/dishes/cdfa5ede-4559-497b-8281-6c74713aff9f.jpg","notFood":false,"drinks":false},{"name":"וושי צמחוני 🌱","description":"אורז יסמין, בצל, גזר, כרוב, גמבה, פטריות, ביצה מקושקשת, נבטים ובצל ירוק. (צמחוני)","price":47,"vegan":false,"vegetarian":true,"image":"https://d25t2285lxl5rf.cloudfront.net/images/dishes/073ba5af-9dd9-4106-9f4b-2a91f7477c24.jpg","notFood":false,"drinks":false},{"name":"וושי חזה אווז מעושן","description":"קוביות חזה אווז מעושן, אורז יסמין, בצל, גזר, כרוב, גמבה, פטריות, ביצה מקושקשת, נבטים ובצל ירוק.","price":56,"vegan":false,"vegetarian":false,"image":"https://d25t2285lxl5rf.cloudfront.net/images/dishes/b1a00d36-142b-4658-b187-c083d59eebc6.jpg","notFood":false,"drinks":false},{"name":"וושי סלמון","description":"נתחי סלמון, אורז יסמין, בצל, גזר, כרוב, גמבה, פטריות, ביצה מקושקשת, נבטים ובצל ירוק.","price":67,"vegan":false,"vegetarian":false,"image":"https://d25t2285lxl5rf.cloudfront.net/images/dishes/1ffc5c17-f540-45a7-ae54-e2773bf0863e.jpg","notFood":false,"drinks":false},{"name":"וושי כבדי עוף","description":"נתחי כבד עוף, אורז יסמין, בצל, גזר, כרוב, גמבה, פטריות, ביצה מקושקשת, נבטים ובצל ירוק.","price":57,"vegan":false,"vegetarian":false,"image":"https://d25t2285lxl5rf.cloudfront.net/images/dishes/7ac24bd3-16e2-4b44-bdcd-216f16db688d.jpg","notFood":false,"drinks":false},{"name":"וושי בקר ונתחי כבד אווז","description":"רצועות בקר ונתחי כבד אווז, אורז יסמין, בצל, גזר, כרוב, גמבה, פטריות, ביצה מקושקשת, נבטים ובצל ירוק.","price":88,"vegan":false,"vegetarian":false,"image":"https://d25t2285lxl5rf.cloudfront.net/images/dishes/fa7ce251-9431-41f5-a770-1fd16551b94a.jpg","notFood":false,"drinks":false},{"name":"הרכבה אינסיידאאוט","description":"עד 4 מרכיבים + ציפוי \n*המחיר מתחיל ב-29 ש״ח וכל מרכיב בתוספת תשלום","price":29,"vegan":true,"vegetarian":true,"image":"https://d25t2285lxl5rf.cloudfront.net/images/dishes/db4b37de-a3fd-4ebe-a6c0-45f961cd7668.jpg","notFood":false,"drinks":false},{"name":"הרכבה אינסיידאאוט מטוגן","description":"עד 4 מרכיבים\nֿ*המחיר מתחיל ב-34 ש״ח וכל מרכיב בתוספת תשלום","price":34,"vegan":true,"vegetarian":true,"image":"https://d25t2285lxl5rf.cloudfront.net/images/dishes/4fe42465-21c6-4408-a718-b59e9d7ebf94.jpg","notFood":false,"drinks":false},{"name":"הרכבה פוטומאקי","description":"עד 5 מרכיבים\n*המחיר מתחיל ב-29 ש״ח וכל מרכיב בתוספת תשלום","price":29,"vegan":true,"vegetarian":true,"image":"https://d25t2285lxl5rf.cloudfront.net/images/dishes/1740b7b9-9d0a-419a-8b36-9a05dc714280.jpg","notFood":false,"drinks":false},{"name":"הרכבה פוטומאקי מטוגן","description":"עד 5 מרכיבים\n*המחיר מתחיל ב-34 ש״ח וכל מרכיב בתוספת תשלום","price":34,"vegan":true,"vegetarian":true,"image":"https://d25t2285lxl5rf.cloudfront.net/images/dishes/1f0c875e-33f9-47fd-91fd-7dd2f5eb25ad.jpg","notFood":false,"drinks":false},{"name":"הרכבה סנדוויץ'","description":"עד 3 מרכיבים + ציפוי\n*המחיר מתחיל ב-29 ש״ח וכל מרכיב בתוספת תשלום","price":29,"vegan":true,"vegetarian":true,"image":"https://d25t2285lxl5rf.cloudfront.net/images/dishes/f49305af-b932-436c-b7f0-986a9bf86917.jpg","notFood":false,"drinks":false},{"name":"הרכבה סנדוויץ' מטוגן","description":"עד 3 מרכיבים\n*המחיר מתחיל ב-34 ש״ח וכל מרכיב בתוספת תשלום","price":34,"vegan":true,"vegetarian":true,"image":"https://d25t2285lxl5rf.cloudfront.net/images/dishes/ad9a63a8-a271-44c1-9ca7-cb47e4a7f47e.jpg","notFood":false,"drinks":false},{"name":"טורונטו","description":"אינסיידאאוט 8 יח' סלמון מעושן, גבינת שמנת צמחית, בטטה, מלפפון ובצל ירוק בציפוי אבוקדו.","price":44,"vegan":false,"vegetarian":false,"image":"https://d25t2285lxl5rf.cloudfront.net/images/dishes/531b04b0-7847-4776-907c-c54e1434de73.jpg","notFood":false,"drinks":false},{"name":"ניו-יורק","description":"אינסיידאאוט 8 יח' סלמון נא, אבוקדו ומלפפון בציפוי בצל ירוק ושומשום.","price":41,"vegan":false,"vegetarian":false,"image":"https://d25t2285lxl5rf.cloudfront.net/images/dishes/73daefc7-0326-4e5e-8392-ae77895480d0.jpg","notFood":false,"drinks":false},{"name":"פיניקס","description":"אינסיידאאוט 8 יח' טונה אדומה, גזר, מלפפון ובצל ירוק בציפוי טונה אדומה צרובה. (מומלץ )","price":57,"vegan":false,"vegetarian":false,"image":"https://d25t2285lxl5rf.cloudfront.net/images/dishes/d7b0bfdf-ed6d-46a7-bde4-3d2e17fc42cf.jpg","notFood":false,"drinks":false},{"name":"טקסס","description":"אינסיידאאוט 8 יח' סלמון נא, אבוקדו, שיטאקי וגזר בציפוי סלמון צרוב. (מומלץ)","price":52,"vegan":false,"vegetarian":false,"image":"https://d25t2285lxl5rf.cloudfront.net/images/dishes/92b61b49-669e-4546-b384-314c1403d98b.jpg","notFood":false,"drinks":false},{"name":"דאלאס","description":"אינסיידאאוט 8 יח' דג לבן, אבוקדו, גזר, שיטאקי ובצל ירוק בציפוי דג לבן צרוב.","price":53,"vegan":false,"vegetarian":false,"image":"https://d25t2285lxl5rf.cloudfront.net/images/dishes/a94aa5dd-7e99-4cb0-bdc6-4e98ad112a98.jpg","notFood":false,"drinks":false},{"name":"אוסטין","description":"אינסיידאאוט 8 יח' סלמון נא, גזר ומלפפון בציפוי קוויאר ובצל ירוק.","price":52,"vegan":false,"vegetarian":false,"image":"https://d25t2285lxl5rf.cloudfront.net/images/dishes/107f0f18-2541-472a-995b-fc88b39e76ce.jpg","notFood":false,"drinks":false},{"name":"אריזונה","description":"אינסיידאאוט 8 יח' סלמון אפוי, בטטה ומלפפון בציפוי אבוקדו.\n(מומלץ)","price":43,"vegan":false,"vegetarian":false,"image":"https://d25t2285lxl5rf.cloudfront.net/images/dishes/554d3d28-0098-46d4-888f-63857756efd3.jpg","notFood":false,"drinks":false},{"name":"סן פרנסיסקו","description":"אינסיידאאוט 8 יח' סלמון נא, אבוקדו, גזר ומלפפון בציפוי טונה אדומה, דג לבן, קרם לימון ובצל ירוק. (מומלץ)","price":55,"vegan":false,"vegetarian":false,"image":"https://d25t2285lxl5rf.cloudfront.net/images/dishes/208b558d-cd2a-405d-b639-7423ddc1cd21.jpg","notFood":false,"drinks":false},{"name":"לוס אנג'לס","description":"פוטומאקי 8 יח' סלמון מעושן,גבינת שמנת צמחית, אבוקדו ובצל ירוק. (מומלץ)","price":42,"vegan":false,"vegetarian":false,"image":"https://d25t2285lxl5rf.cloudfront.net/images/dishes/5c1f5140-b3c1-4039-ba6f-7e4ab1a98c41.jpg","notFood":false,"drinks":false},{"name":"סיאטל","description":"פוטומאקי 8 יח' סלמון נא, בטטה, גזר ומלפפון.","price":40,"vegan":false,"vegetarian":false,"image":"https://d25t2285lxl5rf.cloudfront.net/images/dishes/0a4708a8-c2ce-417e-9a1d-e2a941b379c7.jpg","notFood":false,"drinks":false},{"name":"בוסטון","description":"פוטומאקי 8 יח' טונה אדומה, שיטאקי, גזר ומלפפון.","price":44,"vegan":false,"vegetarian":false,"image":"https://d25t2285lxl5rf.cloudfront.net/images/dishes/a6b9056d-2093-4704-b013-d1fd2fc2ad40.jpg","notFood":false,"drinks":false},{"name":"דנבר","description":"פוטומאקי 8 יח' דג לבן,אבוקדו, גזר, מלפפון ובצל ירוק.","price":43,"vegan":false,"vegetarian":false,"image":"https://d25t2285lxl5rf.cloudfront.net/images/dishes/8bc4823d-2554-4a93-a8f2-063449d09048.jpg","notFood":false,"drinks":false},{"name":"צ'אנג ראי 🌶","description":"אינסיידאאוט 8 יח' ספייסי סלמון, אבוקדו ומלפפון בציפוי טמפורה קרה. (פיקנטי)","price":39,"vegan":false,"vegetarian":false,"image":"https://d25t2285lxl5rf.cloudfront.net/images/dishes/3d2d2d68-9dc3-430d-ba3a-d361dc2643a8.jpg","notFood":false,"drinks":false},{"name":"צ'אנג מאי 🌶","description":"אינסיידאאוט 8 יח' ספייסי טונה אדומה, אבוקדו ומלפפון בציפוי קריספי בטטה. (פיקנטי)","price":39,"vegan":false,"vegetarian":false,"image":"https://d25t2285lxl5rf.cloudfront.net/images/dishes/ec43c676-4ecf-4fd2-9010-c00fa8bdcb87.jpg","notFood":false,"drinks":false},{"name":"סאקורה 🌶","description":"אינסיידאאוט 8 יח' ספייסי דג לבן, אבוקדו ומלפפון בציפוי בצל ירוק ושומשום מעורב. (פיקנטי)","price":39,"vegan":false,"vegetarian":false,"image":"https://d25t2285lxl5rf.cloudfront.net/images/dishes/bc277d19-2e28-43f8-877a-37674df3b768.jpg","notFood":false,"drinks":false},{"name":"קליפורניה 🌶","description":"אינסיידאאוט 8 יח' ספייסי סלמון, אבוקדו ומלפפון בציפוי סלמון, טונה אדומה ודג לבן. (פיקנטי / מומלץ)","price":53,"vegan":false,"vegetarian":false,"image":"https://d25t2285lxl5rf.cloudfront.net/images/dishes/a4276780-cd66-480a-925b-7b663a6604fb.jpg","notFood":false,"drinks":false},{"name":"אנימה","description":"אינסיידאאוט 8 יח' טונה אדומה, אבוקדו, טמאגו ושיטאקי בציפוי קריספי בטטה.","price":43,"vegan":false,"vegetarian":false,"image":"https://d25t2285lxl5rf.cloudfront.net/images/dishes/25df9fb0-6732-4050-a159-4b6193deea39.jpg","notFood":false,"drinks":false},{"name":"הוואי","description":"אינסיידאאוט 8 יח' אבוקדו, בטטה ושיטאקי בציפוי סלמון וטונה אדומה עם נגיעות קרם לימונים.","price":41,"vegan":false,"vegetarian":false,"image":"https://d25t2285lxl5rf.cloudfront.net/images/dishes/8cb39696-750f-4a58-ac7c-f1ed9816cc2f.jpg","notFood":false,"drinks":false},{"name":"קוויאר","description":"אינסיידאאוט 8 יח' סלמון נא, אבוקדו ומלפפון בציפוי אבוקדו וקוויאר אדום.","price":49,"vegan":false,"vegetarian":false,"image":"https://d25t2285lxl5rf.cloudfront.net/images/dishes/9b5f3b6f-b2c9-45a9-ad06-4e5116a6a283.jpg","notFood":false,"drinks":false},{"name":"טרופי","description":"אינסיידאאוט 8 יח' סלמון נא ואבוקדו בציפוי מנגו (בעונה)","price":41,"vegan":false,"vegetarian":false,"image":"https://d25t2285lxl5rf.cloudfront.net/images/dishes/48ff920d-5a17-4c88-8018-4fbe29f9d20f.jpg","notFood":false,"drinks":false},{"name":"צ'אי","description":"אינסיידאאוט 8 יח' דג לבן מטוגן בטמפורה, אבוקדו ומלפפון בציפוי קריספי בטטה. (מומלץ)","price":42,"vegan":false,"vegetarian":false,"image":"https://d25t2285lxl5rf.cloudfront.net/images/dishes/a9f03788-ddc4-43ab-98b4-ba06d3455c57.jpg","notFood":false,"drinks":false},{"name":"קלאסיק","description":"אינסיידאאוט 8 יח' סלמון נא, אבוקדו ובצל ירוק בציפוי טמפורה קרה עם נגיעות קרם לימונים.","price":41,"vegan":false,"vegetarian":false,"image":"https://d25t2285lxl5rf.cloudfront.net/images/dishes/0621ff59-1e85-4bd7-bc62-fff54c46046e.jpg","notFood":false,"drinks":false},{"name":"טאיו","description":"אינסיידאאוט 8 יח' סלט טונה, גזר ומלפפון בציפוי אבוקדו. (מומלץ)","price":39,"vegan":false,"vegetarian":false,"image":"https://d25t2285lxl5rf.cloudfront.net/images/dishes/e7eb794e-50de-4830-8b8a-257e2e7965f9.jpg","notFood":false,"drinks":false},{"name":"טריו","description":"אינסיידאאוט 8 יח' סלמון נא, טונה אדומה, דג לבן ואבוקדו בציפוי בצל ירוק ושומשום.","price":51,"vegan":false,"vegetarian":false,"image":"https://d25t2285lxl5rf.cloudfront.net/images/dishes/e46f9b73-572b-48ad-8e1d-f7aed4599179.jpg","notFood":false,"drinks":false},{"name":"ספיישל מיו 🌶","description":"אינסיידאאוט 8 יח' ספייסי סלמון, אבוקדו ובטטה בציפוי סלמון צרוב, ספייסי מיונז, טריאקי, טמפורה קרה, קריספי בטטה, בוטנים גרוסים ובצל ירוק. (פיקנטי , מומלץ)","price":53,"vegan":false,"vegetarian":false,"image":"https://d25t2285lxl5rf.cloudfront.net/images/dishes/9e5c4586-7ba9-4615-9630-5dd8b2d35571.jpg","notFood":false,"drinks":false},{"name":"ספיישל מיו אפוי","description":"אינסיידאאוט 8 יח' סלמון אפוי, אבוקדו ובטטה בציפוי סלמון צרוב, ספייסי מיונז, טריאקי, טמפורה קרה, קריספי בטטה, בוטנים גרוסים ובצל ירוק. (מומלץ)","price":53,"vegan":false,"vegetarian":false,"image":"https://d25t2285lxl5rf.cloudfront.net/images/dishes/d19ec607-1ce6-45a5-b0dd-0ae274b5991a.jpg","notFood":false,"drinks":false},{"name":"ספיישל רד קלאס 🌶","description":"אינסיידאאוט 8 יח' ספייסי טונה אדומה, אבוקדו ומלפפון בציפוי טונה אדומה צרובה, טריאקי, טמפורה קרה, קוויאר אדום, בצל ירוק וקוביות מנגו (בעונה). (פיקנטי)","price":57,"vegan":false,"vegetarian":false,"image":"https://d25t2285lxl5rf.cloudfront.net/images/dishes/2f9c8384-57c6-4be0-a3bb-7f827289cd98.jpg","notFood":false,"drinks":false},{"name":"ספיישל קייג'ון 🌶","description":"אינסיידאאוט 8 יח' סלמון אפוי, אבוקדו ומלפפון בציפוי סלמון צרוב, צ'ילי חריף, קרם לימונים, קריספי בטטה ובצל ירוק. (פיקנטי / מומלץ)","price":51,"vegan":false,"vegetarian":false,"image":"https://d25t2285lxl5rf.cloudfront.net/images/dishes/06c2f2df-89cf-4476-9463-eef15c61262f.jpg","notFood":false,"drinks":false},{"name":"ספיישל קוברה","description":"אינסיידאאוט 8 יח' חצי רול סלמון אפוי, חצי רול סלט טונה, טמאגו ומלפפון בציפוי אבוקדו, טריאקי, ספייסי מיונז וקריספי בטטה. (מומלץ)","price":49,"vegan":false,"vegetarian":false,"image":"https://d25t2285lxl5rf.cloudfront.net/images/dishes/7afa7654-c976-4fe2-a15b-863b164a7217.jpg","notFood":false,"drinks":false},{"name":"ספיישל סאלוט","description":"אינסיידאאוט 8 יח' סלמון סקין, גבינת שמנת צמחית, אבוקדו ומלפפון בציפוי סלמון מעושן, טריאקי, ספייסי מיונז, קרם לימונים, קריספי בטטה ובצל ירוק.","price":52,"vegan":false,"vegetarian":false,"image":"https://d25t2285lxl5rf.cloudfront.net/images/dishes/635c634b-236d-4eb4-bad5-72a6431fd25c.jpg","notFood":false,"drinks":false},{"name":"ספיישל ג'ויה","description":"אינסיידאאוט 8 יח' אבוקדו, בטטה וגזר בציפוי סלמון, טונה אדומה ודג לבן צרובים, טריאקי, טמפורה קרה, שומשום, בצל ירוק וקוביות מנגו (בעונה).","price":51,"vegan":false,"vegetarian":false,"image":"https://d25t2285lxl5rf.cloudfront.net/images/dishes/3aee1d58-b77d-4ba9-853c-24ae2c8e749a.jpg","notFood":false,"drinks":false},{"name":"ספיישל טוקיו\n🌱","description":"אינסיידאאוט 8 יח' אבוקדו, בטטה, טמגו ומלפפון בציפוי טמפורה קרה, ספייסי מיונז, טריאקי, קריספי בטטה ובוטנים גרוסים. (צמחוני / מומלץ)","price":44,"vegan":false,"vegetarian":true,"image":"https://d25t2285lxl5rf.cloudfront.net/images/dishes/f0fee3d5-7ed7-4cbf-97e8-a3f558cbb140.jpg","notFood":false,"drinks":false},{"name":"דובאי 🌱","description":"אינסיידאאוט 8 יח' אבוקדו, גבינת שמנת צמחית, מלפפון ובצל ירוק בציפוי חציל קלוי, טחינה, סילאן, קרם לימון, שבבי טמפורה ושומשום מעורב. (טבעוני / מומלץ)","price":45,"vegan":false,"vegetarian":true,"image":"https://d25t2285lxl5rf.cloudfront.net/images/dishes/219eb725-f29d-439b-98d2-758315e1dd42.jpg","notFood":false,"drinks":false},{"name":"סן דייגו","description":"אינסיידאאוט 10 יח' דג לבן מטוגן בטמפורה, גמבה ואבוקדו בציפוי טמפורה קרה, טחינה, קוביות עגבניה ובצל ירוק.","price":52,"vegan":false,"vegetarian":false,"image":"https://d25t2285lxl5rf.cloudfront.net/images/dishes/627a28c7-b84c-4f02-ae2f-6ed40c6005b0.jpg","notFood":false,"drinks":false},{"name":"אמסטרדם","description":"אינסיידאאוט 8 יח' סלמון אפוי, אבוקדו, מלפפון חמוץ ובצל ירוק, בציפוי חציל קלוי טחינה, קוביות עגבניה ושומשום. (מומלץ)","price":54,"vegan":false,"vegetarian":false,"image":"https://d25t2285lxl5rf.cloudfront.net/images/dishes/62866a62-4404-4e30-abdb-c728a10fb9ca.jpg","notFood":false,"drinks":false},{"name":"לונדון 🌶","description":"אינסיידאאוט 10 יח' חצי רול כדורי ספייסי טונה אדומה, חצי רול כדורי ספייסי סלמון, אבוקדו וגמבה בציפוי טמפורה קרה, בצל ירוק, שומשום וקוביות מנגו (בעונה). (פיקנטי)","price":61,"vegan":false,"vegetarian":false,"image":"https://d25t2285lxl5rf.cloudfront.net/images/dishes/1a5414a1-e405-4b8e-baf2-90aca7ecdea5.jpg","notFood":false,"drinks":false},{"name":"מקסיקו 🌶🌶🌶","description":"אינסיידאאוט 8 יח' סלט טונה, בטטה, מלפפון וגבינת שמנת צמחית בציפוי אבוקדו, פלפל חריף, טמפורה קרה, צ'ילי חריף, טריאקי, ספייסי מיונז, בוטנים ושומשום. (חריף)","price":51,"vegan":false,"vegetarian":false,"image":"https://d25t2285lxl5rf.cloudfront.net/images/dishes/4b951983-745e-414e-bd7b-86e8daa97f53.jpg","notFood":false,"drinks":false},{"name":"לאס וגאס","description":"אינסיידאאוט 8 יח' רצועות בקר מובחרות, אבוקדו, ובצל ירוק, בציפוי חציל קלוי, טחינה, קרם לימון ושומשום. (מומלץ)","price":56,"vegan":false,"vegetarian":false,"image":"https://d25t2285lxl5rf.cloudfront.net/images/dishes/d66d52c5-ba6c-4281-aee7-1c7d72348f57.jpg","notFood":false,"drinks":false},{"name":"ספיישל טוקיו\n🌱","description":"אינסיידאאוט 8 יח' אבוקדו, בטטה, טמגו ומלפפון בציפוי טמפורה קרה, ספייסי מיונז, טריאקי, קריספי בטטה ובוטנים גרוסים. (צמחוני / מומלץ)","price":44,"vegan":false,"vegetarian":true,"image":"https://d25t2285lxl5rf.cloudfront.net/images/dishes/88a13385-c511-45be-9c90-72702e35f37f.jpg","notFood":false,"drinks":false},{"name":"פורטו ריקו 🌱","description":"אינסיידאאוט 8 יח' אבוקדו, שיטאקי, מלפפון וגזר בציפוי קוקוס קלוי. (טבעוני)","price":35,"vegan":true,"vegetarian":true,"image":"https://d25t2285lxl5rf.cloudfront.net/images/dishes/1c00f12f-9613-47d5-9c0a-cb695542a865.jpg","notFood":false,"drinks":false},{"name":"ריאו 🌱","description":"אינסיידאאוט 8 יח' גבינת שמנת צמחית, אבוקדו, שיטאקי וטמגו בציפוי קריספי בטטה. (צמחוני)","price":36,"vegan":false,"vegetarian":true,"image":"https://d25t2285lxl5rf.cloudfront.net/images/dishes/540d10dc-6dae-4ed3-bcc9-7d59fb199a04.jpg","notFood":false,"drinks":false},{"name":"פוטו מאקי 🌱","description":"פוטומאקי רחב 4 יח' אבוקדו, גזר, מלפפון, טמגו וגבינת שמנת צמחית. (צמחוני)","price":33,"vegan":false,"vegetarian":true,"image":"https://d25t2285lxl5rf.cloudfront.net/images/dishes/697ad4f5-19e7-4249-a361-6a6b03c6d5e7.jpg","notFood":false,"drinks":false},{"name":"טיינג'ין 🌱","description":"אינסיידאאוט 8 יח' בטטה, מלפפון, שיטאקי ובצל ירוק בציפוי אבוקדו. (טבעוני)","price":36,"vegan":true,"vegetarian":true,"image":"https://d25t2285lxl5rf.cloudfront.net/images/dishes/185fbd08-45c9-4bed-b037-a9eca0d9cb19.jpg","notFood":false,"drinks":false},{"name":"קולורדו 🌱","description":"אינסיידאאוט 8 יח' אבוקדו, בטטה, גזר ומלפפון בציפוי בצל ירוק ושומשום קלוי. (טבעוני)","price":37,"vegan":true,"vegetarian":true,"image":"https://d25t2285lxl5rf.cloudfront.net/images/dishes/b7e4d9bb-2b10-465e-bc75-0063739061da.jpg","notFood":false,"drinks":true},{"name":"פלורידה","description":"אינסיידאאוט 8 יח' סלמון אפוי, אבוקדו ובטטה בציפוי טמפורה, פנקו וקריספי בטטה. (מומלץ)","price":46,"vegan":false,"vegetarian":false,"image":"https://d25t2285lxl5rf.cloudfront.net/images/dishes/8365398f-a53c-40cb-9ee9-d8ba1691b6e1.jpg","notFood":false,"drinks":false},{"name":"שאקירה","description":"אינסיידאאוט 8 יח' סלמון נא, גבינת שמנת צמחית, אבוקדו ושיטאקי בציפוי טמפורה, פנקו, בצל ירוק ושומשום.","price":47,"vegan":false,"vegetarian":false,"image":"https://d25t2285lxl5rf.cloudfront.net/images/dishes/2c0c8dfa-2578-45a4-94a0-44b4c8b39067.jpg","notFood":false,"drinks":false},{"name":"מיאמי","description":"אינסיידאאוט 8 יח' סלט טונה, אבוקדו וגזר בציפוי טמפורה ופנקו.","price":44,"vegan":false,"vegetarian":false,"image":"https://d25t2285lxl5rf.cloudfront.net/images/dishes/9271e6ba-da8b-44de-8327-73996cb71a1a.jpg","notFood":false,"drinks":false},{"name":"טאי וואן","description":"אינסיידאאוט 8 יח' טונה אדומה, אבוקדו וגזר בציפוי טמפורה ופנקו.","price":48,"vegan":false,"vegetarian":false,"image":"https://d25t2285lxl5rf.cloudfront.net/images/dishes/0d6e4a65-24ba-4788-b7db-aadae99fadc0.jpg","notFood":false,"drinks":false},{"name":"שיקגו 🌱","description":"אינסיידאאוט 8 יח' אבוקדו, בטטה, מלפפון וגזר בציפוי טמפורה, פנקו, בצל ירוק ושומשום. (טבעוני)","price":43,"vegan":true,"vegetarian":true,"image":"https://d25t2285lxl5rf.cloudfront.net/images/dishes/f43ad421-39f9-493e-9c0c-e71fad5c6578.jpg","notFood":false,"drinks":false},{"name":"פוטומאקי מטוגן","description":"פוטומאקי 10 יח' חצי רול טונה אדומה, חצי רול סלמון נא, אבוקדו, גזר, מלפפון ובצל ירוק בציפוי טמפורה ופנקו.","price":53,"vegan":false,"vegetarian":false,"image":"https://d25t2285lxl5rf.cloudfront.net/images/dishes/f914736b-4902-4174-b97c-832e69235b4f.jpg","notFood":false,"drinks":false},{"name":"רול בקר","description":"רצועות בקר מוקפצות, אבוקדו וגזר בציפוי קריספי בטטה (אפשרות למטוגן).","price":51,"vegan":false,"vegetarian":false,"image":"https://d25t2285lxl5rf.cloudfront.net/images/dishes/d2f25b94-9130-4826-a986-6172206cc496.jpg","notFood":false,"drinks":false},{"name":"צ'יקן טמפורה","description":"חזה עוף מוקפץ, אבוקדו וגזר בציפוי טמפורה ופנקו (רול חם).","price":48,"vegan":false,"vegetarian":false,"image":"https://d25t2285lxl5rf.cloudfront.net/images/dishes/1fd7cc4f-d159-4220-9fba-64d70777cf96.jpg","notFood":false,"drinks":false},{"name":"צ'יקן רול","description":"חזה עוף מוקפץ, אבוקדו ומלפפון בציפוי אבוקדו וקריספי בטטה.","price":44,"vegan":false,"vegetarian":false,"image":"https://d25t2285lxl5rf.cloudfront.net/images/dishes/eef38851-e654-4374-bf1a-3f1152367369.jpg","notFood":false,"drinks":false},{"name":"קופנגן 🌶","description":"ספייסי סלמון ואבוקדו בציפוי שבבי טמפורה קרה. (פיקנטי)","price":39,"vegan":false,"vegetarian":false,"image":"https://d25t2285lxl5rf.cloudfront.net/images/dishes/d5defe6d-9b99-4dc5-b486-6d47c28578a5.jpg","notFood":false,"drinks":false},{"name":"קוסאמוי 🌶","description":"ספייסי טונה ואבוקדו בציפוי קריספי בטטה. (פיקנטי)","price":40,"vegan":false,"vegetarian":false,"image":"https://d25t2285lxl5rf.cloudfront.net/images/dishes/fb5bdd06-1f06-4bbc-b815-d01949c4bdbc.jpg","notFood":false,"drinks":false},{"name":"פוקט","description":"סלט טונה ואבוקדו בציפוי שבבי טמפורה קרה.","price":37,"vegan":false,"vegetarian":false,"image":"https://d25t2285lxl5rf.cloudfront.net/images/dishes/79912703-312f-41cb-931e-5a850459ac31.jpg","notFood":false,"drinks":false},{"name":"פטאיה","description":"סלמון אפוי ואבוקדו בציפוי שבבי טמפורה קרה.","price":39,"vegan":false,"vegetarian":false,"image":"https://d25t2285lxl5rf.cloudfront.net/images/dishes/41a41189-155e-4bc0-a40e-a0e2a5833e1a.jpg","notFood":false,"drinks":false},{"name":"בנגקוק 🌱","description":"אבוקדו, טמאגו ובצל ירוק בציפוי שבבי טמפורה קרה. (צמחוני)","price":35,"vegan":false,"vegetarian":true,"image":"https://d25t2285lxl5rf.cloudfront.net/images/dishes/87f217f6-0505-4e23-9f66-969d8301b5b2.jpg","notFood":false,"drinks":false},{"name":"קון קאן","description":"סלמון מעושן, גבינת שמנת צמחית ואבוקדו בציפוי בצל ירוק ושומשום קלוי. (מומלץ)","price":41,"vegan":false,"vegetarian":false,"image":"https://d25t2285lxl5rf.cloudfront.net/images/dishes/48a9af89-d175-45f4-9af3-d16f4aec5c69.jpg","notFood":false,"drinks":false},{"name":"קומבינציית מיאה (24 יח')","description":"8 יח' קלאסיק, 8 יח' אנימה, 4 יח' סנדוויץ' בנגקוק, פוטו מאקי 4 יח'.","price":121,"vegan":true,"vegetarian":true,"image":"https://d25t2285lxl5rf.cloudfront.net/images/dishes/f2192b03-3c5e-40e3-82f7-ea059ca20c18.jpg","notFood":false,"drinks":false},{"name":"קומבינציית ספייסי (32 יח') \n🌶","description":"8 יח' צ'אנג ראי, 8 יח' צ'אנג מאי, 8 יח' סאקורה, 8 יח' מאקי בטטה. (פיקנטי / מומלץ)","price":117,"vegan":true,"vegetarian":true,"image":"https://d25t2285lxl5rf.cloudfront.net/images/dishes/2cca077e-f63b-4e1f-a9f0-6df0898e20e0.jpg","notFood":false,"drinks":false},{"name":"קומבינציית מטוגנים (28 יח')","description":"8 יח' פלורידה, 8 יח' שאקירה, 4 יח' סנדוויץ' בנגקוק, 8 יח' מאקי בטטה.","price":131,"vegan":true,"vegetarian":true,"image":"https://d25t2285lxl5rf.cloudfront.net/images/dishes/970fe125-3a90-44e8-a016-76432bb1277a.jpg","notFood":false,"drinks":false},{"name":"קומבינציית בייסיק (32 יח׳)","description":"8 יח' טקסס, 8 יח' פיניקס, 8 יח' לוס אנג'לס, 8 יח' מאקי אבוקדו.\n(מומלץ)","price":149,"vegan":true,"vegetarian":true,"image":"https://d25t2285lxl5rf.cloudfront.net/images/dishes/c96bef8e-e9fb-4876-a68c-6b3213f9b1c1.jpg","notFood":false,"drinks":false},{"name":"קומבינציה צמחונית (24 יח') 🌱","description":"8 יח' טיינג׳ין, 8 יח' קולורדו, פוטו מאקי 4 יח', 4 יח' סנדוויץ' בנגקוק. (צמחוני)","price":109,"vegan":true,"vegetarian":true,"image":"https://d25t2285lxl5rf.cloudfront.net/images/dishes/d07f7d7d-fec9-4e7c-b765-25d84df310f9.jpg","notFood":false,"drinks":true},{"name":"מגש מסיבות קלאסי (88 יח')","description":"ספיישל מיו, 2 צ'אנג ראי, צ'אנג מאי, קולורדו (צמחוני), סאקורה, סנדוויץ' קופנגן, סנדוויץ' קוסאמוי,טאיו, מאקי טמאגו, מאקי בטטה, מאקי אבוקדו + פינוק סלט קימצ'י. \r\n\r\n*מגש זה מגיע עם 22 רטבים: 8 ספייסי מיונז, 8 טריאקי , 6 סויה, ג׳ינג׳ר, ווסאבי","price":350,"vegan":false,"vegetarian":true,"image":"https://d25t2285lxl5rf.cloudfront.net/images/dishes/e0359b58-0ff0-40c1-9535-6f3fa6d968b9.jpg","notFood":false,"drinks":true},{"name":"מגש מסיבות בייסיק (104 יח')","description":"ניו-יורק, טקסס, טיינג׳ין (צמחוני), פיניקס, דאלאס, אריזונה, סן-פרנסיסקו, לוס אנג'לס, סיאטל, דנבר, מאקי טמאגו, מאקי בטטה, מאקי אבוקדו + פינוק סלט קימצ'י.\r\n\r\n*מגש זה מגיע עם 25 רטבים: 9 ספייסי מיונז, 9 טריאקי , 7 סויה, ג׳ינג׳ר, ווסאבי","price":400,"vegan":false,"vegetarian":true,"image":"https://d25t2285lxl5rf.cloudfront.net/images/dishes/25d8ff78-beb3-41b2-9789-dfb6f406ed50.jpg","notFood":false,"drinks":false},{"name":"מגש מסיבות ספיישל (116 יח')","description":"2 ספיישל מיו, ספיישל קוברה, ספיישל רד קלאס, ספיישל ג'ויה, ספיישל סאלוט, צ'אנג ראי, צ'אנג מאי, טרופי, טיינג׳ין (צמחוני), סנדוויץ' קופנגן, סנדוויץ' קוסאמוי, מאקי בטטה, מאקי אבוקדו, מאקי טמגו, 2 ניגירי סלמון, 2 ניגירי טונה אדומה + פינוק סלט קימצ'י.\r\n\r\n*מגש זה מגיע עם 28 רטבים: 10 ספייסי מיונז, 10 טריאקי , 8 סויה, ג׳ינג׳ר, ווסאבי","price":450,"vegan":false,"vegetarian":false,"image":"https://d25t2285lxl5rf.cloudfront.net/images/dishes/b193ebc3-b0f6-4900-9848-529c2dfd6da5.jpg","notFood":false,"drinks":false},{"name":"מאקי סלמון","price":24,"vegan":false,"vegetarian":false,"image":"https://d25t2285lxl5rf.cloudfront.net/images/dishes/cd3df73f-b7fb-4d4c-b024-de450fa37e42.jpg","notFood":false,"drinks":false},{"name":"מאקי דג לבן","price":25,"vegan":false,"vegetarian":false,"image":"https://d25t2285lxl5rf.cloudfront.net/images/dishes/367d82bd-e3ee-4f15-a1a3-68512e8da6c4.jpg","notFood":false,"drinks":false},{"name":"מאקי סלמון מעושן","price":27,"vegan":false,"vegetarian":false,"image":"https://d25t2285lxl5rf.cloudfront.net/images/dishes/5f4aad37-4c7c-44e2-8327-ac0264905d85.jpg","notFood":false,"drinks":false},{"name":"מאקי סלמון אפוי","price":24,"vegan":false,"vegetarian":false,"image":"https://d25t2285lxl5rf.cloudfront.net/images/dishes/0f6acfbb-a4e6-44c6-a64d-17ae09fcf9ed.jpg","notFood":false,"drinks":false},{"name":"מאקי טונה אדומה","price":28,"vegan":false,"vegetarian":false,"image":"https://d25t2285lxl5rf.cloudfront.net/images/dishes/ab0430ce-643b-4841-ba15-1f0ec7b68174.jpg","notFood":false,"drinks":false},{"name":"מאקי סלט טונה","price":26,"vegan":false,"vegetarian":false,"image":"https://d25t2285lxl5rf.cloudfront.net/images/dishes/c5291c49-d000-4d17-a304-1b80cc128f88.jpg","notFood":false,"drinks":false},{"name":"מאקי אבוקדו 🌱","description":"(טבעוני)","price":23,"vegan":true,"vegetarian":true,"image":"https://d25t2285lxl5rf.cloudfront.net/images/dishes/305547ae-aaf6-4816-b19b-ef0ce7b00346.jpg","notFood":false,"drinks":false},{"name":"מאקי טמאגו 🌱","description":"(צמחוני)","price":23,"vegan":false,"vegetarian":true,"image":"https://d25t2285lxl5rf.cloudfront.net/images/dishes/646e2701-272c-4268-8cf1-a4da3c390002.jpg","notFood":false,"drinks":false},{"name":"מאקי בטטה 🌱","description":"(טבעוני)","price":21,"vegan":true,"vegetarian":true,"image":"https://d25t2285lxl5rf.cloudfront.net/images/dishes/0bf2043f-4db9-4b5c-8cb5-2c1e96c9e015.jpg","notFood":false,"drinks":false},{"name":"מאקי מלפפון 🌱","description":"(טבעוני)","price":21,"vegan":true,"vegetarian":true,"image":"https://d25t2285lxl5rf.cloudfront.net/images/dishes/e6d4624e-2d82-43d6-b53b-905474fd00e5.jpg","notFood":false,"drinks":false},{"name":"מאקי גזר 🌱","description":"(טבעוני)","price":21,"vegan":true,"vegetarian":true,"image":"https://d25t2285lxl5rf.cloudfront.net/images/dishes/fd4eb1b3-f3fd-429d-aa72-647234dc0a9f.jpg","notFood":false,"drinks":false},{"name":"מאקי שיטאקי 🌱","description":"(טבעוני)","price":21,"vegan":true,"vegetarian":true,"image":"https://d25t2285lxl5rf.cloudfront.net/images/dishes/f3ede14f-ad61-4058-a010-f681f853a9b1.jpg","notFood":false,"drinks":false},{"name":"מאקי בצל ירוק 🌱","description":"(טבעוני)","price":21,"vegan":true,"vegetarian":true,"image":"https://d25t2285lxl5rf.cloudfront.net/images/dishes/0ecb97bf-17fc-4ccc-9c7c-4e580933f6c6.jpg","notFood":false,"drinks":false},{"name":"ניגירי סלמון","price":26,"vegan":false,"vegetarian":false,"image":"https://d25t2285lxl5rf.cloudfront.net/images/dishes/2e6acdb2-5c83-4bba-9bd3-f504ff3e7432.jpg","notFood":false,"drinks":false},{"name":"ניגירי דג לבן","price":25,"vegan":false,"vegetarian":false,"image":"https://d25t2285lxl5rf.cloudfront.net/images/dishes/16568d14-cbe5-4b5a-ab6d-6dc4f060e062.jpg","notFood":false,"drinks":false},{"name":"ניגירי טונה אדומה","price":29,"vegan":false,"vegetarian":false,"image":"https://d25t2285lxl5rf.cloudfront.net/images/dishes/30eaf905-0b2a-4910-afa8-5185afbdcd60.jpg","notFood":false,"drinks":false},{"name":"ניגירי אבוקדו 🌱","description":"(טבעוני)","price":23,"vegan":true,"vegetarian":true,"image":"https://d25t2285lxl5rf.cloudfront.net/images/dishes/328a4c48-ed47-4ccd-8f9f-8ea1fdb76054.jpg","notFood":false,"drinks":false},{"name":"ניגירי טמאגו 🌱","description":"(צמחוני)","price":23,"vegan":false,"vegetarian":true,"image":"https://d25t2285lxl5rf.cloudfront.net/images/dishes/2e5b80ef-a872-45f7-9c25-67018e8c181e.jpg","notFood":false,"drinks":false},{"name":"ניגירי סלמון צרוב","price":26,"vegan":false,"vegetarian":false,"notFood":false,"drinks":false},{"name":"ניגירי סלמון מעושן","price":28,"vegan":false,"vegetarian":false,"notFood":false,"drinks":false},{"name":"ניגירי טונה אדומה צרובה","price":29,"vegan":false,"vegetarian":false,"notFood":false,"drinks":false},{"name":"קונוס ספייסי סלמון","description":"ספייסי סלמון, אבוקדו ומלפפון.\r\n\r\n","price":32,"vegan":false,"vegetarian":false,"image":"https://d25t2285lxl5rf.cloudfront.net/images/dishes/2c01ad70-435d-4dab-b9d8-a1fec7d23621.jpg","notFood":false,"drinks":false},{"name":"קונוס ספייסי טונה","description":"ספייסי טונה, אבוקדו ומלפפון.\r\n\r\n","price":34,"vegan":false,"vegetarian":false,"image":"https://d25t2285lxl5rf.cloudfront.net/images/dishes/05f3183f-8769-4253-9a4f-6261be78ba90.jpg","notFood":false,"drinks":false},{"name":"קונוס סלמון סקין","description":"סלמון סקין, אבוקדו ומלפפון.\r\n\r\n","price":31,"vegan":false,"vegetarian":false,"image":"https://d25t2285lxl5rf.cloudfront.net/images/dishes/a5ee7029-5817-4bf9-8758-50f6d1a6d4dc.jpg","notFood":false,"drinks":false},{"name":"קונוס סלמון מעושן","description":"סלמון מעושן, גבינת שמנת צמחית, אבוקדו ובצל ירוק.","price":33,"vegan":false,"vegetarian":false,"image":"https://d25t2285lxl5rf.cloudfront.net/images/dishes/e3105b74-b91a-404c-812a-f728ec16dc5a.jpg","notFood":false,"drinks":false},{"name":"קונוס צמחוני 🌱","description":"אבוקדו, טמאגו וגזר.\n(צמחוני)\n","price":28,"vegan":false,"vegetarian":true,"image":"https://d25t2285lxl5rf.cloudfront.net/images/dishes/66555e1e-cb0d-4db8-b7c9-f0dc82cba7db.jpg","notFood":false,"drinks":false},{"name":"סויה","price":1,"vegan":true,"vegetarian":true,"notFood":false,"drinks":false},{"name":"סויה דל נתרן","price":1,"vegan":true,"vegetarian":true,"notFood":false,"drinks":false},{"name":"טריאקי","price":1,"vegan":true,"vegetarian":true,"notFood":false,"drinks":false},{"name":"ספייסי מיונז","price":1,"vegan":false,"vegetarian":true,"notFood":false,"drinks":false},{"name":"וואסבי","price":1,"vegan":true,"vegetarian":true,"notFood":false,"drinks":false},{"name":"ג׳ינג׳ר","price":1,"vegan":true,"vegetarian":true,"notFood":false,"drinks":false},{"name":"צ'ילי מתוק","price":1,"vegan":true,"vegetarian":true,"notFood":false,"drinks":false},{"name":"שבבי קריספי בטטה","price":2,"vegan":true,"vegetarian":true,"notFood":false,"drinks":false},{"name":"שבבי טמפורה קרה","price":2,"vegan":true,"vegetarian":true,"notFood":false,"drinks":false},{"name":"בוטנים גרוסים","price":2,"vegan":true,"vegetarian":true,"notFood":false,"drinks":false},{"name":"קרם לימון כבוש","price":1,"vegan":true,"vegetarian":true,"notFood":false,"drinks":false},{"name":"שמן שומשום","price":1,"vegan":true,"vegetarian":true,"notFood":false,"drinks":false},{"name":"שמן צ'ילי","price":1,"vegan":true,"vegetarian":true,"notFood":false,"drinks":false},{"name":"קוויאר","price":10,"vegan":true,"vegetarian":true,"notFood":false,"drinks":false},{"name":"באו שוקולד","description":"4 כדורי בצק מטוגנים במילוי שוקולד חם מעל אבקת סוכר, סילאן. (פרווה)","price":25,"vegan":false,"vegetarian":true,"image":"https://d25t2285lxl5rf.cloudfront.net/images/dishes/cc9cb831-c4f8-4faf-ade5-becdc67cb8a6.jpg","notFood":false,"drinks":false},{"name":"מלבי","description":"(פרווה)","price":25,"vegan":true,"vegetarian":true,"image":"https://d25t2285lxl5rf.cloudfront.net/images/dishes/6857a27c-1f42-43b9-84dc-23d2e8ed90b6.jpg","notFood":false,"drinks":false},{"name":"צ'ורוס","description":"מוגש עם רוטב קרמל מלוח ורוטב עוגיות לוטוס.  (מכיל קינמון).(פרווה)","price":25,"vegan":true,"vegetarian":true,"image":"https://d25t2285lxl5rf.cloudfront.net/images/dishes/b90b8564-f9c1-4095-b958-9b7c5db422e9.jpg","notFood":false,"drinks":false},{"name":"סודה זכוכית אישי","price":11,"vegan":true,"vegetarian":true,"image":"https://d25t2285lxl5rf.cloudfront.net/images/dishes/a9fb79a5-c8da-4e58-8bdf-a3bccf03e83a.jpeg","notFood":false,"drinks":true},{"name":"מים מינרליים אישי","price":11,"vegan":true,"vegetarian":true,"image":"https://d25t2285lxl5rf.cloudfront.net/images/dishes/b94a0f66-b946-431c-ae4e-dec446095ef7.jpeg","notFood":false,"drinks":true},{"name":"קוקה קולה זכוכית אישי","price":15,"vegan":true,"vegetarian":true,"image":"https://d25t2285lxl5rf.cloudfront.net/images/dishes/acaf3c6b-49e9-4469-8955-f30249677f0d.jpeg","notFood":false,"drinks":true},{"name":"קולה זירו זכוכית אישי","price":15,"vegan":true,"vegetarian":true,"image":"https://d25t2285lxl5rf.cloudfront.net/images/dishes/843138c0-9b3a-4212-a601-43e10ae33450.jpeg","notFood":false,"drinks":true},{"name":"ספרייט זכוכית אישי","price":15,"vegan":true,"vegetarian":true,"image":"https://d25t2285lxl5rf.cloudfront.net/images/dishes/6ec737c0-528d-46fe-bad2-9211a41ff368.png","notFood":false,"drinks":true},{"name":"ספרייט זירו זכוכית אישי","price":15,"vegan":true,"vegetarian":true,"image":"https://d25t2285lxl5rf.cloudfront.net/images/dishes/04c090f2-8acb-4686-bcc3-c339897d3acb.jpeg","notFood":false,"drinks":true},{"name":"פאנטה זכוכית אישי","price":15,"vegan":true,"vegetarian":true,"image":"https://d25t2285lxl5rf.cloudfront.net/images/dishes/e09fed58-1e91-4a3c-8237-fe8ec74d063f.jpeg","notFood":false,"drinks":false},{"name":"פריגת ענבים זכוכית אישי","price":15,"vegan":true,"vegetarian":true,"image":"https://d25t2285lxl5rf.cloudfront.net/images/dishes/d46930ba-1b4a-41b3-999e-fc1b5fc63163.jpeg","notFood":false,"drinks":true},{"name":"\tפריגת תות בננה זכוכית אישי","price":15,"vegan":true,"vegetarian":true,"image":"https://d25t2285lxl5rf.cloudfront.net/images/dishes/4ffd9603-79de-4f29-b89c-819e9646d220.jpeg","notFood":false,"drinks":false},{"name":"פריגת לימונענע זכוכית אישי","price":15,"vegan":true,"vegetarian":true,"image":"https://d25t2285lxl5rf.cloudfront.net/images/dishes/c1d60ac9-02b4-4413-8f0c-5818f9c06a30.jpeg","notFood":false,"drinks":false},{"name":"פריגת תפוזים זכוכית אישי","price":15,"vegan":true,"vegetarian":true,"image":"https://d25t2285lxl5rf.cloudfront.net/images/dishes/34968485-cd83-4adb-bc26-8200a6e447e8.png","notFood":false,"drinks":false},{"name":"מים בטעם ענבים אישי","price":15,"vegan":true,"vegetarian":true,"image":"https://d25t2285lxl5rf.cloudfront.net/images/dishes/9d822dfe-efe2-43cf-a6eb-ccbe816d491c.jpeg","notFood":false,"drinks":true},{"name":"מים בטעם אפרסק אישי","price":15,"vegan":true,"vegetarian":true,"image":"https://d25t2285lxl5rf.cloudfront.net/images/dishes/9d26f2bb-3346-4580-a968-119587c8132f.jpeg","notFood":false,"drinks":false},{"name":"מים בטעם תפוח","price":15,"vegan":true,"vegetarian":true,"image":"https://d25t2285lxl5rf.cloudfront.net/images/dishes/61e545a1-bb2f-401d-adb4-0277ffee91fc.jpeg","notFood":false,"drinks":false},{"name":"בירה שחורה אישי","price":16,"vegan":true,"vegetarian":true,"image":"https://d25t2285lxl5rf.cloudfront.net/images/dishes/b605fa28-d829-46cd-8fdd-3e89934170d6.jpeg","notFood":false,"drinks":true},{"name":"פיוז טי אפרסק אישי","price":15,"vegan":true,"vegetarian":true,"image":"https://d25t2285lxl5rf.cloudfront.net/images/dishes/21d1ec6f-3e3e-44ed-92c0-1b894a0d2c94.png","notFood":false,"drinks":false},{"name":"פיוז טי מנגו-אננס אישי","price":15,"vegan":true,"vegetarian":true,"image":"https://d25t2285lxl5rf.cloudfront.net/images/dishes/cb7ef3e2-fbb0-444a-8996-14d6266a1267.jpeg","notFood":false,"drinks":false}]}