{"track_id":"19487","filters":["coffeeHouse","salads","glutenFree"],"image":"https://tenbis-static.azureedge.net/restaurant-default-card-image/CuzineType_coffeehouse_01.jpg","address":"שדרות בנימין, 21 נתניה","location":[34.8574279,32.3251851],"name":"קפה קרמל","city":"אזור נתניה","priceAverage":22.243243243243242,"menu":[{"name":"טוסט 4 גבינות","description":"תערובת גבינות עשירה של מוצרלה, גבינת פטה, ריקוטה ופרמזן. תוספות נוספות לפי בחירה.","price":30,"vegan":false,"vegetarian":true,"image":"https://d25t2285lxl5rf.cloudfront.net/images/dishes/63f49b5e-15d0-4e7e-920e-6b1643a86c91.jpg","notFood":false,"drinks":false},{"name":"סלט ניסואז","description":"תערובת חסות , מלפפון, עגבניות ,טונה, ביצה קשה, זיתים שחורים, צלפים, תפו\"א, בצל סגול ופטרוזיליה.","price":44,"vegan":false,"vegetarian":false,"image":"https://d25t2285lxl5rf.cloudfront.net/images/dishes/15ed2e25-c420-412a-b94c-e53003b6c33e.jpg","notFood":false,"drinks":false},{"name":"סלט בלקני Greek Salad","description":"תערובת חסות , מלפפון, עגבניה, עלי אורגנו, זיתים שחורים, גבינת פטה ובצל סגול","price":41,"vegan":false,"vegetarian":true,"image":"https://d25t2285lxl5rf.cloudfront.net/images/dishes/40085c2e-e28c-4326-9b57-0df47182ec99.jpg","notFood":false,"drinks":false},{"name":"סלט פנצנלה","description":"מיקס עגבניות ועגבניות שרי בצבעים, שמן זית, קרעי מוצרלה, בזיליקום, בצל סגול, זיתי קלמטה, עלי רוקט וצלפים. מוגש עם בלסמי מצומם.","price":44,"vegan":false,"vegetarian":true,"image":"https://d25t2285lxl5rf.cloudfront.net/images/dishes/f7f5d9f4-795e-4501-a3ed-6376ca29c54d.jpg","notFood":false,"drinks":false},{"name":"טוסט מוצרלה","description":"גבינת מוצרלה ותוספות לפי בחירה","price":26,"vegan":false,"vegetarian":true,"image":"https://d25t2285lxl5rf.cloudfront.net/images/dishes/f976913d-967f-4631-bcab-1ec5f3c75a23.jpg","notFood":false,"drinks":false},{"name":"בראוניס","description":"שוקולד עם אגוזים","price":15,"vegan":false,"vegetarian":true,"image":"https://d25t2285lxl5rf.cloudfront.net/images/dishes/fa21e9bc-85dd-4986-a60f-8ea4f47f576c.jpg","notFood":false,"drinks":false},{"name":"סלט בלקני Greek Salad","description":"תערובת חסות , מלפפון, עגבניה, עלי אורגנו, זיתים שחורים, גבינת פטה ובצל סגול","price":41,"vegan":false,"vegetarian":true,"image":"https://d25t2285lxl5rf.cloudfront.net/images/dishes/40085c2e-e28c-4326-9b57-0df47182ec99.jpg","notFood":false,"drinks":false},{"name":"סלט ניסואז","description":"תערובת חסות , מלפפון, עגבניות ,טונה, ביצה קשה, זיתים שחורים, צלפים, תפו\"א, בצל סגול ופטרוזיליה.","price":44,"vegan":false,"vegetarian":false,"image":"https://d25t2285lxl5rf.cloudfront.net/images/dishes/15ed2e25-c420-412a-b94c-e53003b6c33e.jpg","notFood":false,"drinks":false},{"name":"סלט חלומי","description":"חסה, עלי רוקט, מלפפונים, עגבניות שרי, חציל ופלפל קלוי, פטריות וגבינת חלומי צרובה. מוגש עם רוטב ויניגרט.","price":44,"vegan":false,"vegetarian":true,"image":"https://d25t2285lxl5rf.cloudfront.net/images/dishes/bd66ef76-9d21-42fd-ab59-d1cf8e5f7fff.jpg","notFood":false,"drinks":false},{"name":"סלט פנצנלה","description":"מיקס עגבניות ועגבניות שרי בצבעים, שמן זית, קרעי מוצרלה, בזיליקום, בצל סגול, זיתי קלמטה, עלי רוקט וצלפים. מוגש עם בלסמי מצומם.","price":44,"vegan":false,"vegetarian":true,"image":"https://d25t2285lxl5rf.cloudfront.net/images/dishes/f7f5d9f4-795e-4501-a3ed-6376ca29c54d.jpg","notFood":false,"drinks":false},{"name":"סלט עלים","description":"חסה, שרי, גזר , בצל סגול ומיקס גרעינים \nמוגש עם רוטב ויניגרט ולחם.","price":16,"vegan":true,"vegetarian":true,"image":"https://d25t2285lxl5rf.cloudfront.net/images/dishes/7b1cecb0-76c4-41f3-a430-5ceb41d37dc6.jpg","notFood":false,"drinks":false},{"name":"פוקצ'ה טוניסאית Tunisian Tuna Focaccia","description":"אריסה פיקנטית , טונה, ביצה קשה, עגבניה, מלפפון חמוץ וחסה","price":41,"vegan":false,"vegetarian":false,"image":"https://d25t2285lxl5rf.cloudfront.net/images/dishes/d16f9e09-668f-4c9c-884b-d356af59d957.jpg","notFood":false,"drinks":false},{"name":"חצי פוקצ'ה טוניסאית","description":"אריסה פיקנטית , טונה, ביצה קשה, עגבניה, מלפפון חמוץ וחסה","price":23,"vegan":false,"vegetarian":false,"image":"https://d25t2285lxl5rf.cloudfront.net/images/dishes/a8bf2a34-496c-409d-a1de-e230c95ee65a.jpg","notFood":false,"drinks":false},{"name":"פוקצ'ה פטריות (טבעוני)","description":"פסטו, עגבנייה, פטריות שמפיניון מוקפצות, שמן כמהין, בצל סגול וחסה.","price":41,"vegan":true,"vegetarian":true,"image":"https://d25t2285lxl5rf.cloudfront.net/images/dishes/a1778305-4cb5-48fb-968a-f488d045b1ba.jpg","notFood":false,"drinks":false},{"name":"חצי פוקצ'ה פטריות (טבעוני)","description":"פסטו, עגבנייה, פטריות שמפיניון מוקפצות, שמן כמהין, בצל סגול וחסה.","price":23,"vegan":true,"vegetarian":true,"image":"https://d25t2285lxl5rf.cloudfront.net/images/dishes/a667f404-304a-4df4-ada7-da2b1ee6b6b7.jpg","notFood":false,"drinks":false},{"name":"בורקס פטה מנצ'גו","description":"","price":20,"vegan":false,"vegetarian":true,"image":"https://d25t2285lxl5rf.cloudfront.net/images/dishes/0dbabc6f-cc96-4e50-967a-71187da489aa.jpg","notFood":false,"drinks":false},{"name":"ג'בטה מוצרלה Mozzarella Ciabatta","description":"ג'בטה לבנה, מוצרלה, עגבניה אדומה, שמן זית ובזיליקום ","price":32,"vegan":false,"vegetarian":true,"image":"https://d25t2285lxl5rf.cloudfront.net/images/dishes/96b0b8e2-dddc-477d-8d24-c2a3ff03c603.jpg","notFood":false,"drinks":false},{"name":"בייגל סלמון salmon bagel","description":"בייגל אמריקאי עם גבינת שמנת, צלפים, מלפפון, סלמון מעושן ועירית","price":42,"vegan":false,"vegetarian":false,"image":"https://d25t2285lxl5rf.cloudfront.net/images/dishes/fd71d980-2991-4b42-8bd0-a1a344e5fe58.jpg","notFood":false,"drinks":false},{"name":"ג'בטה מוצרלה","description":"מוצרלה, עגבנייה, בזיליקום ושמן זית","price":34,"vegan":false,"vegetarian":true,"image":"https://d25t2285lxl5rf.cloudfront.net/images/dishes/7c1ebec8-e1bd-42b0-95d5-3d3ed7427846.jpg","notFood":false,"drinks":false},{"name":"בורקס סביח","description":"בורקס תפו\"א, חציל, עגבנייה, ביצה קשה, מלפפון חמוץ, בצל סגול, פטרוזיליה וטחינה","price":32,"vegan":false,"vegetarian":true,"image":"https://d25t2285lxl5rf.cloudfront.net/images/dishes/761687f9-b255-44c7-8195-3222d5cd2f56.jpg","notFood":false,"drinks":false},{"name":"חלה חביתה","description":"חלה שומשום עם גבינת שמנת, עגבנייה,מלפפון חמוץ וחביתה.","price":34,"vegan":false,"vegetarian":true,"image":"","notFood":false,"drinks":false},{"name":"טוסט מוצרלה","description":"גבינת מוצרלה ותוספות לפי בחירה","price":26,"vegan":false,"vegetarian":true,"image":"https://d25t2285lxl5rf.cloudfront.net/images/dishes/f976913d-967f-4631-bcab-1ec5f3c75a23.jpg","notFood":false,"drinks":false},{"name":"טוסט 4 גבינות","description":"תערובת גבינות עשירה של מוצרלה, גבינת פטה, ריקוטה ופרמזן. תוספות נוספות לפי בחירה.","price":30,"vegan":false,"vegetarian":true,"image":"https://d25t2285lxl5rf.cloudfront.net/images/dishes/63f49b5e-15d0-4e7e-920e-6b1643a86c91.jpg","notFood":false,"drinks":false},{"name":"כריכון גאודה","description":"חמאה מתובלת, גבינת גאודה, עגבנייה וחסה","price":22,"vegan":false,"vegetarian":true,"image":"https://d25t2285lxl5rf.cloudfront.net/images/dishes/2e53f300-720d-4e71-8db4-9748972b7166.jpg","notFood":false,"drinks":false},{"name":"כריכון חביתה","description":"איולי עשבי תיבול , חביתת ירק , עגבניה וחסה מסולסלת ","price":22,"vegan":false,"vegetarian":true,"image":"https://d25t2285lxl5rf.cloudfront.net/images/dishes/06d66c57-d08c-42c4-8a79-d7973814ab7c.jpg","notFood":false,"drinks":false},{"name":"כריכון חציל","description":"ממרח עגבניות מיובשות, עגבנייה, חציל, גבינת פטה ועלי רוקט.","price":22,"vegan":false,"vegetarian":true,"image":"https://d25t2285lxl5rf.cloudfront.net/images/dishes/ccc860b1-6e41-4699-97ae-78446adab46a.jpg","notFood":false,"drinks":false},{"name":"כריכון קפרזה","description":"פסטו, מוצרלה, עגבנייה ובזיליקום","price":22,"vegan":false,"vegetarian":true,"image":"https://d25t2285lxl5rf.cloudfront.net/images/dishes/6b9f849c-2c11-4e57-9282-9af8ff7969b2.jpg","notFood":false,"drinks":false},{"name":"ביס סלמון","description":"חצי קוראסון חמאה עם גבינת שמנת, סלמון מעושן, צנונית ועלים","price":20,"vegan":false,"vegetarian":false,"image":"","notFood":false,"drinks":false},{"name":"ביס פטה","description":"אריסה, חציל קלוי, גבינת פטה ועלי רוקט בלחמניית ביס","price":18,"vegan":false,"vegetarian":true,"image":"","notFood":false,"drinks":false},{"name":"ביס טונה","description":"איולי שום, עגבנייה, טונה וחסה בלחמניית ביס","price":18,"vegan":false,"vegetarian":false,"image":"","notFood":false,"drinks":false},{"name":"קיש בטטה","description":"","price":39,"vegan":true,"vegetarian":true,"image":"https://d25t2285lxl5rf.cloudfront.net/images/dishes/422fce32-037d-49ec-8fdc-e09d566bb4a9.jpg","notFood":false,"drinks":false},{"name":"קיש ברוקולי","description":"","price":39,"vegan":true,"vegetarian":true,"image":"","notFood":false,"drinks":false},{"name":"מאפה חמאה","description":"","price":14,"vegan":true,"vegetarian":true,"image":"https://d25t2285lxl5rf.cloudfront.net/images/dishes/6e253353-afab-47f6-a551-be4002efdcf0.jpg","notFood":false,"drinks":false},{"name":"מאפה שוקולד","description":"","price":14,"vegan":false,"vegetarian":true,"image":"https://d25t2285lxl5rf.cloudfront.net/images/dishes/e6acaf83-dce1-4ef8-8823-68c9f65a51c4.jpg","notFood":false,"drinks":false},{"name":"קוראסון שקדים","description":"","price":17,"vegan":true,"vegetarian":true,"image":"https://d25t2285lxl5rf.cloudfront.net/images/dishes/220f5783-7aaf-4628-bc70-a39f468a9d3d.jpg","notFood":false,"drinks":false},{"name":"שטרודל תפוח עץ","description":"","price":18,"vegan":true,"vegetarian":true,"image":"https://d25t2285lxl5rf.cloudfront.net/images/dishes/c6070a30-27be-4ae4-99c5-f0fc88722021.jpg","notFood":false,"drinks":false},{"name":"בראוניס","description":"שוקולד עם אגוזים","price":15,"vegan":false,"vegetarian":true,"image":"https://d25t2285lxl5rf.cloudfront.net/images/dishes/fa21e9bc-85dd-4986-a60f-8ea4f47f576c.jpg","notFood":false,"drinks":false},{"name":"ארבעה כדורי שוקולד","description":"ארבע יחידות, עבודת יד, משוקולד בלגי אמיתי","price":16,"vegan":false,"vegetarian":true,"image":"https://d25t2285lxl5rf.cloudfront.net/images/dishes/f5a16e43-9146-41e2-a293-f670e71d3f7d.jpg","notFood":false,"drinks":false},{"name":"10 כדורי שוקולד","description":"","price":35,"vegan":false,"vegetarian":true,"image":"https://d25t2285lxl5rf.cloudfront.net/images/dishes/bb121392-ace3-4ce0-89df-85f79489a5f5.jpg","notFood":false,"drinks":false},{"name":"שטרודל פרג","description":"","price":18,"vegan":true,"vegetarian":true,"image":"https://d25t2285lxl5rf.cloudfront.net/images/dishes/6d6959fe-8128-4c7d-95c3-5499014dcd00.jpg","notFood":false,"drinks":false},{"name":"קוראסון פטיסייר ופירות יער","description":"קוראסון חמאה עם קרם פטיסייר ורוטב פירות יער","price":22,"vegan":true,"vegetarian":true,"image":"https://d25t2285lxl5rf.cloudfront.net/images/dishes/6ea906bd-cdf9-4020-96ea-675fac2629d7.jpg","notFood":false,"drinks":false},{"name":"מקל פרמזן","description":"בצק עלים עם גבינת פרמזן.","price":18,"vegan":false,"vegetarian":true,"image":"https://d25t2285lxl5rf.cloudfront.net/images/dishes/35bf5d3b-594a-49e8-a72f-d10f93de2fdd.jpg","notFood":false,"drinks":false},{"name":"עוגת גבינה אפויה","description":"מוגש עם רוטב פירות יער בצד.","price":34,"vegan":false,"vegetarian":true,"image":"https://d25t2285lxl5rf.cloudfront.net/images/dishes/c5af3406-12c0-47d5-ac24-3066df21ee50.jpg","notFood":false,"drinks":false},{"name":"בלונדיז אוראו","description":"בראוניז לבן עם עוגיות אוראו","price":15,"vegan":true,"vegetarian":true,"image":"","notFood":false,"drinks":false},{"name":"פאי לימון","description":"בצק פריך ממולא קרם לימון ומרנג מושחם.","price":34,"vegan":true,"vegetarian":true,"image":"","notFood":false,"drinks":false},{"name":"רוגלך קינמון","description":"","price":16,"vegan":true,"vegetarian":true,"image":"","notFood":false,"drinks":false},{"name":"מאפה גבינה","description":"מאפה גבינה מתוק","price":16,"vegan":false,"vegetarian":true,"image":"","notFood":false,"drinks":false},{"name":"רוגלך שוקולד ענק","description":"","price":16,"vegan":false,"vegetarian":true,"image":"","notFood":false,"drinks":false},{"name":"מאפינס פיננסייר","description":"בצק שקדים עם אוכמניות","price":18,"vegan":true,"vegetarian":true,"image":"","notFood":false,"drinks":false},{"name":"קוקיז","description":"","price":13,"vegan":true,"vegetarian":true,"image":"","notFood":false,"drinks":false},{"name":"עוגת ביסקוויטים","description":"שכבות של ביסקוויטים וקרם וניל בציפוי גנאש שוקולד","price":34,"vegan":false,"vegetarian":true,"image":"","notFood":false,"drinks":false},{"name":"קינוח אלפחורס","description":"שכבות של בצק אלפחורס, קרם ריבת חלב וקרם קוקוס","price":34,"vegan":false,"vegetarian":true,"image":"","notFood":false,"drinks":false},{"name":"עוגת שוקוולד פאדג' חמה","description":"יש לציין אם לחמם או לא","price":38,"vegan":false,"vegetarian":false,"image":"","notFood":false,"drinks":false},{"name":"קולה זכוכית","description":"","price":11,"vegan":true,"vegetarian":true,"image":"","notFood":false,"drinks":true},{"name":"זירו זכוכית","description":"","price":11,"vegan":true,"vegetarian":true,"image":"","notFood":false,"drinks":false},{"name":"ספרייט","description":"","price":11,"vegan":true,"vegetarian":true,"image":"","notFood":false,"drinks":true},{"name":"דיאט ספרייט","description":"","price":11,"vegan":true,"vegetarian":true,"image":"","notFood":false,"drinks":true},{"name":"מים מינרלים Mineral Water","description":"","price":8,"vegan":true,"vegetarian":true,"image":"","notFood":false,"drinks":false},{"name":"סודה","description":"","price":8,"vegan":true,"vegetarian":true,"image":"","notFood":false,"drinks":true},{"name":"מים בטעמים - אפרסק","description":"","price":10,"vegan":true,"vegetarian":true,"image":"","notFood":false,"drinks":false},{"name":"מים בטעמים - תפוח","description":"","price":10,"vegan":true,"vegetarian":true,"image":"","notFood":false,"drinks":false},{"name":"נסטי אפרסק","description":"","price":10,"vegan":true,"vegetarian":true,"image":"","notFood":false,"drinks":true},{"name":"אשכוליות","description":"","price":10,"vegan":true,"vegetarian":true,"image":"","notFood":false,"drinks":false},{"name":"ענבים","description":"","price":10,"vegan":true,"vegetarian":true,"image":"","notFood":false,"drinks":true},{"name":"לימונדה","description":"400 מ\"ל, פריניב.","price":16,"vegan":true,"vegetarian":true,"image":"","notFood":false,"drinks":false},{"name":"סיידר","description":"","price":12,"vegan":true,"vegetarian":true,"image":"","notFood":false,"drinks":true},{"name":"תפוזים סחוט בבקבוק","description":"400 מ\"ל, תפוזים 100 אחוז סחוט בבקבוק, פריניב. ללא חומרים משמרים.","price":16,"vegan":true,"vegetarian":true,"image":"","notFood":false,"drinks":true},{"name":"תוספת ביצה קשה","description":"ביצה קשה פרוסה","price":4,"vegan":false,"vegetarian":true,"image":"https://d25t2285lxl5rf.cloudfront.net/images/dishes/e0c0ccd8-0af4-46f7-92cc-997766f85ec0.jpg","notFood":false,"drinks":false},{"name":"תוספת גבינת שמנת","description":"גבינת שמנת מתובלת","price":4,"vegan":false,"vegetarian":true,"image":"https://d25t2285lxl5rf.cloudfront.net/images/dishes/a28f1c88-ce5e-467a-8013-8ace4f4825d6.jpg","notFood":false,"drinks":false},{"name":"תוספת גבינת פטה","description":"פטה מגורדת","price":4,"vegan":false,"vegetarian":true,"image":"https://d25t2285lxl5rf.cloudfront.net/images/dishes/fd6633f2-19bd-446d-b46d-96c07fe64cf8.jpg","notFood":false,"drinks":false},{"name":"תוספת גבינה לטוסט","description":"פרוסות פרומעז","price":6,"vegan":false,"vegetarian":true,"image":"https://d25t2285lxl5rf.cloudfront.net/images/dishes/bb588c50-8b65-4739-814c-bb18464c28a1.jpg","notFood":false,"drinks":false},{"name":"תוספת לחם ללא גלוטן","description":"לחמנייה ללא גלוטן גדולה","price":8,"vegan":true,"vegetarian":true,"image":"https://d25t2285lxl5rf.cloudfront.net/images/dishes/371bc0a2-db2b-44f6-a372-d299a26dbc42.jpg","notFood":false,"drinks":false},{"name":"תוספת חלומי","description":"","price":14,"vegan":true,"vegetarian":true,"image":"","notFood":false,"drinks":false},{"name":"תוספת לחם","description":"4 פרוסות לחם קל חיטה מלאה","price":8,"vegan":true,"vegetarian":true,"image":"","notFood":false,"drinks":false}]}