{"track_id":"19498","filters":["pizza","pasta","salads"],"image":"https://tenbis-static.azureedge.net/restaurant-card-image/ResCard_19498_20211206144611.jpg","address":"משמר השרון, 1 משמר השרון","location":[34.904256,32.356305],"name":"פיצה דומינו משמר השרון","city":"פרדסיה","priceAverage":29.559322033898304,"menu":[{"name":"ארוחה משפחתית","description":"פיצה גדולה עם תוספות, שתי לחמניות שום גדולות ובקבוק ליטר וחצי","price":89,"vegan":false,"vegetarian":true,"notFood":false,"drinks":true},{"name":"ארוחה מוגדלת","description":"פיצה ענקית עם תוספות, לחם שום עגול ובקבוק ליטר וחצי","price":98,"vegan":false,"vegetarian":true,"notFood":false,"drinks":true},{"name":"פיצה זוגית","description":"מתאימה ל1-2 סועדים","price":59,"vegan":false,"vegetarian":true,"image":"https://d25t2285lxl5rf.cloudfront.net/images/dishes/5920d5a5-0c66-44c0-9d3f-e5f834d68ae7.jpg","notFood":false,"drinks":false},{"name":"פיצה גדולה","description":"מתאימה ל2-3 סועדים","price":69,"vegan":false,"vegetarian":true,"image":"https://d25t2285lxl5rf.cloudfront.net/images/dishes/ed3539b6-8322-4873-9196-33426444c126.jpg","notFood":false,"drinks":false},{"name":"פיצה ענקית","description":"מתאימה ל3-4 סועדים","price":79,"vegan":false,"vegetarian":true,"image":"https://d25t2285lxl5rf.cloudfront.net/images/dishes/b0189a77-dcdb-4841-b10b-70055fe392fc.jpg","notFood":false,"drinks":false},{"name":"פיצה יוונית","description":"עם גמבה, בצל, עגבניות, זיתים שחורים וגבינת בולגרית","price":59,"vegan":false,"vegetarian":true,"image":"https://d25t2285lxl5rf.cloudfront.net/images/dishes/e72d3466-8177-4226-865b-1a26d43197fb.jpg","notFood":false,"drinks":false},{"name":"פיצה בלקנית","description":"עם חצילים, גבינה צהובה, פלפל גמבה, עגבניות, גבינת בולגרית ובצל","price":59,"vegan":false,"vegetarian":true,"notFood":false,"drinks":false},{"name":"פיצה יוונית","description":"עם גמבה, בצל, עגבניות, זיתים שחורים וגבינת בולגרית","price":73,"vegan":false,"vegetarian":true,"image":"https://d25t2285lxl5rf.cloudfront.net/images/dishes/7ec9354b-23d3-4ee1-bb4e-29db57a595fe.jpg","notFood":false,"drinks":false},{"name":"פיצה בלקנית","description":"עם חצילים, גבינה צהובה, פלפל גמבה, עגבניות, גבינת בולגרית ובצל","price":73,"vegan":false,"vegetarian":true,"image":"https://d25t2285lxl5rf.cloudfront.net/images/dishes/edd21551-79cc-4d6b-b41a-bd474a4d7801.5","notFood":false,"drinks":false},{"name":"פיצה יוונית","description":"עם גמבה, בצל, עגבניות, זיתים שחורים וגבינת בולגרית","price":83,"vegan":false,"vegetarian":true,"notFood":false,"drinks":false},{"name":"פיצה בלקנית","description":"עם חצילים, גבינה צהובה, פלפל גמבה, עגבניות, גבינת בולגרית ובצל","price":83,"vegan":false,"vegetarian":true,"notFood":false,"drinks":false},{"name":"פיצה ללא גלוטן","description":"פיצה גדולה עם שתי תוספות לבחירה","price":42,"vegan":false,"vegetarian":true,"image":"https://d25t2285lxl5rf.cloudfront.net/images/dishes/8d454969-90e3-4276-ab8f-dbf0762103a6.jpg","notFood":false,"drinks":false},{"name":"פיצה טבעונית- זוגי","description":"עם שתי תוספות לבחירה","price":62,"vegan":true,"vegetarian":true,"image":"https://d25t2285lxl5rf.cloudfront.net/images/dishes/8585c14b-2734-4ec6-932f-f87999cce470.jpg","notFood":false,"drinks":false},{"name":"פיצה טבעונית-גדולה","description":"פיצה גדולה עם שתי תוספות לבחירה","price":77,"vegan":true,"vegetarian":true,"image":"https://d25t2285lxl5rf.cloudfront.net/images/dishes/1f0419e5-2277-4265-9261-5132581c40d1.jpg","notFood":false,"drinks":false},{"name":"פיצה טבעונית- ענקית","description":"פיצה טבעונית עם שתי תוספות לבחירה","price":86,"vegan":true,"vegetarian":true,"image":"https://d25t2285lxl5rf.cloudfront.net/images/dishes/44961de6-24fb-4ab6-8de1-82bda08a46d6.jpg","notFood":false,"drinks":false},{"name":"קלצונה ירקות","description":"עם רוטב פיצה, גבינה צהובה, גבינה בולגרית וירקות","price":22,"vegan":false,"vegetarian":true,"image":"https://d25t2285lxl5rf.cloudfront.net/images/dishes/0463155e-33b7-4d86-b2b0-e8cba937965f.jpg","notFood":false,"drinks":false},{"name":"קלצונה פסטו","description":"עם ממרח פסטו, גבינה בולגרית, עגבניה וזיתים שחורים","price":22,"vegan":false,"vegetarian":true,"image":"https://d25t2285lxl5rf.cloudfront.net/images/dishes/bc37030e-3f20-4e05-a1ba-bba6a1698721.jpg","notFood":false,"drinks":false},{"name":"קלצונה חצילים קלויים","description":"עם רוטב פיצה, גבינה צהובה, ביצה קשה, חצילים קלויים, עגבניות וגבינה בולגרית","price":22,"vegan":false,"vegetarian":true,"image":"https://d25t2285lxl5rf.cloudfront.net/images/dishes/2323f1aa-2da8-4a4e-9233-18e85fecac88.jpg","notFood":false,"drinks":false},{"name":"קלצונה טונה","description":"עם רוטב פיצה, טונה, זיתים ירוקים וביצה קשה ","price":22,"vegan":false,"vegetarian":false,"image":"https://d25t2285lxl5rf.cloudfront.net/images/dishes/14343a17-aaa5-497e-bf1a-0a7dfbbe95eb.jpg","notFood":false,"drinks":false},{"name":"זיווה","description":"עם גבינה צהובה ותוספות לבחירה מוגש עם ביצה קשה ורסק עגבניות","price":24,"vegan":false,"vegetarian":true,"image":"https://d25t2285lxl5rf.cloudfront.net/images/dishes/bc825116-c363-4859-9d3f-2526b2119746.jpg","notFood":false,"drinks":false},{"name":"מלוואח","description":"מלוואח מוגש עם ביצה קשה ורסק עגבניות מגורד","price":22,"vegan":false,"vegetarian":true,"image":"https://d25t2285lxl5rf.cloudfront.net/images/dishes/c49fe908-1b66-4aed-b680-e3a0895bffed.jpg","notFood":false,"drinks":false},{"name":"מקל שום","description":"לחמנייה מאורכת מרוחה בחמאת שום ותבלינים","price":7,"vegan":false,"vegetarian":true,"image":"https://d25t2285lxl5rf.cloudfront.net/images/dishes/a15bf3d6-07c8-496e-9ac1-9b9641aaaf04.jpg","notFood":false,"drinks":false},{"name":"לחם שום-זוגי","description":"מגש לחם זוגי מרוח בחמאת שום ותבלינים","price":25,"vegan":false,"vegetarian":true,"image":"https://d25t2285lxl5rf.cloudfront.net/images/dishes/393fd262-291e-48a1-a449-c3a86952eec2.jpg","notFood":false,"drinks":false},{"name":"לחם שום- גדול","description":"מגש לחם שום מרוח בחמאת שום ותבלינים","price":35,"vegan":false,"vegetarian":true,"image":"https://d25t2285lxl5rf.cloudfront.net/images/dishes/391bf0c6-2992-4b52-b87a-08bfb2e84bba.jpg","notFood":false,"drinks":false},{"name":"סמבוסק זיתים","description":"עם גבינה צהובה, רוטב פיצה וזיתים","price":20,"vegan":false,"vegetarian":true,"notFood":false,"drinks":false},{"name":"סמבוסק בולגרית","description":"עם גבינה צהובה,רוטב פיצה,זיתים שחורים וגבינה בולגרית","price":20,"vegan":false,"vegetarian":true,"notFood":false,"drinks":false},{"name":"בייגל טוסט בהרכבה עצמית","description":"בייגל טוסט בהרכבה עצמית עם תוספות לבחירה","price":24,"vegan":true,"vegetarian":true,"notFood":false,"drinks":false},{"name":"בקבוק קוקה קולה 1.5 ליטר","price":15,"vegan":true,"vegetarian":true,"notFood":false,"drinks":true},{"name":"בקבוק קוקה קולה זירו 1.5 ליטר","price":15,"vegan":true,"vegetarian":true,"notFood":false,"drinks":true},{"name":"בקבוק ספרייט 1.5 ליטר","price":15,"vegan":true,"vegetarian":true,"notFood":false,"drinks":true},{"name":"בקבוק ספרייט זירו 1.5 ליטר","price":15,"vegan":true,"vegetarian":true,"notFood":false,"drinks":true},{"name":"בקבוק ענבים 1.5 ליטר","price":15,"vegan":true,"vegetarian":true,"notFood":false,"drinks":true},{"name":"בקבוק תפוזים 1.5 ליטר","price":15,"vegan":true,"vegetarian":true,"notFood":false,"drinks":true},{"name":"בקבוק נסטי 1.5 ליטר","price":15,"vegan":true,"vegetarian":true,"notFood":false,"drinks":true},{"name":"פחית קוקה קולה זירו","price":10,"vegan":true,"vegetarian":true,"notFood":false,"drinks":true},{"name":"פחית קוקה קולה","price":10,"vegan":true,"vegetarian":true,"notFood":false,"drinks":true},{"name":"פחית מנגו פריגת","price":10,"vegan":true,"vegetarian":true,"notFood":false,"drinks":false},{"name":"פחית תות בננה פריגת","price":10,"vegan":true,"vegetarian":true,"notFood":false,"drinks":false},{"name":"בקבוק פיוז-טי תה קר בטעם אפרסק 0.5 ליטר","price":12,"vegan":true,"vegetarian":true,"notFood":false,"drinks":true},{"name":"נביעות+ מים בטעם תפוח 0.5 ליטר","price":12,"vegan":true,"vegetarian":true,"notFood":false,"drinks":false},{"name":"בקבוק מים מינרלים נביעות 0.5 ליטר","price":12,"vegan":true,"vegetarian":true,"notFood":false,"drinks":true},{"name":"בקבוק קוקה קולה זירו 0.5 ליטר","price":12,"vegan":true,"vegetarian":true,"notFood":false,"drinks":true},{"name":"בקבוק דיאט קוקה קולה 0.5 ליטר","price":12,"vegan":true,"vegetarian":true,"notFood":false,"drinks":true},{"name":"בקבוק קוקה קולה 0.5 ליטר","price":12,"vegan":true,"vegetarian":true,"notFood":false,"drinks":true},{"name":"בקבוק ספרייט זירו 0.5 ליטר","price":12,"vegan":true,"vegetarian":true,"notFood":false,"drinks":true},{"name":"בקבוק ספרייט 0.5 ליטר","price":12,"vegan":true,"vegetarian":true,"notFood":false,"drinks":true},{"name":"בקבוק פנטה אורנג׳ 0.5 ליטר","price":12,"vegan":true,"vegetarian":true,"notFood":false,"drinks":true},{"name":"בירה שחורה מאלטי זכוכית 330 מ״ל","price":12,"vegan":true,"vegetarian":true,"notFood":false,"drinks":true},{"name":"בקבוק קוקה קולה זכוכית 330 מ״ל","price":12,"vegan":true,"vegetarian":true,"notFood":false,"drinks":true},{"name":"בקבוק קוקה קולה זירו זכוכית 330 מ״ל","price":12,"vegan":true,"vegetarian":true,"notFood":false,"drinks":true},{"name":"בקבוק פריגת תפוחים זכוכית 330 מ״ל","price":12,"vegan":true,"vegetarian":true,"notFood":false,"drinks":true},{"name":"בקבוק פריגת תפוחים זכוכית 330 מ״ל","price":12,"vegan":true,"vegetarian":true,"notFood":false,"drinks":true},{"name":"בקבוק פריגת ענבים זכוכית 330 מ״ל","price":12,"vegan":true,"vegetarian":true,"notFood":false,"drinks":true},{"name":"בקבוק פריגת תפוזים זכוכית 330 מ״ל","price":12,"vegan":true,"vegetarian":true,"notFood":false,"drinks":true},{"name":"בקבוק פריגת אשכוליות זכוכית 330 מ״ל","price":12,"vegan":true,"vegetarian":true,"notFood":false,"drinks":true},{"name":"בקבוק פריגת דיאט אשכוליות זכוכית 330 מ״ל","price":12,"vegan":true,"vegetarian":true,"notFood":false,"drinks":true},{"name":"בקבוק פריגת לימונענע זכוכית 330 מ״ל","price":12,"vegan":true,"vegetarian":true,"notFood":false,"drinks":true},{"name":"קינלי סודה זכוכית 250 מ״ל","price":12,"vegan":true,"vegetarian":true,"notFood":false,"drinks":true},{"name":"טרופית","description":"טרופית ענבים","price":3,"vegan":true,"vegetarian":true,"notFood":false,"drinks":true}]}