{"track_id":"19495","filters":["salads","pasta","veganFood"],"image":"https://tenbis-static.azureedge.net/restaurant-card-image/ResCard_19495_1910030256.jpg","address":"אלנבי, 117 תל אביב-יפו","location":[34.7735149,32.062255],"name":"סאנדיי בראנץ סלטים ","city":"בני ברק","priceAverage":34.66101694915254,"menu":[{"name":"סלט ישראלי ובריא 🌶","description":"חסה, עגבניה, מלפפון, בצל סגול, גזר, פטרוזיליה, כוסברה, גרגירי חומוס, פלפל חריף, טונה אבוקדו טרי וביצה ברוטב טחינה. מוגש עם 3 רטבים (ישראלי וטחינה) ולחמניית חיטה מלאה.","price":46,"vegan":false,"vegetarian":false,"image":"https://d25t2285lxl5rf.cloudfront.net/images/dishes/192af818-2070-4bbf-8b52-43bea570bc4b.jpg","notFood":false,"drinks":false},{"name":"סלט ניסואז","description":"סלט ליטר. חסה, תפוח אדמה אפוי, עגבניות, בצל סגול, כרוב לבן ,צלפים, סלט טונה וביצה קשה ברוטב שום . מוגש עם 3 רטבים (ישראלי ושום) ולחמניית חיטה מלאה","price":46,"vegan":false,"vegetarian":false,"image":"https://d25t2285lxl5rf.cloudfront.net/images/dishes/0a527b7c-6bc2-47fd-9db7-49af93b84229.jpg","notFood":false,"drinks":false},{"name":"סלט קינואה","description":"סלט ליטר. עלים,בטטה,סלק חי,בצל ירוק,כוסברה,שומשום,קינואה לבנה,עם פטה 5% ואגוזי מלך \nברוטב ים תיכוני וסילאן מוגש עם 3 רטבים(ישראלי וחרדל דבש) \n","price":48,"vegan":false,"vegetarian":true,"image":"https://d25t2285lxl5rf.cloudfront.net/images/dishes/6831fc02-7780-403a-be33-0004cc48b8fe.jpg","notFood":false,"drinks":false},{"name":"סלט קטניות","description":"סלט ליטר. עלים(חסה ורוקט), עדשים שחורות, בורגול, בטטה, גפרורי סלק, כוסברה, פטרוזיליה מעל טופו מוקפץ,אגוזי מלך וחמוציות. מוגש עם 3 רטבים (ישראלי וטחינה) ולחמניית חיטה מלאה","price":46,"vegan":true,"vegetarian":true,"image":"https://d25t2285lxl5rf.cloudfront.net/images/dishes/1706dd58-5822-49bf-83a7-4d19d3506e4d.jpg","notFood":false,"drinks":false},{"name":"סלט שורשים","description":"סלט ליטר. גפרורי גזר סלק וקולרבי, כרוב לבן, בורגול, עלי רוקט, גבינת פטה 5% ואגוזי מלך ברוטב ויניגרט הדרים. מוגש עם 3 רטבים(ישראלי וויניגרט הדרים) ולחמניית חיטה מלאה.","price":46,"vegan":false,"vegetarian":true,"image":"https://d25t2285lxl5rf.cloudfront.net/images/dishes/211cb46f-2f8f-4b9f-a556-b260ba87131a.jpg","notFood":false,"drinks":false},{"name":"חלומי טריאקי ופטריות","description":"סלט ליטר. חסה,מלפפון,עגבניה,בצל סגול,כרוב לבן,אגוזי מלך עם חלומי מוקפץ פטריות וטריאקי.\nמוגש עם 3 רטבים(ישראלי וחרדל דבש)ולחמניית חיטה מלאה","price":49,"vegan":true,"vegetarian":true,"image":"https://d25t2285lxl5rf.cloudfront.net/images/dishes/7bcc3176-ddf4-4e7b-89cd-9c0a43e938c3.jpg","notFood":false,"drinks":false},{"name":"סלט שוק","description":"סלט ליטר. חסה, עגבנייה, מלפפון, זיתי קלמטה, בצל סגול , עגבניות מיובשות, גבינת פטה 5% וזילוף בלסמי מצומצם. מוגש עם 3 רטבים(ישראלי וחרדל דבש) ולחמניית חיטה מלאה","price":46,"vegan":false,"vegetarian":true,"image":"https://d25t2285lxl5rf.cloudfront.net/images/dishes/c9346e60-fa6d-4cab-9c49-07ad4eddc4b5.jpg","notFood":false,"drinks":false},{"name":"דרום אמריקנה 🌶","description":"סלט ליטר. מיקס עגבניות, גמבה אדומה, עלי רוקט, גפרורי גזר, זיתי קלמטה, תירס, ופלפל חריף. מעל אבוקדו טרי גבינת פטה 5% ונאצ'וס פריך מוגש עם 3 רטבים(ישראלי וחרדל דבש)ולחמניית חיטה מלאה","price":46,"vegan":false,"vegetarian":true,"image":"https://d25t2285lxl5rf.cloudfront.net/images/dishes/0862e91e-6fc3-49ab-9f35-738201f58b49.jpg","notFood":false,"drinks":false},{"name":"ארטישוק וקשיו קלוי","description":"סלט ליטר. עלים(חסה ורוקט),שעועית ירוקה, פרמז'ן, ביצה קשה פרוסה, פסטה, קרוטונים, ארטישוק א-לה רומנה ושברי קשיו קלוי.\nמוגש עם 3 רטבים(ישראלי וקיסר ביתי)ולחמניית חיטה מלאה. ","price":48,"vegan":false,"vegetarian":true,"image":"https://d25t2285lxl5rf.cloudfront.net/images/dishes/800bd7d4-67b2-4d70-8383-d3983f251d0b.jpg","notFood":false,"drinks":false},{"name":"סלט שווארמה (טבעוני)","description":"סלט ליטר. בורגול, עגבנייה, בצל ירוק וסגול, נענע, כוסברה, פטרוזיליה, בצל מטוגן ושווארמה טבעונית. מוגש עם 3 רטבים(ישראלי וטחינה)ולחמניית חיטה מלאה","price":49,"vegan":false,"vegetarian":false,"image":"https://d25t2285lxl5rf.cloudfront.net/images/dishes/8f5ac356-e745-4d07-b630-c0eb53aec189.jpg","notFood":false,"drinks":false},{"name":"סלט חלומי אבאל'ה","description":"סלט ליטר. עגבנייה, חסה, עלי רוקט, בצל סגול, פטרוזיליה עם חלומי מוקפץ פטריות ופלפל קלוי. מוגש עם 3 רטבים(ישראלי וקיסר ביתי)ולחמניית חיטה מלאה","price":49,"vegan":true,"vegetarian":true,"image":"https://d25t2285lxl5rf.cloudfront.net/images/dishes/4c1589aa-c6da-4ca6-8fc6-30b7b443a75d.jpg","notFood":false,"drinks":false},{"name":"סלט קפרזה מוגזם","description":"סלט ליטר. מיקס עגבניות, עלים(חסה ורוקט), עלי בזיליקום וסלרי, בצל ירוק וסגול, זיתי קלמטה, כדורי בייבי מוצרלה וגבינת חלומי מוקפץ. בליווי 3 רטבים(ישראלי וחומץ בלסמי) ולחמניית חיטה מלאה","price":49,"vegan":false,"vegetarian":true,"image":"https://d25t2285lxl5rf.cloudfront.net/images/dishes/b1fb4dcb-2812-4437-903d-0c424b958886.jpg","notFood":false,"drinks":false},{"name":"האסייתי   🍜","description":"סלט ליטר. גפרורי גזר וקולורבי, כרוב לבן, נבטים, כוסברה, בצל ירוק, נענע, פסטה פוזילי ,גרעיני חמניה ושומשום עם טופו מוקפץ פטריות וטריאקי.מוגש עם 3 רטבים(ישראלי וויניגרט הדרים)ולחמניית חיטה מלאה","price":48,"vegan":true,"vegetarian":true,"image":"https://d25t2285lxl5rf.cloudfront.net/images/dishes/1610f2a7-641a-4ef8-827d-d3060db2238f.jpg","notFood":false,"drinks":false},{"name":"סלט טונה בריאות","description":"סלט ליטר. חסה, עגבנייה, מלפפון, גפרורי גזר, ,תירס, ומעל ביצה פרוסה וטונה. מוגש עם 3 רטבים (ישראלי וטחינה) ולחמניית חיטה מלאה","price":46,"vegan":false,"vegetarian":false,"image":"https://d25t2285lxl5rf.cloudfront.net/images/dishes/f8316811-3e52-4d15-a960-8f10ee12cb5e.jpg","notFood":false,"drinks":false},{"name":"סלט ארטישוק ופקאן סיני","description":"סלט ליטר. *עלים(חסה ורוקט), צנונית פרוסה דק, פקאן סיני וארטישוק אלה רומנה ביתי. מוגש עם 3 רטבים(ישראלי וחרדל דבש)ולחמניית חיטה מלאה. \n*הסלט מורכב ברובו מעלים","price":48,"vegan":true,"vegetarian":true,"image":"https://d25t2285lxl5rf.cloudfront.net/images/dishes/69d99d99-81c1-445a-b5a7-78574f64c330.jpg","notFood":false,"drinks":false},{"name":"קפרזה איטלקי","description":"סלט ליטר. עלים(חסה ורוקט),מיקס עגבניות, בצל סגול, בזיליקום וסלרי עם כדורי בייבי מוצרלה וקרוטונים.\nמוגש עם 3 רטבים(ישראלי ובלסמי בחומץ)ולחמניית חיטה מלאה.\n","price":48,"vegan":false,"vegetarian":true,"image":"https://d25t2285lxl5rf.cloudfront.net/images/dishes/908ec12b-cb2d-4580-b13e-a17a24d8c64b.jpg","notFood":false,"drinks":false},{"name":"סלט בינוני בהרכבה 750cc","description":"מוגש עם 3 רטבים לבחירה","price":35,"vegan":true,"vegetarian":true,"image":"https://d25t2285lxl5rf.cloudfront.net/images/dishes/6b2ad75a-4d6e-42f4-8976-4b685c684b26.jpg","notFood":false,"drinks":false},{"name":"סלט גדול בהרכבה 1000cc","description":"מוגש בליווי 3 רטבים לבחירה","price":40,"vegan":true,"vegetarian":true,"image":"https://d25t2285lxl5rf.cloudfront.net/images/dishes/461048f0-5351-4ce7-917d-6e3e88cb679e.jpg","notFood":false,"drinks":false},{"name":"סלט ענק בהרכבה 1500cc","description":"מוגש בליווי 3 רטבים לבחירה ","price":45,"vegan":true,"vegetarian":true,"image":"https://d25t2285lxl5rf.cloudfront.net/images/dishes/a50fa1aa-5dad-495d-8c77-cab6460de895.jpg","notFood":false,"drinks":false},{"name":"פוזילי ברוטב נפוליטנה ובזיליקום","price":43,"vegan":true,"vegetarian":true,"image":"https://d25t2285lxl5rf.cloudfront.net/images/dishes/0ac722d9-2d8e-499e-9805-6646fe7c488c.jpg","notFood":false,"drinks":false},{"name":"פנה רוזה","price":43,"vegan":true,"vegetarian":true,"image":"https://d25t2285lxl5rf.cloudfront.net/images/dishes/a3f2f877-2e72-4a1d-a37c-3f4ed30c7176.jpg","notFood":false,"drinks":false},{"name":"פנה שמנת פטריות","price":43,"vegan":false,"vegetarian":true,"image":"https://d25t2285lxl5rf.cloudfront.net/images/dishes/c788a7ce-8f02-47d5-91c4-67c95128480c.jpg","notFood":false,"drinks":false},{"name":"פוזילי ברוטב נפוליטנה חצילים צלויים ופטה","price":46,"vegan":false,"vegetarian":true,"image":"https://d25t2285lxl5rf.cloudfront.net/images/dishes/e895e9da-26cd-4dbe-90de-1c7b2c8275d4.jpg","notFood":false,"drinks":false},{"name":"פנה שמנת סלמון","description":"שמנת, סלמון, נגיעות חרדל צרפתי ובצל ירוק ","price":48,"vegan":false,"vegetarian":false,"image":"https://d25t2285lxl5rf.cloudfront.net/images/dishes/3474fe45-c8f3-4597-8e4b-95caf3c0693e.jpg","notFood":false,"drinks":false},{"name":"פנה שמנת פסטו וקוביות בטטה","price":43,"vegan":false,"vegetarian":true,"image":"https://d25t2285lxl5rf.cloudfront.net/images/dishes/d885658f-1c3e-44d7-bff6-2208c8d81234.jpg","notFood":false,"drinks":false},{"name":"פסטה חלומית","description":"חלומי, זיתי קלמטה, עשבי תיבול, אגוזים ורוטב עגבניות ","price":48,"vegan":true,"vegetarian":true,"image":"https://d25t2285lxl5rf.cloudfront.net/images/dishes/b868ae12-b196-4109-aa36-878274fb756e.jpg","notFood":false,"drinks":false},{"name":"פסטה אליאוליו","description":"פסטה פנה בתיבול שמן זית איכותי עם עגבניות שרי בצל סגול זיתי קלמטה בזיליקום טרי ושום מוקפץ ","price":43,"vegan":true,"vegetarian":true,"image":"https://d25t2285lxl5rf.cloudfront.net/images/dishes/7601ecff-f14c-40fb-af2b-928bb569fddd.jpg","notFood":false,"drinks":false},{"name":"מרק ירקות","description":" ","price":12,"vegan":true,"vegetarian":true,"image":"https://d25t2285lxl5rf.cloudfront.net/images/dishes/6bbad7d1-1ca5-45ee-be4c-7c66543a8002.jpg","notFood":false,"drinks":false},{"name":"קיש בטטה","description":"מוגש בליווי סלט אישי ורוטב ויניגרט","price":42,"vegan":true,"vegetarian":true,"image":"https://d25t2285lxl5rf.cloudfront.net/images/dishes/dc2e9b55-1e2b-48b6-a6c9-60d66af81334.jpg","notFood":false,"drinks":false},{"name":"קיש פטריות","description":"מוגש בליווי סלט אישי ורוטב ויניגרט","price":42,"vegan":true,"vegetarian":true,"image":"https://d25t2285lxl5rf.cloudfront.net/images/dishes/91cde611-2f89-4fc1-b29f-88bfd5cd780f.jpg","notFood":false,"drinks":false},{"name":"שקשוקה","description":"מוגש בליווי סלט אישי, טחינה לבנה, ויניגרט הדרים, חמוצים, זיתי קלמטה וג'בטה דגנים ","price":48,"vegan":false,"vegetarian":false,"image":"https://d25t2285lxl5rf.cloudfront.net/images/dishes/923708ca-91d5-400c-b6c3-a1b4fed3e04c.jpg","notFood":false,"drinks":false},{"name":"מרק היום","price":22,"vegan":true,"vegetarian":true,"notFood":false,"drinks":false},{"name":"כריך חביתה","description":"גבינת שמנת, חסה קצוצה, קוביות עגבנייה ומלפפון חמוץ.","price":32,"vegan":false,"vegetarian":true,"image":"https://d25t2285lxl5rf.cloudfront.net/images/dishes/72273239-3ab0-48bb-a944-29145ce32419.jpg","notFood":false,"drinks":false},{"name":"כריך חביתת ירק","description":"גבינת שמנת, חסה קצוצה, קוביות עגבנייה ומלפפון חמוץ.","price":32,"vegan":false,"vegetarian":true,"image":"https://d25t2285lxl5rf.cloudfront.net/images/dishes/030f2b8e-3c4b-44f9-9312-d3a2021fc6d4.jpg","notFood":false,"drinks":false},{"name":"כריך פונגי","description":"גבינת שמנת, עגבניות מיובשות, קוביות בטטה בתנור, עלי רוקט, פטריות מוקפצות, שברי אגוזי מלך ונגיעה של בלסמי מצומצם.","price":32,"vegan":false,"vegetarian":true,"image":"https://d25t2285lxl5rf.cloudfront.net/images/dishes/b120dd19-2577-4669-ad70-3ce7013441c6.jpg","notFood":false,"drinks":false},{"name":"כריך קרצ'ופו","description":"חביתה, גבינת שמנת, עגבניות מיובשות, ארטישוק א-לה רומנה ביתי, עגבניות שרי, זיתי קלמטה ועלי רוקט.","price":32,"vegan":false,"vegetarian":true,"image":"https://d25t2285lxl5rf.cloudfront.net/images/dishes/fdf02823-4d45-4799-a780-691242a7d110.jpg","notFood":false,"drinks":false},{"name":"כריך ישראלי","description":"אבוקדו טרי, פלפל קלוי, ביצה פרוסה וכדורי בייבי מוצרלה.\n","price":32,"vegan":false,"vegetarian":true,"image":"https://d25t2285lxl5rf.cloudfront.net/images/dishes/852811ea-6f1c-4904-a2d2-688d3447d43b.jpg","notFood":false,"drinks":false},{"name":"כריך טונה אמאל'ה","description":"סלט טונה, ביצה פרוסה, עלי רוקט ולימון כבוש.","price":32,"vegan":false,"vegetarian":false,"image":"https://d25t2285lxl5rf.cloudfront.net/images/dishes/617855b8-89f6-4dd0-b388-a32776cabab6.jpg","notFood":false,"drinks":false},{"name":"כריך אנטיפסטי","description":"קוביות חציל ובטטה בתנור, פלפל קלוי, כדורי בייבי מוצרלה, פסטו ונגיעה של בלסמי מצומצם.","price":35,"vegan":false,"vegetarian":true,"image":"https://d25t2285lxl5rf.cloudfront.net/images/dishes/67547e59-485a-4d38-bfa5-9b81fcd23339.jpg","notFood":false,"drinks":false},{"name":"כריך טוניסאי","description":"ממרח פלפלים, סלט טונה, עלי רוקט, קוביות תפו\"א בתנור ובצל סגול קצוץ.","price":32,"vegan":false,"vegetarian":false,"image":"https://d25t2285lxl5rf.cloudfront.net/images/dishes/1637f207-0971-4cd6-8ee2-6ac220c30c06.jpg","notFood":false,"drinks":false},{"name":"סביח","description":"טחינה לבנה, קוביות תפו\"א בתנור, קוביות חציל, ביצה פרוסה, קוביות מלפפון חמוץ, קוביות עגבנייה, בצל סגול קצוץ ופטרוזיליה.\n","price":35,"vegan":false,"vegetarian":true,"image":"https://d25t2285lxl5rf.cloudfront.net/images/dishes/4a1ee897-048d-43d9-ad4b-77b3f18599ee.jpg","notFood":false,"drinks":false},{"name":"כריך שווארמה טבעוני","description":"טחינה לבנה, קוביות עגבנייה, פטרוזיליה קצוצה ונתחי שווארמה טבעונית.","price":38,"vegan":false,"vegetarian":false,"image":"https://d25t2285lxl5rf.cloudfront.net/images/dishes/7416c817-8163-42cd-a57f-dd4fc9af06de.jpg","notFood":false,"drinks":false},{"name":"כריך סלמון מעושן","description":"גבינת שמנת, צלפים, בצל סגול קצוץ, עלי רוקט וסלמון מעושן.","price":36,"vegan":false,"vegetarian":false,"image":"https://d25t2285lxl5rf.cloudfront.net/images/dishes/78f89710-f6cf-4c77-805e-08af7daa4004.jpg","notFood":false,"drinks":false},{"name":"טוסט סלמון","description":" גבינת שמנת, פסטו, זיתים ירוקים וסלמון מעושן. מוגש עם סלט אישי ו3 רטבים","price":40,"vegan":false,"vegetarian":false,"image":"https://d25t2285lxl5rf.cloudfront.net/images/dishes/e65f7082-7e8c-4c38-82c9-5c082aacc4c4.jpg","notFood":false,"drinks":false},{"name":"טוסט פיצה","description":"רוטב פיצה, פטריות, בצל סגול, זיתים שחורים, עגבנייה וגבינה צהובה. בלווי סלט אישי ו3 רטבים ","price":40,"vegan":false,"vegetarian":true,"image":"https://d25t2285lxl5rf.cloudfront.net/images/dishes/957491a2-4afe-4dbb-ac28-730e00060d68.jpg","notFood":false,"drinks":false},{"name":"טוסט הבית","description":"ביצת עין הפוכה, פטריות מוקפצות, שמנת, זיתים ירוקים וגבינה צהובה. מוגש בליווי סלט אישי ו3 רטבים","price":40,"vegan":false,"vegetarian":true,"image":"https://d25t2285lxl5rf.cloudfront.net/images/dishes/fda7e62c-86f7-4390-80e0-7ac45b13d55c.jpg","notFood":false,"drinks":false},{"name":"טוסט בטטה","description":"שמנת ,פסטו, זיתים שחורים, גבינת פטה, בטטה בתנור, בצל ירוק וגבינה צהובה. מוגש בליווי סלט אישי ו3 רטבים","price":40,"vegan":false,"vegetarian":true,"image":"https://d25t2285lxl5rf.cloudfront.net/images/dishes/032b12d0-e4ac-43ef-9520-ada67db42a88.jpg","notFood":false,"drinks":false},{"name":"סודה kinley","price":8,"vegan":true,"vegetarian":true,"notFood":false,"drinks":true},{"name":"נביעות מים מינרלים","price":8,"vegan":true,"vegetarian":true,"notFood":false,"drinks":false},{"name":"פחית קוקה קולה","price":10,"vegan":true,"vegetarian":true,"notFood":false,"drinks":true},{"name":"פחית קוקה קולה זירו","price":10,"vegan":true,"vegetarian":true,"notFood":false,"drinks":true},{"name":"פחית ספרייט","price":10,"vegan":true,"vegetarian":true,"notFood":false,"drinks":true},{"name":"פחית ספרייט זירו","price":10,"vegan":true,"vegetarian":true,"notFood":false,"drinks":true},{"name":"בקבוק פריגת ענבים","price":10,"vegan":true,"vegetarian":true,"notFood":false,"drinks":true},{"name":"בקבוק פריגת אשכוליות","price":10,"vegan":true,"vegetarian":true,"notFood":false,"drinks":true},{"name":"בקבוק פריגת תפוזים","price":10,"vegan":true,"vegetarian":true,"notFood":false,"drinks":true},{"name":"מים בטעם אפרסק","price":10,"vegan":true,"vegetarian":true,"notFood":false,"drinks":false},{"name":"מים בטעם תפוח","price":10,"vegan":true,"vegetarian":true,"notFood":false,"drinks":false},{"name":"מים בטעם ענבים","price":10,"vegan":true,"vegetarian":true,"notFood":false,"drinks":true}]}