{"track_id":"19520","filters":["asianFusion","japaneseSushi"],"image":"https://tenbis-static.azureedge.net/restaurant-card-image/ResCard_19520_1910030256.jpg","address":"גלבוע, 1 בני דרור","location":[34.8973662,32.2608561],"name":"ווק אנד ווק","city":"בני דרור","priceAverage":51.666666666666664,"menu":[{"name":"אטריות ביצים","description":"אטריות ביצים מוקפצות עם ירקות וביצה","price":46,"vegan":false,"vegetarian":true,"image":"https://d25t2285lxl5rf.cloudfront.net/images/dishes/df8a2b08-eda0-470d-9edb-4df4f54233a5.jpg","notFood":false,"drinks":false},{"name":"אטריות עם ירקות ועוף","description":"אטריות ביצים מוקפצות עם ירקות , ביצה ועוף ","price":57,"vegan":false,"vegetarian":false,"image":"https://d25t2285lxl5rf.cloudfront.net/images/dishes/d3937f31-4b82-4cbb-9954-ed4e462338dd.jpg","notFood":false,"drinks":false},{"name":"אטריות עם ירקות ובקר","description":"אטריות ביצים מוקפצות עם ירקות , ביצה ובקר ","price":60,"vegan":false,"vegetarian":false,"image":"https://d25t2285lxl5rf.cloudfront.net/images/dishes/a5675215-2e8f-43b0-8625-724d9a71fd46.jpg","notFood":false,"drinks":false},{"name":"אטריות עם ירקות וטופו","description":"אטריות ביצים מוקפצות עם ירקות , ביצה וטופו ","price":55,"vegan":false,"vegetarian":true,"image":"https://d25t2285lxl5rf.cloudfront.net/images/dishes/898642c8-4be4-4303-9567-efc3f522ad0e.jpg","notFood":false,"drinks":false},{"name":"פאד תאי ירקות","description":"אטריות אורז רחבות מוקפצות עם ירקות , ביצה ופירורי בוטנים ברוטב מתקתק ","price":47,"vegan":false,"vegetarian":true,"image":"https://d25t2285lxl5rf.cloudfront.net/images/dishes/ab9532fd-9bbd-4932-b06e-3ff4e4a16e6c.jpg","notFood":false,"drinks":false},{"name":"פאד תאי עוף","description":"אטריות אורז רחבות מוקפצות עם ירקות , ביצה , פרורי בוטנים ועוף ברוטב מתקתק ","price":57,"vegan":false,"vegetarian":false,"image":"https://d25t2285lxl5rf.cloudfront.net/images/dishes/fef55b39-b62f-4c1d-b4b5-bf4794f484c5.jpg","notFood":false,"drinks":false},{"name":"פאד תאי בקר","description":"אטריות אורז רחבות מוקפצות עם ירקות , ביצה, פירורי בוטנים ובקר ברוטב מתקתק ","price":60,"vegan":false,"vegetarian":false,"image":"https://d25t2285lxl5rf.cloudfront.net/images/dishes/88bdb7a3-0112-4258-a9c1-0104660b1580.jpg","notFood":false,"drinks":false},{"name":"פאד תאי טופו","description":"אטריות אורז רחבות מוקפצות עם ירקות , ביצה , פרורי בוטנים וטופו ברוטב מתקתק ","price":57,"vegan":false,"vegetarian":true,"image":"https://d25t2285lxl5rf.cloudfront.net/images/dishes/79593682-3e24-4a17-9fe8-c205e6dce7fc.jpg","notFood":false,"drinks":false},{"name":"אטריות שעועית","description":"אטריות דקיקות מוקפצות עם ירקות וביצה ","price":47,"vegan":false,"vegetarian":true,"image":"https://d25t2285lxl5rf.cloudfront.net/images/dishes/0de1c319-84f2-4650-9c77-79b41f8afe08.jpg","notFood":false,"drinks":false},{"name":"אטריות שעועית עם עוף","description":"אטריות דקיקות מוקפצות עם ירקות  , ביצה ועוף ","price":57,"vegan":false,"vegetarian":false,"image":"https://d25t2285lxl5rf.cloudfront.net/images/dishes/d963cb65-61ac-4e2a-99a2-3a8551ada7cd.jpg","notFood":false,"drinks":false},{"name":"אטריות שעועית עם בקר","description":"אטריות דקיקות מוקפצות עם ירקות , ביצה ובקר ","price":60,"vegan":false,"vegetarian":false,"image":"https://d25t2285lxl5rf.cloudfront.net/images/dishes/940e2217-e470-423e-972a-0e75527c7ba9.jpg","notFood":false,"drinks":false},{"name":"אטריות שעועית עם טופו","description":"אטריות דקיקות מוקפצות עם ירקות , ביצה וטופו","price":57,"vegan":false,"vegetarian":true,"image":"https://d25t2285lxl5rf.cloudfront.net/images/dishes/e1bda174-1279-494d-a174-d3486ebb143b.jpg","notFood":false,"drinks":false},{"name":"אורז מטוגן","description":"מוקפץ עם אפונה , גזר , תירס וביצה ","price":38,"vegan":false,"vegetarian":true,"image":"https://d25t2285lxl5rf.cloudfront.net/images/dishes/afe64333-2326-4903-bf82-aceed2e3a9ba.jpg","notFood":false,"drinks":false},{"name":"אורז עם עוף סצ'ואן","description":"אורז מוקפץ עם מעט ירקות ועוף ברוטב פיקנטי ","price":57,"vegan":false,"vegetarian":false,"image":"https://d25t2285lxl5rf.cloudfront.net/images/dishes/58a805cb-5d2c-42b2-869d-3c2ea5ba7071.jpg","notFood":false,"drinks":false},{"name":"אורז עם בקר סצ'ואן","description":"אורז מוקפץ עם מעט ירקות ובקר ברוטב פיקנטי ","price":59,"vegan":false,"vegetarian":false,"image":"https://d25t2285lxl5rf.cloudfront.net/images/dishes/b1fb5332-f8d7-403a-9997-c81d0510378d.jpg","notFood":false,"drinks":false},{"name":"אורז עם טופו סצ'ואן","description":"אורז מוקפץ עם מעט ירקות וטופו ברוטב פיקנטי ","price":57,"vegan":true,"vegetarian":true,"image":"https://d25t2285lxl5rf.cloudfront.net/images/dishes/9b60c4aa-e1d4-4f69-9fff-5b280dabd51f.jpg","notFood":false,"drinks":false},{"name":"אטריות ביצים","description":"מוקפצות עם ירקות וביצה ","price":59,"vegan":false,"vegetarian":true,"image":"https://d25t2285lxl5rf.cloudfront.net/images/dishes/cb31ed21-13f1-41ca-a34c-abe951e7e47d.jpg","notFood":false,"drinks":false},{"name":"אטריות עם ירקות ועוף","description":"אטריות ביצים מוקפצות עם ירקות , ביצה ועוף ","price":75,"vegan":false,"vegetarian":false,"image":"https://d25t2285lxl5rf.cloudfront.net/images/dishes/072c01c9-e680-4eec-a281-5340ef1d67a3.jpg","notFood":false,"drinks":false},{"name":"אטריות עם ירקות ובקר","description":"אטריות ביצים מוקפצות עם ירקות , ביצה ובקר ","price":79,"vegan":false,"vegetarian":false,"image":"https://d25t2285lxl5rf.cloudfront.net/images/dishes/abbf44a6-d8fd-48d3-b7f6-df7bef20f505.jpg","notFood":false,"drinks":false},{"name":"אטריות עם ירקות וטופו","description":"אטריות ביצים מוקפצות עם ירקות , ביצה וטופו","price":75,"vegan":false,"vegetarian":true,"image":"https://d25t2285lxl5rf.cloudfront.net/images/dishes/df866d51-fcc1-4731-ab14-60fd271d78f9.jpg","notFood":false,"drinks":false},{"name":"פאד תאי ירקות","description":"אטריות אורז רחבות מוקפצות עם ירקות , ביצה ופירורי בוטנים ברוטב מתקתק ","price":62,"vegan":false,"vegetarian":true,"image":"https://d25t2285lxl5rf.cloudfront.net/images/dishes/d059c294-21cb-4cc9-920b-db306bb3b8ac.jpg","notFood":false,"drinks":false},{"name":"פאד תאי עוף","description":"אטריות אורז רחבות מוקפצות עם ירקות , ביצה , פרורי בוטנים ועוף ברוטב מתקתק ","price":75,"vegan":false,"vegetarian":false,"image":"https://d25t2285lxl5rf.cloudfront.net/images/dishes/3a6b80b6-8172-4e4e-9231-b2bea74bc5a7.jpg","notFood":false,"drinks":false},{"name":"פאד תאי בקר","description":"אטריות אורז רחבות מוקפצות עם ירקות , ביצה, פירורי בוטנים ובקר ברוטב מתקתק ","price":79,"vegan":false,"vegetarian":false,"image":"https://d25t2285lxl5rf.cloudfront.net/images/dishes/dc9376de-7688-440e-8f41-28925e8090ea.jpg","notFood":false,"drinks":false},{"name":"פאד תאי טופו","description":"אטריות אורז רחבות מוקפצות עם ירקות , ביצה , פרורי בוטנים וטופו ברוטב מתקתק ","price":75,"vegan":false,"vegetarian":true,"image":"https://d25t2285lxl5rf.cloudfront.net/images/dishes/2609716c-0086-4211-b3d9-a6ae203d5b35.jpg","notFood":false,"drinks":false},{"name":"אטריות שעועית","description":"אטריות דקיקות מוקפצות עם ירקות וביצה ","price":62,"vegan":false,"vegetarian":true,"image":"https://d25t2285lxl5rf.cloudfront.net/images/dishes/4e64b513-5abb-42b9-9f56-002d2d11ff5c.jpg","notFood":false,"drinks":false},{"name":"אטריות שעועית עם עוף","description":"אטריות דקיקות מוקפצות עם ירקות  , ביצה ועוף ","price":75,"vegan":false,"vegetarian":false,"image":"https://d25t2285lxl5rf.cloudfront.net/images/dishes/5069d53a-360b-43d9-933c-313b68807f6e.jpg","notFood":false,"drinks":false},{"name":"אטריות שעועית עם בקר","description":"אטריות דקיקות מוקפצות עם ירקות , ביצה ובקר ","price":79,"vegan":false,"vegetarian":false,"image":"https://d25t2285lxl5rf.cloudfront.net/images/dishes/761af601-67f2-4d7f-bacb-cf5a20b77ece.jpg","notFood":false,"drinks":false},{"name":"אטריות שעועית עם טופו","description":"אטריות דקיקות מוקפצות עם ירקות , ביצה וטופו ","price":75,"vegan":false,"vegetarian":true,"image":"https://d25t2285lxl5rf.cloudfront.net/images/dishes/6d072ed5-476c-4649-9a2d-a07f7c475916.jpg","notFood":false,"drinks":false},{"name":"אורז מטוגן","description":"מוקפץ עם אפונה , גזר , תירס וביצה ","price":48,"vegan":false,"vegetarian":true,"image":"https://d25t2285lxl5rf.cloudfront.net/images/dishes/4e86e5c1-a7f1-4fdb-9215-cdbd87402115.jpg","notFood":false,"drinks":false},{"name":"אורז עם עוף סצ'ואן","description":"אורז מוקפץ עם מעט ירקות ועוף ברוטב פיקנטי ","price":75,"vegan":false,"vegetarian":false,"image":"https://d25t2285lxl5rf.cloudfront.net/images/dishes/c9835545-dd30-45ce-9f8c-5bd1e6481e4e.jpg","notFood":false,"drinks":false},{"name":"אורז עם בקר סצ'ואן","description":"אורז מוקפץ עם מעט ירקות ובקר ברוטב פיקנטי ","price":78,"vegan":false,"vegetarian":false,"image":"https://d25t2285lxl5rf.cloudfront.net/images/dishes/178854f8-2af9-43d0-8860-d8245de6a432.jpg","notFood":false,"drinks":false},{"name":"אורז עם טופו סצ'ואן","description":"אורז מוקפץ עם מעט ירקות וטופו ברוטב פיקנטי ","price":75,"vegan":true,"vegetarian":true,"image":"https://d25t2285lxl5rf.cloudfront.net/images/dishes/798aef00-ce3a-426e-8d0f-5368e3742bcd.jpg","notFood":false,"drinks":false},{"name":"עוף בשומשום","description":"שניצלוני עוף מטוגנים בציפוי שומשום ","price":54,"vegan":false,"vegetarian":false,"image":"https://d25t2285lxl5rf.cloudfront.net/images/dishes/d9ac085b-9a37-4080-8a39-a180d90c4819.jpg","notFood":false,"drinks":false},{"name":"עוף בלימון","description":"שניצלוני עוף מטוגנים בציפוי פריך ","price":54,"vegan":false,"vegetarian":false,"image":"https://d25t2285lxl5rf.cloudfront.net/images/dishes/8d90f07b-f8dc-4460-acb1-dc353657d891.jpg","notFood":false,"drinks":false},{"name":"עוף סצ'ואן","description":"נתחי עוף וירקות מוקפצים ברוטב פלפל חריף עדין ","price":57,"vegan":false,"vegetarian":false,"image":"https://d25t2285lxl5rf.cloudfront.net/images/dishes/e4b7a61f-1c8a-4669-bb86-80df96dc131d.jpg","notFood":false,"drinks":false},{"name":"עוף ספיישל","description":"נתחי עוף מצופים ומטוגנים , מוקפצים עם ירוקת וקשיו ברוטב חריף מתוק ","price":57,"vegan":false,"vegetarian":false,"image":"https://d25t2285lxl5rf.cloudfront.net/images/dishes/b19b9838-09c6-4bbe-a987-5d602d4dca17.jpg","notFood":false,"drinks":false},{"name":"ווינגס","description":"כנפי עוף מוקפצים עם מעט ירקות ברוטב שום ","price":49,"vegan":false,"vegetarian":false,"image":"https://d25t2285lxl5rf.cloudfront.net/images/dishes/d3c3a1ad-0790-47bd-96b3-5c5ea0959d31.jpg","notFood":false,"drinks":false},{"name":"עוף חמוץ מתוק תאילנדי","description":"נתחי עוף מצופים ומטוגנים , מוקפצים עם ירקות ברוטב חמוץ מתוק ","price":57,"vegan":false,"vegetarian":false,"image":"https://d25t2285lxl5rf.cloudfront.net/images/dishes/2981baca-e36c-4d4b-b4d1-075eca7c21b7.jpg","notFood":false,"drinks":false},{"name":"עוף בקשיו","description":"נתחי עוף וירקות מוקפצים ברוטב השף ואגוזי קשיו ","price":57,"vegan":false,"vegetarian":false,"image":"https://d25t2285lxl5rf.cloudfront.net/images/dishes/4fcc1acc-5b3f-4f74-84f8-9da992bd9e03.jpg","notFood":false,"drinks":false},{"name":"עוף בשומשום","description":"שניצלוני עוף מטוגנים בציפוי שומשום ","price":65,"vegan":false,"vegetarian":false,"image":"https://d25t2285lxl5rf.cloudfront.net/images/dishes/8cecfe3b-bb94-4004-9cc8-0c42ac35b029.jpg","notFood":false,"drinks":false},{"name":"עוף בלימון","description":"שניצלוני עוף מטוגנים בציפוי פריך ","price":65,"vegan":false,"vegetarian":false,"image":"https://d25t2285lxl5rf.cloudfront.net/images/dishes/cc434493-3e87-48c4-9872-0d5631a41d4f.jpg","notFood":false,"drinks":false},{"name":"עוף סצ'ואן","description":"נתחי עוף וירקות מוקפצים ברוטב פלפל חריף עדין ","price":75,"vegan":false,"vegetarian":false,"image":"https://d25t2285lxl5rf.cloudfront.net/images/dishes/9c98bbf4-831f-4a4d-81f7-08258ae270e8.jpg","notFood":false,"drinks":false},{"name":"עוף ספיישל","description":"נתחי עוף מצופים ומטוגנים , מוקפצים עם ירקות וקשיו ברוטב חריף מתוק ","price":75,"vegan":false,"vegetarian":false,"image":"https://d25t2285lxl5rf.cloudfront.net/images/dishes/0d3cae62-d405-470c-b580-e21e8b551c1a.jpg","notFood":false,"drinks":false},{"name":"ווינגס","description":"כנפי עוף מוקפצים עם מעט ירקות ברוטב שום ","price":60,"vegan":false,"vegetarian":false,"image":"https://d25t2285lxl5rf.cloudfront.net/images/dishes/18f11cac-7d7e-4306-9836-514d17f1401e.jpg","notFood":false,"drinks":false},{"name":"עוף חמוץ מתוק תאילנדי","description":"נתחי עוף מצופים ומטוגנים , מוקפצים עם ירקות ברוטב חמוץ מתוק ","price":75,"vegan":false,"vegetarian":false,"image":"https://d25t2285lxl5rf.cloudfront.net/images/dishes/142789ce-a74e-458f-8cad-aa56fc7ca51c.jpg","notFood":false,"drinks":false},{"name":"עוף בקשיו","description":"נתחי עוף וירקות מוקפצים ברוטב השף ואגוזי קשיו ","price":75,"vegan":false,"vegetarian":false,"image":"https://d25t2285lxl5rf.cloudfront.net/images/dishes/f526a68a-6c64-4aea-9b6e-d4cceb856d0c.jpg","notFood":false,"drinks":false},{"name":"בקר סצ'ואן","description":"נתחי בקר וירקות מוקפצים ברוטב פלפל חריף עדין ","price":59,"vegan":false,"vegetarian":false,"image":"https://d25t2285lxl5rf.cloudfront.net/images/dishes/772bd529-2af8-458d-a2f0-59847a516c0a.jpg","notFood":false,"drinks":false},{"name":"בקר בקשיו","description":"נתחי בקר וירקות מוקפצים ברוטב השף ואגוזי קשיו ","price":59,"vegan":false,"vegetarian":false,"image":"https://d25t2285lxl5rf.cloudfront.net/images/dishes/e0a122af-c840-4ded-ae33-4f0105862191.jpg","notFood":false,"drinks":false},{"name":"בקר סצ'ואן","description":"נתחי בקר וירקות מוקפצים ברוטב פלפל חריף עדין ","price":79,"vegan":false,"vegetarian":false,"image":"https://d25t2285lxl5rf.cloudfront.net/images/dishes/ea076258-7298-42cc-ac5e-d552945cd7a4.jpg","notFood":false,"drinks":false},{"name":"בקר בקשיו","description":"נתחי בקר וירקות מוקפצים ברוטב השף ואגוזי קשיו ","price":79,"vegan":false,"vegetarian":false,"image":"https://d25t2285lxl5rf.cloudfront.net/images/dishes/06323603-02c0-45f1-a74b-46ef5275671e.jpg","notFood":false,"drinks":false},{"name":"מרק תירס","price":30,"vegan":true,"vegetarian":true,"image":"https://d25t2285lxl5rf.cloudfront.net/images/dishes/fd13ff0d-289e-41f6-937b-a4cce397413e.jpg","notFood":false,"drinks":false},{"name":"המרק של אמיר","description":"( חריף חמוץ ) ","price":32,"vegan":true,"vegetarian":true,"image":"https://d25t2285lxl5rf.cloudfront.net/images/dishes/2f3917c5-1be5-4b7c-9f9c-19571244a69b.jpg","notFood":false,"drinks":false},{"name":"אטריות עם ירקות","description":"אטריות ביצים מוקפצות עם ירקות וביצה ","price":33,"vegan":false,"vegetarian":true,"image":"https://d25t2285lxl5rf.cloudfront.net/images/dishes/1e3122b9-e61f-4fbe-b5d1-4621197a51d5.jpg","notFood":false,"drinks":false},{"name":"אורז מטוגן","description":"מוקפץ עם אפונה , גזר , תירס וביצה ","price":28,"vegan":false,"vegetarian":true,"image":"https://d25t2285lxl5rf.cloudfront.net/images/dishes/f57cb9a4-d488-45bf-9c32-3fa679010aa6.jpg","notFood":false,"drinks":false},{"name":"פחית קוקה קולה","price":10,"vegan":true,"vegetarian":true,"notFood":false,"drinks":true},{"name":"פחית קולה זירו","price":10,"vegan":true,"vegetarian":true,"notFood":false,"drinks":true},{"name":"פחית ספרייט","price":10,"vegan":true,"vegetarian":true,"notFood":false,"drinks":true},{"name":"קולה קולה 0.5 ליטר","price":11,"vegan":true,"vegetarian":true,"notFood":false,"drinks":true},{"name":"קולה זירו 0.5 ליטר","price":11,"vegan":true,"vegetarian":true,"notFood":false,"drinks":true},{"name":"נסטי אפרסק 0.5 ליטר","price":11,"vegan":true,"vegetarian":true,"notFood":false,"drinks":true},{"name":"פריגת תפוזים","price":9,"vegan":true,"vegetarian":true,"notFood":false,"drinks":false},{"name":"פריגת ענבים","price":9,"vegan":true,"vegetarian":true,"notFood":false,"drinks":true},{"name":"מים בטעם אפרסק","price":10,"vegan":true,"vegetarian":true,"notFood":false,"drinks":false},{"name":"מים בטעם תפוח","price":10,"vegan":true,"vegetarian":true,"notFood":false,"drinks":false},{"name":"מים מינרלים","price":9,"vegan":true,"vegetarian":true,"notFood":false,"drinks":false},{"name":"סודה","price":9,"vegan":true,"vegetarian":true,"notFood":false,"drinks":true}]}