{"track_id":"19559","filters":["pizza","pasta","salads"],"image":"https://tenbis-static.azureedge.net/restaurant-default-card-image/CuzineType_pizza_02.jpg","address":"כנרת, 5 אשדוד","location":[34.6314304,31.7858135],"name":"פיצה פומודורי","city":"אשדוד","priceAverage":34.3855421686747,"menu":[{"name":"פיצה משפחתית כולל שתייה ולחם שום\n","description":"מוגש עם תוספת, בקבוק שתיה ולחם שום ","price":89,"vegan":false,"vegetarian":true,"image":"https://d25t2285lxl5rf.cloudfront.net/images/dishes/a47b395c-124b-4cc1-9815-c10f2d8cb11c.jpg","notFood":false,"drinks":true},{"name":"דיל משפחתי","description":"2 פיצות משפחתיות, תוספת, בקבוק שתיה, לחם שום, פסטה וסלט קטן","price":189,"vegan":true,"vegetarian":true,"notFood":false,"drinks":true},{"name":"פיצה M","description":"מוגש עם לחם או או שתיה","price":70,"vegan":false,"vegetarian":true,"image":"https://d25t2285lxl5rf.cloudfront.net/images/dishes/a864be2f-b577-430a-8781-c7633fcc5a2d.jpg","notFood":false,"drinks":false},{"name":"פיצה XL","description":"מוגש עם שתיה או לחם שום ","price":96,"vegan":false,"vegetarian":true,"image":"https://d25t2285lxl5rf.cloudfront.net/images/dishes/61ad795b-563c-4430-ac7e-9b61b773ee8a.jpg","notFood":false,"drinks":false},{"name":"פיצה אישית","price":30,"vegan":false,"vegetarian":true,"image":"https://d25t2285lxl5rf.cloudfront.net/images/dishes/21f5a211-2382-4c7a-b8cd-0d55f16c693c.jpg","notFood":false,"drinks":false},{"name":"פיצה מוגדלת","price":35,"vegan":false,"vegetarian":true,"image":"https://d25t2285lxl5rf.cloudfront.net/images/dishes/3b072f90-0265-4aaf-8c89-304819d2b4e6.jpg","notFood":false,"drinks":false},{"name":"לחם שום","price":19,"vegan":true,"vegetarian":true,"image":"https://d25t2285lxl5rf.cloudfront.net/images/dishes/18f29219-05b5-4898-b89a-8f7cd2b49617.jpg","notFood":false,"drinks":false},{"name":"לחם פסטו","price":19,"vegan":true,"vegetarian":true,"image":"https://d25t2285lxl5rf.cloudfront.net/images/dishes/fae1da75-a326-4774-933f-40985a984c11.jpg","notFood":false,"drinks":false},{"name":"לחם שום מוקרם","price":26,"vegan":true,"vegetarian":true,"image":"https://d25t2285lxl5rf.cloudfront.net/images/dishes/5c060ce9-6ee1-48f2-9c84-fd558d6a30e9.jpg","notFood":false,"drinks":false},{"name":"מלאווח","description":"מגיע עם רסק, ביצה וחריף","price":33,"vegan":false,"vegetarian":true,"image":"https://d25t2285lxl5rf.cloudfront.net/images/dishes/89f89059-fa1d-4eb9-a2ff-427f6e3f1e95.jpg","notFood":false,"drinks":false},{"name":"מלוואח פיצה","price":35,"vegan":false,"vegetarian":true,"image":"https://d25t2285lxl5rf.cloudfront.net/images/dishes/a81e83b3-d7eb-457c-a297-224eb0707555.jpg","notFood":false,"drinks":false},{"name":"מלאווח חומוס","description":"מגיע עם רסק, ביצה וחריף","price":34,"vegan":false,"vegetarian":true,"image":"https://d25t2285lxl5rf.cloudfront.net/images/dishes/83e6bac2-311f-4423-8aac-f45f618ad34f.jpg","notFood":false,"drinks":false},{"name":"סמבוסק","price":40,"vegan":true,"vegetarian":true,"image":"https://d25t2285lxl5rf.cloudfront.net/images/dishes/cf426747-e3de-4bcb-b9a9-f4c96f91034f.jpg","notFood":false,"drinks":false},{"name":"זיווה","description":"מגיע עם רסק, ביצה וחריף","price":40,"vegan":false,"vegetarian":true,"image":"https://d25t2285lxl5rf.cloudfront.net/images/dishes/ea93b512-6ef0-4f50-81c2-201caa84aaa1.jpg","notFood":false,"drinks":false},{"name":"קלצונה","price":40,"vegan":true,"vegetarian":true,"image":"https://d25t2285lxl5rf.cloudfront.net/images/dishes/56431fba-148a-4ed9-92b7-bf199f9b7394.jpg","notFood":false,"drinks":false},{"name":"סלט ירקות קטן","price":43,"vegan":true,"vegetarian":true,"image":"https://d25t2285lxl5rf.cloudfront.net/images/dishes/330e029c-d3bc-4e99-b8c0-554836c5e51d.jpg","notFood":false,"drinks":false},{"name":"סלט טונה קטן","price":43,"vegan":false,"vegetarian":false,"image":"https://d25t2285lxl5rf.cloudfront.net/images/dishes/2716ff85-639f-4045-901a-77b34a136be1.jpg","notFood":false,"drinks":false},{"name":"סלט יווני קטן","price":43,"vegan":true,"vegetarian":true,"image":"https://d25t2285lxl5rf.cloudfront.net/images/dishes/f4cdc02c-2ccc-4d7f-9a3a-4bd914e21cb2.jpg","notFood":false,"drinks":false},{"name":"סלט ניסואז קטן","price":49,"vegan":true,"vegetarian":true,"image":"https://d25t2285lxl5rf.cloudfront.net/images/dishes/2ee5a725-c975-4935-a8b3-c1cc7689233f.jpg","notFood":false,"drinks":false},{"name":"סלט מוצרלה קטן","price":49,"vegan":false,"vegetarian":true,"image":"https://d25t2285lxl5rf.cloudfront.net/images/dishes/be8c7b64-c64f-46b9-b664-0e39096acbe8.jpg","notFood":false,"drinks":false},{"name":"סלט פטה קטן","price":49,"vegan":false,"vegetarian":true,"image":"https://d25t2285lxl5rf.cloudfront.net/images/dishes/b501b9dd-5d8e-47ec-8a79-413172c3f2bc.jpg","notFood":false,"drinks":false},{"name":"סלט חלומי גדול","price":60,"vegan":true,"vegetarian":true,"image":"https://d25t2285lxl5rf.cloudfront.net/images/dishes/3d4d6660-c3c4-4951-809b-c0e4cacd46e0.jpg","notFood":false,"drinks":false},{"name":"סלט חלומי קטן","price":53,"vegan":true,"vegetarian":true,"notFood":false,"drinks":false},{"name":"סלט ירקות גדול","price":48,"vegan":true,"vegetarian":true,"notFood":false,"drinks":false},{"name":"סלט טונה גדול","price":48,"vegan":false,"vegetarian":false,"notFood":false,"drinks":false},{"name":"סלט יווני גדול","price":48,"vegan":true,"vegetarian":true,"notFood":false,"drinks":false},{"name":"סלט ניסואז גדול","price":54,"vegan":true,"vegetarian":true,"notFood":false,"drinks":false},{"name":"סלט מוצרלה גדול","price":60,"vegan":false,"vegetarian":true,"notFood":false,"drinks":false},{"name":"סלט פטה גדול","price":56,"vegan":false,"vegetarian":true,"notFood":false,"drinks":false},{"name":"פסטה","description":"מוגש עם רוטב לבחירה ","price":44,"vegan":true,"vegetarian":true,"image":"https://d25t2285lxl5rf.cloudfront.net/images/dishes/1257b8ad-350d-4c2c-a258-387e866344bc.jpg","notFood":false,"drinks":false},{"name":"פסטה טריה","description":"פטוצ'יני - מוגש עם רוטב לבחירה ","price":50,"vegan":true,"vegetarian":true,"image":"https://d25t2285lxl5rf.cloudfront.net/images/dishes/ac55ecff-f12e-4747-8020-c23aaa303964.jpg","notFood":false,"drinks":false},{"name":"תפוח אדמה","price":44,"vegan":true,"vegetarian":true,"image":"https://d25t2285lxl5rf.cloudfront.net/images/dishes/db2ba51b-fbd0-46a2-b27a-98a8cd2b8855.jpg","notFood":false,"drinks":false},{"name":"רביולי גבינה","price":50,"vegan":false,"vegetarian":true,"image":"https://d25t2285lxl5rf.cloudfront.net/images/dishes/447b5cf3-f9cd-425d-a705-1ee799f015ad.jpg","notFood":false,"drinks":false},{"name":"ניוקי","price":50,"vegan":true,"vegetarian":true,"image":"https://d25t2285lxl5rf.cloudfront.net/images/dishes/f2e1a9b7-81fe-49bf-849d-0ab6f1fe97ae.jpg","notFood":false,"drinks":false},{"name":"רביולי בטטה","price":50,"vegan":true,"vegetarian":true,"notFood":false,"drinks":false},{"name":"מלבי","price":15,"vegan":true,"vegetarian":true,"image":"https://d25t2285lxl5rf.cloudfront.net/images/dishes/debf2a63-9ebc-416c-bd1c-e23e26814d8c.jpg","notFood":false,"drinks":false},{"name":"זיווה שוקולד","description":"זיווה ממולאת קוביות שוקולד עם סירופ שוקולד אבקדת סוכר ואגוזים","price":30,"vegan":false,"vegetarian":true,"image":"https://d25t2285lxl5rf.cloudfront.net/images/dishes/dbfae098-dffb-42f7-9d4d-ee389670f90c.jpg","notFood":false,"drinks":false},{"name":"צ'ורוס","price":35,"vegan":true,"vegetarian":true,"notFood":false,"drinks":false},{"name":"צ'ורוס קטן","price":25,"vegan":true,"vegetarian":true,"notFood":false,"drinks":false},{"name":"עוגת גבינה פירורים","price":32,"vegan":false,"vegetarian":true,"notFood":false,"drinks":false},{"name":"זיוה שוקולד לבן","price":30,"vegan":false,"vegetarian":true,"notFood":false,"drinks":false},{"name":"זיוה מיקס","description":"שוקולד לבן + חום","price":30,"vegan":false,"vegetarian":true,"notFood":false,"drinks":false},{"name":"זיוה ריבת חלב","price":30,"vegan":false,"vegetarian":true,"notFood":false,"drinks":false},{"name":"פיצה אישית","price":33,"vegan":false,"vegetarian":true,"image":"https://d25t2285lxl5rf.cloudfront.net/images/dishes/a0adbfdd-fd1c-4621-8e60-ac18dccbe6ef.jpg","notFood":false,"drinks":false},{"name":"פיצה בינונית + שתייה","price":75,"vegan":false,"vegetarian":true,"image":"https://d25t2285lxl5rf.cloudfront.net/images/dishes/3df493ed-4548-4b4e-b473-49717885ed04.jpg","notFood":false,"drinks":false},{"name":"פיצה משפחתית + שתייה 1.5","price":93,"vegan":false,"vegetarian":true,"image":"https://d25t2285lxl5rf.cloudfront.net/images/dishes/d0d66549-7405-48fe-adca-cc3e4705ae92.jpg","notFood":false,"drinks":false},{"name":"פיצה ענקית + בקבוק שתייה","price":101,"vegan":false,"vegetarian":true,"image":"https://d25t2285lxl5rf.cloudfront.net/images/dishes/8a7efaa8-8bdd-4096-8d7f-5c37219d164f.jpg","notFood":false,"drinks":true},{"name":"פיצה אישית מוגדלת","price":38,"vegan":false,"vegetarian":true,"image":"https://d25t2285lxl5rf.cloudfront.net/images/dishes/17d4d6b4-e8a6-464b-9c3a-3b25e5f1c9cb.jpg","notFood":false,"drinks":false},{"name":"בקבוק מים מינרלים","description":"חצי ליטר","price":8,"vegan":true,"vegetarian":true,"notFood":false,"drinks":true},{"name":"פחית קוקה קולה","price":11,"vegan":true,"vegetarian":true,"notFood":false,"drinks":true},{"name":"פחית קולה זירו","price":11,"vegan":true,"vegetarian":true,"notFood":false,"drinks":true},{"name":"פחית ספרייט","price":11,"vegan":true,"vegetarian":true,"notFood":false,"drinks":true},{"name":"פחית ספרייט זירו","price":11,"vegan":true,"vegetarian":true,"notFood":false,"drinks":true},{"name":"פחית פאנטה","price":11,"vegan":true,"vegetarian":true,"notFood":false,"drinks":false},{"name":"פחית תותית","price":11,"vegan":true,"vegetarian":true,"notFood":false,"drinks":false},{"name":"בקבוק בירה שחורה","price":12,"vegan":true,"vegetarian":true,"notFood":false,"drinks":true},{"name":"בקבוק נביעות בטעמים - אפרסק","price":12,"vegan":true,"vegetarian":true,"notFood":false,"drinks":true},{"name":"בקבוק נביעות בטעמים - תפוח","price":12,"vegan":true,"vegetarian":true,"notFood":false,"drinks":true},{"name":"בקבוק נביעות בטעמים - ענבים","price":12,"vegan":true,"vegetarian":true,"notFood":false,"drinks":true},{"name":"בקבוק פיוז טי בטעמים - אפרסק","price":12,"vegan":true,"vegetarian":true,"notFood":false,"drinks":true},{"name":"בקבוק פיוז טי בטעמים - ענבים","price":12,"vegan":true,"vegetarian":true,"notFood":false,"drinks":true},{"name":"בקבוק פיוז טי בטעמים - מנגו אננס","price":12,"vegan":true,"vegetarian":true,"notFood":false,"drinks":true},{"name":"בקבוק קוקה קולה","description":"חצי ליטר","price":12,"vegan":true,"vegetarian":true,"notFood":false,"drinks":true},{"name":"בקבוק קולה זירו","description":"חצי ליטר","price":12,"vegan":true,"vegetarian":true,"notFood":false,"drinks":true},{"name":"בקבוק זכוכית קוקה קולה","price":12,"vegan":true,"vegetarian":true,"notFood":false,"drinks":true},{"name":"בקבוק זכוכית קולה זירו","price":12,"vegan":true,"vegetarian":true,"notFood":false,"drinks":true},{"name":"בקבוק פריגת - ענבים","description":"חצי ליטר","price":12,"vegan":true,"vegetarian":true,"notFood":false,"drinks":true},{"name":"בקבוק פריגת - תפוזים","description":"חצי ליטר","price":12,"vegan":true,"vegetarian":true,"notFood":false,"drinks":true},{"name":"בקבוק סודה","description":"250 מ\"ל","price":10,"vegan":true,"vegetarian":true,"notFood":false,"drinks":true},{"name":"סאפי אלוורה - ענבים","price":13,"vegan":true,"vegetarian":true,"notFood":false,"drinks":true},{"name":"סאפי אלוורה - תפוח","price":13,"vegan":true,"vegetarian":true,"notFood":false,"drinks":false},{"name":"סאפי אלוורה - אפרסק","description":"300 מ\"ל","price":13,"vegan":true,"vegetarian":true,"notFood":false,"drinks":false},{"name":"קוקה קולה ליטר וחצי","price":21,"vegan":true,"vegetarian":true,"notFood":false,"drinks":true},{"name":"פיוז טי- אפרסק ליטר וחצי","price":21,"vegan":true,"vegetarian":true,"notFood":false,"drinks":false},{"name":"ספרינג - תפוזים ליטר וחצי","price":21,"vegan":true,"vegetarian":true,"notFood":false,"drinks":false},{"name":"ספרינג - ענבים ליטר וחצי","price":21,"vegan":true,"vegetarian":true,"notFood":false,"drinks":true},{"name":"קוקה קולה זירו ליטר וחצי","price":21,"vegan":true,"vegetarian":true,"notFood":false,"drinks":true},{"name":"מים מינרלים ליטר וחצי","price":12,"vegan":true,"vegetarian":true,"notFood":false,"drinks":false},{"name":"ספרייט 1.5 ליטר","price":21,"vegan":true,"vegetarian":true,"notFood":false,"drinks":true},{"name":"פאנטה 1.5 ליטר","price":21,"vegan":true,"vegetarian":true,"notFood":false,"drinks":false},{"name":"מים בטעם אפרסק 1.5 ליטר","price":21,"vegan":true,"vegetarian":true,"notFood":false,"drinks":false},{"name":"מים בטעם ענבים 1.5 ליטר","price":21,"vegan":true,"vegetarian":true,"notFood":false,"drinks":true},{"name":"מים בטעם תפוח 1.5 ליטר","price":21,"vegan":true,"vegetarian":true,"notFood":false,"drinks":false}]}