{"track_id":"19551","filters":["meatGrill","homeMade","sandwichesWraps"],"image":"https://tenbis-static.azureedge.net/restaurant-default-card-image/CuzineType_meatgrill_14.jpg","address":"אלי כהן, 34 אשקלון","location":[34.5759145,31.6690568],"name":"שניצלייק","city":"אשקלון","priceAverage":35.064935064935064,"menu":[{"name":"טונה בפיתה","price":22,"vegan":false,"vegetarian":false,"notFood":false,"drinks":false},{"name":"חביתה בפיתה","price":22,"vegan":false,"vegetarian":true,"notFood":false,"drinks":false},{"name":"שקשוקה בפיתה","price":22,"vegan":true,"vegetarian":true,"notFood":false,"drinks":false},{"name":"שניצל בעשבי תיבול בפיתה","price":32,"vegan":false,"vegetarian":false,"notFood":false,"drinks":false},{"name":"שניצל בתיבול שום בפיתה","price":32,"vegan":false,"vegetarian":false,"notFood":false,"drinks":false},{"name":"שניצל בציפוי שומשום בפיתה","price":32,"vegan":false,"vegetarian":false,"notFood":false,"drinks":false},{"name":"שניצל פיקנטי בפיתה","price":32,"vegan":false,"vegetarian":false,"notFood":false,"drinks":false},{"name":"שניצל הבית בפיתה","price":32,"vegan":false,"vegetarian":false,"notFood":false,"drinks":false},{"name":"שניצל בתיבול חרדל בפיתה","price":32,"vegan":false,"vegetarian":false,"notFood":false,"drinks":false},{"name":"שניצל בתיבול ביסלי בפיתה","price":32,"vegan":false,"vegetarian":false,"notFood":false,"drinks":false},{"name":"שווארמה בפיתה","price":38,"vegan":false,"vegetarian":false,"notFood":false,"drinks":false},{"name":"קבב בפיתה","price":38,"vegan":false,"vegetarian":false,"notFood":false,"drinks":false},{"name":"פרגיות בפיתה","price":38,"vegan":false,"vegetarian":false,"notFood":false,"drinks":false},{"name":"נקניקיות מרגז בפיתה","price":38,"vegan":true,"vegetarian":true,"notFood":false,"drinks":false},{"name":"מעורב בפיתה","price":38,"vegan":true,"vegetarian":true,"notFood":false,"drinks":false},{"name":"מוקפץ בפיתה","price":38,"vegan":true,"vegetarian":true,"notFood":false,"drinks":false},{"name":"חזה עוף בפיתה","price":38,"vegan":false,"vegetarian":false,"notFood":false,"drinks":false},{"name":"מעורב בבגט","price":42,"vegan":true,"vegetarian":true,"notFood":false,"drinks":false},{"name":"שקשוקה בבגט","price":22,"vegan":true,"vegetarian":true,"notFood":false,"drinks":false},{"name":"חביתה בבגט","price":22,"vegan":false,"vegetarian":true,"notFood":false,"drinks":false},{"name":"טונה בבגט","price":22,"vegan":false,"vegetarian":false,"notFood":false,"drinks":false},{"name":"מוקפץ בבגט","price":37,"vegan":true,"vegetarian":true,"notFood":false,"drinks":false},{"name":"חזה עוף בבגט","price":37,"vegan":false,"vegetarian":false,"notFood":false,"drinks":false},{"name":"שניצל בעשבי תיבול בבגט","price":37,"vegan":false,"vegetarian":false,"notFood":false,"drinks":false},{"name":"שניצל בתיבול שום בבגט","price":37,"vegan":false,"vegetarian":false,"notFood":false,"drinks":false},{"name":"שניצל בציפוי שומשום בבגט","price":37,"vegan":false,"vegetarian":false,"notFood":false,"drinks":false},{"name":"שניצל פיקנטי בבגט","price":37,"vegan":false,"vegetarian":false,"notFood":false,"drinks":false},{"name":"שניצל הבית בבגט","price":37,"vegan":false,"vegetarian":false,"notFood":false,"drinks":false},{"name":"שניצל בתיבול חרדל בבגט","price":37,"vegan":false,"vegetarian":false,"notFood":false,"drinks":false},{"name":"שניצל בתיבול ביסלי בבגט","price":37,"vegan":false,"vegetarian":false,"notFood":false,"drinks":false},{"name":"שניצל פרגיות בבגט","price":42,"vegan":false,"vegetarian":false,"notFood":false,"drinks":false},{"name":"שווארמה בבגט","price":42,"vegan":false,"vegetarian":false,"notFood":false,"drinks":false},{"name":"קבב בבגט","price":42,"vegan":false,"vegetarian":false,"notFood":false,"drinks":false},{"name":"פרגיות בבגט","price":42,"vegan":false,"vegetarian":false,"notFood":false,"drinks":false},{"name":"נקניקיות מרגז בבגט","price":42,"vegan":true,"vegetarian":true,"notFood":false,"drinks":false},{"name":"שניצל בעשבי תיבול בלאפה","price":38,"vegan":false,"vegetarian":false,"notFood":false,"drinks":false},{"name":"שניצל בתיבול שום בלאפה","price":38,"vegan":false,"vegetarian":false,"notFood":false,"drinks":false},{"name":"שניצל בציפוי שומשום בלאפה","price":38,"vegan":false,"vegetarian":false,"notFood":false,"drinks":false},{"name":"שניצל פיקנטי בלאפה","price":38,"vegan":false,"vegetarian":false,"notFood":false,"drinks":false},{"name":"שניצל הבית בלאפה","price":38,"vegan":false,"vegetarian":false,"notFood":false,"drinks":false},{"name":"שניצל בתיבול חרדל בלאפה","price":38,"vegan":false,"vegetarian":false,"notFood":false,"drinks":false},{"name":"שניצל בתיבול ביסלי בלאפה","price":38,"vegan":false,"vegetarian":false,"notFood":false,"drinks":false},{"name":"שניצל פרגיות בלאפה","price":38,"vegan":false,"vegetarian":false,"notFood":false,"drinks":false},{"name":"שווארמה בלאפה","price":43,"vegan":false,"vegetarian":false,"notFood":false,"drinks":false},{"name":"קבב בלאפה","price":43,"vegan":false,"vegetarian":false,"notFood":false,"drinks":false},{"name":"פרגיות בלאפה","price":43,"vegan":false,"vegetarian":false,"notFood":false,"drinks":false},{"name":"נקניקיות מרגז בלאפה","price":43,"vegan":true,"vegetarian":true,"notFood":false,"drinks":false},{"name":"מעורב בלאפה","price":43,"vegan":true,"vegetarian":true,"notFood":false,"drinks":false},{"name":"מוקפץ בלאפה","price":43,"vegan":true,"vegetarian":true,"notFood":false,"drinks":false},{"name":"חזה עוף בלאפה","price":43,"vegan":false,"vegetarian":false,"notFood":false,"drinks":false},{"name":"שניצל בעשבי תיבול בצלחת","price":52,"vegan":false,"vegetarian":false,"notFood":false,"drinks":false},{"name":"שניצל בתיבול שום בצלחת","price":52,"vegan":false,"vegetarian":false,"notFood":false,"drinks":false},{"name":"שניצל בציפוי שומשום בצלחת","price":52,"vegan":false,"vegetarian":false,"notFood":false,"drinks":false},{"name":"שניצל פיקנטי בצלחת","price":52,"vegan":false,"vegetarian":false,"notFood":false,"drinks":false},{"name":"שניצל הבית בצלחת","price":52,"vegan":false,"vegetarian":false,"notFood":false,"drinks":false},{"name":"שניצל בתיבול חרדל בצלחת","price":52,"vegan":false,"vegetarian":false,"notFood":false,"drinks":false},{"name":"שניצל בתיבול ביסלי בצלחת","price":52,"vegan":false,"vegetarian":false,"notFood":false,"drinks":false},{"name":"שניצל פרגיות בצלחת","price":52,"vegan":false,"vegetarian":false,"notFood":false,"drinks":false},{"name":"שניצל פרגיות בצלחת","price":52,"vegan":false,"vegetarian":false,"notFood":false,"drinks":false},{"name":"קבב בצלחת","price":52,"vegan":false,"vegetarian":false,"notFood":false,"drinks":false},{"name":"פרגיות בצלחת","price":52,"vegan":false,"vegetarian":false,"notFood":false,"drinks":false},{"name":"נקניקיות מרגז בצלחת","price":52,"vegan":true,"vegetarian":true,"notFood":false,"drinks":false},{"name":"מעורב בצלחת","price":52,"vegan":true,"vegetarian":true,"notFood":false,"drinks":false},{"name":"מוקפץ בצלחת","price":52,"vegan":true,"vegetarian":true,"notFood":false,"drinks":false},{"name":"חזה עוף בצלחת","price":52,"vegan":false,"vegetarian":false,"notFood":false,"drinks":false},{"name":"קוקה קולה","price":9,"vegan":true,"vegetarian":true,"notFood":false,"drinks":true},{"name":"קוקה קולה דיאט","price":9,"vegan":true,"vegetarian":true,"notFood":false,"drinks":true},{"name":"קוקה קולה זירו","price":9,"vegan":true,"vegetarian":true,"notFood":false,"drinks":true},{"name":"ספרייט","price":9,"vegan":true,"vegetarian":true,"notFood":false,"drinks":true},{"name":"דיאט ספרייט","price":9,"vegan":true,"vegetarian":true,"notFood":false,"drinks":true},{"name":"פאנטה אורנג'","price":9,"vegan":true,"vegetarian":true,"notFood":false,"drinks":false},{"name":"מים בטעמים","price":9,"vegan":true,"vegetarian":true,"notFood":false,"drinks":false},{"name":"נסטי בטעמים","price":9,"vegan":true,"vegetarian":true,"notFood":false,"drinks":true},{"name":"תפוזים","price":9,"vegan":true,"vegetarian":true,"notFood":false,"drinks":false},{"name":"לימונדה","price":9,"vegan":true,"vegetarian":true,"notFood":false,"drinks":false},{"name":"אשכוליות","price":9,"vegan":true,"vegetarian":true,"notFood":false,"drinks":false},{"name":"ענבים","price":9,"vegan":true,"vegetarian":true,"notFood":false,"drinks":true}]}