{"track_id":"19561","filters":["humus"],"image":"https://tenbis-static.azureedge.net/restaurant-default-card-image/CuzineType_hummus_04.jpg","address":"כצנלסון, 65 גבעתיים","location":[34.808406,32.07542950000001],"name":"חומוס גבעתיים סניף כצנלסון","city":"גבעתיים","priceAverage":24.623762376237625,"menu":[{"name":"שניצל עוף","description":"נתחי חזה עוף טריים בציפוי קמח מצה","price":50,"vegan":false,"vegetarian":false,"notFood":false,"drinks":false},{"name":"חזה עוף","description":"על הגריל בתיבול הבית","price":50,"vegan":false,"vegetarian":false,"notFood":false,"drinks":false},{"name":"סטייק פרגית","description":"על הגריל בתיבול הבית","price":52,"vegan":false,"vegetarian":false,"notFood":false,"drinks":false},{"name":"מוקפץ הבית","description":"חזה עוף חתוך לקוביות עם בצל ופטריות בתיבול הבית","price":52,"vegan":false,"vegetarian":false,"notFood":false,"drinks":false},{"name":"שקשוקה הבית","description":"שקשוקה ברוטב הבית, מוגש עם שתי ביצים ופיתות","price":37,"vegan":false,"vegetarian":true,"notFood":false,"drinks":false},{"name":"ציפס הבית גדול","price":24,"vegan":true,"vegetarian":true,"notFood":false,"drinks":false},{"name":"סמבוסק חומוס","price":6,"vegan":true,"vegetarian":true,"notFood":false,"drinks":false},{"name":"פלאפל הבית קטן","description":"ארבע כדורים","price":6,"vegan":true,"vegetarian":true,"notFood":false,"drinks":false},{"name":"פלאפל הבית 7 כדורים","description":"שבעה כדורים","price":14,"vegan":true,"vegetarian":true,"notFood":false,"drinks":false},{"name":"פלאפל הבית 20 כדורים","description":"עשרים כדורים","price":30,"vegan":true,"vegetarian":true,"notFood":false,"drinks":false},{"name":"ציפס הבית קטן","price":13,"vegan":true,"vegetarian":true,"notFood":false,"drinks":false},{"name":"כרוב ממולא","price":5,"vegan":true,"vegetarian":true,"notFood":false,"drinks":false},{"name":"סלט עגבניות","description":"עגבניות, פלפל חריף, שום לימון וכוסברה\n","price":33,"vegan":true,"vegetarian":true,"notFood":false,"drinks":false},{"name":"סלט כל טוב","description":"עגבניות, מלפפונים, בצל, פטרוזליה, ביצה חומה, טחינה וגרגירי חומוס\n\n","price":39,"vegan":false,"vegetarian":true,"notFood":false,"drinks":false},{"name":"סלט ערבי קצוץ","description":"עגבניות, מלפפונים, בצל ופטרוזיליה\n","price":33,"vegan":true,"vegetarian":true,"notFood":false,"drinks":false},{"name":"סלט עוף","description":"עגבניה,מלפפון,בצל,פטרוזיליה,גרגירי חומוס ונתחי עוף","price":45,"vegan":false,"vegetarian":false,"notFood":false,"drinks":false},{"name":"חומוסביח","description":"חומוס,גרגירי חומוס,סלט קצוץ טרי במקום,חציל מטוגן,טחינה,ביצה קשה,עמבה","price":45,"vegan":false,"vegetarian":true,"notFood":false,"drinks":false},{"name":"קומפלט הבית","description":"חומוס, פול, טחינה, וביצה \n","price":32,"vegan":false,"vegetarian":true,"notFood":false,"drinks":false},{"name":"חומוס בשר","description":"חומוס טרי ועליו גרירי חומוס ובשר בקר עם שומן כבש ! מומלץ","price":48,"vegan":false,"vegetarian":false,"notFood":false,"drinks":false},{"name":"חמשוקה","description":"חומוס ועליו שקשוקה טרייה משתי ביצים\n","price":47,"vegan":false,"vegetarian":true,"notFood":false,"drinks":false},{"name":"חומוס שניצל","description":"חומוס,גרגירי חומוס חמים,נתחי שניצל טריים וטחינה ","price":45,"vegan":false,"vegetarian":false,"notFood":false,"drinks":false},{"name":"חומוס פטריות","description":"תבשיל פטריות חמות על בסיס חומוס\n","price":40,"vegan":true,"vegetarian":true,"notFood":false,"drinks":false},{"name":"חומוס טחינה","description":"חומוס קלאסי עם טחינת הבית\n","price":30,"vegan":true,"vegetarian":true,"notFood":false,"drinks":false},{"name":"חומוסלט","description":"חומוס,סלט קצוץ טרי במקום,טחינה,גרגירי חומוס","price":42,"vegan":true,"vegetarian":true,"notFood":false,"drinks":false},{"name":"חומוס גבעתיים","description":"חומוס, טחינה וחגיגת גרגרים\n\n\n","price":30,"vegan":true,"vegetarian":true,"notFood":false,"drinks":false},{"name":"חומוס מסבחה","description":"גרגירי חומוס מבושלים ומתובלים בשום לימון וטחינה על מצע של חומוס\n","price":30,"vegan":true,"vegetarian":true,"notFood":false,"drinks":false},{"name":"חומוס עוף","description":"חומוס,גרגירי חומוס חמים,נתחי עוף טריים וטחינה","price":45,"vegan":false,"vegetarian":false,"notFood":false,"drinks":false},{"name":"חומוס פול","description":"חומוס, פול וטחינה מתובל בשום ולימון\n","price":30,"vegan":true,"vegetarian":true,"notFood":false,"drinks":false},{"name":"חומוס פרגית","description":"חומוס,גרגירי חומוס חמים,נתחי פרגיות טריים וטחינה ","price":48,"vegan":false,"vegetarian":false,"notFood":false,"drinks":false},{"name":"רק חומוס","description":"חומוס קלאסי","price":30,"vegan":true,"vegetarian":true,"notFood":false,"drinks":false},{"name":"חומוס שווארמה צמחונית","description":"חומוס,גרגירי חומוס חמים,שווארמה צמחונית עם בצל מטוגן וטחינה ","price":45,"vegan":false,"vegetarian":false,"notFood":false,"drinks":false},{"name":"משולש הבית","description":"חומוס, פול, מסבחה וטחינה\n","price":30,"vegan":true,"vegetarian":true,"notFood":false,"drinks":false},{"name":"נסטי אפרסק","price":13,"vegan":true,"vegetarian":true,"notFood":false,"drinks":true},{"name":"בקבוק פריגת ענבים 330 מ","price":12,"vegan":true,"vegetarian":true,"notFood":false,"drinks":true},{"name":"בקבוק פריגת ענבים 330 מ\"ל","price":9,"vegan":true,"vegetarian":true,"notFood":false,"drinks":true},{"name":"בקבוק דיאט קולה","price":12,"vegan":true,"vegetarian":true,"notFood":false,"drinks":true},{"name":"בקבוק קולה זירו","price":12,"vegan":true,"vegetarian":true,"notFood":false,"drinks":true},{"name":"בקבוק ספרייט","price":12,"vegan":true,"vegetarian":true,"notFood":false,"drinks":true},{"name":"בקבוק פריגת אשכוליות 330 מ\"ל","price":12,"vegan":true,"vegetarian":true,"notFood":false,"drinks":true},{"name":"בקבוק פריגת תפוזים 330 מ\"ל","price":12,"vegan":true,"vegetarian":true,"notFood":false,"drinks":true},{"name":"מים נביעות בטעם תפוח","price":10,"vegan":true,"vegetarian":true,"notFood":false,"drinks":false},{"name":"בקבוק נביעות בטעם ענבים","price":10,"vegan":true,"vegetarian":true,"notFood":false,"drinks":true},{"name":"בירה טובורג אדום","price":17,"vegan":true,"vegetarian":true,"notFood":false,"drinks":true},{"name":"קרלסברג","price":17,"vegan":true,"vegetarian":true,"notFood":false,"drinks":false},{"name":"בירה שחורה","price":10,"vegan":true,"vegetarian":true,"notFood":false,"drinks":true},{"name":"מים מינרלים","price":8,"vegan":true,"vegetarian":true,"notFood":false,"drinks":false},{"name":"סודה","price":10,"vegan":true,"vegetarian":true,"notFood":false,"drinks":true},{"name":"שום לימון קטן","description":"270 גרם","price":18,"vegan":true,"vegetarian":true,"notFood":false,"drinks":false},{"name":"פול קטן","description":"270 גרם","price":15,"vegan":true,"vegetarian":true,"notFood":false,"drinks":false},{"name":"פול גדול","description":"500 גרם","price":26,"vegan":true,"vegetarian":true,"notFood":false,"drinks":false},{"name":"מגדרה גדול","price":18,"vegan":true,"vegetarian":true,"notFood":false,"drinks":false},{"name":"פיתה בודדת2","price":2,"vegan":true,"vegetarian":true,"notFood":false,"drinks":false},{"name":"סחוג קטן","description":"270 גרם","price":18,"vegan":true,"vegetarian":true,"notFood":false,"drinks":false},{"name":"מטבוחה גדול","description":"500 גרם","price":35,"vegan":true,"vegetarian":true,"notFood":false,"drinks":false},{"name":"טחינה קטן","description":"270 גרם","price":16,"vegan":true,"vegetarian":true,"notFood":false,"drinks":false},{"name":"סלט טורקי גדול 500 גרם","price":34,"vegan":true,"vegetarian":true,"notFood":false,"drinks":false},{"name":"מגדרה קטן","price":10,"vegan":true,"vegetarian":true,"notFood":false,"drinks":false},{"name":"סלסה גדול","price":34,"vegan":true,"vegetarian":true,"notFood":false,"drinks":false},{"name":"קובה פטריות יח'","price":8,"vegan":true,"vegetarian":true,"notFood":false,"drinks":false},{"name":"סמבוסק חומוס יח'","price":5,"vegan":true,"vegetarian":true,"notFood":false,"drinks":false},{"name":"טחינה גדול","description":"500 גרם","price":28,"vegan":true,"vegetarian":true,"notFood":false,"drinks":false},{"name":"חומוס קטן","description":"270 גרם","price":16,"vegan":true,"vegetarian":true,"notFood":false,"drinks":false},{"name":"חומוס גדול","description":"500 גרם","price":28,"vegan":true,"vegetarian":true,"notFood":false,"drinks":false},{"name":"מסבחה קטן","description":"270 גרם","price":17,"vegan":true,"vegetarian":true,"notFood":false,"drinks":false},{"name":"מסבחה גדול","description":"500 גרם","price":28,"vegan":true,"vegetarian":true,"notFood":false,"drinks":false},{"name":"פטריות קטן","description":"270 גרם","price":24,"vegan":true,"vegetarian":true,"notFood":false,"drinks":false},{"name":"פטריות גדול","description":"500 גרם","price":39,"vegan":true,"vegetarian":true,"notFood":false,"drinks":false},{"name":"גרגירי חומוס קטן","description":"270 גרם","price":14,"vegan":true,"vegetarian":true,"notFood":false,"drinks":false},{"name":"גרגירי חומוס גדול","description":"500 גרם","price":24,"vegan":true,"vegetarian":true,"notFood":false,"drinks":false},{"name":"זיתים ירוקים סורים קטן","description":"270 גרם","price":15,"vegan":true,"vegetarian":true,"notFood":false,"drinks":false},{"name":"זיתים ירוקים סורים גדול","description":"500 גרם","price":26,"vegan":true,"vegetarian":true,"notFood":false,"drinks":false},{"name":"מטבוחה קטן","description":"270 גרם","price":20,"vegan":true,"vegetarian":true,"notFood":false,"drinks":false},{"name":"שום לימון גדול","description":"500 גרם","price":39,"vegan":true,"vegetarian":true,"notFood":false,"drinks":false},{"name":"סחוג גדול","description":"500 גרם","price":39,"vegan":true,"vegetarian":true,"notFood":false,"drinks":false},{"name":"רוטב שקשוקה קטן","description":"270 גרם","price":20,"vegan":true,"vegetarian":true,"notFood":false,"drinks":false},{"name":"רוטב שקשוקה גדול","description":"500 גרם","price":39,"vegan":true,"vegetarian":true,"notFood":false,"drinks":false},{"name":"עיסה של פלאפל גדול","description":"500 גרם","price":24,"vegan":true,"vegetarian":true,"notFood":false,"drinks":false},{"name":"סלט פלפלים קלויים קטן","description":"270 גרם","price":19,"vegan":true,"vegetarian":true,"notFood":false,"drinks":false},{"name":"סלט פלפלים קלויים גדול","description":"500 גרם","price":37,"vegan":true,"vegetarian":true,"notFood":false,"drinks":false},{"name":"סלט חצילים בלאדי קטן","description":"270 גרם","price":20,"vegan":true,"vegetarian":true,"notFood":false,"drinks":false},{"name":"סלט חצילים בלאדי גדול","description":"500 גרם","price":38,"vegan":true,"vegetarian":true,"notFood":false,"drinks":false},{"name":"סלט טורקי קטן 270 גרם","price":20,"vegan":true,"vegetarian":true,"notFood":false,"drinks":false},{"name":"סלט סלק קטן","price":17,"vegan":true,"vegetarian":true,"notFood":false,"drinks":false},{"name":"סלט סלק גדול","price":30,"vegan":true,"vegetarian":true,"notFood":false,"drinks":false},{"name":"סלט חצילים רומני קטן","price":20,"vegan":true,"vegetarian":true,"notFood":false,"drinks":false},{"name":"סלט חצילים רומני גדול","price":39,"vegan":true,"vegetarian":true,"notFood":false,"drinks":false},{"name":"סלט חציל על האש טבעי קטן","price":20,"vegan":true,"vegetarian":true,"notFood":false,"drinks":false},{"name":"סלט חציל על האש טבעי גדול","price":39,"vegan":true,"vegetarian":true,"notFood":false,"drinks":false},{"name":"סלט כרוב לבן קטן","price":12,"vegan":true,"vegetarian":true,"notFood":false,"drinks":false},{"name":"סלט כרוב לבן גדול","price":24,"vegan":true,"vegetarian":true,"notFood":false,"drinks":false},{"name":"סלט כרוב אדום קטן","price":12,"vegan":true,"vegetarian":true,"notFood":false,"drinks":false},{"name":"סלט כרוב אדום גדול","price":24,"vegan":true,"vegetarian":true,"notFood":false,"drinks":false},{"name":"סלט טבולה קטן","price":17,"vegan":true,"vegetarian":true,"notFood":false,"drinks":false},{"name":"סלט טבולה גדול","price":30,"vegan":true,"vegetarian":true,"notFood":false,"drinks":false},{"name":"סלסה קטן","price":20,"vegan":true,"vegetarian":true,"notFood":false,"drinks":false},{"name":"אורז קטן","price":12,"vegan":true,"vegetarian":true,"notFood":false,"drinks":false},{"name":"אורז גדול","price":22,"vegan":true,"vegetarian":true,"notFood":false,"drinks":false},{"name":"סחוג ביתי קטן","price":22,"vegan":true,"vegetarian":true,"notFood":false,"drinks":false},{"name":"קובה בשר יח'","price":11,"vegan":false,"vegetarian":false,"notFood":false,"drinks":false},{"name":"עלי כרוב יח'","price":5,"vegan":true,"vegetarian":true,"notFood":false,"drinks":false},{"name":"10 פיתות","description":"10 פיתות טריות ","price":16,"vegan":true,"vegetarian":true,"notFood":false,"drinks":false}]}