{"track_id":"19627","filters":["asianFusion","japaneseSushi","veganFood"],"image":"https://tenbis-static.azureedge.net/restaurant-card-image/ResCard_19627_20220110153221.jpg","address":"המגינים, 58 גן יבנה","location":[34.7043233,31.7949129],"name":"אושי אושי גן יבנה ","city":"גן יבנה","priceAverage":53.450819672131146,"menu":[{"name":"הרכבה צמחוני","description":"4 ירקות לבחירה","price":36,"vegan":true,"vegetarian":true,"notFood":false,"drinks":false},{"name":"הרכבה דג","description":"דג לבחירה ו-3 ירקות לבחירה\n**טונה תוספת 3 ש\"ח","price":39,"vegan":false,"vegetarian":false,"notFood":false,"drinks":false},{"name":"גיוזה בשרי","description":"ארבעה כיסוני בצק יפניים במילוי בשרי ושומשום קלוי מעל","price":34,"vegan":false,"vegetarian":false,"image":"https://d25t2285lxl5rf.cloudfront.net/images/dishes/1705516.jpg","notFood":false,"drinks":false},{"name":"גיוזה צמחוני","description":"ארבעה כיסוני בצק יפני עם ירקות ושומשום קלוי מעל","price":32,"vegan":true,"vegetarian":true,"image":"https://d25t2285lxl5rf.cloudfront.net/images/dishes/1705515.jpg","notFood":false,"drinks":false},{"name":"דים סאם בשרי","description":"2 עוף, 2 בקר\nעם שומשום קלוי מעל","price":34,"vegan":false,"vegetarian":false,"image":"https://d25t2285lxl5rf.cloudfront.net/images/dishes/1705527.jpg","notFood":false,"drinks":false},{"name":"דים סאם צמחוני","description":"2 שיטקי, 1 בטטה, 1 תרד\nעם שומשום קלוי מעל","price":32,"vegan":true,"vegetarian":true,"image":"https://d25t2285lxl5rf.cloudfront.net/images/dishes/1705526.jpg","notFood":false,"drinks":false},{"name":"סלט קניקמה","description":"סורימי דג, אספרגוס, גזר, שערות מלפפון, בייבי וקריספי בטטה","price":37,"vegan":false,"vegetarian":false,"image":"https://d25t2285lxl5rf.cloudfront.net/images/dishes/1705519.jpg","notFood":false,"drinks":false},{"name":"פטריות בטמפורה","description":"פטריות טריות במעטפת טמפורה ופנקו מוגש ברוטב ויניגרייט אסייתי ושומשום קלוי מעל","price":35,"vegan":true,"vegetarian":true,"image":"https://d25t2285lxl5rf.cloudfront.net/images/dishes/1705525.jpg","notFood":false,"drinks":false},{"name":"פיש אנד ציפס","description":"אצבעות סלמון בפנקו לצד פוטטוס עם ספייסי מיונז וצילי מתוק","price":49,"vegan":false,"vegetarian":false,"image":"https://d25t2285lxl5rf.cloudfront.net/images/dishes/1705529.jpg","notFood":false,"drinks":false},{"name":"היאשי אושי","description":"סלט אצות עם אטריות זכוכית, שערות גזר, שערות מלפפון ושומשום קלוי מעל","price":41,"vegan":true,"vegetarian":true,"image":"https://d25t2285lxl5rf.cloudfront.net/images/dishes/1705518.jpg","notFood":false,"drinks":false},{"name":"מרק טום יאם","description":"מרק טום יאם עם עגבניות שרי, פטריות, כוסברה ובצל ירוק","price":31,"vegan":true,"vegetarian":true,"image":"https://d25t2285lxl5rf.cloudfront.net/images/dishes/1705530.jpg","notFood":false,"drinks":false},{"name":"מיסו שירו","description":"מרק מיסו עם טופו, בצל ירוק, אצות ים ופטריות","price":26,"vegan":true,"vegetarian":true,"image":"https://d25t2285lxl5rf.cloudfront.net/images/dishes/1705531.jpg","notFood":false,"drinks":false},{"name":"אגרול צמחוני","description":"שתי יחידות","price":27,"vegan":true,"vegetarian":true,"image":"https://d25t2285lxl5rf.cloudfront.net/images/dishes/1705514.jpg","notFood":false,"drinks":false},{"name":"קימצ'י","description":"חמוצים אסיאתיים ושומשום קלוי מעל","price":22,"vegan":true,"vegetarian":true,"image":"https://d25t2285lxl5rf.cloudfront.net/images/dishes/1705511.jpg","notFood":false,"drinks":false},{"name":"אדממה","description":"עם מלח גס","price":23,"vegan":true,"vegetarian":true,"image":"https://d25t2285lxl5rf.cloudfront.net/images/dishes/1705512.jpg","notFood":false,"drinks":false},{"name":"אורז לבן","description":"עם שומשום קלוי מעל","price":21,"vegan":true,"vegetarian":true,"image":"https://d25t2285lxl5rf.cloudfront.net/images/dishes/1705513.jpg","notFood":false,"drinks":false},{"name":"סלט סנצ'אי","description":"סלט חסות, גזר, כרוב לבן, כרוב אדום, בוטנים וקריספי בטטה בויניגרייט כוסברה וחומץ מירין","price":44,"vegan":true,"vegetarian":true,"image":"https://d25t2285lxl5rf.cloudfront.net/images/dishes/1705522.jpg","notFood":false,"drinks":false},{"name":"סלט אוסקה","description":"קוביות חזה עוף עם אבוקדו, עגבניות שרי, גזר, בצל סגול וירוק, עליי בייבי וקריספי בטטה","price":45,"vegan":false,"vegetarian":false,"image":"https://d25t2285lxl5rf.cloudfront.net/images/dishes/76143fa3-672d-4555-ac97-dec7a8206955.jpg","notFood":false,"drinks":false},{"name":"ספיישל אושי באן טופו","description":"זוג לחמניות שמרים מאודות עם טופו מטוגן בציפוי פאנקו עם רוטב טחינה יפנית וכוסברה. מוגש בליווי חמוצים יפנים ורסק צ'ילי בצד","price":44,"vegan":true,"vegetarian":true,"image":"https://d25t2285lxl5rf.cloudfront.net/images/dishes/1705524.jpg","notFood":false,"drinks":false},{"name":"ספיישל אושי באן סלמון","description":"זוג לחמניות שמרים מאודות עם סלמון מטוגן בציפוי פאנקו עם רוטב טחינה יפנית וכוסברה. מוגש בליווי חמוצים יפנים ורסק צ'ילי בצד.","price":54,"vegan":false,"vegetarian":false,"image":"https://d25t2285lxl5rf.cloudfront.net/images/dishes/1705523.jpg","notFood":false,"drinks":false},{"name":"מיסו נודל סופ","description":"אטריות זכוכית, טמגו, תירס, אספרגוס, צ'ילי ובצל ירוק","price":26,"vegan":true,"vegetarian":true,"image":"https://d25t2285lxl5rf.cloudfront.net/images/dishes/1705532.jpg","notFood":false,"drinks":false},{"name":"ניגירי טמאגו","description":"2 יחידות","price":21,"vegan":false,"vegetarian":true,"image":"https://d25t2285lxl5rf.cloudfront.net/images/dishes/1705540.jpg","notFood":false,"drinks":false},{"name":"ניגירי סלמון","description":"2 יחידות","price":27,"vegan":false,"vegetarian":false,"image":"https://d25t2285lxl5rf.cloudfront.net/images/dishes/1705541.jpg","notFood":false,"drinks":false},{"name":"ניגירי אבוקדו","description":"2 יחידות","price":25,"vegan":true,"vegetarian":true,"image":"https://d25t2285lxl5rf.cloudfront.net/images/dishes/1705542.jpg","notFood":false,"drinks":false},{"name":"ניגירי טונה","description":"2 יחידות","price":28,"vegan":false,"vegetarian":false,"image":"https://d25t2285lxl5rf.cloudfront.net/images/dishes/500870.gif","notFood":false,"drinks":false},{"name":"ניגירי דניס","description":"2 יחידות","price":28,"vegan":false,"vegetarian":false,"image":"https://d25t2285lxl5rf.cloudfront.net/images/dishes/1705544.jpg","notFood":false,"drinks":false},{"name":"סשימי סלמון - 3 יחידות","price":35,"vegan":false,"vegetarian":false,"image":"https://d25t2285lxl5rf.cloudfront.net/images/dishes/1705546.jpg","notFood":false,"drinks":false},{"name":"סשימי סלמון - 5 יחידות","price":41,"vegan":false,"vegetarian":false,"image":"https://d25t2285lxl5rf.cloudfront.net/images/dishes/1705547.jpg","notFood":false,"drinks":false},{"name":"סשימי דניס - 3 יחידות","price":38,"vegan":false,"vegetarian":false,"image":"https://d25t2285lxl5rf.cloudfront.net/images/dishes/1705548.jpg","notFood":false,"drinks":false},{"name":"סשימי דניס - 5 יחידות","price":48,"vegan":false,"vegetarian":false,"image":"https://d25t2285lxl5rf.cloudfront.net/images/dishes/1705549.jpg","notFood":false,"drinks":false},{"name":"סשימי טונה - 3 יחידות","price":38,"vegan":false,"vegetarian":false,"image":"https://d25t2285lxl5rf.cloudfront.net/images/dishes/883c9738-7bac-4c81-97ee-3be3db40bcaa.jpg","notFood":false,"drinks":false},{"name":"סשימי טונה - 5 יחידות","price":48,"vegan":false,"vegetarian":false,"image":"https://d25t2285lxl5rf.cloudfront.net/images/dishes/984aad5b-09ea-4f96-aaba-c0d593e4c5ab.jpg","notFood":false,"drinks":false},{"name":"רוק אנד רול","description":"8 יחידות קריספי סלמון סקין, קרם טופו ומלפפון עם ציפוי בטטה קריספי","price":39,"vegan":false,"vegetarian":false,"image":"https://d25t2285lxl5rf.cloudfront.net/images/dishes/1705587.jpg","notFood":false,"drinks":false},{"name":"מאמא סאן","description":"8 יחידות עם ספייסי טונה אדומה, אבוקדו ומלפפון עם שומשום קלוי מעל","price":37,"vegan":false,"vegetarian":false,"image":"https://d25t2285lxl5rf.cloudfront.net/images/dishes/1705579.jpg","notFood":false,"drinks":false},{"name":"צונאמי","description":"8 יחידות עם סלט טונה במיונז, בצל ירוק, ואבוקדו במעטפת שומשום קלוי","price":38,"vegan":false,"vegetarian":false,"image":"https://d25t2285lxl5rf.cloudfront.net/images/dishes/1705585.jpg","notFood":false,"drinks":false},{"name":"סלמון טמפורה","description":"8 יחידות עם סלמון נא ואבוקדו, בציפוי שבבי טמפורה","price":38,"vegan":false,"vegetarian":false,"image":"https://d25t2285lxl5rf.cloudfront.net/images/dishes/1705583.jpg","notFood":false,"drinks":false},{"name":"ספייסי דניס","description":"8 יחידות עם דניס בתיבול ספייסי, אבוקדו ומלפפון עם שומשום קלוי מעל","price":39,"vegan":false,"vegetarian":false,"image":"https://d25t2285lxl5rf.cloudfront.net/images/dishes/1705582.jpg","notFood":false,"drinks":false},{"name":"פאפא סאן","description":"8 יחידות עם ספייסי סלמון, אבוקדו ומלפפון עם שומשום קלוי מעל","price":35,"vegan":false,"vegetarian":false,"image":"https://d25t2285lxl5rf.cloudfront.net/images/dishes/1705580.jpg","notFood":false,"drinks":false},{"name":"יסאהי רול","description":"8 יחידות עם אספרגוס, אבוקדו, מלפפון וגזר עם שומשום קלוי מעל","price":32,"vegan":true,"vegetarian":true,"image":"https://d25t2285lxl5rf.cloudfront.net/images/dishes/1705581.jpg","notFood":false,"drinks":false},{"name":"דיינמייט","description":"8 יחידות עם סלמון אפוי בטריאקי ומלפפון, בציפוי אבוקדו","price":39,"vegan":false,"vegetarian":false,"image":"https://d25t2285lxl5rf.cloudfront.net/images/dishes/1705586.jpg","notFood":false,"drinks":false},{"name":"טמגוצ'י","description":"8 יחידות עם טמאגו, קרם טופו, אבוקדו ומלפפון. בציפוי שומשום קלוי","price":37,"vegan":false,"vegetarian":true,"image":"https://d25t2285lxl5rf.cloudfront.net/images/dishes/1705584.jpg","notFood":false,"drinks":false},{"name":"פילדלפיה","description":"8 יחידות עם קרם טופו, אבוקדו, מלפפון ובצל ירוק, בציפוי סלמון מעושן ועירית","price":39,"vegan":false,"vegetarian":false,"image":"https://d25t2285lxl5rf.cloudfront.net/images/dishes/cdcab39f-898f-448e-bd15-4dec10de0203.jpg","notFood":false,"drinks":false},{"name":"קוקו טונה","description":"אבוקדו, אספרגוס ושיטאקי במעטפת טונה עם ציפס קוקוס ורוטב כוסברה","price":52,"vegan":false,"vegetarian":false,"image":"https://d25t2285lxl5rf.cloudfront.net/images/dishes/729116a9-12bd-49af-b469-7524240de894.jpg","notFood":false,"drinks":false},{"name":"קימוסאבי רול","description":"דניס מטוגן, אבוקדו, בטטה, קנפיו ובצל ירוק בציפוי\r\nסלמון צרוב, ספייסי מיונז וצילי חריף\r\n","price":52,"vegan":false,"vegetarian":false,"image":"https://d25t2285lxl5rf.cloudfront.net/images/dishes/1730131.jpg","notFood":false,"drinks":false},{"name":"ריו רול","description":"סלמון אפוי בטריאקי, קנפיו מלפפון טמגו בציפוי עירית עם תערובת אבוקדו, צ'ילי, בצל ירוק ולימון","price":51,"vegan":false,"vegetarian":false,"image":"https://d25t2285lxl5rf.cloudfront.net/images/dishes/1705601.jpg","notFood":false,"drinks":false},{"name":"מיסטר מיאגי","description":"סלמון מטוגן,מלפפון ובצל מטוגן בציפוי אבוקדו, בטטה, טמפורה, קריספי בטטה,עירית,בוטנים,טריאקי ורוטב כוסברה","price":53,"vegan":false,"vegetarian":false,"image":"https://d25t2285lxl5rf.cloudfront.net/images/dishes/2076158.jpg","notFood":false,"drinks":false},{"name":"וג'י סנסט","description":"בטטה, טמגו, מלפפון וקנפיו בציפוי אבוקדו עם שבבי בטטה, טמפורה, עירית, שומשום עם ספייסי מיונז וטריאקי מעל","price":47,"vegan":false,"vegetarian":true,"image":"https://d25t2285lxl5rf.cloudfront.net/images/dishes/1705606.jpg","notFood":false,"drinks":false},{"name":"סלמון איקורה","description":"8 יחידות עם סלמון נא, אבוקדו ומלפפון, בציפוי אבוקדו ואיקורה מעל","price":47,"vegan":false,"vegetarian":false,"image":"https://d25t2285lxl5rf.cloudfront.net/images/dishes/1705590.jpg","notFood":false,"drinks":false},{"name":"פנקירול","description":"8 יחידות עם טמאגו, קנפיו, אבוקדו ומלפפון במעטפת בטטה","price":39,"vegan":false,"vegetarian":true,"image":"https://d25t2285lxl5rf.cloudfront.net/images/dishes/1705589.jpg","notFood":false,"drinks":false},{"name":"קליפורניה","description":"8 יחידות עם סורימי דג, סלמון נא, אבוקדו, בצל ירוק וקרם ווסאבי, עם ציפוי טוביקו צמחי כתום","price":47,"vegan":false,"vegetarian":false,"image":"https://d25t2285lxl5rf.cloudfront.net/images/dishes/1705594.jpg","notFood":false,"drinks":false},{"name":"קנדי רול","description":"פאקן מסוכר,אבוקדו בטטה וקנפיו במעטפת טמגו וטריאקי","price":39,"vegan":true,"vegetarian":true,"image":"https://d25t2285lxl5rf.cloudfront.net/images/dishes/1705603.jpg","notFood":false,"drinks":false},{"name":"ראסטי","description":"8 יחידות עם סלמון אפוי בטריאקי, טמגו, קנפיו, אבוקדו ומלפפון, במעטפת בטטה קריספי","price":42,"vegan":false,"vegetarian":false,"image":"https://d25t2285lxl5rf.cloudfront.net/images/dishes/1705596.jpg","notFood":false,"drinks":false},{"name":"רד דרגון","description":"8 יחידות עם טמגו, אבוקדו, מלפפון ובצל ירוק, בציפוי סלמון צרוב, עירית, שומשום וצ'ילי חריף","price":51,"vegan":false,"vegetarian":false,"image":"https://d25t2285lxl5rf.cloudfront.net/images/dishes/1705607.jpg","notFood":false,"drinks":false},{"name":"שאגי רול","description":"סלמון, מלפפון, בצל ירוק ונענע בציפוי טונה, אבוקדו צילי אדום ורוטב אסייתי","price":51,"vegan":false,"vegetarian":false,"image":"https://d25t2285lxl5rf.cloudfront.net/images/dishes/437e848a-6241-4579-8e05-448d5c986b74.jpg","notFood":false,"drinks":false},{"name":"אלסקה","description":"8 יחידות עם סלמון נא, קרם טופו, אבוקדו, טמפורה, בציפוי סורימי דג וקרם ווסאבי","price":46,"vegan":false,"vegetarian":false,"image":"https://d25t2285lxl5rf.cloudfront.net/images/dishes/1705591.jpg","notFood":false,"drinks":false},{"name":"שאוקן","description":"טונה אדומה, סלמון, טמגו, ואבוקדו במעטפת טונה אדומה צרובה, טוביקו כתום צמחי וקרם וואסבי","price":55,"vegan":false,"vegetarian":false,"image":"https://d25t2285lxl5rf.cloudfront.net/images/dishes/1705600.jpg","notFood":false,"drinks":false},{"name":"צ'אקי","description":"8 יחידות עם ספייסי דניס, אבוקדו ומלפפון, עטוף בדניס צרוב עם טוביקו צמחי וצ'ילי טרי מעל","price":54,"vegan":false,"vegetarian":false,"image":"https://d25t2285lxl5rf.cloudfront.net/images/dishes/1705604.jpg","notFood":false,"drinks":false},{"name":"צ'רליז אנג'לס","description":"8 יחידות עם ספייסי טונה אדומה, מלפפון ואבוקדו, בציפוי סלמון, טונה ודניס","price":51,"vegan":false,"vegetarian":false,"image":"https://d25t2285lxl5rf.cloudfront.net/images/dishes/21e02f0d-0b18-41b4-a43f-2fe576662395.jpg","notFood":false,"drinks":false},{"name":"שוגון","description":"8 יחידות עם טונה, דניס, סלמון ואבוקדו במעטפת עירית","price":49,"vegan":false,"vegetarian":false,"image":"https://d25t2285lxl5rf.cloudfront.net/images/dishes/1705592.jpg","notFood":false,"drinks":false},{"name":"סאנסט","description":"8 יחידות עם ספייסי סלמון, אבוקדו ובטטה, בציפוי סלמון צרוב, שבבי בטטה, טמפורה, עירית ושומשום עם ספייסי מיונז וטריאקי מעל","price":53,"vegan":false,"vegetarian":false,"image":"https://d25t2285lxl5rf.cloudfront.net/images/dishes/1705599.jpg","notFood":false,"drinks":false},{"name":"וולקנו רול","description":"אבוקדו ומלפפון בציפוי עירית עם תערובת סלמון, גמבה אדומה, צ'ילי, לימון, בצל ירוק ושומשום","price":52,"vegan":false,"vegetarian":false,"image":"https://d25t2285lxl5rf.cloudfront.net/images/dishes/1705605.jpg","notFood":false,"drinks":false},{"name":"ריינבואו","description":"8 יחידות עם סורימי דג, אבוקדו ומלפפון, עטוף בטונה, סלמון, דניס, בטטה ואבוקדו","price":51,"vegan":false,"vegetarian":false,"image":"https://d25t2285lxl5rf.cloudfront.net/images/dishes/dcb40b92-062a-4b28-a89f-6c3e1e62d022.jpg","notFood":false,"drinks":false},{"name":"אושי קאנאפי","description":"8 יחידות עם אספרגוס, אבוקדו ומלפפון בציפוי שומשום קלוי עם תערובת ספייסי סלמון ואיקורה מעל","price":52,"vegan":false,"vegetarian":false,"image":"https://d25t2285lxl5rf.cloudfront.net/images/dishes/1705608.jpg","notFood":false,"drinks":false},{"name":"טמאגו ואבוקדו","description":"4 יחידות","price":37,"vegan":false,"vegetarian":true,"image":"https://d25t2285lxl5rf.cloudfront.net/images/dishes/1705614.jpg","notFood":false,"drinks":false},{"name":"סנדוויץ' אבוקדו","description":"4 יחידות","price":36,"vegan":true,"vegetarian":true,"image":"https://d25t2285lxl5rf.cloudfront.net/images/dishes/bada057d-1e50-42f3-abd6-51ad8c03c18b.jpg","notFood":false,"drinks":false},{"name":"ספייסי טונה ואבוקדו","description":"4 יחידות","price":41,"vegan":false,"vegetarian":false,"image":"https://d25t2285lxl5rf.cloudfront.net/images/dishes/1705613.jpg","notFood":false,"drinks":false},{"name":"ספייסי סלמון ואבוקדו","description":"4 יחידות","price":40,"vegan":false,"vegetarian":false,"image":"https://d25t2285lxl5rf.cloudfront.net/images/dishes/1705612.jpg","notFood":false,"drinks":false},{"name":"סלמון גריל ואבוקדו","description":"4 יחידות","price":39,"vegan":false,"vegetarian":false,"image":"https://d25t2285lxl5rf.cloudfront.net/images/dishes/1705616.jpg","notFood":false,"drinks":false},{"name":"טונה גריל ואבוקדו","description":"4 יחידות סלט טונה במיונז בצל ירוק ואבוקדו","price":39,"vegan":false,"vegetarian":false,"image":"https://d25t2285lxl5rf.cloudfront.net/images/dishes/1705615.jpg","notFood":false,"drinks":false},{"name":"מאקי ירק","price":24,"vegan":true,"vegetarian":true,"image":"https://d25t2285lxl5rf.cloudfront.net/images/dishes/8e0b6008-a807-442b-a991-ed15598c5195.jpg","notFood":false,"drinks":false},{"name":"מאקי דג","price":29,"vegan":false,"vegetarian":false,"image":"https://d25t2285lxl5rf.cloudfront.net/images/dishes/38c3b59e-5e82-4a5f-9304-c56c2d4301a2.jpg","notFood":false,"drinks":false},{"name":"בונזאי","description":"רול רחב 4 יחידות עם טמגו, קנפיו, אבוקדו, גזר ומלפפון","price":31,"vegan":true,"vegetarian":true,"image":"https://d25t2285lxl5rf.cloudfront.net/images/dishes/1705573.jpg","notFood":false,"drinks":false},{"name":"סאקורה","description":"רול רחב 4 יחידות עם סלמון מעושן, טמאגו, אבוקדו, מלפפון וקרם טופו","price":42,"vegan":false,"vegetarian":false,"image":"https://d25t2285lxl5rf.cloudfront.net/images/dishes/1705574.jpg","notFood":false,"drinks":false},{"name":"יאקוזה","description":"רול רחב 4 יחידות עם דניס, טוביקו צמחי כתום, אבוקדו, מלפפון ובצל ירוק","price":37,"vegan":false,"vegetarian":false,"image":"https://d25t2285lxl5rf.cloudfront.net/images/dishes/1705572.jpg","notFood":false,"drinks":false},{"name":"טאקה טמאקי","description":"טונה, אבוקדו ומלפפון","price":28,"vegan":false,"vegetarian":false,"image":"https://d25t2285lxl5rf.cloudfront.net/images/dishes/1705618.jpg","notFood":false,"drinks":false},{"name":"סאקה טמאקי","description":"סלמון, אבוקדו ומלפפון","price":27,"vegan":false,"vegetarian":false,"image":"https://d25t2285lxl5rf.cloudfront.net/images/dishes/1705617.jpg","notFood":false,"drinks":false},{"name":"סקאמורי טמאקי","description":"סלמון, סלמון סקין, מלפפון, אבוקדו ובצל ירוק","price":30,"vegan":false,"vegetarian":false,"image":"https://d25t2285lxl5rf.cloudfront.net/images/dishes/1705621.jpg","notFood":false,"drinks":false},{"name":"שוגון טמאקי","description":"טונה, דניס, סלמון עם אבוקדו, מלפפון ובצל ירוק","price":33,"vegan":false,"vegetarian":false,"image":"https://d25t2285lxl5rf.cloudfront.net/images/dishes/1705620.jpg","notFood":false,"drinks":false},{"name":"יסאהי טמאקי","description":"אספרגוס, אבוקדו, גזר ומלפפון","price":26,"vegan":true,"vegetarian":true,"image":"https://d25t2285lxl5rf.cloudfront.net/images/dishes/1705619.jpg","notFood":false,"drinks":false},{"name":"דזרט רול","description":"אינסיידאאוט עם טופו, בטטה, קנפיו, אבוקדו בציפוי טמפורה ופנקו","price":39,"vegan":true,"vegetarian":true,"image":"https://d25t2285lxl5rf.cloudfront.net/images/dishes/1705622.jpg","notFood":false,"drinks":false},{"name":"פקאנקו רול","description":"רול מטוגן במילוי קרם טופו, פקאן מסוכר, אבוקדו וטמגו","price":39,"vegan":true,"vegetarian":true,"image":"https://d25t2285lxl5rf.cloudfront.net/images/dishes/1705626.jpg","notFood":false,"drinks":false},{"name":"רולס רויס","description":"4 יח' פוטומאקי מטוגן במילוי סלמון, טונה, דניס, גזר, אבוקדו, בצל ירוק וטמגו בציפוי טמפורה","price":42,"vegan":false,"vegetarian":false,"image":"https://d25t2285lxl5rf.cloudfront.net/images/dishes/1705629.jpg","notFood":false,"drinks":false},{"name":"הוט סלמון","description":"רול מטוגן במילוי סלמון, בטטה, אבוקדו ובצל ירוק בציפוי טמפורה ופנקו","price":42,"vegan":false,"vegetarian":false,"image":"https://d25t2285lxl5rf.cloudfront.net/images/dishes/804d1b86-4061-476b-a0ff-45e79fac78f1.jpg","notFood":false,"drinks":false},{"name":"הוט צ'יקן","description":"רול מטוגן במילוי עוף, אבוקדו ובטטה בציפוי טמפורה ופנקו","price":42,"vegan":false,"vegetarian":false,"image":"https://d25t2285lxl5rf.cloudfront.net/images/dishes/1705627.jpg","notFood":false,"drinks":false},{"name":"וינסנט ספיישל","description":"רול מטוגן במילוי סלמון נא, אבוקדו, סלמון, בצל ירוק, שומשום קלוי וקרם טופו בציפוי טמפורה ופנקו","price":42,"vegan":false,"vegetarian":false,"image":"https://d25t2285lxl5rf.cloudfront.net/images/dishes/1705624.jpg","notFood":false,"drinks":false},{"name":"ליו רול","description":"רול מטוגן עם סלמון אפוי, קנפיו,\r\nבטטה ואבוקדו בציפוי טמפורה ופנקו","price":42,"vegan":false,"vegetarian":false,"image":"https://d25t2285lxl5rf.cloudfront.net/images/dishes/1705623.jpg","notFood":false,"drinks":false},{"name":"טייגר סנדוויץ’","description":"סושי סנדוויץ’ במילוי ספייסי טונה,\r\nאבוקדו, בצל ירוק וקנפיו עם ציפוי טמפורה ופנקו","price":42,"vegan":false,"vegetarian":false,"image":"https://d25t2285lxl5rf.cloudfront.net/images/dishes/1705628.jpg","notFood":false,"drinks":false},{"name":"יפן","description":"8 יחידות רוק אנד רול, 2 יחידות ניגירי טונה, 2 יחידות ניגירי סלמון, 3 יחידות סשימי טונה, 3 יחידות סשימי דניס","price":127,"vegan":false,"vegetarian":false,"image":"https://d25t2285lxl5rf.cloudfront.net/images/dishes/1705651.jpg","notFood":false,"drinks":false},{"name":"קומבינציית סלמון","description":"8 יח' ראסטי רול\n8 יח' פאפא סאן\n8 יח' סלמון טמפורה\n8 יח' רד דרגון\n4 יח' סנדוויץ סלמון ואבוקדו","price":185,"vegan":false,"vegetarian":false,"image":"https://d25t2285lxl5rf.cloudfront.net/images/dishes/1705654.jpg","notFood":false,"drinks":false},{"name":"צמחונית","description":"4 יח' מאקי בטטה\n4 יח' מאקי טמגו\n8 יח' טמגוצ'י","price":49,"vegan":true,"vegetarian":true,"image":"https://d25t2285lxl5rf.cloudfront.net/images/dishes/1705655.jpg","notFood":false,"drinks":false},{"name":"וג'י קומבו","description":"8 יחידות פנקירול, 4 יחידות סנדויץ טמגו ואבוקדו, 4 יחידות מאקי מלפפון, 4 יחידות מאקי גזר","price":81,"vegan":true,"vegetarian":true,"image":"https://d25t2285lxl5rf.cloudfront.net/images/dishes/fa385258-8a51-441e-8674-a5a2c46d8f81.jpg","notFood":false,"drinks":false},{"name":"הפי פמילי","description":"8 יחידות מאמא סאן, 8 יחידות פאפא סאן, יחידה אחת ניגירי סלמון, יחידה אחת ניגירי טונה","price":83,"vegan":false,"vegetarian":false,"image":"https://d25t2285lxl5rf.cloudfront.net/images/dishes/1705649.jpg","notFood":false,"drinks":false},{"name":"אוקינאווה","description":"8 יחידות יסאהי רול, 8 יחידות דיינמייט, 4 יחידות סנדוויץ' ספייסי סלמון, 8 יחידות בטטה מאקי","price":105,"vegan":false,"vegetarian":false,"image":"https://d25t2285lxl5rf.cloudfront.net/images/dishes/1705648.jpg","notFood":false,"drinks":false},{"name":"קריספי","description":"8 יחידות ליו רול, 8 יחידות צונאמי, 4 יחידות סנדוויץ סלמון גריל, 8 יחידות טאמגוצ'י","price":125,"vegan":false,"vegetarian":false,"image":"https://d25t2285lxl5rf.cloudfront.net/images/dishes/1705650.jpg","notFood":false,"drinks":false},{"name":"ספיישל","description":"8 יחידות פנקי רול, 8 יחידות רד דרגון, 8 יחידות סלמון טמפורה 4 יח' סנדויץ סלמון גריל, 8 יחידות צונמי ","price":187,"vegan":false,"vegetarian":false,"image":"https://d25t2285lxl5rf.cloudfront.net/images/dishes/1705652.jpg","notFood":false,"drinks":false},{"name":"קומבינציית פרימיום","description":"8 יח׳ סנסט, 8 יח׳ קוקו טונה, 8 יח׳ ריינבאו, 8 יח׳ רד דרגון, 8 יח׳ קנדי רול, 8 יח׳ ראסטי, 8 יח׳ שוגון. מגיע בקופסת פרימיום מהודרת","price":295,"vegan":false,"vegetarian":false,"notFood":false,"drinks":false},{"name":"קומבו גרנדה","description":"8 יחידות צונמי 8 יחידות יסאהי 8 יחידות סלמון טמפורה 8 יחידות מאמא סאן בציפוי עירית 8 יחידות פאפא סאן בציפוי בטטה 8 יחידות דינמייט 8 יחידות צרליז איינגלס 8 יחידות פנקירול בציפוי אבוקדו 8 יחידות מאקי טונה 8 יחידות מאקי אבוקדו 8 יחידות מאקי סלמון 8 יחידות פנקירול 4 יחידות סנדוויץ ספייסי סלמון 2 יחידות ניגירי סלמון 2 יחידות ניגירי טונה 2 יחידות ניגירי אבוקדו","price":399,"vegan":false,"vegetarian":false,"image":"https://d25t2285lxl5rf.cloudfront.net/images/dishes/505097.gif","notFood":false,"drinks":false},{"name":"קומבו פרנדלי","description":"8 יחידות צונמי\n8 יחידות יסאהי\n8 יחידות פנקירול\n16 יחידות דיינמייט\n8 יחידות סלמון טמפורה\n8 יחידות מאמא סאן בציפוי עירית\n8 יחידות פאפא סאן בציפוי קריספי בטטה\n8 יחידות מאמא סאן בציפוי בטטה\n8 יחידות סלמון טמפורה בציפוי קריספי בטטה\n8 יחידות מאקי סלמון\n8 יחידות מאקי אבוקדו\n","price":335,"vegan":false,"vegetarian":false,"image":"https://d25t2285lxl5rf.cloudfront.net/images/dishes/505098.gif","notFood":false,"drinks":false},{"name":"combo vip","description":"16 יח' רד דרגון\n8 יח' פנקירול\n16 יח' ראסטי רול\n8 יח' שוגון\n8 יח' פילדלפיה\n8 יח' וג'י סנסט\n8 יח' רוק אנד רול\n8 יח' דיינמייט\n8 יח' צונאמי\n16 יח' סלמון טמפורה\n8 יח' קנדי רול\n8 יח' ריינבואו","price":499,"vegan":false,"vegetarian":false,"image":"https://d25t2285lxl5rf.cloudfront.net/images/dishes/1705662.jpg","notFood":false,"drinks":false},{"name":"וג'טבל נודלס","description":"אטריות ביצים, ביצה, גזר, תירס, נבטים, פלפל, כרוב ופטריות מוקפצים עם סויה","price":47,"vegan":false,"vegetarian":true,"image":"https://d25t2285lxl5rf.cloudfront.net/images/dishes/f0fe1d61-d536-466f-94fd-ec2d904b4eaf.jpg","notFood":false,"drinks":false},{"name":"פאד תאי אושי","description":"אטריות אורז, עוף, ביצה, גזר, כרוב, נבטים, בצל ירוק ובוטנים. מוגש עם לימון בצד\n\n* ניתן להחליף את העוף במנה בטופו ללא עלות נוספת","price":62,"vegan":false,"vegetarian":false,"image":"https://d25t2285lxl5rf.cloudfront.net/images/dishes/a9ef4d68-4e2d-4c51-9a20-8a755e62c354.jpg","notFood":false,"drinks":false},{"name":"צ'ילי פפר נודלס","description":"אטריות ביצים, בצל ירוק וסגול, תירס, נבטים, גזר, פלפל צהוב, אדום וירוק עם עוף ","price":61,"vegan":false,"vegetarian":false,"image":"https://d25t2285lxl5rf.cloudfront.net/images/dishes/db03ae6f-3eba-48c2-a174-89d8849b8f42.jpg","notFood":false,"drinks":false},{"name":"שיטאקי נודלס","description":"אטריות ביצים, עוף, פטריות שמפניון, פטריות שיטאקי, בצל ירוק וברוקולי ברוטב סויה, כרוב לבן, שום ג'ינג'ר ושמן שומשום","price":59,"vegan":false,"vegetarian":false,"image":"https://d25t2285lxl5rf.cloudfront.net/images/dishes/0ed61ea7-3ac2-4d77-8417-2d20dc6a10e9.jpg","notFood":false,"drinks":false},{"name":"פרייד רייס צ'יקן","description":"אורז תאילנדי מוקפץ עם נתחי חזה עוף, ביצה, גזר, אפונה ותירס","price":47,"vegan":false,"vegetarian":false,"image":"https://d25t2285lxl5rf.cloudfront.net/images/dishes/50a71aed-9229-49cf-bb0f-74a620fc6ade.jpg","notFood":false,"drinks":false},{"name":"קארי ווק","description":"אטריות ביצים, ברוקולי, בצל, כרוב ונתחי חזה עוף ברוטב קארי וחלב קוקוס (מנה חריפה)","price":61,"vegan":false,"vegetarian":false,"image":"https://d25t2285lxl5rf.cloudfront.net/images/dishes/f18e1668-e9f9-4718-a466-8305a1749896.jpg","notFood":false,"drinks":false},{"name":"אושי ווק","description":"קוביות סלמון במעטפת טמפורה, מוקפצות עם אטריות אורז, פלפלים, גזר, בצל ירוק ופטריות","price":63,"vegan":false,"vegetarian":false,"notFood":false,"drinks":false},{"name":"אושי רייס קארי","description":"אורז, עוף, בצל, פטריות, ברוקולי, גמבה אדומה ופלפל חריף ברוטב קרם קוקס וקארי אדום","price":58,"vegan":false,"vegetarian":false,"notFood":false,"drinks":false},{"name":"פרייד רייס ספיישל","description":"אורז תאילנדי מוקפץ עם נתחי חזה עוף, אפונה, בצל ירוק פטריות כרוב וצילי מתוק","price":55,"vegan":false,"vegetarian":false,"notFood":false,"drinks":false},{"name":"ספייסי מיונז","vegan":false,"vegetarian":true,"notFood":false,"drinks":false},{"name":"טריאקי","vegan":true,"vegetarian":true,"notFood":false,"drinks":false},{"name":"סויה","vegan":true,"vegetarian":true,"notFood":false,"drinks":false},{"name":"ג'ינגר","vegan":true,"vegetarian":true,"notFood":false,"drinks":false},{"name":"וואסבי","vegan":true,"vegetarian":true,"notFood":false,"drinks":false},{"name":"מים מינרלים","price":10,"vegan":true,"vegetarian":true,"notFood":false,"drinks":false},{"name":"סודה","price":11,"vegan":true,"vegetarian":true,"notFood":false,"drinks":true},{"name":"קוקה קולה","price":11,"vegan":true,"vegetarian":true,"notFood":false,"drinks":true},{"name":"קוקה קולה זירו\n","price":11,"vegan":true,"vegetarian":true,"notFood":false,"drinks":true},{"name":"ספרייט","price":11,"vegan":true,"vegetarian":true,"notFood":false,"drinks":true},{"name":"דיאט ספרייט","price":11,"vegan":true,"vegetarian":true,"notFood":false,"drinks":true},{"name":"פאנטה","price":11,"vegan":true,"vegetarian":true,"notFood":false,"drinks":false},{"name":"פיוזטי\n","price":11,"vegan":true,"vegetarian":true,"notFood":false,"drinks":false},{"name":"אשכוליות","price":11,"vegan":true,"vegetarian":true,"notFood":false,"drinks":false},{"name":"פריגת לימונענע","price":11,"vegan":true,"vegetarian":true,"notFood":false,"drinks":false},{"name":"ענבים","price":11,"vegan":true,"vegetarian":true,"notFood":false,"drinks":true},{"name":"תפוזים","price":11,"vegan":true,"vegetarian":true,"notFood":false,"drinks":false},{"name":"מים בטעם ענבים","price":11,"vegan":true,"vegetarian":true,"notFood":false,"drinks":true},{"name":"מים בטעם תפוח","price":11,"vegan":true,"vegetarian":true,"notFood":false,"drinks":false}]}