{"track_id":"19631","filters":["meatGrill","sandwichesWraps","bar"],"image":"https://tenbis-static.azureedge.net/restaurant-card-image/ResCard_19631_20220214181751.jpg","address":"ראול ולנברג, 20 תל אביב-יפו","location":[34.8376485,32.1100501],"name":"ג'מס ","city":"בני ברק","priceAverage":42.55,"menu":[{"name":"קריספי צ'יקן","description":"חזה עוף בבצק בירה עם איולי צ׳יפוטלה, עגבניה, מלפפון חמוץ ותערובת עלים ירוקים. מוגש בלחמניית חלה טרייה.","price":64,"vegan":false,"vegetarian":false,"image":"https://d25t2285lxl5rf.cloudfront.net/images/dishes/d4cc1a4b-1561-4a39-9454-929ae5da136c.jpg","notFood":false,"drinks":true},{"name":"שעועית ירוקה","description":"","price":38,"vegan":true,"vegetarian":true,"image":"https://d25t2285lxl5rf.cloudfront.net/images/dishes/2becd630-95d4-45b8-a056-29c435d21585.jpg","notFood":false,"drinks":false},{"name":"כנפיים","description":"ברוטב צ׳ילי תפוז","price":38,"vegan":false,"vegetarian":false,"image":"https://d25t2285lxl5rf.cloudfront.net/images/dishes/b73ec8f2-c607-471f-b7b0-53eb2565fe28.jpg","notFood":false,"drinks":false},{"name":"פוטטוס","description":" תפוחי אדמה מתובלים","price":38,"vegan":true,"vegetarian":true,"image":"https://d25t2285lxl5rf.cloudfront.net/images/dishes/33ab60fa-f62e-4cbd-9010-400821bed3f3.jpg","notFood":false,"drinks":false},{"name":"צ'יפס","description":"","price":38,"vegan":true,"vegetarian":true,"image":"https://d25t2285lxl5rf.cloudfront.net/images/dishes/e47d5066-2095-4416-9080-d94520f8b105.jpg","notFood":false,"drinks":false},{"name":"סלופי ג׳מס","description":"בשר בקר בבישול ארוך, ברוטב אסייתי מתקתק, בזיליקום, כוסברה, בצל סגול ומיונז. מוגש בלחמניית חלה טרייה.","price":66,"vegan":false,"vegetarian":false,"image":"https://d25t2285lxl5rf.cloudfront.net/images/dishes/2a10214f-d0da-42ff-a9de-730e656fb998.jpg","notFood":false,"drinks":false},{"name":"קריספי צ'יקן","description":"חזה עוף בבצק בירה עם איולי צ׳יפוטלה, עגבניה, מלפפון חמוץ ותערובת עלים ירוקים. מוגש בלחמניית חלה טרייה.","price":64,"vegan":false,"vegetarian":false,"image":"https://d25t2285lxl5rf.cloudfront.net/images/dishes/d4cc1a4b-1561-4a39-9454-929ae5da136c.jpg","notFood":false,"drinks":true},{"name":"פניני חזה עוף צלוי","description":" מיונז, איולי צ׳יפוטלה, עגבניה, בצל סגול, זיתי קלמטה ובזיליקום","price":57,"vegan":false,"vegetarian":false,"image":"https://d25t2285lxl5rf.cloudfront.net/images/dishes/34cb07e5-b32f-4c64-b146-c92ea06f7c2a.jpg","notFood":false,"drinks":false},{"name":"פניני אווז","description":"חזה אווז קצוץ בבישול ארוך,מיונז ובוטנים קלויים\r\n","price":54,"vegan":false,"vegetarian":false,"image":"https://d25t2285lxl5rf.cloudfront.net/images/dishes/9bb9b3ed-8737-4a63-aaf5-9f2f576fbd52.jpg","notFood":false,"drinks":false},{"name":"פניני אנטריקוט","description":" אנטריקוט פרוס דק, מיונז, חרדל, עגבניה, מלפפון חמוץ, \r\n זיתי קלמטה ובזיליקום","price":60,"vegan":false,"vegetarian":false,"image":"https://d25t2285lxl5rf.cloudfront.net/images/dishes/da060bef-ad9d-4961-86f6-f70c6c227646.jpg","notFood":false,"drinks":false},{"name":"חזה עוף","description":"צלוי על  הגריל","price":58,"vegan":false,"vegetarian":false,"image":"https://d25t2285lxl5rf.cloudfront.net/images/dishes/86ed2602-8568-49a1-9909-631f87889db4.jpg","notFood":false,"drinks":false},{"name":"שניצל דה לוקס","description":"דק ופריך\r\n","price":64,"vegan":false,"vegetarian":false,"image":"https://d25t2285lxl5rf.cloudfront.net/images/dishes/b2d8acfa-bebe-4e25-adb2-80a70a236f29.jpg","notFood":false,"drinks":false},{"name":"ג׳מס בורגר","description":" 200 גרם קציצה מבשר אנטריקוט משובח, ירקות טריים, בצל מטוגן ורוטב הבית מבירה pils .מוגש בלחמניה טרייה.","price":68,"vegan":false,"vegetarian":false,"image":"https://d25t2285lxl5rf.cloudfront.net/images/dishes/8dae88e8-c17d-4109-ae11-d1a8ecce8d74.jpg","notFood":false,"drinks":true},{"name":"צ'יזבורגר","description":" ג'מס בורגר קלאסי בצירוף גבינה טבעונית בטעם צ'דר","price":70,"vegan":true,"vegetarian":true,"image":"","notFood":false,"drinks":false},{"name":"מים מינרליים","description":"","price":9,"vegan":true,"vegetarian":true,"image":"","notFood":false,"drinks":true},{"name":"סודה","description":"","price":9,"vegan":true,"vegetarian":true,"image":"","notFood":false,"drinks":true},{"name":"קוקה קולה","description":"","price":14,"vegan":true,"vegetarian":true,"image":"","notFood":false,"drinks":true},{"name":"קולה זירו","description":"","price":14,"vegan":true,"vegetarian":true,"image":"","notFood":false,"drinks":true},{"name":"ספרייט","description":"","price":14,"vegan":true,"vegetarian":true,"image":"","notFood":false,"drinks":true},{"name":"ספרייט זירו","description":"","price":14,"vegan":true,"vegetarian":true,"image":"","notFood":false,"drinks":true}]}