{"track_id":"19630","filters":["pizza","salads","pasta"],"image":"https://tenbis-static.azureedge.net/restaurant-card-image/ResCard_19630_20220120103633.jpeg","address":"שטמפפר, 24 פתח תקווה","location":[34.8872156,32.0909062],"name":"אמריקן פיצה פתח תקווה ","city":"גבעת שמואל","priceAverage":38.32786885245902,"menu":[{"name":"פיצה אישית M","description":"בליווי רוטב הבית","price":22,"vegan":false,"vegetarian":true,"image":"https://d25t2285lxl5rf.cloudfront.net/images/dishes/1065c331-09aa-4b0e-a521-5c39cdebdaf1.jpg","notFood":false,"drinks":false},{"name":"פיצה ללא גלוטן - גודל אישי","description":"הפיצה בגודל אישי! \nהפיצה נעשית בסביבה עם קמח אך בזהירות.\nבליווי רוטב הבית","price":30,"vegan":false,"vegetarian":true,"image":"https://d25t2285lxl5rf.cloudfront.net/images/dishes/bd0ba61c-75f7-48e2-a1cd-35b29b1bfd55.jpg","notFood":false,"drinks":false},{"name":"דיל מגש משפחתי L +תוספת + שתייה 1.5 ליטר + לחם שום","price":72,"vegan":true,"vegetarian":true,"image":"https://d25t2285lxl5rf.cloudfront.net/images/dishes/0866ff4c-1ac7-49eb-969c-786b848330ba.png","notFood":false,"drinks":false},{"name":"פיצה משפחתית L + תוספת לבחירה","description":"בליווי רוטב הבית","price":55,"vegan":false,"vegetarian":true,"image":"https://d25t2285lxl5rf.cloudfront.net/images/dishes/bb2e956d-7d81-409e-8932-475de51543b7.jpg","notFood":false,"drinks":false},{"name":"דיל פיצה ענקית XL + תוספת + לחם שום ובקבוק 1.5 ליטר","description":"מגיע בליווי רוטב שום","price":86,"vegan":false,"vegetarian":true,"image":"https://d25t2285lxl5rf.cloudfront.net/images/dishes/ff629c2e-1dd1-40e8-a6f2-da3955875ffb.jpg","notFood":false,"drinks":true},{"name":"פיצה ענקית XL + תוספת לבחירה","description":"בליווי רוטב הבית","price":65,"vegan":false,"vegetarian":true,"image":"https://d25t2285lxl5rf.cloudfront.net/images/dishes/c157b49b-a2d8-4c2e-9e41-7f0ca300e276.jpg","notFood":false,"drinks":false},{"name":"שני מגשי פיצה L ולחם שום בולגרית","description":"מגיע בליווי רוטב הבית","price":85,"vegan":false,"vegetarian":true,"image":"https://d25t2285lxl5rf.cloudfront.net/images/dishes/c4d173f0-4900-4b99-9a24-6376d71f2141.jpg","notFood":false,"drinks":false},{"name":"שני מגשי XL + תוספת לבחירה","description":" בליווי רוטב הבית","price":115,"vegan":true,"vegetarian":true,"image":"https://d25t2285lxl5rf.cloudfront.net/images/dishes/3d076123-79df-429b-82e2-edba26446a7e.jpg","notFood":false,"drinks":false},{"name":"3 מגשי פיצה משפחתיים L + תוספת לבחירה","description":"בליווי רוטב הבית","price":115,"vegan":false,"vegetarian":true,"image":"https://d25t2285lxl5rf.cloudfront.net/images/dishes/170143ff-ba10-421b-a6be-e289580e5bdd.jpg","notFood":false,"drinks":false},{"name":"פיצה משפחתית L + לחם שום בולגרית","description":"בליווי רוטב הבית ורוטב שום","price":55,"vegan":false,"vegetarian":true,"notFood":false,"drinks":false},{"name":"פיצה ענקית XL + לחם שום בולגרית","description":"בליווי רוטב הבית ורוטב פיצה","price":65,"vegan":false,"vegetarian":true,"notFood":false,"drinks":false},{"name":"2 מגשי פיצה L + תוספת","price":85,"vegan":false,"vegetarian":true,"notFood":false,"drinks":false},{"name":"דיל 2 פיצות L + תוספת + לחם שום + שתייה 1.5 ל'","price":102,"vegan":true,"vegetarian":true,"notFood":false,"drinks":false},{"name":"פיצה יוונית","description":"עגבניות טריות, בצל, זיתים שחורים ובולגרית\nבליווי רוטב הבית","price":64,"vegan":false,"vegetarian":true,"notFood":false,"drinks":false},{"name":"פיצה טוניסאית","description":"זיתים ירוקים, טונה, עגבניות וביצה קשה\nבליווי רוטב הבית","price":64,"vegan":false,"vegetarian":false,"notFood":false,"drinks":false},{"name":"פיצה בלקנית","description":"חציל מטוגן וגבינה בולגרית\nבליווי רוטב הבית","price":64,"vegan":false,"vegetarian":true,"notFood":false,"drinks":false},{"name":"פיצה סביח","description":"חציל מטוגן, ביצה קשה \nבליווי רוטב הבית","price":64,"vegan":false,"vegetarian":true,"notFood":false,"drinks":false},{"name":"פיצה ים תיכונית","description":"עגבניות טריות, פלפל חריף וטונה \nבליווי רוטב הבית","price":64,"vegan":false,"vegetarian":false,"notFood":false,"drinks":false},{"name":"פיצה ישראלית","description":"פטריות טריות, בצל סגול וזיתים ירוקים\nבליווי רוטב הבית","price":64,"vegan":false,"vegetarian":true,"notFood":false,"drinks":false},{"name":"רוטב פיצה","description":"רוטב פיצה בתיבול הבית","price":1,"vegan":false,"vegetarian":true,"notFood":false,"drinks":false},{"name":"רוטב פיצה משפחתי","description":"רוטב פיצה בתבלון הבית","price":5,"vegan":false,"vegetarian":true,"notFood":false,"drinks":false},{"name":"רוטב שום","price":1,"vegan":true,"vegetarian":true,"notFood":false,"drinks":false},{"name":"רוטב שום משפחתי","price":5,"vegan":true,"vegetarian":true,"notFood":false,"drinks":false},{"name":"רוטב אלף האיים","price":1,"vegan":true,"vegetarian":true,"notFood":false,"drinks":false},{"name":"רוטב אלף האיים משפחתי","price":5,"vegan":true,"vegetarian":true,"notFood":false,"drinks":false},{"name":"פסטה שמנת פטריות","description":"פסטה מקמח דורום איכותי ברוטב שמנת פטריות","price":34,"vegan":false,"vegetarian":true,"image":"https://d25t2285lxl5rf.cloudfront.net/images/dishes/54fe5ba4-6720-4a9c-9dc4-6e8de52ba592.jpg","notFood":false,"drinks":false},{"name":"פסטה ברוטב אלפרדו","description":"פסטה מקמח דורום איכותי ברוטב אלפרדו","price":34,"vegan":true,"vegetarian":true,"image":"https://d25t2285lxl5rf.cloudfront.net/images/dishes/207085a1-2c81-4ad9-9d6c-c770be5036d3.jpg","notFood":false,"drinks":false},{"name":"פסטה רוזה","description":"פסטה מקמח דורום איכותי בשילוב של שמנת ורוטב עגבניות","price":34,"vegan":false,"vegetarian":true,"image":"https://d25t2285lxl5rf.cloudfront.net/images/dishes/1e5cb148-ede7-4376-9385-e9dae4b89fbf.jpg","notFood":false,"drinks":false},{"name":"פסטה ברוטב עגבניות","description":"פסטה מקמח דורום איכותי ברוטב עגבניות","price":34,"vegan":true,"vegetarian":true,"image":"https://d25t2285lxl5rf.cloudfront.net/images/dishes/b22a28a2-4075-492a-b89d-40f75e726368.jpg","notFood":false,"drinks":false},{"name":"פסטה ברוטב שמנת פסטו","description":"פסטה מקמח דורום איכותי ברוטב שמנת פסטו ","price":34,"vegan":false,"vegetarian":true,"image":"https://d25t2285lxl5rf.cloudfront.net/images/dishes/d7b9da7c-beb6-45bd-a56c-d93c3c963445.jpg","notFood":false,"drinks":false},{"name":"רביולי בטטה","price":42,"vegan":true,"vegetarian":true,"image":"https://d25t2285lxl5rf.cloudfront.net/images/dishes/f910d928-7c0f-4bed-8c25-151f18c32539.jpg","notFood":false,"drinks":false},{"name":"רביולי גבינות","price":42,"vegan":true,"vegetarian":true,"image":"https://d25t2285lxl5rf.cloudfront.net/images/dishes/4de36def-8297-4ae3-a779-12133267fff1.jpg","notFood":false,"drinks":false},{"name":"ניוקי תפוחי אדמה","price":42,"vegan":true,"vegetarian":true,"image":"https://d25t2285lxl5rf.cloudfront.net/images/dishes/53c98181-3ffe-4287-b7ef-fe50815df7b6.jpg","notFood":false,"drinks":false},{"name":"סלט בולגרית רגיל","description":"חסה, עגבניה, מלפפון, גמבה אדומה,פלפל ירוק, זיתים שחורים, בולגרית ולימון\nבליווי רוטב אלף האיים ורוטב שום","price":30,"vegan":false,"vegetarian":true,"image":"https://d25t2285lxl5rf.cloudfront.net/images/dishes/deebe23c-e412-442b-8fdf-23866da4bd62.jpg","notFood":false,"drinks":false},{"name":"סלט טונה רגיל","description":"חסה, עגבניה, מלפפון, גמבה אדומה, פלפל ירוק, תירס, טונה ולימון \nבליווי רוטב שום ואלף האיים","price":30,"vegan":false,"vegetarian":false,"image":"https://d25t2285lxl5rf.cloudfront.net/images/dishes/800b6b52-c262-49b2-800a-847be69dda2a.jpg","notFood":false,"drinks":false},{"name":"סלט ירקות רגיל","description":"חסה, עגבניה, מלפפון, גמבה אדומה,פלפל ירוק, פטריות טריות, בצל סגול, זיתים ירוקים ולימון\nבליווי רוטב שום ואלף האיים","price":30,"vegan":true,"vegetarian":true,"image":"https://d25t2285lxl5rf.cloudfront.net/images/dishes/e60c3af1-51cd-4888-9415-573cb4ca36a0.jpg","notFood":false,"drinks":false},{"name":"סלט בולגרית גדול","description":"חסה, עגבניה, מלפפון, גמבה אדומה,פלפל ירוק, זיתים שחורים, בולגרית ולימון בליווי רוטב אלף האיים ורוטב שום","price":34,"vegan":false,"vegetarian":true,"image":"https://d25t2285lxl5rf.cloudfront.net/images/dishes/c5949f89-1744-468e-8236-c967c13cc29f.jpg","notFood":false,"drinks":false},{"name":"סלט טונה גדול","description":"חסה, עגבניה, מלפפון, גמבה אדומה, פלפל ירוק, תירס, טונה ולימון בליווי רוטב שום ואלף האיים\n\n","price":34,"vegan":false,"vegetarian":false,"image":"https://d25t2285lxl5rf.cloudfront.net/images/dishes/dbed260f-f3be-449b-9833-1b147d971274.jpg","notFood":false,"drinks":false},{"name":"סלט ירקות גדול","description":"חסה, עגבניה, מלפפון, גמבה אדומה,פלפל ירוק, פטריות טריות, בצל סגול, זיתיםהאיים ירוקים ולימון\nבליווי רוטב שום ואלף ","price":34,"vegan":true,"vegetarian":true,"image":"https://d25t2285lxl5rf.cloudfront.net/images/dishes/23bbb61c-4abf-4536-8a3d-5459de198756.png","notFood":false,"drinks":false},{"name":"זיוה נוטלה","description":"זיוה מפנקת במיולי שוקולד נוטלה","price":25,"vegan":false,"vegetarian":false,"image":"https://d25t2285lxl5rf.cloudfront.net/images/dishes/afb80fa6-7227-4dcc-9387-755bbb280655.jpg","notFood":false,"drinks":false},{"name":"זיוה שוקולד לבן","description":"זיוה מפנקת במילוי שוקולד לבן","price":25,"vegan":false,"vegetarian":true,"image":"https://d25t2285lxl5rf.cloudfront.net/images/dishes/9e21bdb1-068b-4bfb-bf35-9f28e516bc51.jpg","notFood":false,"drinks":false},{"name":"מלבי חלבי","price":13,"vegan":false,"vegetarian":true,"image":"https://d25t2285lxl5rf.cloudfront.net/images/dishes/030f17e2-9e34-45f7-b360-eace3a61d5e0.jpg","notFood":false,"drinks":false},{"name":"קרם בוואריה חלבי","price":13,"vegan":false,"vegetarian":true,"image":"https://d25t2285lxl5rf.cloudfront.net/images/dishes/319ef110-757a-49ee-8652-d81af3d52470.jpg","notFood":false,"drinks":false},{"name":"עוגת גבינה פירורים חלבי","price":13,"vegan":false,"vegetarian":true,"image":"https://d25t2285lxl5rf.cloudfront.net/images/dishes/0a0ef6c5-7fc4-4eb7-b4cf-84d11ffebf01.jpg","notFood":false,"drinks":false},{"name":"מוס שוקולד חלבי","price":13,"vegan":false,"vegetarian":true,"image":"https://d25t2285lxl5rf.cloudfront.net/images/dishes/132f2955-4472-4fc6-8034-3993227fad27.jpg","notFood":false,"drinks":false},{"name":"מוס שוקולד לבן חלבי","price":13,"vegan":false,"vegetarian":true,"image":"https://d25t2285lxl5rf.cloudfront.net/images/dishes/cb010409-5e41-484b-906d-54b40aac271f.jpg","notFood":false,"drinks":false},{"name":"טירמיסו חלבי","price":13,"vegan":false,"vegetarian":true,"image":"https://cdn.paypo.com/images/americanpizzapt/1000/12507_0.jpg","notFood":false,"drinks":false},{"name":"ריבת חלב","price":13,"vegan":false,"vegetarian":true,"image":"https://cdn.paypo.com/images/americanpizzapt/1000/12508_0.jpg","notFood":false,"drinks":false},{"name":"זיוה נוטלה","description":"זיוה מפנקת במילוי שוקולד נוטלה","price":25,"vegan":false,"vegetarian":false,"image":"https://d25t2285lxl5rf.cloudfront.net/images/dishes/17f04877-9509-4e71-9548-fc6bbbbf155e.jpg","notFood":false,"drinks":false},{"name":"משולש טוסט פיצה","description":"מאפה ממולא ברוטב הבית, גבינה צהובה ותוספת לבחירה","price":18,"vegan":false,"vegetarian":true,"image":"https://d25t2285lxl5rf.cloudfront.net/images/dishes/5a26e3ce-1b9d-4bdb-8f57-d682ce2058a2.jpg","notFood":false,"drinks":false},{"name":"מגש טוסט פיצה","description":"מגש מאפה גדול ממולא ברוטב הבית, גבינה צהובה ושלוש תוספות לבחירה","price":75,"vegan":false,"vegetarian":true,"image":"https://cdn.paypo.com/images/americanpizzapt/1000/12602_0.jpg","notFood":false,"drinks":false},{"name":"לחם שום ובולגרית אישי","description":"מגיע בליווי רוטב שום","price":10,"vegan":false,"vegetarian":true,"image":"https://d25t2285lxl5rf.cloudfront.net/images/dishes/e9a87469-a1b4-4607-aa3b-cd79fafe97e8.jpg","notFood":false,"drinks":false},{"name":"לחם שום בולגרית גדול","price":20,"vegan":false,"vegetarian":true,"image":"https://d25t2285lxl5rf.cloudfront.net/images/dishes/4777e490-90ee-4e11-a519-dacc87cd9097.jpg","notFood":false,"drinks":false},{"name":"זיוה קלאסית","description":"מוגש בליווי בולגרית, צהובה ותוספת אחת לבחירה","price":26,"vegan":false,"vegetarian":true,"image":"https://d25t2285lxl5rf.cloudfront.net/images/dishes/1729c468-54d0-40c0-8876-9aff9126463d.jpg","notFood":false,"drinks":false},{"name":"מלאווח פיצה","description":"פיצה על בסיס מלוואח \nמוגש בליווי תוספת לבחירה ","price":22,"vegan":false,"vegetarian":true,"image":"https://d25t2285lxl5rf.cloudfront.net/images/dishes/df84822e-a472-41f7-8438-b7ac9cfe1b14.jpg","notFood":false,"drinks":false},{"name":"מלוואח קלאסי","description":"בליווי ביצה קשה ורסק","price":20,"vegan":false,"vegetarian":true,"image":"https://d25t2285lxl5rf.cloudfront.net/images/dishes/040e3d86-9687-4e85-9fef-e865d1171980.jpg","notFood":false,"drinks":false},{"name":"ג'חנון","description":"בליווי ביצה קשה רסק וחריף","price":22,"vegan":false,"vegetarian":true,"image":"https://d25t2285lxl5rf.cloudfront.net/images/dishes/0964f863-8650-4b74-8ac9-6455d23e7fe9.jpg","notFood":false,"drinks":false},{"name":"זיוה שוקולד לבן","description":"זיוה מפנקת במילוי שוקולד לבן","price":25,"vegan":false,"vegetarian":true,"image":"https://cdn.paypo.com/images/americanpizzapt/1000/12610_0.jpg","notFood":false,"drinks":false},{"name":"חדש! תפוח אדמה מוקרם","description":"תפוח אדמה מוקרם ברוטב אלפרדו מוקרם בגבינה מפנקת","price":34,"vegan":false,"vegetarian":true,"image":"https://cdn.paypo.com/images/americanpizzapt/1000/12611_0.jpg","notFood":false,"drinks":false},{"name":"חדש ! שקשוקה","description":"שקשוקה ביתית ברוטב עגבניות מפנק! בליווי לחם שומשום ו2 ביצים","price":38,"vegan":false,"vegetarian":true,"image":"https://cdn.paypo.com/images/americanpizzapt/1000/12612_0.jpg","notFood":false,"drinks":false},{"name":"קראנצ'י שומשום גדול","price":20,"vegan":true,"vegetarian":true,"notFood":false,"drinks":false},{"name":"בקבוקי 1.5 ל'- 15 ש\"ח","vegan":true,"vegetarian":true,"notFood":false,"drinks":true},{"name":"פחיות 330 מ\"ל- 9 ש\"ח","vegan":true,"vegetarian":true,"notFood":false,"drinks":false},{"name":"בקבוק 0.5 ל'- 9 ש\"ח","vegan":true,"vegetarian":true,"notFood":false,"drinks":true}]}