{"track_id":"19634","filters":["asianFusion","japaneseSushi"],"image":"https://tenbis-static.azureedge.net/restaurant-card-image/ResCard_19634_20220213142249.jpg","address":"צומת קסטינה, 0 קרית מלאכי","location":[34.7561808,31.7314332],"name":"אצה סושי בר","city":"גדרה","priceAverage":43.27350427350427,"menu":[{"name":"פאד תאי","description":"ביצה, כרוב, גזר ושעועית ירוקה מוקפצים בווק עם אטריות אורז, בצל ירוק\nונבטים ברוטב פיקנטי. מוגש עם כוסברה, שברי בוטנים ופלח לימון","price":42,"vegan":false,"vegetarian":true,"image":"https://d25t2285lxl5rf.cloudfront.net/images/dishes/47972ade-fa61-4268-aa0f-d8be2ce7fedf.jpg","notFood":false,"drinks":false},{"name":"מאקי סלמון צלוי","description":"","price":24,"vegan":false,"vegetarian":false,"image":"https://d25t2285lxl5rf.cloudfront.net/images/dishes/48200a2a-f51f-494b-9974-d6de52f17690.jpg","notFood":false,"drinks":false},{"name":"ספיידר רול","description":"סלמון צלוי, אבוקדו ובטטה בטמפורה בציפוי פנקו פריך מוגש עם טריאקי","price":39,"vegan":false,"vegetarian":false,"image":"https://d25t2285lxl5rf.cloudfront.net/images/dishes/f6235f65-846b-48d4-b722-1b2b205ff781.jpg","notFood":false,"drinks":false},{"name":"ספיישל טמפורה","description":"רול בטמפורה ופנקו עם סלמון צלוי, גזר ועירית. מוגש עם טריאקי","price":39,"vegan":false,"vegetarian":false,"image":"https://d25t2285lxl5rf.cloudfront.net/images/dishes/ea66c4f3-923c-4e47-82a7-9ab9c60e6a99.jpg","notFood":false,"drinks":false},{"name":"מאקי סלמון","description":"","price":24,"vegan":false,"vegetarian":false,"image":"https://d25t2285lxl5rf.cloudfront.net/images/dishes/bf40480f-fc03-47d5-aa5c-75d47af76107.jpg","notFood":false,"drinks":false},{"name":"סלמון אאוט קראנץ'","description":"בטטה בטמפורה, אבוקדו ומלפפון במעטפת של סלמון בטמפורה\nופנקו עם פרוסות דקות של לימון וטריאקי","price":41,"vegan":false,"vegetarian":false,"image":"https://d25t2285lxl5rf.cloudfront.net/images/dishes/0c556359-ffac-4173-9107-383ec3b5d013.jpg","notFood":false,"drinks":false},{"name":"חמוצים יפנים","description":"כרוב, גזר, מלפפון ופלפלים בתחמיץ מתקתק. מוגש עם שומשום ","price":17,"vegan":true,"vegetarian":true,"image":"https://d25t2285lxl5rf.cloudfront.net/images/dishes/3a4bbee0-2b83-4ffe-8e77-5c32457fb50d.jpg","notFood":false,"drinks":false},{"name":"אדממה","description":"תרמילי סויה מאודים. מוגש עם מלח גס ולימון","price":19,"vegan":true,"vegetarian":true,"image":"https://d25t2285lxl5rf.cloudfront.net/images/dishes/3157e671-1377-4cbc-b80a-d55ae488bef6.jpg","notFood":false,"drinks":false},{"name":"כרובית בפנקו","description":"פרחי כרובית מטוגנים בפנקו עם רוטב צילי כוסברה","price":33,"vegan":true,"vegetarian":true,"image":"https://d25t2285lxl5rf.cloudfront.net/images/dishes/3567e5ae-8edd-4e8f-a3b2-1f390912701f.jpg","notFood":false,"drinks":false},{"name":"הום פרייז אסייתי","description":"קוביות תפ“א פריכות ברוטב פיקנטי של צ‘ילי וקרם קוקוס. מוגש\nעם בצל ירוק","price":29,"vegan":true,"vegetarian":true,"image":"https://d25t2285lxl5rf.cloudfront.net/images/dishes/22fc0412-9a09-4c39-8144-0e756be9f605.jpg","notFood":false,"drinks":false},{"name":"אגרול ירקות","description":" 2 יח׳ אגרול מסורתי במילוי ירקות. מוגש עם רוטב צ‘ילי עשבי תיבול","price":25,"vegan":true,"vegetarian":true,"image":"https://d25t2285lxl5rf.cloudfront.net/images/dishes/6ce8b479-5491-4b6c-94c0-70ce68261a51.jpg","notFood":false,"drinks":false},{"name":"אגרול עוף","description":" 2 יח׳ אגרול מסורתי במילוי עוף וירקות. מוגש עם רוטב צ‘ילי עשבי תיבול","price":27,"vegan":false,"vegetarian":false,"image":"https://d25t2285lxl5rf.cloudfront.net/images/dishes/cfa48429-eca7-4ab5-8832-53a92aa7fc8a.jpg","notFood":false,"drinks":false},{"name":"הכנפיים של אצה","description":"12 יח‘ כנפוני עוף ברוטב פיקנטי של צ‘ילי וקרם קוקוס. מוגש עם שומשום","price":38,"vegan":false,"vegetarian":false,"image":"https://d25t2285lxl5rf.cloudfront.net/images/dishes/44808dc1-ff32-4d49-b433-98d394fcb73b.jpg","notFood":false,"drinks":false},{"name":"פטריות בטריאקי","description":"תערובת פטריות מוקפצות ברוטב טריאקי. מוגש עם בצל ירוק\nושומשום","price":34,"vegan":true,"vegetarian":true,"image":"https://d25t2285lxl5rf.cloudfront.net/images/dishes/8fd7fc63-3c3e-424c-89db-8d2d04e66b37.jpg","notFood":false,"drinks":false},{"name":"נשנושי עוף","description":"רצועות חזה עוף בטמפורה ופנקו מוגש עם רוטב סאטאי.","price":36,"vegan":false,"vegetarian":false,"image":"https://d25t2285lxl5rf.cloudfront.net/images/dishes/96fb1710-259f-4258-a11a-31f51d76d882.jpg","notFood":false,"drinks":false},{"name":"סלט שורשים","description":"כרוב, גזר, קולורבי, צנון ונבטים בוויניגרט צ׳ילי שומשום. מוגש עם בצל\nירוק ושומשום קלוי","price":28,"vegan":true,"vegetarian":true,"image":"https://d25t2285lxl5rf.cloudfront.net/images/dishes/800fab32-0aad-463b-b628-3593a616cf5e.jpg","notFood":false,"drinks":false},{"name":"ירקות בטמפורה","description":" פרוסות של פטריות, קישוא, בטטה ובצל בטמפורה. מוגש עם רוטב\nפונדזו ושומשום","price":29,"vegan":true,"vegetarian":true,"image":"","notFood":false,"drinks":false},{"name":"קריספי טופו","description":" רצועות טופו פריכות בטמפורה. מוגש עם רוטב צ׳ילי עשבי תיבול","price":27,"vegan":true,"vegetarian":true,"image":"","notFood":false,"drinks":false},{"name":"סלט אצה","description":"חסה, כרוב, עלי כוסברה, בצל ירוק, נבטים, מלפפון, עגבניות שרי וגזר\r\nבוויניגרט צ׳ילי עשבי תיבול. מוגש עם קובית בטטה בטמפורה","price":42,"vegan":true,"vegetarian":true,"image":"","notFood":false,"drinks":false},{"name":"סלט עוף סיני","description":"רצועות של חזה עוף )קר(, מלפפון, נבטים, כרוב, בצל ירוק, כוסברה, צ׳ילי\r\nחריף ובוטנים ברוטב הויסין מתקתק ","price":38,"vegan":false,"vegetarian":false,"image":"","notFood":false,"drinks":false},{"name":"מרק מיסו","description":"מרק יפני קלאסי. מוגש עם קוביות טופו, אצות וואקמה ובצל ירוק","price":19,"vegan":true,"vegetarian":true,"image":"https://d25t2285lxl5rf.cloudfront.net/images/dishes/f62acdd5-5f68-4570-bc95-216fed2618e3.jpg","notFood":false,"drinks":false},{"name":"מרק היום","description":"מתחלף מידיי יום ","price":26,"vegan":true,"vegetarian":true,"image":"https://d25t2285lxl5rf.cloudfront.net/images/dishes/289b9b89-f99c-454e-970b-58c24b20eeff.jpg","notFood":false,"drinks":false},{"name":"ניגירי טמאגו","description":"חביתה טמאגו","price":22,"vegan":false,"vegetarian":true,"image":"https://d25t2285lxl5rf.cloudfront.net/images/dishes/d5abbad5-fa82-4b27-bb03-6ddb9ccdf11d.jpg","notFood":false,"drinks":false},{"name":"ניגירי אבוקדו","description":"","price":22,"vegan":true,"vegetarian":true,"image":"https://d25t2285lxl5rf.cloudfront.net/images/dishes/5b9b08d7-bf01-4653-9ae9-71d9e7829756.jpg","notFood":false,"drinks":false},{"name":"ניגירי טונה","description":"","price":29,"vegan":false,"vegetarian":false,"image":"https://d25t2285lxl5rf.cloudfront.net/images/dishes/57578bfc-0287-4f49-ad1b-f299398b320d.jpg","notFood":false,"drinks":false},{"name":"ניגירי סלמון","description":"","price":27,"vegan":false,"vegetarian":false,"image":"https://d25t2285lxl5rf.cloudfront.net/images/dishes/851e59b5-4f73-4f67-8a6b-68fe1add1abc.jpg","notFood":false,"drinks":false},{"name":"ניגירי מיקס","description":"","price":27,"vegan":true,"vegetarian":true,"image":"https://d25t2285lxl5rf.cloudfront.net/images/dishes/feae9f97-5aa2-4039-b1b2-0d89014d10d9.jpg","notFood":false,"drinks":false},{"name":"סאשימי סלמון","description":"","price":36,"vegan":false,"vegetarian":false,"image":"","notFood":false,"drinks":false},{"name":"אצה רול","description":"אבוקדו, בטטה בטמפורה, מלפפון ועירית במעטפת של סלמון ודף אגרול פריך.\nמוגש עם טריאקי ובצל ירוק","price":44,"vegan":false,"vegetarian":false,"image":"https://d25t2285lxl5rf.cloudfront.net/images/dishes/eb319c60-27ef-4893-bdf1-a799dbb4df12.jpg","notFood":false,"drinks":false},{"name":"סלמון אאוט קראנץ'","description":"בטטה בטמפורה, אבוקדו ומלפפון במעטפת של סלמון בטמפורה\nופנקו עם פרוסות דקות של לימון וטריאקי","price":41,"vegan":false,"vegetarian":false,"image":"https://d25t2285lxl5rf.cloudfront.net/images/dishes/0c556359-ffac-4173-9107-383ec3b5d013.jpg","notFood":false,"drinks":false},{"name":"בטטה אאוט קראנץ'","description":"סלמון, שיטאקה ועירית במעטפת של בטטה בטמפורה ופנקו","price":39,"vegan":false,"vegetarian":false,"image":"https://d25t2285lxl5rf.cloudfront.net/images/dishes/3beca97d-f15f-4117-8fee-a6b51b39b656.jpg","notFood":false,"drinks":false},{"name":"ווג'י רול","description":"בטטה מאודה, גזר, מלפפון, קנפיו ועירית במעטפת של אבוקדו עם טריאקי\nושומשום","price":37,"vegan":true,"vegetarian":true,"image":"https://d25t2285lxl5rf.cloudfront.net/images/dishes/0d8b98f6-12f9-44fe-b751-8d35dc47a3c0.jpg","notFood":false,"drinks":false},{"name":"ספיידר רול","description":"סלמון צלוי, אבוקדו ובטטה בטמפורה בציפוי פנקו פריך מוגש עם טריאקי","price":39,"vegan":false,"vegetarian":false,"image":"https://d25t2285lxl5rf.cloudfront.net/images/dishes/f6235f65-846b-48d4-b722-1b2b205ff781.jpg","notFood":false,"drinks":false},{"name":"קליפורניה צ'יז רול","description":" סלמון, אבוקדו, מלפפון וגבינת שמנת טופו במעטפת של עירית קצוצה","price":39,"vegan":false,"vegetarian":false,"image":"https://d25t2285lxl5rf.cloudfront.net/images/dishes/411e2e89-9aaf-4634-a90a-b3ba719d0830.jpg","notFood":false,"drinks":false},{"name":"בטטה צ'יפס רול","description":"אבוקדו, בטטה בטמפורה ושיטאקה במעטפת של סלמון צרוב עם\nספייסי מיונז ובטטה צ‘יפס","price":44,"vegan":false,"vegetarian":false,"image":"https://d25t2285lxl5rf.cloudfront.net/images/dishes/d6559511-43c6-4699-8098-fbe725d6e79b.jpg","notFood":false,"drinks":false},{"name":"ספיישל טמפורה","description":"רול בטמפורה ופנקו עם סלמון צלוי, גזר ועירית. מוגש עם טריאקי","price":39,"vegan":false,"vegetarian":false,"image":"https://d25t2285lxl5rf.cloudfront.net/images/dishes/ea66c4f3-923c-4e47-82a7-9ab9c60e6a99.jpg","notFood":false,"drinks":false},{"name":"ריינבו רול","description":"מלפפון, טמאגו ועירית במעטפת של סלמון, טונה ואבוקדו","price":39,"vegan":false,"vegetarian":false,"image":"https://d25t2285lxl5rf.cloudfront.net/images/dishes/72c28dcc-85dc-4ed1-b535-6daf03e73016.jpg","notFood":false,"drinks":false},{"name":"סלמון wrap","description":"טונה, מלפפון ואבוקדו במעטפת של סלמון עם פרוסות דקות של לימון וטריאקי ","price":43,"vegan":false,"vegetarian":false,"image":"https://d25t2285lxl5rf.cloudfront.net/images/dishes/2517edda-49d3-476c-8266-ff07ec8ed390.jpg","notFood":false,"drinks":false},{"name":"Rock’n-Roll","description":"סלמון, טונה אדומה ועירית עטוף באבוקדו","price":43,"vegan":false,"vegetarian":false,"image":"https://d25t2285lxl5rf.cloudfront.net/images/dishes/c956dd1e-8488-4272-ab84-965e6ada31fd.jpg","notFood":false,"drinks":false},{"name":"50/50","description":"סלמון בטמפורה, אבוקדו, מלפפון ופטריות שיטאקי במעטפת חצי-אבוקדו חצי-בטטה, נגיעות טריאקי ושומשום.","price":39,"vegan":false,"vegetarian":false,"image":"https://d25t2285lxl5rf.cloudfront.net/images/dishes/8c376573-7b90-4f62-b472-2ae7a808cd8f.jpg","notFood":false,"drinks":false},{"name":"ספייסי טאקה רול","description":"רול ספייסי טונה, מלפפון ואבוקדו, במעטפת של סלמון צרוב, ספייסי מיונז\nופרוסות צ‘ילי","price":44,"vegan":false,"vegetarian":false,"image":"https://d25t2285lxl5rf.cloudfront.net/images/dishes/5a0fab72-192b-4b2b-b7e8-bf19001914d3.jpg","notFood":false,"drinks":false},{"name":"קייפ טונה רול","description":"רול בטמפורה ופנקו עם טונה בטמפורה, גבינת שמנת טופו ובצל ירוק.\nמוגש עם רוטב צ׳ילי עשבי תיבול וספייסי מיונז","price":42,"vegan":false,"vegetarian":false,"image":"https://d25t2285lxl5rf.cloudfront.net/images/dishes/81523129-19f4-47df-8eef-ac8b2d6dd4b6.jpg","notFood":false,"drinks":false},{"name":"מאשרום רול","description":" פטריות בטמפורה ופנקו, אבוקדו, וקנפיו בציפוי שומשום וטריאקי","price":39,"vegan":true,"vegetarian":true,"image":"","notFood":false,"drinks":false},{"name":"צ'יקן אאוט קראנץ'","description":"בטטה בטמפורה, אבוקדו ומלפפון במעטפת של חזה עוף בטמפורה ופנקו\r\nמוגש עם טריאקי ופלחי לימון","price":39,"vegan":false,"vegetarian":false,"image":"","notFood":false,"drinks":false},{"name":"עוף בטמפורה","description":"נתחי חזה עוף בטמפורה, פלפלים, קישוא ובצל מוקפצים בווק ברוטב\nצ‘ילי דבש. מוגש עם אורז לבן ובצל ירוק","price":54,"vegan":false,"vegetarian":false,"image":"https://d25t2285lxl5rf.cloudfront.net/images/dishes/9fd4a017-cbac-41f8-981c-a5b2301bc5e3.jpg","notFood":false,"drinks":false},{"name":"שניצל פנקו","description":" חזה עוף בציפוי פנקו )פירורי לחם יפניים(. תוספת לבחירה","price":51,"vegan":false,"vegetarian":false,"image":"https://d25t2285lxl5rf.cloudfront.net/images/dishes/5045a0c1-a49d-4434-834d-ee9164dce62d.jpg","notFood":false,"drinks":false},{"name":"עוף בקארי","description":"רצועות חזה עוף,בצל, כרוב, גזר וקישוא מוקפצים בווק ברוטב קוקוס קארי\nפיקנטי. מוגש עם אורז לבן, עלי כוסברה ושברי בוטנים. *מכיל חמאת בוטנים","price":54,"vegan":false,"vegetarian":false,"image":"https://d25t2285lxl5rf.cloudfront.net/images/dishes/ab341e24-b50e-4ebc-808e-4b36742b7c50.jpg","notFood":false,"drinks":false},{"name":"פאד קפאו חריף","description":"בשר בקר טחון, כרוב, גזר, בצל, בצל ירוק ובזיליקום מוקפצים בווק ברוטב\nסויה תמרינדי חריף. מוגש עם אורז לבן וביצת עין","price":54,"vegan":false,"vegetarian":false,"image":"https://d25t2285lxl5rf.cloudfront.net/images/dishes/485d1b2c-57e2-4d41-bfdb-bf40218cfc90.jpg","notFood":false,"drinks":false},{"name":"עוף בקשיו","description":"רצועות חזה עוף, בצל, כרוב, גזר וקשיו מוקפצים בווק ברוטב הויסין מתוק\nחריף. מוגש עם אורז לבן","price":57,"vegan":false,"vegetarian":false,"image":"https://d25t2285lxl5rf.cloudfront.net/images/dishes/46a4aa74-267b-4a8b-a415-9b692052ef07.jpg","notFood":false,"drinks":false},{"name":"83.ביף ברוקולי","description":"רצועות בקר, פלפל חריף מיובש, ברוקולי, בצל ובצל ירוק מוקפצים בווק\nברוטב קרמל סויה. מוגש עם אורז לבן","price":61,"vegan":false,"vegetarian":false,"image":"https://d25t2285lxl5rf.cloudfront.net/images/dishes/29f93e0d-384d-4212-a5e1-933b054d8bd9.jpg","notFood":false,"drinks":false},{"name":"הטבעונית של אצה","description":"שיטאקה, כרוב, בצל, גזר, קישוא, עגבניות שרי ונבטים מוקפצים\r\nבווק ברוטב פאד-תאי פיקנטי. מוגש עם אורז לבן ובצל ירוק","price":49,"vegan":true,"vegetarian":true,"image":"","notFood":false,"drinks":false},{"name":"עוף בלימון","description":"נתחי חזה עוף בטמפורה, אננס, בצל סגול ופלפל ירוק מוקפצים בווק ברוטב\r\nדבש לימון ושום. מוגש עם אורז לבן בצל ירוק","price":54,"vegan":false,"vegetarian":false,"image":"","notFood":false,"drinks":false},{"name":"קומבינציה צמחונית 16 יחידות","description":"4 יח‘ אורמאקי אבוקדו ובטטה מאודה\n4 יח‘ אורמאקי מלפפון, גזר ועירית\n4 יח‘ פוטומאקי טמגו, מלפפון ובטטה מאודה\n4 יח‘ פוטומאקי נבטים, חסה וגזר","price":51,"vegan":true,"vegetarian":true,"image":"https://d25t2285lxl5rf.cloudfront.net/images/dishes/7bbc93be-fbac-44c2-960f-e4941d57b0bb.jpg","notFood":false,"drinks":false},{"name":"קומבינאצה דגים 18 יחידות","description":"4 יח‘ פוטומאקי סלמון ואבוקדו\n4 יח‘ פוטומאקי טונה, מלפפון ועירית\n4 יח‘ אורמאקי סלמון סקין ואבוקדו\n4 יח‘ אורמאקי סלמון צלוי, מלפפון וספייסי מיונז\n1 ניגירי סלמון, 1 ניגירי טונה\n","price":72,"vegan":false,"vegetarian":false,"image":"https://d25t2285lxl5rf.cloudfront.net/images/dishes/e1cbe30b-4516-49a8-aa97-9b7ea73a245f.jpg","notFood":false,"drinks":false},{"name":"קומבינאצה קריספי 8 יחידות","description":"4 יח‘ פוטומאקי בטמפורה עם סלמון סקין ואבוקדו\n4 יח‘ פוטומאקי בטמפורה עם בטטה בטמפורה, מלפפון ועירית\n4 יח׳ סושי סנדוויץ׳ בטמפורה ופנקו עם סלמון, אבוקדו וגבינת שמנת טופו\n","price":67,"vegan":false,"vegetarian":false,"image":"https://d25t2285lxl5rf.cloudfront.net/images/dishes/acdde4cc-152a-470a-98fc-82243e66ff1c.jpg","notFood":false,"drinks":false},{"name":"קומבינאצה קרסיפי צמחוני 12 יחידות","description":"4 יח’ אורמאקי אבוקדו, בטטה מאודה ופיטריות שיטאקה בציפוי פנקו\n4 יח’ אורמאקי אבוקדו, טמגו, מלפפון בציפוי פנקו, 4 יח' סושי סנדוויץ' בטמפורה ופנקו עם אבוקדו, בטטה בטמפורה ועירית","price":59,"vegan":true,"vegetarian":true,"image":"https://d25t2285lxl5rf.cloudfront.net/images/dishes/71a18a4c-8a8c-408a-866c-73fe64a4ca94.jpg","notFood":false,"drinks":false},{"name":"קומבינאצה סלמון 18 יחידות","description":"4 יח‘ פוטומאקי סלמון, אבוקדו ועירית\n4 יח‘ פוטומאקי סלמון, בטטה בטמפורה ושיטאקה\n4 יח‘ אורמאקי סלמון צלוי, קנפיו וגזר במעטפת סלמון\n4 יח‘ אורמאקי סלמון מעושן, מלפפון וטמגו במעטפת סלמון\n2 יח‘ ניגירי סלמון\n","price":93,"vegan":false,"vegetarian":false,"image":"https://d25t2285lxl5rf.cloudfront.net/images/dishes/031d5a0a-d5b9-4aee-a5fa-edddb57daac4.jpg","notFood":false,"drinks":false},{"name":"קומבינאצה גם וגם 18 יחידות","description":"4 יח‘ אורמאקי סלמון ואבוקדו\n4 יח‘ אורמאקי טונה, מלפפון וגזר\n4 יח‘ פוטומאקי בטטה בטמפורה, אבוקדו ועירית\n4 יח‘ פוטומאקי טמגו, מלפפון ובטטה מאודה\n1 ניגירי סלמון, 1 ניגירי טמגו\n","price":65,"vegan":false,"vegetarian":false,"image":"https://d25t2285lxl5rf.cloudfront.net/images/dishes/0ae89dd1-02f7-499e-bae8-33ce94611528.jpg","notFood":false,"drinks":false},{"name":"קומבינאצה ספייסי 16 יחידות","description":"4 יח‘ אורמאקי ספייסי סלמון, מלפפון וגזר\n4 יח‘ אורמאקי ספייסי סלמון ואבוקדו\n4 יח‘ פוטומאקי ספייסי טונה, שיטאקה ובטטה בטמפורה\n4 יח‘ פוטומאקי ספייסי טונה, טמגו ועירית","price":65,"vegan":false,"vegetarian":false,"image":"https://d25t2285lxl5rf.cloudfront.net/images/dishes/7b0bdd27-af8b-42eb-a0d4-0034cba3218f.jpg","notFood":false,"drinks":false},{"name":"קומבינאצה מיקס 28 יחידות","description":"8 יח‘ אורמאקי סלמון צלוי, אבוקדו, בטטה בטמפורה וטריאקי בציפוי פנקו\n4 יח‘ פוטומאקי סלמון, אבוקדו\n4 יח‘ פוטומאקי טונה, אבוקדו\n4 יח‘ אורמאקי טמגו, גזר, מלפפון במעטפת בטטה\n4 יח‘ אורמאקי אבוקדו, פיטריות ועירית במעטפת בטטה\nסנדוויץ׳ בטמפורה ופנקו עם סלמון, אבוקדו וגבינת שמנת טופו\n","price":109,"vegan":false,"vegetarian":false,"image":"https://d25t2285lxl5rf.cloudfront.net/images/dishes/87fa9973-af5a-4192-81e4-1c8880d3a3e2.jpg","notFood":false,"drinks":false},{"name":"קומבינאצה החדשה 39 יחידות","description":"8 יח‘ אורמאקי סלמון ואבוקדו במעטפת של בטטה צ‘יפס\n8 יח‘ אורמאקי בטטה מאודה, גזר, מלפפון, קנפיו ועירית במעטפת של\nאבוקדו עם טריאקי ושומשום מעל\n8 יח‘ אורמאקי טונה אדומה, פטריות שיטאקה ומלפפון עם ספייסי\nמיונז מעל\n4 יח‘ מאקי בטטה בטמפורה\n4 יח‘ מאקי ספייסי טונה\n1 ניגירי סלמון, 1 ניגירי אבוקדו, 1 ניגירי טמגו\nסנדוויץ׳ בטמפורה ופנקו עם סלמון, אבוקדו וגבינת שמנת טופו","price":165,"vegan":false,"vegetarian":false,"image":"https://d25t2285lxl5rf.cloudfront.net/images/dishes/9cbc633f-629e-4fbb-9e2c-f8978baf7b62.jpg","notFood":false,"drinks":false},{"name":"קומבינאצה עשן 16 יחידות","description":"4 יח‘ אורמאקי טונה מעושנת עם מלפפון, גזר ועירית\n4 יח‘ אורמאקי טונה מעושנת עם אבוקדו, גבינת שמנת טופו ועירית\n4 יח‘ פוטומאקי סלמון מעושן עם אבוקדו ומלפפון\n4 יח‘ פוטומאקי סלמון מעושן עם גבינת שמנת טופו וגזר\n4 יח‘ סושי סנדוויץ‘ סלמון מעושן עם אבוקדו ועירית בציפוי פנקו\n","price":91,"vegan":false,"vegetarian":false,"image":"","notFood":false,"drinks":false},{"name":"קומבינאצה טבעונית","description":"4 יח‘ פוטומאקי מלפפון גזר וקנפיו\r\n4 יח‘ פוטומאקי אבוקדו, בטטה מאודה, קנפיו ובצל ירוק\r\n4 יח׳ סושי סנדוויץ׳ בטמפורה ופנקו עם אבוקדו, בטטה בטמפורה ועירית","price":59,"vegan":true,"vegetarian":true,"image":"","notFood":false,"drinks":false},{"name":"מאקי מלפפון","description":"","price":20,"vegan":true,"vegetarian":true,"image":"https://d25t2285lxl5rf.cloudfront.net/images/dishes/78fa2fc6-9bc7-401f-8713-69fdb4daffbb.jpg","notFood":false,"drinks":false},{"name":"מאקי גזר","description":"","price":20,"vegan":true,"vegetarian":true,"image":"https://d25t2285lxl5rf.cloudfront.net/images/dishes/14ba157e-2c44-4671-bcb8-ae65e1eeb333.jpg","notFood":false,"drinks":false},{"name":"מאקי אבוקדו","description":"","price":22,"vegan":true,"vegetarian":true,"image":"https://d25t2285lxl5rf.cloudfront.net/images/dishes/50711795-748e-469d-a78c-9d5c17e46b06.jpg","notFood":false,"drinks":false},{"name":"מאקי קנפיו","description":"","price":20,"vegan":true,"vegetarian":true,"image":"https://d25t2285lxl5rf.cloudfront.net/images/dishes/894ea37e-8f6f-4e09-adb5-0bb8c92e97af.jpg","notFood":false,"drinks":false},{"name":"מאקי פטריות שיטאקה","description":"","price":20,"vegan":true,"vegetarian":true,"image":"https://d25t2285lxl5rf.cloudfront.net/images/dishes/840a47e9-d7ce-41c4-a5e1-81a078d2f576.jpg","notFood":false,"drinks":false},{"name":"מאקי בטטה טמפורה","description":"","price":20,"vegan":true,"vegetarian":true,"image":"https://d25t2285lxl5rf.cloudfront.net/images/dishes/b7fd45da-e250-4d4e-91ab-ffd991a67409.jpg","notFood":false,"drinks":false},{"name":"מאקי בטטה מאודה","description":"","price":20,"vegan":true,"vegetarian":true,"image":"https://d25t2285lxl5rf.cloudfront.net/images/dishes/176e97b3-a62e-4443-a0df-28e121881f55.jpg","notFood":false,"drinks":false},{"name":"מאקי טמגו","description":"חביתה יפנית ","price":20,"vegan":false,"vegetarian":true,"image":"https://d25t2285lxl5rf.cloudfront.net/images/dishes/d06df999-3637-4a7b-b5bc-519d6d585195.jpg","notFood":false,"drinks":false},{"name":"מאקי טופו טמפורה","description":"","price":20,"vegan":true,"vegetarian":true,"image":"https://d25t2285lxl5rf.cloudfront.net/images/dishes/1b72cfdd-2026-455b-a82d-4e4a11b69610.jpg","notFood":false,"drinks":false},{"name":"מאקי טונה אדומה","description":"","price":24,"vegan":false,"vegetarian":false,"image":"https://d25t2285lxl5rf.cloudfront.net/images/dishes/589c06f0-bc6c-42af-b660-75cd2b5ed310.jpg","notFood":false,"drinks":false},{"name":"מאקי ספייסי טונה","description":"","price":24,"vegan":false,"vegetarian":false,"image":"https://d25t2285lxl5rf.cloudfront.net/images/dishes/79682518-c212-4f9e-a251-71f1eeefc3b5.jpg","notFood":false,"drinks":false},{"name":"מאקי טונה מעושנת","description":"","price":24,"vegan":false,"vegetarian":false,"image":"https://d25t2285lxl5rf.cloudfront.net/images/dishes/a94afb9f-2b19-4d45-8000-200f9ccd6ce4.jpg","notFood":false,"drinks":false},{"name":"מאקי סלמון","description":"","price":24,"vegan":false,"vegetarian":false,"image":"https://d25t2285lxl5rf.cloudfront.net/images/dishes/bf40480f-fc03-47d5-aa5c-75d47af76107.jpg","notFood":false,"drinks":false},{"name":"מאקי סלמון סקין","description":"","price":24,"vegan":false,"vegetarian":false,"image":"https://d25t2285lxl5rf.cloudfront.net/images/dishes/5cdb19b7-9a38-4f76-b766-f2cb8bc2fd3e.jpg","notFood":false,"drinks":false},{"name":"מאקי סלמון צלוי","description":"","price":24,"vegan":false,"vegetarian":false,"image":"https://d25t2285lxl5rf.cloudfront.net/images/dishes/48200a2a-f51f-494b-9974-d6de52f17690.jpg","notFood":false,"drinks":false},{"name":"מאקי סלמון מעושן","description":"","price":24,"vegan":false,"vegetarian":false,"image":"https://d25t2285lxl5rf.cloudfront.net/images/dishes/c6ba6eb5-e061-4300-861f-c858072f251e.jpg","notFood":false,"drinks":false},{"name":"מאקי ספייסי סלמון","description":"","price":24,"vegan":false,"vegetarian":false,"image":"https://d25t2285lxl5rf.cloudfront.net/images/dishes/4807a75c-1bd5-4cab-a640-76de8a014d6e.jpg","notFood":false,"drinks":false},{"name":"מאקי עוף בטמפורה","description":"","price":24,"vegan":false,"vegetarian":false,"image":"","notFood":false,"drinks":false},{"name":"קונוס דג","description":"דג ושתי תוספות צמחוניות לבחירה","price":22,"vegan":false,"vegetarian":false,"image":"https://d25t2285lxl5rf.cloudfront.net/images/dishes/da0229ed-f397-4d59-849b-e74c0eaef492.jpg","notFood":false,"drinks":false},{"name":"קונוס צמחוני","description":"מוגש עם 3 תוספות צמחוניות לבחירה","price":19,"vegan":true,"vegetarian":true,"image":"https://d25t2285lxl5rf.cloudfront.net/images/dishes/cadc85b2-52c6-40a4-a65e-8f89e0f237e6.jpg","notFood":false,"drinks":false},{"name":"סושי סנדווי'ץ צמחוני","description":"אבוקדו, בטטה מאודה, טמגו (חביצה יפנית) ועירית עטוף בפנקו (פירורי לחם יפנים). ","price":38,"vegan":false,"vegetarian":true,"image":"https://d25t2285lxl5rf.cloudfront.net/images/dishes/393e9154-b7ba-41b1-b5c2-5bbdb545353d.jpg","notFood":false,"drinks":false},{"name":"סושי סנדווי'ץ מעושן","description":"סלמון מעושן, אבוקדו ועירית \nעטוף בפנקו (פירורי לחם יפנים). ","price":41,"vegan":false,"vegetarian":false,"image":"https://d25t2285lxl5rf.cloudfront.net/images/dishes/d34ad1e8-9cc9-42e1-b04d-d54debcaf5f4.jpg","notFood":false,"drinks":false},{"name":"סושי סנדוויץ' קריספי","description":"סנדוויץ' בטמפורה ופנקו עם סלמון, אבוקדו וגבינת שמנת טופו","price":41,"vegan":false,"vegetarian":false,"image":"https://d25t2285lxl5rf.cloudfront.net/images/dishes/950e7a12-c44b-4cf9-9310-589c0a5e8b37.jpg","notFood":false,"drinks":false},{"name":"סושי סנדוויץ' דג בהרכבה עצמית","description":"מוגש עם דג ו3 תוספות לבחירה ","price":38,"vegan":false,"vegetarian":false,"image":"https://d25t2285lxl5rf.cloudfront.net/images/dishes/572d2363-a00d-419f-9efb-a93279a77986.jpg","notFood":false,"drinks":false},{"name":"סושי סנדוויץ' צמחוני בהרכבה עצמית","description":"4 תוספות צמחוניות לבחירה ","price":38,"vegan":true,"vegetarian":true,"image":"https://d25t2285lxl5rf.cloudfront.net/images/dishes/982d9405-203a-4936-a3ab-9ec6742a5097.jpg","notFood":false,"drinks":false},{"name":"סנדוויץ' קריספי צמחוני","description":" סנדוויץ׳ בטמפורה ופנקו עם אבוקדו, בטטה בטמפורה ועירית","price":39,"vegan":true,"vegetarian":true,"image":"","notFood":false,"drinks":false},{"name":"נודלס פטריות","description":"מיקס פטריות, בצל סגול, בצל ירוק ונבטים מוקפצים בווק עם אטריות\nברוטב סויה פטריות מתקתק","price":42,"vegan":true,"vegetarian":true,"image":"https://d25t2285lxl5rf.cloudfront.net/images/dishes/8ff0d893-f260-4ca3-b57e-db1ce64bb00e.jpg","notFood":false,"drinks":false},{"name":"פאד תאי","description":"ביצה, כרוב, גזר ושעועית ירוקה מוקפצים בווק עם אטריות אורז, בצל ירוק\nונבטים ברוטב פיקנטי. מוגש עם כוסברה, שברי בוטנים ופלח לימון","price":42,"vegan":false,"vegetarian":true,"image":"https://d25t2285lxl5rf.cloudfront.net/images/dishes/47972ade-fa61-4268-aa0f-d8be2ce7fedf.jpg","notFood":false,"drinks":false},{"name":"צ'ופ סוי","description":"גזר, כרוב, בצל, פלפלים ושעועית ירוקה מוקפצים בווק עם אטריות\nברוטב סויה, צ‘ילי ושום מתקתק. מוגש עם בצל ירוק","price":42,"vegan":true,"vegetarian":true,"image":"https://d25t2285lxl5rf.cloudfront.net/images/dishes/9436d658-db75-4ca3-b93c-efc63b5c95ec.jpg","notFood":false,"drinks":false},{"name":"נודלס קוקוס קארי","description":"גזר, בצל, ושעועית ירוקה מוקפצים בווק עם אטריות ברוטב פיקנטי\nשל קארי אדום וחלב קוקוס. מוגש עם שברי בוטנים וכוסברה *מכיל חמאת בוטנים","price":42,"vegan":false,"vegetarian":true,"image":"https://d25t2285lxl5rf.cloudfront.net/images/dishes/9caa7824-62ca-4a9c-8cc8-97a7ecc4df7a.jpg","notFood":false,"drinks":false},{"name":"אורז מוקפץ","description":" ביצה, כרוב, גזר, בצל, אפונה ותירס מוקפצים בווק עם אורז יסמין ברוטב\nמתקתק של סויה שום וגינג׳ר. מוגש עם בצל ירוק מעל","price":42,"vegan":false,"vegetarian":true,"image":"https://d25t2285lxl5rf.cloudfront.net/images/dishes/567c9680-1ea7-40dd-a574-bdb09f244f70.jpg","notFood":false,"drinks":false},{"name":"ספיישל סמוקי ביף","description":"רצועות בקר, חזה אווז מעושן, פלפלים, שעועית ירוקה, בצל\nונבטים מוקפצים בווק עם אטריות ברוטב סויה מתוק חריף","price":58,"vegan":false,"vegetarian":false,"image":"https://d25t2285lxl5rf.cloudfront.net/images/dishes/ecd8023e-9c8e-428c-8a66-51d3d2775277.jpg","notFood":false,"drinks":false},{"name":"שניצל בפנקו","description":"חזה עוף בציפוי פנקו פריך. מוגש עם תוספת לבחירה ","price":45,"vegan":false,"vegetarian":false,"image":"","notFood":false,"drinks":false},{"name":"נודלס צ‘ופ-סואי","description":"רצועות חזה עוף מוקפצות בווק עם אטריות ברוטב טריאקי )ללא ירקות( ","price":45,"vegan":false,"vegetarian":false,"image":"","notFood":false,"drinks":false},{"name":"מגש צמחוני 88 יח‘","description":"","price":305,"vegan":true,"vegetarian":true,"image":"","notFood":false,"drinks":false},{"name":"מגש גם וגם 88 יח‘","description":"","price":325,"vegan":true,"vegetarian":true,"image":"","notFood":false,"drinks":false},{"name":"מגש דגים 88 יח‘","description":"","price":350,"vegan":false,"vegetarian":false,"image":"","notFood":false,"drinks":false},{"name":"חלבווה בראוניס","description":"מצע של בראוניס שוקולד, קרם חלווה וציפוי של גנאש שוקולד מריר","price":28,"vegan":false,"vegetarian":true,"image":"","notFood":false,"drinks":false},{"name":"שוקולד קפה","description":"שכבות של קרם שוקולד וקרם קפה ופקאן על תחתית בראוניס וציפוי שוקולד ","price":28,"vegan":false,"vegetarian":true,"image":"","notFood":false,"drinks":false},{"name":"בקבוק זכוכית קוקה קולה","description":"","price":12,"vegan":true,"vegetarian":true,"image":"","notFood":false,"drinks":true},{"name":"בקבוק זכוכית דיאט קולה","description":"","price":12,"vegan":true,"vegetarian":true,"image":"","notFood":false,"drinks":true},{"name":"בקבוק זכוכית קולה זירו","description":"","price":12,"vegan":true,"vegetarian":true,"image":"","notFood":false,"drinks":true},{"name":"בקבוק זכוכית ספרייט","description":"","price":12,"vegan":true,"vegetarian":true,"image":"","notFood":false,"drinks":true},{"name":"בקבוק זכוכית דיאט ספרייט","description":"","price":12,"vegan":true,"vegetarian":true,"image":"","notFood":false,"drinks":true},{"name":"בקבוק זכוכית פאנטה","description":"","price":12,"vegan":true,"vegetarian":true,"image":"","notFood":false,"drinks":true},{"name":"בקבוק זכוכית נסטי אפרסק","description":"","price":12,"vegan":true,"vegetarian":true,"image":"","notFood":false,"drinks":true},{"name":"בקבוק זכוכית פרגית ענבים","description":"","price":12,"vegan":false,"vegetarian":false,"image":"","notFood":false,"drinks":true},{"name":"בקבוק זכוכית פריגת תפוזים","description":"","price":12,"vegan":true,"vegetarian":true,"image":"","notFood":false,"drinks":true},{"name":"בקבוק 0.5 ליטר מים בטעם תפוח","description":"","price":12,"vegan":true,"vegetarian":true,"image":"","notFood":false,"drinks":true},{"name":"בקבוק 0.5 ליטר מים בטעם אפרסק","description":"","price":12,"vegan":true,"vegetarian":true,"image":"","notFood":false,"drinks":true},{"name":"בקבוק 0.5 ליטר מים בטעם ענבים","description":"","price":12,"vegan":true,"vegetarian":true,"image":"","notFood":false,"drinks":true},{"name":"בקבוק 0.5 ליטר מים מינרלים","description":"","price":10,"vegan":true,"vegetarian":true,"image":"","notFood":false,"drinks":true},{"name":"סודה","description":"","price":10,"vegan":true,"vegetarian":true,"image":"","notFood":false,"drinks":true},{"name":"בירה שחורה","description":"","price":12,"vegan":true,"vegetarian":true,"image":"","notFood":false,"drinks":true}]}