{"track_id":"19647","filters":["meatGrill","homeMade","bar"],"image":"https://tenbis-static.azureedge.net/restaurant-card-image/ResCard_19647_1910030327.jpg","address":"ראול ולנברג, 20 תל אביב-יפו","location":[34.8376485,32.1100501],"name":"כתר המזרח","city":"בני ברק","priceAverage":37.5,"menu":[{"name":"שווארמה עגל כבש","description":"מוגש בליווי שתי תוספות לבחירה.","price":69,"vegan":false,"vegetarian":false,"image":"https://d25t2285lxl5rf.cloudfront.net/images/dishes/0e950295-c62c-4414-9142-816f01a7b79b.jpg","notFood":false,"drinks":false},{"name":"שווארמה פרגית עסיסית","description":"מוגש בליווי שתי תוספות לבחירה.","price":67,"vegan":false,"vegetarian":false,"image":"https://d25t2285lxl5rf.cloudfront.net/images/dishes/519768d0-0ef2-429a-b911-614a52d2628d.jpg","notFood":false,"drinks":false},{"name":"שיפוד קבב הבית צלוי על גריל פחם","description":"מוגש בליווי תוספות לבחירה","price":55,"vegan":false,"vegetarian":false,"image":"https://d25t2285lxl5rf.cloudfront.net/images/dishes/d31c52b4-fc5b-4c42-8098-c992169df152.jpg","notFood":false,"drinks":false},{"name":"חזה עוף בטעמים צרוב על פלנצ'ה חמה","description":"מוגש בליווי שתי תוספות לבחירה","price":60,"vegan":false,"vegetarian":false,"image":"https://d25t2285lxl5rf.cloudfront.net/images/dishes/659ac40d-d13c-4e9f-a571-02e1200897f8.jpg","notFood":false,"drinks":false},{"name":"שניצל של אבא כמו פעם","description":"מוגש בליווי שתי תוספות לבחירה ","price":60,"vegan":false,"vegetarian":false,"image":"https://d25t2285lxl5rf.cloudfront.net/images/dishes/b613dcfe-af5c-4a2e-8a69-9eb1ac3e29df.jpg","notFood":false,"drinks":false},{"name":"פלטה בישולים צימחוני","description":"לבחירה 3  תוספות מגיע עם חמוצי הבית קופסא חומוס ופיתה","price":50,"vegan":true,"vegetarian":true,"image":"https://d25t2285lxl5rf.cloudfront.net/images/dishes/723728f9-d72e-42cf-ac4d-51f98e430f1c.jpg","notFood":false,"drinks":false},{"name":"שווארמה מיקס עגל כבש ופרגית","description":"מוגש בליווי שתי תוספות לבחירה","price":69,"vegan":false,"vegetarian":false,"image":"https://d25t2285lxl5rf.cloudfront.net/images/dishes/24f5cdcf-8696-413a-95a9-90b15458679d.jpg","notFood":false,"drinks":false},{"name":"שיפוד פרגית צלוי על גריל פחם","description":"מוגש בליווי שתי תוספות לבחירה","price":55,"vegan":false,"vegetarian":false,"image":"https://d25t2285lxl5rf.cloudfront.net/images/dishes/eecf455b-52f5-4f47-93dc-90f20720a699.jpg","notFood":false,"drinks":false},{"name":"חמגשית חביתת ירק \\ עלי גפן מנה צימחונית","description":"בחירה בין 4 עלי גפן או חביתת ירק , מגיעה עם חמוצים קופסה חומוס ופיתה","price":49,"vegan":true,"vegetarian":true,"notFood":false,"drinks":false},{"name":"שווארמה עגל כבש עם פיסטוקים","description":"קופסה של חמוצי הבית ( טורשי)","price":58,"vegan":false,"vegetarian":false,"image":"https://d25t2285lxl5rf.cloudfront.net/images/dishes/82741a28-8790-410f-ad9f-186c149258b4.jpg","notFood":false,"drinks":false},{"name":"שווארמה פרגית עסיסית","description":"קופסה של חמוצי הבית ( טורשי)","price":57,"vegan":false,"vegetarian":false,"image":"https://d25t2285lxl5rf.cloudfront.net/images/dishes/ced4cdf8-09f7-41ce-8e49-77b4f3e17fcd.jpg","notFood":false,"drinks":false},{"name":"קבב הבית בעבודת יד צלוי על גריל פחמים","description":"קופסה של חמוצי הבית ( טורשי)","price":45,"vegan":false,"vegetarian":false,"image":"https://d25t2285lxl5rf.cloudfront.net/images/dishes/8139ba8c-27df-42b4-8fca-d50db47e37b5.jpg","notFood":false,"drinks":false},{"name":"שיפוד פרגית צלוי על גריל פחמים","description":"קופסה של חמוצי הבית ( טורשי)","price":45,"vegan":false,"vegetarian":false,"image":"https://d25t2285lxl5rf.cloudfront.net/images/dishes/d126e37a-1329-4ae7-b81e-268c69b02900.jpg","notFood":false,"drinks":false},{"name":"שניצל של אבא כמו פעם","description":"קופסה של חמוצי הבית ( טורשי)","price":47,"vegan":false,"vegetarian":false,"image":"https://d25t2285lxl5rf.cloudfront.net/images/dishes/57452bfa-e0e0-49c2-9b20-66c5efd94daa.jpg","notFood":false,"drinks":false},{"name":"לאפה סלטים - מנה צימחונית","description":"קופסה של חמוצי הבית ( טורשי)","price":35,"vegan":true,"vegetarian":true,"image":"https://d25t2285lxl5rf.cloudfront.net/images/dishes/ee0f621b-f0a4-45e1-8000-2c8140c59342.jpg","notFood":false,"drinks":false},{"name":"חזה עוף בטעמים צרוב על פלנצ'ה","description":"קופסה של חמוצי הבית ( טורשי)","price":47,"vegan":false,"vegetarian":false,"image":"https://d25t2285lxl5rf.cloudfront.net/images/dishes/db3f6c4e-3d12-468c-95fb-66cfe2755753.jpg","notFood":false,"drinks":false},{"name":"חביתת ירק - מנה צימחונית","description":"קופסה של חמוצי הבית ( טורשי)","price":35,"vegan":true,"vegetarian":true,"image":"https://d25t2285lxl5rf.cloudfront.net/images/dishes/d86feed1-1d43-4a44-ba29-c49f708c6f2f.jpg","notFood":false,"drinks":false},{"name":"שווארמה מיקס","price":58,"vegan":false,"vegetarian":false,"image":"https://d25t2285lxl5rf.cloudfront.net/images/dishes/c11e1bd6-0036-4cf9-9a5f-3abd6c9438bf.jpg","notFood":false,"drinks":false},{"name":"שווארמה עגל כבש עם פיסטוק","description":"קופסה של חמוצי הבית ( טורשי)","price":48,"vegan":false,"vegetarian":false,"image":"https://d25t2285lxl5rf.cloudfront.net/images/dishes/82c2aab4-2527-4c85-9ffb-62635e834314.jpg","notFood":false,"drinks":false},{"name":"שווארמה פרגית עסיסית","description":"קופסה של חמוצי הבית ( טורשי) ","price":44,"vegan":false,"vegetarian":false,"image":"https://d25t2285lxl5rf.cloudfront.net/images/dishes/2d5dfd9d-2a21-4c4e-b9b9-34b388c9535e.jpg","notFood":false,"drinks":false},{"name":"שניצל של אבא כמו פעם","description":"קופסה של חמוצי הבית ( טורשי) ","price":40,"vegan":false,"vegetarian":false,"image":"https://d25t2285lxl5rf.cloudfront.net/images/dishes/cd985164-aba0-4a50-95a9-65a45ba7fea1.jpg","notFood":false,"drinks":false},{"name":"חביתת ירק - מנה צמחונית","description":"קופסה של חמוצי הבית ( טורשי) ","price":30,"vegan":true,"vegetarian":true,"image":"https://d25t2285lxl5rf.cloudfront.net/images/dishes/76ca5c48-1791-4751-a157-a2e112a99f11.jpg","notFood":false,"drinks":false},{"name":"חזה עוף בטעמים צרוב על פלנצ'ה חמה","description":"קופסה של חמוצי הבית ( טורשי) ","price":40,"vegan":false,"vegetarian":false,"image":"https://d25t2285lxl5rf.cloudfront.net/images/dishes/a55c84bb-9cbc-4829-9e44-a873248b9b63.jpg","notFood":false,"drinks":false},{"name":"שיפוד קבב צלוי על גריל פחמים","description":"קופסה של חמוצי הבית ( טורשי) ","price":40,"vegan":false,"vegetarian":false,"image":"https://d25t2285lxl5rf.cloudfront.net/images/dishes/301a13a1-40ee-4097-a546-b9ab7ee502fd.jpg","notFood":false,"drinks":false},{"name":"שיפוד פרגית צלוי על גריל פחמים","description":"קופסה של חמוצי הבית ( טורשי) ","price":40,"vegan":false,"vegetarian":false,"image":"https://d25t2285lxl5rf.cloudfront.net/images/dishes/2ebcd855-8ec5-45da-8f16-8e6756cb9eea.jpg","notFood":false,"drinks":false},{"name":"פיתה סלטים מנה צימחונית","description":"קופסה של חמוצי הבית ( טורשי) ","price":30,"vegan":true,"vegetarian":true,"image":"https://d25t2285lxl5rf.cloudfront.net/images/dishes/d669d75c-b376-47cd-9a2d-9b9acafd2161.jpg","notFood":false,"drinks":false},{"name":"שווארמה מיקס פרגית עגל","description":" ","price":48,"vegan":false,"vegetarian":false,"image":"https://d25t2285lxl5rf.cloudfront.net/images/dishes/29cc6d6e-57ad-4dfb-882a-a4a89cfb4563.jpg","notFood":false,"drinks":false},{"name":"קובה עירקית","description":"יחידה 1 ","price":12,"vegan":true,"vegetarian":true,"image":"https://d25t2285lxl5rf.cloudfront.net/images/dishes/628fbfe3-dcff-413d-9ad0-a416fbed9a49.jpg","notFood":false,"drinks":false},{"name":"יחידה של שניצל חם","description":"יחידה 1","price":16,"vegan":false,"vegetarian":false,"image":"https://d25t2285lxl5rf.cloudfront.net/images/dishes/9d2b3e58-712b-43f5-bc35-b211b59b40b3.jpg","notFood":false,"drinks":false},{"name":"חביתת ירק - עיג'ה","description":"יחידה 1","price":13,"vegan":true,"vegetarian":true,"image":"https://d25t2285lxl5rf.cloudfront.net/images/dishes/3a063075-8f09-4d05-a4ba-125e2a0c402e.jpg","notFood":false,"drinks":false},{"name":"לאפה כשרה לפסח","price":7,"vegan":true,"vegetarian":true,"image":"https://d25t2285lxl5rf.cloudfront.net/images/dishes/f2aef6a2-868c-449e-acbd-3cbcddfbf0e4.jpg","notFood":false,"drinks":false},{"name":"צ'יפס","price":15,"vegan":true,"vegetarian":true,"notFood":false,"drinks":false},{"name":"קוקה קולה","price":12,"vegan":true,"vegetarian":true,"notFood":false,"drinks":true},{"name":"קוקה קולה זירו","price":12,"vegan":true,"vegetarian":true,"notFood":false,"drinks":true},{"name":"ספרייט","price":12,"vegan":true,"vegetarian":true,"notFood":false,"drinks":true},{"name":"ספרייט דיאט","price":12,"vegan":true,"vegetarian":true,"notFood":false,"drinks":true},{"name":"פאנטה","price":12,"vegan":true,"vegetarian":true,"notFood":false,"drinks":false},{"name":"תפוזים","price":12,"vegan":true,"vegetarian":true,"notFood":false,"drinks":false},{"name":"אשכוליות","price":12,"vegan":true,"vegetarian":true,"notFood":false,"drinks":false},{"name":"ענבים","price":12,"vegan":true,"vegetarian":true,"notFood":false,"drinks":true},{"name":"פיוז טי","price":13,"vegan":true,"vegetarian":true,"notFood":false,"drinks":false},{"name":"מים מינרלים","price":9,"vegan":true,"vegetarian":true,"notFood":false,"drinks":false},{"name":"סודה","price":9,"vegan":true,"vegetarian":true,"notFood":false,"drinks":true},{"name":"בירה שחורה","price":13,"vegan":true,"vegetarian":true,"notFood":false,"drinks":true},{"name":"סלט הכתר שאוורמה פרגית","description":"סלט ירקות,כרוב לבן,כרוב אדום,בצל סומק,ירק,טחינה","price":55,"vegan":false,"vegetarian":false,"notFood":false,"drinks":false},{"name":"סלט הכתר שאוורמה עגל","description":"סלט ירקות,כרוב לבן,כרוב אדום,ירק,טחינה ","price":60,"vegan":true,"vegetarian":true,"notFood":false,"drinks":false},{"name":"סלט הכתר מיקס","description":"סלט ירקות,כרוב לבן,כרוב אדום,בצל סומק,ירק","price":60,"vegan":true,"vegetarian":true,"notFood":false,"drinks":false},{"name":"חומוס הכתר שאוורמה פרגית","description":"צלחת חומוס עם שאוורמה באמצע בתוספת בצל ,ירק,טחינה ,טורקי,וחריף של הדוד אברהם","price":55,"vegan":false,"vegetarian":false,"notFood":false,"drinks":false},{"name":"חומוס הכתר שאוומה עגל","description":"צלחת חומוס עם שאוורמה עגל טחינה מעל טורקי ,ירק וחריף של הדוד אברהם \nמגיע עם 2 פיתות וחמוצים ליד","price":61,"vegan":true,"vegetarian":true,"notFood":false,"drinks":false},{"name":"חומוס הכתר שאוומה מיקס","description":"צלחת חומוס עם שאוורמה עגל ופרגית משולב עם טחינה מעל ירק ,טורקי ,בצל וחריף של הדוד אברהם \nמגיע עם 2 פיתות וחמוצים ליד","price":60,"vegan":false,"vegetarian":false,"notFood":false,"drinks":false}]}