{"track_id":"19652","filters":["pizza","salads","glutenFree"],"image":"https://tenbis-static.azureedge.net/restaurant-card-image/ResCard_19652_1910030256.jpg","address":"חיים משה שפירא, 35 לוד","location":[34.9041811,31.9494636],"name":"קריספי פיצה","city":"איירפורט סיטי","priceAverage":23.22222222222222,"menu":[{"name":"סלט יווני+לחם שום או פיתה זעתר או פוקצה","description":"המנה  מוגשת עם לחם לבחירה","price":32,"vegan":true,"vegetarian":true,"image":"https://d25t2285lxl5rf.cloudfront.net/images/dishes/a4a5305d-c421-4803-ad77-5f85419257a5.jpg","notFood":false,"drinks":false},{"name":"שני מגשים משפחתיים L","price":70,"vegan":true,"vegetarian":true,"image":"https://d25t2285lxl5rf.cloudfront.net/images/dishes/56fbe3fe-c56d-47b6-8034-19d0be0f562d.jpg","notFood":false,"drinks":false},{"name":"שני מגשים XXL +קוקה קולה","description":"המנה מוגשת עם בקבוק קולה 1.5 ליטר","price":104,"vegan":true,"vegetarian":true,"image":"https://d25t2285lxl5rf.cloudfront.net/images/dishes/1c488fa3-e272-4238-8237-e54e7b791e7c.jpg","notFood":false,"drinks":true},{"name":"מגש XXL+סלט יווני/טונה+לחם שום+קוקה קולה 1.5 ליטר","description":"מוגש עם מנה ראשונה לבחירה, לחם שום ובקבוק קוקה קולה 1.5 ליטר","price":90,"vegan":false,"vegetarian":false,"image":"https://d25t2285lxl5rf.cloudfront.net/images/dishes/d5dd898e-5706-4c4c-ab9c-c39a23e21951.jpg","notFood":false,"drinks":true},{"name":"סלט טונה+לחם שום או פיתה זעתר או פוקצה","description":"המנה מוגשת עם לחם לבחירה","price":32,"vegan":false,"vegetarian":false,"notFood":false,"drinks":false},{"name":"פיצה אישית","price":16,"vegan":false,"vegetarian":true,"image":"https://d25t2285lxl5rf.cloudfront.net/images/dishes/fbcab985-ebaa-4820-878d-138b06f02bbf.jpg","notFood":false,"drinks":false},{"name":"פיצה L","price":48,"vegan":false,"vegetarian":true,"image":"https://d25t2285lxl5rf.cloudfront.net/images/dishes/0542f382-86d7-4977-ae2a-d0afd7ef846d.jpg","notFood":false,"drinks":false},{"name":"פיצה XXL+קוקה קולה 1.5 ליטר","price":61,"vegan":false,"vegetarian":true,"image":"https://d25t2285lxl5rf.cloudfront.net/images/dishes/ee04b95a-9f6b-439d-9dff-7066ac4cc29d.jpg","notFood":false,"drinks":true},{"name":"ספגטי שמנת פטריות","price":30,"vegan":false,"vegetarian":true,"image":"https://d25t2285lxl5rf.cloudfront.net/images/dishes/0b712203-e580-48c2-9c2a-93dea184ac3e.jpg","notFood":false,"drinks":false},{"name":"לחם שום הבית (מומלץ)","description":"המנה מוגשת עם ביצה, גבינה בולגרית, תבלינים וחריף","price":20,"vegan":false,"vegetarian":true,"image":"https://d25t2285lxl5rf.cloudfront.net/images/dishes/55a5ca57-a8e6-44b3-be4e-6e94d10d0934.jpg","notFood":false,"drinks":false},{"name":"טוסט הבית (מומלץ)","description":"רוטב פיצה,גבינה,זיתים,ביצה וזעתר\nכל תוספת 2 ש\"ח","price":18,"vegan":false,"vegetarian":true,"image":"https://d25t2285lxl5rf.cloudfront.net/images/dishes/d6dc9003-fcda-4baf-a9d0-3fef61e215be.jpg","notFood":false,"drinks":false},{"name":"סלט יווני","description":"על מצע חסה, מלפפון, עגבניה, גבינה בולגרית, זיתים שחורים, בצל \r\nמוגש עם רוטב אלף האיים, לימון ושמן זית","price":25,"vegan":false,"vegetarian":true,"image":"https://d25t2285lxl5rf.cloudfront.net/images/dishes/3a8f035a-f2be-44cd-bdbc-8b031de6befb.jpg","notFood":false,"drinks":false},{"name":"סלט טונה","description":"על מצע חסה, מלפפון, עגבניה, תירס, טונה, זיתים שחורים, טבעות בצל וזעתר\r\nמוגש עם רוטב אלף האיים, לימון ושמן זית","price":25,"vegan":false,"vegetarian":false,"image":"https://d25t2285lxl5rf.cloudfront.net/images/dishes/868120c1-937e-42d9-b54f-632c3a2b5df8.jpg","notFood":false,"drinks":false},{"name":"ביצה","price":4,"vegan":false,"vegetarian":true,"notFood":false,"drinks":false},{"name":"כפול בולגרית","price":5,"vegan":false,"vegetarian":true,"notFood":false,"drinks":false},{"name":"מלוואח מגולגל","description":"חומוס,רסק,כרוב סגול,ביצה,חריף","price":15,"vegan":false,"vegetarian":true,"image":"https://d25t2285lxl5rf.cloudfront.net/images/dishes/ed0a77de-2333-4f8d-806e-4d4aba1aed2a.jpg","notFood":false,"drinks":false},{"name":"זיווה","description":"במילוי גבינה צהובה עם זיתים וזעתר","price":18,"vegan":false,"vegetarian":true,"image":"https://d25t2285lxl5rf.cloudfront.net/images/dishes/6364dab3-1419-4155-8329-b48f4aa77d72.jpg","notFood":false,"drinks":false},{"name":"זיווה נוטלה","price":18,"vegan":false,"vegetarian":false,"image":"https://d25t2285lxl5rf.cloudfront.net/images/dishes/c6d1407b-2f3c-481a-ad42-8a51d3145612.jpg","notFood":false,"drinks":false},{"name":"לחם שום","price":10,"vegan":true,"vegetarian":true,"image":"https://d25t2285lxl5rf.cloudfront.net/images/dishes/8ede6f42-d98f-4ba7-8fcd-414c8a914dd7.jpg","notFood":false,"drinks":false},{"name":"פוקצה","price":10,"vegan":true,"vegetarian":true,"image":"https://d25t2285lxl5rf.cloudfront.net/images/dishes/fffd44f8-c0da-46a4-95a8-3a69e94f4bf2.jpg","notFood":false,"drinks":false},{"name":"מלוואח פיצה","price":18,"vegan":false,"vegetarian":true,"notFood":false,"drinks":false},{"name":"פיתה זעתר בשמן זית","price":10,"vegan":true,"vegetarian":true,"notFood":false,"drinks":false},{"name":"טוסט הבית (מומלץ)","description":"רוטב פיצה, גבינה, זיתים, ביצה וזעתר","price":18,"vegan":false,"vegetarian":true,"image":"https://d25t2285lxl5rf.cloudfront.net/images/dishes/7a733181-3cdd-472b-a7b8-eb8d25ca1ca0.jpg","notFood":false,"drinks":false},{"name":"טוסט לפי בחירה (מומלץ)","description":"כל תוספת 2 ש\"ח","price":18,"vegan":true,"vegetarian":true,"image":"https://d25t2285lxl5rf.cloudfront.net/images/dishes/6fea1b11-d029-455a-9d11-8cccf535cb78.jpg","notFood":false,"drinks":false},{"name":"כפול גבינה","price":7,"vegan":false,"vegetarian":true,"notFood":false,"drinks":false},{"name":"סמבוסק (מומלץ)","description":"רוטב פיצה, גבינה, זיתים","price":16,"vegan":false,"vegetarian":true,"image":"https://d25t2285lxl5rf.cloudfront.net/images/dishes/1c9d0f0b-b02c-4cd5-8b74-d970efc6c628.jpg","notFood":false,"drinks":false},{"name":"תוספת הקרמה-גבינה","price":7,"vegan":false,"vegetarian":true,"notFood":false,"drinks":false},{"name":"פחית קוקה קולה","price":11,"vegan":true,"vegetarian":true,"notFood":false,"drinks":true},{"name":"פחית קוקה קולה זירו","price":11,"vegan":true,"vegetarian":true,"notFood":false,"drinks":true},{"name":"בקבוק פיוז טי - אפרסק","price":12,"vegan":true,"vegetarian":true,"notFood":false,"drinks":true},{"name":"בקבוק פריגת - ענבים 330","price":11,"vegan":true,"vegetarian":true,"notFood":false,"drinks":true},{"name":"בקבוק פריגת - תפוזים 330","price":11,"vegan":true,"vegetarian":true,"notFood":false,"drinks":true},{"name":"פריגת- תות בננה 330","price":11,"vegan":true,"vegetarian":true,"notFood":false,"drinks":false},{"name":"מי עדן- מים מינרלים","price":7,"vegan":true,"vegetarian":true,"notFood":false,"drinks":false},{"name":"פחית XL","price":9,"vegan":true,"vegetarian":true,"notFood":false,"drinks":false},{"name":"בקבוק קינלי סודה","price":8,"vegan":true,"vegetarian":true,"notFood":false,"drinks":true}]}