{"track_id":"19663","filters":["meatGrill","sandwichesWraps","salads"],"image":"https://tenbis-static.azureedge.net/restaurant-card-image/ResCard_19663_20220616165647.jpg","address":"הרוקמים, 26 חולון","location":[34.8006392,32.0077569],"name":"ג'וני קריספי חולון","city":"ראשון לציון, חולון, בת ים","priceAverage":33.40625,"menu":[{"name":"המבורגר אנטריקוט","description":"קציצת בקר מנתחי אנטריקוט מומלץ עם איולי צימיצורי ,חסה ,עגבניה ,חמוצים ,ובצל סגול.","price":50,"vegan":false,"vegetarian":false,"image":"https://d25t2285lxl5rf.cloudfront.net/images/dishes/724e7d21-a14d-44b4-86da-7a12d519b29d.jpg","notFood":false,"drinks":false},{"name":"הקוביות של ג'וני - סלופי ג'ו","description":"משטח כריכים אישיים לחלוקה הנמסים בפה. 4 יח' כריכים במנה.\nמגיע עם כל הרטבים לצד המנה: 1 איולי צי'מיצ'ורי, 1 אלף האיים, 1 מיונז שום, 1 צ'ילי חריף, 1 צ'ילי מתוק, 2 מיונז.","price":49,"vegan":false,"vegetarian":true,"image":"https://d25t2285lxl5rf.cloudfront.net/images/dishes/3add71e8-ecd5-40af-bcd2-d5cb4d3004c8.jpg","notFood":false,"drinks":false},{"name":"גוני אנטריקוט","description":"נתחי אנטריקוט על הפלנצ'ה, עם מבחר ממרחים וירקות לבחירה. \nמגיע עם כל הרטבים לצד המנה: 1 איולי צי'מיצ'ורי, 1 אלף האיים, 1 מיונז שום, 1 צ'ילי חריף, 1 צ'ילי מתוק, 2 מיונז.","price":52,"vegan":false,"vegetarian":false,"image":"https://d25t2285lxl5rf.cloudfront.net/images/dishes/2fde06d9-5df5-4264-b020-5cb915a4f080.jpg","notFood":false,"drinks":false},{"name":"גוני אנטריקוט בשזיפים","description":"נתחי אנטריקוט על הפלנצ'ה עם רוטב שזיפים, עם מבחר ממרחים וירקות לבחירה. \nמגיע עם כל הרטבים לצד המנה: 1 איולי צי'מיצ'ורי, 1 אלף האיים, 1 מיונז שום, 1 צ'ילי חריף, 1 צ'ילי מתוק, 2 מיונז.","price":53,"vegan":false,"vegetarian":false,"image":"https://d25t2285lxl5rf.cloudfront.net/images/dishes/3a6cf335-2166-41a9-95e0-54c9eead5e83.jpg","notFood":false,"drinks":false},{"name":"גוני אנטריקוט כפול","description":"נתחי אנטריקוט על הפלנצ'ה, עם מבחר ממרחים וירקות לבחירה. \nמגיע עם כל הרטבים לצד המנה: 1 איולי צי'מיצ'ורי, 1 אלף האיים, 1 מיונז שום, 1 צ'ילי חריף, 1 צ'ילי מתוק, 2 מיונז.","price":67,"vegan":false,"vegetarian":false,"image":"https://d25t2285lxl5rf.cloudfront.net/images/dishes/c4050db9-655a-476b-9c8b-5971632fea78.jpg","notFood":false,"drinks":false},{"name":"ג`וני אנטריקוט\t","description":"נתחי אנטריקוט עסיסיים עם בצל","price":43,"vegan":false,"vegetarian":false,"image":"https://d25t2285lxl5rf.cloudfront.net/images/dishes/2f17f49b-e0c4-4367-aa82-e9d93296a487.jpg","notFood":false,"drinks":false},{"name":"חזה עוף","description":"חזה עוף דל שומן על הפלנצ'ה עם מבחר ממרחים וירקות לבחירה.\nמגיע עם כל הרטבים לצד המנה: 1 איולי צי'מיצ'ורי, 1 אלף האיים, 1 מיונז שום, 1 צ'ילי חריף, 1 צ'ילי מתוק, 2 מיונז.","price":45,"vegan":false,"vegetarian":false,"image":"https://d25t2285lxl5rf.cloudfront.net/images/dishes/78bd17bd-c190-4b4d-894d-9bcfa1925cdf.jpg","notFood":false,"drinks":false},{"name":"שניצל ביתי","description":"שניצל עוף מצופה בפרורי לחם קריספיים, עם מבחר ממרחים וירקות לבחירה. \nמגיע עם כל הרטבים לצד המנה: 1 איולי צי'מיצ'ורי, 1 אלף האיים, 1 מיונז שום, 1 צ'ילי חריף, 1 צ'ילי מתוק, 2 מיונז.","price":45,"vegan":false,"vegetarian":false,"image":"https://d25t2285lxl5rf.cloudfront.net/images/dishes/ef91f63c-f790-4de2-bf98-93dbaacee5dc.jpg","notFood":false,"drinks":false},{"name":"סלופי ג'ו","description":"בשר צלע קצוץ, בצל צרוב ורוטב סלופי מתקתק","price":42,"vegan":false,"vegetarian":false,"image":"https://d25t2285lxl5rf.cloudfront.net/images/dishes/888d5209-a23c-446b-9890-b6dcb258ef94.jpg","notFood":false,"drinks":false},{"name":"שווארמה פרגית","description":"עם מבחר ממרחים וירקות לבחירה. \nמגיע עם כל הרטבים לצד המנה: 1 איולי צי'מיצ'ורי, 1 אלף האיים, 1 מיונז שום, 1 צ'ילי חריף, 1 צ'ילי מתוק, 2 מיונז.","price":49,"vegan":false,"vegetarian":false,"image":"https://d25t2285lxl5rf.cloudfront.net/images/dishes/9dfa02c1-0b76-4d6a-99f4-e55a11ff83d8.jpg","notFood":false,"drinks":false},{"name":"קציצות ירק- צמחוני","description":"קציצות ירק ביתיות ","price":42,"vegan":true,"vegetarian":true,"image":"https://d25t2285lxl5rf.cloudfront.net/images/dishes/75d1dc8b-a57e-4823-8489-80447d757fca.jpg","notFood":false,"drinks":false},{"name":"המבורגר פרימיום","description":"160 גרם בלחמנית המבורגר.\nמגיע עם כל הרטבים לצד המנה: 1 איולי צי'מיצ'ורי, 1 אלף האיים, 1 מיונז שום, 1 צ'ילי חריף, 1 צ'ילי מתוק, 2 מיונז.","price":51,"vegan":false,"vegetarian":false,"image":"https://d25t2285lxl5rf.cloudfront.net/images/dishes/ce541561-93a0-4460-800a-d8947aa101b7.jpg","notFood":false,"drinks":false},{"name":"סלט חזה עוף","description":"נתחי עוף עם חסה, עגבניה, בצל סגול, צ‘ימיצ‘ורי, לימון ושמן זית.","price":48,"vegan":false,"vegetarian":false,"image":"https://d25t2285lxl5rf.cloudfront.net/images/dishes/6d3fe0f9-f51b-47a5-a9a0-86edccd9aa65.jpg","notFood":false,"drinks":false},{"name":"סלט שניצל","description":"שניצל, חסה עגבניה, בצל סגול, גזר, מלפפון, כרוב לבן. ורטבים לבחירה","price":51,"vegan":false,"vegetarian":false,"image":"https://d25t2285lxl5rf.cloudfront.net/images/dishes/057d8039-343e-4fe5-9001-256c990132be.jpg","notFood":false,"drinks":false},{"name":"סלט עם נתחי אנטריקוט","description":"נתחי אנטריקוט, חסה, עגבניה, בצל סגול, גזר, מלפפון, כרוב לבן ורטבים לבחירה ","price":56,"vegan":false,"vegetarian":false,"image":"https://d25t2285lxl5rf.cloudfront.net/images/dishes/e01c3643-b836-4e66-9357-ccdacd9e4d19.jpg","notFood":false,"drinks":false},{"name":"סלט השוק","description":"חסה, עגבנייה, בצל, גזר, מלפפון חמוץ, כרוב לבן חמוץ ורטבים","price":38,"vegan":true,"vegetarian":true,"image":"https://d25t2285lxl5rf.cloudfront.net/images/dishes/817b2135-3e6a-4092-a191-db783492107d.jpg","notFood":false,"drinks":false},{"name":"מגשית שניצל ילדים","description":"מוגש עם צ'יפס ולחמניה קטנה","price":29,"vegan":false,"vegetarian":false,"notFood":false,"drinks":false},{"name":"מגשית חזה עוף","description":"מוגש עם צ'יפס ולחמניה קטנה","price":29,"vegan":false,"vegetarian":false,"notFood":false,"drinks":false},{"name":"סלט אישי","description":"250 מ\"ל חסה, מלפפון, עגבניה ובצל.","price":18,"vegan":true,"vegetarian":true,"image":"https://d25t2285lxl5rf.cloudfront.net/images/dishes/31cd0413-ef36-4008-83ab-0c5d705b2e8b.jpg","notFood":false,"drinks":false},{"name":"צ'יפס","price":19,"vegan":true,"vegetarian":true,"image":"https://d25t2285lxl5rf.cloudfront.net/images/dishes/4903f0d9-2849-4f13-9088-a2370025e848.jpg","notFood":false,"drinks":false},{"name":"טבעות בצל","price":21,"vegan":true,"vegetarian":true,"image":"https://d25t2285lxl5rf.cloudfront.net/images/dishes/6e6cdf7f-403a-4777-bff3-1020cd5202f7.jpg","notFood":false,"drinks":false},{"name":"צ'יפס בטטה","price":23,"vegan":true,"vegetarian":true,"image":"https://d25t2285lxl5rf.cloudfront.net/images/dishes/05d8b470-8cf5-4e67-b7d7-7dbfeed6e30f.jpg","notFood":false,"drinks":false},{"name":"פלחי פוטטו קריספי","price":23,"vegan":true,"vegetarian":true,"image":"https://d25t2285lxl5rf.cloudfront.net/images/dishes/617d7845-a424-4119-b9d4-f815992b5f2e.jpg","notFood":false,"drinks":false},{"name":"כרובית מצופה","description":"ברוטב צ'ילי מתוק","price":36,"vegan":true,"vegetarian":true,"image":"https://d25t2285lxl5rf.cloudfront.net/images/dishes/1785a4ee-ba4f-424e-9331-7d5ba2371aba.jpg","notFood":false,"drinks":false},{"name":"סודה","price":10,"vegan":true,"vegetarian":true,"notFood":false,"drinks":true},{"name":"מינרלים","price":10,"vegan":true,"vegetarian":true,"notFood":false,"drinks":false},{"name":"זכוכית ענבים","price":10,"vegan":true,"vegetarian":true,"notFood":false,"drinks":true},{"name":"פיוזטי","price":12,"vegan":true,"vegetarian":true,"notFood":false,"drinks":false},{"name":"פחית קולה","price":12,"vegan":true,"vegetarian":true,"notFood":false,"drinks":true},{"name":"פחית זירו","price":12,"vegan":true,"vegetarian":true,"notFood":false,"drinks":false},{"name":"פחית ספרייט","price":12,"vegan":true,"vegetarian":true,"notFood":false,"drinks":true},{"name":"בירה מאלטי","price":12,"vegan":true,"vegetarian":true,"notFood":false,"drinks":true}]}