{"track_id":"19681","filters":["meatGrill","homeMade"],"image":"https://tenbis-static.azureedge.net/restaurant-card-image/ResCard_19681_20211207095418.jpg","address":"הרצל, 75 ראשון לציון","location":[34.8030653,31.9653086],"name":"דדה  ","city":"נס ציונה - רחובות","priceAverage":40.24590163934426,"menu":[{"name":"סלט דילה","description":"מלפפון, עגבנייה, בצל אדום, גמבה\nוירק חתוך גס בתיבול שמן זית ואגוזי מלך","price":43,"vegan":true,"vegetarian":true,"image":"https://d25t2285lxl5rf.cloudfront.net/images/dishes/84c015fa-0ced-4777-9aa9-2b06e97fda63.png","notFood":false,"drinks":false},{"name":"סלט נלי","description":"מלפפון, עגבנייה, בצל אדום, גמבה, חסה וירק חתוך דק בתיבול שמן זית מיץ לימון וגבינה בולגרית","price":43,"vegan":false,"vegetarian":true,"image":"https://d25t2285lxl5rf.cloudfront.net/images/dishes/54a49b69-c11f-46f5-b0dd-5bbd22a0b086.png","notFood":false,"drinks":false},{"name":"סלט טביליסי","description":"חסה, גמבה, בצל סגול, שעועית לבנה, אגוזי מלך, חמוציות וירק בתיבול גאורגי מקורי","price":48,"vegan":true,"vegetarian":true,"image":"https://d25t2285lxl5rf.cloudfront.net/images/dishes/e3b8afc9-a20f-4896-af3c-0521a0b63acb.png","notFood":false,"drinks":false},{"name":"פחאלי","description":"גלילות חציל במילוי אגוזי מלך ופחאלי של סלק אדום","price":42,"vegan":true,"vegetarian":true,"image":"https://d25t2285lxl5rf.cloudfront.net/images/dishes/73bbd0b9-06d3-4ace-aa62-b248cea06139.png","notFood":false,"drinks":false},{"name":"לוביו","description":"תבשיל שעועית אדומה עם ירק ואגוזי מלך","price":34,"vegan":true,"vegetarian":true,"image":"https://d25t2285lxl5rf.cloudfront.net/images/dishes/1b77e065-d199-4c5e-8e12-1678d3496269.png","notFood":false,"drinks":false},{"name":"חציליאני","description":"חציל קלוי עם תערובת פטריות  ","price":38,"vegan":true,"vegetarian":true,"image":"https://d25t2285lxl5rf.cloudfront.net/images/dishes/eb7e6e08-785f-40a9-b041-507c5bccaecf.png","notFood":false,"drinks":false},{"name":"פוטטוס","description":"פלחי תפוח אדמה אפוי וקריספי","price":30,"vegan":true,"vegetarian":true,"image":"https://d25t2285lxl5rf.cloudfront.net/images/dishes/4580a9b9-b9ec-4d06-b1f2-f477fb6bf04e.png","notFood":false,"drinks":false},{"name":"סוקוחורי","description":"תפוחי אדמה, פטריות ובצל סגול מוקפצים יחד בתיבול גאורגי מקורי","price":42,"vegan":true,"vegetarian":true,"image":"https://d25t2285lxl5rf.cloudfront.net/images/dishes/ca3487e5-0ad3-483a-ae63-af104ae576e1.png","notFood":false,"drinks":false},{"name":"כדורי גבינה","description":"כדורי גבינה פריכים עם נגיעות של נענע ושום שמיר, מגיע בליווי מטבל מקורי","price":42,"vegan":false,"vegetarian":true,"image":"https://d25t2285lxl5rf.cloudfront.net/images/dishes/b800fe76-0085-4b31-ada3-aeb2c55b0dc3.jpg","notFood":false,"drinks":false},{"name":"קובדרי","description":"מאפה פריך במילוי נתחי בשר עגל ותיבול גיאורגי","price":46,"vegan":false,"vegetarian":false,"image":"https://d25t2285lxl5rf.cloudfront.net/images/dishes/7bd5cfea-490b-4461-918b-ac07d5a24774.png","notFood":false,"drinks":false},{"name":"חינקלי","description":"כופתאות במילוי בשר (5 יחי')","price":48,"vegan":false,"vegetarian":false,"image":"https://d25t2285lxl5rf.cloudfront.net/images/dishes/86189235-848c-4c19-9761-7aade046e9c4.png","notFood":false,"drinks":false},{"name":"צ'יבורקי","description":"מאפה קריספי במילוי בשר טחון בתיבול גאורגי מקורי. 2 יח'","price":44,"vegan":false,"vegetarian":false,"image":"https://d25t2285lxl5rf.cloudfront.net/images/dishes/15fa062f-5153-4821-b8bc-98fa7add8e4a.png","notFood":false,"drinks":false},{"name":"קוורי","description":"מאפה קריספי במילוי תערובת גבינות (2 יח')","price":46,"vegan":true,"vegetarian":true,"image":"https://d25t2285lxl5rf.cloudfront.net/images/dishes/3cdd7439-3bc1-485a-b37e-7a06f93d1009.png","notFood":false,"drinks":false},{"name":"חצ'פורי אימרולי","description":"מאפה במילוי תערובת גבינות","price":46,"vegan":true,"vegetarian":true,"image":"https://d25t2285lxl5rf.cloudfront.net/images/dishes/54597aef-c2b8-44e2-9b73-1aeed2563b03.png","notFood":false,"drinks":false},{"name":"חצ'פורי מיגרולי","description":"מאפה במילוי תערובת גבינות עם שכבת גבינה נוספת למעלה","price":52,"vegan":false,"vegetarian":true,"image":"https://d25t2285lxl5rf.cloudfront.net/images/dishes/c4e17679-ec35-40e7-98e0-3012ffa23730.png","notFood":false,"drinks":false},{"name":"בדריסוקו","description":"מאפה פריך במילוי חציל קלוי פיטריות יער, וגבינה","price":52,"vegan":false,"vegetarian":true,"image":"https://d25t2285lxl5rf.cloudfront.net/images/dishes/32a669d4-ba65-4a04-bc36-e860a2c233a4.png","notFood":false,"drinks":false},{"name":"לוביאני","description":"מאפה פריך במילוי שעועית אדומה ותיבול גיאורגי","price":39,"vegan":true,"vegetarian":true,"image":"https://d25t2285lxl5rf.cloudfront.net/images/dishes/fc1fc83b-6c0a-478b-b2c1-9783ca1e03de.png","notFood":false,"drinks":false},{"name":"חרצ'ו","description":"בשר עגל,אורז ואגוזי מלך","price":39,"vegan":false,"vegetarian":false,"image":"https://d25t2285lxl5rf.cloudfront.net/images/dishes/d3e30c6e-7e76-45fb-8382-84980439acb6.png","notFood":false,"drinks":false},{"name":"חשלמה","description":"בשר עגל מבושל ב-11 סוגי ירק, עשיר בטעם \nשל טרגון ובזיליקום. ","price":68,"vegan":false,"vegetarian":false,"image":"https://d25t2285lxl5rf.cloudfront.net/images/dishes/2b243705-7afa-4070-b354-2fa9ee3f81d6.png","notFood":false,"drinks":false},{"name":"חרצ'ו בשר","description":"בשר עגל מבושל ברוטב אגוזים עשיר. ","price":62,"vegan":false,"vegetarian":false,"image":"https://d25t2285lxl5rf.cloudfront.net/images/dishes/e6507410-52c3-4d50-a8ad-ecbd284ef995.png","notFood":false,"drinks":false},{"name":"צ'נחי","description":"תבשיל בשר עגל, תפו\"א וחציל. ","price":59,"vegan":false,"vegetarian":false,"image":"https://d25t2285lxl5rf.cloudfront.net/images/dishes/67b289a2-6f15-4277-8cd6-9e6fadd40e4b.png","notFood":false,"drinks":false},{"name":"צ'חוחבילי","description":"שוק עוף מבושל ברוטב עגבניות קלויות ובצל מקורמל. מוגש בליווי אורז","price":59,"vegan":false,"vegetarian":false,"image":"https://d25t2285lxl5rf.cloudfront.net/images/dishes/403254d7-d55f-4804-a8d5-02f0df6b31c1.png","notFood":false,"drinks":false},{"name":"פלוב","description":"בשר עגל מבושל עם אורז בתערובת תבלינים אותנטיים. ","price":64,"vegan":false,"vegetarian":false,"image":"https://d25t2285lxl5rf.cloudfront.net/images/dishes/60b32357-3f63-48c7-9a1f-e5f882b646eb.png","notFood":false,"drinks":false},{"name":"צ'ששולי","description":"נתחי בשר עגל מבושלים ברוטב עגבניות קלויות ובצל מקורמל, מוגש עם כוסמת","price":59,"vegan":false,"vegetarian":false,"image":"https://d25t2285lxl5rf.cloudfront.net/images/dishes/d90b61d9-de84-4919-b3c6-89e67c5f2e6e.png","notFood":false,"drinks":false},{"name":"צלעות טלה (320 גרם)","description":"צלעות טלה מובחרות על הגריל מוגש בתוספת שעועית ירוקה ותפו\"א","price":120,"vegan":false,"vegetarian":false,"image":"https://d25t2285lxl5rf.cloudfront.net/images/dishes/22692849-8413-49e2-a8e6-3fb4aa8c992e.png","notFood":false,"drinks":false},{"name":"קבב דדה (300 גרם)","description":"קבב במתכון מקורי מהמטבח הגאורגי מוגש בתוספת שעועית ירוקה ותפו\"א","price":74,"vegan":false,"vegetarian":false,"image":"https://d25t2285lxl5rf.cloudfront.net/images/dishes/c4bd5cc1-b46b-427a-a51b-52cd1de4d95c.png","notFood":false,"drinks":false},{"name":"סטייק פרגית (כ-300 גרם)","description":"נתחי סטייק פרגית \nקצר במרינדה אותנטית. מוגש עם תפו\"א אפויים בתנור ושעועית ירוקה","price":74,"vegan":false,"vegetarian":false,"image":"https://d25t2285lxl5rf.cloudfront.net/images/dishes/944a5f5f-a7d6-4414-9914-4edd8654c5ba.png","notFood":false,"drinks":false},{"name":"שיפודי פילה עגל (300 גרם)","description":"פילה עגל על הגריל מוגש בתוספת שעועית ירוקה ותפו\"א","price":120,"vegan":true,"vegetarian":true,"image":"https://d25t2285lxl5rf.cloudfront.net/images/dishes/25aec21b-e3ba-4d68-aeca-e20254d585d9.png","notFood":false,"drinks":false},{"name":"שיפודי עגל כבש (300 גרם)","description":"פילה עגל עם שומן כבש על הגריל מוגש בתוספת שעועית ירוקה ותפו\"א","price":120,"vegan":true,"vegetarian":true,"image":"https://d25t2285lxl5rf.cloudfront.net/images/dishes/3f5798a7-6487-4351-8a76-c9f66dd46acc.png","notFood":false,"drinks":false},{"name":"שניצל DEDA","description":"חזה עוף בציפוי מקורי (פריזאי) מוגש בתוספת שעועית ירוקה ותפו\"א","price":58,"vegan":false,"vegetarian":false,"image":"https://d25t2285lxl5rf.cloudfront.net/images/dishes/50556329-fbd2-4874-a38a-3ba6c4ea867f.png","notFood":false,"drinks":false},{"name":"קברגית","description":"תערובת מיקס פרגית בתיבול ייחודי וקבב גאורגי עם תוספת תפו\"א ושעועית ירוקה \n","price":74,"vegan":false,"vegetarian":false,"image":"https://d25t2285lxl5rf.cloudfront.net/images/dishes/2253524.jpg","notFood":false,"drinks":false},{"name":"צנצנת רוטב סציבלי","description":"צנצנת רוטב עגבניות גאורגי ייחודי 550 גרם","price":20,"vegan":true,"vegetarian":true,"image":"https://d25t2285lxl5rf.cloudfront.net/images/dishes/ba30fa63-7d8c-432b-ae6c-346b437f5026.jpeg","notFood":false,"drinks":false},{"name":"רוטב אגי'קה","description":"צנצנת ממרח פלפלים גאורגי חריף 240 גרם","price":20,"vegan":true,"vegetarian":true,"image":"https://d25t2285lxl5rf.cloudfront.net/images/dishes/2383267.png","notFood":false,"drinks":false},{"name":"רוטב דובדבני קורנילה","price":24,"vegan":true,"vegetarian":true,"image":"https://d25t2285lxl5rf.cloudfront.net/images/dishes/2769393.png","notFood":false,"drinks":false},{"name":"אג'יקה","price":2,"vegan":true,"vegetarian":true,"notFood":false,"drinks":false},{"name":"שמנת חמוצה","price":2,"vegan":false,"vegetarian":true,"notFood":false,"drinks":false},{"name":"יין ספראבי - יין מסורתי (אדום) יבש - 700 מ\"ל","price":64,"vegan":true,"vegetarian":true,"image":"https://d25t2285lxl5rf.cloudfront.net/images/dishes/f15b2950-ea6d-4e34-9a35-d2c91b285598.png","notFood":false,"drinks":false},{"name":"יין אלזאניס וואלי - יין מסורתי (לבן) חצי מתוק - 700 מ\"ל","price":64,"vegan":true,"vegetarian":true,"image":"https://d25t2285lxl5rf.cloudfront.net/images/dishes/4e4e1b6a-f1b2-4c60-952c-4e727fff20e4.png","notFood":false,"drinks":false},{"name":"נפוליאון","description":"מסורתית לפי מתכון עוגן גרוזיני משפחתי עתיק","price":32,"vegan":true,"vegetarian":true,"image":"https://d25t2285lxl5rf.cloudfront.net/images/dishes/c8a84c05-6e01-46a6-91aa-f77ebbf947f7.png","notFood":false,"drinks":false},{"name":"פאי פקאן (טבעוני)","description":"אגוזי מלך לוז ופקאן מקורמלים בטופי, אפויים בתוך פאי של בצק פריך\r\n","price":34,"vegan":true,"vegetarian":true,"image":"https://d25t2285lxl5rf.cloudfront.net/images/dishes/34f6060c-6682-4cec-b76b-89261153f68e.png","notFood":false,"drinks":false},{"name":"פאי לימון","description":"תחתית פאי שבתוכו קרם לימון אפוי בציפוי של מרנג צרפתי\r\n","price":34,"vegan":true,"vegetarian":true,"image":"https://d25t2285lxl5rf.cloudfront.net/images/dishes/77f0c9ae-5694-4835-b970-89cd807b41c4.png","notFood":false,"drinks":false},{"name":"פאי שוקולד נוטלה","description":"פאי שוקולד בשילוב קרם אגוזים ונוגט בציפוי גנאש שוקולד חלב\r\n","price":34,"vegan":false,"vegetarian":false,"image":"https://d25t2285lxl5rf.cloudfront.net/images/dishes/499ec3a8-e0f1-4547-aafc-acc1f94f4d2f.png","notFood":false,"drinks":false},{"name":"פאי תפוחים","description":" מצע של בצק פריך ייחודי, פלחי תפוחים אפויים בקרמל, במעטפת של רשת מבצק פריך\r\n","price":34,"vegan":false,"vegetarian":false,"image":"https://d25t2285lxl5rf.cloudfront.net/images/dishes/e0d99253-3669-4048-a9d8-63b3b3947c6a.png","notFood":false,"drinks":false},{"name":"צנצנת טירמיסו","description":"שכבות של בישקוטים ספוגים באספרסו קרם גבינת מסקרפונה וקפה\r\n","price":32,"vegan":false,"vegetarian":true,"image":"https://d25t2285lxl5rf.cloudfront.net/images/dishes/7e8b3042-19dc-4cb0-a46f-fdc028fd74ce.png","notFood":false,"drinks":false},{"name":"צנצנת פסיפלורה ושוקולד לבן","description":"על מצע של מרנג נוגט (אגוזי לוז) קרם פסיפלורה, מעליו גנאש שוקולד לבן בציפוי מחית פסיפלורה טרייה \r\n","price":32,"vegan":false,"vegetarian":true,"image":"https://d25t2285lxl5rf.cloudfront.net/images/dishes/5d3f2af7-cdc4-4575-98da-08a31f14de83.png","notFood":false,"drinks":false},{"name":"צנצנת קארמבל גבינה ותות","description":"שכבות של גבינה קרה פירורי שטרוייזל איכותי וקונפיטורת תות ביתית.\r\n","price":32,"vegan":false,"vegetarian":true,"image":"https://d25t2285lxl5rf.cloudfront.net/images/dishes/4121bef1-7671-4b13-8841-16ec16eaf09d.png","notFood":false,"drinks":false},{"name":"שוויצריה הקטנה","description":"תחתית של עוגיית מרנג שוקולד, קרם מסקרפונה, שכבה קריספית של שוקולד מריר ומעליו נטיפי שוקולד לבן","price":36,"vegan":false,"vegetarian":true,"image":"https://d25t2285lxl5rf.cloudfront.net/images/dishes/283c06a4-da0e-4bf5-be0a-60a341a45cd2.png","notFood":false,"drinks":false},{"name":"סודה","description":"12","price":12,"vegan":true,"vegetarian":true,"notFood":false,"drinks":true},{"name":"קוקה קולה","price":12,"vegan":true,"vegetarian":true,"notFood":false,"drinks":true},{"name":"קולה זירו","price":12,"vegan":true,"vegetarian":true,"notFood":false,"drinks":true},{"name":"ספרייט זירו","price":12,"vegan":true,"vegetarian":true,"notFood":false,"drinks":true},{"name":"פאנטה","price":12,"vegan":true,"vegetarian":true,"notFood":false,"drinks":false},{"name":"פיוז טי","price":12,"vegan":true,"vegetarian":true,"notFood":false,"drinks":false},{"name":"תפוזים","price":12,"vegan":true,"vegetarian":true,"notFood":false,"drinks":false},{"name":"אשכוליות","price":12,"vegan":true,"vegetarian":true,"notFood":false,"drinks":false},{"name":"ענבים","price":12,"vegan":true,"vegetarian":true,"notFood":false,"drinks":true},{"name":"לימונענע","price":12,"vegan":true,"vegetarian":true,"notFood":false,"drinks":false},{"name":"תפוחים","price":12,"vegan":true,"vegetarian":true,"notFood":false,"drinks":false},{"name":"בירה נשר","price":12,"vegan":true,"vegetarian":true,"notFood":false,"drinks":true},{"name":"מים מינרליים קטן","price":14,"vegan":true,"vegetarian":true,"notFood":false,"drinks":true},{"name":"אגסים- קטן","price":16,"vegan":true,"vegetarian":true,"notFood":false,"drinks":false}]}