{"track_id":"19691","filters":["humus","veganFood","salads"],"image":"https://tenbis-static.azureedge.net/restaurant-card-image/ResCard_19691_20211208150942.jpg","address":"ראול ולנברג, 20 תל אביב-יפו","location":[34.8376485,32.1100501],"name":"חומוס כספי רמת החייל","city":"ראשון לציון, חולון, בת ים","priceAverage":25.18032786885246,"menu":[{"name":"חומוס כספי","description":"גרגירי חומוס, טחינה, פטרוזיליה, שום לימון, תבלינים ושמן זית משובח ","price":35,"vegan":true,"vegetarian":true,"image":"https://d25t2285lxl5rf.cloudfront.net/images/dishes/bae522cb-1405-4059-b4fe-67898d9fd8ae.jpg","notFood":false,"drinks":false},{"name":"מסבחה","description":"חומוס גרגירים, שום לימון, פטרוזיליה, תבלינים ושמן זית ","price":35,"vegan":true,"vegetarian":true,"image":"https://d25t2285lxl5rf.cloudfront.net/images/dishes/7970bbac-6e99-49fd-ba53-69f972d4ca49.jpg","notFood":false,"drinks":false},{"name":"משולשת","description":"חומוס, פול, גרגירים, טחינה, שום לימון, פטרוזיליה, שמן זית ותבלינים ","price":35,"vegan":true,"vegetarian":true,"image":"https://d25t2285lxl5rf.cloudfront.net/images/dishes/a00647c5-f573-4271-b968-e089763797c6.jpg","notFood":false,"drinks":false},{"name":"סלט ירקות קצוץ קטן","description":"עם עגבניות, מלפפון, בצל סגול, שמן זית, לימון ועשבי תיבול טריים ","price":20,"vegan":true,"vegetarian":true,"image":"https://d25t2285lxl5rf.cloudfront.net/images/dishes/46f453d0-375c-466c-938f-69079a7ac43b.jpg","notFood":false,"drinks":false},{"name":"קצוץ פלוס","description":"סלט ירקות קצוץ בתוספת גרגירי חומוס, טחינה וביצה ","price":41,"vegan":false,"vegetarian":true,"image":"https://d25t2285lxl5rf.cloudfront.net/images/dishes/37595e77-a2c0-4243-82d0-3f88d2aa55c0.jpg","notFood":false,"drinks":false},{"name":"טחינה","description":"עם שמן זית, פטרוזיליה וצנוברים קלויים ","price":25,"vegan":true,"vegetarian":true,"image":"https://d25t2285lxl5rf.cloudfront.net/images/dishes/25677d35-a88d-4d52-b5db-9029b0ddaaed.jpg","notFood":false,"drinks":false},{"name":"קציצת פלאפל ירוק","description":"","price":3,"vegan":true,"vegetarian":true,"image":"https://d25t2285lxl5rf.cloudfront.net/images/dishes/47c0d5ae-1cdd-4255-8b4a-d95f32117623.jpg","notFood":false,"drinks":false},{"name":"חציל בלאדי","description":"קלוי על האש עם טחינה, גרגירי חומוס, סלסת עגבניות ושמן זית ","price":37,"vegan":true,"vegetarian":true,"image":"https://d25t2285lxl5rf.cloudfront.net/images/dishes/1002f066-d91b-4393-b602-c7a88b95982f.jpg","notFood":false,"drinks":false},{"name":"לאבנה","description":"עם שמן זית משובח, סלסת עגבניות, צנוברים, פטרוזיליה וזעתר ","price":32,"vegan":true,"vegetarian":true,"image":"https://d25t2285lxl5rf.cloudfront.net/images/dishes/73b63f7e-76c3-4388-9213-6a755ec28b53.jpg","notFood":false,"drinks":false},{"name":"צ'יפס טרי טרי","description":"","price":24,"vegan":true,"vegetarian":true,"image":"https://d25t2285lxl5rf.cloudfront.net/images/dishes/2b1cb278-5e61-4d5c-849b-a180cee52c57.jpg","notFood":false,"drinks":false},{"name":"קובה עם טחינה ואריסה","description":"","price":29,"vegan":true,"vegetarian":true,"image":"","notFood":false,"drinks":false},{"name":"שקשוקה קלאסית","description":"עגבניות טריות, עשבי תיבול, שני ביצים ותבלינים ","price":46,"vegan":false,"vegetarian":true,"image":"https://d25t2285lxl5rf.cloudfront.net/images/dishes/2e7e19d2-cbd0-4678-94a4-2d1dc251ab21.jpg","notFood":false,"drinks":false},{"name":"שקשוקה חצילים","description":"עגבניות טריות, שני ביצים, חצילים קלויים ועשבי תיבול ","price":49,"vegan":false,"vegetarian":true,"image":"https://d25t2285lxl5rf.cloudfront.net/images/dishes/a280e268-f0bb-4ef8-a9dd-d1360742d658.jpg","notFood":false,"drinks":false},{"name":"שקשוקה בולגרית","description":"עגבניות טריות, שני ביצים, בולגרית ועשבי תיבול ","price":49,"vegan":false,"vegetarian":true,"image":"https://d25t2285lxl5rf.cloudfront.net/images/dishes/c46b5639-eac1-4c0b-92df-cdac0f8f1862.jpg","notFood":false,"drinks":false},{"name":"שקשוקה גרגירים","description":"עגבניות טריות, עשבי תיבול, שני ביצים וגרגירי חומוס","price":49,"vegan":false,"vegetarian":true,"image":"https://d25t2285lxl5rf.cloudfront.net/images/dishes/5d9a0ffe-7d02-4bf9-8d58-a3304450f14c.jpg","notFood":false,"drinks":false},{"name":"חומוס כספי","description":"גרגירי חומוס, טחינה, פטרוזיליה, שום לימון, תבלינים ושמן זית משובח ","price":35,"vegan":true,"vegetarian":true,"image":"https://d25t2285lxl5rf.cloudfront.net/images/dishes/bae522cb-1405-4059-b4fe-67898d9fd8ae.jpg","notFood":false,"drinks":false},{"name":"חומוסינה","description":"חומוס וטחינה בתוספת שמן זית, פטרוזיליה, שום לימון, תבלינים וצנוברים קלויים ","price":35,"vegan":true,"vegetarian":true,"image":"https://d25t2285lxl5rf.cloudfront.net/images/dishes/a9a19ae9-63c1-456b-a303-53cf8b10295d.jpg","notFood":false,"drinks":false},{"name":"חומוס פול","description":"בתוספת טחינה, שום לימון, פטרוזיליה, שמן זית ותבלינים ","price":35,"vegan":true,"vegetarian":true,"image":"https://d25t2285lxl5rf.cloudfront.net/images/dishes/541ebf52-1c3c-4ba6-a6d7-83570412c2bb.jpg","notFood":false,"drinks":false},{"name":"מסבחה","description":"חומוס גרגירים, שום לימון, פטרוזיליה, תבלינים ושמן זית ","price":35,"vegan":true,"vegetarian":true,"image":"https://d25t2285lxl5rf.cloudfront.net/images/dishes/7970bbac-6e99-49fd-ba53-69f972d4ca49.jpg","notFood":false,"drinks":false},{"name":"משולשת","description":"חומוס, פול, גרגירים, טחינה, שום לימון, פטרוזיליה, שמן זית ותבלינים ","price":35,"vegan":true,"vegetarian":true,"image":"https://d25t2285lxl5rf.cloudfront.net/images/dishes/a00647c5-f573-4271-b968-e089763797c6.jpg","notFood":false,"drinks":false},{"name":"חומוס פטריות","description":"פטריות צלויות, טחינה, פטרוזיליה, פפריקה ושמן זית ","price":46,"vegan":true,"vegetarian":true,"image":"https://d25t2285lxl5rf.cloudfront.net/images/dishes/ebc2185f-6201-4afb-8c5d-5d5c14be24c0.jpg","notFood":false,"drinks":false},{"name":"חומוס שקשוקה","description":"חומוס עם שקשוקה ","price":49,"vegan":true,"vegetarian":true,"image":"https://d25t2285lxl5rf.cloudfront.net/images/dishes/572a3784-dc0e-4b8e-9fe3-c7a64565510a.jpg","notFood":false,"drinks":false},{"name":"ג'חנון","description":"בעבודת יד, מוגשת עם סלסת עגבניות, ביצה וסחוג ","price":32,"vegan":false,"vegetarian":true,"image":"https://d25t2285lxl5rf.cloudfront.net/images/dishes/c869d938-2fec-4dca-93a9-f4e81f293aaa.jpg","notFood":false,"drinks":false},{"name":"סלט ירקות קצוץ קטן","description":"עם עגבניות, מלפפון, בצל סגול, שמן זית, לימון ועשבי תיבול טריים ","price":20,"vegan":true,"vegetarian":true,"image":"https://d25t2285lxl5rf.cloudfront.net/images/dishes/46f453d0-375c-466c-938f-69079a7ac43b.jpg","notFood":false,"drinks":false},{"name":"סלט ירקות קצוץ גדול","description":"עם עגבניות, מלפפון, בצל סגול, שמן זית, לימון ועשבי תיבול טריים ","price":34,"vegan":true,"vegetarian":true,"image":"https://d25t2285lxl5rf.cloudfront.net/images/dishes/7e040fcf-42df-433f-b730-b92afb59ccaa.jpg","notFood":false,"drinks":false},{"name":"קצוץ פלוס","description":"סלט ירקות קצוץ בתוספת גרגירי חומוס, טחינה וביצה ","price":41,"vegan":false,"vegetarian":true,"image":"https://d25t2285lxl5rf.cloudfront.net/images/dishes/37595e77-a2c0-4243-82d0-3f88d2aa55c0.jpg","notFood":false,"drinks":false},{"name":"סלט עשבים","description":"סלט עשבי תיבול טריים עם סלק צלוי, חמוציות, רכז רימונים, טחינה גולמית, צנוברים ולאבנה. ","price":45,"vegan":true,"vegetarian":true,"image":"https://d25t2285lxl5rf.cloudfront.net/images/dishes/50c21ff7-1df6-451f-89e6-3abad64cb98a.jpg","notFood":false,"drinks":false},{"name":"פלאפל","description":"","price":21,"vegan":true,"vegetarian":true,"image":"https://d25t2285lxl5rf.cloudfront.net/images/dishes/c616b659-b985-4352-a7a0-837f837fe07d.jpg","notFood":false,"drinks":false},{"name":"חומוס, פול , ביצה","description":"","price":19,"vegan":false,"vegetarian":true,"image":"https://d25t2285lxl5rf.cloudfront.net/images/dishes/a071c256-ff40-4815-ab89-99e7425eb464.jpg","notFood":false,"drinks":false},{"name":"כספי","description":"","price":19,"vegan":true,"vegetarian":true,"image":"https://d25t2285lxl5rf.cloudfront.net/images/dishes/fb67e3df-286f-4312-8647-6f7c4473cb7a.jpg","notFood":false,"drinks":false},{"name":"חומוס, צ'יפס, סלט","description":"","price":19,"vegan":true,"vegetarian":true,"image":"https://d25t2285lxl5rf.cloudfront.net/images/dishes/66216cf7-48da-4e2a-97ef-f707e060fe8e.jpg","notFood":false,"drinks":false},{"name":"גרגירים קטן","description":"250 גרם","price":16,"vegan":true,"vegetarian":true,"image":"https://d25t2285lxl5rf.cloudfront.net/images/dishes/545ced8b-60ba-49d5-bb4e-019588e9ac3f.jpg","notFood":false,"drinks":false},{"name":"גרגירים גדול","description":"500 גרם","price":29,"vegan":true,"vegetarian":true,"image":"https://d25t2285lxl5rf.cloudfront.net/images/dishes/f2ecc3aa-02d1-49f1-9f26-2925da618be4.jpg","notFood":false,"drinks":false},{"name":"פטריות קטן","description":"250 גרם","price":32,"vegan":true,"vegetarian":true,"image":"https://d25t2285lxl5rf.cloudfront.net/images/dishes/089559d4-6bdb-41e5-a793-91bf21b1457b.jpg","notFood":false,"drinks":false},{"name":"לאבנה קטן","description":"250 גרם","price":28,"vegan":true,"vegetarian":true,"image":"https://d25t2285lxl5rf.cloudfront.net/images/dishes/b6a36f27-5eab-4839-8fe1-889044988c17.jpg","notFood":false,"drinks":false},{"name":"לאבנה גדול","description":"","price":46,"vegan":true,"vegetarian":true,"image":"https://d25t2285lxl5rf.cloudfront.net/images/dishes/2026a385-7fb0-413d-8d03-b0e217f12775.jpg","notFood":false,"drinks":false},{"name":"חומוס קטן","description":"250 גרם","price":18,"vegan":true,"vegetarian":true,"image":"https://d25t2285lxl5rf.cloudfront.net/images/dishes/270fc2d8-d86e-4019-a703-ce08474affc4.jpg","notFood":false,"drinks":false},{"name":"חומוס גדול","description":"500 גרם","price":32,"vegan":true,"vegetarian":true,"image":"https://d25t2285lxl5rf.cloudfront.net/images/dishes/89c5c04e-52ce-4e56-bc78-74f87effd0d8.jpg","notFood":false,"drinks":false},{"name":"טחינה קטן","description":"250 גרם","price":18,"vegan":true,"vegetarian":true,"image":"https://d25t2285lxl5rf.cloudfront.net/images/dishes/bd414f71-f12f-4abc-b41a-879d68a701a4.jpg","notFood":false,"drinks":false},{"name":"כרוב גדול","description":"500 גרם","price":32,"vegan":true,"vegetarian":true,"image":"","notFood":false,"drinks":false},{"name":"כרוב קטן","description":"250 גרם","price":18,"vegan":true,"vegetarian":true,"image":"","notFood":false,"drinks":false},{"name":"טחינה גדול","description":"500 גרם","price":32,"vegan":true,"vegetarian":true,"image":"","notFood":false,"drinks":false},{"name":"מסאבחה קטן","description":"250 גרם","price":18,"vegan":true,"vegetarian":true,"image":"","notFood":false,"drinks":false},{"name":"סודה","description":"","price":9,"vegan":true,"vegetarian":true,"image":"","notFood":false,"drinks":true},{"name":"פיוז טי אפרסק","description":"","price":10,"vegan":true,"vegetarian":true,"image":"","notFood":false,"drinks":false},{"name":"פיוזי טי מנגו","description":"","price":10,"vegan":true,"vegetarian":true,"image":"","notFood":false,"drinks":false},{"name":"פיוז טי אננס","description":"","price":10,"vegan":true,"vegetarian":true,"image":"","notFood":false,"drinks":false},{"name":"מים מינרלים","description":"","price":9,"vegan":true,"vegetarian":true,"image":"","notFood":false,"drinks":false},{"name":"פריגת אשכוליות","description":"","price":10,"vegan":true,"vegetarian":true,"image":"","notFood":false,"drinks":false},{"name":"פריגת תפוזים","description":"","price":10,"vegan":true,"vegetarian":true,"image":"","notFood":false,"drinks":false},{"name":"קוקה קולה","description":"","price":11,"vegan":true,"vegetarian":true,"image":"","notFood":false,"drinks":true},{"name":"דיאט קוקה קולה","description":"","price":11,"vegan":true,"vegetarian":true,"image":"","notFood":false,"drinks":true},{"name":"קוקה קולה זירו","description":"","price":11,"vegan":true,"vegetarian":true,"image":"","notFood":false,"drinks":true},{"name":"ספרייט","description":"","price":11,"vegan":true,"vegetarian":true,"image":"","notFood":false,"drinks":true},{"name":"ספרייט זירו","description":"","price":11,"vegan":true,"vegetarian":true,"image":"","notFood":false,"drinks":true},{"name":"פאנטה","description":"","price":11,"vegan":true,"vegetarian":true,"image":"","notFood":false,"drinks":false},{"name":"נביעות בטעם אפרסק","description":"","price":11,"vegan":true,"vegetarian":true,"image":"","notFood":false,"drinks":false},{"name":"נביעות בטעם תפוח","description":"","price":11,"vegan":true,"vegetarian":true,"image":"","notFood":false,"drinks":false},{"name":"נביעות בטעם ענבים","description":"","price":10,"vegan":true,"vegetarian":true,"image":"","notFood":false,"drinks":true},{"name":"פריגת ענבים","description":"","price":10,"vegan":true,"vegetarian":true,"image":"","notFood":false,"drinks":true},{"name":"מאלטי- בירה שחורה","description":"","price":12,"vegan":true,"vegetarian":true,"image":"","notFood":false,"drinks":true}]}