{"track_id":"19693","filters":["pizza","pasta","salads"],"image":"https://tenbis-static.azureedge.net/restaurant-card-image/ResCard_19693_20220109155032.jpeg","address":"רוטשילד, 85 ראשון לציון","location":[34.7961423,31.9640654],"name":"פיצה רומא","city":"נס ציונה - רחובות","priceAverage":33.857142857142854,"menu":[{"name":"מגש פיצה L","description":"מוגש עם תוספת ושתיה","price":82,"vegan":false,"vegetarian":true,"image":"https://d25t2285lxl5rf.cloudfront.net/images/dishes/b4a781b6-de28-4235-a19f-c44cda54953d.5","notFood":false,"drinks":false},{"name":"2 מגשי פיצה ענקיים","price":132,"vegan":false,"vegetarian":true,"image":"https://d25t2285lxl5rf.cloudfront.net/images/dishes/4bc339b8-7e75-4a92-a9ef-e13d6712d0f7.jpg","notFood":false,"drinks":false},{"name":"2 מגשי פיצה בינוניות","price":118,"vegan":false,"vegetarian":true,"image":"https://d25t2285lxl5rf.cloudfront.net/images/dishes/f1418f41-3717-4b33-9691-f1f0375ed797.jpg","notFood":false,"drinks":false},{"name":"פיצה אישית S","description":"מוגש עם תוספות לבחירה ","price":35,"vegan":false,"vegetarian":true,"image":"https://d25t2285lxl5rf.cloudfront.net/images/dishes/f70c79e0-8bbb-40e0-a989-12800e686f5a.jpg","notFood":false,"drinks":false},{"name":"פיצה זוגית M","description":"מוגש עם תוספת לבחירה","price":50,"vegan":false,"vegetarian":true,"image":"https://d25t2285lxl5rf.cloudfront.net/images/dishes/c212dca6-4a40-46a1-b71b-393dd5475603.jpg","notFood":false,"drinks":false},{"name":"פיצה משפחתית L","description":"6 משולשים-ניתן להוסיף תוספת בתשלום","price":65,"vegan":false,"vegetarian":true,"image":"https://d25t2285lxl5rf.cloudfront.net/images/dishes/1a69477c-a7a6-482b-8346-90dc25b068fd.5","notFood":false,"drinks":false},{"name":"פיצה ענקית XL","description":"8 משולשים- מוגש עם תוספות לבחירה","price":75,"vegan":false,"vegetarian":true,"image":"https://d25t2285lxl5rf.cloudfront.net/images/dishes/a5b65355-0a27-448f-bb0f-f7d98b6bfe5f.jpg","notFood":false,"drinks":false},{"name":"פיצה טבעונית S","price":38,"vegan":true,"vegetarian":true,"image":"https://d25t2285lxl5rf.cloudfront.net/images/dishes/b0c2d0fd-abce-4203-b599-0dc839e23d3a.jpg","notFood":false,"drinks":false},{"name":"פיצה טבעונית M","price":50,"vegan":true,"vegetarian":true,"image":"https://d25t2285lxl5rf.cloudfront.net/images/dishes/4a9c6f94-682b-422c-8fde-1516c4678fb1.jpg","notFood":false,"drinks":false},{"name":"פיצה טבעונית L","price":62,"vegan":true,"vegetarian":true,"image":"https://d25t2285lxl5rf.cloudfront.net/images/dishes/ccb4f144-db29-441b-9f05-0e521939ec26.jpg","notFood":false,"drinks":false},{"name":"פיצה טבעונית XL","price":82,"vegan":true,"vegetarian":true,"image":"https://d25t2285lxl5rf.cloudfront.net/images/dishes/944918a5-745a-4a59-992f-1ad28c503eef.jpg","notFood":false,"drinks":false},{"name":"זיוה טבעונית","price":42,"vegan":true,"vegetarian":true,"image":"https://d25t2285lxl5rf.cloudfront.net/images/dishes/c3873131-b8ee-483e-950b-9a25c0b20257.jpg","notFood":false,"drinks":false},{"name":"פיצה ללא גלוטן","description":"עלול להכיל עקבות קמח ","price":42,"vegan":false,"vegetarian":true,"image":"https://d25t2285lxl5rf.cloudfront.net/images/dishes/6d1dc609-6501-4564-bc6d-01c2c727653e.jpg","notFood":false,"drinks":false},{"name":"פוקאצ'ה טבעונית","price":40,"vegan":true,"vegetarian":true,"notFood":false,"drinks":false},{"name":"סלט כל הגינה","description":"חסה, מלפפון, עגבניה, גזר, תירס, גמבה ופטריות ","price":33,"vegan":true,"vegetarian":true,"image":"https://d25t2285lxl5rf.cloudfront.net/images/dishes/cc965869-aa30-4e2e-adec-0b1e151d8e36.jpg","notFood":false,"drinks":false},{"name":"סלט יווני","description":"חסה, מלפפון, עגבניה, זיתים, גמבה אדומה וגבינה בולגרית ","price":38,"vegan":false,"vegetarian":true,"image":"https://d25t2285lxl5rf.cloudfront.net/images/dishes/b7e15af1-1fa4-4195-b15a-7b8c4d624eed.jpg","notFood":false,"drinks":false},{"name":"סלט טונה","description":"חסה, מלפפון, עגבניה, גזר, גמבה , זיתים, תירס וטונה. ","price":38,"vegan":false,"vegetarian":false,"image":"https://d25t2285lxl5rf.cloudfront.net/images/dishes/95cbc3c6-6476-42f9-9580-017ca4bf642b.jpg","notFood":false,"drinks":false},{"name":"סלט רומא","description":"חסה, מלפפון, עגבניה, זיתים, גמבה אדומה, גבינה בולגרית, תפוח אדמה וגבינה צהובה","price":38,"vegan":false,"vegetarian":true,"image":"https://d25t2285lxl5rf.cloudfront.net/images/dishes/5b70bcf6-8a2e-4fe5-890b-6675ae3061e2.jpg","notFood":false,"drinks":false},{"name":"זיווה גבינות","description":"גבינה צהובה ובלגרית ","price":32,"vegan":false,"vegetarian":true,"image":"https://d25t2285lxl5rf.cloudfront.net/images/dishes/71d7e321-a998-4b9f-85cf-79cc4d0cf362.jpg","notFood":false,"drinks":false},{"name":"זיווה קלאסית","description":"זיתים ירוקים, גבינה צהובה ובולגרית ","price":32,"vegan":false,"vegetarian":true,"image":"https://d25t2285lxl5rf.cloudfront.net/images/dishes/f68c2f6d-e4b6-43ad-8429-5061f174a08d.jpg","notFood":false,"drinks":false},{"name":"זיווה פטריות","description":"גבינה צהובה, בולגרית ופטריות ","price":32,"vegan":false,"vegetarian":true,"image":"https://d25t2285lxl5rf.cloudfront.net/images/dishes/58feb678-bd84-4811-aba1-efa7cd91552f.jpg","notFood":false,"drinks":false},{"name":"זיווה פיצה","description":"גבינה צהובה, זיתים ורטוטב פיצה ","price":32,"vegan":false,"vegetarian":true,"image":"https://d25t2285lxl5rf.cloudfront.net/images/dishes/fb9a484a-6f6e-416e-b724-9f3970615516.jpg","notFood":false,"drinks":false},{"name":"מלאווח קלאסי פתוח","description":"ביצה  ורסק עגבניות ","price":28,"vegan":false,"vegetarian":true,"image":"https://d25t2285lxl5rf.cloudfront.net/images/dishes/8bc4863b-99a6-4269-82fb-61f624d1914e.jpg","notFood":false,"drinks":false},{"name":"מלאווח פיצה","description":"רוטב פיצה וגבינה צהובה ","price":32,"vegan":false,"vegetarian":true,"image":"https://d25t2285lxl5rf.cloudfront.net/images/dishes/b4203d4c-a973-477e-86e0-0c2910b67dc5.jpg","notFood":false,"drinks":false},{"name":"מלאווח מגולגל","description":"ביצה, טחינה, רסק עגבניות וחריף","price":28,"vegan":false,"vegetarian":true,"image":"https://d25t2285lxl5rf.cloudfront.net/images/dishes/140db4c5-1e3c-420d-a861-3ef8183896d7.jpg","notFood":false,"drinks":false},{"name":"ניוקי תפוח אדמה","description":"עם רוטב לבחירה ","price":42,"vegan":true,"vegetarian":true,"image":"https://d25t2285lxl5rf.cloudfront.net/images/dishes/8519da32-e53e-4ef2-b067-251863402d36.jpg","notFood":false,"drinks":false},{"name":"תפוח אדמה אפוי","price":38,"vegan":true,"vegetarian":true,"image":"https://d25t2285lxl5rf.cloudfront.net/images/dishes/23b5f18a-6e5f-4aab-8066-000521393bd8.jpg","notFood":false,"drinks":false},{"name":"רביולי בטטה","price":42,"vegan":true,"vegetarian":true,"image":"https://d25t2285lxl5rf.cloudfront.net/images/dishes/8f5ea043-6b4e-4509-8071-302a8835bd30.jpg","notFood":false,"drinks":false},{"name":"רביולי גבינות","price":42,"vegan":true,"vegetarian":true,"image":"https://d25t2285lxl5rf.cloudfront.net/images/dishes/97997234-1900-4209-9bb8-c101f22a5dda.jpg","notFood":false,"drinks":false},{"name":"ספגטי","price":38,"vegan":true,"vegetarian":true,"image":"https://d25t2285lxl5rf.cloudfront.net/images/dishes/6f394b48-aa16-456a-8b62-e561c4c2c2f6.jpg","notFood":false,"drinks":false},{"name":"פנה","price":38,"vegan":true,"vegetarian":true,"image":"https://d25t2285lxl5rf.cloudfront.net/images/dishes/183dbe26-b4bb-4510-bc0c-9d3d99b0e5e1.jpg","notFood":false,"drinks":false},{"name":"לחם שום","description":"עם חמאה, פטרוזיליה, שום ומוצרלה ","price":38,"vegan":false,"vegetarian":true,"image":"https://d25t2285lxl5rf.cloudfront.net/images/dishes/38879b62-a220-4d91-a593-237466e8c784.png","notFood":false,"drinks":false},{"name":"לחם שום משפחתי","price":50,"vegan":true,"vegetarian":true,"image":"https://d25t2285lxl5rf.cloudfront.net/images/dishes/ac49d3b5-4288-46a6-bf61-c16861aa3f07.png","notFood":false,"drinks":false},{"name":"פוקאצ'ה חצילים","description":"רוטב פיצה, בולגרית, גמבה אדומה, בצל וחצילים ","price":38,"vegan":false,"vegetarian":true,"notFood":false,"drinks":false},{"name":"פוקאצ'ה טוניסאית","description":"רוטב פיצה, סלט טונה, זיתים וביצה ","price":38,"vegan":false,"vegetarian":false,"notFood":false,"drinks":false},{"name":"פוקאצ'ה פסטו","description":"רוטב פסטו, בולגרית, חצילים, זיתים שחורים ובצל ","price":38,"vegan":false,"vegetarian":true,"notFood":false,"drinks":false},{"name":"פוקאצ'ה בהרכבה אישית","price":38,"vegan":true,"vegetarian":true,"notFood":false,"drinks":false},{"name":"טוסט בהרכבה עצמית","price":38,"vegan":true,"vegetarian":true,"notFood":false,"drinks":false},{"name":"מלבי","price":10,"vegan":true,"vegetarian":true,"image":"https://d25t2285lxl5rf.cloudfront.net/images/dishes/1dd9dd37-984b-4d8f-8b52-870fae6e49fa.jpg","notFood":false,"drinks":false},{"name":"קדאיף","price":10,"vegan":true,"vegetarian":true,"image":"https://d25t2285lxl5rf.cloudfront.net/images/dishes/fafa4ef4-337a-484d-8005-383f007181e9.jpg","notFood":false,"drinks":false},{"name":"מוס שוקולד","price":10,"vegan":false,"vegetarian":true,"image":"https://d25t2285lxl5rf.cloudfront.net/images/dishes/2871e1ce-82e0-4d12-b3a8-ab0669151dfd.jpg","notFood":false,"drinks":false},{"name":"עוגת גבינה","price":10,"vegan":false,"vegetarian":true,"image":"https://d25t2285lxl5rf.cloudfront.net/images/dishes/1fc8d09d-ef01-4e99-8c7b-37bca2e74160.jpg","notFood":false,"drinks":false},{"name":"בוואריה","price":10,"vegan":true,"vegetarian":true,"image":"https://d25t2285lxl5rf.cloudfront.net/images/dishes/cf5ad6bd-313a-4354-ab71-92ff93c4f933.jpg","notFood":false,"drinks":false},{"name":"זיווה נוטלה","price":25,"vegan":false,"vegetarian":false,"notFood":false,"drinks":false},{"name":"ריבת חלב","price":10,"vegan":false,"vegetarian":true,"notFood":false,"drinks":false},{"name":"גלידת בן אנד ג'ריס","price":30,"vegan":true,"vegetarian":true,"notFood":false,"drinks":false},{"name":"בקבוק 0.5 ליטר קוקה קולה","price":12,"vegan":true,"vegetarian":true,"notFood":false,"drinks":true},{"name":"בקבוק 0.5 ליטר זירו","price":12,"vegan":true,"vegetarian":true,"notFood":false,"drinks":true},{"name":"בקבוק 0.5 ליטר ספרייט","price":12,"vegan":true,"vegetarian":true,"notFood":false,"drinks":true},{"name":"בקבוק 0.5 ליטר דיאט ספרייט","price":12,"vegan":true,"vegetarian":true,"notFood":false,"drinks":true},{"name":"בקבוק 0.5 ליטר פאנטה","price":12,"vegan":true,"vegetarian":true,"notFood":false,"drinks":true},{"name":"בקבוק 0.5 ליטר פריגת ענבים","price":12,"vegan":true,"vegetarian":true,"notFood":false,"drinks":true},{"name":"בקבוק 0.5 ליטר פריגת תפוזים","price":12,"vegan":true,"vegetarian":true,"notFood":false,"drinks":true},{"name":"בקבוק 0.5 ליטר פיוזטי אפרסק","price":12,"vegan":true,"vegetarian":true,"notFood":false,"drinks":true},{"name":"בקבוק 0.5 ליטר מים בטעם אפרסק","price":12,"vegan":true,"vegetarian":true,"notFood":false,"drinks":true},{"name":"בקבוק 1.5 ליטר קוקה קולה","price":16,"vegan":true,"vegetarian":true,"notFood":false,"drinks":true},{"name":"בקבוק 1.5 ליטר קולה זירו","price":16,"vegan":true,"vegetarian":true,"notFood":false,"drinks":true},{"name":"בקבוק 1.5 ליטר פריגת ענבים","price":16,"vegan":true,"vegetarian":true,"notFood":false,"drinks":true},{"name":"בקבוק 1.5 ליטר פריגת תפוזים","price":16,"vegan":true,"vegetarian":true,"notFood":false,"drinks":true},{"name":"בקבוק 0.5 ליטר מים מינרלים","price":10,"vegan":true,"vegetarian":true,"notFood":false,"drinks":true},{"name":"סודה","price":10,"vegan":true,"vegetarian":true,"notFood":false,"drinks":true},{"name":"בקבוק 1.5 ליטר פיוזטי אפרסק","price":16,"vegan":true,"vegetarian":true,"notFood":false,"drinks":true},{"name":"בקבוק 1.5 ליטר ספרייט","price":16,"vegan":true,"vegetarian":true,"notFood":false,"drinks":true}]}