{"track_id":"19708","filters":["homeMade","veganFood","burgers"],"image":"https://tenbis-static.azureedge.net/restaurant-card-image/ResCard_19708_20201006134738.jpg","address":"חרש, 3 הרצליה","location":[34.81050700000001,32.1629075],"name":"פילאף פוד בר ","city":"הרצליה - רמת השרון","priceAverage":77.05813953488372,"menu":[{"name":"חדש!!! חלה עם קציצות עוף של סבתא רוזליטה","description":"קציצות פרגית מטוגנות , חסה, עגבנייה ,בצל סגול מלפפון חמוץ ,איולי צ'פוטלה ","price":56,"vegan":false,"vegetarian":false,"image":"https://d25t2285lxl5rf.cloudfront.net/images/dishes/baef2f47-a450-4d2a-a47f-461fc33767ea.jpg","notFood":false,"drinks":false},{"name":"חלת פלאפל עדשים ופטריות אורגני טבעוני","description":" פלאפל,חסה, כרוב כבוש,עגבניה, טחינה,עמבה,חריף, כוסברה\n*טבעוני  ","price":49,"vegan":true,"vegetarian":true,"image":"https://d25t2285lxl5rf.cloudfront.net/images/dishes/94ddaa76-16af-4e33-a475-952ea8523ad5.jpg","notFood":false,"drinks":false},{"name":"שניצל בחלה","description":"שניצל עוף  קריספי, מטבוחה ביתית, חצילים ממכרים ופלפלים חריפים.\n*חמוצים טחינה ולימון כבוש בצד","price":56,"vegan":false,"vegetarian":false,"image":"https://d25t2285lxl5rf.cloudfront.net/images/dishes/26419cc8-842f-4457-ae1d-0956e3923c1b.11","notFood":false,"drinks":false},{"name":"רוטיסרי בחלה","description":"עוף צלוי מפורק מעצמות, איולי סחוג לימון כבוש, כרוב לבן ,טבעות בצל סגול","price":56,"vegan":false,"vegetarian":false,"image":"https://d25t2285lxl5rf.cloudfront.net/images/dishes/a11f5c13-23b1-420f-8b89-3c50bb75e330.11","notFood":false,"drinks":false},{"name":"צ'אנקי סלמון בחלה","description":"דג סלמון איסיאתי מאודה ,מיו וואסבי ,חסה קצוצה, בצל ירוק ,רצועות גמבה,צ'ילי טרי וכוסברה\n","price":56,"vegan":false,"vegetarian":false,"image":"https://d25t2285lxl5rf.cloudfront.net/images/dishes/cb4ecc4a-0f94-47e5-8fe8-8cd5691dcc58.11","notFood":false,"drinks":false},{"name":"Brooklyn Burger בחלה","description":" המבורגר עסיסי, שפונדרה בבישול לילה ,איולי ברוקלין, חסה ,עגבניה, בצל סגול, מלפפון חמוץ","price":56,"vegan":false,"vegetarian":false,"image":"https://d25t2285lxl5rf.cloudfront.net/images/dishes/c1643e0d-887e-47c5-a575-cd0c2fa20bb5.11","notFood":false,"drinks":false},{"name":"אסאדו של בת הקצב בחלה","description":"אסאדו בישול ארוך ומעושן קלות, איולי שום , חסה , משוויה של בצל ועגבנייה ","price":56,"vegan":true,"vegetarian":true,"image":"https://d25t2285lxl5rf.cloudfront.net/images/dishes/1d4471b0-dd4d-4af4-b543-5fd04a2443bd.11","notFood":false,"drinks":false},{"name":"חלה עם קציצות דגים של סבתא ז'קלין","description":"קציצות דג ים ברוטב אדום עוקץ,\nמרדומה ביתית,לימון כבוש ,כוסברה טריה ,טחינה","price":56,"vegan":false,"vegetarian":false,"image":"https://d25t2285lxl5rf.cloudfront.net/images/dishes/5cb64de2-25c3-4847-bdc6-0b0b79074fbf.jpg","notFood":false,"drinks":false},{"name":"עסקית סלט קיסר  \"פילאף\" סטייל","description":"חסה, עלי רוגולה, גרידת גזר, צנוניות ,שרי תמר, קרעי לחם  בריאות פריכים, רוטב קיסר בצד.\nמוגש עם תוספת חמה לבחירה","price":43,"vegan":true,"vegetarian":true,"image":"https://d25t2285lxl5rf.cloudfront.net/images/dishes/e76038c5-0517-4371-96b8-be05dc616e41.jpg","notFood":false,"drinks":false},{"name":"פילאף צ'ו צ'יי *טבעוני","description":"נתחים של טופו צלויים עם רוטב לבחירה\nמוגש עם שתי תוספות לבחירה סלט לבחירה וטחינה","price":59,"vegan":true,"vegetarian":true,"image":"https://d25t2285lxl5rf.cloudfront.net/images/dishes/22d2c72f-cf16-4019-adc5-4bbb9f232952.jpg","notFood":false,"drinks":false},{"name":"\"הפרגית\" של המשק","description":"נתחי פרגית נמסים בפה צלויים קלות בתיבול קייג'ון ושמן זית.\nמוגש עם שתי תוספות לבחירה, סלט לבחירה וטחינה","price":66,"vegan":false,"vegetarian":false,"image":"https://d25t2285lxl5rf.cloudfront.net/images/dishes/9c96e783-7473-429b-95d4-e5238d83a59e.jpg","notFood":false,"drinks":false},{"name":"\"שומרת על גזרה\" - רצועות חזה עוף קלילות מוקפצות  בשמן זית לימון","description":"מוגש עם שתי תוספות חמות לבחירה, סלט לבחירה וטחינה","price":59,"vegan":false,"vegetarian":false,"image":"https://d25t2285lxl5rf.cloudfront.net/images/dishes/101153b3-5fed-4984-b849-f6474ee01c63.jpg","notFood":false,"drinks":false},{"name":"שניצל עוף \"כמו בבית\"","description":"מוגש עם שתי תוספות לבחירה, סלט לבחירה ,טחינה","price":59,"vegan":false,"vegetarian":false,"image":"https://d25t2285lxl5rf.cloudfront.net/images/dishes/2400599c-1b50-4d74-a58c-0346c33e6b02.jpg","notFood":false,"drinks":false},{"name":"קציצות עדשים ופטריות אורגניות","description":"מוגש על שתי תוספות לבחירה,סלט לבחירה, טחינה.\n\n*טבעוני *ללא גלוטן","price":56,"vegan":true,"vegetarian":true,"image":"https://d25t2285lxl5rf.cloudfront.net/images/dishes/ff39ab23-adec-401d-84a2-b31c6e3e48f3.jpg","notFood":false,"drinks":false},{"name":"\"האסייתית של השכונה\"-יקיטורי פרגית עסיסית צלויים ומוגשים ברוטב לבחירה","description":"\nמוגש עם 2 תוספות לבחירה סלט לבחירה וטחינה.","price":66,"vegan":false,"vegetarian":false,"image":"https://d25t2285lxl5rf.cloudfront.net/images/dishes/97980538-e850-41d9-aaee-a3ee85ff951e.jpg","notFood":false,"drinks":false},{"name":"כרע עוף בתנור גריל","description":"כרע עוף צלויה במרינדת הבית של תבלינים חמים ,שמן זית ונגיעות גרידת לימון\nמוגש עם שתי תוספות ,סלט לבחירה וטחינה.\n*ללא גלוטן ","price":59,"vegan":false,"vegetarian":false,"image":"https://d25t2285lxl5rf.cloudfront.net/images/dishes/e6d0e6dd-9655-474e-b1bc-98cd3ef5b746.jpg","notFood":false,"drinks":false},{"name":"רוסט ירקות בעשבים","description":"ירקות קלויים בחיתוך עדין,עשבי תיבול טריים .מוגש עם שתי תוספות לבחירה, סלט לבחירה, טחינה.\n*טבעוני/ללא גלוטן ","price":55,"vegan":true,"vegetarian":true,"image":"https://d25t2285lxl5rf.cloudfront.net/images/dishes/66149692-fead-4b18-85a3-97e44e519a88.jpg","notFood":false,"drinks":false},{"name":"קציצות עגל ברוטב עגבניות עשיר","description":"קציצות עגל נימוחות ברוטב עגבניות \nמוגש על שתי תוספות לבחירה,סלט לבחירה, טחינה .","price":59,"vegan":true,"vegetarian":true,"image":"https://d25t2285lxl5rf.cloudfront.net/images/dishes/f6e1562e-6561-48de-9871-df8a0c6b06a9.jpg","notFood":false,"drinks":false},{"name":"קציצות דגים ברוטב השף( חריף פיקנטי)","description":"קציצות דגים ביתיות ברוטב חריימה סטייל \nמוגש על שתי תוספות לבחירה,סלט לבחירה וטחינה","price":64,"vegan":false,"vegetarian":false,"image":"https://d25t2285lxl5rf.cloudfront.net/images/dishes/32b4cc5d-4dea-4471-904c-09f5c72af734.jpg","notFood":false,"drinks":false},{"name":"דג סלמון אפוי בתנור","description":"נתח פילה סלמון אפוי בתנור בטעמים טבעיים\nמוגש על שתי תוספות לבחירה,סלט לבחירה , טחינה.","price":71,"vegan":false,"vegetarian":false,"image":"https://d25t2285lxl5rf.cloudfront.net/images/dishes/7034d4a8-2aaa-481d-b779-b85eedebfdcc.jpg","notFood":false,"drinks":false},{"name":"שפונדרה \"פילאף\" סטייל","description":"שפונדרה(אסאדו) עגל מפורקת בבישול ארוך בניחוחות אסיאתיים\nמוגש על שתי תוספות לבחירה, סלט לבחירה,טחינה ","price":69,"vegan":true,"vegetarian":true,"image":"https://d25t2285lxl5rf.cloudfront.net/images/dishes/4a72e5cb-7e4a-4da8-8008-711274727704.jpg","notFood":false,"drinks":false},{"name":"חזה עוף  צלוי עסיסי","description":"חזה עוף נימוח שנצלה על ברזל לוהט בתיבול עדין,מוגש עם שתי תוספות, סלט לבחירה וטחינה","price":59,"vegan":false,"vegetarian":false,"image":"https://d25t2285lxl5rf.cloudfront.net/images/dishes/31fd9f20-ab6d-469f-9851-a18c2ffb8b17.jpg","notFood":false,"drinks":false},{"name":"מפרום- תפוא ממולא בשר 1קג","price":89,"vegan":false,"vegetarian":false,"notFood":false,"drinks":false},{"name":"מפרום- תפוא ממולא בשר  חצי קג","price":57,"vegan":false,"vegetarian":false,"notFood":false,"drinks":false},{"name":"ארטישוק ממולא בשר ברוטב ירקות לימוני רענן","price":99,"vegan":false,"vegetarian":false,"notFood":false,"drinks":false},{"name":"ארטישוק ממולא בשר ברוטב ירקות לימוני רענן 2\\1 קג","price":67,"vegan":false,"vegetarian":false,"notFood":false,"drinks":false},{"name":"קובה עירקית במילוי בשר ברוטב סלק 1קג","price":89,"vegan":false,"vegetarian":false,"notFood":false,"drinks":false},{"name":"קובה עירקית במילוי בשר ברוטב סלק חצי קג","price":57,"vegan":false,"vegetarian":false,"notFood":false,"drinks":false},{"name":"קובה חמוסטה - קובה במילוי בשר ברוטב ירקות רענן 1קג","price":89,"vegan":false,"vegetarian":false,"notFood":false,"drinks":false},{"name":"קובה חמוסטה - קובה במילוי בשר ברוטב ירקות רענן חצי קג","price":57,"vegan":false,"vegetarian":false,"notFood":false,"drinks":false},{"name":"מוסקה-חציל ממולא בשר 1קג","price":89,"vegan":false,"vegetarian":false,"notFood":false,"drinks":false},{"name":"מוסקה-חציל ממולא בשר חצי קג","price":57,"vegan":false,"vegetarian":false,"notFood":false,"drinks":false},{"name":"עלי גפן צעירים ממולאים באורז  וירק טרי  1קג","price":89,"vegan":true,"vegetarian":true,"notFood":false,"drinks":false},{"name":"עלי גפן צעירים ממולאים באורז  וירק טרי 1/2 קג","price":57,"vegan":true,"vegetarian":true,"notFood":false,"drinks":false},{"name":"קבב הבית 1קג","description":"קבב עגל וכבש מיוחד של ","price":120,"vegan":false,"vegetarian":false,"notFood":false,"drinks":false},{"name":"קבב הבית חצי קג","description":"קבב עגל וכבש מיוחד של \"פילאף\"\t","price":69,"vegan":false,"vegetarian":false,"notFood":false,"drinks":false},{"name":"שפונדרה עגל","description":"אסאדו עגל מפורק בבישול ארוך בניחוחות אסיאתיים\t","price":220,"vegan":true,"vegetarian":true,"notFood":false,"drinks":false},{"name":"שפונדרה עגל 1/2 קג","description":"אסאדו עגל מפורק בבישול ארוך בניחוחות אסיאתיים\t","price":115,"vegan":true,"vegetarian":true,"notFood":false,"drinks":false},{"name":"קציצות ע'רוק 1קג","description":"קציצות בשר עיראקיות נימוחות ב''טעם של פעם''\t","price":120,"vegan":false,"vegetarian":false,"notFood":false,"drinks":false},{"name":"קציצות ע'רוק חצי קג","description":"קציצות בשר עיראקיות נימוחות ב''טעם של פעם''\t","price":69,"vegan":false,"vegetarian":false,"notFood":false,"drinks":false},{"name":"קציצות בשר ברוטב עגבניות 1קג","description":"ירק טרי , שום, עגבניות ותבלינים\t","price":120,"vegan":false,"vegetarian":false,"notFood":false,"drinks":false},{"name":"קציצות בשר ברוטב עגבניות חצי קג","price":69,"vegan":false,"vegetarian":false,"notFood":false,"drinks":false},{"name":"חזה עוף בגריל 1קג","description":"חזה עוף גריל בתיבול עדין*ללא גלוטן","price":99,"vegan":false,"vegetarian":false,"notFood":false,"drinks":false},{"name":"חזה עוף בגריל 1/2 קג","description":"חזה עוף גריל בתיבול עדין*ללא גלוטן","price":57,"vegan":false,"vegetarian":false,"notFood":false,"drinks":false},{"name":"כרעיים עוף 1קג","description":"כרעיים עוף גריל במרינדת הבית*ללא גלוטן","price":89,"vegan":false,"vegetarian":false,"notFood":false,"drinks":false},{"name":"כרעיים עוף בגריל 1/2 קג","description":"כרעיים עוף גריל במרינדת הבית*ללא גלוטן","price":47,"vegan":false,"vegetarian":false,"notFood":false,"drinks":false},{"name":"שניצל עוף אמיתי תוצרת בית 1קג","price":99,"vegan":false,"vegetarian":false,"notFood":false,"drinks":false},{"name":"שניצל עוף אמיתי תוצרת בית 1/2 קג","price":57,"vegan":false,"vegetarian":false,"notFood":false,"drinks":false},{"name":"שניצלוני עוף אמיתי תוצרת בית 1 קג","price":99,"vegan":false,"vegetarian":false,"notFood":false,"drinks":false},{"name":"שניצלוני עוף אמיתי תוצרת בית 1/2 קג","price":57,"vegan":false,"vegetarian":false,"notFood":false,"drinks":false},{"name":"קציצות עוף ברוטב עם אפונה וירקות העונה 1 קג","price":99,"vegan":false,"vegetarian":false,"notFood":false,"drinks":false},{"name":"קציצות עוף ברוטב עם אפונה וירקות העונה 1/2 קג","price":57,"vegan":false,"vegetarian":false,"notFood":false,"drinks":false},{"name":"פרגית על הפלנצ'ה 1\\2 קג'","price":75,"vegan":false,"vegetarian":false,"notFood":false,"drinks":false},{"name":"פרגית על הפלנצ'ה   1קג","price":139,"vegan":false,"vegetarian":false,"notFood":false,"drinks":false},{"name":"פילה דג סלמון טרי אפוי בתנור בעשבי תיבול","price":139,"vegan":false,"vegetarian":false,"notFood":false,"drinks":false},{"name":"פילה דג סלמון טרי אפוי בתנור בעשבי תיבול 1/2 קג","price":79,"vegan":false,"vegetarian":false,"notFood":false,"drinks":false},{"name":"קציצות דגים ברוטב השף(חריף פיקנטי) 1 קג","price":119,"vegan":false,"vegetarian":false,"notFood":false,"drinks":false},{"name":"קציצות דגים ברוטב השף(חריף פיקנטי) חצי קג","price":69,"vegan":false,"vegetarian":false,"notFood":false,"drinks":false},{"name":"פילה דג סלמון  אפוי בגלייז אסייאתי 1קג","price":139,"vegan":false,"vegetarian":false,"notFood":false,"drinks":false},{"name":"פילה דג סלמון  אפוי בגלייז אסייאתי 1/2 קג","price":79,"vegan":false,"vegetarian":false,"notFood":false,"drinks":false},{"name":"קציצות עדשים ופטריות אורגניות  1קג","description":"טבעוני, ללא גלוטן","price":99,"vegan":true,"vegetarian":true,"notFood":false,"drinks":false},{"name":"קציצות עדשים ופטריות אורגניות 2\\1 קג","description":"טבעוני, ללא גלוטן","price":57,"vegan":true,"vegetarian":true,"notFood":false,"drinks":false},{"name":"תבשיל קטניות- טבעוני/ללא גלוטן 1קג","description":"תבשיל קטניות עשיר סמיך\t","price":69,"vegan":true,"vegetarian":true,"notFood":false,"drinks":false},{"name":"תבשיל קטניות- טבעוני/ללא גלוטן 2\\1 קג","description":"תבשיל קטניות עשיר סמיך\t","price":42,"vegan":true,"vegetarian":true,"notFood":false,"drinks":false},{"name":"ירקות גריל אנטיפסטי 1קג","description":"טבעוני* ללא גלוטן","price":99,"vegan":true,"vegetarian":true,"notFood":false,"drinks":false},{"name":"ירקות גריל אנטיפסטי 1/2 קג","description":"טבעוני*ללא גלוטן","price":57,"vegan":true,"vegetarian":true,"notFood":false,"drinks":false},{"name":"ירקות קוסקוס 1קג","price":61,"vegan":true,"vegetarian":true,"notFood":false,"drinks":false},{"name":"ירקות קוסקוס חצי קג'","price":36,"vegan":true,"vegetarian":true,"notFood":false,"drinks":false},{"name":"אורז לבן מסוג ''יסמין'' ריחני","price":59,"vegan":true,"vegetarian":true,"notFood":false,"drinks":false},{"name":"אורז לבן מסוג ''יסמין'' ריחני 2\\1 קג","price":34,"vegan":true,"vegetarian":true,"notFood":false,"drinks":false},{"name":"קוסקוס 1ק''ג","price":69,"vegan":true,"vegetarian":true,"notFood":false,"drinks":false},{"name":"קוסקוס 1/2 ק''ג","price":38,"vegan":true,"vegetarian":true,"notFood":false,"drinks":false},{"name":"אורז מלא","price":79,"vegan":true,"vegetarian":true,"notFood":false,"drinks":false},{"name":"אורז מלא 2\\1 קג","price":47,"vegan":true,"vegetarian":true,"notFood":false,"drinks":false},{"name":"כוסמת","price":69,"vegan":true,"vegetarian":true,"notFood":false,"drinks":false},{"name":"כוסמת 2\\1 קג","price":37,"vegan":true,"vegetarian":true,"notFood":false,"drinks":false},{"name":"קינואה","price":99,"vegan":true,"vegetarian":true,"notFood":false,"drinks":false},{"name":"קינואה 2\\1 קג","price":57,"vegan":true,"vegetarian":true,"notFood":false,"drinks":false},{"name":"בורגול","price":69,"vegan":true,"vegetarian":true,"notFood":false,"drinks":false},{"name":"בורגול 2\\1 קג","price":37,"vegan":true,"vegetarian":true,"notFood":false,"drinks":false},{"name":"קוסקוס מחיטה מלאה 1קג","price":79,"vegan":true,"vegetarian":true,"notFood":false,"drinks":false},{"name":"קוסקוס מחיטה מלאה חצי קג","price":47,"vegan":true,"vegetarian":true,"notFood":false,"drinks":false},{"name":"תפו\"א פריזאי בתבלינים חמים","price":69,"vegan":true,"vegetarian":true,"notFood":false,"drinks":false},{"name":"תפו\"א פריזאי בתבלינים חמים 2\\1 קג","price":37,"vegan":true,"vegetarian":true,"notFood":false,"drinks":false},{"name":"אושפלו","description":"3 קילו.הזמנה מראש ","price":250,"vegan":true,"vegetarian":true,"notFood":false,"drinks":false},{"name":"בחש","description":"3 קילו.הזמנה מראש ","price":250,"vegan":true,"vegetarian":true,"notFood":false,"drinks":false}]}