{"track_id":"1971","filters":["burgers","meatGrill","veganFood"],"image":"https://tenbis-static.azureedge.net/restaurant-card-image/ResCard_1971_20220111105214.jpeg","address":"סמטת האירוסים, 53 נס ציונה","location":[34.7983629,31.9301683],"name":"בורגראנץ`","city":"נס ציונה - רחובות","priceAverage":40.072072072072075,"menu":[{"name":"ארוחת ראנץ' M","description":"ראנץ', תוספת מוגדלת ושתייה","price":55,"vegan":true,"vegetarian":true,"image":"https://cdn.paypo.com/images/brcatalog/1000/11901_1.jpg","notFood":false,"drinks":false},{"name":"ארוחת ילדים כוכבי ראנץ' M","description":"","price":34,"vegan":true,"vegetarian":true,"image":"https://cdn.paypo.com/images/brcatalog/1000/12005_0.jpg","notFood":false,"drinks":false},{"name":"נקניקית ראנץ'","description":"","price":15,"vegan":true,"vegetarian":true,"image":"https://cdn.paypo.com/images/brcatalog/1000/12115_2.jpg","notFood":false,"drinks":false},{"name":"ארוחת ילדים נקניקיה M","description":"","price":34,"vegan":true,"vegetarian":true,"image":"https://cdn.paypo.com/images/brcatalog/1000/12001_0.jpg","notFood":false,"drinks":false},{"name":"צ'יפס זיגזג גדול (M)","description":"","price":18,"vegan":true,"vegetarian":true,"image":"https://cdn.paypo.com/images/brcatalog/1000/12300_2.jpg","notFood":false,"drinks":false},{"name":"ארוחת ראנץ' כפול M","description":"ראנץ' כפול, תוספת ושתייה","price":63,"vegan":true,"vegetarian":true,"image":"https://cdn.paypo.com/images/brcatalog/1000/11915_0.jpg","notFood":false,"drinks":false},{"name":"ארוחת ראנץ' M","description":"ראנץ', תוספת מוגדלת ושתייה","price":55,"vegan":true,"vegetarian":true,"image":"https://cdn.paypo.com/images/brcatalog/1000/11901_1.jpg","notFood":false,"drinks":false},{"name":"ארוחת ראנץ' טבעוני M","description":"מוגש עם רוטב אלף האיים, ברביקיו, חסה, עגבנייה בצל וחמוצים","price":55,"vegan":true,"vegetarian":true,"image":"https://cdn.paypo.com/images/brcatalog/1000/11902_1.jpg","notFood":false,"drinks":false},{"name":"ארוחת ספרדי M","description":"ראנץ' ספרדי, תוספת מוגדלת ושתייה","price":55,"vegan":true,"vegetarian":true,"image":"https://cdn.paypo.com/images/brcatalog/1000/11904_1.jpg","notFood":false,"drinks":false},{"name":"ארוחת צ'יקן גריל M","description":"צ'יקן גריל 100% עוף, 1% שומן, תוספת ושתייה","price":55,"vegan":false,"vegetarian":false,"image":"https://cdn.paypo.com/images/brcatalog/1000/11906_1.jpg","notFood":false,"drinks":false},{"name":"ארוחת משולש ראנץ' M","description":"ראנץ' משולש, תוספת מוגדלת ושתייה","price":71,"vegan":true,"vegetarian":true,"image":"https://cdn.paypo.com/images/brcatalog/1000/11907_0.jpg","notFood":false,"drinks":false},{"name":"ארוחת משולש ספרדי M","description":"ראנץ' ספרדי משולש, תוספת מוגדלת ושתייה","price":71,"vegan":true,"vegetarian":true,"image":"https://cdn.paypo.com/images/brcatalog/1000/11908_1.jpg","notFood":false,"drinks":false},{"name":"ארוחת שניצל קריספי M","description":"שניצל קריספי 100% עוף, תוספת מוגדלת ושתייה","price":55,"vegan":false,"vegetarian":false,"image":"https://cdn.paypo.com/images/brcatalog/1000/11910_1.jpg","notFood":false,"drinks":false},{"name":"ארוחת ראנצ'יקס M","description":"ראנצ'יקס 100% עוף, תוספת מוגדלת ושתייה","price":55,"vegan":false,"vegetarian":false,"image":"https://cdn.paypo.com/images/brcatalog/1000/11911_1.jpg","notFood":false,"drinks":false},{"name":"ארוחת כוכבי ראנץ' M","description":"כוכבי ראנץ', תוספת מוגדלת ושתייה","price":55,"vegan":true,"vegetarian":true,"image":"https://cdn.paypo.com/images/brcatalog/1000/11913_1.jpg","notFood":false,"drinks":false},{"name":"ארוחת כנפי ראנץ' M","description":"כנפי ראנץ', תוספת מוגדלת ושתייה","price":55,"vegan":true,"vegetarian":true,"image":"https://cdn.paypo.com/images/brcatalog/1000/11914_1.jpg","notFood":false,"drinks":false},{"name":"ארוחת ראנץ' כפול M","description":"ראנץ' כפול, תוספת ושתייה","price":63,"vegan":true,"vegetarian":true,"image":"https://cdn.paypo.com/images/brcatalog/1000/11915_0.jpg","notFood":false,"drinks":false},{"name":"ארוחת ראנץ' מיונז M","description":"חסה, עגבנייה, בצל, מלפפון חמוץ, רוטב מיונז.","price":55,"vegan":false,"vegetarian":true,"image":"https://cdn.paypo.com/images/brcatalog/1000/11920_1.jpg","notFood":false,"drinks":false},{"name":"ארוחת ראנץ' חריף M","description":"חסה, עגבנייה, בצל, מלפפון חמוץ, רוטב מיונז","price":55,"vegan":false,"vegetarian":true,"image":"https://cdn.paypo.com/images/brcatalog/1000/11921_1.jpg","notFood":false,"drinks":false},{"name":"ארוחת אנגוס 180 גרם M","description":"אנגוס 180 גרם לפני צלייה, חסה, עגבנייה, מלפפון חמוץ, בצל ומיונז. תוספת ושתיה.","price":68,"vegan":false,"vegetarian":false,"image":"https://cdn.paypo.com/images/brcatalog/1000/11925_1.jpg","notFood":false,"drinks":false},{"name":"ארוחת אנגוס 250 גרם M","description":"אנגוס 250 גרם לפני צלייה, חסה, עגבנייה, מלפפון חמוץ, בצל ומיונז. תוספת ושתיה.","price":74,"vegan":false,"vegetarian":false,"image":"https://cdn.paypo.com/images/brcatalog/1000/11928_1.jpg","notFood":false,"drinks":false},{"name":"ארוחת ראנץ' אנגוס כפול 360 גרם M","description":"","price":82,"vegan":false,"vegetarian":false,"image":"https://cdn.paypo.com/images/brcatalog/1000/11933_0.jpg","notFood":false,"drinks":false},{"name":"ארוחת ראנץ' אנגוס עם טבעות בצל 180 גרם M","description":"","price":73,"vegan":false,"vegetarian":false,"image":"https://cdn.paypo.com/images/brcatalog/1000/11934_0.jpg","notFood":false,"drinks":false},{"name":"ארוחת ראנץ' אנגוס ספרדי 180 גרם M","description":"","price":68,"vegan":false,"vegetarian":false,"image":"https://cdn.paypo.com/images/brcatalog/1000/11935_0.jpg","notFood":false,"drinks":false},{"name":"ארוחת ראנץ' אנגוס ספרדי כפול 360 גרם M","description":"","price":82,"vegan":false,"vegetarian":false,"image":"https://cdn.paypo.com/images/brcatalog/1000/11936_0.jpg","notFood":false,"drinks":false},{"name":"ארוחת ילדים ראנץ' חטיפי תירס M","description":"","price":34,"vegan":true,"vegetarian":true,"image":"https://cdn.paypo.com/images/brcatalog/1000/12000_0.jpg","notFood":false,"drinks":false},{"name":"ארוחת ילדים נקניקיה M","description":"","price":34,"vegan":true,"vegetarian":true,"image":"https://cdn.paypo.com/images/brcatalog/1000/12001_0.jpg","notFood":false,"drinks":false},{"name":"ארוחת ילדים שניצל קריספי M","description":"","price":34,"vegan":false,"vegetarian":false,"image":"https://cdn.paypo.com/images/brcatalog/1000/12002_0.jpg","notFood":false,"drinks":false},{"name":"ארוחת ילדים קיד צ'יקן M","description":"","price":34,"vegan":false,"vegetarian":false,"image":"https://cdn.paypo.com/images/brcatalog/1000/12003_0.jpg","notFood":false,"drinks":false},{"name":"ארוחת ילדים ראנצ'קיד M","description":"","price":34,"vegan":true,"vegetarian":true,"image":"https://cdn.paypo.com/images/brcatalog/1000/12004_0.jpg","notFood":false,"drinks":false},{"name":"ארוחת ילדים כוכבי ראנץ' M","description":"","price":34,"vegan":true,"vegetarian":true,"image":"https://cdn.paypo.com/images/brcatalog/1000/12005_0.jpg","notFood":false,"drinks":false},{"name":"צעצוע לארוחת ילדים","description":"","price":12,"vegan":true,"vegetarian":true,"image":"https://cdn.paypo.com/images/brcatalog/1000/12006_1.jpg","notFood":false,"drinks":false},{"name":"ראנץ'","description":"","price":29,"vegan":true,"vegetarian":true,"image":"https://cdn.paypo.com/images/brcatalog/1000/12100_1.jpg","notFood":false,"drinks":false},{"name":"ראנץ' כפול","description":"","price":37,"vegan":true,"vegetarian":true,"image":"https://cdn.paypo.com/images/brcatalog/1000/12101_1.jpg","notFood":false,"drinks":false},{"name":"ראנץ' משולש","description":"","price":45,"vegan":true,"vegetarian":true,"image":"https://cdn.paypo.com/images/brcatalog/1000/12102_1.jpg","notFood":false,"drinks":false},{"name":"ספרדי","description":"","price":29,"vegan":true,"vegetarian":true,"image":"https://cdn.paypo.com/images/brcatalog/1000/12103_1.jpg","notFood":false,"drinks":false},{"name":"ספרדי כפול","description":"","price":37,"vegan":true,"vegetarian":true,"image":"https://cdn.paypo.com/images/brcatalog/1000/12104_1.jpg","notFood":false,"drinks":false},{"name":"ספרדי משולש","description":"","price":45,"vegan":true,"vegetarian":true,"image":"https://cdn.paypo.com/images/brcatalog/1000/12105_1.jpg","notFood":false,"drinks":false},{"name":"צ'יקן גריל","description":"","price":29,"vegan":false,"vegetarian":false,"image":"https://cdn.paypo.com/images/brcatalog/1000/12106_1.jpg","notFood":false,"drinks":false},{"name":"צ'יקן גריל כפול","description":"","price":37,"vegan":false,"vegetarian":false,"image":"https://cdn.paypo.com/images/brcatalog/1000/12107_1.jpg","notFood":false,"drinks":false},{"name":"שניצל קריספי","description":"","price":29,"vegan":false,"vegetarian":false,"image":"https://cdn.paypo.com/images/brcatalog/1000/12108_1.jpg","notFood":false,"drinks":false},{"name":"ראנץ' טבעוני","description":"","price":29,"vegan":true,"vegetarian":true,"image":"https://cdn.paypo.com/images/brcatalog/1000/12109_1.jpg","notFood":false,"drinks":false},{"name":"כנפי ראנץ' 6 יחידות","description":"","price":28,"vegan":true,"vegetarian":true,"image":"https://cdn.paypo.com/images/brcatalog/1000/12112_1.jpg","notFood":false,"drinks":false},{"name":"נקניקית ראנץ'","description":"","price":15,"vegan":true,"vegetarian":true,"image":"https://cdn.paypo.com/images/brcatalog/1000/12115_2.jpg","notFood":false,"drinks":false},{"name":"מאנץ' ראנץ'","description":"מיקס מטוגנים לנשנוש מושלם","price":40,"vegan":true,"vegetarian":true,"image":"https://cdn.paypo.com/images/brcatalog/1000/12116_1.jpg","notFood":false,"drinks":false},{"name":"כוכבים 4 יח'","description":"4 יחידות","price":21,"vegan":true,"vegetarian":true,"image":"https://cdn.paypo.com/images/brcatalog/1000/12117_1.jpg","notFood":false,"drinks":false},{"name":"כוכבים 6 יח'","description":"6 יחידות","price":28,"vegan":true,"vegetarian":true,"image":"https://cdn.paypo.com/images/brcatalog/1000/12118_1.jpg","notFood":false,"drinks":false},{"name":"כוכבים 8 יח'","description":"8 יחידות","price":34,"vegan":true,"vegetarian":true,"image":"https://cdn.paypo.com/images/brcatalog/1000/12119_1.jpg","notFood":false,"drinks":false},{"name":"כוכבים 12 יח'","description":"12 יחידות","price":46,"vegan":true,"vegetarian":true,"image":"https://cdn.paypo.com/images/brcatalog/1000/12120_1.jpg","notFood":false,"drinks":false},{"name":"כנפי ראנץ' 4 יחידות","description":"4 יחידות","price":21,"vegan":true,"vegetarian":true,"image":"https://cdn.paypo.com/images/brcatalog/1000/12121_1.jpg","notFood":false,"drinks":false},{"name":"כנפי ראנץ' 8 יחידות","description":"8 יחידות","price":34,"vegan":true,"vegetarian":true,"image":"https://cdn.paypo.com/images/brcatalog/1000/12123_3.jpg","notFood":false,"drinks":false},{"name":"כנפי ראנץ' 12 יחידות","description":"12 יחידות","price":46,"vegan":true,"vegetarian":true,"image":"https://cdn.paypo.com/images/brcatalog/1000/12124_3.jpg","notFood":false,"drinks":false},{"name":"ראנצ'יקס 5 יח'","description":"5 יחידות","price":28,"vegan":true,"vegetarian":true,"image":"https://cdn.paypo.com/images/brcatalog/1000/12126_3.jpg","notFood":false,"drinks":false},{"name":"ראנצ'יקס 7 יח'","description":"7 יחידות","price":34,"vegan":true,"vegetarian":true,"image":"https://cdn.paypo.com/images/brcatalog/1000/12127_3.jpg","notFood":false,"drinks":false},{"name":"ראנצ'יקס 11 יח'","description":"11 יחידות","price":46,"vegan":true,"vegetarian":true,"image":"https://cdn.paypo.com/images/brcatalog/1000/12128_3.jpg","notFood":false,"drinks":false},{"name":"חטיפי תירס 6 יחידות","description":"6 יחידות","price":18,"vegan":true,"vegetarian":true,"image":"https://cdn.paypo.com/images/brcatalog/1000/12129_1.jpg","notFood":false,"drinks":false},{"name":"חטיפי תירס 8 יחידות","description":"8 יחידות","price":22,"vegan":true,"vegetarian":true,"image":"https://cdn.paypo.com/images/brcatalog/1000/12130_1.jpg","notFood":false,"drinks":false},{"name":"חטיפי תירס 10 יחידות","description":"10 יחידות","price":26,"vegan":true,"vegetarian":true,"image":"https://cdn.paypo.com/images/brcatalog/1000/12131_1.jpg","notFood":false,"drinks":false},{"name":"חטיפי תירס 12 יחידות","description":"12 יחידות","price":28,"vegan":true,"vegetarian":true,"image":"https://cdn.paypo.com/images/brcatalog/1000/12132_1.jpg","notFood":false,"drinks":false},{"name":"ראנצ'קיד","description":"יבש","price":15,"vegan":true,"vegetarian":true,"image":"https://cdn.paypo.com/images/brcatalog/1000/12133_2.jpg","notFood":false,"drinks":false},{"name":"קיד צ'יקן","description":"יבש","price":15,"vegan":false,"vegetarian":false,"image":"https://cdn.paypo.com/images/brcatalog/1000/12134_2.jpg","notFood":false,"drinks":false},{"name":"שניצל קיד","description":"יבש","price":15,"vegan":false,"vegetarian":false,"image":"https://cdn.paypo.com/images/brcatalog/1000/12135_2.jpg","notFood":false,"drinks":false},{"name":"ראנץ' חריף","description":"חסה, עגבנייה, בצל, מלפפון חמוץ, רוטב חריף.","price":29,"vegan":true,"vegetarian":true,"image":"https://cdn.paypo.com/images/brcatalog/1000/12139_2.jpg","notFood":false,"drinks":false},{"name":"ראנץ' כפול חריף","description":"חסה, עגבנייה, בצל, מלפפון חמוץ, רוטב חריף.","price":36,"vegan":true,"vegetarian":true,"image":"https://cdn.paypo.com/images/brcatalog/1000/12140_2.jpg","notFood":false,"drinks":false},{"name":"ראנץ' משולש חריף","description":"חסה, עגבנייה, בצל, מלפפון חמוץ, רוטב חריף.","price":44,"vegan":true,"vegetarian":true,"image":"https://cdn.paypo.com/images/brcatalog/1000/12141_2.jpg","notFood":false,"drinks":false},{"name":"ראנץ' מיונז","description":"חסה, עגבנייה, בצל, מלפפון חמוץ, רוטב מיונז","price":29,"vegan":false,"vegetarian":true,"image":"https://cdn.paypo.com/images/brcatalog/1000/12142_1.jpg","notFood":false,"drinks":false},{"name":"ראנץ' מיונז כפול","description":"חסה, עגבנייה, בצל, מלפפון חמוץ, רוטב מיונז","price":36,"vegan":false,"vegetarian":true,"image":"https://cdn.paypo.com/images/brcatalog/1000/12143_1.jpg","notFood":false,"drinks":false},{"name":"ראנץ' מיונז משולש","description":"חסה, עגבנייה, בצל, מלפפון חמוץ, רוטב מיונז.","price":44,"vegan":false,"vegetarian":true,"image":"https://cdn.paypo.com/images/brcatalog/1000/12144_1.jpg","notFood":false,"drinks":false},{"name":"אנגוס 180 גרם","description":"אנגוס 180 גרם לפני צלייה, חסה, עגבנייה, מלפפון חמוץ, בצל ומיונז.","price":39,"vegan":false,"vegetarian":false,"image":"https://cdn.paypo.com/images/brcatalog/1000/12145_2.jpg","notFood":false,"drinks":false},{"name":"אנגוס 250 גרם","description":"אנגוס 250 גרם לפני צלייה, חסה, עגבנייה, מלפפון חמוץ, בצל ומיונז.","price":46,"vegan":false,"vegetarian":false,"image":"https://cdn.paypo.com/images/brcatalog/1000/12146_1.jpg","notFood":false,"drinks":false},{"name":"ראנץ' אנגוס כפול 360 גרם","description":"","price":53,"vegan":false,"vegetarian":false,"image":"https://cdn.paypo.com/images/brcatalog/1000/12159_0.jpg","notFood":false,"drinks":false},{"name":"ראנץ' אנגוס עם טבעות בצל 180 גרם","description":"","price":44,"vegan":false,"vegetarian":false,"image":"https://cdn.paypo.com/images/brcatalog/1000/12160_0.jpg","notFood":false,"drinks":false},{"name":"ראנץ' אנגוס ספרדי 180 גרם","description":"","price":39,"vegan":false,"vegetarian":false,"image":"https://cdn.paypo.com/images/brcatalog/1000/12161_0.jpg","notFood":false,"drinks":false},{"name":"ראנץ' אנגוס ספרדי  כפול 360 גרם","description":"","price":53,"vegan":false,"vegetarian":false,"image":"https://cdn.paypo.com/images/brcatalog/1000/12162_0.jpg","notFood":false,"drinks":false},{"name":"חטיפי נקניקיות","description":"3 יח' נקניקיות חתוכות","price":17,"vegan":true,"vegetarian":true,"image":"https://cdn.paypo.com/images/brcatalog/1000/12163_1.jpg","notFood":false,"drinks":false},{"name":"קומבינה לארבעה אנשים M","description":"","price":180,"vegan":true,"vegetarian":true,"image":"https://cdn.paypo.com/images/brcatalog/1000/12200_0.jpg","notFood":false,"drinks":false},{"name":"קומבינה לשלושה אנשים M","description":"3 מנות בשריות לבחירה, 2 מנות צ'יפס, מנת טבעות בצל, 2 נקניקיות חתוכות ו-3 בקבוקי שתיה","price":146,"vegan":false,"vegetarian":false,"image":"https://cdn.paypo.com/images/brcatalog/1000/12201_0.jpg","notFood":false,"drinks":true},{"name":"קומבינה אחד על אחד M","description":"שתי מנות בשריות לבחירה, מנת צ'יפס, ארבע טבעות בצל, נקניקיה חתוכה לרבעים ושני בקבוקי שתיה","price":100,"vegan":false,"vegetarian":false,"image":"https://cdn.paypo.com/images/brcatalog/1000/12202_0.jpg","notFood":false,"drinks":true},{"name":"קומבינה משפחתית M","description":"2 מנות מבוגר לבחירה, 2 מנות ילדים לבחירה, 2 הפתעות, צ'יפס, טבעות בצל, נקניקה חתוכה לרבעים ו-4 בקבוקי שתיה","price":140,"vegan":true,"vegetarian":true,"image":"https://cdn.paypo.com/images/brcatalog/1000/12203_0.jpg","notFood":false,"drinks":true},{"name":"סלט ראנץ'","description":"","price":35,"vegan":true,"vegetarian":true,"image":"https://cdn.paypo.com/images/brcatalog/1000/13100_0.jpg","notFood":false,"drinks":false},{"name":"טורטיה ראנץ' צ'יקן גריל","description":"","price":33,"vegan":false,"vegetarian":false,"image":"https://cdn.paypo.com/images/brcatalog/1000/13101_0.jpg","notFood":false,"drinks":false},{"name":"ארוחת טורטיה צ'יקן גריל M","description":"","price":55,"vegan":false,"vegetarian":false,"image":"https://cdn.paypo.com/images/brcatalog/1000/13102_0.jpg","notFood":false,"drinks":false},{"name":"טורטיה ראנץ' ברבקיו","description":"","price":35,"vegan":true,"vegetarian":true,"image":"https://cdn.paypo.com/images/brcatalog/1000/13104_0.jpg","notFood":false,"drinks":false},{"name":"טורטיה ראנץ' צמחונית","description":"","price":33,"vegan":true,"vegetarian":true,"image":"https://cdn.paypo.com/images/brcatalog/1000/13105_0.jpg","notFood":false,"drinks":false},{"name":"ארוחת טורטיה ברבקיו M","description":"","price":55,"vegan":true,"vegetarian":true,"image":"https://cdn.paypo.com/images/brcatalog/1000/13106_0.jpg","notFood":false,"drinks":false},{"name":"ארוחת טורטיה צמחונית M","description":"","price":55,"vegan":true,"vegetarian":true,"image":"https://cdn.paypo.com/images/brcatalog/1000/13108_0.jpg","notFood":false,"drinks":false},{"name":"סלט קוסקוס ישראלי","description":"מלפפון, עגבנייה, קוסקוס מלא, בצל, פטרוזיליה ונענע. מוגש עם רוטב שמן זית לימון בצד.","price":32,"vegan":true,"vegetarian":true,"image":"https://cdn.paypo.com/images/brcatalog/1000/13109_0.jpg","notFood":false,"drinks":false},{"name":"סלט קיסריה","description":"חסה, קרוטונים, טבעות בצל ורוטב קיסריה","price":32,"vegan":true,"vegetarian":true,"image":"https://cdn.paypo.com/images/brcatalog/1000/13110_0.jpg","notFood":false,"drinks":false},{"name":"ארוחת טורטיה טבעונית M","description":"טורטייה טבעונית טעימה עם המבורגר טבעוני, חסה, עגבנייה ואלף האיים","price":55,"vegan":true,"vegetarian":true,"image":"https://cdn.paypo.com/images/brcatalog/1000/13111_1.jpg","notFood":false,"drinks":false},{"name":"טורטיה ראנץ' טבעונית","description":"טורטייה טבעונית טעימה עם המבורגר טבעוני, חסה, עגבנייה ואלף האיים","price":33,"vegan":true,"vegetarian":true,"image":"https://cdn.paypo.com/images/brcatalog/1000/13112_1.jpg","notFood":false,"drinks":false},{"name":"צ'יפס מאנץ'","description":"","price":28,"vegan":true,"vegetarian":true,"image":"https://cdn.paypo.com/images/brcatalog/1000/12700_2.jpg","notFood":false,"drinks":false},{"name":"צ'יפס בטטה מאנץ'","description":"","price":35,"vegan":true,"vegetarian":true,"image":"https://cdn.paypo.com/images/brcatalog/1000/12701_0.jpg","notFood":false,"drinks":false},{"name":"טבעות בצל מאנץ'","description":"15 יחידות","price":28,"vegan":true,"vegetarian":true,"image":"https://cdn.paypo.com/images/brcatalog/1000/12703_1.jpg","notFood":false,"drinks":false},{"name":"מאנץ' פופסים","description":"","price":31,"vegan":true,"vegetarian":true,"image":"https://cdn.paypo.com/images/brcatalog/1000/12704_0.jpg","notFood":false,"drinks":false},{"name":"צ'יפס זיגזג גדול (M)","description":"","price":18,"vegan":true,"vegetarian":true,"image":"https://cdn.paypo.com/images/brcatalog/1000/12300_2.jpg","notFood":false,"drinks":false},{"name":"טבעות בצל גדול (M)","description":"","price":18,"vegan":true,"vegetarian":true,"image":"https://cdn.paypo.com/images/brcatalog/1000/12301_1.jpg","notFood":false,"drinks":false},{"name":"ציפס בטטה רגיל (M)","description":"","price":23,"vegan":true,"vegetarian":true,"image":"https://cdn.paypo.com/images/brcatalog/1000/12303_1.jpg","notFood":false,"drinks":false},{"name":"מאנץ' קומבינה","description":"ציפס, 4 טבעות בצל ושתי נקניקיות","price":32,"vegan":true,"vegetarian":true,"image":"https://cdn.paypo.com/images/brcatalog/1000/12304_0.jpg","notFood":false,"drinks":false},{"name":"פופסים","description":"","price":20,"vegan":true,"vegetarian":true,"image":"https://cdn.paypo.com/images/brcatalog/1000/12306_3.jpg","notFood":false,"drinks":false},{"name":"סלט קצוץ אישי","description":"","price":14,"vegan":true,"vegetarian":true,"image":"","notFood":false,"drinks":false},{"name":"שוקופאי","description":"","price":9,"vegan":true,"vegetarian":true,"image":"https://cdn.paypo.com/images/burgeranchrosen/1000/12400_0.jpg","notFood":false,"drinks":false},{"name":"וולקנו","description":"","price":10,"vegan":true,"vegetarian":true,"image":"https://cdn.paypo.com/images/brcatalog/1000/12401_0.jpg","notFood":false,"drinks":false},{"name":"לוטוס פאי","description":"","price":9,"vegan":true,"vegetarian":true,"image":"https://cdn.paypo.com/images/brcatalog/1000/12402_0.jpg","notFood":false,"drinks":false},{"name":"מים מינרלים 0.5 ליטר","description":"","price":9,"vegan":true,"vegetarian":true,"image":"https://cdn.paypo.com/images/brcatalog/1000/12500_0.jpg","notFood":false,"drinks":false},{"name":"בקבוק קוקה קולה 0.5 ליטר","description":"","price":13,"vegan":true,"vegetarian":true,"image":"https://cdn.paypo.com/images/brcatalog/1000/12501_0.jpg","notFood":false,"drinks":true},{"name":"בקבוק קולה זירו 0.5 ליטר","description":"","price":13,"vegan":true,"vegetarian":true,"image":"https://cdn.paypo.com/images/brcatalog/1000/12502_0.jpg","notFood":false,"drinks":true},{"name":"בקבוק ספרייט 0.5 ליטר","description":"","price":13,"vegan":true,"vegetarian":true,"image":"https://cdn.paypo.com/images/brcatalog/1000/12503_0.jpg","notFood":false,"drinks":true},{"name":"בקבוק פאנטה 0.5 ליטר","description":"","price":13,"vegan":true,"vegetarian":true,"image":"https://cdn.paypo.com/images/brcatalog/1000/12504_0.jpg","notFood":false,"drinks":true},{"name":"בקבוק ענבים 0.5 ליטר","description":"","price":13,"vegan":true,"vegetarian":true,"image":"https://cdn.paypo.com/images/brcatalog/1000/12505_0.jpg","notFood":false,"drinks":true},{"name":"בקבוק תפוזים 0.5 ליטר","description":"","price":13,"vegan":true,"vegetarian":true,"image":"https://cdn.paypo.com/images/brcatalog/1000/12506_0.jpg","notFood":false,"drinks":true},{"name":"בקבוק פיוזטי 0.5 ליטר","description":"","price":15,"vegan":true,"vegetarian":true,"image":"https://cdn.paypo.com/images/brcatalog/1000/12507_0.jpg","notFood":false,"drinks":true}]}