{"track_id":"19845","filters":["meatGrill","salads","burgers"],"image":"https://tenbis-static.azureedge.net/restaurant-default-card-image/CuzineType_meatgrill_13.jpg","address":"הקרן הקימת לישראל, 21 ירושלים","location":[35.2139868,31.77655519999999],"name":"טומי'ס","city":"ירושלים","priceAverage":31.583333333333332,"menu":[{"name":"כרובית מטוגנת","description":"כרובית מטוגנת בציפוי טמפורה","price":32,"vegan":true,"vegetarian":true,"image":"https://d25t2285lxl5rf.cloudfront.net/images/dishes/f2c75877-4c29-41c0-b92b-9aed9ec02dc0.jpg","notFood":false,"drinks":false},{"name":"סיגרים מרוקאים","description":"סיגרים במילוי בשר פיקנטי","price":21,"vegan":false,"vegetarian":false,"image":"https://d25t2285lxl5rf.cloudfront.net/images/dishes/a546e8ed-c48f-43b3-809e-845aea7685f3.jpg","notFood":false,"drinks":false},{"name":"קריספי צ'יקן","description":"שניצלונים בציפוי פנקו","price":39,"vegan":false,"vegetarian":false,"image":"https://d25t2285lxl5rf.cloudfront.net/images/dishes/23a020c5-96b5-40d2-91cc-a2546f4cf375.jpg","notFood":false,"drinks":false},{"name":"צ'יקן פופרס","description":"חזה עוף בטמפורה ברוטב באפלו","price":42,"vegan":false,"vegetarian":false,"image":"https://d25t2285lxl5rf.cloudfront.net/images/dishes/be824ce5-943b-4d9c-81b3-6b699136a155.jpg","notFood":false,"drinks":false},{"name":"חלת בצל","description":"טבעות בצל טרי בטמפורה","price":23,"vegan":true,"vegetarian":true,"image":"https://d25t2285lxl5rf.cloudfront.net/images/dishes/a15783b4-8644-445c-8c62-9a923f231e84.jpg","notFood":false,"drinks":false},{"name":"סלט טומי'ס","description":"עלי חסה, אגסים, בצל סגול, צ’יפס בטטה ופקאן מסוכר בויניגרט בלסמי","price":36,"vegan":true,"vegetarian":true,"image":"https://d25t2285lxl5rf.cloudfront.net/images/dishes/b3cbe757-3a1b-4907-a1d2-02aa49c718be.jpg","notFood":false,"drinks":false},{"name":"סלט קיסר","description":"עלי חסה, מלפפון, בצל סגול וקרוטונים ברוטב קיסר","price":34,"vegan":true,"vegetarian":true,"image":"https://d25t2285lxl5rf.cloudfront.net/images/dishes/cfae2517-e997-4ad7-b779-7f83ab5e177a.jpg","notFood":false,"drinks":false},{"name":"סלט קלאסי","description":"עלי חסה, עגבניה, מלפפון, גזר וכרוב בויניגרט הדרים","price":34,"vegan":true,"vegetarian":true,"image":"https://d25t2285lxl5rf.cloudfront.net/images/dishes/b7f1d821-80b8-415e-9d06-a523b2015ad0.jpg","notFood":false,"drinks":false},{"name":"כריך סטייק פילדלפיה","description":"רצועות סטייק ובצל מטוגן\n","price":44,"vegan":false,"vegetarian":false,"image":"https://d25t2285lxl5rf.cloudfront.net/images/dishes/1be60e3c-6a12-4bc1-96c5-25722eac2c0a.jpg","notFood":false,"drinks":false},{"name":"כריך קריספי שניצל","description":"חזה עוף בציפוי קריספי (שניצל)","price":39,"vegan":false,"vegetarian":false,"image":"https://d25t2285lxl5rf.cloudfront.net/images/dishes/f1d606a8-d428-475a-94ea-271979693759.jpg","notFood":false,"drinks":false},{"name":"כריך סלופי ג'ו","description":"בשר טחון, רוטב באפלו ותבלינים","price":39,"vegan":false,"vegetarian":false,"image":"https://d25t2285lxl5rf.cloudfront.net/images/dishes/5b69f632-b638-4287-9d68-0f4c8a9dab29.jpg","notFood":false,"drinks":false},{"name":"רול מעורב","description":"חזה עוף, סטייק וקבב","price":41,"vegan":false,"vegetarian":false,"image":"https://d25t2285lxl5rf.cloudfront.net/images/dishes/bbcc261d-3463-4fad-a977-74766e602d01.jpg","notFood":false,"drinks":false},{"name":"כריך פרגיות","description":"פרגיות במרינדה","price":43,"vegan":false,"vegetarian":false,"image":"https://d25t2285lxl5rf.cloudfront.net/images/dishes/ee3f3f02-ccb7-4342-9449-0049b1f75193.jpg","notFood":false,"drinks":false},{"name":"כריך עוף קלאסי","description":"חזה עוף במרינדה","price":39,"vegan":false,"vegetarian":false,"image":"https://d25t2285lxl5rf.cloudfront.net/images/dishes/0c6c2247-06e8-4648-a854-972f4037b4be.jpg","notFood":false,"drinks":false},{"name":"ארוחת כריך סטייק פילדלפיה","description":"רצועות סטייק ובצל מטוגן + תוספת ושתייה לבחירה\t","price":64,"vegan":false,"vegetarian":false,"notFood":false,"drinks":false},{"name":"ארוחת כריך סלופי ג'ו\t","description":"בשר טחון, רוטב בפאלו ותבלינים + תוספת ושתייה לבחירה\t","price":59,"vegan":false,"vegetarian":false,"notFood":false,"drinks":false},{"name":"ארוחת כריך עוף קלאסי\t","description":"כריך עוף קלאסי + תוספת ושתייה לבחירה\t","price":59,"vegan":false,"vegetarian":false,"notFood":false,"drinks":false},{"name":"ארוחת כריך פרגיות\t","description":"פרגיות במרינדה + תוספת ושתייה לבחירה\t","price":63,"vegan":false,"vegetarian":false,"notFood":false,"drinks":false},{"name":"ארוחת כריך קריספי שניצל","description":"חזה עוף בציפוי קריספי + תוספת ושתייה לבחירה\t","price":59,"vegan":false,"vegetarian":false,"notFood":false,"drinks":false},{"name":"ארוחת רול מעורב\t","description":"חזה עוף, אנטריקוט וקבב + תוספת ושתייה לבחירה\t","price":61,"vegan":false,"vegetarian":false,"notFood":false,"drinks":false},{"name":"המבורגר קלאסי 100% בקר - 150 גר'","price":39,"vegan":false,"vegetarian":false,"image":"https://d25t2285lxl5rf.cloudfront.net/images/dishes/13870e6e-4d5f-4f53-9c8f-dbfa7db69cc6.jpg","notFood":false,"drinks":false},{"name":"המבורגר קלאסי 100% בקר - 300 גר'","price":52,"vegan":false,"vegetarian":false,"image":"https://d25t2285lxl5rf.cloudfront.net/images/dishes/1c85ae5c-db60-4550-8f7f-3236a8ac8218.jpg","notFood":false,"drinks":false},{"name":"TOMMY'S BURGER","description":"220 גרם של נתחים מובחרים בשילוב אנטריקוט","price":48,"vegan":false,"vegetarian":false,"image":"https://d25t2285lxl5rf.cloudfront.net/images/dishes/7cb35367-1e91-496e-96af-ec9fd2edeed6.jpg","notFood":false,"drinks":false},{"name":"ASADO BURGER","description":"220 גרם המבורגר TOMMY’S מוגש בתוספת תבשיל אסאדו, זוקיני בתחמיץ בלסמי, חסה, בצל סגול, קרם חרדל דיז’ון ואיולי פלפלים קלויים","price":62,"vegan":false,"vegetarian":false,"image":"https://d25t2285lxl5rf.cloudfront.net/images/dishes/0e2f0872-6f40-4f61-ba2f-5dd3da5b36aa.jpg","notFood":false,"drinks":false},{"name":"CRISPY BURGER","description":"המבורגר TOMMY’S מוגש עם ביצת עין, ראגו פטריות, קריספי בטטה, חסה, עגבניה ואיולי שום","price":61,"vegan":false,"vegetarian":false,"image":"https://d25t2285lxl5rf.cloudfront.net/images/dishes/c9d6f5aa-3683-4c59-9f8f-9c9e067f5de2.jpg","notFood":false,"drinks":false},{"name":"מיני בורגר קלאסי - 3 יח'","price":39,"vegan":true,"vegetarian":true,"image":"https://d25t2285lxl5rf.cloudfront.net/images/dishes/96f24ad7-c6e6-4799-9c3c-f32f0e1886df.jpg","notFood":false,"drinks":false},{"name":"PORTOBELLO BURGER\t","description":"פטריות פורטבלו צלויות","price":38,"vegan":true,"vegetarian":true,"image":"https://d25t2285lxl5rf.cloudfront.net/images/dishes/f3519106-8715-41c3-885c-0850a31e1eed.jpg","notFood":false,"drinks":false},{"name":"TOFU BURGER","description":"שניצל טופו מוגש עם ראגו פטריות, חסה, קולסלאו, פסטו ואיולי פלפלים קלויים","price":56,"vegan":false,"vegetarian":false,"notFood":false,"drinks":false},{"name":"ארוחת המבורגר קלאסי 100% בקר - 150 גר'","description":"+ תוספת ושתייה לבחירה","price":59,"vegan":false,"vegetarian":false,"image":"https://d25t2285lxl5rf.cloudfront.net/images/dishes/13870e6e-4d5f-4f53-9c8f-dbfa7db69cc6.jpg","notFood":false,"drinks":false},{"name":"ארוחת המבורגר קלאסי 100% בקר - 300 גר'","description":"+ תוספת ושתייה לבחירה","price":72,"vegan":false,"vegetarian":false,"image":"https://d25t2285lxl5rf.cloudfront.net/images/dishes/1c85ae5c-db60-4550-8f7f-3236a8ac8218.jpg","notFood":false,"drinks":false},{"name":"TOMMY'S \n BURGER","description":"220 גרם של נתחים מובחרים בשילוב אנטריקוט + תוספת ושתייה לבחירה","price":68,"vegan":false,"vegetarian":false,"image":"https://d25t2285lxl5rf.cloudfront.net/images/dishes/7cb35367-1e91-496e-96af-ec9fd2edeed6.jpg","notFood":false,"drinks":false},{"name":"ASADO BURGER","description":"220 גרם המבורגר TOMMY’S מוגש בתוספת תבשיל אסאדו, זוקיני בתחמיץ בלסמי, חסה, בצל סגול, קרם חרדל דיז’ון ואיולי פלפלים קלויים + תוספת ושתייה לבחירה","price":82,"vegan":false,"vegetarian":false,"image":"https://d25t2285lxl5rf.cloudfront.net/images/dishes/0e2f0872-6f40-4f61-ba2f-5dd3da5b36aa.jpg","notFood":false,"drinks":false},{"name":"CRISPY BURGER","description":"המבורגר TOMMY’S מוגש עם ביצת עין, ראגו פטריות, קריספי בטטה, חסה, עגבניה ואיולי שום + תוספת ושתייה לבחירה","price":81,"vegan":false,"vegetarian":false,"image":"https://d25t2285lxl5rf.cloudfront.net/images/dishes/c9d6f5aa-3683-4c59-9f8f-9c9e067f5de2.jpg","notFood":false,"drinks":false},{"name":"ארוחת מיני בורגר קלאסי - 3 יח'","description":"+ תוספת ושתייה לבחירה","price":59,"vegan":true,"vegetarian":true,"image":"https://d25t2285lxl5rf.cloudfront.net/images/dishes/96f24ad7-c6e6-4799-9c3c-f32f0e1886df.jpg","notFood":false,"drinks":false},{"name":"PORTOBELLO BURGER\t","description":"פטריות פורטבלו צלויות + תוספת ושתייה לבחירה","price":58,"vegan":true,"vegetarian":true,"image":"https://d25t2285lxl5rf.cloudfront.net/images/dishes/f3519106-8715-41c3-885c-0850a31e1eed.jpg","notFood":false,"drinks":false},{"name":"TOFU BURGER","description":"שניצל טופו מוגש עם ראגו פטריות, חסה, קולסלאו, פסטו ואיולי פלפלים קלויים + תוספת ושתייה לבחירה","price":76,"vegan":false,"vegetarian":false,"notFood":false,"drinks":false},{"name":"נקניקייה בלחמניה","description":"ירקות ורטבים לבחירה","price":23,"vegan":true,"vegetarian":true,"image":"https://d25t2285lxl5rf.cloudfront.net/images/dishes/4ccfa9b7-7165-47fb-ab05-7011af509773.jpg","notFood":false,"drinks":false},{"name":"סליידרס","description":"2 מיני בורגר","price":28,"vegan":true,"vegetarian":true,"image":"https://d25t2285lxl5rf.cloudfront.net/images/dishes/4a57abbb-439e-47f2-a2dc-5e0daef104b0.jpg","notFood":false,"drinks":false},{"name":"נקניקייה בלחמניה","description":"ירקות ורטבים לבחירה + תוספת ושתייה לבחירה","price":43,"vegan":true,"vegetarian":true,"image":"https://d25t2285lxl5rf.cloudfront.net/images/dishes/4ccfa9b7-7165-47fb-ab05-7011af509773.jpg","notFood":false,"drinks":false},{"name":"סליידרס","description":"2 מיני בורגר + תוספת ושתייה לבחירה","price":48,"vegan":true,"vegetarian":true,"image":"https://d25t2285lxl5rf.cloudfront.net/images/dishes/4a57abbb-439e-47f2-a2dc-5e0daef104b0.jpg","notFood":false,"drinks":false},{"name":"צ'יפס","price":15,"vegan":true,"vegetarian":true,"image":"https://d25t2285lxl5rf.cloudfront.net/images/dishes/62386b12-a9a0-48d2-8b6b-c9d409485985.jpg","notFood":false,"drinks":false},{"name":"צ'יפס ספייסי","description":"צ'יפס בתיבול פיקנטי","price":15,"vegan":true,"vegetarian":true,"image":"https://d25t2285lxl5rf.cloudfront.net/images/dishes/edff1b3b-2193-4de5-845b-2fc44f09e451.jpg","notFood":false,"drinks":false},{"name":"סלט ירוק","description":"חסה, עגבניה, מלפפון, גזר וכרוב.","price":15,"vegan":true,"vegetarian":true,"image":"https://d25t2285lxl5rf.cloudfront.net/images/dishes/2aa2fc7e-d024-49e9-af0c-217af183ea46.jpg","notFood":false,"drinks":false},{"name":"טבעות בצל","price":17,"vegan":true,"vegetarian":true,"image":"https://d25t2285lxl5rf.cloudfront.net/images/dishes/b446f08f-79a5-4d27-9160-aac2bdca6364.jpg","notFood":false,"drinks":false},{"name":"צ'יפס בטטה","price":19,"vegan":true,"vegetarian":true,"image":"https://d25t2285lxl5rf.cloudfront.net/images/dishes/70774453-f56f-45cd-bb04-5be316212a7f.jpg","notFood":false,"drinks":false},{"name":"מיקס צ'יפס","description":"מיקס של ציפס בטטה וציפס רגיל","price":19,"vegan":true,"vegetarian":true,"image":"https://d25t2285lxl5rf.cloudfront.net/images/dishes/72e3012f-b62b-4423-9c69-4fc4bb74a4cc.jpg","notFood":false,"drinks":false},{"name":"כדורי פירה","price":19,"vegan":true,"vegetarian":true,"image":"https://d25t2285lxl5rf.cloudfront.net/images/dishes/aab1b4d3-9707-40e6-b1f5-21ba56ba0ec1.jpg","notFood":false,"drinks":false},{"name":"קולסלאו","price":19,"vegan":true,"vegetarian":true,"notFood":false,"drinks":false},{"name":"קטשופ בצד","price":1,"vegan":true,"vegetarian":true,"notFood":false,"drinks":false},{"name":"מיונז בצד","price":1,"vegan":false,"vegetarian":true,"notFood":false,"drinks":false},{"name":"מיונז שום בצד","price":1,"vegan":false,"vegetarian":true,"notFood":false,"drinks":false},{"name":"צ'ילי מתוק בצד","price":1,"vegan":true,"vegetarian":true,"notFood":false,"drinks":false},{"name":"צ'ילי חריף בצד","price":1,"vegan":true,"vegetarian":true,"notFood":false,"drinks":false},{"name":"ברבקיו בצד","price":1,"vegan":true,"vegetarian":true,"notFood":false,"drinks":false},{"name":"חרדל דיג'ון בצד","price":1,"vegan":true,"vegetarian":true,"notFood":false,"drinks":false},{"name":"חרדל דבש בצד","price":1,"vegan":true,"vegetarian":true,"notFood":false,"drinks":false},{"name":"אלף האיים בצד","price":1,"vegan":true,"vegetarian":true,"notFood":false,"drinks":false},{"name":"קארלסברג","price":18,"vegan":true,"vegetarian":true,"notFood":false,"drinks":false},{"name":"טובורג אדום","price":18,"vegan":true,"vegetarian":true,"notFood":false,"drinks":false},{"name":"מים מינרלים","price":9,"vegan":true,"vegetarian":true,"notFood":false,"drinks":false},{"name":"סודה","price":9,"vegan":true,"vegetarian":true,"notFood":false,"drinks":true},{"name":"קוקה קולה","price":10,"vegan":true,"vegetarian":true,"notFood":false,"drinks":true},{"name":"דיאט קולה","price":10,"vegan":true,"vegetarian":true,"notFood":false,"drinks":true},{"name":"קולה זירו","price":10,"vegan":true,"vegetarian":true,"notFood":false,"drinks":true},{"name":"ספרייט","price":10,"vegan":true,"vegetarian":true,"notFood":false,"drinks":true},{"name":"ספרייט זירו","price":10,"vegan":true,"vegetarian":true,"notFood":false,"drinks":true},{"name":"פאנטה","price":10,"vegan":true,"vegetarian":true,"notFood":false,"drinks":false},{"name":"פיוז-טי אפרסק","price":10,"vegan":true,"vegetarian":true,"notFood":false,"drinks":false},{"name":"פיוז-טי דיאט אפרסק","price":10,"vegan":true,"vegetarian":true,"notFood":false,"drinks":false},{"name":"פיוז-טי מנגו אננס","price":10,"vegan":true,"vegetarian":true,"notFood":false,"drinks":false},{"name":"פריגת תפוזים","price":10,"vegan":true,"vegetarian":true,"notFood":false,"drinks":false},{"name":"בירה שחורה","price":10,"vegan":true,"vegetarian":true,"notFood":false,"drinks":true}]}