{"track_id":"19853","filters":["sandwichesWraps","salads","pasta"],"image":"https://tenbis-static.azureedge.net/restaurant-card-image/ResCard_19853_20220118151730.jpg","address":"רפפורט, 3 כפר סבא","location":[34.8912926,32.1924547],"name":"ביגה כפר סבא","city":"השרון","priceAverage":50.10144927536232,"menu":[{"name":"סלט בריאות קינואה","description":"קינואה אדומה, כרוב לבן, קוביות בטטה אפויות, צנוניות, חמוציות, בזיליקום, פטרוזיליה, שמן זית, לימון, שמן שומשום, סילאן ושקדים קלויים","price":56,"vegan":true,"vegetarian":true,"image":"https://d25t2285lxl5rf.cloudfront.net/images/dishes/2097d11b-db39-49bd-8bd8-562ff9ca562c.jpg","notFood":false,"drinks":false},{"name":"מחבת סלמון צלוי","description":"פילה סלמון צלוי במחבת עם תפוח אדמה מדורה עגבניות שרי ברוטב יין לבן שום חמאה וקראסט פיסטוק גרוס מוגש עם אורז לבן ","price":89,"vegan":false,"vegetarian":false,"image":"https://d25t2285lxl5rf.cloudfront.net/images/dishes/c30292f3-fd30-49c0-975d-2c888f85a769.jpg","notFood":false,"drinks":false},{"name":"סלמון נודלס","description":"אטריות נודלס מוקפצות עם קוביות סלמון כרוב לבן שום ג'ינג'ר ובצל ירוק ברוטב אסייאתי פיקנטי מוגש עם כוסברה בוטנים ופלח לימון","price":72,"vegan":false,"vegetarian":false,"image":"https://d25t2285lxl5rf.cloudfront.net/images/dishes/9583ff7c-e66f-4def-8532-d05b2fa32e52.jpg","notFood":false,"drinks":false},{"name":"סלט חקלאי","description":"עגבנייה מלפפון בצל סגול שומר פלפלים כרוב סגול חסה פריכה בצל ירוק ופטרוזיליה מוגש עם ביצה קשה מגורדת פטה מגורדת וטחינה גולמית","price":59,"vegan":false,"vegetarian":true,"image":"https://d25t2285lxl5rf.cloudfront.net/images/dishes/a02d8998-b4ad-405d-acfc-f5caafff709d.jpg","notFood":false,"drinks":false},{"name":"טבולה פאטוש","description":"מלפפון, נענע, עגבנייה, פטרוזיליה, בצל, סומק, קרוטוני פיתה, בורגול, חמוציות, גבינת פטה וטחינה ירוקה","price":59,"vegan":false,"vegetarian":true,"image":"https://d25t2285lxl5rf.cloudfront.net/images/dishes/0035170d-fa90-4e40-90ab-2c583cebae1d.jpg","notFood":false,"drinks":false},{"name":"סלט חלומי/ טופו","description":"קוביות חלומי/טופו חמוציות פטריות ועשבי תיבול ברוטב טריאקי על תערובת חסה עם גזר כרוב מלפפון ועגבניות שרי בתיבול ויניגרט עם קראנץ' תרד","price":69,"vegan":true,"vegetarian":true,"image":"https://d25t2285lxl5rf.cloudfront.net/images/dishes/7d2b5094-ca78-43b2-92fd-18ecf5e1e0a8.jpg","notFood":false,"drinks":false},{"name":"מארז בוקר מפנק","description":"מבחר מטבלים עשיר,  ירקות אנטיפסטי, שתי חביתות לבחירה, שני סלטים לבחירה, שתיה טבעית לבחירה ומיקס לחמים","price":159,"vegan":true,"vegetarian":true,"image":"https://d25t2285lxl5rf.cloudfront.net/images/dishes/b0f4a0ae-4367-4468-94b6-27db1ebe39ad.jpg","notFood":false,"drinks":false},{"name":"לביבות בטטה ותפו\"א","description":"לביבות בטטה ותפו\"א מטוגנות לצד בצל ירוק, ציזיקי וצנונית","price":49,"vegan":true,"vegetarian":true,"image":"https://d25t2285lxl5rf.cloudfront.net/images/dishes/dba7f8f2-fb2f-4e3c-ae86-f546a8cd1934.jpg","notFood":false,"drinks":false},{"name":"ארנצ'ני","description":"כדורי ריזוטו פריכים, מונחים של רוטב פלפלים קלויים, בלסמי מצומצם, פסטו, עלי בזילקום טריים ופרמזן","price":47,"vegan":false,"vegetarian":true,"image":"https://d25t2285lxl5rf.cloudfront.net/images/dishes/f916f557-3b9e-4c5f-935c-e0d9a1b87c4c.jpg","notFood":false,"drinks":false},{"name":"בנדיקט סביח","description":"קוביות עגבנייה ובצל לבן קצוץ, פלפ חריף ותפו\"א מעוך, חציל קלוי, ביצה קשה, פטרוזיליה וטחינה לבנה.","price":49,"vegan":false,"vegetarian":true,"image":"https://d25t2285lxl5rf.cloudfront.net/images/dishes/8c3d2e2f-dd6a-4494-812f-d6b26d14202b.jpg","notFood":false,"drinks":false},{"name":"שקשוקה של בית","description":"תבשיל עגבניות ופלפלים פיקנטי מוגש עם 2 ביצים, סלט אישי וחלה. (המנה אינה חריפה- במידה ורוצים חריף נא לציין בהערות)","price":56,"vegan":false,"vegetarian":true,"image":"https://d25t2285lxl5rf.cloudfront.net/images/dishes/b6aecbb6-171f-447d-9967-8be1a05b3b12.jpg","notFood":false,"drinks":false},{"name":"שקשוקה חצילים ופטה","description":"תבשיל עגבניות ופלפלים, חציל קלוי גבינת פטה וטחינה גולמית. מוגשת עם 2 ביצים, סלט אישי וחלה. (המנה אינה חריפה- במידה ורוצים חריף נא לציין בהערות)","price":58,"vegan":false,"vegetarian":true,"image":"https://d25t2285lxl5rf.cloudfront.net/images/dishes/5949e3d2-4375-4a3f-b263-521afa93dfd3.jpg","notFood":false,"drinks":false},{"name":"כריך קציצות דגים","description":"פוקאצ'ה קציצות דגים ברוטב פלפלים מרוקאי אריסה פלפל חריף לימון כבוש כוסברה וטחינה לבנה","price":62,"vegan":false,"vegetarian":false,"image":"https://d25t2285lxl5rf.cloudfront.net/images/dishes/36181c79-89a9-4a93-b13a-ed976309f0da.jpg","notFood":false,"drinks":false},{"name":"כריך עיג'ה","description":"חביתת עשבי תיבול כמון ותפו\"א גבינת שמנת עגבנייה מלפפון חמוץ וחסה פריכה","price":49,"vegan":false,"vegetarian":true,"image":"https://d25t2285lxl5rf.cloudfront.net/images/dishes/7e31dbb1-f287-4b54-a603-f5ab2fe0cc1c.jpg","notFood":false,"drinks":false},{"name":"כריך טוניסאי","description":"סלט טונה ביצה קשה אריסה מעודנת חציל קלוי ממרח לימון כבוש עגבניה וחסה פריכה","price":56,"vegan":false,"vegetarian":false,"image":"https://d25t2285lxl5rf.cloudfront.net/images/dishes/8ff9ec9c-9c27-4c8b-80f1-29e33b9f117a.jpg","notFood":false,"drinks":false},{"name":"כריך סלמון","description":"לנוהגי היתר. גבינת שמנת סלמון מעושן עגבנייה ביצה קשה בצל סגול וחסה פריכה ","price":62,"vegan":false,"vegetarian":false,"image":"https://d25t2285lxl5rf.cloudfront.net/images/dishes/c2bd2050-4633-4545-af31-e44bae72fba8.jpg","notFood":false,"drinks":false},{"name":"כריך סלט ביצים","description":"סלט ביצים חסה בצל מטוגן מלפפון חמוץ ותפו\"א","price":47,"vegan":false,"vegetarian":true,"image":"https://d25t2285lxl5rf.cloudfront.net/images/dishes/9889352f-b1e9-4030-9c3c-62efab746bff.jpg","notFood":false,"drinks":false},{"name":"טוסט ביגה","description":"בייגל טוסט עם 3 תוספות לבחירה וסלט לבחירה\n(במידה ורוצים גבינה טבעונית נא לציין בהוראות, לחם ללא גלוטן מכיל ביצים)","price":49,"vegan":false,"vegetarian":true,"image":"https://d25t2285lxl5rf.cloudfront.net/images/dishes/1b00138c-9da8-46f6-857e-db48015284ed.jpg","notFood":false,"drinks":false},{"name":"פסטה נפוליטנה","description":"פנה ברוטב עגבניות שמן זית עלי בזיליקום טריים ופרמז'ן","price":52,"vegan":false,"vegetarian":true,"image":"https://d25t2285lxl5rf.cloudfront.net/images/dishes/5b8abedb-4e25-4ee6-90a8-3d8296de0ae7.jpg","notFood":false,"drinks":false},{"name":"חונקי כמרים ברוטב חצילים ועגבניות","description":"פסטה חונקי כמרים, שמן זית, עגבניות שרי צלויות, קוביות חציל, רוטב עגבניות, זיתי קלמטה, פרוסות שום ובזיליקום טרי","price":59,"vegan":true,"vegetarian":true,"image":"https://d25t2285lxl5rf.cloudfront.net/images/dishes/016c7c2b-5592-463a-87e0-22f696fd1d05.jpg","notFood":false,"drinks":false},{"name":"פפרדלה פטריות וכמהין","description":"פסטה רחבה ברוטב שמנת קטיפתי תערובת פטריות מחית כמהין ופרמז'ן","price":64,"vegan":false,"vegetarian":true,"image":"https://d25t2285lxl5rf.cloudfront.net/images/dishes/3892d6ea-4faf-426c-bc2f-5710f8df01d1.jpg","notFood":false,"drinks":false},{"name":"טורטליני גבינות ברוטב חמאת עגבניות","description":"טורטליני במילוי גבינות, חמאת עגבניות מיובשות, שום, רוטב עגבניות ציר ירקות ושמנת מתוקה.","price":64,"vegan":false,"vegetarian":true,"image":"https://d25t2285lxl5rf.cloudfront.net/images/dishes/19daf336-2cdd-41ad-a623-3144389b10a5.jpg","notFood":false,"drinks":false},{"name":"רביולי בטטה","description":"רביולי במילוי בטטה ברוטב שמנת פסטו, אפונה ותרד מוגש עם פרמז'ן","price":65,"vegan":false,"vegetarian":true,"image":"https://d25t2285lxl5rf.cloudfront.net/images/dishes/c0dbe28f-b29d-425c-8949-30c7b2a1b591.jpg","notFood":false,"drinks":false},{"name":"ספגטי בולונז","description":"תבשיל ראגו של בשר מן הצומח עם ירקות שורש יין אדום ורוטב עגבניות.( המנה היינה טבעונית)","price":65,"vegan":false,"vegetarian":false,"image":"https://d25t2285lxl5rf.cloudfront.net/images/dishes/495394a5-9b6b-42ca-9654-5ce347b2c9ad.jpg","notFood":false,"drinks":false},{"name":"פסטה לימונית","description":"ספגטי ברוטב חמאת לימון, שום, פטרוזיליה, פרמזן, צ'ילי גרוס, גרידת לימון, שמן זית ופרורי לחם שום.","price":64,"vegan":false,"vegetarian":true,"image":"https://d25t2285lxl5rf.cloudfront.net/images/dishes/bbbef0e8-6483-4907-9bcc-08f2980de0e3.jpg","notFood":false,"drinks":false},{"name":"פסטה כמו שאוהבים","description":"סוג פסטה ורוטב לבחירה","price":55,"vegan":true,"vegetarian":true,"image":"","notFood":false,"drinks":false},{"name":"סלט טונה","description":"לבבות חסה טונה בצל סגול זיתי קלמטה פלפל קלוי תפו\"א ביצה קשה ברוטב ויניגרט שום","price":56,"vegan":false,"vegetarian":false,"image":"https://d25t2285lxl5rf.cloudfront.net/images/dishes/99b00b24-99be-4719-8732-7213d2e9cfe6.jpg","notFood":false,"drinks":false},{"name":"סלט חלומי/ טופו","description":"קוביות חלומי/טופו חמוציות פטריות ועשבי תיבול ברוטב טריאקי על תערובת חסה עם גזר כרוב מלפפון ועגבניות שרי בתיבול ויניגרט עם קראנץ' תרד","price":69,"vegan":true,"vegetarian":true,"image":"https://d25t2285lxl5rf.cloudfront.net/images/dishes/7d2b5094-ca78-43b2-92fd-18ecf5e1e0a8.jpg","notFood":false,"drinks":false},{"name":"סלט פנצנלה","description":"עגבניות שרי פלפל חריף פלפל שאטה בצל סגול פלפל קלוי זיתי קלמטה שום טרי פטרוזיליה אורגנו טרי קרוטוני פוקצ'ה קרעי מוצרלה שמן זית ובלסמי מצומצם (המנה מוגשת ללא לחם)","price":58,"vegan":false,"vegetarian":true,"image":"https://d25t2285lxl5rf.cloudfront.net/images/dishes/6311d468-7136-441a-9ba6-64ef4ac70a38.jpg","notFood":false,"drinks":false},{"name":"סלט חקלאי","description":"עגבנייה מלפפון בצל סגול שומר פלפלים כרוב סגול חסה פריכה בצל ירוק ופטרוזיליה מוגש עם ביצה קשה מגורדת פטה מגורדת וטחינה גולמית","price":59,"vegan":false,"vegetarian":true,"image":"https://d25t2285lxl5rf.cloudfront.net/images/dishes/a02d8998-b4ad-405d-acfc-f5caafff709d.jpg","notFood":false,"drinks":false},{"name":"טבולה פאטוש","description":"מלפפון, נענע, עגבנייה, פטרוזיליה, בצל, סומק, קרוטוני פיתה, בורגול, חמוציות, גבינת פטה וטחינה ירוקה","price":59,"vegan":false,"vegetarian":true,"image":"https://d25t2285lxl5rf.cloudfront.net/images/dishes/0035170d-fa90-4e40-90ab-2c583cebae1d.jpg","notFood":false,"drinks":false},{"name":"סלט סלק ותפוחים","description":"סלק, אגוזי מלך, רוקט, עלי בזיליקום, חמוציות, תפוח עץ, סילאן, שמן זית ולימון","price":54,"vegan":true,"vegetarian":true,"image":"https://d25t2285lxl5rf.cloudfront.net/images/dishes/20e2d28d-db33-4aa2-8eb7-66fbc9890a58.jpg","notFood":false,"drinks":false},{"name":"ירקות שוק וגבינת פטה","description":"קולקציית עגבניות, בצל סגול, זיתים, צנונית, פטרוזיליה, ארטישוק,פלפל חריף, מלפפון ירוק וגבינת פטה, מתובל בשמן זית, לימון וזעתר","price":53,"vegan":false,"vegetarian":true,"image":"https://d25t2285lxl5rf.cloudfront.net/images/dishes/54c480ea-47f8-479b-8c91-3a01a9d8a13f.jpg","notFood":false,"drinks":false},{"name":"סלט בריאות קינואה","description":"קינואה אדומה, כרוב לבן, קוביות בטטה אפויות, צנוניות, חמוציות, בזיליקום, פטרוזיליה, שמן זית, לימון, שמן שומשום, סילאן ושקדים קלויים","price":56,"vegan":true,"vegetarian":true,"image":"https://d25t2285lxl5rf.cloudfront.net/images/dishes/2097d11b-db39-49bd-8bd8-562ff9ca562c.jpg","notFood":false,"drinks":false},{"name":"שווארמה סלמון","description":"נתחי סלמון מזרחי מונחים על לאפה מתנור אבן עם תערובת פטרוזיליה וכוסברה בצל סגול פלפל חריף סומק צנונית ואיולי כורכום. מוגש עם פלחי תפוח אדמה","price":62,"vegan":false,"vegetarian":false,"image":"https://d25t2285lxl5rf.cloudfront.net/images/dishes/cf2819a5-2d33-4407-b582-23fc9fc5aa2b.jpg","notFood":false,"drinks":false},{"name":"קציצות דגים מרוקאיות","description":"קציצות דגים הנעשות במקום ברוטב פלפלים פיקנטי וכוסברה מוגשות בתוספת קוסקוס, חלה ביתית, ולימון כבוש ","price":82,"vegan":false,"vegetarian":false,"image":"https://d25t2285lxl5rf.cloudfront.net/images/dishes/d43d0252-0d4d-451e-98e8-e144060bd196.jpg","notFood":false,"drinks":false},{"name":"פיש& צ'יפס","description":"פילה דג ים מטוגן בציפוי פריך, מוגש עם צ'יפס ורוטב טרטר.","price":79,"vegan":false,"vegetarian":false,"image":"https://d25t2285lxl5rf.cloudfront.net/images/dishes/835e9e06-8192-44eb-9172-479f39c43c0d.jpg","notFood":false,"drinks":false},{"name":"פילה דג ים וניוקי","description":"פילה דג וניוקי בעבודת יד ברוטב יין לבן ציר ירקות חמאה עגבניות שרי צלויות שום פטרוזיליה ","price":89,"vegan":false,"vegetarian":false,"image":"https://d25t2285lxl5rf.cloudfront.net/images/dishes/0eed7135-7620-490a-a074-86a5f29b39ff.jpg","notFood":false,"drinks":false},{"name":"ריזוטו פטריות","description":"אורז ארבוריו, ציר ירקות, פטריות טריות, יין לבן, פרמז'ן איטלקי וכמהין. * המנה אינה מכילה גלוטן","price":67,"vegan":false,"vegetarian":true,"image":"https://d25t2285lxl5rf.cloudfront.net/images/dishes/9331b2c1-ebe6-4eb6-bf61-ddeb618c73cb.jpg","notFood":false,"drinks":false},{"name":"ניוקי ערמונים ופטריות","description":"ניוקי תפו\"א בעבודת יד, ערמונים, פיטריות שימאג'י, מחית כמהין, ציר ירקות, פרמז'ן, חמאה ואפונת גינה.","price":62,"vegan":false,"vegetarian":true,"image":"https://d25t2285lxl5rf.cloudfront.net/images/dishes/7976ecc2-f0fa-41ce-8b20-8f53999a95f6.jpg","notFood":false,"drinks":false},{"name":"מפרום וקוסקוס טריפולטאי","description":"פלחי תפו\"א במילוי קציצת בשר מן הצומח מבושל ברוטב טריפולטאי מסורתי מוגש על קוסקוס בליווי לימון כבוש ואריסה מעודנת. (המנה הינה טבעונית)","price":67,"vegan":false,"vegetarian":false,"image":"https://d25t2285lxl5rf.cloudfront.net/images/dishes/cb81d821-b55b-4bee-b132-e044436f372c.jpg","notFood":false,"drinks":false},{"name":"מרק קובה במיה","description":"קובה במילוי בשר צמחוני מוגש במרק אדום עם עגבניות, בצל ובמיה מוגש עם אורז לבן. (המנה הינה טבעונית)","price":62,"vegan":false,"vegetarian":false,"image":"https://d25t2285lxl5rf.cloudfront.net/images/dishes/459776fc-8bcf-4568-93db-ed69a9a243ed.jpg","notFood":false,"drinks":false},{"name":"פוקה סלמון","description":"רוסט סלמון במשרה אסייתי, ג'ינג'ר, אדממה, צנונית, חטיף אפונה פיקנטי, בצל ירוק, שומשום, מונח על אורז מאודה בתיבול פונזו (האורז מוגש בטמפרטורת החדר)","price":63,"vegan":false,"vegetarian":false,"image":"https://d25t2285lxl5rf.cloudfront.net/images/dishes/e8acbbe2-d573-4bd8-8493-8997fc7a364a.jpg","notFood":false,"drinks":false},{"name":"ביגה בורגר","description":"המבורגר Redefine meat מוגש בלחמנייה נימוחה, עם איולי אמריקאי, בצל סגול, עגבנייה, מלפפון חמוץ ולבבות חסה, מוגש עם קריספי ציפס ונגטס (במידה ורוצים מנה טבעונית נא לציין ללא רוטב איולי)","price":72,"vegan":false,"vegetarian":false,"image":"https://d25t2285lxl5rf.cloudfront.net/images/dishes/2c91709f-8ee2-4c06-a849-591215a454f7.jpg","notFood":false,"drinks":false},{"name":"אודון קארי נודלס","description":"אטריות אודון רוטב קארי צהוב חלב קוקוס פטריות צלויות קוביות טופו שמן שומשום שומשום קלוי בצל ירוק וכוסברה\n**מנה פיקנטית וטבעונית**","price":67,"vegan":true,"vegetarian":true,"image":"https://d25t2285lxl5rf.cloudfront.net/images/dishes/8e50ff0e-5f7e-4cec-8c3c-fe4809c8df57.jpg","notFood":false,"drinks":false},{"name":"סלמון נודלס","description":"אטריות נודלס מוקפצות עם קוביות סלמון כרוב לבן שום ג'ינג'ר ובצל ירוק ברוטב אסייאתי פיקנטי מוגש עם כוסברה בוטנים ופלח לימון","price":72,"vegan":false,"vegetarian":false,"image":"https://d25t2285lxl5rf.cloudfront.net/images/dishes/9583ff7c-e66f-4def-8532-d05b2fa32e52.jpg","notFood":false,"drinks":false},{"name":"מחבת סלמון צלוי","description":"פילה סלמון צלוי במחבת עם תפוח אדמה מדורה עגבניות שרי ברוטב יין לבן שום חמאה וקראסט פיסטוק גרוס מוגש עם אורז לבן ","price":89,"vegan":false,"vegetarian":false,"image":"https://d25t2285lxl5rf.cloudfront.net/images/dishes/c30292f3-fd30-49c0-975d-2c888f85a769.jpg","notFood":false,"drinks":false},{"name":"סלמון טריאקי","description":"פילה סלמון במשרה אסייתי צרוב על הפלנצ'ה, מוגש עם איטריות אודון ברוטב קרמל חמאת בוטנים, אגוזי קשיו פיקנטיים, בוטנים גרוסים ובצל ירוק. מוגש לצד סלט מלפפונים, בצל סגול, כוסברה, צ'ילי, בוטנים ורוטב פונזו","price":92,"vegan":false,"vegetarian":false,"image":"https://d25t2285lxl5rf.cloudfront.net/images/dishes/3a07073e-3344-4eb2-8417-c48b1bcea080.jpg","notFood":false,"drinks":false},{"name":"דיאט קולה","description":"","price":13,"vegan":true,"vegetarian":true,"image":"","notFood":false,"drinks":true},{"name":"קוקה קולה זירו","description":"","price":13,"vegan":true,"vegetarian":true,"image":"","notFood":false,"drinks":true},{"name":"ספרייט","description":"","price":13,"vegan":true,"vegetarian":true,"image":"","notFood":false,"drinks":true},{"name":"פאנטה","description":"","price":13,"vegan":true,"vegetarian":true,"image":"","notFood":false,"drinks":false},{"name":"קינלי סודה","description":"","price":10,"vegan":true,"vegetarian":true,"image":"","notFood":false,"drinks":true},{"name":"מים מינרלים","description":"","price":10,"vegan":true,"vegetarian":true,"image":"","notFood":false,"drinks":false},{"name":"מים בטעמים - אפרסק","description":"","price":13,"vegan":true,"vegetarian":true,"image":"","notFood":false,"drinks":false},{"name":"פריגת ענבים","description":"","price":13,"vegan":true,"vegetarian":true,"image":"","notFood":false,"drinks":true},{"name":"פריגת תפוחים","description":"","price":13,"vegan":true,"vegetarian":true,"image":"","notFood":false,"drinks":false},{"name":"מאטלי בירה שחורה","description":"","price":13,"vegan":true,"vegetarian":true,"image":"","notFood":false,"drinks":true},{"name":"מים בטעמים- תפוח","description":"","price":13,"vegan":true,"vegetarian":true,"image":"","notFood":false,"drinks":false},{"name":"קוקה קולה","description":"","price":13,"vegan":true,"vegetarian":true,"image":"","notFood":false,"drinks":true},{"name":"ספרייט זירו","description":"","price":13,"vegan":true,"vegetarian":true,"image":"","notFood":false,"drinks":true},{"name":"פיוזטי","description":"","price":13,"vegan":true,"vegetarian":true,"image":"","notFood":false,"drinks":false},{"name":"מים בטעמים - ענבים","description":"","price":13,"vegan":true,"vegetarian":true,"image":"","notFood":false,"drinks":true},{"name":"סטלה","description":"","price":15,"vegan":false,"vegetarian":false,"image":"","notFood":false,"drinks":false},{"name":"גולדסטאר","description":"","price":15,"vegan":true,"vegetarian":true,"image":"","notFood":false,"drinks":false},{"name":"הייניקן","description":"","price":15,"vegan":true,"vegetarian":true,"image":"","notFood":false,"drinks":false},{"name":"עוגת ריבת חלב","description":" עם שבבי קוקוס קלוי ( ללא גלוטן)","price":33,"vegan":false,"vegetarian":true,"image":"https://d25t2285lxl5rf.cloudfront.net/images/dishes/2260481.jpg","notFood":false,"drinks":false},{"name":"עוגת שוקולד בלגי חמה","description":"","price":33,"vegan":false,"vegetarian":true,"image":"https://d25t2285lxl5rf.cloudfront.net/images/dishes/2260606.jpg","notFood":false,"drinks":false},{"name":"מוס גבינה ללא סוכר","description":"הקינוח אינו מכיל גלוטן!!!","price":33,"vegan":false,"vegetarian":true,"image":"","notFood":false,"drinks":false}]}