{"track_id":"19850","filters":["pizza","veganFood","glutenFree"],"image":"https://tenbis-static.azureedge.net/restaurant-card-image/ResCard_19850_20211108175822.jpg","address":"דיזנגוף, 267 תל אביב-יפו","location":[34.7762749,32.0949821],"name":"פאפא ג'ונס תל אביב ","city":"תל אביב-יפו","priceAverage":45.801980198019784,"menu":[{"name":"צ'יזי טונה S","description":"הבצק הטרי של פאפא עם בסיס רוטב ברביקיו (ללא רוטב עגבניות), פלייקים של טונה איכותית, פלפל אדום וירוק, בצל סגול, גבינת אמנטל, גבינת מוצרלה ומעל התבלין הסודי של פאפא. ","price":41.9,"vegan":false,"vegetarian":false,"image":"https://d25t2285lxl5rf.cloudfront.net/images/dishes/4185144.jpg","notFood":false,"drinks":false},{"name":"צ'יזי טונה L","description":"הבצק הטרי של פאפא עם בסיס רוטב ברביקיו (ללא רוטב עגבניות), פלייקים של טונה איכותית, פלפל אדום וירוק, בצל סגול, גבינת אמנטל, גבינת מוצרלה ומעל התבלין הסודי של פאפא. ","price":89.9,"vegan":false,"vegetarian":false,"image":"https://d25t2285lxl5rf.cloudfront.net/images/dishes/4185145.jpg","notFood":false,"drinks":false},{"name":"צ'יזי טונה L דק","description":"הבצק הטרי של פאפא עם בסיס רוטב ברביקיו (ללא רוטב עגבניות), פלייקים של טונה איכותית, פלפל אדום וירוק, בצל סגול, גבינת אמנטל, גבינת מוצרלה ומעל התבלין הסודי של פאפא. ","price":89.9,"vegan":false,"vegetarian":false,"image":"https://d25t2285lxl5rf.cloudfront.net/images/dishes/4185146.jpg","notFood":false,"drinks":false},{"name":"ברביקיו סלופי ג'ונס S","description":"הבצק הטרי של פאפא עם בסיס רוטב עגבניות, קראמבל בשר, בצל לבן, פלפל אדום וירוק, גבינת מוצרלה וזילוף נדיב של רוטב צ'דר וברביקיו.","price":41.9,"vegan":false,"vegetarian":false,"image":"https://d25t2285lxl5rf.cloudfront.net/images/dishes/4185147.jpg","notFood":false,"drinks":false},{"name":"ברביקיו סלופי ג'ונס L","description":"הבצק הטרי של פאפא עם בסיס רוטב עגבניות, קראמבל בשר, בצל לבן, פלפל אדום וירוק, גבינת מוצרלה וזילוף נדיב של רוטב צ'דר וברביקיו.","price":89.9,"vegan":false,"vegetarian":false,"image":"https://d25t2285lxl5rf.cloudfront.net/images/dishes/4185148.jpg","notFood":false,"drinks":false},{"name":"ברביקיו סלופי ג'ונס L דק","description":"הבצק הטרי של פאפא עם בסיס רוטב עגבניות, קראמבל בשר, בצל לבן, פלפל אדום וירוק, גבינת מוצרלה וזילוף נדיב של רוטב צ'דר וברביקיו.","price":89.9,"vegan":false,"vegetarian":false,"image":"https://d25t2285lxl5rf.cloudfront.net/images/dishes/4185149.jpg","notFood":false,"drinks":false},{"name":"הוט-דוג שיקגו סטייל S","description":"בצק הטרי של פאפא עם נקניקיות בקר, נגיעות מתקתקות של ריבת בצל, גבינת מוצרלה וזילוף קרם חרדל מעודן – הפיצה הכי מפתיעה ומיוחדת שתאכלו... ","price":41.9,"vegan":false,"vegetarian":false,"image":"https://d25t2285lxl5rf.cloudfront.net/images/dishes/4185150.jpg","notFood":false,"drinks":false},{"name":"הוט-דוג שיקגו סטייל L","description":"בצק הטרי של פאפא עם נקניקיות בקר, נגיעות מתקתקות של ריבת בצל, גבינת מוצרלה וזילוף קרם חרדל מעודן – הפיצה הכי מפתיעה ומיוחדת שתאכלו... ","price":89.9,"vegan":false,"vegetarian":false,"image":"https://d25t2285lxl5rf.cloudfront.net/images/dishes/4185151.jpg","notFood":false,"drinks":false},{"name":"הוט-דוג שיקגו סטייל L דק","description":"בצק הטרי של פאפא עם נקניקיות בקר, נגיעות מתקתקות של ריבת בצל, גבינת מוצרלה וזילוף קרם חרדל מעודן – הפיצה הכי מפתיעה ומיוחדת שתאכלו... ","price":89.9,"vegan":false,"vegetarian":false,"image":"https://d25t2285lxl5rf.cloudfront.net/images/dishes/4185152.jpg","notFood":false,"drinks":false},{"name":"קינוח Peanut Butter & Jam roll","description":"8 יח' של בצק טרי אפוי בתנור עם חמאה איכותית, וזילוף חמאת בוטנים קרמית וריבת תות עשירה. מכיל: בוטנים, עלול להכיל: שומשום, סויה ואגוזים למיניהם.","price":31.9,"vegan":false,"vegetarian":true,"image":"https://d25t2285lxl5rf.cloudfront.net/images/dishes/4185142.jpg","notFood":false,"drinks":false},{"name":"מרגריטה S","description":"פיצה קלאסית אישית מבצק טרי, רוטב עגבניות איכותי וגבינת 100% מוצרלה.\n","price":30.9,"vegan":false,"vegetarian":true,"image":"https://d25t2285lxl5rf.cloudfront.net/images/dishes/53754d3e-7828-490b-a233-942ec7862893.jpg","notFood":false,"drinks":false},{"name":"טוסקנית שש גבינות - צמחוני  S","description":"תערובת גבינות פרמז'ן , רומנה , אסיאגו , פונטינה , פרובולונה ומוצרלה.","price":40.9,"vegan":false,"vegetarian":true,"image":"https://d25t2285lxl5rf.cloudfront.net/images/dishes/281752f4-7992-44c0-a8cf-ee7bf47bbb97.jpg","notFood":false,"drinks":false},{"name":"היוונית- צמחוני S","description":"גבינת פטה, בצל סגול, עגבניות טריות, זיתים שחורים, פלפל פפרוצ'יני (חריף), גבינת מוצרלה, קורט אורגנו.\n","price":40.9,"vegan":false,"vegetarian":true,"image":"https://d25t2285lxl5rf.cloudfront.net/images/dishes/b4bda20f-e920-4856-80b6-5017f8c46312.jpg","notFood":false,"drinks":false},{"name":"הצמחונית S","description":"בצל, פלפל ירוק, עגבניות, פטריות וזיתים שחורים.\n","price":40.9,"vegan":true,"vegetarian":true,"image":"https://d25t2285lxl5rf.cloudfront.net/images/dishes/708c2105-5900-421e-b24f-86b2c77e0246.jpg","notFood":false,"drinks":false},{"name":"ביאנקה S","description":"הפיצה הלבנה של פאפא (ללא רוטב עגבניות) על בסיס רוטב השום המפורסם – גבינת מוצרלה, זיתים שחורים , פטה , בצל סגול ותבלין איטלקי.","price":40.9,"vegan":false,"vegetarian":true,"image":"https://d25t2285lxl5rf.cloudfront.net/images/dishes/3198b74e-8232-4122-a337-48d03d4ed13a.jpg","notFood":false,"drinks":false},{"name":"טוליפ S","description":"גבינת מוצרלה, תירס, זיתים שחורים, עגבניות ופטריות.\n","price":40.9,"vegan":false,"vegetarian":true,"image":"https://d25t2285lxl5rf.cloudfront.net/images/dishes/aa6a7a90-c684-4f6e-aa38-353c6d0d332d.jpg","notFood":false,"drinks":false},{"name":"קריביאן S","description":"פפרוני בקר, אננס, בצל סגול ופלפל פפרוצ‘יני (פיקנטי).\n","price":41.5,"vegan":false,"vegetarian":false,"image":"https://d25t2285lxl5rf.cloudfront.net/images/dishes/9b337741-9f7b-49bc-8137-588af3efe4c5.jpg","notFood":false,"drinks":false},{"name":"עוף ברביקיו S","description":"נתחי עוף בגריל עסיסי, נקניק איטלקי, פרוסות בצל ומעל רוטב הברביקיו המעושן של פאפא","price":41.5,"vegan":false,"vegetarian":false,"image":"https://d25t2285lxl5rf.cloudfront.net/images/dishes/e9c54348-be5f-441c-bc9c-aa4b1d2cd3f5.jpg","notFood":false,"drinks":false},{"name":"הבשרית S","description":"פפרוני בקר, קרמבל בשר, נתחי עוף בגריל, נקניק איטלקי וגבינת מוצרלה.","price":41.5,"vegan":false,"vegetarian":false,"image":"https://d25t2285lxl5rf.cloudfront.net/images/dishes/c20ee470-c1e7-4a44-aabd-6a2f7459956f.jpg","notFood":false,"drinks":false},{"name":"פפרוני ספיישל S","description":"דאבל פפרוני בקר, שלוש גבינות איטלקיות ותערובת תבלינים איטלקיים.\n","price":41.5,"vegan":false,"vegetarian":false,"image":"https://d25t2285lxl5rf.cloudfront.net/images/dishes/b4a8d51d-e79e-474b-8284-b60ec8aaba83.jpg","notFood":false,"drinks":false},{"name":"המומלצת של פאפא S","description":"6 גבינות איטלקיות, פרוסות פפרוני בקר, קרמבל בשר, מוצרלה וקורט תבלין איטלקי","price":41.5,"vegan":false,"vegetarian":false,"image":"https://d25t2285lxl5rf.cloudfront.net/images/dishes/6f5cf371-77a5-4d1e-8bac-1a5b97f12306.jpg","notFood":false,"drinks":false},{"name":"האיטלקית החריפה S","description":"קרמבל בשר, פפרוני בקר, מוצרלה וצ'ילי כבוש.","price":41.5,"vegan":false,"vegetarian":false,"image":"https://d25t2285lxl5rf.cloudfront.net/images/dishes/1e7cb2da-03b6-4be9-8dd9-d75484d26c9e.jpg","notFood":false,"drinks":false},{"name":"מרגריטה L","description":"פיצה קלאסית מבצק טרי, רוטב עגבניות איכותי וגבינת 100% מוצרלה.\n","price":72.9,"vegan":false,"vegetarian":true,"image":"https://d25t2285lxl5rf.cloudfront.net/images/dishes/0c4cbfbe-4f7f-41ab-bf52-28e5cf1eee87.jpg","notFood":false,"drinks":false},{"name":"טוסקנית שש גבינות - צמחוני L","description":"תערובת גבינות פרמז'ן , רומנה , אסיאגו , פונטינה , פרובולונה ומוצרלה.\t","price":85.9,"vegan":false,"vegetarian":true,"image":"https://d25t2285lxl5rf.cloudfront.net/images/dishes/15c9ffe5-d6e8-4ada-9f86-a1b5e927e079.jpg","notFood":false,"drinks":false},{"name":"היוונית- צמחוני L","description":"גבינת פטה, בצל סגול, עגבניות טריות, זיתים שחורים, פלפל פפרוצ'יני (חריף), גבינת מוצרלה, קורט אורגנו.\n","price":85.9,"vegan":false,"vegetarian":true,"image":"https://d25t2285lxl5rf.cloudfront.net/images/dishes/858b16c3-376d-4cb6-bb84-c1d1bcf3860f.jpg","notFood":false,"drinks":false},{"name":"הצמחונית L","description":"בצל, פלפל ירוק, עגבניות, פטריות וזיתים שחורים.\n","price":85.9,"vegan":true,"vegetarian":true,"image":"https://d25t2285lxl5rf.cloudfront.net/images/dishes/fe27b26e-97aa-4a7a-9302-62d419c8fb51.jpg","notFood":false,"drinks":false},{"name":"ביאנקה L","description":"הפיצה הלבנה של פאפא (ללא רוטב עגבניות) על בסיס רוטב השום המפורסם – גבינת מוצרלה, זיתים שחורים , פטה , בצל סגול ותבלין איטלקי.\t","price":85.9,"vegan":false,"vegetarian":true,"image":"https://d25t2285lxl5rf.cloudfront.net/images/dishes/d55b1bc2-acf4-4830-808d-4fca26e5f2cf.jpg","notFood":false,"drinks":false},{"name":"טוליפ L","description":"גבינת מוצרלה, תירס, זיתים שחורים, עגבניות ופטריות.\n","price":85.9,"vegan":false,"vegetarian":true,"image":"https://d25t2285lxl5rf.cloudfront.net/images/dishes/3d2e7691-e107-4254-a1c9-eec6302ead99.jpg","notFood":false,"drinks":false},{"name":"קריביאן L","description":"פפרוני בקר, אננס, בצל סגול ופלפל פפרוצ‘יני (פיקנטי).\n","price":89.9,"vegan":false,"vegetarian":false,"image":"https://d25t2285lxl5rf.cloudfront.net/images/dishes/46e7e535-edbc-47fe-a4f5-f82a8243b6db.jpg","notFood":false,"drinks":false},{"name":"עוף ברביקיו L","description":"נתחי עוף בגריל עסיסי, נקניק איטלקי, פרוסות בצל ומעל רוטב הברביקיו המעושן של פאפא","price":89.9,"vegan":false,"vegetarian":false,"image":"https://d25t2285lxl5rf.cloudfront.net/images/dishes/030e10ac-f540-451b-a53b-943ddb6e7ede.jpg","notFood":false,"drinks":false},{"name":"הבשרית L","description":"פפרוני בקר, קרמבל בשר, נתחי עוף בגריל, נקניק איטלקי וגבינת מוצרלה.\t","price":89.9,"vegan":false,"vegetarian":false,"image":"https://d25t2285lxl5rf.cloudfront.net/images/dishes/a80610c5-6454-403b-a1e2-0fae177fa5ac.jpg","notFood":false,"drinks":false},{"name":"פפרוני ספיישל L","description":"דאבל פפרוני בקר, שלוש גבינות איטלקיות ותערובת תבלינים איטלקיים.\n","price":89.9,"vegan":false,"vegetarian":false,"image":"https://d25t2285lxl5rf.cloudfront.net/images/dishes/da0741f5-1145-472f-bc16-e2d50fc7ddb0.jpg","notFood":false,"drinks":false},{"name":"המומלצת של פאפא L","description":"6 גבינות איטלקיות, פרוסות פפרוני בקר, קרמבל בשר, מוצרלה וקורט תבלין איטלקי","price":89.9,"vegan":false,"vegetarian":false,"image":"https://d25t2285lxl5rf.cloudfront.net/images/dishes/3bdb126f-beb0-4765-a3d4-d38d9ce39ebd.jpg","notFood":false,"drinks":false},{"name":"האיטלקית החריפה L","description":"קרמבל בשר, פפרוני בקר, מוצרלה וצ'ילי כבוש.","price":89.9,"vegan":false,"vegetarian":false,"image":"https://d25t2285lxl5rf.cloudfront.net/images/dishes/27d6dc9f-60a6-44d3-b812-25a4902a20fa.jpg","notFood":false,"drinks":false},{"name":"קלאסית איטסיין","description":"פיצה קלאסית מבצק מופחת פחמימות ומועשר בחלבון, רוטב עגבניות איכותי וגבינת מוצרלה.\r\nמכיל: גלוטן (ממקור חיטה), שקדים, שומשום\r\nעלול להכיל: שמן סויה, בוטנים, שאריות אגוזים (אגוז מלך, אגוז לוז)","price":61.9,"vegan":false,"vegetarian":true,"image":"https://d25t2285lxl5rf.cloudfront.net/images/dishes/3062355.jpg","notFood":false,"drinks":false},{"name":"קלאסית טבעונית איטסיין","description":"פיצה קלאסית עם גבינה טבעונית טעימה, רוטב עגבניות איכותי, על בסיס בצק מופחת פחמימות ומועשר בחלבון.\r\nמכיל: גלוטן (ממקור חיטה), שקדים, שומשום\r\nעלול להכיל : שמן סויה, בוטנים, שאריות אגוזים (אגוז מלך, אגוז לוז)\r\n","price":61.9,"vegan":false,"vegetarian":true,"image":"https://d25t2285lxl5rf.cloudfront.net/images/dishes/3062451.jpg","notFood":false,"drinks":false},{"name":"היוונית איטסיין","description":"גבינת פטה, בצל סגול, עגבניות טריות, זיתים שחורים, פלפל פפרוצ'יני (חריף), קורט אורגנו, על בסיס בצק מופחת פחמימות ומועשר בחלבון, רוטב עגבניות איכותי וגבינת מוצרלה.\r\nמכיל: גלוטן (ממקור חיטה), שקדים, שומשום\r\nעלול להכיל : שמן סויה, בוטנים, שאריות אגוזים (אגוז מלך, אגוז לוז)\r\n","price":74.9,"vegan":false,"vegetarian":true,"image":"https://d25t2285lxl5rf.cloudfront.net/images/dishes/3208124.jpg","notFood":false,"drinks":false},{"name":"טוסקנית 6 גבינות איטסיין","description":"תערובת 6 גבינות: פרמז'ן, רומנה, אסיאגו, פונטינה, פּרוֹבוֹלוֹנֶה ומוצרלה, על בסיס בצק מופחת פחמימות ומועשר בחלבון ורוטב עגבניות איכותי.\r\nמכיל: גלוטן (ממקור חיטה), שקדים, שומשום\r\nעלול להכיל : שמן סויה, בוטנים, שאריות אגוזים (אגוז מלך, אגוז לוז)","price":74.9,"vegan":false,"vegetarian":true,"image":"https://d25t2285lxl5rf.cloudfront.net/images/dishes/82a258bc-0adf-4e8d-a242-841553901594.jpg","notFood":false,"drinks":false},{"name":"הצמחונית איטסיין","description":"בצל, פלפלים ירוקים, עגבניות טריות, זיתים שחורים, פטריות טריות, על בסיס בצק מופחת פחמימות ומועשר בחלבון, רוטב עגבניות איכותי וגבינת מוצרלה.\r\nמכיל: גלוטן (ממקור חיטה), שקדים, שומשום\r\nעלול להכיל : שמן סויה, בוטנים, שאריות אגוזים (אגוז מלך, אגוז לוז)","price":74.9,"vegan":false,"vegetarian":true,"image":"https://d25t2285lxl5rf.cloudfront.net/images/dishes/3208126.jpg","notFood":false,"drinks":false},{"name":"ביאנקה איטסיין","description":"הפיצה הלבנה של פאפא (ללא רוטב עגבניות) על בסיס רוטב השום המפורסם: זיתים שחורים, גבינת פטה, בצל סגול, תבלין איטלקי, על בסיס בצק מופחת פחמימות ומועשר בחלבון וגבינת מוצרלה.\r\nמכיל: גלוטן (ממקור חיטה), שקדים, שומשום\r\nעלול להכיל : שמן סויה, בוטנים, שאריות אגוזים (אגוז מלך, אגוז לוז)","price":74.9,"vegan":false,"vegetarian":true,"image":"https://d25t2285lxl5rf.cloudfront.net/images/dishes/3208127.jpg","notFood":false,"drinks":false},{"name":"פפרוני ספיישל איטסיין","description":"דאבל פפרוני בקר, תערובת שלוש גבינות איטלקיות ומעל נגיעות תבלין איטלקי, על בסיס בצק מופחת פחמימות ומועשר בחלבון, רוטב עגבניות איכותי וגבינת מוצרלה.\r\nמכיל: גלוטן (ממקור חיטה), שקדים, שומשום\r\nעלול להכיל : שמן סויה, בוטנים, שאריות אגוזים (אגוז מלך, אגוז לוז)\r\n","price":79.9,"vegan":false,"vegetarian":false,"image":"https://d25t2285lxl5rf.cloudfront.net/images/dishes/3208128.jpeg","notFood":false,"drinks":false},{"name":"המומלצת של פאפא איטסיין","description":"תערובת 6 גבינות איטלקיות, פרוסות פפרוני בקר, קרמבל בשר, קורט תבלין איטלקי, על בסיס בצק מופחת פחמימות ומועשר בחלבון, רוטב עגבניות איכותי וגבינת מוצרלה.\r\nמכיל: גלוטן (ממקור חיטה), שקדים, שומשום\r\nעלול להכיל : שמן סויה, בוטנים, שאריות אגוזים (אגוז מלך, אגוז לוז)","price":79.9,"vegan":false,"vegetarian":false,"image":"https://d25t2285lxl5rf.cloudfront.net/images/dishes/3208129.jpg","notFood":false,"drinks":false},{"name":"הבשרית איטסיין","description":"קרמבל בשר, נתחי עוף בגריל, נקניק איטלקי, על בסיס בצק מופחת פחמימות ומועשר בחלבון, רוטב עגבניות איכותי וגבינת מוצרלה.\r\nמכיל: גלוטן (ממקור חיטה), שקדים, שומשום\r\nעלול להכיל : שמן סויה, בוטנים, שאריות אגוזים (אגוז מלך, אגוז לוז)","price":79.9,"vegan":false,"vegetarian":false,"image":"https://d25t2285lxl5rf.cloudfront.net/images/dishes/3208130.jpg","notFood":false,"drinks":false},{"name":"האיטלקית החריפה איטסיין","description":"קרמבל בשר, פפרוני בקר, תבלין צ'ילי כתוש (חריף), על בסיס בצק מופחת פחמימות ומועשר בחלבון, רוטב עגבניות איכותי וגבינת מוצרלה.\r\nמכיל: גלוטן (ממקור חיטה), שקדים, שומשום\r\nעלול להכיל : שמן סויה, בוטנים, שאריות אגוזים (אגוז מלך, אגוז לוז)","price":79.9,"vegan":false,"vegetarian":false,"image":"https://d25t2285lxl5rf.cloudfront.net/images/dishes/3208132.jpg","notFood":false,"drinks":false},{"name":"עוף ברבקיו איטסיין","description":"נתחי עוף בגריל, פרוסות נקניק איטלקי, בצל, רוטב ברביקיו מעושן של פאפא, על בסיס בצק מופחת פחמימות ומועשר בחלבון, רוטב עגבניות איכותי וגבינת מוצרלה.\r\nמכיל: גלוטן (ממקור חיטה), שקדים, שומשום\r\nעלול להכיל : שמן סויה, בוטנים, שאריות אגוזים (אגוז מלך, אגוז לוז)","price":79.9,"vegan":false,"vegetarian":false,"image":"https://d25t2285lxl5rf.cloudfront.net/images/dishes/3208133.jpg","notFood":false,"drinks":false},{"name":"מרגריטה טבעונית S 🌱","description":"בצק פריך ואוורירי , רוטב עגבניות משובח ומעל גבינה טבעונית טעימה.","price":30.9,"vegan":true,"vegetarian":true,"image":"https://d25t2285lxl5rf.cloudfront.net/images/dishes/d4f770ec-7acb-4650-b4fb-63bc2c381c25.jpg","notFood":false,"drinks":false},{"name":"הבשרית הטבעונית S 🌱\t","description":"על הבצק הטרי של פאפא ורוטב העגבניות המקורי מפזרים פרוסות פפרוני טבעוני, קרמבל בשר טבעוני וגבינה טבעונית איכותית.\n","price":41.5,"vegan":true,"vegetarian":true,"image":"https://d25t2285lxl5rf.cloudfront.net/images/dishes/f65a7da7-9be5-4259-b8a5-36edc622dfa2.jpg","notFood":false,"drinks":false},{"name":"קריביאן טבעוני S 🌱\t","description":"בצק טרי, רוטב עגבניות מקורי של פאפא ג'ונס, פרוסות פפרוני טבעוני לצד אננס, בצל סגול ופלפל פפרוצ'יני פיקנטי.\n","price":41.5,"vegan":true,"vegetarian":true,"image":"https://d25t2285lxl5rf.cloudfront.net/images/dishes/2978433.jpg","notFood":false,"drinks":false},{"name":"מרגריטה טבעונית L  🌱","description":"בצק פריך ואוורירי , רוטב עגבניות משובח ומעל גבינה טבעונית טעימה.","price":72.9,"vegan":true,"vegetarian":true,"image":"https://d25t2285lxl5rf.cloudfront.net/images/dishes/35161f53-8d2c-46fd-9676-e085ee5b35d6.jpg","notFood":false,"drinks":false},{"name":"הבשרית הטבעונית L 🌱\t","description":"על הבצק הטרי של פאפא ורוטב העגבניות המקורי מפזרים פרוסות פפרוני טבעוני, קרמבל בשר טבעוני וגבינה טבעונית איכותית.\n","price":89.9,"vegan":true,"vegetarian":true,"image":"https://d25t2285lxl5rf.cloudfront.net/images/dishes/1681ff56-a908-462a-8b71-529dc88c411e.jpg","notFood":false,"drinks":false},{"name":"קריביאן טבעוני L 🌱\t","description":"בצק טרי, רוטב עגבניות מקורי של פאפא ג'ונס, פרוסות פפרוני טבעוני לצד אננס, בצל סגול ופלפל פפרוצ'יני פיקנטי.\n","price":89.9,"vegan":true,"vegetarian":true,"image":"https://d25t2285lxl5rf.cloudfront.net/images/dishes/2978438.jpg","notFood":false,"drinks":false},{"name":"אצבעות גבינה טבעוניות 🌱","description":"14 יח' של מקלות גבינה טבעונית מהבצק הטרי של פאפא ומעל גבינה טבעונית טעימה. מוגש עם רוטב פיצה בצד.","price":24.9,"vegan":false,"vegetarian":true,"image":"https://d25t2285lxl5rf.cloudfront.net/images/dishes/692cd641-160d-4ab9-8edd-a85ab8eebda6.jpg","notFood":false,"drinks":false},{"name":"צ'יזי רול טבעוני 🌱","description":"8 יח' של בצק פריך אפוי בתנור, מגולגל עם גבינה טבעונית, מוגש עם רוטב בצד.\n","price":24.9,"vegan":true,"vegetarian":true,"image":"https://d25t2285lxl5rf.cloudfront.net/images/dishes/fa18f69a-7e0d-4393-9e55-9cb11cd56c3b.png","notFood":false,"drinks":false},{"name":"גלוטן פרנדלי מרגריטה","description":"פיצה קלאסית מלאת טעם, רוטב עגבניות קליפורניה בשילוב עם גבינת מוצרלה\t","price":61.9,"vegan":false,"vegetarian":true,"image":"https://d25t2285lxl5rf.cloudfront.net/images/dishes/3208144.jpeg","notFood":false,"drinks":false},{"name":"גלוטן פרנדלי טבעונית","description":"פיצה טבעונית, ללא גלוטן, מבצק אוורירי, רוטב עגבניות משובח ומעל גבינה טבעונית טעימה\n","price":61.9,"vegan":true,"vegetarian":true,"image":"https://d25t2285lxl5rf.cloudfront.net/images/dishes/3208145.jpeg","notFood":false,"drinks":false},{"name":"גלוטן פרנדלי יוונית","description":"גבינת פטה, בצל סגול, עגבניות טריות, זיתים שחורים, פלפל פפרוצ'יני (חריף), גבינת מוצרלה וקורט אורגנו.\n","price":74.9,"vegan":false,"vegetarian":true,"image":"https://d25t2285lxl5rf.cloudfront.net/images/dishes/3208146.jpeg","notFood":false,"drinks":false},{"name":"גלוטן פרנדלי צמחונית","description":"בצל, פלפל ירוק, עגבניות, פטריות וזיתים שחורים.\n","price":74.9,"vegan":true,"vegetarian":true,"image":"https://d25t2285lxl5rf.cloudfront.net/images/dishes/3208147.jpeg","notFood":false,"drinks":false},{"name":"גלוטן פרנדלי טוליפ","description":"גבינת מוצרלה, תירס, זיתים שחורים, עגבניות ופטריות.","price":74.9,"vegan":false,"vegetarian":true,"image":"https://d25t2285lxl5rf.cloudfront.net/images/dishes/3208148.jpeg","notFood":false,"drinks":false},{"name":"אצבעות גבינה 14 יח'","description":"מקלות גבינה בטעם נפלא - הבצק הטרי של פאפא ו-100% גבינת מוצרלה אמיתית, מוגש עם רוטב פיצה בצד- 14 יחידות","price":24.9,"vegan":false,"vegetarian":true,"image":"https://d25t2285lxl5rf.cloudfront.net/images/dishes/532b5297-df41-4728-99a2-de01944ed269.jpg","notFood":false,"drinks":false},{"name":"פפיוני  שום ופרמז'ן","description":"8 יח' נגיסי בצק עסיסיים ומעל זילוף של רוטב השום המפורסם של פאפא, גבינת פרמז'ן ותבלין איטלקי.\n","price":24.9,"vegan":false,"vegetarian":true,"image":"https://d25t2285lxl5rf.cloudfront.net/images/dishes/45eff930-07c3-4512-927e-d288196ed332.png","notFood":false,"drinks":false},{"name":"נגיסי תירס","description":"נגיסי תירס עסיסיים וטעימים אפויים בתנור, מוגשים עם רוטב בצד (10 יח')\r\n","price":24.9,"vegan":true,"vegetarian":true,"image":"https://d25t2285lxl5rf.cloudfront.net/images/dishes/8698043e-2124-4ba4-891c-66a1f78a8669.png","notFood":false,"drinks":false},{"name":"טבעות בצל","description":"טבעות בצל בתיבול עדין וציפוי פריך אפויות בתנור, מוגשות עם רוטב בצד (10 יח')\r\n","price":24.9,"vegan":true,"vegetarian":true,"image":"https://d25t2285lxl5rf.cloudfront.net/images/dishes/7d4a4d09-e9dd-4253-ab7a-671f10d12750.png","notFood":false,"drinks":false},{"name":"צ'יזי רול","description":"בצק פריך אפוי בתנור, מגולגל עם חמאת שום ותערובת גבינות טעימות, מוגש עם רוטב בצד (8 יח')\r\n","price":31.9,"vegan":false,"vegetarian":true,"image":"https://d25t2285lxl5rf.cloudfront.net/images/dishes/88973f3c-ec6a-44df-9560-59418097cb4a.png","notFood":false,"drinks":false},{"name":"ספייסי רולס","description":"8 יח' של הבצק הטרי של פאפא מגולגל עם גבינת שמנת ופלפל חלפיניו פיקנטי. תתכוננו להתמכר!","price":31.9,"vegan":false,"vegetarian":true,"image":"https://d25t2285lxl5rf.cloudfront.net/images/dishes/672ce8b5-9509-49d5-8ae1-bdd8054de25d.png","notFood":false,"drinks":false},{"name":"פפרוני רול","description":"8 יח של בצק טרי אפוי בתנור מגולגל עם פפרוני בקר, רוטב שום המקורי ותערובת שתי גבינות. מוגש לצד רוטב לבחירה.\n","price":31.9,"vegan":false,"vegetarian":false,"image":"https://d25t2285lxl5rf.cloudfront.net/images/dishes/7d3a288b-13de-45e2-9723-b0334756120a.jpg","notFood":false,"drinks":false},{"name":"הוט פאפס","description":"5 יח' נקניקיות עוף טעימות מגולגלות בבצק טרי ורוטב שום ומעל התבלין הסודי של פאפא. המנה הזו לא דומה לשום דבר שהכרתם","price":33.9,"vegan":false,"vegetarian":false,"image":"https://d25t2285lxl5rf.cloudfront.net/images/dishes/3208159.jpeg","notFood":false,"drinks":false},{"name":"פאפא נאגטס","description":"5 יח' שניצלוני עוף טעימים ופריכים אפויים בתנור, מוגשים לצד רוטב לבחירה.","price":39.9,"vegan":false,"vegetarian":false,"image":"https://d25t2285lxl5rf.cloudfront.net/images/dishes/3208160.jpeg","notFood":false,"drinks":false},{"name":"כדורי פירה","description":"30 יח' של כדורי פירה פריכים אפויים בתנור ומעל זילוף רוטב שום פרמז'ן ","price":24.9,"vegan":false,"vegetarian":true,"image":"https://d25t2285lxl5rf.cloudfront.net/images/dishes/bc40d3f3-17c1-4b04-82bc-7678f262803e.jpg","notFood":false,"drinks":false},{"name":"מוצרלה סטיקס","description":"8 מוצרלה סטיקס בציפוי קריספי אפויות בתנור. מוגש לצד רוטב לבחירה","price":34.9,"vegan":false,"vegetarian":true,"image":"https://d25t2285lxl5rf.cloudfront.net/images/dishes/3b2cb84d-712e-41d7-8774-f80487fbbba0.jpg","notFood":false,"drinks":false},{"name":"כנפיים 8 יח'","description":"כנפיים עסיסיות עם רוטב לבחירה ","price":33.9,"vegan":false,"vegetarian":false,"image":"https://d25t2285lxl5rf.cloudfront.net/images/dishes/3208161.jpeg","notFood":false,"drinks":false},{"name":"כנפיים 16 יח'","description":"כנפיים עסיסיות עם רוטב לבחירה ","price":54.9,"vegan":false,"vegetarian":false,"image":"https://d25t2285lxl5rf.cloudfront.net/images/dishes/3208162.jpeg","notFood":false,"drinks":false},{"name":"רוטב עגבניות\n","price":6,"vegan":true,"vegetarian":true,"image":"https://d25t2285lxl5rf.cloudfront.net/images/dishes/8571c7e2-4fb1-46e6-9d2b-46dff05c86e2.jpg","notFood":false,"drinks":false},{"name":"רוטב ברביקיו מעושן","price":6,"vegan":true,"vegetarian":true,"image":"https://d25t2285lxl5rf.cloudfront.net/images/dishes/d9e7d667-57f0-4929-be08-80718dedd441.jpg","notFood":false,"drinks":false},{"name":"רוטב צ'ילי מתוק","price":6,"vegan":true,"vegetarian":true,"image":"https://d25t2285lxl5rf.cloudfront.net/images/dishes/770207b6-69a5-4fa4-aa3d-6b39fcfc540b.jpg","notFood":false,"drinks":false},{"name":"רוטב באפלו","price":6,"vegan":true,"vegetarian":true,"image":"https://d25t2285lxl5rf.cloudfront.net/images/dishes/d936502f-007e-4e87-be7a-697cfd42d1a9.jpg","notFood":false,"drinks":false},{"name":"תבלין סודי של פאפא","price":6,"vegan":true,"vegetarian":true,"image":"https://d25t2285lxl5rf.cloudfront.net/images/dishes/2765323.jpeg","notFood":false,"drinks":false},{"name":"רוטב צ'יפוטלה דבש","price":6,"vegan":false,"vegetarian":false,"image":"https://d25t2285lxl5rf.cloudfront.net/images/dishes/828abc0e-dac0-4ad0-a7e2-6e938c280732.jpg","notFood":false,"drinks":false},{"name":"רוטב השום המפורסם","price":6,"vegan":true,"vegetarian":true,"image":"https://d25t2285lxl5rf.cloudfront.net/images/dishes/21bad595-c3cf-4b68-a9f3-eaa1acdba146.jpg","notFood":false,"drinks":false},{"name":"רוטב שום פרמז'ן","price":6,"vegan":false,"vegetarian":true,"image":"https://d25t2285lxl5rf.cloudfront.net/images/dishes/d19b4dbe-0b66-427e-83a0-567f801a507a.jpg","notFood":false,"drinks":false},{"name":"מארז רטבים","description":"מארז עם שלושה רטבים גדולים, מקוריים של פאפא ג'ונס\n","price":14.9,"vegan":true,"vegetarian":true,"image":"https://d25t2285lxl5rf.cloudfront.net/images/dishes/2761038.jpg","notFood":false,"drinks":false},{"name":"שוקולד קראנץ' רול","description":"8 יח' של בצק טרי אפוי בתנור מגולגל עם שוקולד אגוזים משובח ואפוי בתנור. מכיל אגוזי לוז , חלב וסויה.","price":31.9,"vegan":false,"vegetarian":true,"image":"https://d25t2285lxl5rf.cloudfront.net/images/dishes/a23cd886-4b97-4d33-b684-4c747b366338.png","notFood":false,"drinks":false},{"name":"בלונדי בריבוע","description":"בראוני בלונדי מפוצץ בשבבי שוקולד צ'יפס , נאפה אצלנו בתנור ומוגש חם, פריך וטעים בטירוף! ","price":31.9,"vegan":false,"vegetarian":true,"image":"https://d25t2285lxl5rf.cloudfront.net/images/dishes/5745fc16-0b18-48b9-8ae3-024f0e7fb0a2.png","notFood":false,"drinks":false},{"name":"עוגת ריקוטה","description":"עוגת ריקוטה רכה שנמסה בפה ובמתיקות מעודנת. ","price":31.9,"vegan":false,"vegetarian":true,"image":"https://d25t2285lxl5rf.cloudfront.net/images/dishes/d70d6713-1277-45e1-ab53-3f7f319b440a.png","notFood":false,"drinks":false},{"name":"עוגת שוקולד ריקוטה","description":"בצק שמרים טרי במילוי גבינת ריקוטה ושוקולד איכותי, מוגש חם וטעים\r\n","price":31.9,"vegan":false,"vegetarian":true,"image":"https://d25t2285lxl5rf.cloudfront.net/images/dishes/3862655.jpg","notFood":false,"drinks":false},{"name":"גלידת בן & ג'ריס  - 150 מ\"ל","description":"טעמים לבחירה: דולצ'ה דה לצ'ה / צ'אנקי מאנקי / בצק עוגיות \n","price":12.9,"vegan":true,"vegetarian":true,"image":"https://d25t2285lxl5rf.cloudfront.net/images/dishes/20aa09ac-9ca7-40a7-91bc-96129a209424.png","notFood":false,"drinks":false},{"name":"גלידת בן & ג'ריס  - 500 מ\"ל","description":"\nטעמים לבחירה: קרם עוגיות / ניו יורק סופר / צ'אנקי מאנקי / דולצ'ה דה לצ'ה / טופי קראנץ' / בצק עוגיות  \n","price":29.9,"vegan":true,"vegetarian":true,"image":"https://d25t2285lxl5rf.cloudfront.net/images/dishes/ae24477c-013b-4cbd-a5e1-2b9c2334e096.png","notFood":false,"drinks":false},{"name":"מים מינרלים נביעות 500 מ\"ל","price":8,"vegan":true,"vegetarian":true,"notFood":false,"drinks":false},{"name":"פיוז טי אפרסק 500 מ\"ל","price":9.5,"vegan":true,"vegetarian":true,"notFood":false,"drinks":false},{"name":"פריגת ענבים 500 מ\"ל","price":9.5,"vegan":true,"vegetarian":true,"notFood":false,"drinks":true},{"name":"פחית קוקה קולה","price":9.5,"vegan":true,"vegetarian":true,"notFood":false,"drinks":true},{"name":"פחית דיאט קולה","price":9.5,"vegan":true,"vegetarian":true,"notFood":false,"drinks":true},{"name":"פחית קולה זירו","price":9.5,"vegan":true,"vegetarian":true,"notFood":false,"drinks":true},{"name":"פחית ספרייט","price":9.5,"vegan":true,"vegetarian":true,"notFood":false,"drinks":true},{"name":"פחית ספרייט זירו","price":9.5,"vegan":true,"vegetarian":true,"notFood":false,"drinks":true},{"name":"פחית פנטה","price":9.5,"vegan":true,"vegetarian":true,"notFood":false,"drinks":false},{"name":"מים מינרליים נביעות 1.5 ליטר","price":10.5,"vegan":true,"vegetarian":true,"notFood":false,"drinks":true},{"name":"קוקה קולה 1.5 ליטר","price":13.9,"vegan":true,"vegetarian":true,"notFood":false,"drinks":true},{"name":"קולה זירו 1.5 ליטר","price":13.9,"vegan":true,"vegetarian":true,"notFood":false,"drinks":true},{"name":"פנטה 1.5 ליטר","price":13.9,"vegan":true,"vegetarian":true,"notFood":false,"drinks":false},{"name":"פריגת ענבים 1.5 ליטר","price":13.9,"vegan":true,"vegetarian":true,"notFood":false,"drinks":true},{"name":"פיוז טי אפרסק 1.5 ליטר","price":13.9,"vegan":true,"vegetarian":true,"notFood":false,"drinks":false}]}