{"track_id":"19860","filters":["asianFusion","japaneseSushi","veganFood"],"image":"https://tenbis-static.azureedge.net/restaurant-card-image/ResCard_19860_1910030256.jpg","address":"האופה, 1 קדימה צורן","location":[34.9210798,32.2757417],"name":"טאיה","city":"בני דרור","priceAverage":46.38392857142857,"menu":[{"name":"טאיה ווינג'ס","description":"כנפי עוף קריספיות ברוטב דבש דקלים, ליים וצ'ילי\n\n","price":44,"vegan":false,"vegetarian":false,"image":"https://d25t2285lxl5rf.cloudfront.net/images/dishes/10a3730c-77d2-47d5-8bc1-7f2f1501442e.jpg","notFood":false,"drinks":false},{"name":"סייגון צ'יקן (מנת פתיחה זוגית)","description":"סייגון צ'יקן (מנת פתיחה זוגית)\n","price":71,"vegan":false,"vegetarian":false,"image":"https://d25t2285lxl5rf.cloudfront.net/images/dishes/6e8dfb0b-003e-4a3e-afff-98b37bce8ce1.jpg","notFood":false,"drinks":false},{"name":"מרק גיוזה תאילנדי","description":"מרק על בסיס קארי אדום וחלב קוקוס, שתי גיוזות עוף, פטריות, גזר, נבטים, מקלות במבוק, חסה וכוסברה. חריף מאוד\n\n","price":44,"vegan":false,"vegetarian":false,"image":"https://d25t2285lxl5rf.cloudfront.net/images/dishes/43b2040d-68fa-45db-af47-c8a36a995a92.jpg","notFood":false,"drinks":false},{"name":"סלט ירקות ויאטנמי\n","description":"כרוב, גזר, מלפפון, בוטנים, בצל ירוק, כוסברה ונבטים, ברוטב ויניגרט דקלים\n\n","price":39,"vegan":true,"vegetarian":true,"image":"https://d25t2285lxl5rf.cloudfront.net/images/dishes/bdb1fad3-cc18-4cb7-804f-53ba353780b4.jpg","notFood":false,"drinks":false},{"name":"סלט צ'ינטה","description":"חסה, עוף, מלפפון, גזר, נבטים ובצל ירוק ברוטב ויניגרט בוטנים\n\n","price":46,"vegan":false,"vegetarian":false,"image":"https://d25t2285lxl5rf.cloudfront.net/images/dishes/a85d1705-f0c4-4489-a07f-046d0e98b964.jpg","notFood":false,"drinks":false},{"name":"עוף בטמפורה","description":"קוביות עוף בטמפורה בליווי איולי טוגראשי וצ'ילי מתוק\n\n","price":42,"vegan":false,"vegetarian":false,"image":"https://d25t2285lxl5rf.cloudfront.net/images/dishes/1123c926-ec03-4ed9-94c9-362373f1af2c.jpg","notFood":false,"drinks":false},{"name":"גיוזה בטטה","description":"כיסוני בצק ממולאים במחית בטטה, מוקפצים בסויה וחלב קוקוס ומוגשים על מצע סלט מלפפונים וחסה.\n\n","price":42,"vegan":true,"vegetarian":true,"image":"https://d25t2285lxl5rf.cloudfront.net/images/dishes/9340471a-b518-4bba-b765-180d93b8a7d2.jpg","notFood":false,"drinks":false},{"name":"אגדאשי טופו","description":"קוביות טופו קריספיות מוגשות בציר דשי עם בצל ירוק ושומשום\n\n","price":41,"vegan":true,"vegetarian":true,"image":"https://d25t2285lxl5rf.cloudfront.net/images/dishes/787ac613-42c6-4a52-948b-27b3ccdd71b9.jpg","notFood":false,"drinks":false},{"name":"באן בורגר","description":"לחמניית באן מאודה ובתוכה 120 גרם בורגר בקר, כוסברה, חמוצים ואיולי טוגראשי, בליווי רוטב ברביקיו סיני","price":42,"vegan":false,"vegetarian":false,"image":"https://d25t2285lxl5rf.cloudfront.net/images/dishes/844e8cdd-0628-4a42-b589-65c7a9a4cbb0.jpg","notFood":false,"drinks":false},{"name":"סלט צ'נגדו","description":"כרוב, גזר, מלפפון, בצל ירוק, שעועית ירוקה, כוסברה, אטריות זכוכית ובוטנים שלמים","price":41,"vegan":true,"vegetarian":true,"notFood":false,"drinks":false},{"name":"חמוצים יפניים","description":"כרוב, גזר, ומלפפון מוחמצים\r\n\r\n","price":20,"vegan":true,"vegetarian":true,"notFood":false,"drinks":false},{"name":"קריספי טופו","description":"טופו בטמפורה, רוטב צ'ילי מתוק, מטבל טריאקי\r\n\r\n","price":38,"vegan":true,"vegetarian":true,"notFood":false,"drinks":false},{"name":"תוספת אורז","price":15,"vegan":true,"vegetarian":true,"notFood":false,"drinks":false},{"name":"מרק דרגון קוקונט","description":"מרק על בסיס חלב קוקוס וקארי אדום עם אטריות ראמן, עוף, במבו שוט, פלפל אדום, גזר ובצל ירוק. חריף מאוד\n\n ","price":64,"vegan":false,"vegetarian":false,"image":"https://d25t2285lxl5rf.cloudfront.net/images/dishes/a42f177e-ac7c-4f2e-bbfc-2d5b05d92bc7.jpg","notFood":false,"drinks":false},{"name":"מרק רם יאם","description":"מרק על בסיס חלב קוקוס, צ'ילי ולמון גראס עם אטריות אודון, שרימפס, פטריות שמפיניון, חסה ועלי קפיר\n\n","price":71,"vegan":false,"vegetarian":false,"image":"https://d25t2285lxl5rf.cloudfront.net/images/dishes/8eda961b-3e62-4cd3-a60b-8198c609155e.jpg","notFood":false,"drinks":false},{"name":"טוקיו ראמן","description":"מרק על בסיס ציר עוף עם אטריות ראמן, מקלות במבוק, פטריות שיטאקי, בצל ירוק וביצה עלומה\n\n","price":66,"vegan":false,"vegetarian":false,"notFood":false,"drinks":false},{"name":"לו מיין אינדונזי מעושן\n","description":"אטריות ביצים מוקפצות עם עוף, בייקון טלה, בצל ירוק, צ'ילי וכוסברה. חריף\n\n","price":64,"vegan":false,"vegetarian":false,"image":"https://d25t2285lxl5rf.cloudfront.net/images/dishes/9081f042-6c0b-4ec1-bbd6-c178cf4366fb.jpg","notFood":false,"drinks":false},{"name":"ברוקולי ביף","description":"אטריות ביצים מוקפצות עם בקר, ברוקולי, שעועית ירוקה וכוסברה ברוטב תמרינדי\n\n","price":65,"vegan":false,"vegetarian":false,"image":"https://d25t2285lxl5rf.cloudfront.net/images/dishes/f2c2cd06-b481-4763-b514-6abdcab738ce.jpg","notFood":false,"drinks":false},{"name":"תאילנדי משוגע","description":"אטריות אורז רחבות מוקפצות עם בקר, טופו, שעועית ירוקה, בצל לבן, חסה עגולה, צ'ילי, שבבי בוטנים וכוסברה\n*המנה פיקנטית","price":66,"vegan":false,"vegetarian":false,"image":"https://d25t2285lxl5rf.cloudfront.net/images/dishes/1e55e324-e928-42f2-b3db-5a86690d3df5.jpg","notFood":false,"drinks":false},{"name":"אושן נודלס","description":"אטריות אודון מוקפצות עם שרימפס, קלמארי, חסה, בצל ירוק, למון גראס, קארי אדום וכוסברה. חריף\n\n","price":73,"vegan":false,"vegetarian":false,"image":"https://d25t2285lxl5rf.cloudfront.net/images/dishes/ac07a494-ee54-40b5-b17f-efe385dbeb69.jpg","notFood":false,"drinks":false},{"name":"פיסטוק נודלס","description":"אטריות ביצים מוקפצות עם עוף/טופו, פלפל אדום, קישואים וכוסברה ברוטב פיסטוק וחלב קוקוס בעיטור שבבי פיסטוק קלוי\n*המנה פיקנטית","price":64,"vegan":false,"vegetarian":false,"image":"https://d25t2285lxl5rf.cloudfront.net/images/dishes/77655efc-b491-4f28-b37a-82a02014c203.jpg","notFood":false,"drinks":false},{"name":"קוקנט צ'יקן","description":"אטריות ביצים, עוף, חלב קוקוס, קארי אדום, צ'ילי, בצל, פלפל אדום ושבבי קוקוס קלוי. חריף\n\n","price":63,"vegan":false,"vegetarian":false,"image":"https://d25t2285lxl5rf.cloudfront.net/images/dishes/be39740b-ee9a-4f8a-b22b-848963b5d1d6.jpg","notFood":false,"drinks":false},{"name":"גארדן נודלס (טבעוני)","description":"*ללא גלוטן* אטריות אורז רחבות, טופו, חלב קוקוס, פיסטוק, קישואים ופלפל אדום\n\n","price":57,"vegan":true,"vegetarian":true,"image":"https://d25t2285lxl5rf.cloudfront.net/images/dishes/92a9fb32-702f-44be-971e-7e81d5804262.jpg","notFood":false,"drinks":false},{"name":"פאד פאק","description":"אטריות אורז מוקפצות עם ברוקולי, שעועית ירוקה, פלפל אדום, בצל ירוק, קישואים ובוטנים ברוטב של סויה וג'ינג'ר\n*המנה פיקנטית","price":66,"vegan":true,"vegetarian":true,"notFood":false,"drinks":false},{"name":"גנרל טו פו VG","description":"קוביות טופו קריספיות, קרמל ג'ינג'ר, פלפל ירוק ואדום, בצל ובצל ירוק ","price":64,"vegan":true,"vegetarian":true,"image":"https://d25t2285lxl5rf.cloudfront.net/images/dishes/00cb712f-79bd-473e-b517-b9036df4a96e.jpg","notFood":false,"drinks":false},{"name":"ים ים","description":"קלמרי ושרימפס מוקפצים עם בצל ירוק, בצל לבן, במבו שוט, עגבניות שרי וכוסברה בתבשיל חלב קוקוס\n","price":74,"vegan":false,"vegetarian":false,"image":"https://d25t2285lxl5rf.cloudfront.net/images/dishes/57811ca8-5964-4dac-be35-b277320da996.jpg","notFood":false,"drinks":false},{"name":"גנרל טו-סו","description":"קוביות עוף קריספיות מוקפצות עם פלפל אדום, בצל לבן ובצל ירוק ברוטב קרמל ג'ינג'ר\n","price":68,"vegan":false,"vegetarian":false,"image":"https://d25t2285lxl5rf.cloudfront.net/images/dishes/5d4ff2f4-5e64-4541-a04d-d9cda53487b5.jpg","notFood":false,"drinks":false},{"name":"ביף בורמזי","description":"רצועות בקר מוקפצות עם חצילים, פטריות שמפיניון, בצל ירוק וכוסברה ברוטב חלב קוקוס\n","price":66,"vegan":false,"vegetarian":false,"image":"https://d25t2285lxl5rf.cloudfront.net/images/dishes/eef932c0-6baa-47bf-a78d-8d1081dae9db.jpg","notFood":false,"drinks":false},{"name":"ביזי ביף","description":"קוביות פילה בקר במשרה סויה וג'ינג'ר מוקפצות עם פלפל אדום, בצל לבן, ברוקולי, פטריות שמפיניון ושעועית ירוקה\n","price":86,"vegan":false,"vegetarian":false,"notFood":false,"drinks":false},{"name":"בו לוק לאק","description":"קוביות פילה בקר במשרה סויה וג'ינג'ר, מוקפצות עם בצל ירוק ובצל לבן, בליווי מטבל ויאטנמי\n","price":87,"vegan":false,"vegetarian":false,"notFood":false,"drinks":false},{"name":"פילה סלמון","description":"מדליוני פילה סלמון ברוטב טריאקי ושומשום בליווי סלטון של אדממה, פפאיה, נבטים, גזר ובצל ירוק. מוגש עם תוספת אורז","price":89,"vegan":false,"vegetarian":false,"notFood":false,"drinks":false},{"name":"קובי קארי","description":"קוביות פרגית מוקפצות עם פלפל אדום, בצל ירוק , בוטנים קצוצים ברוטב חלב קוקוס וקארי אדום\n","price":69,"vegan":false,"vegetarian":false,"notFood":false,"drinks":false},{"name":"ביונד בורגר","description":"ביונד מיט בורגר מוגש בלחמניית באן מאודה בליווי איולי טבעוני, כוסברה ומלפפון חמוץ ","price":53,"vegan":true,"vegetarian":true,"notFood":false,"drinks":false},{"name":"גוגו  גון","description":"נתחי סינטה מוקפצים עם בצל ירוק, בצל לבן, פטריות שמפיניון על מצע של אורז סושי ברוטב סויה וג'ינג'ר\r\n","price":78,"vegan":false,"vegetarian":false,"notFood":false,"drinks":false},{"name":"גוגו מאו","description":"קוביות סלמון בטמפורה קלה מוקפצות עם פטריות שיטאקי, קישואים קישואים ונבטים על מצע של אורז סושי ברוטב סויה ג'ינג'ר\r\n","price":72,"vegan":false,"vegetarian":false,"notFood":false,"drinks":false},{"name":"גוגו ואג'","description":"פטריות שמפיניון, שיטאקי, בייבי תרד, בצל ירוק, שעועית ירוקה, אדממה, קוביות בטטה מוקפצים ברוטב חלב קוקוס וקארי ירוק על מצע אורז סושי (פיקנטי)\r\n","price":59,"vegan":true,"vegetarian":true,"notFood":false,"drinks":false},{"name":"גוגו צ'יקן קארי","description":"עוף קריספי, בצל ירוק, קישואים מקופצים ברוטב קארי וחלב קוקוס על מצע אורז סושי, בוטנים וכוסברה ואיולי לימון כבוש\r\n","price":68,"vegan":false,"vegetarian":false,"notFood":false,"drinks":false},{"name":"צ'יקן טריאקי","description":"שניצל עוף, אבוקדו וגזר עם רוטב טריאקי מעל\n","price":45,"vegan":false,"vegetarian":false,"image":"https://d25t2285lxl5rf.cloudfront.net/images/dishes/b5025e53-8148-4339-aff8-daf8b454c3b4.jpg","notFood":false,"drinks":false},{"name":"קומבינציה צמחונית","description":"בטטה טמפורה 8 יח/ אבוקדו רול 4 יח/ צמחוני סלק 4 יח'/ניגירי טמאגו וניגירי אבוקדו (18 יח')\n","price":73,"vegan":false,"vegetarian":true,"image":"https://d25t2285lxl5rf.cloudfront.net/images/dishes/62985d67-a65c-4d41-9a60-ea8b009838a1.jpg","notFood":false,"drinks":false},{"name":"קומבינציה דגים","description":"סלמון אבוקדו 4 יח', טונה אדומה 4 יח' / rainbow 8 יח' / ניגירי סלמון/ ניגירי דניס (18 יח')\n","price":113,"vegan":false,"vegetarian":false,"image":"https://d25t2285lxl5rf.cloudfront.net/images/dishes/e8f3c738-1f3e-4ffe-bfd4-e60c045a3572.jpg","notFood":false,"drinks":false},{"name":"קומבניציה זוגית","description":"סלמון שיטאקי 4יח' /דאבל טונה 4יח' /מאקי סלמון 8 יח' / בטטה טמפורה 8 יח',  אבוקדו רול 4 יח' צמחוני סלק 4 יח' ניגירי אבוקדו 2יח' ניגירי סלמון 2' (36 יח')\n","price":184,"vegan":false,"vegetarian":false,"notFood":false,"drinks":false},{"name":"סלמון","description":"סלמון ואבוקדו בציפוי שומשום\n","price":47,"vegan":false,"vegetarian":false,"image":"https://d25t2285lxl5rf.cloudfront.net/images/dishes/755ca56a-a50c-4f49-97dc-4ad182081d5a.jpg","notFood":false,"drinks":false},{"name":"סלמון סקין","description":"סלמון סקין, אבוקדו ומלפפון עטופים בסלמון נע\n","price":46,"vegan":false,"vegetarian":false,"image":"https://d25t2285lxl5rf.cloudfront.net/images/dishes/b46ebd42-4ece-47e9-b2ca-baafab8ab260.jpg","notFood":false,"drinks":false},{"name":"דניס","description":"דניס, מלפפון, אספרגוס ועירית בציפוי שומשום\n","price":48,"vegan":false,"vegetarian":false,"image":"https://d25t2285lxl5rf.cloudfront.net/images/dishes/979e962a-aa49-4058-8bd8-82c0799f5e58.jpg","notFood":false,"drinks":false},{"name":"ספייסי טונה","description":"ספייסי טונה, בטטה, חסה ובצל ירוק בציפוי שומשום וצ'יפס בטטה\n*חריף*","price":50,"vegan":false,"vegetarian":false,"image":"https://d25t2285lxl5rf.cloudfront.net/images/dishes/e46314c6-adf0-4cd2-bc1a-d00fd061bb2a.jpg","notFood":false,"drinks":false},{"name":"שרימפס","description":"שרימפס, אבוקדו ומלפפון בציפוי טוביקו\n","price":53,"vegan":false,"vegetarian":false,"image":"https://d25t2285lxl5rf.cloudfront.net/images/dishes/3a95325e-e15b-4c29-a504-5924388c9783.jpg","notFood":false,"drinks":false},{"name":"סלמון טמפורה","description":"סלמון בטמפורה, אבוקדו, מלפפון וקנפיו בציפוי פנקו\n","price":46,"vegan":false,"vegetarian":false,"image":"https://d25t2285lxl5rf.cloudfront.net/images/dishes/d3e4a9fe-9b89-4d43-946b-e313cf57a62a.jpg","notFood":false,"drinks":false},{"name":"סלמון צרוב","description":"סלמון, אבוקדו, מלפפון, אספרגוס ועירית עטופים בסלמון צרוב \n","price":50,"vegan":false,"vegetarian":false,"image":"https://d25t2285lxl5rf.cloudfront.net/images/dishes/e38c7dc0-1a8b-48cc-8524-2348dc31f9b1.jpg","notFood":false,"drinks":false},{"name":"דניס טמפורה","description":"דניס בטמפורה, מלפפון, פטריות שיטאקי וגזר עטופים באבוקדו\n","price":49,"vegan":false,"vegetarian":false,"image":"https://d25t2285lxl5rf.cloudfront.net/images/dishes/3dafc30e-c113-434f-acf1-48d05c129f40.jpg","notFood":false,"drinks":false},{"name":"טונה אדומה","description":"טונה אדומה, אבוקדו, מלפפון ועירית בציפוי שומשום\n","price":53,"vegan":false,"vegetarian":false,"image":"https://d25t2285lxl5rf.cloudfront.net/images/dishes/27a5cbc4-434a-44ff-a536-cfe399ad9bba.jpg","notFood":false,"drinks":false},{"name":"RAINBOW","description":"סלמון, אבוקדו, מלפפון, אספרגוס ועירית עטופים ברצועות סלמון, טונה אדומה ודניס\n","price":54,"vegan":false,"vegetarian":false,"image":"https://d25t2285lxl5rf.cloudfront.net/images/dishes/14a8672c-4ec2-40af-8cc9-0fbcf8430a6a.jpg","notFood":false,"drinks":false},{"name":"שרימפס טמפורה","description":"שרימפס בטמפורה, אבוקדו ומלפפון בציפוי טוביקו\n","price":51,"vegan":false,"vegetarian":false,"image":"https://d25t2285lxl5rf.cloudfront.net/images/dishes/1487b9fe-47e3-4a7d-a35b-3d374974edbe.jpg","notFood":false,"drinks":false},{"name":"ספייסי סלמון","description":"ספייסי סלמון, אבוקדו, עירית, מלפפון בציפוי איולי טוגראשי וצ'יפס סלק\n*חריף*","price":50,"vegan":false,"vegetarian":false,"image":"https://d25t2285lxl5rf.cloudfront.net/images/dishes/a469d02d-fa93-46de-a0f4-730fa4bee27c.jpg","notFood":false,"drinks":false},{"name":"טיפות שנגחאי","description":"סלמון, טונה אדומה, אבוקדו, אספרגוס ומלפפון בציפוי שומשום\n","price":69,"vegan":false,"vegetarian":false,"notFood":false,"drinks":false},{"name":"דאבל טונה","description":"טונה, אבוקדו, מלפפון, אספרגוס ועירית עטופים בטונה אדומה וציפס סלק\r\n","price":54,"vegan":false,"vegetarian":false,"notFood":false,"drinks":false},{"name":"סלמון בטטה","description":"סלמון, חסה, מלפפון, עירית ובטטה בציפוי ציפס בטטה ושוםשום\r\n","price":48,"vegan":false,"vegetarian":false,"notFood":false,"drinks":false},{"name":"סלמון שיטאקי","description":"מוסר, סלמון בטריאקי, שיטאקי, מלפפון בציפוי פנקו\r\n","price":53,"vegan":false,"vegetarian":false,"notFood":false,"drinks":false},{"name":"טריפל סלמון","description":"פוטומאקי עם סלמון סקין, סלמון, אבוקדו, מלפפון, גזר בציפוי ספייסי סלמון ושומשום (4 יח')\n*חריף*","price":50,"vegan":false,"vegetarian":false,"notFood":false,"drinks":false},{"name":"שרימפס סלמון","description":"שרימפס, סלמון בטריאקי, מלפפון, עירית בציפוי טוביקו ואיולי ווסאבי \r\n","price":55,"vegan":false,"vegetarian":false,"notFood":false,"drinks":false},{"name":"טו טו טונה","description":"ספייסי טונה, אריסה, טמאגו, חסה בציפוי פנקו ואיולי לימון כבוש\n*חריף*","price":54,"vegan":false,"vegetarian":false,"notFood":false,"drinks":false},{"name":"סלמון בומבה","description":"סלמון, מלפפון, אבוקדו, בטטה, בציפוי קוקוס ורוטב בוטנים\r\n","price":50,"vegan":false,"vegetarian":false,"notFood":false,"drinks":false},{"name":"VEG SELEK","description":"סלק, אבוקדו, מלפפון, עירית ציפס סלק שומשום ואיולי לימון כבוש\r\n","price":41,"vegan":true,"vegetarian":true,"notFood":false,"drinks":false},{"name":"SPICY TOFU","description":"טופו טוגראשי, מלפפון, גזר שוםשום ואיולי טוגראשי\n*חריף*","price":34,"vegan":true,"vegetarian":true,"notFood":false,"drinks":false},{"name":"MOSAR TOGARASHI","description":"מוסר, סלק, מלפפון, גזר, עטוף בסלמון, איולי טוגראשי וציפס בטטה\n","price":51,"vegan":false,"vegetarian":false,"notFood":false,"drinks":false},{"name":"בטטה טמפורה","description":"בטטה בטמפורה, מלפפון, אבוקדו וקנפיו עם צ'יפס בטטה ורוטב טריאקי מעל\n","price":40,"vegan":true,"vegetarian":true,"image":"https://d25t2285lxl5rf.cloudfront.net/images/dishes/27bc546f-3109-44b5-b38d-49b109bade62.jpg","notFood":false,"drinks":false},{"name":"אבוקדו רול","description":"אבוקדו, מלפפון, גזר וקנפיו עטופים באבוקדו\n","price":36,"vegan":true,"vegetarian":true,"image":"https://d25t2285lxl5rf.cloudfront.net/images/dishes/55f2f439-3d49-4d3a-b7b0-517bc6ab54b3.jpg","notFood":false,"drinks":false},{"name":"טופו רול","description":"טופו, אבוקדו ואושינקו בציפוי פנקו\n","price":34,"vegan":true,"vegetarian":true,"image":"https://d25t2285lxl5rf.cloudfront.net/images/dishes/1e236496-7ff2-417c-9d5f-7fdb3d09e61b.jpg","notFood":false,"drinks":false},{"name":"סנדוויץ' צמחוני","price":41,"vegan":true,"vegetarian":true,"image":"https://d25t2285lxl5rf.cloudfront.net/images/dishes/6aeb68e9-fc32-410a-8b9e-b388a10a598b.jpg","notFood":false,"drinks":false},{"name":"צמחוני סלק","description":"סלק, אבוקדו, מלפפון, עירית ציפס סלק שוםשום ואיולי לימון כבוש\r\n","price":41,"vegan":true,"vegetarian":true,"notFood":false,"drinks":false},{"name":"ספייסי טופו","description":"טופו טוגראשי, מלפפון, גזר שוםשום, איולי טוגראשי וציפס סלק\n","price":34,"vegan":true,"vegetarian":true,"notFood":false,"drinks":false},{"name":"סנדוויץ' סלמון אבוקדו","description":"סלמון ואבוקדו בציפוי שוםשום\n","price":46,"vegan":false,"vegetarian":false,"image":"https://d25t2285lxl5rf.cloudfront.net/images/dishes/fe578e18-6c14-4f2a-ab03-bfd7f83631ba.jpg","notFood":false,"drinks":false},{"name":"סנדוויץ' צמחוני","description":"בטטה, אבוקדו ומלפפון בציפוי ציפס בטטה","price":41,"vegan":true,"vegetarian":true,"image":"https://d25t2285lxl5rf.cloudfront.net/images/dishes/bcf7bc02-85a8-474a-bb4f-70bb181694c4.jpg","notFood":false,"drinks":false},{"name":"ספייסי סנדוויץ'","description":"עירית, ספייסי סלמון ואבוקדו בציפוי פנקו וציפס בטטה.\n*חריף*\n","price":46,"vegan":false,"vegetarian":false,"image":"https://d25t2285lxl5rf.cloudfront.net/images/dishes/3b37837e-d162-4d17-a5e4-7831c09884a8.jpg","notFood":false,"drinks":false},{"name":"סלמון","price":33,"vegan":false,"vegetarian":false,"image":"https://d25t2285lxl5rf.cloudfront.net/images/dishes/35680ba1-2b9d-4615-a2b4-9df420aec8fa.jpg","notFood":false,"drinks":false},{"name":"מאקי טונה אדומה","price":35,"vegan":false,"vegetarian":false,"image":"https://d25t2285lxl5rf.cloudfront.net/images/dishes/b8e66ca2-4560-4046-b6cd-5c3d28c533e1.jpg","notFood":false,"drinks":false},{"name":"טמאגו וקנפיו","price":26,"vegan":false,"vegetarian":true,"image":"https://d25t2285lxl5rf.cloudfront.net/images/dishes/f2cd0b34-6545-4de8-b5c6-cb0b3f28ca66.jpg","notFood":false,"drinks":false},{"name":"מאקי שניצל","price":28,"vegan":false,"vegetarian":false,"notFood":false,"drinks":false},{"name":"מאקי אבוקדו","price":24,"vegan":true,"vegetarian":true,"notFood":false,"drinks":false},{"name":"טמאגו","price":18,"vegan":false,"vegetarian":true,"image":"https://d25t2285lxl5rf.cloudfront.net/images/dishes/99010d49-f4fd-4878-89f3-ef3d7dd47b4c.jpg","notFood":false,"drinks":false},{"name":"דניס","price":23,"vegan":false,"vegetarian":false,"image":"https://d25t2285lxl5rf.cloudfront.net/images/dishes/29455cc2-0119-464b-993a-5d3731e92962.jpg","notFood":false,"drinks":false},{"name":"סלמון","price":23,"vegan":false,"vegetarian":false,"image":"https://d25t2285lxl5rf.cloudfront.net/images/dishes/3c23355e-8419-494f-ab54-ec46fa7a66eb.jpg","notFood":false,"drinks":false},{"name":"ניגירי שרימפס","price":23,"vegan":false,"vegetarian":false,"image":"https://d25t2285lxl5rf.cloudfront.net/images/dishes/5d01bb73-49b8-402f-a495-54c0db425edc.jpg","notFood":false,"drinks":false},{"name":"ניגירי אבוקדו","price":19,"vegan":true,"vegetarian":true,"notFood":false,"drinks":false},{"name":"ניגירי טונה","price":23,"vegan":false,"vegetarian":false,"notFood":false,"drinks":false},{"name":"צמחוני חם","description":"סלמון, אבוקדו וסלק\n","price":38,"vegan":false,"vegetarian":false,"image":"https://d25t2285lxl5rf.cloudfront.net/images/dishes/60e5a129-6868-4b86-8a04-40938b7ad2d5.jpg","notFood":false,"drinks":false},{"name":"רול ספייסי חם","description":"ספייסי סלמון, אבוקדו ומלפפון\n","price":50,"vegan":false,"vegetarian":false,"image":"https://d25t2285lxl5rf.cloudfront.net/images/dishes/92d156c6-0ef1-454b-a28a-89422f5864a3.jpg","notFood":false,"drinks":false},{"name":"סלמון חם","description":"סלמון, מלפפון עירית וגזר\n","price":51,"vegan":false,"vegetarian":false,"image":"https://d25t2285lxl5rf.cloudfront.net/images/dishes/c0e58250-3cba-42c0-875e-4d778dbcfd17.jpg","notFood":false,"drinks":false},{"name":"סושי ילדים (צמחוני)\n","description":"2 רולים מאקי - עד 2 ירקות לבחירה בכל רול + טרופית\n\n","price":48,"vegan":true,"vegetarian":true,"image":"https://d25t2285lxl5rf.cloudfront.net/images/dishes/51d1b2f6-f0f6-4b97-ba5b-2fd4c18aa771.jpg","notFood":false,"drinks":false},{"name":"נולדס ילדים\n","description":"נודלס עם נתחי עוף מוקפץ ברוטב טריאקי בתוספת טרופית\n\n","price":48,"vegan":false,"vegetarian":false,"image":"https://d25t2285lxl5rf.cloudfront.net/images/dishes/d10fa8c6-177f-487b-a6fb-ad22930ff4a2.jpg","notFood":false,"drinks":false},{"name":"שניצל ילדים\n","description":"שניצל חם ופריך + תוספת לבחירה + טרופית\n\n","price":48,"vegan":false,"vegetarian":false,"image":"https://d25t2285lxl5rf.cloudfront.net/images/dishes/75282194-b9ca-4bfe-b6ad-7a4ca633cac1.jpg","notFood":false,"drinks":false},{"name":"נאגטס ילדים\n","description":"נאגטס עוף בטמפורה + תוספת לבחירה + טרופית\n\n","price":48,"vegan":false,"vegetarian":false,"image":"https://d25t2285lxl5rf.cloudfront.net/images/dishes/13adb4cd-0437-46aa-bda4-d4500b2360d7.jpg","notFood":false,"drinks":false},{"name":"בר שוקולד (טבעוני)","description":"אצבע שוקולד מריר עם שכבת נוגט ומייפל מלוח\n\n","price":34,"vegan":false,"vegetarian":true,"notFood":false,"drinks":false},{"name":"עוגת גבינה אפויה","description":"*המנה לא יוצאת עם קונפיטורת פירות יער*\n\n","price":38,"vegan":false,"vegetarian":true,"notFood":false,"drinks":false},{"name":"קוקילידה","description":"סנדוויץ' עוגיות שוקולד צ'יפס וקרם מסקרפונה *הקינוח לא מגיע עם רוטב שוקולד חם*\n\n","price":36,"vegan":false,"vegetarian":true,"notFood":false,"drinks":false},{"name":"קראק פאי","description":"שכבת פאי עשויה משיבולת שועל במילוי שמנת קרמל *הקינוח לא מגיע עם מוס וניל*\n\n","price":38,"vegan":false,"vegetarian":true,"notFood":false,"drinks":false},{"name":"פאדג' שוקולד\n","description":"עוגת שוקולד עם שברי מרנג *הקינוח לא מגיע עם כדור גלידה*\n\n","price":38,"vegan":false,"vegetarian":false,"notFood":false,"drinks":false},{"name":"מים מינרלים","price":14,"vegan":true,"vegetarian":true,"notFood":false,"drinks":false},{"name":"מאלט בירה שחורה","price":14,"vegan":true,"vegetarian":true,"notFood":false,"drinks":true},{"name":"סודה","price":14,"vegan":true,"vegetarian":true,"notFood":false,"drinks":true},{"name":"פפסי","price":13,"vegan":true,"vegetarian":true,"notFood":false,"drinks":true},{"name":"פפסי מקס","price":13,"vegan":true,"vegetarian":true,"notFood":false,"drinks":true},{"name":"7UP","price":13,"vegan":true,"vegetarian":true,"notFood":false,"drinks":false},{"name":"דיאט 7UP","price":13,"vegan":true,"vegetarian":true,"notFood":false,"drinks":false},{"name":"סיידר צלול","price":14,"vegan":true,"vegetarian":true,"notFood":false,"drinks":true},{"name":"נסטי","price":13,"vegan":true,"vegetarian":true,"notFood":false,"drinks":true},{"name":"סן פלגרינו גדול","price":23,"vegan":true,"vegetarian":true,"notFood":false,"drinks":false},{"name":"תומס הנרי","description":"ג'ינג'ר ביר מוגז ללא אלכוהול","price":14,"vegan":true,"vegetarian":true,"notFood":false,"drinks":false},{"name":"סינגה","price":28,"vegan":true,"vegetarian":true,"notFood":false,"drinks":false},{"name":"מלכה בהירה","price":29,"vegan":true,"vegetarian":true,"notFood":false,"drinks":false},{"name":"סינגה","price":28,"vegan":true,"vegetarian":true,"notFood":false,"drinks":false},{"name":"גולדסטאר UNFILTERED","price":26,"vegan":true,"vegetarian":true,"notFood":false,"drinks":false},{"name":"נגב אואזיס","price":29,"vegan":true,"vegetarian":true,"notFood":false,"drinks":false}]}