{"track_id":"19871","filters":["meatGrill","salads","homeMade"],"image":"https://tenbis-static.azureedge.net/restaurant-card-image/ResCard_19871_1910030504.jpg","address":"נחלת בנימין, 73 תל אביב-יפו","location":[34.7721975,32.0623658],"name":"יאשקה נחלת בנימין","city":"תל אביב-יפו","priceAverage":55.37579617834395,"menu":[{"name":"שווארמה מיקס בלאפה","description":"","price":51,"vegan":false,"vegetarian":false,"image":"https://d25t2285lxl5rf.cloudfront.net/images/dishes/4f9344b0-e1a6-4aff-84fa-6c87b533c94f.jpg","notFood":false,"drinks":false},{"name":"שווארמה מיקס בפיתה","description":"","price":43,"vegan":false,"vegetarian":false,"image":"https://d25t2285lxl5rf.cloudfront.net/images/dishes/f872f284-934c-42c8-8886-f2314df16876.jpg","notFood":false,"drinks":false},{"name":"קומפלט יאשקה","description":"","price":54,"vegan":true,"vegetarian":true,"image":"https://d25t2285lxl5rf.cloudfront.net/images/dishes/c012d79e-b987-4d5e-8f7d-2e8825ef8435.jpg","notFood":false,"drinks":false},{"name":"שווארמה הודו בלאפה","description":"","price":51,"vegan":false,"vegetarian":false,"image":"https://d25t2285lxl5rf.cloudfront.net/images/dishes/91da4252-f001-4b75-a437-6fa1aff6f2d5.jpg","notFood":false,"drinks":false},{"name":"שווארמה הודו בפיתה","description":"","price":43,"vegan":false,"vegetarian":false,"image":"https://d25t2285lxl5rf.cloudfront.net/images/dishes/dccc1e76-fe91-4bff-85dd-28eb49ce837d.jpg","notFood":false,"drinks":false},{"name":"סלט שווארמה","description":"","price":67,"vegan":false,"vegetarian":false,"image":"https://d25t2285lxl5rf.cloudfront.net/images/dishes/7206984d-f08a-4910-a734-4eef5092c4f2.jpg","notFood":false,"drinks":false},{"name":"מגש תוספות חמות גדול","description":"","price":35,"vegan":true,"vegetarian":true,"image":"https://d25t2285lxl5rf.cloudfront.net/images/dishes/699c436b-d8d2-4dc5-b455-cbba51f4dd04.jpg","notFood":false,"drinks":false},{"name":"מגש תוספות חמות קטן","description":"","price":20,"vegan":true,"vegetarian":true,"image":"https://d25t2285lxl5rf.cloudfront.net/images/dishes/e414dc29-1b62-4bbf-937d-ff6fd1f8a707.jpg","notFood":false,"drinks":false},{"name":"מגש צ'יפס","description":"","price":23,"vegan":true,"vegetarian":true,"image":"https://d25t2285lxl5rf.cloudfront.net/images/dishes/1094ccff-cb25-4f65-98b6-2715da093af7.jpg","notFood":false,"drinks":false},{"name":"2202. קובה","description":"יחידה","price":10,"vegan":true,"vegetarian":true,"image":"https://d25t2285lxl5rf.cloudfront.net/images/dishes/16fa4df4-db78-42a4-a683-657e512699a5.jpg","notFood":false,"drinks":false},{"name":"סיגרים תפו\"א","description":"יחידה","price":3,"vegan":false,"vegetarian":false,"image":"https://d25t2285lxl5rf.cloudfront.net/images/dishes/1d8561d7-9a7f-4d11-af43-a19143a477c7.jpg","notFood":false,"drinks":false},{"name":"סיגרים בשר","description":"יחידה","price":3,"vegan":false,"vegetarian":false,"image":"https://d25t2285lxl5rf.cloudfront.net/images/dishes/39096b28-d041-46e2-955c-af4411888947.jpg","notFood":false,"drinks":false},{"name":"חמש כדורי פלאפל","description":"5 יחידות","price":10,"vegan":true,"vegetarian":true,"image":"https://d25t2285lxl5rf.cloudfront.net/images/dishes/65ad3878-73ac-4065-b8e7-29e7fc66db0a.jpg","notFood":false,"drinks":false},{"name":"פיתה רגילה","description":"","price":3,"vegan":true,"vegetarian":true,"image":"https://d25t2285lxl5rf.cloudfront.net/images/dishes/c445ac43-24a4-4cd4-a671-df6a8dcb9046.jpg","notFood":false,"drinks":false},{"name":"פיתה קמח מלא","description":"","price":3,"vegan":true,"vegetarian":true,"image":"https://d25t2285lxl5rf.cloudfront.net/images/dishes/7257086f-7375-46bf-926d-81c4b141c364.jpg","notFood":false,"drinks":false},{"name":"לאפה","description":"","price":6,"vegan":true,"vegetarian":true,"image":"https://d25t2285lxl5rf.cloudfront.net/images/dishes/a53113cb-2703-4495-b695-6b407e2d5355.jpg","notFood":false,"drinks":false},{"name":"מגש סלטים קטן","description":"","price":20,"vegan":true,"vegetarian":true,"image":"https://d25t2285lxl5rf.cloudfront.net/images/dishes/320cf53e-74a5-4362-8d9d-785c9672610e.jpg","notFood":false,"drinks":false},{"name":"מגש סלטים גדול","description":"","price":30,"vegan":true,"vegetarian":true,"image":"https://d25t2285lxl5rf.cloudfront.net/images/dishes/1f022376-f02c-4e7a-aa42-3b2f24d950b8.jpg","notFood":false,"drinks":false},{"name":"מגש טוגנים קטן","description":"","price":20,"vegan":true,"vegetarian":true,"image":"https://d25t2285lxl5rf.cloudfront.net/images/dishes/87c9fff4-81cc-4eae-a6c6-2f5640edf7a4.jpg","notFood":false,"drinks":false},{"name":"מגש טוגנים גדול","description":"","price":30,"vegan":true,"vegetarian":true,"image":"https://d25t2285lxl5rf.cloudfront.net/images/dishes/b551d5b2-84d4-484e-b264-904bb82bcad2.jpg","notFood":false,"drinks":false},{"name":"לאפה ללא גלוטן","description":"","price":6,"vegan":true,"vegetarian":true,"image":"","notFood":false,"drinks":false},{"name":"חומוס שווארמה","description":"","price":54,"vegan":false,"vegetarian":false,"image":"https://d25t2285lxl5rf.cloudfront.net/images/dishes/fff83e17-c11f-4cd9-aa49-7d13be18421b.jpg","notFood":false,"drinks":false},{"name":"חומוס בטחינה","description":"","price":25,"vegan":true,"vegetarian":true,"image":"","notFood":false,"drinks":false},{"name":"חומוס פלאפל","description":"","price":30,"vegan":true,"vegetarian":true,"image":"","notFood":false,"drinks":false},{"name":"חומוס פטריות","description":"","price":30,"vegan":true,"vegetarian":true,"image":"","notFood":false,"drinks":false},{"name":"סלט חזה עוף","description":"","price":59,"vegan":false,"vegetarian":false,"image":"https://d25t2285lxl5rf.cloudfront.net/images/dishes/d6736aab-d29e-40f2-b4e4-28b28d742c53.jpg","notFood":false,"drinks":false},{"name":"סלט שניצל","description":"","price":59,"vegan":false,"vegetarian":false,"image":"https://d25t2285lxl5rf.cloudfront.net/images/dishes/5d6e59ca-8235-4942-836a-1f8fe28c9dc8.jpg","notFood":false,"drinks":false},{"name":"סלט שווארמה","description":"","price":67,"vegan":false,"vegetarian":false,"image":"https://d25t2285lxl5rf.cloudfront.net/images/dishes/7206984d-f08a-4910-a734-4eef5092c4f2.jpg","notFood":false,"drinks":false},{"name":"סלט פרגית","description":"","price":69,"vegan":false,"vegetarian":false,"image":"https://d25t2285lxl5rf.cloudfront.net/images/dishes/9fd54dad-65f7-42be-a48a-7ddf74997280.jpg","notFood":false,"drinks":false},{"name":"סלט ירקות גדול","description":"","price":30,"vegan":true,"vegetarian":true,"image":"https://d25t2285lxl5rf.cloudfront.net/images/dishes/ecbc197f-cfa8-4aa6-8e16-2ec5898d832b.jpg","notFood":false,"drinks":false},{"name":"סלטים בפיתה","description":"","price":18,"vegan":true,"vegetarian":true,"image":"https://d25t2285lxl5rf.cloudfront.net/images/dishes/e2c430e8-6125-496c-a057-a53023a237b3.jpg","notFood":false,"drinks":false},{"name":"סלטים בבגט","description":"","price":25,"vegan":true,"vegetarian":true,"image":"https://d25t2285lxl5rf.cloudfront.net/images/dishes/8e3061da-782e-43bd-9574-d4a83b1087f2.jpg","notFood":false,"drinks":false},{"name":"סלטים בלאפה","description":"","price":27,"vegan":true,"vegetarian":true,"image":"https://d25t2285lxl5rf.cloudfront.net/images/dishes/44bc2be2-9e6e-4532-821c-cf6019954ae1.jpg","notFood":false,"drinks":false},{"name":"קומפלט יאשקה","description":"","price":54,"vegan":true,"vegetarian":true,"image":"https://d25t2285lxl5rf.cloudfront.net/images/dishes/c012d79e-b987-4d5e-8f7d-2e8825ef8435.jpg","notFood":false,"drinks":false},{"name":"סלט ירקות -קטן","description":"","price":20,"vegan":true,"vegetarian":true,"image":"","notFood":false,"drinks":false},{"name":"שווארמה הודו בחצי בפיתה","description":"","price":32,"vegan":false,"vegetarian":false,"image":"https://d25t2285lxl5rf.cloudfront.net/images/dishes/cc3ecadf-7568-4af3-a03d-473c7e0de20a.jpg","notFood":false,"drinks":false},{"name":"שווארמה עגל בחצי בפיתה","description":"","price":32,"vegan":false,"vegetarian":false,"image":"https://d25t2285lxl5rf.cloudfront.net/images/dishes/1e722f70-63d3-4658-842f-e9ae97fbd05e.jpg","notFood":false,"drinks":false},{"name":"שווארמה הודו בפיתה","description":"","price":43,"vegan":false,"vegetarian":false,"image":"https://d25t2285lxl5rf.cloudfront.net/images/dishes/dccc1e76-fe91-4bff-85dd-28eb49ce837d.jpg","notFood":false,"drinks":false},{"name":"שווארמה מיקס בפיתה","description":"","price":43,"vegan":false,"vegetarian":false,"image":"https://d25t2285lxl5rf.cloudfront.net/images/dishes/f872f284-934c-42c8-8886-f2314df16876.jpg","notFood":false,"drinks":false},{"name":"שיפוד פרגית בפיתה","description":"","price":41,"vegan":false,"vegetarian":false,"image":"https://d25t2285lxl5rf.cloudfront.net/images/dishes/c0426ff2-dc81-417f-958e-b1c358765cef.jpg","notFood":false,"drinks":false},{"name":"סטייק פרגית בפיתה","description":"","price":41,"vegan":false,"vegetarian":false,"image":"https://d25t2285lxl5rf.cloudfront.net/images/dishes/2a2c2858-a2a0-473a-a306-5f33193e4b22.jpg","notFood":false,"drinks":false},{"name":"שיפוד קבב בפיתה","description":"","price":41,"vegan":false,"vegetarian":false,"image":"https://d25t2285lxl5rf.cloudfront.net/images/dishes/574f02fc-34d6-4842-9ced-066e47d3f38b.jpg","notFood":false,"drinks":false},{"name":"שיפוד לבבות בפיתה","description":"","price":41,"vegan":true,"vegetarian":true,"image":"https://d25t2285lxl5rf.cloudfront.net/images/dishes/fb08f9e8-b05b-45c4-aa18-6def6ca35fb2.jpg","notFood":false,"drinks":false},{"name":"שיפוד כבד עוף בפיתה","description":"","price":41,"vegan":false,"vegetarian":false,"image":"https://d25t2285lxl5rf.cloudfront.net/images/dishes/d63d843f-b462-41b0-862d-dd30da8c684c.jpg","notFood":false,"drinks":false},{"name":"שיפוד כבש בפיתה","description":"","price":69,"vegan":true,"vegetarian":true,"image":"https://d25t2285lxl5rf.cloudfront.net/images/dishes/fc2e8a44-519e-4297-b6d1-40a0128a4188.jpg","notFood":false,"drinks":false},{"name":"שיפוד פילה בפיתה","description":"","price":69,"vegan":true,"vegetarian":true,"image":"https://d25t2285lxl5rf.cloudfront.net/images/dishes/ad19ac03-87db-4707-a341-51d6daf37d88.jpg","notFood":false,"drinks":false},{"name":"שיפוד אנטריקוט בפיתה","description":"","price":69,"vegan":false,"vegetarian":false,"image":"https://d25t2285lxl5rf.cloudfront.net/images/dishes/7ab25985-8665-4ce4-af13-8282ae0bc44b.jpg","notFood":false,"drinks":false},{"name":"סטייק פילה בפיתה","description":"","price":79,"vegan":false,"vegetarian":false,"image":"https://d25t2285lxl5rf.cloudfront.net/images/dishes/173a5b35-a635-43da-a795-1a0f31b913fa.jpg","notFood":false,"drinks":false},{"name":"סטייק אנטריקוט בפיתה","description":"","price":79,"vegan":false,"vegetarian":false,"image":"https://d25t2285lxl5rf.cloudfront.net/images/dishes/c90bd1ac-5238-4309-9244-c21c7944c881.jpg","notFood":false,"drinks":false},{"name":"נקניקיות חריפות בפיתה","description":"","price":49,"vegan":true,"vegetarian":true,"image":"https://d25t2285lxl5rf.cloudfront.net/images/dishes/2dd1c65a-4989-44f2-b442-790cd420a06b.jpg","notFood":false,"drinks":false},{"name":"חצי פיתה פלאפל","description":"","price":14,"vegan":true,"vegetarian":true,"image":"https://d25t2285lxl5rf.cloudfront.net/images/dishes/8891ddd4-eec2-434f-a565-c593077ec3bb.jpg","notFood":false,"drinks":false},{"name":"פלאפל בפיתה","description":"","price":21,"vegan":true,"vegetarian":true,"image":"https://d25t2285lxl5rf.cloudfront.net/images/dishes/24470545-8d06-428d-a61a-fb0f42d1b8e0.jpg","notFood":false,"drinks":false},{"name":"שניצל בפיתה","description":"","price":41,"vegan":false,"vegetarian":false,"image":"","notFood":false,"drinks":false},{"name":"שווארמה הודו בלאפה","description":"","price":51,"vegan":false,"vegetarian":false,"image":"https://d25t2285lxl5rf.cloudfront.net/images/dishes/91da4252-f001-4b75-a437-6fa1aff6f2d5.jpg","notFood":false,"drinks":false},{"name":"שווארמה מיקס בלאפה","description":"","price":51,"vegan":false,"vegetarian":false,"image":"https://d25t2285lxl5rf.cloudfront.net/images/dishes/4f9344b0-e1a6-4aff-84fa-6c87b533c94f.jpg","notFood":false,"drinks":false},{"name":"שניצל בלאפה","description":"","price":43,"vegan":false,"vegetarian":false,"image":"https://d25t2285lxl5rf.cloudfront.net/images/dishes/8f4baf6e-2bbb-4e0e-83b2-cf9c48baef49.jpg","notFood":false,"drinks":false},{"name":"חזה עוף בלאפה","description":"","price":43,"vegan":false,"vegetarian":false,"image":"https://d25t2285lxl5rf.cloudfront.net/images/dishes/653b81b6-9b61-4839-8265-42987b551aa3.jpg","notFood":false,"drinks":false},{"name":"שיפוד לבבות בלאפה","description":"","price":43,"vegan":true,"vegetarian":true,"image":"https://d25t2285lxl5rf.cloudfront.net/images/dishes/055e3949-f60b-4c65-8d99-466f3db654ff.jpg","notFood":false,"drinks":false},{"name":"שיפוד כבד עוף בלאפה","description":"","price":43,"vegan":false,"vegetarian":false,"image":"https://d25t2285lxl5rf.cloudfront.net/images/dishes/83863810-f77b-4108-8ce8-a23b21d3ac1e.jpg","notFood":false,"drinks":false},{"name":"שיפוד פרגית בלאפה","description":"","price":43,"vegan":false,"vegetarian":false,"image":"https://d25t2285lxl5rf.cloudfront.net/images/dishes/129a4399-558c-4302-aed1-6aef101812ac.jpg","notFood":false,"drinks":false},{"name":"סטייק פרגית בלאפה","description":"","price":46,"vegan":false,"vegetarian":false,"image":"https://d25t2285lxl5rf.cloudfront.net/images/dishes/479c3ebc-9875-426a-9766-5b76efb0b3b7.jpg","notFood":false,"drinks":false},{"name":"שיפוד קבב בלאפה","description":"","price":43,"vegan":false,"vegetarian":false,"image":"https://d25t2285lxl5rf.cloudfront.net/images/dishes/ef0f49a9-ddf6-449b-a038-7500ec4285cf.jpg","notFood":false,"drinks":false},{"name":"שיפוד כבש בלאפה","description":"","price":69,"vegan":true,"vegetarian":true,"image":"https://d25t2285lxl5rf.cloudfront.net/images/dishes/1038c8a6-d398-4588-bc33-59b48f22fe18.jpg","notFood":false,"drinks":false},{"name":"שיפוד פילה בלאפה","description":"","price":69,"vegan":true,"vegetarian":true,"image":"https://d25t2285lxl5rf.cloudfront.net/images/dishes/fb55af07-b93e-44f0-ac59-b1ae1c56bef5.jpg","notFood":false,"drinks":false},{"name":"סטייק פילה בלאפה","description":"","price":89,"vegan":false,"vegetarian":false,"image":"https://d25t2285lxl5rf.cloudfront.net/images/dishes/d93b53ca-f2fd-4ebc-ae02-775b82c2a95d.jpg","notFood":false,"drinks":false},{"name":"שיפוד פילה בבאגט","description":"","price":66,"vegan":true,"vegetarian":true,"image":"https://d25t2285lxl5rf.cloudfront.net/images/dishes/78c5bb63-092c-4c99-9b6a-8de0175cfd65.jpg","notFood":false,"drinks":false},{"name":"סטייק פילה בבאגט","description":"","price":79,"vegan":false,"vegetarian":false,"image":"https://d25t2285lxl5rf.cloudfront.net/images/dishes/eaaac53a-7b9a-46a5-b704-8e57971b8537.jpg","notFood":false,"drinks":false},{"name":"שיפוד אנטריקוט בלאפה","description":"","price":69,"vegan":false,"vegetarian":false,"image":"https://d25t2285lxl5rf.cloudfront.net/images/dishes/2c426e43-e1f3-4e1b-a0b4-a398c0f1d25a.jpg","notFood":false,"drinks":false},{"name":"סטייק אנטריקוט בלאפה","description":"","price":89,"vegan":false,"vegetarian":false,"image":"https://d25t2285lxl5rf.cloudfront.net/images/dishes/f22a3664-58a3-43e1-9f4c-2c90cd7b0193.jpg","notFood":false,"drinks":false},{"name":"פלאפל בלאפה","description":"","price":30,"vegan":true,"vegetarian":true,"image":"https://d25t2285lxl5rf.cloudfront.net/images/dishes/f90924e0-33f7-4c4f-a506-16cb935b496f.jpg","notFood":false,"drinks":false},{"name":"שווארמה הודו בבאגט","description":"","price":51,"vegan":false,"vegetarian":false,"image":"https://d25t2285lxl5rf.cloudfront.net/images/dishes/f73ab4ae-37be-4efb-a86e-27f266c8bdee.jpg","notFood":false,"drinks":false},{"name":"חזה עוף בבאגט","description":"","price":43,"vegan":false,"vegetarian":false,"image":"https://d25t2285lxl5rf.cloudfront.net/images/dishes/11ab5c6b-439d-48fd-abdf-474eb6494aa9.jpg","notFood":false,"drinks":false},{"name":"שניצל בבאגט","description":"","price":43,"vegan":false,"vegetarian":false,"image":"https://d25t2285lxl5rf.cloudfront.net/images/dishes/694d7b80-ffed-4f35-96b5-eb6d92949001.jpg","notFood":false,"drinks":false},{"name":"שיפוד לבבות בבאגט","description":"","price":43,"vegan":true,"vegetarian":true,"image":"https://d25t2285lxl5rf.cloudfront.net/images/dishes/f0d06ba3-c8bd-4892-accb-384ff77a790a.jpg","notFood":false,"drinks":false},{"name":"שיפוד כבד עוף בבאגט","description":"","price":43,"vegan":false,"vegetarian":false,"image":"https://d25t2285lxl5rf.cloudfront.net/images/dishes/ccb7b535-e670-4b0d-aaff-7a62d7adacca.jpg","notFood":false,"drinks":false},{"name":"שיפוד פרגית בבאגט","description":"","price":43,"vegan":false,"vegetarian":false,"image":"https://d25t2285lxl5rf.cloudfront.net/images/dishes/9daae7b6-8a6f-4dad-8368-0d346adc2339.jpg","notFood":false,"drinks":false},{"name":"סטייק פרגית בבאגט","description":"","price":44,"vegan":false,"vegetarian":false,"image":"https://d25t2285lxl5rf.cloudfront.net/images/dishes/71aca929-880c-40cc-a257-5a289b32af51.jpg","notFood":false,"drinks":false},{"name":"שיפוד קבב בבאגט","description":"","price":43,"vegan":false,"vegetarian":false,"image":"https://d25t2285lxl5rf.cloudfront.net/images/dishes/82f1f31d-0136-455a-b591-0a56e76b7d40.jpg","notFood":false,"drinks":false},{"name":"שיפוד אנטריקוט בבאגט","description":"","price":69,"vegan":false,"vegetarian":false,"image":"https://d25t2285lxl5rf.cloudfront.net/images/dishes/bb7ad81a-b96c-4754-bc68-33128b212e25.jpg","notFood":false,"drinks":false},{"name":"סטייק אנטריקוט בבאגט","description":"","price":89,"vegan":false,"vegetarian":false,"image":"https://d25t2285lxl5rf.cloudfront.net/images/dishes/a16f4f77-9aee-435c-8f27-0350b2ad5398.jpg","notFood":false,"drinks":false},{"name":"פלאפל בבאגט","description":"","price":29,"vegan":true,"vegetarian":true,"image":"https://d25t2285lxl5rf.cloudfront.net/images/dishes/bd3a3264-e82c-419e-803b-591cc9dbe4f7.jpg","notFood":false,"drinks":false},{"name":"שווארמה עגל בלאפה","description":"","price":51,"vegan":false,"vegetarian":false,"image":"","notFood":false,"drinks":false},{"name":"2שיפודי פרגית בלאפה","description":"","price":65,"vegan":false,"vegetarian":false,"image":"https://d25t2285lxl5rf.cloudfront.net/images/dishes/367fa3c3-a88b-4f58-8d91-46db357608bb.jpg","notFood":false,"drinks":false},{"name":"2שיפודי קבב בלאפה","description":"","price":65,"vegan":false,"vegetarian":false,"image":"https://d25t2285lxl5rf.cloudfront.net/images/dishes/e7b334e9-0204-48dc-ad8b-aa4f7df774cb.jpg","notFood":false,"drinks":false},{"name":"2שיפודי לבבות בלאפה","description":"","price":65,"vegan":true,"vegetarian":true,"image":"https://d25t2285lxl5rf.cloudfront.net/images/dishes/a37b5bad-6763-4926-8a51-7177c1e22f64.jpg","notFood":false,"drinks":false},{"name":"2שיפודי כבד עוף בלאפה","description":"","price":65,"vegan":false,"vegetarian":false,"image":"https://d25t2285lxl5rf.cloudfront.net/images/dishes/e3375a07-ed60-436a-9d83-91079fc71675.jpg","notFood":false,"drinks":false},{"name":"2שיפודי כבש בלאפה","description":"","price":99,"vegan":true,"vegetarian":true,"image":"https://d25t2285lxl5rf.cloudfront.net/images/dishes/3f13dea1-01a2-4529-9b9a-ab17dcbddb87.jpg","notFood":false,"drinks":false},{"name":"2שיפודי פילה בלאפה","description":"","price":99,"vegan":true,"vegetarian":true,"image":"https://d25t2285lxl5rf.cloudfront.net/images/dishes/33fcec95-8840-44b4-9c7b-073ef124043a.jpg","notFood":false,"drinks":false},{"name":"2שיפודי אנטריקוט בלאפה","description":"","price":99,"vegan":false,"vegetarian":false,"image":"https://d25t2285lxl5rf.cloudfront.net/images/dishes/7f92af6c-5293-489e-b54b-ce93422dce86.jpg","notFood":false,"drinks":false},{"name":"פרגית וקבב בלאפה","description":"","price":65,"vegan":false,"vegetarian":false,"image":"https://d25t2285lxl5rf.cloudfront.net/images/dishes/bad0b5a0-9291-49be-91fc-74e6dd21daf0.jpg","notFood":false,"drinks":false},{"name":"פרגית וכבד עוף בלאפה","description":"","price":65,"vegan":false,"vegetarian":false,"image":"https://d25t2285lxl5rf.cloudfront.net/images/dishes/af46daf8-ce6c-4ab6-9ca6-b9dd949df069.jpg","notFood":false,"drinks":false},{"name":"פרגית ולבבות בלאפה","description":"","price":65,"vegan":false,"vegetarian":false,"image":"https://d25t2285lxl5rf.cloudfront.net/images/dishes/f8eec5c5-eda7-4af4-b08a-c3f4d82374c7.jpg","notFood":false,"drinks":false},{"name":"פרגית וכבש בלאפה","description":"","price":99,"vegan":false,"vegetarian":false,"image":"https://d25t2285lxl5rf.cloudfront.net/images/dishes/65923a88-7cd5-4c7c-b395-39dce07548ab.jpg","notFood":false,"drinks":false},{"name":"פרגית ופילה בלאפה","description":"","price":99,"vegan":false,"vegetarian":false,"image":"https://d25t2285lxl5rf.cloudfront.net/images/dishes/1e1cf6ba-b6fd-40ae-abab-559e323a7328.jpg","notFood":false,"drinks":false},{"name":"פרגית ואנטריקוט בלאפה","description":"","price":99,"vegan":false,"vegetarian":false,"image":"https://d25t2285lxl5rf.cloudfront.net/images/dishes/ec5b738e-8379-40b9-a7c0-e1a3102353bf.jpg","notFood":false,"drinks":false},{"name":"קבב וכבד עוף בלאפה","description":"","price":65,"vegan":false,"vegetarian":false,"image":"https://d25t2285lxl5rf.cloudfront.net/images/dishes/a91ad107-a303-4bc2-8c9a-ff72107c4b85.jpg","notFood":false,"drinks":false},{"name":"קבב ולבבות בלאפה","description":"","price":65,"vegan":false,"vegetarian":false,"image":"https://d25t2285lxl5rf.cloudfront.net/images/dishes/49902e6c-55d8-412f-9dca-8b9d52d4956f.jpg","notFood":false,"drinks":false},{"name":"קבב וכבש בלאפה","description":"","price":99,"vegan":false,"vegetarian":false,"image":"https://d25t2285lxl5rf.cloudfront.net/images/dishes/391a54d7-7fea-4905-82b8-b2745ed89aad.jpg","notFood":false,"drinks":false},{"name":"קבב ופילה בלאפה","description":"","price":99,"vegan":false,"vegetarian":false,"image":"https://d25t2285lxl5rf.cloudfront.net/images/dishes/9904ad84-a90f-4aeb-98d9-27cc6957e779.jpg","notFood":false,"drinks":false},{"name":"קבב ואנטריקוט בלאפה","description":"","price":99,"vegan":false,"vegetarian":false,"image":"https://d25t2285lxl5rf.cloudfront.net/images/dishes/325ea5ce-5b6e-49d6-8d6b-17d1c652c73f.jpg","notFood":false,"drinks":false},{"name":"כבד עוף ולבבות בלאפה","description":"","price":65,"vegan":false,"vegetarian":false,"image":"https://d25t2285lxl5rf.cloudfront.net/images/dishes/932e1a66-a16c-46a6-8795-bbea1d211392.jpg","notFood":false,"drinks":false},{"name":"כבד עוף וכבש בלאפה","description":"","price":99,"vegan":false,"vegetarian":false,"image":"https://d25t2285lxl5rf.cloudfront.net/images/dishes/02efcdda-5465-46d3-85a1-892c52d16a74.jpg","notFood":false,"drinks":false},{"name":"כבד עוף ופילה בלאפה","description":"","price":99,"vegan":false,"vegetarian":false,"image":"https://d25t2285lxl5rf.cloudfront.net/images/dishes/1c304af6-c456-4c3b-91a4-a209af9eceed.jpg","notFood":false,"drinks":false},{"name":"כבד עוף ואנטריקוט בלאפה","description":"","price":99,"vegan":false,"vegetarian":false,"image":"https://d25t2285lxl5rf.cloudfront.net/images/dishes/2c9c6814-bf84-48e0-90b6-1bf3d66dc834.jpg","notFood":false,"drinks":false},{"name":"לבבות וכבש בלאפה","description":"","price":99,"vegan":true,"vegetarian":true,"image":"https://d25t2285lxl5rf.cloudfront.net/images/dishes/74e17bdf-f2ad-455d-92a1-1c4f69ae517d.jpg","notFood":false,"drinks":false},{"name":"לבבות ופילה בלאפה","description":"","price":99,"vegan":true,"vegetarian":true,"image":"https://d25t2285lxl5rf.cloudfront.net/images/dishes/45c46556-0c12-4493-a39d-2db711a17d06.jpg","notFood":false,"drinks":false},{"name":"לבבות ואנטריקוט בלאפה","description":"","price":99,"vegan":false,"vegetarian":false,"image":"https://d25t2285lxl5rf.cloudfront.net/images/dishes/901362a4-1e4f-4a98-8d41-df7128499f4d.jpg","notFood":false,"drinks":false},{"name":"כבש ופילה בלאפה","description":"","price":99,"vegan":true,"vegetarian":true,"image":"https://d25t2285lxl5rf.cloudfront.net/images/dishes/d76ee947-d432-48f5-bb82-5768d3eedc37.jpg","notFood":false,"drinks":false},{"name":"כבש ואנטריקוט בלאפה","description":"","price":99,"vegan":false,"vegetarian":false,"image":"https://d25t2285lxl5rf.cloudfront.net/images/dishes/c32561f5-9072-4870-a854-883175e0d723.jpg","notFood":false,"drinks":false},{"name":"פילה ואנטריקוט בלאפה","description":"","price":99,"vegan":false,"vegetarian":false,"image":"https://d25t2285lxl5rf.cloudfront.net/images/dishes/20dc4381-2463-48a3-b44a-5486c63cf1e6.jpg","notFood":false,"drinks":false},{"name":"2שיפודי קבב בבאגט","description":"","price":65,"vegan":false,"vegetarian":false,"image":"https://d25t2285lxl5rf.cloudfront.net/images/dishes/2375381a-2d08-4047-9d78-734a2ae1637a.jpg","notFood":false,"drinks":false},{"name":"2שיפודי פרגית בבאגט","description":"","price":65,"vegan":false,"vegetarian":false,"image":"https://d25t2285lxl5rf.cloudfront.net/images/dishes/e890d0ad-ad89-4278-ba44-c2236ec444ef.jpg","notFood":false,"drinks":false},{"name":"2שיפודי לבבות בבאגט","description":"","price":65,"vegan":true,"vegetarian":true,"image":"https://d25t2285lxl5rf.cloudfront.net/images/dishes/2ee0c84b-2007-40b5-acb6-95ca7b8ba6d3.jpg","notFood":false,"drinks":false},{"name":"2שיפודי כבד עוף בבאגט","description":"","price":65,"vegan":false,"vegetarian":false,"image":"https://d25t2285lxl5rf.cloudfront.net/images/dishes/96775931-5dd0-4b59-a766-6635ea0fc645.jpg","notFood":false,"drinks":false},{"name":"2שיפודי כבש בבאגט","description":"","price":99,"vegan":true,"vegetarian":true,"image":"https://d25t2285lxl5rf.cloudfront.net/images/dishes/dd8080aa-756b-4548-bd6d-77d8a9c55b90.jpg","notFood":false,"drinks":false},{"name":"2שיפודי פילה בבאגט","description":"","price":99,"vegan":true,"vegetarian":true,"image":"https://d25t2285lxl5rf.cloudfront.net/images/dishes/9f3fc463-1875-4653-a63a-8e9e658ca845.jpg","notFood":false,"drinks":false},{"name":"2שיפודי אנטריקוט בבאגט","description":"","price":99,"vegan":false,"vegetarian":false,"image":"https://d25t2285lxl5rf.cloudfront.net/images/dishes/a1ad3728-16ff-4504-be2a-b6c0ba699d0c.jpg","notFood":false,"drinks":false},{"name":"פרגית וקבב בבאגט","description":"","price":65,"vegan":false,"vegetarian":false,"image":"https://d25t2285lxl5rf.cloudfront.net/images/dishes/f05e27da-fd10-497e-a136-2ea3fcad1138.jpg","notFood":false,"drinks":false},{"name":"פרגית וכבד עוף בבאגט","description":"","price":65,"vegan":false,"vegetarian":false,"image":"https://d25t2285lxl5rf.cloudfront.net/images/dishes/b2bf61fc-ac5d-43bc-8953-980eaa519047.jpg","notFood":false,"drinks":false},{"name":"פרגית ולבבות בבאגט","description":"","price":65,"vegan":false,"vegetarian":false,"image":"https://d25t2285lxl5rf.cloudfront.net/images/dishes/dba90725-733c-4fbf-846d-561a36cfcc37.jpg","notFood":false,"drinks":false},{"name":"פרגית וכבש בבאגט","description":"","price":99,"vegan":false,"vegetarian":false,"image":"https://d25t2285lxl5rf.cloudfront.net/images/dishes/be2f101b-ae8d-4d83-b03c-fae6e4933092.jpg","notFood":false,"drinks":false},{"name":"פרגית ופילה בבאגט","description":"","price":99,"vegan":false,"vegetarian":false,"image":"https://d25t2285lxl5rf.cloudfront.net/images/dishes/5b88b055-3ea1-4c61-b2e0-a4a66d436a71.jpg","notFood":false,"drinks":false},{"name":"פרגית ואנטריקוט בבאגט","description":"","price":99,"vegan":false,"vegetarian":false,"image":"https://d25t2285lxl5rf.cloudfront.net/images/dishes/dbbdec4a-938c-4a99-89f8-1dbdae92903e.jpg","notFood":false,"drinks":false},{"name":"קבב וכבד עוף בבאגט","description":"","price":65,"vegan":false,"vegetarian":false,"image":"https://d25t2285lxl5rf.cloudfront.net/images/dishes/38390111-c0b3-42ae-aa64-a45da596aaef.jpg","notFood":false,"drinks":false},{"name":"קבב ולבבות בבאגט","description":"","price":65,"vegan":false,"vegetarian":false,"image":"https://d25t2285lxl5rf.cloudfront.net/images/dishes/1a7d8c1c-a1f7-4748-a596-414e581250d5.jpg","notFood":false,"drinks":false},{"name":"קבב וכבש בבאגט","description":"","price":99,"vegan":false,"vegetarian":false,"image":"https://d25t2285lxl5rf.cloudfront.net/images/dishes/76191b71-e2d7-46b1-91fe-61245a0c38fc.jpg","notFood":false,"drinks":false},{"name":"קבב ופילה בבאגט","description":"","price":99,"vegan":false,"vegetarian":false,"image":"https://d25t2285lxl5rf.cloudfront.net/images/dishes/d9b38c22-d280-48fd-a581-1bb9b7b61ad2.jpg","notFood":false,"drinks":false},{"name":"קבב ואנטריקוט בבאגט","description":"","price":99,"vegan":false,"vegetarian":false,"image":"https://d25t2285lxl5rf.cloudfront.net/images/dishes/a816c691-20af-4d7c-aeaa-d6a0696dd93c.jpg","notFood":false,"drinks":false},{"name":"כבד עוף ולבבות בבאגט","description":"","price":65,"vegan":false,"vegetarian":false,"image":"https://d25t2285lxl5rf.cloudfront.net/images/dishes/c37a22b6-7e59-411d-b002-5333fb9c2068.jpg","notFood":false,"drinks":false},{"name":"כבד עוף וכבש בבאגט","description":"","price":99,"vegan":false,"vegetarian":false,"image":"https://d25t2285lxl5rf.cloudfront.net/images/dishes/7f375e17-42f2-4699-9d72-61a06961560d.jpg","notFood":false,"drinks":false},{"name":"כבד עוף ופילה בבאגט","description":"","price":99,"vegan":false,"vegetarian":false,"image":"https://d25t2285lxl5rf.cloudfront.net/images/dishes/a33cf2b4-90cc-43e7-9c1f-0d6b986536b3.jpg","notFood":false,"drinks":false},{"name":"כבד עוף ואנטריקוט בבאגט","description":"","price":99,"vegan":false,"vegetarian":false,"image":"https://d25t2285lxl5rf.cloudfront.net/images/dishes/4d79efc5-6988-4f36-ae7f-60d3fb531a9b.jpg","notFood":false,"drinks":false},{"name":"לבבות וכבש בבאגט","description":"","price":99,"vegan":true,"vegetarian":true,"image":"https://d25t2285lxl5rf.cloudfront.net/images/dishes/24867530-bddc-4156-868f-0d6b5d962f19.jpg","notFood":false,"drinks":false},{"name":"לבבות ופילה בבאגט","description":"","price":99,"vegan":true,"vegetarian":true,"image":"https://d25t2285lxl5rf.cloudfront.net/images/dishes/0103a23f-7f67-4ee9-8e1d-16eb1d8ef3be.jpg","notFood":false,"drinks":false},{"name":"לבבות ואנטריקוט בבאגט","description":"","price":99,"vegan":false,"vegetarian":false,"image":"https://d25t2285lxl5rf.cloudfront.net/images/dishes/c0d991a7-aba3-49e9-91f8-9eaacef2e68d.jpg","notFood":false,"drinks":false},{"name":"כבש ופילה בבאגט","description":"","price":99,"vegan":true,"vegetarian":true,"image":"https://d25t2285lxl5rf.cloudfront.net/images/dishes/14b63086-9a29-4636-9cea-facdf51e91ec.jpg","notFood":false,"drinks":false},{"name":"כבש ואנטריקוט בבאגט","description":"","price":99,"vegan":false,"vegetarian":false,"image":"https://d25t2285lxl5rf.cloudfront.net/images/dishes/84b95cac-c395-4493-b16a-49bed70cbe9e.jpg","notFood":false,"drinks":false},{"name":"פילה ואנטריקוט בבאגט","description":"","price":99,"vegan":false,"vegetarian":false,"image":"https://d25t2285lxl5rf.cloudfront.net/images/dishes/1ae66a22-2de9-4c54-a5dd-d137ccc04e9a.jpg","notFood":false,"drinks":false},{"name":"שיפוד פילה בלאפה","description":"","price":69,"vegan":true,"vegetarian":true,"image":"","notFood":false,"drinks":false},{"name":"שיפוד פילה בבאגט","description":"","price":69,"vegan":true,"vegetarian":true,"image":"","notFood":false,"drinks":false},{"name":"בוואריה","description":"","price":12,"vegan":true,"vegetarian":true,"image":"https://d25t2285lxl5rf.cloudfront.net/images/dishes/7c9dcec0-8180-468e-9d5a-73338a34d0d2.jpg","notFood":false,"drinks":false},{"name":"מלבי","description":"","price":12,"vegan":true,"vegetarian":true,"image":"https://d25t2285lxl5rf.cloudfront.net/images/dishes/20e97645-0983-4b22-b7b2-b9043b8f98f2.jpg","notFood":false,"drinks":false},{"name":"מים מינרלים","description":"","price":9,"vegan":true,"vegetarian":true,"image":"","notFood":false,"drinks":false},{"name":"סודה","description":"","price":9,"vegan":true,"vegetarian":true,"image":"","notFood":false,"drinks":true},{"name":"פחית קוקה קולה","description":"","price":10,"vegan":true,"vegetarian":true,"image":"","notFood":false,"drinks":true},{"name":"פחית קולה זירו","description":"","price":10,"vegan":true,"vegetarian":true,"image":"","notFood":false,"drinks":true},{"name":"פחית ספרייט","description":"","price":10,"vegan":true,"vegetarian":true,"image":"","notFood":false,"drinks":true},{"name":"פחית ספרייט זירו","description":"","price":10,"vegan":true,"vegetarian":true,"image":"","notFood":false,"drinks":true},{"name":"פחית פאנטה אורנג'","description":"","price":10,"vegan":true,"vegetarian":true,"image":"","notFood":false,"drinks":false},{"name":"פריגת ענבים","description":"","price":12,"vegan":true,"vegetarian":true,"image":"","notFood":false,"drinks":true},{"name":"פריגת אשכוליות","description":"","price":12,"vegan":true,"vegetarian":true,"image":"","notFood":false,"drinks":false},{"name":"פריגת תפוזים","description":"","price":12,"vegan":true,"vegetarian":true,"image":"","notFood":false,"drinks":false},{"name":"בקבוק קוקה קולה","description":"","price":12,"vegan":true,"vegetarian":true,"image":"","notFood":false,"drinks":true},{"name":"בקבוק קולה זירו","description":"","price":12,"vegan":true,"vegetarian":true,"image":"","notFood":false,"drinks":true},{"name":"נסטי אפרסק","description":"","price":12,"vegan":true,"vegetarian":true,"image":"","notFood":false,"drinks":true},{"name":"בירה שחורה","description":"","price":12,"vegan":true,"vegetarian":true,"image":"","notFood":false,"drinks":true},{"name":"קוקה קולה 1.5 ליטר","description":"","price":16,"vegan":true,"vegetarian":true,"image":"","notFood":false,"drinks":true}]}