{"track_id":"2044","filters":["salads","pasta","meatGrill"],"image":"https://tenbis-static.azureedge.net/restaurant-card-image/ResCard_2044_20200721144023.jpg","address":"דרך השלום, 53 גבעתיים","location":[34.8031736,32.0673474],"name":"טאטי","city":"גבעתיים","priceAverage":52.63157894736842,"menu":[{"name":"שניצל","description":"מוגש עם סלט ירוק","price":74,"vegan":false,"vegetarian":false,"image":"https://d25t2285lxl5rf.cloudfront.net/images/dishes/42f36fae-2e50-447c-a945-392aaf66a0e3.jpg","notFood":false,"drinks":false},{"name":"סלט קיסר","description":"חסות, קרוטונים, עגבניות שרי, פרמזן, עוף, רוטב קיסר","price":61,"vegan":false,"vegetarian":false,"image":"https://d25t2285lxl5rf.cloudfront.net/images/dishes/7f7054bf-34eb-431c-a4ed-d0f4636eb98c.jpg","notFood":false,"drinks":false},{"name":"סלט שורשים","description":"-פפאיה,גזר,סלק,קולרבי וינגרט סקיפי בוטנים. לבחירה טופו/עוף.","price":56,"vegan":false,"vegetarian":false,"image":"https://d25t2285lxl5rf.cloudfront.net/images/dishes/ee79d4eb-df15-49bc-ad2b-1b23fc2c775b.jpg","notFood":false,"drinks":false},{"name":"חזה עוף בקרמל תפוז","description":"שערות פרסה וחציל קלוי","price":76,"vegan":false,"vegetarian":false,"image":"https://d25t2285lxl5rf.cloudfront.net/images/dishes/9a68c2c9-f3b2-4268-be61-13a09706da65.jpg","notFood":false,"drinks":false},{"name":"פפרדלה רוזה","description":"רוטב עגבניות,בזיליקום ונגיעת שמנת","price":59,"vegan":false,"vegetarian":true,"image":"https://d25t2285lxl5rf.cloudfront.net/images/dishes/4356f47d-9c4d-452f-8e1f-bf55c5a3b44a.jpg","notFood":false,"drinks":false},{"name":"כרובית בטחינה פלפלים ואיולי לימון כבוש","description":" בטחינה פלפלים,שקדים ועשבי תיבול ","price":49,"vegan":true,"vegetarian":true,"image":"https://d25t2285lxl5rf.cloudfront.net/images/dishes/957e561d-3c5c-4f72-8cb6-c69b694e714c.jpg","notFood":false,"drinks":false},{"name":"לביבות","description":"פרסה,ריקוטה וחלומי","price":58,"vegan":false,"vegetarian":true,"image":"https://d25t2285lxl5rf.cloudfront.net/images/dishes/ff09f51a-495f-4e37-b448-dca7b7a8298f.jpg","notFood":false,"drinks":false},{"name":"פטה כבד עוף","description":" עם ריבת הבית מוגש עם לחם בריוש","price":58,"vegan":false,"vegetarian":false,"image":"https://d25t2285lxl5rf.cloudfront.net/images/dishes/945d69e1-b9f1-4f75-851f-0e201f33e214.jpg","notFood":false,"drinks":false},{"name":"פוקצ'ה מטבלים","description":"מוגש עם סלסת עגבניות ציזיקי נענע וקרם חציל","price":38,"vegan":true,"vegetarian":true,"image":"https://d25t2285lxl5rf.cloudfront.net/images/dishes/045d97dc-e957-440c-985b-17955bc4b8d0.jpg","notFood":false,"drinks":false},{"name":"מרק היום","description":"משתנה מיום ליום","price":38,"vegan":true,"vegetarian":true,"image":"https://d25t2285lxl5rf.cloudfront.net/images/dishes/fa36a1d9-20c3-449d-a89f-3575dd60f32d.jpg","notFood":false,"drinks":false},{"name":"בוראטה","description":"מוצרלה באפללו במילוי שמנת,שמן אורגנו,עגבניות שרי צבעוניות,בלבה עגבניות, בזיליקום, בלסמי מצומצם ופלפל חריף","price":64,"vegan":false,"vegetarian":true,"image":"","notFood":false,"drinks":false},{"name":"סלסלת לחם שאור","description":"לחמים מלחם שאור בליווי שמן זית בלסמי וחמאה","price":18,"vegan":true,"vegetarian":true,"image":"","notFood":false,"drinks":false},{"name":"צלחת חריפים","description":"טחינה, קונפי שום, סחוג, פלפל חריף ושמן זית","price":26,"vegan":true,"vegetarian":true,"image":"","notFood":false,"drinks":false},{"name":"סלט שורשים","description":"-פפאיה,גזר,סלק,קולרבי וינגרט סקיפי בוטנים. לבחירה טופו/עוף.","price":56,"vegan":false,"vegetarian":false,"image":"https://d25t2285lxl5rf.cloudfront.net/images/dishes/ee79d4eb-df15-49bc-ad2b-1b23fc2c775b.jpg","notFood":false,"drinks":false},{"name":"סלט קיסר","description":"חסות, קרוטונים, עגבניות שרי, פרמזן, עוף, רוטב קיסר","price":61,"vegan":false,"vegetarian":false,"image":"https://d25t2285lxl5rf.cloudfront.net/images/dishes/7f7054bf-34eb-431c-a4ed-d0f4636eb98c.jpg","notFood":false,"drinks":false},{"name":"סלט פטוש","description":"חסות, עגבניות, מלפפונים, עגבניות שרי,צנונית, בצל ירוק, בצל סגול, אורגנו טרי, עשבי תיבול, קרעי לחמניה, סומק.","price":59,"vegan":true,"vegetarian":true,"image":"https://d25t2285lxl5rf.cloudfront.net/images/dishes/60cc09f8-73cf-4f76-9169-d33c9659a3d6.jpg","notFood":false,"drinks":false},{"name":"סלט אייסברג בושה","description":"חסות קיסר ואלון, אגוזי פקאן ומלך מסוכרים, צנונית, בצל סגול וגבינת בושה מקורמלת ברוטב וינגרט מתקתק","price":68,"vegan":false,"vegetarian":true,"image":"","notFood":false,"drinks":false},{"name":"פפרדלה ראגו","description":"סגט בולונז","price":73,"vegan":true,"vegetarian":true,"image":"https://d25t2285lxl5rf.cloudfront.net/images/dishes/d8c55697-26d9-4266-b7e8-cffad8d393c6.jpg","notFood":false,"drinks":false},{"name":"פפרדלה רוזה","description":"רוטב עגבניות,בזיליקום ונגיעת שמנת","price":59,"vegan":false,"vegetarian":true,"image":"https://d25t2285lxl5rf.cloudfront.net/images/dishes/4356f47d-9c4d-452f-8e1f-bf55c5a3b44a.jpg","notFood":false,"drinks":false},{"name":"ניוקי פורצ'יני","description":"מיקס פטריות,אספרגוס,חמאה,מרווה ופרמז'ן","price":78,"vegan":false,"vegetarian":true,"image":"https://d25t2285lxl5rf.cloudfront.net/images/dishes/203a9b48-6bbb-42e3-a81e-51fb6a492868.jpg","notFood":false,"drinks":false},{"name":"ריגטוני בטטה","description":"שלושה סוגי בצלים, בטטה אפויה ואספרגוס ברוטב שמנת עשיר. ","price":66,"vegan":false,"vegetarian":true,"image":"https://d25t2285lxl5rf.cloudfront.net/images/dishes/892238f8-8bed-4f3e-809a-6b8aa00c8a41.jpg","notFood":false,"drinks":false},{"name":"ניוקי בזוקה","description":"ניוקי ממולא בגבינת עזים ברוטב שמנת,גורגוונזלה וסלק","price":68,"vegan":false,"vegetarian":true,"image":"https://d25t2285lxl5rf.cloudfront.net/images/dishes/1899109.jpg","notFood":false,"drinks":false},{"name":"פיצה מרגריטה","description":"בצק דק,רוטב עגבניות,גבינת מוצרלה ובזיליקום","price":59,"vegan":false,"vegetarian":true,"image":"https://d25t2285lxl5rf.cloudfront.net/images/dishes/e4f8387a-a2a5-4029-85c8-e70a482297a9.jpg","notFood":false,"drinks":false},{"name":"פיצה פולנטה","description":"-בצק דק,פולנטה,תירס,כמהין,עגבניות שרי ,פטריות ועלי אורוגולה","price":63,"vegan":false,"vegetarian":true,"image":"https://d25t2285lxl5rf.cloudfront.net/images/dishes/0a8a1796-feda-4942-a221-b7c6f7b3b0c4.jpg","notFood":false,"drinks":false},{"name":"פיצה פפרוני","description":"בצק דק,רוטב עגבניות,גבינת מוצרלה,פפרוני,זיתי קלמטה ופלפל חריף","price":68,"vegan":false,"vegetarian":true,"image":"","notFood":false,"drinks":false},{"name":"שניצל","description":"מוגש עם סלט ירוק","price":74,"vegan":false,"vegetarian":false,"image":"https://d25t2285lxl5rf.cloudfront.net/images/dishes/42f36fae-2e50-447c-a945-392aaf66a0e3.jpg","notFood":false,"drinks":false},{"name":"המבורגר טאטי 220 גרם","description":", 100 % בשר בקר טרי טחון במקום מוגש עם חסה עגבנייה ובצל סגול לצד קטשופ ומיונז","price":72,"vegan":false,"vegetarian":false,"image":"https://d25t2285lxl5rf.cloudfront.net/images/dishes/8d4ea774-ce47-4d2f-a867-71bf609a7b55.jpg","notFood":false,"drinks":false},{"name":"אסקלופ פרגית","description":"ברוטב סויה תפוז בוטנים ועירית","price":78,"vegan":false,"vegetarian":false,"image":"https://d25t2285lxl5rf.cloudfront.net/images/dishes/6cb210f0-d74c-4d05-ae15-4196ee897425.jpg","notFood":false,"drinks":false},{"name":"חזה עוף בקרמל תפוז","description":"שערות פרסה וחציל קלוי","price":76,"vegan":false,"vegetarian":false,"image":"https://d25t2285lxl5rf.cloudfront.net/images/dishes/9a68c2c9-f3b2-4268-be61-13a09706da65.jpg","notFood":false,"drinks":false},{"name":"כבד עוף","description":"ברוטב יין אדום ובצל שאלוט","price":78,"vegan":false,"vegetarian":false,"image":"https://d25t2285lxl5rf.cloudfront.net/images/dishes/90e6f76c-3552-4ea6-b46c-e626b63be712.jpg","notFood":false,"drinks":false},{"name":"כריך אנטריקוט 200 גרם","description":"אנטריקוט פרוס דק מוגש עם סלט קולסלאו ואיולי מיונז","price":76,"vegan":false,"vegetarian":false,"image":"https://d25t2285lxl5rf.cloudfront.net/images/dishes/1c709dfa-1c91-41c1-b8ad-f30955bf2baf.jpg","notFood":false,"drinks":false},{"name":"קבב עגל","description":"מוגש על זעלוק של פלפלים וחצילים, בליווי טחינה בצד + תוספת לבחירה","price":72,"vegan":false,"vegetarian":false,"image":"https://d25t2285lxl5rf.cloudfront.net/images/dishes/bdab6062-4801-4cce-a707-be8cdee9f3ed.jpg","notFood":false,"drinks":false},{"name":"המבורגר סינטה","description":"שני קציצות של 90 גרם מבשר סינטה מונחות על חלות בריוש, פטריות פורטבלו ורוטב הולנדז","price":88,"vegan":false,"vegetarian":false,"image":"","notFood":false,"drinks":false},{"name":"תבשיל קארי צהוב טופו","description":"חלב קוקוס קארי, פטריות, אפונה, עגבניות שרי, קשיו,כוסברה, מוגש לצד אורז לבן","price":68,"vegan":true,"vegetarian":true,"image":"","notFood":false,"drinks":false},{"name":"תבשיל קארי צהוב עוף","description":"חלב קוקוס קארי, פטריות, אפונה, עגבניות שרי, קשיו,כוסברה, מוגש לצד אורז לבן","price":68,"vegan":false,"vegetarian":false,"image":"","notFood":false,"drinks":false},{"name":"תבשיל קארי צהוב פירות ים","description":"חלב קוקוס קארי, פטריות, אפונה, עגבניות שרי, קשיו,כוסברה, מוגש לצד אורז לבן","price":86,"vegan":false,"vegetarian":false,"image":"","notFood":false,"drinks":false},{"name":"סלט ירוק","description":"","price":16,"vegan":true,"vegetarian":true,"image":"https://d25t2285lxl5rf.cloudfront.net/images/dishes/6d278ad0-901c-44f8-893d-8f9e2e46ad91.jpeg","notFood":false,"drinks":false},{"name":"צ'יפס","description":"","price":18,"vegan":true,"vegetarian":true,"image":"https://d25t2285lxl5rf.cloudfront.net/images/dishes/b1909c17-2952-4fb1-a6c0-aab3a49bb95d.jpeg","notFood":false,"drinks":false},{"name":"אורז לבן","description":"","price":16,"vegan":true,"vegetarian":true,"image":"https://d25t2285lxl5rf.cloudfront.net/images/dishes/1e57e9d5-2454-4b96-8f64-1bd789255890.jpeg","notFood":false,"drinks":false},{"name":"אורז טריאקי","description":"","price":16,"vegan":true,"vegetarian":true,"image":"https://d25t2285lxl5rf.cloudfront.net/images/dishes/755aaf24-9890-40f4-bd21-14dff78ce95d.jpeg","notFood":false,"drinks":false},{"name":"ירקות מאודים","description":"","price":18,"vegan":true,"vegetarian":true,"image":"https://d25t2285lxl5rf.cloudfront.net/images/dishes/625fe2fa-7448-4d4e-82fd-1d8dacaaa1fe.jpeg","notFood":false,"drinks":false},{"name":"תפו\"א אפוי","description":"","price":18,"vegan":true,"vegetarian":true,"image":"https://d25t2285lxl5rf.cloudfront.net/images/dishes/da569210-5bc5-45b2-b3db-007d426a494e.jpeg","notFood":false,"drinks":false},{"name":"עוגת גבינה אפויה","description":"","price":45,"vegan":false,"vegetarian":true,"image":"https://d25t2285lxl5rf.cloudfront.net/images/dishes/e398e987-ccf4-4b5c-bfc6-6037a00cb284.jpg","notFood":false,"drinks":false},{"name":"פבלובה","description":"-מרנג במילוי מסקרפונה,פרי העונה,רוטב פסיפלטרה ותות.","price":48,"vegan":true,"vegetarian":true,"image":"https://d25t2285lxl5rf.cloudfront.net/images/dishes/0db314b0-d07b-4fd2-9965-d0be2d34d775.jpg","notFood":false,"drinks":false},{"name":"ברד פודינג","description":"בריוש אפוי עם קרם וניל תפוחים מקורמלים וקרם מסקרפונה ","price":46,"vegan":true,"vegetarian":true,"image":"https://d25t2285lxl5rf.cloudfront.net/images/dishes/e98af6a0-f165-4152-865f-b30adcab8507.jpg","notFood":false,"drinks":false},{"name":"נמסיס שוקלד","description":"מוגש עם קרם מסקרפונה ורוטב טופי","price":44,"vegan":true,"vegetarian":true,"image":"","notFood":false,"drinks":false},{"name":"קוקה קולה","description":"","price":14,"vegan":true,"vegetarian":true,"image":"","notFood":false,"drinks":true},{"name":"דיאט קולה","description":"","price":14,"vegan":true,"vegetarian":true,"image":"","notFood":false,"drinks":true},{"name":"קולה זירו","description":"","price":14,"vegan":true,"vegetarian":true,"image":"","notFood":false,"drinks":true},{"name":"ספרייט זירו","description":"","price":14,"vegan":true,"vegetarian":true,"image":"","notFood":false,"drinks":true},{"name":"סודה","description":"","price":13,"vegan":true,"vegetarian":true,"image":"","notFood":false,"drinks":true},{"name":"מים מינרליים","description":"","price":14,"vegan":true,"vegetarian":true,"image":"","notFood":false,"drinks":true},{"name":"פרללה 330 מ\"ל","description":"","price":14,"vegan":true,"vegetarian":true,"image":"","notFood":false,"drinks":false},{"name":"יין פלאם קלאסיקו","description":"","price":98,"vegan":true,"vegetarian":true,"image":"https://d25t2285lxl5rf.cloudfront.net/images/dishes/e3eb98f5-958b-4193-a864-e6c6aff3ccbd.png","notFood":false,"drinks":false},{"name":"מאד האוס סובניון בלאן","description":"","price":128,"vegan":true,"vegetarian":true,"image":"https://d25t2285lxl5rf.cloudfront.net/images/dishes/80c60140-426e-418a-8d1a-d855471a7fe9.jpg","notFood":false,"drinks":true},{"name":"שרדונה פמיל בוגרייה","description":"","price":78,"vegan":true,"vegetarian":true,"image":"","notFood":false,"drinks":true},{"name":"טובורג","description":"","price":25,"vegan":true,"vegetarian":true,"image":"","notFood":false,"drinks":false}]}