{"track_id":"2045","filters":["patisserie","bakery","coffeeHouse"],"image":"https://tenbis-static.azureedge.net/restaurant-card-image/ResCard_2045_20211214104304.jpg","address":"דרך השלום, 53 גבעתיים","location":[34.8031736,32.0673474],"name":"טאטי בייקרי","city":"גבעתיים","priceAverage":45.483333333333334,"menu":[{"name":"שמרים סינבון אישי","description":"מאפה קינמון עם קרם וניל ","price":19,"vegan":true,"vegetarian":true,"image":"https://d25t2285lxl5rf.cloudfront.net/images/dishes/3d827567-1664-40fe-a91e-66214a43d210.jpg","notFood":false,"drinks":false},{"name":"שמרים שוקולד","description":"שוקולד נוטלה.לשים לב מכיל אגוזים!!!","price":48,"vegan":false,"vegetarian":false,"image":"https://d25t2285lxl5rf.cloudfront.net/images/dishes/c60c8393-37ce-44f2-bd4f-98d8f80293fa.jpg","notFood":false,"drinks":false},{"name":"שיפון אגוזים","description":"70% שיפון 30% לבן","price":26,"vegan":true,"vegetarian":true,"image":"https://d25t2285lxl5rf.cloudfront.net/images/dishes/95d200f9-a5a9-4a23-b8c5-4921ab37ce0b.jpg","notFood":false,"drinks":false},{"name":"לחם כוסמין","description":"100% כוסמין","price":27,"vegan":true,"vegetarian":true,"image":"https://d25t2285lxl5rf.cloudfront.net/images/dishes/8f94405c-1994-4a34-953f-43a892b9e2f8.jpg","notFood":false,"drinks":false},{"name":"עוגת ביסקווטים פס","description":"שכבות של פתי בר תבול בחלב וקרם גבינה המורכב מגבינת שמנת 30% וגבינה 9% וגנאש שוקולד מעל. יש להפשיר 30 דק' לפני הגשה.","price":76,"vegan":false,"vegetarian":true,"image":"https://d25t2285lxl5rf.cloudfront.net/images/dishes/a9b69b22-2d4a-425c-b9bb-8d01eecece23.jpg","notFood":false,"drinks":false},{"name":"לחם כוסמין","description":"100% כוסמין","price":27,"vegan":true,"vegetarian":true,"image":"https://d25t2285lxl5rf.cloudfront.net/images/dishes/8f94405c-1994-4a34-953f-43a892b9e2f8.jpg","notFood":false,"drinks":false},{"name":"לחם מופחת קלוריות","description":"100% קמח מלא","price":23,"vegan":true,"vegetarian":true,"image":"https://d25t2285lxl5rf.cloudfront.net/images/dishes/7b5a18d1-aa78-4f30-9fa9-1fe9410291ac.jpg","notFood":false,"drinks":false},{"name":"לחם דגנים","description":"30% חיטה מלאה 20% שיפון 50 % דגנים","price":23,"vegan":false,"vegetarian":false,"image":"https://d25t2285lxl5rf.cloudfront.net/images/dishes/290fd485-fdb2-43da-ad9e-0df7c140398a.jpg","notFood":false,"drinks":false},{"name":"לחם צימוקים ואגוזים","description":" 60% חיטה מלאה 40% שיפון","price":27,"vegan":true,"vegetarian":true,"image":"https://d25t2285lxl5rf.cloudfront.net/images/dishes/03e6828f-dfe0-4b8c-82ba-bf2c6e54ac22.jpg","notFood":false,"drinks":false},{"name":"לחם שיפון","description":"70% שיפון  40% לבן","price":25,"vegan":true,"vegetarian":true,"image":"https://d25t2285lxl5rf.cloudfront.net/images/dishes/d985caa3-aa0a-43fe-b381-82cb3d54d33b.jpg","notFood":false,"drinks":false},{"name":"שיפון אגוזים","description":"70% שיפון 30% לבן","price":26,"vegan":true,"vegetarian":true,"image":"https://d25t2285lxl5rf.cloudfront.net/images/dishes/95d200f9-a5a9-4a23-b8c5-4921ab37ce0b.jpg","notFood":false,"drinks":false},{"name":"לחם בריאות","description":" חיטה מלאה 20% שיפון 30% לבן","price":21,"vegan":true,"vegetarian":true,"image":"https://d25t2285lxl5rf.cloudfront.net/images/dishes/dcb1b60a-06d2-4dcf-aec8-4b30fe0eeeb3.jpg","notFood":false,"drinks":false},{"name":"סיד לוף","description":"לחם דרום אפריקאי ע\"ב שמרים (לא מחמצת) מאוד רך, לח ומתקתק, (50%קמח לבן ,50% קמח מלא), חלבי.  ","price":25,"vegan":false,"vegetarian":true,"image":"","notFood":false,"drinks":false},{"name":"בריוש ריקוטה","description":"מאפה צרפתי חמאתי, רך ואוורירי. לבריוש קרום כהה, מוזהב ומבריק מהברשת ביצים. \r\nבמילוי גבינת ריקוטה 4.5% שומן וצימוקים.","price":15,"vegan":false,"vegetarian":true,"image":"https://d25t2285lxl5rf.cloudfront.net/images/dishes/9ff3810e-7461-4d3d-bac2-80c5657af7fc.jpg","notFood":false,"drinks":false},{"name":"בריוש שוקולד","description":"מאפה צרפתי חמאתי, רך ואוורירי. לבריוש קרום כהה, מוזהב ומבריק מהברשת ביצים. \r\nבמילוי שוקולד בלגי עשיר","price":14,"vegan":false,"vegetarian":true,"image":"https://d25t2285lxl5rf.cloudfront.net/images/dishes/e94f5d9f-1a41-4c5a-8e92-03143dc1216f.jpg","notFood":false,"drinks":false},{"name":"קוראסון גבינה","description":"המאפה הצרפתי המפורסם אוורירי וחמאתי. הקרואסונים  עשויים עבודת יד של הקונדיטורים, יתכן כי גודלם יהיה שונה במקצת.\r\nגבינת ריקוטה 4.5% שומן","price":15,"vegan":false,"vegetarian":true,"image":"https://d25t2285lxl5rf.cloudfront.net/images/dishes/cee7e3f7-f8d5-4039-b70d-2cfeec7ffab4.jpg","notFood":false,"drinks":false},{"name":"קוראסון שוקולד","description":"המאפה הצרפתי המפורסם אוורירי וחמאתי. הקרואסונים  עשויים עבודת יד של הקונדיטורים, יתכן כי גודלם יהיה שונה במקצת.\r\nעם 2-3 אצבעות שוקולד בפנים","price":15,"vegan":false,"vegetarian":true,"image":"https://d25t2285lxl5rf.cloudfront.net/images/dishes/3bd923e0-eedf-489a-99d1-3c04ebb7d42a.jpg","notFood":false,"drinks":false},{"name":"קוראסון שקדים","description":" המאפה הצרפתי המפורסם אוורירי וחמאתי. הקרואסונים  עשויים עבודת יד של הקונדיטורים, יתכן כי גודלם יהיה שונה במקצת.\r\nקרואסון חמאה ממולא קרם שקדים ומצופה בקרם ופרוסות שקדים","price":17,"vegan":false,"vegetarian":false,"image":"https://d25t2285lxl5rf.cloudfront.net/images/dishes/568c4a1b-9fe1-41f6-918f-4b90fb16598b.jpg","notFood":false,"drinks":false},{"name":"שמרים סינבון אישי","description":"מאפה קינמון עם קרם וניל ","price":19,"vegan":true,"vegetarian":true,"image":"https://d25t2285lxl5rf.cloudfront.net/images/dishes/3d827567-1664-40fe-a91e-66214a43d210.jpg","notFood":false,"drinks":false},{"name":"שמרים שוקולד אישי","description":"","price":19,"vegan":false,"vegetarian":true,"image":"https://d25t2285lxl5rf.cloudfront.net/images/dishes/d69f2ebf-0c41-4afc-92e9-8585a9ab7481.jpg","notFood":false,"drinks":false},{"name":"שמרים ריקוטה אישי","description":"","price":19,"vegan":false,"vegetarian":true,"image":"https://d25t2285lxl5rf.cloudfront.net/images/dishes/774c4bc6-bb1f-44f8-a1d5-cc09086ed066.jpg","notFood":false,"drinks":false},{"name":"דניש קינמון","description":"המאפה הצרפתי המפורסם אוורירי וחמאתי. הקרואסונים  עשויים עבודת יד של הקונדיטורים, יתכן כי גודלם יהיה שונה במקצת.\r\nבצק עלים עם קינמון עם אגוזים קצוצים","price":15,"vegan":false,"vegetarian":true,"image":"","notFood":false,"drinks":false},{"name":"פנפורטה","description":"עוגיות בשילוב אגוזים ופירות יבשים-פרווה-אבל נעשה בסביבה לא סטרילית לכן יש לציין ללקוח אם זה בגלל אלרגיה למוצרי חלב.","price":46,"vegan":false,"vegetarian":true,"image":"https://d25t2285lxl5rf.cloudfront.net/images/dishes/2447d3a4-8dda-4d49-966d-cf419ba41f98.jpg","notFood":false,"drinks":false},{"name":"ריבועי שוקולד קוקוס","description":"","price":44,"vegan":false,"vegetarian":true,"image":"https://d25t2285lxl5rf.cloudfront.net/images/dishes/db42abf7-2005-4ae9-bdd1-4234feaaaef4.jpg","notFood":false,"drinks":false},{"name":"ריבועי שוקולד סוכריות","description":"","price":44,"vegan":false,"vegetarian":true,"image":"https://d25t2285lxl5rf.cloudfront.net/images/dishes/813a2c47-4807-45f2-a64a-ccefeb9dfec6.jpg","notFood":false,"drinks":false},{"name":"אלפחורס","description":"עוגיית קורנפלור במילוי ריבת חלב","price":44,"vegan":false,"vegetarian":true,"image":"https://d25t2285lxl5rf.cloudfront.net/images/dishes/9378d67d-1ae4-4994-9fc3-c46cd3ad4f07.jpg","notFood":false,"drinks":false},{"name":"שוקוצ'יפס ללא סוכר","description":"חלביות, עוגיות שוקוציפס ע\"ב שוקולד ללא סוכר ואגוזים. ","price":44,"vegan":false,"vegetarian":true,"image":"https://d25t2285lxl5rf.cloudfront.net/images/dishes/e75f6fa4-7255-4421-a6a3-46b9b171defd.jpg","notFood":false,"drinks":false},{"name":"צ'אנק שוקולד","description":"עוגיות על בסיס חמאה ושוקולד מריר עם שברי שוקולד ואגוזים. ","price":44,"vegan":false,"vegetarian":true,"image":"https://d25t2285lxl5rf.cloudfront.net/images/dishes/37eff654-5324-488e-8532-adc0fbf4ca1f.jpg","notFood":false,"drinks":false},{"name":"מעמול תמרים","description":"שבלול תמרים על בסיס בצק פריח נימוח","price":44,"vegan":true,"vegetarian":true,"image":"https://d25t2285lxl5rf.cloudfront.net/images/dishes/d004e7dc-d27b-4a3d-bcf2-eb89142db713.jpg","notFood":false,"drinks":false},{"name":"עוגיות ריבה","description":"עוגיות לב חמאה במילוי קונפיטרת תות ","price":44,"vegan":true,"vegetarian":true,"image":"https://d25t2285lxl5rf.cloudfront.net/images/dishes/3300ab10-3d0f-4dd1-ae4f-37f6f3ce6634.jpg","notFood":false,"drinks":false},{"name":"מקרונים (בליסטר)","description":" ללא תוספת קמח במתכון.,10 יחידות-שוקולד, וניל, פטל, פיסטוק, ליים, יסמין, מנגו, קרמל מלוח, לוז, תפוז קמפרי, קוקוס ורוד","price":56,"vegan":false,"vegetarian":true,"image":"","notFood":false,"drinks":false},{"name":"קראנציות שוקולד בננה טבעוני","description":"","price":44,"vegan":false,"vegetarian":true,"image":"","notFood":false,"drinks":false},{"name":"קראנציות ללא תוספת סוכר וקמח","description":"","price":44,"vegan":true,"vegetarian":true,"image":"","notFood":false,"drinks":false},{"name":"נגיעות שקדים ללא תוספת סוכר וקמח","description":"","price":44,"vegan":true,"vegetarian":true,"image":"","notFood":false,"drinks":false},{"name":"חמאת בוטנים שוקולד צ'יפס טבעוני","description":"","price":44,"vegan":false,"vegetarian":true,"image":"","notFood":false,"drinks":false},{"name":"קוביות שקדים ללא תוספת סוכר","description":"","price":44,"vegan":true,"vegetarian":true,"image":"","notFood":false,"drinks":false},{"name":"גרנולה ללא תוספת סוכר","description":"","price":44,"vegan":true,"vegetarian":true,"image":"","notFood":false,"drinks":false},{"name":"כדורי שוקולד טבעוניים בציפוי שקדים","description":"","price":44,"vegan":false,"vegetarian":true,"image":"","notFood":false,"drinks":false},{"name":"רול תמרים טבעוניים ללא תוספת סוכר וקמח","description":"","price":44,"vegan":true,"vegetarian":true,"image":"","notFood":false,"drinks":false},{"name":"קראנץ קינמון","description":"עם אגוזים טחונים","price":48,"vegan":true,"vegetarian":true,"image":"https://d25t2285lxl5rf.cloudfront.net/images/dishes/fb5b1494-b4ba-4b02-881a-3af8016282d9.jpg","notFood":false,"drinks":false},{"name":"שמרים שוקולד","description":"שוקולד נוטלה.לשים לב מכיל אגוזים!!!","price":48,"vegan":false,"vegetarian":false,"image":"https://d25t2285lxl5rf.cloudfront.net/images/dishes/c60c8393-37ce-44f2-bd4f-98d8f80293fa.jpg","notFood":false,"drinks":false},{"name":"שמרים חלבה","description":"נגיעות של פיסטוק","price":48,"vegan":false,"vegetarian":true,"image":"https://d25t2285lxl5rf.cloudfront.net/images/dishes/4397bfcb-71a0-4127-ad3a-c242e678aae0.jpg","notFood":false,"drinks":false},{"name":"ריקוטה עגולה","description":"גבינת ריקוטה וצימוקים","price":58,"vegan":false,"vegetarian":true,"image":"https://d25t2285lxl5rf.cloudfront.net/images/dishes/baf9bc8c-5d18-4784-b8e3-9a923eb0ccc6.jpg","notFood":false,"drinks":false},{"name":"גזר","description":"עם אגוזי מלך קצוצים ,צימוקים וגזר טרי.-לשמור בקירור","price":45,"vegan":true,"vegetarian":true,"image":"https://d25t2285lxl5rf.cloudfront.net/images/dishes/fd5ee8ae-4e66-4023-b0ea-bbc5dd8948c4.jpg","notFood":false,"drinks":false},{"name":"חלבה שוקולד","description":"עוגת שוקולד במילוי חלבה וציפוי חלבה","price":48,"vegan":false,"vegetarian":true,"image":"https://d25t2285lxl5rf.cloudfront.net/images/dishes/fab7c4a3-6318-4e5a-a735-345e3f7779a5.jpg","notFood":false,"drinks":false},{"name":"שקדים תפוז","description":"דומה לעוגת טורט, עדינה ומתאימה לילדים. לשמור בקירור","price":45,"vegan":true,"vegetarian":true,"image":"https://d25t2285lxl5rf.cloudfront.net/images/dishes/f3eabe25-325e-48c0-b02b-1ae4d7c52acd.jpg","notFood":false,"drinks":false},{"name":"עוגת ביסקווטים","description":"שכבות של פתי בר תבול בחלב וקרם גבינה המורכב מגבינת שמנת 30% וגבינה 9% וגנאש שוקולד מעל","price":129,"vegan":false,"vegetarian":true,"image":"https://d25t2285lxl5rf.cloudfront.net/images/dishes/bf3de2d6-bcf9-4bbb-971f-335158ad23ca.jpg","notFood":false,"drinks":false},{"name":"עוגת ביסקווטים פס","description":"שכבות של פתי בר תבול בחלב וקרם גבינה המורכב מגבינת שמנת 30% וגבינה 9% וגנאש שוקולד מעל. יש להפשיר 30 דק' לפני הגשה.","price":76,"vegan":false,"vegetarian":true,"image":"https://d25t2285lxl5rf.cloudfront.net/images/dishes/a9b69b22-2d4a-425c-b9bb-8d01eecece23.jpg","notFood":false,"drinks":false},{"name":"טירמיסו","description":"בישקוטים תבולים בקפה וברנדי ","price":144,"vegan":true,"vegetarian":true,"image":"https://d25t2285lxl5rf.cloudfront.net/images/dishes/0741518a-e43f-4d86-acc4-0e3887245034.jpg","notFood":false,"drinks":false},{"name":"קסטה","description":"תחתית של שטרויזל קקאו מעט מלוח ,מוס גבינה עם שנטילי שוקולד חלב וסגירה של שטרויזל קקאו מלוח מעל. יש להפשיר שעה לפני הגשה","price":132,"vegan":false,"vegetarian":true,"image":"https://d25t2285lxl5rf.cloudfront.net/images/dishes/9134455d-832c-417b-9851-f3e302207523.jpg","notFood":false,"drinks":false},{"name":"עוגת יום הולדת שוקולד","description":" שכבות ביסקוויט שוקולד גנאש, שוקולד מוקצף וסוכריות יומולדת, במילוי פניני קראנץ, שוקולד חלב מריר ולבן. יש להפשיר 3 שעות לפני הגשה.","price":272,"vegan":false,"vegetarian":true,"image":"https://d25t2285lxl5rf.cloudfront.net/images/dishes/98ae13d1-fc47-4c90-ad23-b1ddfff26bfd.jpg","notFood":false,"drinks":false},{"name":"גבינה ושמנת חמוצה","description":"מגיע בפס-תחתית של שטרוייזל ומעל עוגת גבינת אפויה וקרם שמנת חמוצה. ","price":69,"vegan":false,"vegetarian":true,"image":"","notFood":false,"drinks":false},{"name":"פריסבי הלנה - שוקולד קרמל","description":"קוטר 20-שוקולד מריר ורקמל במילוי קרם ברולה .ללא תוספת קמח במתכון. יש להפשיר שעה לפני הגשה.","price":132,"vegan":false,"vegetarian":true,"image":"","notFood":false,"drinks":false},{"name":"מוס גבינה וקרם לימון","description":"","price":42,"vegan":false,"vegetarian":true,"image":"https://d25t2285lxl5rf.cloudfront.net/images/dishes/ddaaccb5-e794-4ba4-ba3e-dc56aee21c1b.jpg","notFood":false,"drinks":false},{"name":"גבינה פירורים","description":"","price":42,"vegan":false,"vegetarian":true,"image":"https://d25t2285lxl5rf.cloudfront.net/images/dishes/84708fb8-6bb6-47bd-8638-f2c0edc30e0a.jpg","notFood":false,"drinks":false},{"name":"מים","description":"","price":9,"vegan":true,"vegetarian":true,"image":"","notFood":false,"drinks":false},{"name":"קולה","description":"","price":10,"vegan":true,"vegetarian":true,"image":"","notFood":false,"drinks":true},{"name":"קולה זירו","description":"","price":10,"vegan":true,"vegetarian":true,"image":"","notFood":false,"drinks":true},{"name":"ספרייט","description":"","price":10,"vegan":true,"vegetarian":true,"image":"","notFood":false,"drinks":true},{"name":"סודה","description":"","price":9,"vegan":true,"vegetarian":true,"image":"","notFood":false,"drinks":true}]}