{"track_id":"2055","filters":["salads","homeMade","meatGrill"],"image":"https://tenbis-static.azureedge.net/restaurant-default-card-image/CuzineType_defaultcuisine_05.jpg","address":"המלאכה, 45 נתניה","location":[34.8606355,32.284355],"name":"פלפל בשרי","city":"אזור נתניה","priceAverage":31.422535211267604,"menu":[{"name":"שניצל ענק","description":"שניצל וינאי קריספי, מוגש עם תוספת, סלט ירקות קצוץ דק עם לימון כבוש וטחינה בצד. ניתן להוסף שתיה במחיר מוזל","price":59,"vegan":false,"vegetarian":false,"notFood":false,"drinks":false},{"name":"רוסטביף חם","description":"רוסטביף מוקפץ עם בצל, מוגש עם תוספת, סלט ירקות קצוץ דק עם לימון כבוש וטחינה בצד. ניתן להוסף שתיה במחיר מוזל","price":59,"vegan":true,"vegetarian":true,"notFood":false,"drinks":false},{"name":"רצועות עוף בצ'ילי","description":"מוקפץ עם בצל, מוגש עם תוספת, סלט ירקות קצוץ דק עם לימון כבוש וטחינה בצד. ניתן להוסף שתיה במחיר מוזל","price":59,"vegan":false,"vegetarian":false,"notFood":false,"drinks":false},{"name":"מיקס סינטה ועוף","description":"רצועות סינטה ועוף מוקפצות בשמן זית על הגרילמוגש עם תוספת, סלט ירקות קצוץ דק עם לימון כבוש וטחינה בצד. ניתן להוסף שתיה במחיר מוזל","price":59,"vegan":false,"vegetarian":false,"notFood":false,"drinks":false},{"name":"סטייק חזה עוף","description":"סטייק חזה עוף בשמן זית על הגריל, מוגש עם תוספת, סלט ירקות קצוץ דק עם לימון כבוש וטחינה בצד. ניתן להוסף שתיה במחיר מוזל","price":59,"vegan":false,"vegetarian":false,"notFood":false,"drinks":false},{"name":"שניצל ענק","description":"שניצל וינאי קריספי, מוגש עם תוספת, סלט ירקות קצוץ דק עם לימון כבוש וטחינה בצד. ניתן להוסף שתיה במחיר מוזל","price":54,"vegan":false,"vegetarian":false,"image":"https://d25t2285lxl5rf.cloudfront.net/images/dishes/b74ab770-24ef-47cb-865e-c50e3ead2210.jpg","notFood":false,"drinks":false},{"name":"רוסטביף חם","description":"רוסטביף מוקפץ עם בצל, מוגש עם תוספת, סלט ירקות קצוץ דק עם לימון כבוש וטחינה בצד. ניתן להוסף שתיה במחיר מוזל","price":62,"vegan":true,"vegetarian":true,"image":"https://d25t2285lxl5rf.cloudfront.net/images/dishes/fe11781c-761f-48ee-90af-9452746711a4.jpg","notFood":false,"drinks":false},{"name":"רצועות עוף בצ'ילי","description":"מוקפץ עם בצל, מוגש עם תוספת, סלט ירקות קצוץ דק עם לימון כבוש וטחינה בצד. ניתן להוסף שתיה במחיר מוזל","price":54,"vegan":false,"vegetarian":false,"image":"https://d25t2285lxl5rf.cloudfront.net/images/dishes/4cd932f5-059e-4a4f-85d7-1e100796d9a4.jpg","notFood":false,"drinks":false},{"name":"מיקס סינטה ועוף","description":"רצועות סינטה ועוף מוקפצות בשמן זית על הגרילמוגש עם תוספת, סלט ירקות קצוץ דק עם לימון כבוש וטחינה בצד. ניתן להוסף שתיה במחיר מוזל","price":62,"vegan":false,"vegetarian":false,"image":"https://d25t2285lxl5rf.cloudfront.net/images/dishes/43052c73-edb1-471e-9033-40a72015aa2e.jpg","notFood":false,"drinks":false},{"name":"סטייק חזה עוף","description":"סטייק חזה עוף בשמן זית על הגריל, מוגש עם תוספת, סלט ירקות קצוץ דק עם לימון כבוש וטחינה בצד. ניתן להוסף שתיה במחיר מוזל","price":54,"vegan":false,"vegetarian":false,"image":"https://d25t2285lxl5rf.cloudfront.net/images/dishes/3cc554c8-530b-4ec9-ba11-be54b0a6aad8.jpg","notFood":false,"drinks":false},{"name":"עסקית כריך חם וסלט בהרכבה","price":49,"vegan":true,"vegetarian":true,"image":"https://d25t2285lxl5rf.cloudfront.net/images/dishes/5a1cad2e-9e9b-45fe-a5c8-298a5f1ba50d.jpg","notFood":false,"drinks":false},{"name":"עסקית כריך חם ושתייה","price":49,"vegan":true,"vegetarian":true,"image":"https://d25t2285lxl5rf.cloudfront.net/images/dishes/937ce871-c232-4503-8746-7b2eb0e47d42.jpg","notFood":false,"drinks":false},{"name":"עסקית כריך חם עם סלט קטן בהרכבה עצמית","price":45,"vegan":true,"vegetarian":true,"image":"https://d25t2285lxl5rf.cloudfront.net/images/dishes/8ef4a5ab-227e-4928-b105-21af5dabf832.jpg","notFood":false,"drinks":false},{"name":"עסקית סלט ענק להרכבה עצמית","description":"ליטר סלט, מוגש עם שתי תוספות ושתיה במחיר מוזל ","price":42,"vegan":true,"vegetarian":true,"image":"https://d25t2285lxl5rf.cloudfront.net/images/dishes/fe542682-62f1-4235-82f5-c69df8065c39.jpg","notFood":false,"drinks":false},{"name":"עסקית סלט טונה ענק","description":"ליטר. חסה, עגבניות, מלפפונים, תירס,  אפונה, תפו\"א, ביצה קשה, מלפפון חמוץ, לימון כבוש וסלט טונה עסיסי מוגש עם לחם דגנים ורוטב לבחירה. ניתן להוסיף שתיה במחיר מוזל","price":42,"vegan":false,"vegetarian":false,"image":"https://d25t2285lxl5rf.cloudfront.net/images/dishes/41a2ff4b-0446-4927-98fd-0d17088f197f.jpg","notFood":false,"drinks":false},{"name":"עסקית כריך קר עם סלט קטן להרכבה עצמית","price":45,"vegan":true,"vegetarian":true,"notFood":false,"drinks":false},{"name":"עסקית כריך קר","description":"מוגש עם שתיה","price":39,"vegan":true,"vegetarian":true,"notFood":false,"drinks":false},{"name":"עסקית סלט פסטה קר ענק","description":"פסטה פוזילי ב-3 צבעים, זיתים שחורים, בזיליקום, עגבניות שרי, פסטו, עגבניות מיובשות ושמן זית מוגש עם לחם דגנים ורוטב לבחירה. ניתן להוסיף שתיה במחיר מוזל","price":35,"vegan":false,"vegetarian":false,"notFood":false,"drinks":false},{"name":"מרק היום","description":"מרק משתנה ","price":20,"vegan":true,"vegetarian":true,"notFood":false,"drinks":false},{"name":"סלט גדול בהרכבה עצמית","description":"1 ליטר.הסלט מוגש עם מנת לחם דגנים ורוטב לבחירה","price":42,"vegan":false,"vegetarian":false,"image":"https://d25t2285lxl5rf.cloudfront.net/images/dishes/dd3a5e52-a96a-4f4f-ab05-6757e0a949af.jpg","notFood":false,"drinks":false},{"name":"סלט בינוני בהרכבה עצמית","description":"3/4 ליטר.הסלט מוגש עם מנת לחם דגנים ורוטב לבחירה","price":36,"vegan":false,"vegetarian":false,"notFood":false,"drinks":false},{"name":"סלט קטן בהרכבה עצמית","description":"חצי ליטר.הסלט מוגש עם מנת לחם דגנים ורוטב לבחירה","price":32,"vegan":false,"vegetarian":false,"notFood":false,"drinks":false},{"name":"סלט עוף חם גדול","description":"חסה, עגבניות, מלפפונים, תירס, גזר, עגבניות שרי, נבטים ורצועות חזה עוף מוקפצות עם צ'ילי ובצל מטוגן מוגש עם לחם דגנים ורוטב לבחירה ","price":49,"vegan":false,"vegetarian":false,"image":"https://d25t2285lxl5rf.cloudfront.net/images/dishes/a1d8381f-6576-459d-9da3-950bd28026f9.jpg","notFood":false,"drinks":false},{"name":"סלט רוסטביף חם גדול","description":"חסה, עגבניות, מלפפונים, גזר, תירס, עגבניות שרי, נבטים ומעל רצועות רוסטביף חם מוקפץ עם בצל. מוגש עם לחם דגנים ורוטב לבחירה ","price":52,"vegan":false,"vegetarian":false,"image":"https://d25t2285lxl5rf.cloudfront.net/images/dishes/83b7a148-e0ee-48b3-8f59-a597de14577a.jpg","notFood":false,"drinks":false},{"name":"סלט שניצל קריספי חם גדול","description":"חסה, עגבניות, מלפפונים, גזר, תירס, עגבניות שרי, נבטים ומעל רצועות שניצל קריספי חם מוגש עם לחם דגנים ורוטב לבחירה ","price":49,"vegan":false,"vegetarian":false,"image":"https://d25t2285lxl5rf.cloudfront.net/images/dishes/9f4884ce-515e-4df2-8316-7649673ca4c4.jpg","notFood":false,"drinks":false},{"name":"סלט עוף חם בינוני","description":"750 מל. חסה, עגבניות, מלפפונים, תירס, גזר, עגבניות שרי, נבטים ורצועות חזה עוף מוקפצות עם צ'ילי ובצל מטוגן מוגש עם לחם דגנים ורוטב לבחירה  ","price":46,"vegan":false,"vegetarian":false,"image":"https://d25t2285lxl5rf.cloudfront.net/images/dishes/19c278f1-37f1-4f3a-989b-37faaf730b07.jpg","notFood":false,"drinks":false},{"name":"סלט רוסטביף חם בינוני","description":"750 מל. חסה, עגבניות, מלפפונים, גזר, תירס, עגבניות שרי, נבטים ומעל רצועות רוסטביף חם מוקפץ עם בצל. מוגש עם לחם דגנים ורוטב לבחירה  ","price":49,"vegan":false,"vegetarian":false,"image":"https://d25t2285lxl5rf.cloudfront.net/images/dishes/b6701a27-19a3-4078-9ac5-3f43069a2430.jpg","notFood":false,"drinks":false},{"name":"סלט שניצל קריספי חם בינוני","description":"750 מל. חסה, עגבניות, מלפפונים, גזר, תירס, עגבניות שרי, נבטים ומעל רצועות שניצל קריספי חם מוגש עם לחם דגנים ורוטב לבחירה  ","price":46,"vegan":false,"vegetarian":false,"image":"https://d25t2285lxl5rf.cloudfront.net/images/dishes/2c9cee1d-adde-46cf-baf1-22de52adde20.jpg","notFood":false,"drinks":false},{"name":"סלט עוף חם קטן","description":"חסה, עגבניות, מלפפונים, תירס, גזר, עגבניות שרי, נבטים ורצועות חזה עוף מוקפצות עם צ'ילי ובצל מטוגן מוגש עם לחם דגנים ורוטב לבחירה","price":42,"vegan":false,"vegetarian":false,"image":"https://d25t2285lxl5rf.cloudfront.net/images/dishes/f9f39d1c-0f8f-4bef-9e88-809c673697c1.jpg","notFood":false,"drinks":false},{"name":"סלט רוסטביף חם קטן","description":"חסה, עגבניות, מלפפונים, גזר, תירס, עגבניות שרי, נבטים ומעל רצועות רוסטביף חם מוקפץ עם בצל. מוגש עם לחם דגנים ורוטב לבחירה ","price":43,"vegan":false,"vegetarian":false,"image":"https://d25t2285lxl5rf.cloudfront.net/images/dishes/e28e015a-965e-4e07-943c-d381f75a18a6.jpg","notFood":false,"drinks":false},{"name":"סלט שניצל קריספי חם קטן","description":"חסה, עגבניות, מלפפונים, גזר, תירס, עגבניות שרי, נבטים ומעל רצועות שניצל קריספי חם מוגש עם לחם דגנים ורוטב לבחירה ","price":42,"vegan":false,"vegetarian":false,"image":"https://d25t2285lxl5rf.cloudfront.net/images/dishes/1ce4b474-dd91-4161-ac00-2ec9c8b58618.jpg","notFood":false,"drinks":false},{"name":"כריך חזה עוף עם בצל מטוגן","description":"הכריך מוגש בתוספת מיונז חרדל חסה עגבניות וחמוצים ","price":35,"vegan":false,"vegetarian":false,"image":"https://d25t2285lxl5rf.cloudfront.net/images/dishes/9fe9a8a0-46ff-43f8-ab92-82e1e41c0a4d.jpg","notFood":false,"drinks":false},{"name":"כריך כתף בקר מעושן","description":"הכריך מוגש בתוספת מיונז חרדל חסה עגבניות וחמוצים ","price":35,"vegan":false,"vegetarian":false,"image":"https://d25t2285lxl5rf.cloudfront.net/images/dishes/7cf72fec-ea1c-484c-8b1f-28fb07f9d7be.jpg","notFood":false,"drinks":false},{"name":"כריך פסטרמה","description":"הכריך מוגש בתוספת מיונז חרדל חסה עגבניות וחמוצים ","price":35,"vegan":false,"vegetarian":true,"image":"https://d25t2285lxl5rf.cloudfront.net/images/dishes/be3fbb2d-330b-4359-9b03-bcf88d6dc2b1.jpg","notFood":false,"drinks":false},{"name":"כריך רוסטביף קר","description":"הכריך מוגש בתוספת מיונז חרדל חסה עגבניות בצל וחמוצים ","price":42,"vegan":false,"vegetarian":true,"image":"https://d25t2285lxl5rf.cloudfront.net/images/dishes/93f8605c-86ad-4a09-b015-7d8b762f2144.jpg","notFood":false,"drinks":false},{"name":"כריך רוסטביף חם","description":"הכריך מוגש בתוספת מיונז חרדל חסה עגבניות בצל וחמוצים ","price":42,"vegan":false,"vegetarian":true,"image":"https://d25t2285lxl5rf.cloudfront.net/images/dishes/9cd4eb0b-2be1-47e9-92e9-85f95fd40c3c.jpg","notFood":false,"drinks":false},{"name":"כריך שניצל חם","description":"הכריך מוגש בתוספת מיונז חרדל חסה עגבניות וחמוצים  ","price":39,"vegan":false,"vegetarian":false,"image":"https://d25t2285lxl5rf.cloudfront.net/images/dishes/89dee1a4-282a-40ea-b4f8-40e638646790.jpg","notFood":false,"drinks":false},{"name":"כריך חביתה","price":33,"vegan":false,"vegetarian":true,"notFood":false,"drinks":false},{"name":"כריך חביתת ירק","price":33,"vegan":true,"vegetarian":true,"notFood":false,"drinks":false},{"name":"כריך נקניק קוניאק","description":"הכריך מוגש בתוספת מיונז חרדל חסה עגבניות וחמוצים ","price":35,"vegan":false,"vegetarian":true,"notFood":false,"drinks":false},{"name":"כריך סלמי פיין","description":"הכריך מוגש בתוספת מיונז חרדל חסה עגבניות וחמוצים ","price":35,"vegan":false,"vegetarian":true,"notFood":false,"drinks":false},{"name":"כריך פסטרמה חזה הודו בדבש","description":"הכריך מוגש בתוספת מיונז חרדל חסה עגבניות וחמוצים ","price":35,"vegan":false,"vegetarian":false,"notFood":false,"drinks":false},{"name":"כריך פסטרמה רומנית","description":"הכריך מוגש בתוספת מיונז חרדל חסה עגבניות וחמוצים ","price":35,"vegan":false,"vegetarian":true,"notFood":false,"drinks":false},{"name":"אורז מוקפץ","price":22,"vegan":true,"vegetarian":true,"notFood":false,"drinks":false},{"name":"פחית קוקה-קולה","price":10,"vegan":true,"vegetarian":true,"notFood":false,"drinks":true},{"name":"פחית דיאט קוקה-קולה","price":10,"vegan":true,"vegetarian":true,"notFood":false,"drinks":true},{"name":"פחית קוקה קולה זירו","price":10,"vegan":true,"vegetarian":true,"notFood":false,"drinks":true},{"name":"פחית ספרייט","price":10,"vegan":true,"vegetarian":true,"notFood":false,"drinks":true},{"name":"פחית דיאט ספרייט","price":10,"vegan":true,"vegetarian":true,"notFood":false,"drinks":true},{"name":"פחית פאנטה תפוזים","price":10,"vegan":true,"vegetarian":true,"notFood":false,"drinks":false},{"name":"מים בטעם אפרסק 0.5 ליטר","price":10,"vegan":true,"vegetarian":true,"notFood":false,"drinks":false},{"name":"מים בטעם ענבים 0.5 ליטר","price":13,"vegan":true,"vegetarian":true,"notFood":false,"drinks":true},{"name":"מים בטעם תפוח 0.5 ליטר","price":10,"vegan":true,"vegetarian":true,"notFood":false,"drinks":false},{"name":"מים מינרלים","price":9,"vegan":true,"vegetarian":true,"notFood":false,"drinks":false},{"name":"נסטי אפרסק","price":10,"vegan":true,"vegetarian":true,"notFood":false,"drinks":true},{"name":"נסטי מנגו","price":10,"vegan":true,"vegetarian":true,"notFood":false,"drinks":true},{"name":"פחית נקטר תות בננה 330","price":10,"vegan":true,"vegetarian":true,"notFood":false,"drinks":false},{"name":"בקבוק מאלט","price":12,"vegan":true,"vegetarian":true,"notFood":false,"drinks":true},{"name":"בקבוק פריגת אשכוליות 330 מל","price":10,"vegan":true,"vegetarian":true,"notFood":false,"drinks":true},{"name":"בקבוק פריגת ענבים 330 מל","price":10,"vegan":true,"vegetarian":true,"notFood":false,"drinks":true},{"name":"בקבוק פריגת תפוזים 330 מל","price":10,"vegan":true,"vegetarian":true,"notFood":false,"drinks":true},{"name":"בקבוק פריגת דיאט אשכוליות 330","price":10,"vegan":true,"vegetarian":true,"notFood":false,"drinks":true},{"name":"פחית נקטר מנגו 330","price":10,"vegan":true,"vegetarian":true,"notFood":false,"drinks":false},{"name":"סודה","price":9,"vegan":true,"vegetarian":true,"notFood":false,"drinks":true},{"name":"תפוגזר","description":"0.5 ליטר","price":14,"vegan":true,"vegetarian":true,"notFood":false,"drinks":false},{"name":"לימונדה טבעית","description":"0.5 ליטר","price":14,"vegan":true,"vegetarian":true,"notFood":false,"drinks":false},{"name":"תפוזים טבעי","description":"0.5 ליטר","price":14,"vegan":true,"vegetarian":true,"notFood":false,"drinks":false},{"name":"תות בננה","description":"0.5 ליטר","price":14,"vegan":true,"vegetarian":true,"notFood":false,"drinks":false},{"name":"לימונענע","description":"0.5 ליטר","price":14,"vegan":true,"vegetarian":true,"notFood":false,"drinks":false},{"name":"גויאבה","description":"0.5 ליטר","price":13,"vegan":true,"vegetarian":true,"notFood":false,"drinks":false},{"name":"תמר בננה","description":"0.5 ליטר","price":14,"vegan":true,"vegetarian":true,"notFood":false,"drinks":false}]}