{"track_id":"20877","filters":["meatGrill","salads","sandwichesWraps"],"image":"https://tenbis-static.azureedge.net/restaurant-default-card-image/CuzineType_meatgrill_11.jpg","address":"שלמה אבן גבירול, 92 תל אביב-יפו","location":[34.7814631,32.0828769],"name":"הטורקיה והכבש","city":"תל אביב-יפו","priceAverage":42.19047619047619,"menu":[{"name":"חומוס כבש","description":"חומוס שווארמה כבש בליווי סלט עגבניות חריף, חמוצים, פיתה,טחינה  ופחית קולה","price":65,"vegan":false,"vegetarian":false,"image":"https://d25t2285lxl5rf.cloudfront.net/images/dishes/712823cf-d4e0-43b8-bee9-a9c9a49996ca.jpg","notFood":false,"drinks":true},{"name":"שווארמה פרגית","description":"מוגש עם חומוס, טחינה, חמוצי הבית, פיתה ושתי תוספות לבחירה","price":68,"vegan":false,"vegetarian":false,"image":"https://d25t2285lxl5rf.cloudfront.net/images/dishes/30d35875-5395-4b40-ae3d-5dd2d9d6a382.jpg","notFood":false,"drinks":false},{"name":"שווארמה כבש דונר","description":"מוגש עם חומוס, טחינה, חמוצי הבית, פיתה ושתי תוספות לבחירה","price":72,"vegan":false,"vegetarian":false,"image":"https://d25t2285lxl5rf.cloudfront.net/images/dishes/248ddf55-e247-403d-95a6-ce57e7fdddd4.png","notFood":false,"drinks":false},{"name":"שווארמה מעורב","description":"מוגש עם חומוס, טחינה, חמוצי הבית, פיתה ושתי תוספות לבחירה","price":72,"vegan":false,"vegetarian":false,"image":"https://d25t2285lxl5rf.cloudfront.net/images/dishes/3de7b020-ad38-450c-bb69-1ca94b05305e.jpeg","notFood":false,"drinks":false},{"name":"שישליק פרגיות","description":"מוגש עם חומוס, טחינה, חמוצי הבית, פיתה ושתי תוספות לבחירה","price":72,"vegan":false,"vegetarian":false,"image":"https://d25t2285lxl5rf.cloudfront.net/images/dishes/7efe8e44-d101-47d4-936f-a63cfc6b3da2.jpg","notFood":false,"drinks":false},{"name":"חזה עוף על האש","description":"מוגש עם חומוס, טחינה, חמוצי הבית, פיתה ושתי תוספות לבחירה","price":55,"vegan":false,"vegetarian":false,"image":"https://d25t2285lxl5rf.cloudfront.net/images/dishes/002bb6a4-fb42-46d3-8dc3-b0a0d3d3a4d0.jpeg","notFood":false,"drinks":false},{"name":"מעורב ירושלמי","description":"מוגש עם חומוס, טחינה, חמוצי הבית, פיתה ושתי תוספות לבחירה","price":69,"vegan":true,"vegetarian":true,"image":"https://d25t2285lxl5rf.cloudfront.net/images/dishes/a31328b8-61d8-4324-8f92-facfadb0d346.jpeg","notFood":false,"drinks":false},{"name":"פלאפל","description":"מוגש עם חומוס, טחינה, חמוצי הבית, פיתה ושתי תוספות לבחירה","price":40,"vegan":true,"vegetarian":true,"image":"https://d25t2285lxl5rf.cloudfront.net/images/dishes/8940c1f5-49e6-4096-a352-cf596b7dca29.jpeg","notFood":false,"drinks":false},{"name":"פילה עוף","description":"מוגש עם חומוס, טחינה, חמוצי הבית, פיתה ושתי תוספות לבחירה","price":58,"vegan":false,"vegetarian":false,"image":"https://d25t2285lxl5rf.cloudfront.net/images/dishes/21198733-8cbc-4f0f-b226-812489e0c0d7.png","notFood":false,"drinks":false},{"name":"אנטריקוט","description":"מוגש עם חומוס, טחינה, חמוצי הבית, פיתה ושתי תוספות לבחירה","price":99,"vegan":false,"vegetarian":false,"image":"https://d25t2285lxl5rf.cloudfront.net/images/dishes/4487da08-12e0-46ca-95c1-6db26cd7cd9c.jpeg","notFood":false,"drinks":false},{"name":"שניצל","description":"מוגש עם חומוס, טחינה, חמוצי הבית, פיתה ושתי תוספות לבחירה","price":58,"vegan":false,"vegetarian":false,"image":"https://d25t2285lxl5rf.cloudfront.net/images/dishes/26ce4bb6-d74c-4acb-9cf6-761adf5142d8.jpeg","notFood":false,"drinks":false},{"name":"סטייק פרגית","description":"מוגש עם חומוס, טחינה, חמוצי הבית, פיתה ושתי תוספות לבחירה  ","price":72,"vegan":false,"vegetarian":false,"image":"https://d25t2285lxl5rf.cloudfront.net/images/dishes/ac5556c9-20f2-4eff-b453-367672194902.jpg","notFood":false,"drinks":false},{"name":"לבבות","description":"מוגש עם חומוס, טחינה, חמוצי הבית, פיתה ושתי תוספות לבחירה  ","price":69,"vegan":true,"vegetarian":true,"image":"https://d25t2285lxl5rf.cloudfront.net/images/dishes/9a845f0f-34c6-4d12-a78c-45db0da37562.jpg","notFood":false,"drinks":false},{"name":"כבד עוף","description":"מוגש עם חומוס, טחינה, חמוצי הבית, פיתה ושתי תוספות לבחירה  ","price":69,"vegan":false,"vegetarian":false,"image":"https://d25t2285lxl5rf.cloudfront.net/images/dishes/ac96f125-230a-4c1f-9232-e6468afc6885.jpg","notFood":false,"drinks":false},{"name":"סביח","description":"מוגש עם חומוס, טחינה, חמוצי הבית, פיתה ושתי תוספות לבחירה","price":42,"vegan":true,"vegetarian":true,"notFood":false,"drinks":false},{"name":"קבב","price":72,"vegan":false,"vegetarian":false,"notFood":false,"drinks":false},{"name":"סטייק סינטה","description":"מוגש עם חומוס, טחינה, חמוצי הבית, פיתה ושתי תוספות לבחירה\t","price":99,"vegan":false,"vegetarian":false,"notFood":false,"drinks":false},{"name":"שווארמה פרגית","description":"מוגש עם סלטים וממרחים לבחירה","price":45,"vegan":false,"vegetarian":false,"image":"https://d25t2285lxl5rf.cloudfront.net/images/dishes/1ec4231a-5eda-421a-b34c-eb193db0c7dc.jpg","notFood":false,"drinks":false},{"name":"שווארמה כבש דונר","description":"מוגש עם סלטים וממרחים לבחירה","price":49,"vegan":false,"vegetarian":false,"image":"https://d25t2285lxl5rf.cloudfront.net/images/dishes/2729b9a6-283d-47b3-9c17-e10e1db0a36d.jpg","notFood":false,"drinks":false},{"name":"שווארמה מעורב","description":"מוגש עם סלטים וממרחים לבחירה","price":49,"vegan":false,"vegetarian":false,"image":"https://d25t2285lxl5rf.cloudfront.net/images/dishes/07fafe45-51d7-419f-a6ec-f5c43c5bb622.jpg","notFood":false,"drinks":false},{"name":"שישליק פרגיות","description":"מוגש עם סלטים וממרחים לבחירה","price":49,"vegan":false,"vegetarian":false,"image":"https://d25t2285lxl5rf.cloudfront.net/images/dishes/b81caae9-fb38-4e55-b16d-a30281a0e028.jpg","notFood":false,"drinks":false},{"name":"חזה עוף על האש","description":"מוגש עם סלטים וממרחים לבחירה","price":40,"vegan":false,"vegetarian":false,"image":"https://d25t2285lxl5rf.cloudfront.net/images/dishes/1711bac0-2365-4a35-a620-97a9161a0e32.jpg","notFood":false,"drinks":false},{"name":"מעורב ירושלמי","description":"מוגש עם סלטים וממרחים לבחירה","price":49,"vegan":true,"vegetarian":true,"image":"https://d25t2285lxl5rf.cloudfront.net/images/dishes/82dd38ac-c8f4-4506-ac94-e698abfd201e.png","notFood":false,"drinks":false},{"name":"אנטריקוט","description":"מוגש עם סלטים וממרחים לבחירה","price":84,"vegan":false,"vegetarian":false,"image":"https://d25t2285lxl5rf.cloudfront.net/images/dishes/0ab8dfe6-0d88-4d05-8d61-daedb889e34c.jpg","notFood":false,"drinks":false},{"name":"שניצל","description":"מוגש עם סלטים וממרחים לבחירה","price":37,"vegan":false,"vegetarian":false,"image":"https://d25t2285lxl5rf.cloudfront.net/images/dishes/e8405371-36e6-44a5-8481-33987bf8220a.jpeg","notFood":false,"drinks":false},{"name":"פלאפל","description":"מוגש עם סלטים וממרחים לבחירה","price":22,"vegan":true,"vegetarian":true,"image":"https://d25t2285lxl5rf.cloudfront.net/images/dishes/91b8a166-5e2d-4e33-b88c-e3c48644d7ac.jpg","notFood":false,"drinks":false},{"name":"סטייק פרגית","description":"מוגש עם סלטים וממרחים לבחירה ","price":49,"vegan":false,"vegetarian":false,"image":"https://d25t2285lxl5rf.cloudfront.net/images/dishes/40116d4c-754c-46d4-8cfa-4805fd4f86f0.jpg","notFood":false,"drinks":false},{"name":"לבבות","description":"מוגש עם סלטים וממרחים לבחירה  ","price":45,"vegan":true,"vegetarian":true,"image":"https://d25t2285lxl5rf.cloudfront.net/images/dishes/54dc355e-e6aa-4fa8-85ac-027cc66ec332.jpg","notFood":false,"drinks":false},{"name":"כבד עוף","description":"מוגש עם סלטים וממרחים לבחירה  ","price":45,"vegan":false,"vegetarian":false,"image":"https://d25t2285lxl5rf.cloudfront.net/images/dishes/f12d01d5-df27-44bc-8708-6f5f61920d72.jpg","notFood":false,"drinks":false},{"name":"חצי פיתה שווארמה","description":"מוגש עם סלטים וממרחים לבחירה","price":28,"vegan":false,"vegetarian":false,"image":"https://d25t2285lxl5rf.cloudfront.net/images/dishes/1a96c5c1-3750-435e-b4c1-7e2ab2af1a24.jpg","notFood":false,"drinks":false},{"name":"חצי פיתה פלאפל","description":"מוגש עם סלטים וממרחים לבחירה","price":12,"vegan":true,"vegetarian":true,"image":"https://d25t2285lxl5rf.cloudfront.net/images/dishes/b0c449ac-5422-4554-9246-ccd3c64031e4.jpg","notFood":false,"drinks":false},{"name":"עראייס","description":"פיתה בשר טחינה  עגבניות חריף","price":49,"vegan":false,"vegetarian":false,"image":"https://d25t2285lxl5rf.cloudfront.net/images/dishes/2a3c8e4f-0e07-4750-bfce-a43b1a66b180.jpg","notFood":false,"drinks":false},{"name":"בשר אדום","description":"מוגש עם סלטים וממרחים לבחירה","price":49,"vegan":false,"vegetarian":false,"notFood":false,"drinks":false},{"name":"סביח","description":"מוגש עם סלטים וממרחים לבחירה","price":24,"vegan":true,"vegetarian":true,"notFood":false,"drinks":false},{"name":"קבב","description":"מוגש עם סלטים וממרחים לבחירה","price":49,"vegan":false,"vegetarian":false,"notFood":false,"drinks":false},{"name":"סטייק סינטה","description":"מוגש עם סלטים וממרחים לבחירה\t","price":60,"vegan":false,"vegetarian":false,"notFood":false,"drinks":false},{"name":"סלטים בפיתה","description":"מוגש עם סלטים וממרחים לבחירה","price":18,"vegan":true,"vegetarian":true,"notFood":false,"drinks":false},{"name":"שווארמה פרגית","description":"מוגש עם סלטים וממרחים לבחירה","price":52,"vegan":false,"vegetarian":false,"image":"https://d25t2285lxl5rf.cloudfront.net/images/dishes/a660245d-97c1-4dc5-add9-b441a3478caa.jpg","notFood":false,"drinks":false},{"name":"שווארמה כבש דונר","description":"מוגש עם סלטים וממרחים לבחירה","price":55,"vegan":false,"vegetarian":false,"image":"https://d25t2285lxl5rf.cloudfront.net/images/dishes/5f841be5-6218-4bb5-a1e5-2b49818f0b4f.jpg","notFood":false,"drinks":false},{"name":"שווארמה מעורב","description":"מוגש עם סלטים וממרחים לבחירה","price":55,"vegan":false,"vegetarian":false,"image":"https://d25t2285lxl5rf.cloudfront.net/images/dishes/da49a378-a5bc-445a-94ea-b044b57018ff.jpg","notFood":false,"drinks":false},{"name":"שישליק פרגיות","description":"מוגש עם סלטים וממרחים לבחירה","price":52,"vegan":false,"vegetarian":false,"image":"https://d25t2285lxl5rf.cloudfront.net/images/dishes/e094db10-3326-41f1-b579-8f5bf6fb2674.jpg","notFood":false,"drinks":false},{"name":"חזה עוף על האש","description":"מוגש עם סלטים וממרחים לבחירה","price":49,"vegan":false,"vegetarian":false,"image":"https://d25t2285lxl5rf.cloudfront.net/images/dishes/8240cf2c-4890-473b-a4c3-b5633666c8d7.jpg","notFood":false,"drinks":false},{"name":"מעורב ירושלמי","description":"מוגש עם סלטים וממרחים לבחירה","price":52,"vegan":true,"vegetarian":true,"image":"https://d25t2285lxl5rf.cloudfront.net/images/dishes/e221c08f-6065-49da-ac91-3569f1fdaf6d.png","notFood":false,"drinks":false},{"name":"אנטריקוט","description":"מוגש עם סלטים וממרחים לבחירה","price":95,"vegan":false,"vegetarian":false,"image":"https://d25t2285lxl5rf.cloudfront.net/images/dishes/ac4534f4-398a-4eff-9848-48705570812f.jpg","notFood":false,"drinks":false},{"name":"פילה עוף","description":"מוגש עם סלטים וממרחים לבחירה","price":49,"vegan":false,"vegetarian":false,"image":"https://d25t2285lxl5rf.cloudfront.net/images/dishes/43d348c4-9ed6-457d-b893-5f066e63e4c6.png","notFood":false,"drinks":false},{"name":"שניצל","description":"מוגש עם סלטים וממרחים לבחירה","price":46,"vegan":false,"vegetarian":false,"image":"https://d25t2285lxl5rf.cloudfront.net/images/dishes/6d7acfa6-1642-466e-b8ea-94f37cb5c095.jpeg","notFood":false,"drinks":false},{"name":"פלאפל","description":"מוגש עם סלטים וממרחים לבחירה","price":33,"vegan":true,"vegetarian":true,"image":"https://d25t2285lxl5rf.cloudfront.net/images/dishes/95cde0c5-7e2c-435a-8bd5-e8267bb3424c.jpg","notFood":false,"drinks":false},{"name":"סטייק פרגית","description":"מוגש עם סלטים וממרחים לבחירה  ","price":52,"vegan":false,"vegetarian":false,"image":"https://d25t2285lxl5rf.cloudfront.net/images/dishes/ad4724d9-eac9-4eaa-aae8-416e1cd72d8c.jpg","notFood":false,"drinks":false},{"name":"לבבות","description":"מוגש עם סלטים וממרחים לבחירה  ","price":49,"vegan":true,"vegetarian":true,"image":"https://d25t2285lxl5rf.cloudfront.net/images/dishes/cbeb7dda-6d34-4ac8-a167-4dbb449a8400.jpg","notFood":false,"drinks":false},{"name":"כבד עוף","description":"מוגש עם סלטים וממרחים לבחירה  ","price":49,"vegan":false,"vegetarian":false,"image":"https://d25t2285lxl5rf.cloudfront.net/images/dishes/0fc184ea-9b1e-43b7-8b3c-29d9cf9550da.jpg","notFood":false,"drinks":false},{"name":"סלטים בלאפה","price":30,"vegan":true,"vegetarian":true,"image":"https://d25t2285lxl5rf.cloudfront.net/images/dishes/24c551f8-1491-41cc-942e-b1931feb95bf.jpg","notFood":false,"drinks":false},{"name":"סביח","description":"מוגש עם סלטים וממרחים לבחירה","price":35,"vegan":true,"vegetarian":true,"notFood":false,"drinks":false},{"name":"קבב","description":"מוגש עם סלטים וממרחים לבחירה","price":52,"vegan":false,"vegetarian":false,"notFood":false,"drinks":false},{"name":"סטייק סינטה","description":"מוגש עם סלטים וממרחים לבחירה\t","price":78,"vegan":false,"vegetarian":false,"notFood":false,"drinks":false},{"name":"סלט ירקות בהרכבה","description":"מגוון ירקות לבחירה","price":42,"vegan":true,"vegetarian":true,"image":"https://d25t2285lxl5rf.cloudfront.net/images/dishes/b3ebe94e-cdd7-4f72-ad83-d5b0c32fc90a.jpg","notFood":false,"drinks":false},{"name":"סלט חזה עוף בהרכבה","description":"נתחי חזה עוף ומגוון ירקות לבחירה","price":65,"vegan":false,"vegetarian":false,"image":"https://d25t2285lxl5rf.cloudfront.net/images/dishes/f4b45b3e-efa3-4f01-9e89-4e734492d4a5.jpg","notFood":false,"drinks":false},{"name":"סלט שווארמה בהרכבה","description":"נתחי שווארמה ומגוון ירקות לבחירה\n","price":65,"vegan":false,"vegetarian":false,"image":"https://d25t2285lxl5rf.cloudfront.net/images/dishes/b0f9a817-0696-4e38-949e-d2582d5fcf18.jpg","notFood":false,"drinks":false},{"name":"סלט פרגיות בהרכבה","description":"נתחי פרגיות ומגוון ירקות לבחירה","price":65,"vegan":false,"vegetarian":false,"image":"https://d25t2285lxl5rf.cloudfront.net/images/dishes/a88ed520-38e5-4964-89e8-fc0c5935b3d7.jpg","notFood":false,"drinks":false},{"name":"סלט פסטה בהרכבה","description":"פסטה ומגוון ירקות לבחירה","price":48,"vegan":true,"vegetarian":true,"notFood":false,"drinks":false},{"name":"סלט טונה בהרכבה","description":"טונה, ביצה קשה ומגוון ירקות לבחירה","price":48,"vegan":false,"vegetarian":false,"notFood":false,"drinks":false},{"name":"סלט שניצל בהרכבה","description":"שניצל ומגוון ירקות לבחירה","price":65,"vegan":false,"vegetarian":false,"notFood":false,"drinks":false},{"name":"שווארמה פרגית","description":"מוגש עם סלטים וממרחים לבחירה","price":52,"vegan":false,"vegetarian":false,"image":"https://d25t2285lxl5rf.cloudfront.net/images/dishes/cfdeeac6-4073-4967-ae94-de49fa90e895.png","notFood":false,"drinks":false},{"name":"שווארמה כבש דונר","description":"מוגש עם סלטים וממרחים לבחירה","price":55,"vegan":false,"vegetarian":false,"image":"https://d25t2285lxl5rf.cloudfront.net/images/dishes/7cf1a3db-e7f3-450b-8be1-bea9bfe211ce.jpg","notFood":false,"drinks":false},{"name":"שווארמה מעורב","description":"מוגש עם סלטים וממרחים לבחירה","price":55,"vegan":false,"vegetarian":false,"image":"https://d25t2285lxl5rf.cloudfront.net/images/dishes/c8478eff-5171-46eb-aec9-8d435d89a9af.jpg","notFood":false,"drinks":false},{"name":"שישליק פרגיות","description":"מוגש עם סלטים וממרחים לבחירה","price":55,"vegan":false,"vegetarian":false,"image":"https://d25t2285lxl5rf.cloudfront.net/images/dishes/28a82f1a-c70c-4e6e-ade9-6d4824769468.jpg","notFood":false,"drinks":false},{"name":"חזה עוף על האש","description":"מוגש עם סלטים וממרחים לבחירה","price":49,"vegan":false,"vegetarian":false,"image":"https://d25t2285lxl5rf.cloudfront.net/images/dishes/70c27c95-2e1f-41ca-89f9-e11eae9cd13b.jpg","notFood":false,"drinks":false},{"name":"מעורב ירושלמי","description":"מוגש עם סלטים וממרחים לבחירה","price":55,"vegan":true,"vegetarian":true,"image":"https://d25t2285lxl5rf.cloudfront.net/images/dishes/dddfb08d-06f7-4769-90ef-e09b40e9b898.png","notFood":false,"drinks":false},{"name":"אנטריקוט","description":"מוגש עם סלטים וממרחים לבחירה","price":95,"vegan":false,"vegetarian":false,"image":"https://d25t2285lxl5rf.cloudfront.net/images/dishes/5e032342-b9b0-43af-980b-0d59cdac8661.jpg","notFood":false,"drinks":false},{"name":"פילה עוף","description":"מוגש עם סלטים וממרחים לבחירה","price":52,"vegan":false,"vegetarian":false,"image":"https://d25t2285lxl5rf.cloudfront.net/images/dishes/6f0bc1fd-2d01-4023-8ffd-1dfe8694026c.png","notFood":false,"drinks":false},{"name":"שניצל","description":"מוגש עם סלטים וממרחים לבחירה","price":49,"vegan":false,"vegetarian":false,"image":"https://d25t2285lxl5rf.cloudfront.net/images/dishes/da9b7ce2-6674-46c9-8261-b8baebf2a735.jpeg","notFood":false,"drinks":false},{"name":"פלאפל","description":"מוגש עם סלטים וממרחים לבחירה","price":32,"vegan":true,"vegetarian":true,"image":"https://d25t2285lxl5rf.cloudfront.net/images/dishes/e800bf19-d13d-4941-acf6-4f12fd98d241.jpg","notFood":false,"drinks":false},{"name":"סביח","description":"מוגש עם סלטים וממרחים לבחירה","price":35,"vegan":true,"vegetarian":true,"notFood":false,"drinks":false},{"name":"קבב","description":"מוגש עם סלטים וממרחים לבחירה","price":55,"vegan":false,"vegetarian":false,"notFood":false,"drinks":false},{"name":"סטייק סינטה","description":"מוגש עם סלטים וממרחים לבחירה\t","price":75,"vegan":false,"vegetarian":false,"notFood":false,"drinks":false},{"name":"סלטים בבאגט","description":"מוגש עם עם סלטים וממרחים לבחירה","price":30,"vegan":true,"vegetarian":true,"notFood":false,"drinks":false},{"name":"10 כדורי פלאפל","price":20,"vegan":true,"vegetarian":true,"image":"https://d25t2285lxl5rf.cloudfront.net/images/dishes/afeabac2-a2b9-4643-b436-f2ccd9dafd25.jpg","notFood":false,"drinks":false},{"name":"טחינה","price":2,"vegan":true,"vegetarian":true,"image":"https://d25t2285lxl5rf.cloudfront.net/images/dishes/4730ede6-6789-4794-aad2-895e7f56ca81.jpg","notFood":false,"drinks":false},{"name":"פיתה","price":3,"vegan":true,"vegetarian":true,"image":"https://d25t2285lxl5rf.cloudfront.net/images/dishes/a0d0ed10-de7b-4715-b4a6-ca48cda641e0.jpg","notFood":false,"drinks":false},{"name":"לאפה","price":6,"vegan":true,"vegetarian":true,"image":"https://d25t2285lxl5rf.cloudfront.net/images/dishes/0e781dc9-0258-4cba-ae7d-d4299e3348d1.jpg","notFood":false,"drinks":false},{"name":"צ'יפס","price":25,"vegan":true,"vegetarian":true,"notFood":false,"drinks":false},{"name":"חומוס טחינה","price":28,"vegan":true,"vegetarian":true,"notFood":false,"drinks":false},{"name":"פחית קוקה קולה","price":10,"vegan":true,"vegetarian":true,"notFood":false,"drinks":true},{"name":"פחית קולה זירו","price":10,"vegan":true,"vegetarian":true,"notFood":false,"drinks":true},{"name":"פחית קולה דיאט","price":10,"vegan":true,"vegetarian":true,"notFood":false,"drinks":true},{"name":"פחית ספרייט","price":10,"vegan":true,"vegetarian":true,"notFood":false,"drinks":true},{"name":"פחית ספרייט זירו","price":10,"vegan":true,"vegetarian":true,"notFood":false,"drinks":true},{"name":"פחית פאנטה","price":10,"vegan":true,"vegetarian":true,"notFood":false,"drinks":false},{"name":"בקבוק מים אישי","price":12,"vegan":true,"vegetarian":true,"notFood":false,"drinks":true},{"name":"בקבוק קוקה קולה אישי","price":12,"vegan":true,"vegetarian":true,"notFood":false,"drinks":true},{"name":"בקבוק קולה זירו אישי","price":12,"vegan":true,"vegetarian":true,"notFood":false,"drinks":true},{"name":"בקבוק קולה דיאט אישי","price":12,"vegan":true,"vegetarian":true,"notFood":false,"drinks":true},{"name":"בקבוק ספרייט אישי","price":12,"vegan":true,"vegetarian":true,"notFood":false,"drinks":true},{"name":"בקבוק ספרייט זירו אישי","price":12,"vegan":true,"vegetarian":true,"notFood":false,"drinks":true},{"name":"בקבוק פאנטה אישי","price":12,"vegan":true,"vegetarian":true,"notFood":false,"drinks":true},{"name":"בקבוק ענבים אישי","price":12,"vegan":true,"vegetarian":true,"notFood":false,"drinks":true},{"name":"בקבוק תפוזים אישי","price":12,"vegan":true,"vegetarian":true,"notFood":false,"drinks":true},{"name":"בקבוק נסטי אישי","price":11,"vegan":true,"vegetarian":true,"notFood":false,"drinks":true},{"name":"מים מינרלים 1.5 ליטר","price":15,"vegan":true,"vegetarian":true,"notFood":false,"drinks":false},{"name":"קוקה קולה 1.5 ליטר","price":18,"vegan":true,"vegetarian":true,"notFood":false,"drinks":true},{"name":"קולה זירו 1.5 ליטר","price":18,"vegan":true,"vegetarian":true,"notFood":false,"drinks":true},{"name":"ספרייט 1.5 ליטר","price":18,"vegan":true,"vegetarian":true,"notFood":false,"drinks":true},{"name":"פאנטה 1.5 ליטר","price":16,"vegan":true,"vegetarian":true,"notFood":false,"drinks":false},{"name":"ענבים 1.5 ליטר","price":18,"vegan":true,"vegetarian":true,"notFood":false,"drinks":true},{"name":"תפוזים 1.5 ליטר","price":18,"vegan":true,"vegetarian":true,"notFood":false,"drinks":false},{"name":"נסטי אפרסק 1.5 ליטר","price":18,"vegan":true,"vegetarian":true,"notFood":false,"drinks":true}]}