{"track_id":"20941","filters":["patisserie","sandwichesWraps","meatGrill"],"image":"https://tenbis-static.azureedge.net/restaurant-card-image/ResCard_20941_20200726150200.jpg","address":"ויצמן, 207 כפר סבא","location":[34.9284373,32.1720743],"name":"בנדיקט ","city":"כפר סבא","priceAverage":40.25,"menu":[{"name":"בנדיקט פיקניק BOX","description":"***עד כשעתיים הגעה!***\n ארוחת הפיקניק כוללת: סלט קיסר, בייגל אבוקדו, בייגל סלמון, פריטטה, ירקות טריים, 3 לחמניות פרעצל, סלט טונה, גבינת שמנת, קוראסון חמאה, חמאה, ריבת תפוחים וקינמון, נוטלה, מיני פנקייק קינדר, וחצי ליטר מיץ תפוזים.","price":269,"vegan":false,"vegetarian":false,"image":"https://d25t2285lxl5rf.cloudfront.net/images/dishes/2052693.jpg","notFood":false,"drinks":false},{"name":"קרוק מאדם","description":"מנה צרפתית קלאסית מלחם בריוש קלוי עם רוטב בשמל, שינקן (בשר לבן), גבינת גאודה, ביצת עין עשוייה היטב ורוטב קיסר. מוגש עם סלט ירוק בצד.","price":55,"vegan":false,"vegetarian":false,"image":"https://d25t2285lxl5rf.cloudfront.net/images/dishes/1d2a05d5-208a-465c-a37a-e97cc2251243.jpg","notFood":false,"drinks":false},{"name":"בייגל סלמון","description":" סלמון, גבינת שמנת, צנונית וביצת עין עשוייה היטב. לבחירתך בייגל רגיל או פומפרניקל (שיפון). מוגש עם סלט ירוק בצד.","price":58,"vegan":false,"vegetarian":false,"image":"https://d25t2285lxl5rf.cloudfront.net/images/dishes/ec7e7820-4174-48ff-b94c-857047dffbca.jpg","notFood":false,"drinks":false},{"name":"אבוקדו בייגל ברקפסט","description":"שני חצאי בייגל קלויים עם מיונז, האחד עם עגבניות צלויות, קוביות אבוקדו ועלי כוסברה, השני עם ביצה מקושקשת וגבינת גאודה. לבחירה בייגל רגיל או פומפרניקל (שיפון), מוגש עם סלט בצד","price":55,"vegan":false,"vegetarian":true,"notFood":false,"drinks":false},{"name":"בראנץ' בורגר","description":" 200 גרם המבורגר בקר צלוי בגריל, מוגש בלחמנייה עשירה עם ריבת בצל, חסה, עגבניה וביצת עין עשוייה היטב.","price":57,"vegan":false,"vegetarian":false,"image":"https://d25t2285lxl5rf.cloudfront.net/images/dishes/259f66ac-ab96-45e7-9bb7-199370bf89e0.jpg","notFood":false,"drinks":false},{"name":"בוקר יווני","description":"עגבניות, מלפפונים, פלפל צהוב, צנונית, זיתי קלמטה, בצל סגול, גבינת פטה כבשים עם זעתק וסומק, אורגנו, שמן זית ולימון. מוגש עם 2 לחמניות פרעצל.","price":56,"vegan":false,"vegetarian":true,"image":"https://d25t2285lxl5rf.cloudfront.net/images/dishes/49a258fa-24a6-49c6-b509-be67b3cbc8bf.jpg","notFood":false,"drinks":false},{"name":"בוקר קיסר","description":"לבבות חסה פריכים, קרוטוני בריוש, ביצה קשה, פרמז׳ן ורוטב קיסר מוגש עם שתי לחמניות פרעצל","price":53,"vegan":false,"vegetarian":true,"image":"https://d25t2285lxl5rf.cloudfront.net/images/dishes/67ad93ae-d99c-4d64-8559-6027451c1e50.jpg","notFood":false,"drinks":false},{"name":"שקשוקה","description":"תבשיל עגבניות ופלפלים במחבת לוהטת עם 2 ביצים (מעט פיקנטי). \nמוגש עם סלט שוק, טחינה, חריף וחלה מהמאפייה שלנו.","price":57,"vegan":false,"vegetarian":true,"image":"https://d25t2285lxl5rf.cloudfront.net/images/dishes/b9fca898-0e09-4206-97a9-c2462972190d.jpg","notFood":false,"drinks":false},{"name":"שקשוקה ירוקה","description":"2 ביצים עלומות ברוטב מנגולד, תרד ושמנת, ברוקולי, אפונה ובצל. מעל השקשוקה\nטפנד זיתים, בצל סגול וגבינת פטה כבשים. מוגש עם חריף, סלט ירוק וחלה מהמאפייה שלנו.","price":69,"vegan":false,"vegetarian":true,"image":"https://d25t2285lxl5rf.cloudfront.net/images/dishes/091e2d35-6b57-4f2e-805d-defed5e62c94.jpg","notFood":false,"drinks":false},{"name":"שקשוקה טבעונית","description":"2 ביצי \"Yo-Egg\" בתבשיל עגבניות ופלפלים במחבת לוהטת מוגש עם סלט שוק, טחינה, באבא גנוש, אריסה ולחם ג'בטה מהמאפיה שלנו.","price":67,"vegan":true,"vegetarian":true,"image":"https://d25t2285lxl5rf.cloudfront.net/images/dishes/2414918.jpg","notFood":false,"drinks":false},{"name":"בוקר אנגלי","description":"נקניקיות פרנקפורטר, קריספי בייקון וביצת עין עשוייה היטב, בתוספת שעועית ברוטב עגבניות ותערובת של תפו\"א, בצל, פטריות ועגבניות שרי, מוגש עם סלט ירוק ושתי לחמניות פרעצל בצד.\nניתן להוציא גרסה כשרה של המנה עם נקניקיות עגל ו\"בייקון\" טלה.","price":68,"vegan":false,"vegetarian":false,"image":"https://d25t2285lxl5rf.cloudfront.net/images/dishes/16c200f5-4623-4ca6-b4f8-b6c0ae7784fd.jpg","notFood":false,"drinks":false},{"name":"קרעי תפוחי אדמה","description":"בייבי תפוח אדמה מטוגנים, בצל ירוק פרוס וצ'ילי גרוס.","price":18,"vegan":true,"vegetarian":true,"image":"https://d25t2285lxl5rf.cloudfront.net/images/dishes/4dd92ae4-de13-482e-94f3-48570b5468e7.jpg","notFood":false,"drinks":false},{"name":"פטריות פורטבלו","description":"מושרות בשמן זית, שום וטימין, צרובות על הגריל ומעל גבינת עזים וויניגרט בלסמי","price":29,"vegan":false,"vegetarian":true,"image":"https://d25t2285lxl5rf.cloudfront.net/images/dishes/bf838a6d-abbb-4b78-b629-613432493a6d.jpg","notFood":false,"drinks":false},{"name":"רושטי","description":"3 יח' לביבות תפוח אדמה שווייצריות, בצד גבינת שמנת חמוצה.","price":28,"vegan":false,"vegetarian":true,"image":"https://d25t2285lxl5rf.cloudfront.net/images/dishes/9167c760-80b3-4509-be53-34f7b2c6f131.jpg","notFood":false,"drinks":false},{"name":"סלט ירוק","price":8,"vegan":true,"vegetarian":true,"image":"https://d25t2285lxl5rf.cloudfront.net/images/dishes/e2ede691-e222-472b-bef1-60cecf718c6d.jpg","notFood":false,"drinks":false},{"name":"צ'יפס","price":19,"vegan":true,"vegetarian":true,"image":"https://d25t2285lxl5rf.cloudfront.net/images/dishes/534cadb1-efeb-49f5-8a67-f28ead45a962.jpg","notFood":false,"drinks":false},{"name":"בריוש ממולא ריקוטה","price":14,"vegan":false,"vegetarian":true,"image":"https://d25t2285lxl5rf.cloudfront.net/images/dishes/da3120cb-2bcd-487f-8aa6-a734089d3959.jpg","notFood":false,"drinks":false},{"name":"בריוש ממולא שקדים","price":14,"vegan":true,"vegetarian":true,"image":"https://d25t2285lxl5rf.cloudfront.net/images/dishes/1c5ac00f-9bdd-4c49-ade4-5e70f1b0508c.jpg","notFood":false,"drinks":false},{"name":"בריוש ממולא שוקולד","price":14,"vegan":false,"vegetarian":true,"notFood":false,"drinks":false},{"name":"פנקייק אוכמניות ושוקולד לבן","price":38,"vegan":false,"vegetarian":true,"image":"https://d25t2285lxl5rf.cloudfront.net/images/dishes/546e9e41-ca2b-4804-b774-2fb02f39ec09.jpg","notFood":false,"drinks":false},{"name":"פנקייקס שוקולד מריר","price":38,"vegan":false,"vegetarian":true,"image":"https://d25t2285lxl5rf.cloudfront.net/images/dishes/97fba401-2330-4854-92dc-c090d5a69459.jpg","notFood":false,"drinks":false},{"name":"פנקייקס רגיל","price":36,"vegan":true,"vegetarian":true,"image":"https://d25t2285lxl5rf.cloudfront.net/images/dishes/5c128864-ead6-4379-b322-2f5aa9a0d0a6.jpg","notFood":false,"drinks":false},{"name":"פנקייקס בננות","description":"פנקייקס בננות עם חלב ממותק וקוקוס קלוי","price":39,"vegan":false,"vegetarian":true,"image":"https://d25t2285lxl5rf.cloudfront.net/images/dishes/fe0f0ef2-b6ac-41ab-bf3c-22064449e183.jpg","notFood":false,"drinks":false},{"name":"פנקייקס קינדר","price":39,"vegan":true,"vegetarian":true,"image":"https://d25t2285lxl5rf.cloudfront.net/images/dishes/d4ad91d2-6d5c-482c-8937-72a98c3858d9.jpg","notFood":false,"drinks":false},{"name":"מיני פנקייקס בייגלה וקרמל מלוח","price":39,"vegan":true,"vegetarian":true,"image":"https://d25t2285lxl5rf.cloudfront.net/images/dishes/4060295.jpg","notFood":false,"drinks":false},{"name":"מיני פנקייקס פיסטוק ושוקולד לבן","price":39,"vegan":false,"vegetarian":true,"image":"https://d25t2285lxl5rf.cloudfront.net/images/dishes/4060296.jpg","notFood":false,"drinks":false},{"name":"מיץ תפוזים","description":"0.5","price":23,"vegan":true,"vegetarian":true,"notFood":false,"drinks":false},{"name":"מיץ גזר","description":"0.5","price":18,"vegan":true,"vegetarian":true,"notFood":false,"drinks":false},{"name":"מים מינרליים","price":11,"vegan":true,"vegetarian":true,"notFood":false,"drinks":true},{"name":"קוקה קולה","price":13,"vegan":true,"vegetarian":true,"notFood":false,"drinks":true},{"name":"דיאט קוקה קולה","price":13,"vegan":true,"vegetarian":true,"notFood":false,"drinks":true},{"name":"ספרייט","price":13,"vegan":true,"vegetarian":true,"notFood":false,"drinks":true},{"name":"ספרייט זירו","price":13,"vegan":true,"vegetarian":true,"notFood":false,"drinks":true},{"name":"מיץ ענבים","price":12,"vegan":true,"vegetarian":true,"notFood":false,"drinks":true},{"name":"פררלה","price":12,"vegan":true,"vegetarian":true,"notFood":false,"drinks":true},{"name":"יין אדום אלאמוס מלבק 375 מ\"ל","price":45,"vegan":true,"vegetarian":true,"notFood":false,"drinks":false}]}