{"track_id":"20943","filters":["salads","veganFood","glutenFree"],"image":"https://tenbis-static.azureedge.net/restaurant-default-card-image/CuzineType_defaultcuisine_03.jpg","address":"השילוח, 4 פתח תקווה","location":[34.8563072,32.0911738],"name":"סלטים","city":"גבעת שמואל","priceAverage":28.88888888888889,"menu":[{"name":"מטבח המשלוחים נפתח בשעה 11:00","vegan":true,"vegetarian":true,"image":"https://d25t2285lxl5rf.cloudfront.net/images/dishes/4108e397-d774-495e-b73c-75d93cd341c2.jpg","notFood":false,"drinks":false},{"name":"סלט בהרכבה אישית בינוני","description":"על בסיס חסה מוגש עם רוטב ולחם דגנים","price":40,"vegan":false,"vegetarian":false,"image":"https://d25t2285lxl5rf.cloudfront.net/images/dishes/583445ed-25f5-480e-aa19-fdb58f9c847b.jpg","notFood":false,"drinks":false},{"name":"סלט בהרכבה אישית ענק","price":44,"vegan":true,"vegetarian":true,"notFood":false,"drinks":false},{"name":"סלט ירושלמי","description":"חסה ,בורגול ,עגבנייה ,מלפפון ,בצל סגול ,גרגירי חומוס ,חציל קלוי ,עשבי תיבול, ביצה קשה וטחינה, שמן זית ולימון.","price":44,"vegan":false,"vegetarian":true,"image":"https://d25t2285lxl5rf.cloudfront.net/images/dishes/421ae61f-14dd-451f-a1ca-e8dd8777550f.jpg","notFood":false,"drinks":false},{"name":"סלט בריאות","description":"חסה, קינואה , פטריות, נבטים, שעועית ירוקה, אפונה, גזר, בטטה, ועשבי תיבול ברוטב שמן זית ומיץ לימון.","price":44,"vegan":true,"vegetarian":true,"image":"https://d25t2285lxl5rf.cloudfront.net/images/dishes/37c24b7f-c415-43bc-9fca-a612dd57fe71.jpg","notFood":false,"drinks":false},{"name":"סלט פסטה קר","description":"חסה, פסטה, עלי בזיליקום, זיתים שחורים, שרי, בצל סגול, קוביות בטטה, ממרח עגבניות מיובשות ובולגרית.","price":44,"vegan":false,"vegetarian":true,"image":"https://d25t2285lxl5rf.cloudfront.net/images/dishes/466e66b3-85fc-4eae-8b85-bf845524efa0.png","notFood":false,"drinks":false},{"name":"סלט בלקני","description":"חסה, עגבנייה, מלפפון, בצל סגול, פלפל קלוי, חציל קלוי, זיתים שחורים ובולגרית ברוטב וינגרט ועשבי תיבול.","price":44,"vegan":false,"vegetarian":true,"image":"https://d25t2285lxl5rf.cloudfront.net/images/dishes/2d5f5e4e-0e96-4dea-b2ce-5b522ee36e39.jpg","notFood":false,"drinks":false},{"name":"סלט צפתית","description":"חסה, עגבנייה, מלפפון, בצל סגול, שעועית ירוקה, קישוא אפוי, זיתים ירוקים, גבינה צפתית  שקדים ברוטב פסטו לימוני.","price":44,"vegan":false,"vegetarian":true,"image":"https://d25t2285lxl5rf.cloudfront.net/images/dishes/f6c26d37-f2bd-4bf6-a4fc-f1ec90853aa2.jpg","notFood":false,"drinks":false},{"name":"סלט טונה","description":"חסה, עגבנייה, מלפפון, תירס, תפוח אדמה, מלפפון חמוץ,                                שועית ירוקה, ביצה וטונה ברוטב וינגרט לייט.","price":44,"vegan":false,"vegetarian":false,"image":"https://d25t2285lxl5rf.cloudfront.net/images/dishes/b9bc642d-1473-40ae-97a7-36a47d431038.jpg","notFood":false,"drinks":false},{"name":"סלט שרון","description":"הסלט מגיע לא מעורבב- חסה, עגבניה, מלפפון, עגבניות                         שרי,פלפל צהוב, גמבה אדומה, גזר, סלק, נבטים, פטריות, כוסברה ופטרוזליה.","price":44,"vegan":true,"vegetarian":true,"image":"https://d25t2285lxl5rf.cloudfront.net/images/dishes/3e0668f6-6703-407c-bf3f-4e756894e1b7.jpg","notFood":false,"drinks":false},{"name":"סלט פנצלנה","description":"חסה,עליי בייבי,עגבניה,בצל סגול,שרי,צנונית,זיתים שחורים,בזיליקום,קרוטונים ומוצרלה עם שמן זית וחומץ בלסמי","price":44,"vegan":false,"vegetarian":true,"image":"https://d25t2285lxl5rf.cloudfront.net/images/dishes/87375300-483e-4b54-bc1b-6c188f533425.jpg","notFood":false,"drinks":false},{"name":"ראפ סביח","description":"רול טורטייה פריך במילוי ביצה קשה חציל בצל אפוי תפו\"א בצל סגול עגבנייה ופיטרוזיליה ","price":38,"vegan":false,"vegetarian":true,"image":"https://d25t2285lxl5rf.cloudfront.net/images/dishes/e53b7d86-e892-44a3-8b43-64979858d666.png","notFood":false,"drinks":false},{"name":"ראפ בלקני","description":"בולגרית 5%, בטטה אפויה , פלפל קלוי, חציל קלוי, בצל אפוי, עלי בזיליקום, שמן זית, זעתר ממרח עגבניות מיובשות וחסה \n   ","price":38,"vegan":false,"vegetarian":true,"image":"https://d25t2285lxl5rf.cloudfront.net/images/dishes/b14b1597-e7a4-4457-8063-36c8f8663701.png","notFood":false,"drinks":false},{"name":"ראפ אבוקדו","description":"ממרח אבוקדו,ביצה קשה,בצל סגול ,עגבנייה,פלפל קלוי חסה ורוטב איולי לימון\n","price":38,"vegan":false,"vegetarian":true,"image":"https://d25t2285lxl5rf.cloudfront.net/images/dishes/634bee3a-f189-4e63-b53a-4ef801074f1d.png","notFood":false,"drinks":false},{"name":"תוספת סלט ירוק","price":15,"vegan":true,"vegetarian":true,"image":"https://d25t2285lxl5rf.cloudfront.net/images/dishes/adb74dda-23d4-4b4d-90b3-edc6ac70d8af.jpg","notFood":false,"drinks":false},{"name":"תוספת סלט ערבי","price":15,"vegan":true,"vegetarian":true,"image":"https://d25t2285lxl5rf.cloudfront.net/images/dishes/f5b2d5ce-8e05-4ddf-a6f8-82e6e125789f.jpg","notFood":false,"drinks":false},{"name":"בלקני","description":"ממרח עגבניות מיובשות, פלפל קלוי, חציל קלוי, בולגרית, עלי בזיליקום וחסה","price":25,"vegan":false,"vegetarian":true,"image":"https://d25t2285lxl5rf.cloudfront.net/images/dishes/f7934ece-f528-4cf1-a758-06760bc19421.png","notFood":false,"drinks":false},{"name":"ירושלמי","description":"טחינה, ביצה קשה, חציל קלוי, מלפפון חמוץ, עגבניה, בצל סגול, עשבי תיבול וחסה","price":25,"vegan":false,"vegetarian":true,"image":"https://d25t2285lxl5rf.cloudfront.net/images/dishes/54c4d91d-c5f8-4241-b037-7bca82efcdb1.png","notFood":false,"drinks":false},{"name":"אבוקדו","description":"ממרח אבוקדו, ביצה קשה, עגבנייה, חסה, מלפפון חמוץ, בצל סגול ואיולי לימוני עשבי תיבול","price":25,"vegan":false,"vegetarian":true,"image":"https://d25t2285lxl5rf.cloudfront.net/images/dishes/2b23f581-d930-43b7-8093-491fc7f8ebe2.png","notFood":false,"drinks":false},{"name":"איטלקי","description":"מוצרלה, ממרח עגבניות מיובשות, עגבנייה, חסה, עלי בזיליקום, שמן זית, מלח ופלפל ","price":25,"vegan":false,"vegetarian":true,"image":"https://d25t2285lxl5rf.cloudfront.net/images/dishes/42467ccf-7c30-42d1-90fa-bce8e2ffd50b.jpg","notFood":false,"drinks":false},{"name":"סלט אישי","price":15,"vegan":true,"vegetarian":true,"image":"https://d25t2285lxl5rf.cloudfront.net/images/dishes/5803778d-6f9e-4224-bfd9-bd25492fea42.jpg","notFood":false,"drinks":false},{"name":"בלקני","description":"ממרח עגבניות מיובשות, פלפל קלוי, חציל קלוי, בולגרית, עלי בזיליקום וחסה ","price":35,"vegan":false,"vegetarian":true,"image":"https://d25t2285lxl5rf.cloudfront.net/images/dishes/943f9a2b-8efd-4a0b-97d7-c4e42e6f33b9.jpg","notFood":false,"drinks":false},{"name":"ירושלמי","description":"טחינה, ביצה קשה, חציל קלוי, מלפפון חמוץ, עגבניה, בצל סגול, עשבי תיבול וחסה","price":35,"vegan":false,"vegetarian":true,"image":"https://d25t2285lxl5rf.cloudfront.net/images/dishes/1cb9eca1-beeb-43ff-8a1a-4981f471f6c9.jpg","notFood":false,"drinks":false},{"name":"תוספת סלט ירוק","price":15,"vegan":true,"vegetarian":true,"image":"https://d25t2285lxl5rf.cloudfront.net/images/dishes/f201bf89-96d4-4933-ab43-f2293c747bf9.jpg","notFood":false,"drinks":false},{"name":"תוספת סלט ערבי","price":15,"vegan":true,"vegetarian":true,"image":"https://d25t2285lxl5rf.cloudfront.net/images/dishes/b325dd0e-71b7-47ea-aca1-33ab0c8f052c.jpg","notFood":false,"drinks":false},{"name":"אבוקדו","description":"ממרח אבוקדו, ביצה קשה, עגבנייה, חסה, מלפפון חמוץ, בצל סגול ואיולי לימוני עשבי תיבול","price":35,"vegan":false,"vegetarian":true,"notFood":false,"drinks":false},{"name":"איטלקי","description":"מוצרלה, ממרח עגבניות מיובשות, עגבנייה, חסה, עלי בזיליקום, שמן זית, מלח ופלפל ","price":35,"vegan":false,"vegetarian":true,"notFood":false,"drinks":false},{"name":"תוספת סלט ערבי","price":13,"vegan":true,"vegetarian":true,"image":"https://d25t2285lxl5rf.cloudfront.net/images/dishes/e88902ad-d051-4e95-b3d0-b5e31b89b5ae.jpg","notFood":false,"drinks":false},{"name":"תוספת סלט ירוק","price":13,"vegan":true,"vegetarian":true,"image":"https://d25t2285lxl5rf.cloudfront.net/images/dishes/a54ca414-4b52-4075-bdca-753d3a8e7689.jpg","notFood":false,"drinks":false},{"name":"מרק ירקות כתומים עם שמנת- יום ה'","price":25,"vegan":false,"vegetarian":true,"notFood":false,"drinks":false},{"name":"מג'דרה+ מיני סלט קצוץ","description":"תבשיל אורז ועדשים ירוקות","price":40,"vegan":true,"vegetarian":true,"notFood":false,"drinks":false},{"name":"מג'דרה","description":"תבשיל אורז עם עדשים ירוקות מוגש עם סלט קצוץ מתובל ובליווי רוטב טחינה/יוגורט לבחירה ","price":38,"vegan":true,"vegetarian":true,"image":"https://d25t2285lxl5rf.cloudfront.net/images/dishes/bc9eea97-c2e1-4065-bd44-4c1b02ddae99.jpg","notFood":false,"drinks":false},{"name":"פחית  קוקה קולה","price":10,"vegan":true,"vegetarian":true,"notFood":false,"drinks":true},{"name":"פחית קוקה קולה זירו","price":10,"vegan":true,"vegetarian":true,"notFood":false,"drinks":true},{"name":"בקבוק 0.5 נסטי אפרסק","price":10,"vegan":true,"vegetarian":true,"notFood":false,"drinks":true},{"name":"בקבוק 0.3 סודה","price":8,"vegan":true,"vegetarian":true,"notFood":false,"drinks":true},{"name":"בקבוק 0.5 מים מנירלים","price":8,"vegan":true,"vegetarian":true,"notFood":false,"drinks":true}]}