{"track_id":"20960","filters":["pasta","pizza","glutenFree"],"image":"https://tenbis-static.azureedge.net/restaurant-card-image/ResCard_20960_1910030327.jpg","address":"בוגרשוב, 21 תל אביב-יפו","location":[34.7696941,32.0770774],"name":"פסטה פנה בר ","city":"תל אביב-יפו","priceAverage":41.05882352941177,"menu":[{"name":"פיצה מרגריטה","description":"עגבניות מוצרלה שום בזיליקום","price":46,"vegan":false,"vegetarian":true,"image":"https://d25t2285lxl5rf.cloudfront.net/images/dishes/7c3f838d-d707-4963-a13d-4de89c98a6e7.png","notFood":false,"drinks":false},{"name":"רוזה","description":"","price":39,"vegan":true,"vegetarian":true,"image":"https://d25t2285lxl5rf.cloudfront.net/images/dishes/373d29f1-e1e8-42cd-85d2-504be648f9f9.png","notFood":false,"drinks":false},{"name":"שמנת סלמון ופטה","description":"","price":54,"vegan":false,"vegetarian":false,"image":"https://d25t2285lxl5rf.cloudfront.net/images/dishes/0476b057-9194-4abb-9af5-4300a24f17e0.png","notFood":false,"drinks":false},{"name":"סלט יווני","description":"עלי חסה מלפפון עגבניה פלפלים צנון זיתים בצל גבינת פטה שמן זית ולימון","price":46,"vegan":false,"vegetarian":true,"image":"https://d25t2285lxl5rf.cloudfront.net/images/dishes/edf8e1b2-7865-4f6d-932f-23765ef9a3d5.png","notFood":false,"drinks":false},{"name":"רוזה פטריות ופטה","description":"","price":46,"vegan":false,"vegetarian":true,"image":"https://d25t2285lxl5rf.cloudfront.net/images/dishes/f59f8ba7-1348-4f93-a47e-d002e6579db8.png","notFood":false,"drinks":false},{"name":"פיצה 4 גבינות","description":"ארבע גבינות מוצרלה גבינה כחולה גבינת עיזים פטה","price":54,"vegan":false,"vegetarian":true,"image":"https://d25t2285lxl5rf.cloudfront.net/images/dishes/c18ba843-c82b-4617-be76-223f81bdd791.png","notFood":false,"drinks":false},{"name":"פיצה 4 גבינות","description":"ארבע גבינות מוצרלה גבינה כחולה גבינת עיזים פטה","price":54,"vegan":false,"vegetarian":true,"image":"https://d25t2285lxl5rf.cloudfront.net/images/dishes/c18ba843-c82b-4617-be76-223f81bdd791.png","notFood":false,"drinks":false},{"name":"פיצה מרגריטה","description":"עגבניות מוצרלה שום בזיליקום","price":46,"vegan":false,"vegetarian":true,"image":"https://d25t2285lxl5rf.cloudfront.net/images/dishes/7c3f838d-d707-4963-a13d-4de89c98a6e7.png","notFood":false,"drinks":false},{"name":"פיצה בלקנית","description":"עגבניות סלמון מוצרלה זיתים פלפל אדום","price":54,"vegan":false,"vegetarian":false,"image":"https://d25t2285lxl5rf.cloudfront.net/images/dishes/0fe817b4-a957-4e60-a960-4fa7c06da7b5.png","notFood":false,"drinks":false},{"name":"פיצה מעושנת","description":"עגבניות מוצרלה מעושנת ובצל","price":54,"vegan":false,"vegetarian":true,"image":"https://d25t2285lxl5rf.cloudfront.net/images/dishes/125b1a17-d038-4149-89a1-07b9ed0a11d3.png","notFood":false,"drinks":false},{"name":"פיצה יוונית","description":"עגבניות טונה קלמטה גבינת פטה","price":54,"vegan":false,"vegetarian":false,"image":"","notFood":false,"drinks":false},{"name":"פיצה מרינרה","description":"עגבניות חציל אנשובי","price":54,"vegan":false,"vegetarian":false,"image":"","notFood":false,"drinks":false},{"name":"פיצה הוואי","description":"עגבניות, מוצרלה, אננס","price":54,"vegan":false,"vegetarian":true,"image":"","notFood":false,"drinks":false},{"name":"פיצה עיזים","description":"עגבניות, גבינת עיזים, דבש.","price":54,"vegan":false,"vegetarian":true,"image":"","notFood":false,"drinks":false},{"name":"מרגריטה לבנה","description":"שמנת, מוצרלה, שום, בזיליקום.","price":46,"vegan":false,"vegetarian":true,"image":"","notFood":false,"drinks":false},{"name":"רוזה","description":"","price":39,"vegan":true,"vegetarian":true,"image":"https://d25t2285lxl5rf.cloudfront.net/images/dishes/373d29f1-e1e8-42cd-85d2-504be648f9f9.png","notFood":false,"drinks":false},{"name":"עגבניות בצל שום רצועות סלמון צ'ילי","description":"","price":54,"vegan":false,"vegetarian":false,"image":"https://d25t2285lxl5rf.cloudfront.net/images/dishes/33c44ca6-e3fd-492c-a646-6b3a1a2dd810.png","notFood":false,"drinks":false},{"name":"שמנת ארבע גבינות","description":"","price":54,"vegan":false,"vegetarian":true,"image":"https://d25t2285lxl5rf.cloudfront.net/images/dishes/6783e54e-e781-4156-a19f-c3f41f9cb2a2.png","notFood":false,"drinks":false},{"name":"שמנת בטטה","description":"","price":46,"vegan":false,"vegetarian":true,"image":"https://d25t2285lxl5rf.cloudfront.net/images/dishes/daa56d25-6099-43f6-8ab1-c7a526267fe8.png","notFood":false,"drinks":false},{"name":"שמנת פטריות","description":"","price":46,"vegan":false,"vegetarian":true,"image":"https://d25t2285lxl5rf.cloudfront.net/images/dishes/6dcd2ade-277a-4988-8029-daa98b3894c1.png","notFood":false,"drinks":false},{"name":"שמנת סלמון ופטה","description":"","price":54,"vegan":false,"vegetarian":false,"image":"https://d25t2285lxl5rf.cloudfront.net/images/dishes/0476b057-9194-4abb-9af5-4300a24f17e0.png","notFood":false,"drinks":false},{"name":"רוזה פטריות ופטה","description":"","price":46,"vegan":false,"vegetarian":true,"image":"https://d25t2285lxl5rf.cloudfront.net/images/dishes/f59f8ba7-1348-4f93-a47e-d002e6579db8.png","notFood":false,"drinks":false},{"name":"רוזה חצילים קישוא ופטה","description":"","price":46,"vegan":false,"vegetarian":true,"image":"https://d25t2285lxl5rf.cloudfront.net/images/dishes/a3153cd3-c12c-4289-81f9-2e5ed7e6af80.png","notFood":false,"drinks":false},{"name":"פסטו שמנת חצילים ובולגרית","description":"","price":46,"vegan":false,"vegetarian":true,"image":"https://d25t2285lxl5rf.cloudfront.net/images/dishes/23752aa8-a153-4f2e-9204-f15c5131466f.png","notFood":false,"drinks":false},{"name":"פסטו קישוא צנובר וזיתים","description":"","price":54,"vegan":true,"vegetarian":true,"image":"https://d25t2285lxl5rf.cloudfront.net/images/dishes/bd16a929-aed5-47f3-b064-490630f8dcb4.png","notFood":false,"drinks":false},{"name":"שמנת קישואים ורוקפור","description":"","price":54,"vegan":false,"vegetarian":true,"image":"","notFood":false,"drinks":false},{"name":"רוזה חצילים ומוצרלה","description":"","price":46,"vegan":false,"vegetarian":true,"image":"","notFood":false,"drinks":false},{"name":"שמן זית ברוקולי תרד וצנובר","description":"","price":54,"vegan":true,"vegetarian":true,"image":"","notFood":false,"drinks":false},{"name":"שמן זית סלמון ועגבניות מיובשות","description":"","price":54,"vegan":false,"vegetarian":false,"image":"","notFood":false,"drinks":false},{"name":"רביולי בטטה","description":"","price":54,"vegan":true,"vegetarian":true,"image":"","notFood":false,"drinks":false},{"name":"רביולי גבינות","description":"","price":54,"vegan":true,"vegetarian":true,"image":"","notFood":false,"drinks":false},{"name":"שמנת ברוקולי","description":"","price":46,"vegan":false,"vegetarian":true,"image":"","notFood":false,"drinks":false},{"name":"שמנת טונה וזיתים","description":"","price":54,"vegan":false,"vegetarian":false,"image":"","notFood":false,"drinks":false},{"name":"רוזה טונה צלפים","description":"","price":54,"vegan":false,"vegetarian":false,"image":"","notFood":false,"drinks":false},{"name":"רוזה קישואים ברוקולי","description":"","price":46,"vegan":true,"vegetarian":true,"image":"","notFood":false,"drinks":false},{"name":"רוזה פטריות פטה","description":"","price":46,"vegan":false,"vegetarian":true,"image":"","notFood":false,"drinks":false},{"name":"פסטו חצלים פטה","description":"","price":46,"vegan":false,"vegetarian":true,"image":"","notFood":false,"drinks":false},{"name":"פסטו שמנת פטריות מוצרלה","description":"","price":46,"vegan":false,"vegetarian":true,"image":"","notFood":false,"drinks":false},{"name":"פסטו זיתים פלפל אדום","description":"","price":46,"vegan":true,"vegetarian":true,"image":"","notFood":false,"drinks":false},{"name":"פסטו ברוקולי צנובר","description":"","price":54,"vegan":true,"vegetarian":true,"image":"","notFood":false,"drinks":false},{"name":"שמן זית פטריות ובצל","description":"","price":46,"vegan":true,"vegetarian":true,"image":"","notFood":false,"drinks":false},{"name":"שמן זית סלמון ועגבניות מיובשות","description":"","price":54,"vegan":false,"vegetarian":false,"image":"","notFood":false,"drinks":false},{"name":"רוזה קישוא ומצורלה מעושנת","description":"","price":54,"vegan":true,"vegetarian":true,"image":"","notFood":false,"drinks":false},{"name":"רוזה","description":"","price":34,"vegan":true,"vegetarian":true,"image":"","notFood":false,"drinks":false},{"name":"סלט יווני","description":"עלי חסה מלפפון עגבניה פלפלים צנון זיתים בצל גבינת פטה שמן זית ולימון","price":46,"vegan":false,"vegetarian":true,"image":"https://d25t2285lxl5rf.cloudfront.net/images/dishes/edf8e1b2-7865-4f6d-932f-23765ef9a3d5.png","notFood":false,"drinks":false},{"name":"סלט טונה","description":"עלי חסה מלפפון עגבניה פלפלים צנון זיתים בצל טונה שמן זית ולימון\t","price":46,"vegan":false,"vegetarian":false,"image":"","notFood":false,"drinks":false},{"name":"סלט 4 גבינות","description":"מלפפון, עגבניה, חסה, גמבה, בצל , צנון, זיתים,לימון, זעתר, שמן זית, פטה , רוקפור, מוצרלה, פרמזן.","price":54,"vegan":false,"vegetarian":true,"image":"","notFood":false,"drinks":false},{"name":"סלט מעושן","description":"מלפפון, עגבניה, חסה, גמבה,בצל,צנון, זיתים,לימון, זעתר, שמן זית, סלמון מעושן, צלפים.","price":54,"vegan":false,"vegetarian":false,"image":"","notFood":false,"drinks":false},{"name":"סלט ירוק","description":"מלפפון, עגבניה, חסה, גמבה, בצל, צנון, זיתים, לימון, זעתר, שמן זית.","price":46,"vegan":true,"vegetarian":true,"image":"","notFood":false,"drinks":false},{"name":"סלט קפרזה","description":"","price":54,"vegan":true,"vegetarian":true,"image":"","notFood":false,"drinks":false},{"name":"מרק עגבניות","description":"מרק עגבניות","price":29,"vegan":true,"vegetarian":true,"image":"","notFood":false,"drinks":false},{"name":"תוספת ביצה","description":"","price":8,"vegan":false,"vegetarian":true,"image":"","notFood":false,"drinks":false},{"name":"תוספת סלמון מעושן","description":"","price":14,"vegan":false,"vegetarian":false,"image":"","notFood":false,"drinks":false},{"name":"מרגריטה ביצה","description":"","price":54,"vegan":false,"vegetarian":true,"image":"","notFood":false,"drinks":false},{"name":"לחם הבית","description":"","price":24,"vegan":true,"vegetarian":true,"image":"","notFood":false,"drinks":false},{"name":"סכו\"ם","description":"","price":0,"vegan":true,"vegetarian":true,"image":"","notFood":true,"drinks":false},{"name":"סופלה שוקולד חם","description":"","price":39,"vegan":false,"vegetarian":true,"image":"","notFood":false,"drinks":false},{"name":"יין לבן שרדונה / ריזלינג","description":"","price":34,"vegan":true,"vegetarian":true,"image":"","notFood":false,"drinks":true},{"name":"יין רוזה - כוס","description":"","price":34,"vegan":true,"vegetarian":true,"image":"","notFood":false,"drinks":false},{"name":"בקבוק יין הבית אדום מרלו","description":"","price":109,"vegan":true,"vegetarian":true,"image":"","notFood":false,"drinks":true},{"name":"בקבוק יין הבית אדום קברנה","description":"","price":109,"vegan":true,"vegetarian":true,"image":"","notFood":false,"drinks":true},{"name":"בקבוק יין הבית לבן  ריזלינג","description":"","price":109,"vegan":true,"vegetarian":true,"image":"","notFood":false,"drinks":true},{"name":"בקבוק יין הבית לבן  שרדונה","description":"","price":109,"vegan":true,"vegetarian":true,"image":"","notFood":false,"drinks":true},{"name":"יין אדום קברנה \\ מרלו","description":"","price":34,"vegan":true,"vegetarian":true,"image":"","notFood":false,"drinks":false},{"name":"בקבוק גולדסטאר","description":"","price":24,"vegan":true,"vegetarian":true,"image":"","notFood":false,"drinks":true},{"name":"בקבוק טובורג","description":"","price":24,"vegan":true,"vegetarian":true,"image":"","notFood":false,"drinks":true},{"name":"בקבוק הייניקן","description":"","price":24,"vegan":true,"vegetarian":true,"image":"","notFood":false,"drinks":true},{"name":"קרלסברג מהחבית","description":"","price":0,"vegan":true,"vegetarian":true,"image":"","notFood":false,"drinks":false},{"name":"קולה זירו","description":"","price":12,"vegan":true,"vegetarian":true,"image":"https://d25t2285lxl5rf.cloudfront.net/images/dishes/1029b02c-1fd8-432c-b1b2-72f12a33be73.jpg","notFood":false,"drinks":true},{"name":"קולה","description":"","price":12,"vegan":true,"vegetarian":true,"image":"https://d25t2285lxl5rf.cloudfront.net/images/dishes/e2ec631d-479b-4dcf-97e4-6290dab25b5d.jpg","notFood":false,"drinks":true},{"name":"תפוזים","description":"","price":12,"vegan":true,"vegetarian":true,"image":"https://d25t2285lxl5rf.cloudfront.net/images/dishes/d6680744-1bbe-4cbb-b821-a918420bd42f.jpg","notFood":false,"drinks":false},{"name":"לימונדה","description":"","price":12,"vegan":true,"vegetarian":true,"image":"https://d25t2285lxl5rf.cloudfront.net/images/dishes/546feea7-3a4f-4fcc-9fb1-8901719b3815.jpg","notFood":false,"drinks":false},{"name":"מים","description":"","price":12,"vegan":true,"vegetarian":true,"image":"https://d25t2285lxl5rf.cloudfront.net/images/dishes/5d868653-6d83-4ebf-a811-7032334da4ff.jpg","notFood":false,"drinks":false},{"name":"סודה","description":"","price":12,"vegan":true,"vegetarian":true,"image":"https://d25t2285lxl5rf.cloudfront.net/images/dishes/c27b615a-6f39-4931-8113-f0e86bfda522.jpg","notFood":false,"drinks":true},{"name":"אספרסו","description":"קצר \\ ארוך","price":10,"vegan":true,"vegetarian":true,"image":"","notFood":false,"drinks":false},{"name":"ספרייט","description":"","price":12,"vegan":true,"vegetarian":true,"image":"","notFood":false,"drinks":true},{"name":"מקיאטו","description":"","price":12,"vegan":true,"vegetarian":true,"image":"","notFood":false,"drinks":false},{"name":"אמריקנו","description":"","price":12,"vegan":true,"vegetarian":true,"image":"","notFood":false,"drinks":false},{"name":"תה","description":"","price":12,"vegan":true,"vegetarian":true,"image":"","notFood":false,"drinks":false},{"name":"שוקו חם","description":"","price":14,"vegan":true,"vegetarian":true,"image":"","notFood":false,"drinks":false},{"name":"קפה שחור","description":"","price":10,"vegan":true,"vegetarian":true,"image":"","notFood":false,"drinks":false},{"name":"פיוזטי","description":"","price":12,"vegan":true,"vegetarian":true,"image":"","notFood":false,"drinks":false},{"name":"מים בטעמים-אפרסק","description":"","price":12,"vegan":true,"vegetarian":true,"image":"","notFood":false,"drinks":false},{"name":"זירו ספרייט","description":"","price":12,"vegan":true,"vegetarian":true,"image":"","notFood":false,"drinks":true},{"name":"הפוך מאג","description":"","price":14,"vegan":true,"vegetarian":true,"image":"","notFood":false,"drinks":false},{"name":"הפוך","description":"","price":12,"vegan":true,"vegetarian":true,"image":"","notFood":false,"drinks":false},{"name":"קפה קר","description":"","price":14,"vegan":true,"vegetarian":true,"image":"","notFood":false,"drinks":false}]}