{"track_id":"20975","filters":["meatGrill","homeMade","salads"],"image":"https://tenbis-static.azureedge.net/restaurant-card-image/ResCard_20975_20210223093809.jpg","address":"ראול ולנברג, 20 תל אביב-יפו","location":[34.8376485,32.1100501],"name":"רוטיסרי צ'יקן קלאב תל אביב","city":"הרצליה - רמת השרון","priceAverage":34.86764705882353,"menu":[{"name":"ראפ עוף","description":"טורטייה במילוי עוף צלוי מפורק עם בצל קונפי, חסה, עגבניה, סלסת עגבניות אבוקדו ואיולי ","price":52,"vegan":false,"vegetarian":false,"image":"https://d25t2285lxl5rf.cloudfront.net/images/dishes/ac73244b-49b6-406e-aea6-b3f28d9d2e95.png","notFood":false,"drinks":false},{"name":"שניצל עוף טרי","description":"","price":22,"vegan":false,"vegetarian":false,"image":"https://d25t2285lxl5rf.cloudfront.net/images/dishes/a59c5a63-3d50-4ed0-b804-f497a4b91a07.jpg","notFood":false,"drinks":false},{"name":"צ'יפס תפוח אדמה","description":"","price":18,"vegan":true,"vegetarian":true,"image":"https://d25t2285lxl5rf.cloudfront.net/images/dishes/85645f9b-7178-40d9-9201-ad37ead8c6af.os__2080_id85522251","notFood":false,"drinks":false},{"name":"רבע עוף","description":"","price":32,"vegan":false,"vegetarian":false,"image":"https://d25t2285lxl5rf.cloudfront.net/images/dishes/e374336c-0cfa-4149-a1ba-c5c4fd1e0ff6.jpg","notFood":false,"drinks":false},{"name":"סלט בריאות","description":"בורגול, נתחי חזה עוף, ברוקולי, בצל ירוק, גזר, מלפפון, שעועית ירוקה ובצל סגול ברוטב סילאן","price":62,"vegan":false,"vegetarian":false,"image":"https://d25t2285lxl5rf.cloudfront.net/images/dishes/bd615259-601b-4bae-83d0-a063583e3288.jpg","notFood":false,"drinks":false},{"name":"סלט עוף רוטיסרי","description":"עוף מפורק עם בצל,חסה, מלפפון, גזר, בצל סגול, בצל פריך, עגבניות שרי,קרוטונים . מוגש עם רוטב איולי חרדל בצד","price":58,"vegan":false,"vegetarian":false,"image":"https://d25t2285lxl5rf.cloudfront.net/images/dishes/a3cb63ed-7f8a-4fc5-b6de-a88ad8376a10.jpg","notFood":false,"drinks":false},{"name":"חצי עוף בגריל","description":"","price":54,"vegan":false,"vegetarian":false,"image":"https://d25t2285lxl5rf.cloudfront.net/images/dishes/b77cb3fb-821a-4d35-93f9-0aeeed227281.jpg","notFood":false,"drinks":false},{"name":"עוף שלם בגריל","description":"","price":98,"vegan":false,"vegetarian":false,"image":"https://d25t2285lxl5rf.cloudfront.net/images/dishes/0e676bef-55ee-4571-8708-2da129579c86.jpg","notFood":false,"drinks":false},{"name":"שניצל עוף","description":"בליווי תוספת לבחירה ","price":56,"vegan":false,"vegetarian":false,"image":"https://d25t2285lxl5rf.cloudfront.net/images/dishes/b19f5623-3135-4466-8a4a-e2c29006a5ce.jpg","notFood":false,"drinks":false},{"name":"נתחי פרגית","description":"","price":62,"vegan":false,"vegetarian":false,"image":"https://d25t2285lxl5rf.cloudfront.net/images/dishes/5eb8abbd-1226-402e-aa3d-f718f25d8003.24","notFood":false,"drinks":false},{"name":"חזה עוף על הפלנצ'ה","description":"עם תוספת לבחירה","price":56,"vegan":false,"vegetarian":false,"image":"https://d25t2285lxl5rf.cloudfront.net/images/dishes/59ed84ee-25ce-4897-82ce-0e16fc692a6d.jpg","notFood":false,"drinks":false},{"name":"רבע עוף","description":"","price":32,"vegan":false,"vegetarian":false,"image":"https://d25t2285lxl5rf.cloudfront.net/images/dishes/e374336c-0cfa-4149-a1ba-c5c4fd1e0ff6.jpg","notFood":false,"drinks":false},{"name":"ראפ עוף","description":"טורטייה במילוי עוף צלוי מפורק עם בצל קונפי, חסה, עגבניה, סלסת עגבניות אבוקדו ואיולי ","price":52,"vegan":false,"vegetarian":false,"image":"https://d25t2285lxl5rf.cloudfront.net/images/dishes/ac73244b-49b6-406e-aea6-b3f28d9d2e95.png","notFood":false,"drinks":false},{"name":"ראפ שניצל","description":"טורטייה במילוי שניצל, חסה עגבניה, סלסת עגבניות אבוקדו ואיולי","price":52,"vegan":false,"vegetarian":false,"image":"https://d25t2285lxl5rf.cloudfront.net/images/dishes/767c20cb-ea99-4ebc-9a59-532fbe453038.jpg","notFood":false,"drinks":false},{"name":"כריך עוף","description":"עוף צלוי מפורק עם בצל קונפי חסה וממרח חרדל מוגש בלחמניית פארקר האוס ","price":46,"vegan":false,"vegetarian":false,"image":"https://d25t2285lxl5rf.cloudfront.net/images/dishes/7b84f1ba-d89d-4fde-b571-4cc7f9a5e926.jpg","notFood":false,"drinks":false},{"name":"ראפ חזה עוף","description":"טורטייה במילוי חזה עוף על הפלנצ'ה, חסה עגבניה, סלסת עגבניות אבוקדו ואיולי.","price":52,"vegan":false,"vegetarian":false,"image":"","notFood":false,"drinks":false},{"name":"כנפיים צ'ילי מתוק 12 יח","description":"","price":45,"vegan":false,"vegetarian":false,"image":"https://d25t2285lxl5rf.cloudfront.net/images/dishes/5a766b02-9b09-43d5-a19b-3ce628414726.jpg","notFood":false,"drinks":false},{"name":"כנפיים ברביקיו 12 יח","description":"","price":45,"vegan":false,"vegetarian":false,"image":"https://d25t2285lxl5rf.cloudfront.net/images/dishes/ebbef96a-3bf0-418f-8142-5c1e9edd18c9.jpg","notFood":false,"drinks":false},{"name":"כנפיים דיאבלו- חריף 12 יח","description":"","price":45,"vegan":false,"vegetarian":false,"image":"https://d25t2285lxl5rf.cloudfront.net/images/dishes/c7459f59-53c5-48be-8378-14b1c8f2c32b.jpg","notFood":false,"drinks":false},{"name":"כנפיים- ברוטב לבחירה 24 יח","description":"","price":75,"vegan":false,"vegetarian":false,"image":"https://d25t2285lxl5rf.cloudfront.net/images/dishes/149d17b5-0d31-4eb8-9f21-17142fc50cc2.jpg","notFood":false,"drinks":false},{"name":"סלט עוף רוטיסרי","description":"עוף מפורק עם בצל,חסה, מלפפון, גזר, בצל סגול, בצל פריך, עגבניות שרי,קרוטונים . מוגש עם רוטב איולי חרדל בצד","price":58,"vegan":false,"vegetarian":false,"image":"https://d25t2285lxl5rf.cloudfront.net/images/dishes/a3cb63ed-7f8a-4fc5-b6de-a88ad8376a10.jpg","notFood":false,"drinks":false},{"name":"סלט חזה עוף חדש","description":"נתחי חזה עוף, כרוב לבן, אפונה וחמוציות בויניגרט דבש וג'ינג'ר.","price":58,"vegan":false,"vegetarian":false,"image":"https://d25t2285lxl5rf.cloudfront.net/images/dishes/1990389.jpg","notFood":false,"drinks":false},{"name":"סלט בריאות","description":"בורגול, נתחי חזה עוף, ברוקולי, בצל ירוק, גזר, מלפפון, שעועית ירוקה ובצל סגול ברוטב סילאן","price":58,"vegan":false,"vegetarian":false,"image":"https://d25t2285lxl5rf.cloudfront.net/images/dishes/f0415853-508b-446e-abba-c76e82634c07.png","notFood":false,"drinks":false},{"name":"סלט בריאות","description":"בורגול, נתחי חזה עוף, ברוקולי, בצל ירוק, גזר, מלפפון, שעועית ירוקה ובצל סגול ברוטב סילאן","price":62,"vegan":false,"vegetarian":false,"image":"https://d25t2285lxl5rf.cloudfront.net/images/dishes/bd615259-601b-4bae-83d0-a063583e3288.jpg","notFood":false,"drinks":false},{"name":"סלט חזה עוף חדש","description":"נתחי חזה עוף, כרוב לבן, אפונה וחמוציות בויניגרט דבש וג'ינג'ר.","price":58,"vegan":false,"vegetarian":false,"image":"https://d25t2285lxl5rf.cloudfront.net/images/dishes/63543c0c-935b-4631-a829-80eacce7df3e.jpg","notFood":false,"drinks":false},{"name":"סלט עוף רוטיסרי","description":"עוף מפורק עם בצל,חסה, מלפפון, גזר, בצל סגול, בצל פריך, עגבניות שרי,קרוטונים . מוגש עם רוטב איולי חרדל בצד","price":58,"vegan":false,"vegetarian":false,"image":"","notFood":false,"drinks":false},{"name":"תפוחי אדמה","description":"בטפטופי רוטיסרי","price":18,"vegan":true,"vegetarian":true,"image":"https://d25t2285lxl5rf.cloudfront.net/images/dishes/78fbd195-6209-448e-b1b7-910d5d88fafa.os__1973_id85522241","notFood":false,"drinks":false},{"name":"צ'יפס תפוח אדמה","description":"","price":18,"vegan":true,"vegetarian":true,"image":"https://d25t2285lxl5rf.cloudfront.net/images/dishes/85645f9b-7178-40d9-9201-ad37ead8c6af.os__2080_id85522251","notFood":false,"drinks":false},{"name":"צ'יפס בטטה","description":"","price":25,"vegan":true,"vegetarian":true,"image":"https://d25t2285lxl5rf.cloudfront.net/images/dishes/4e56e3b3-9b28-4ddf-afc6-2655aca652de.os__2167_id85522272","notFood":false,"drinks":false},{"name":"סלט ירוק גדול","description":"לבבות חסה, עגבניות שרי, מלפפון וגזר. רוטב ויניגרט בצד","price":28,"vegan":true,"vegetarian":true,"image":"https://d25t2285lxl5rf.cloudfront.net/images/dishes/989eb9fd-cce7-4d88-9480-d1f6c183130b.os__2097_id85522255","notFood":false,"drinks":false},{"name":"סלט קולסלאו קלאסי- קטן","description":"כרוב אדום,לבן וגזר","price":16,"vegan":true,"vegetarian":true,"image":"https://d25t2285lxl5rf.cloudfront.net/images/dishes/7c491fcc-961b-41a6-aa81-c839db6d1f1c.jpg","notFood":false,"drinks":false},{"name":"סלט קולסלאו קלאסי - גדול","description":"כרוב אדום,לבן וגזר","price":30,"vegan":true,"vegetarian":true,"image":"https://d25t2285lxl5rf.cloudfront.net/images/dishes/92f0b711-57ed-4cc7-bf60-7eb23964d4de.jpg","notFood":false,"drinks":false},{"name":"שעועית ירוקה","description":"","price":18,"vegan":true,"vegetarian":true,"image":"https://d25t2285lxl5rf.cloudfront.net/images/dishes/66474d33-524b-455f-b331-48869135a441.jpg","notFood":false,"drinks":false},{"name":"אורז","description":"","price":16,"vegan":true,"vegetarian":true,"image":"https://d25t2285lxl5rf.cloudfront.net/images/dishes/73d47aec-ee92-49e0-9c95-c450181739b0.jpg","notFood":false,"drinks":false},{"name":"לחם הבית","description":"לחמנית פארקר האוס וממרח חרדל","price":18,"vegan":true,"vegetarian":true,"image":"https://d25t2285lxl5rf.cloudfront.net/images/dishes/83f33885-4a49-4793-8878-d20252c69b2e.jpg","notFood":false,"drinks":false},{"name":"סלט תפוחי אדמה קטן","description":"","price":24,"vegan":true,"vegetarian":true,"image":"https://d25t2285lxl5rf.cloudfront.net/images/dishes/0d0af2f2-e691-4f3a-b27f-46de60802a82.jpg","notFood":false,"drinks":false},{"name":"סלט תפוחי אדמה גדול","description":"","price":40,"vegan":true,"vegetarian":true,"image":"https://d25t2285lxl5rf.cloudfront.net/images/dishes/1f8d4c61-0866-4ebb-89b8-353776f00e1f.jpg","notFood":false,"drinks":false},{"name":"סלט עדשים  שחורות צרובים ועשבי תיבול","description":"","price":18,"vegan":true,"vegetarian":true,"image":"","notFood":false,"drinks":false},{"name":"כדורי פירה פריכים","description":"כדורי פירה","price":25,"vegan":true,"vegetarian":true,"image":"","notFood":false,"drinks":false},{"name":"שניצל עוף טרי","description":"","price":22,"vegan":false,"vegetarian":false,"image":"https://d25t2285lxl5rf.cloudfront.net/images/dishes/a59c5a63-3d50-4ed0-b804-f497a4b91a07.jpg","notFood":false,"drinks":false},{"name":"אורז לבן","description":"500 גרם","price":30,"vegan":true,"vegetarian":true,"image":"https://d25t2285lxl5rf.cloudfront.net/images/dishes/bd1db77c-0fba-4c57-b34a-defd5fcde87e.jpg","notFood":false,"drinks":false},{"name":"תפוחי אדמה צלויים מהרוטיסרי","description":"500 גר","price":30,"vegan":true,"vegetarian":true,"image":"https://d25t2285lxl5rf.cloudfront.net/images/dishes/a8617cd9-cb9e-4953-830e-354221c8571c.jpg","notFood":false,"drinks":false},{"name":"עוף שלם רוטיסרי","description":"","price":98,"vegan":false,"vegetarian":false,"image":"https://d25t2285lxl5rf.cloudfront.net/images/dishes/ef1d8b1a-cf80-4ecf-a026-07cade5e1750.jpg","notFood":false,"drinks":false},{"name":"כנפיים  ברוטב לבחירה 12 יח","description":"","price":45,"vegan":false,"vegetarian":false,"image":"https://d25t2285lxl5rf.cloudfront.net/images/dishes/116534ef-bbcd-44c3-87c9-9d37c590cec1.jpg","notFood":false,"drinks":false},{"name":"כנפיים  ברוטב לבחירה 24 יח","description":"","price":75,"vegan":false,"vegetarian":false,"image":"https://d25t2285lxl5rf.cloudfront.net/images/dishes/31354d4f-58bd-4c90-b385-8f95b0068a0f.jpg","notFood":false,"drinks":false},{"name":"סלט קולסלאו גדול","description":"","price":30,"vegan":true,"vegetarian":true,"image":"https://d25t2285lxl5rf.cloudfront.net/images/dishes/55b5c64d-134b-4c46-9486-e1d475b4693e.jpg","notFood":false,"drinks":false},{"name":"שעועית ירוקה","description":"שעועית ירוקה בשמן זית שום גרידת לימון מלח ופלפל שחור","price":30,"vegan":true,"vegetarian":true,"image":"https://d25t2285lxl5rf.cloudfront.net/images/dishes/ed99d6c2-2e7d-4f73-98f8-4d5cc5e6f8b8.jpg","notFood":false,"drinks":false},{"name":"סלט עדשים שחורות ירקות צרובים ועישבי תיבול","description":"","price":36,"vegan":true,"vegetarian":true,"image":"https://d25t2285lxl5rf.cloudfront.net/images/dishes/48f54903-4225-4ca9-a696-6d68fec6dc54.jpg","notFood":false,"drinks":false},{"name":"לחם הבית","description":"לחמנית פארקר האוס וממרח חרדל","price":18,"vegan":true,"vegetarian":true,"image":"https://d25t2285lxl5rf.cloudfront.net/images/dishes/c2d4a8b9-be59-47dd-8e76-03f54fd90ae9.jpg","notFood":false,"drinks":false},{"name":"איולי קלאב","description":"","price":18,"vegan":true,"vegetarian":true,"image":"https://d25t2285lxl5rf.cloudfront.net/images/dishes/b8b67ce0-0d35-417e-a312-6bf2aa3b4590.jpg","notFood":false,"drinks":false},{"name":"ספייסי קלאב","description":"","price":26,"vegan":true,"vegetarian":true,"image":"https://d25t2285lxl5rf.cloudfront.net/images/dishes/3f5a2e51-2d28-42c1-904a-f7acb4f7b538.jpg","notFood":false,"drinks":false},{"name":"ממרח חרדל","description":"","price":18,"vegan":true,"vegetarian":true,"image":"https://d25t2285lxl5rf.cloudfront.net/images/dishes/4107d36e-e6c5-48f0-bb19-46f0af733529.jpg","notFood":false,"drinks":false},{"name":"וינגרט הדרים","description":"","price":26,"vegan":true,"vegetarian":true,"image":"https://d25t2285lxl5rf.cloudfront.net/images/dishes/6dd887c1-1508-4aad-b329-fcd2bbc41890.jpg","notFood":false,"drinks":false},{"name":"ארוחת ילדים -שניצל עוף","description":"מוגש עם צ'יפס וירקות חתוכים","price":48,"vegan":false,"vegetarian":false,"image":"https://d25t2285lxl5rf.cloudfront.net/images/dishes/fae82c6d-701b-4154-8bb1-4de5d7e4917f.jpg","notFood":false,"drinks":false},{"name":"פחית סודה פרייה","description":"","price":10,"vegan":true,"vegetarian":true,"image":"","notFood":false,"drinks":true},{"name":"בקבוק אישי - ג'מפ ענבים","description":"","price":12,"vegan":true,"vegetarian":true,"image":"","notFood":false,"drinks":true},{"name":"בקבוק אישי - נסטי אפרסק","description":"","price":12,"vegan":true,"vegetarian":true,"image":"","notFood":false,"drinks":true},{"name":"בקבוק אישי - בירה נשר","description":"","price":12,"vegan":true,"vegetarian":true,"image":"","notFood":false,"drinks":true},{"name":"בקבוק אישי - סודה פרייה","description":"","price":12,"vegan":true,"vegetarian":true,"image":"","notFood":false,"drinks":true},{"name":"בקבוק אישי - מים מינרלים","description":"","price":8,"vegan":true,"vegetarian":true,"image":"","notFood":false,"drinks":true},{"name":"גולדסטאר בקבוק - לא במשלוחים!","description":"","price":21,"vegan":true,"vegetarian":true,"image":"","notFood":false,"drinks":true},{"name":"פרייה מנגו אננס","description":"","price":12,"vegan":true,"vegetarian":true,"image":"","notFood":false,"drinks":false},{"name":"פרייה אפרסק דובדבן","description":"","price":12,"vegan":true,"vegetarian":true,"image":"","notFood":false,"drinks":false},{"name":"מירנדה","description":"","price":10,"vegan":true,"vegetarian":true,"image":"","notFood":false,"drinks":false},{"name":"פפסי","description":"","price":10,"vegan":true,"vegetarian":true,"image":"","notFood":false,"drinks":true},{"name":"פפסי מקס","description":"","price":10,"vegan":true,"vegetarian":true,"image":"","notFood":false,"drinks":true},{"name":"סבן אפ","description":"","price":10,"vegan":true,"vegetarian":true,"image":"","notFood":false,"drinks":false},{"name":"סבן אפ דיאט","description":"","price":10,"vegan":true,"vegetarian":true,"image":"","notFood":false,"drinks":false}]}