{"track_id":"20996","filters":["meatGrill","homeMade","fish"],"image":"https://tenbis-static.azureedge.net/restaurant-default-card-image/CuzineType_meatgrill_02.jpg","address":"בן ציון גליס, 4 פתח תקווה","location":[34.8974303,32.1026769],"name":"השיפוד והמנגל","city":"פתח תקוה - בקעת אונו","priceAverage":46.7887323943662,"menu":[{"name":"חציל בלאדי","description":"חציל על האש עם טחינה סלסה וגרגרי חומוס","price":40,"vegan":true,"vegetarian":true,"notFood":false,"drinks":false},{"name":"כרובית מטוגנת","price":45,"vegan":true,"vegetarian":true,"notFood":false,"drinks":false},{"name":"סלט בוכרי","description":"בצל ועגבנייה חתוך גס עם עשבי תיבול","price":45,"vegan":true,"vegetarian":true,"notFood":false,"drinks":false},{"name":"כנפיים בצ'ילי","description":" כנפי עוף ברוטב צ'ילי מתוק כ 10 יחידות","price":44,"vegan":false,"vegetarian":false,"image":"https://d25t2285lxl5rf.cloudfront.net/images/dishes/a303f469-971c-4312-b133-fed54a24447d.jpg","notFood":false,"drinks":false},{"name":"צלחת חומוס","price":33,"vegan":true,"vegetarian":true,"notFood":false,"drinks":false},{"name":"צ'יפס גדול","price":33,"vegan":true,"vegetarian":true,"notFood":false,"drinks":false},{"name":"סלט ישראלי גדול","price":37,"vegan":true,"vegetarian":true,"notFood":false,"drinks":false},{"name":"תוספת לאפה","price":6,"vegan":true,"vegetarian":true,"notFood":false,"drinks":false},{"name":"תוספת פיתה","price":4,"vegan":true,"vegetarian":true,"notFood":false,"drinks":false},{"name":"עסקית בריאות","description":"מנת בשר 2 תוספות לבחירה","price":55,"vegan":false,"vegetarian":false,"image":"https://d25t2285lxl5rf.cloudfront.net/images/dishes/3566adaa-337d-477d-8613-953e336f7b3d.jpg","notFood":false,"drinks":false},{"name":"עסקית בורגר","description":"המבורגר בתוספת צ'יפס ","price":65,"vegan":false,"vegetarian":false,"image":"https://d25t2285lxl5rf.cloudfront.net/images/dishes/0073aec0-716c-4802-a689-151731aa5088.jpg","notFood":false,"drinks":false},{"name":"עסקית שיפודים","description":"2 שיפודים לבחירה 2 תוספות לבחירה ","price":65,"vegan":true,"vegetarian":true,"image":"https://d25t2285lxl5rf.cloudfront.net/images/dishes/307dfd12-ddd1-492a-bd8e-c19ac03083ce.jpg","notFood":false,"drinks":false},{"name":"עסקית שווארמה","price":65,"vegan":false,"vegetarian":false,"notFood":false,"drinks":false},{"name":"קומבינציה משפחתית","description":"מתאים ל 5 סועדים |  10 שיפודים לבחירה, חומוס, צ'יפס, סלט ולאפות חמות מהטאבון, מנה לבחירה, בקבוק שתייה 1 ליטר.","price":365,"vegan":true,"vegetarian":true,"notFood":false,"drinks":true},{"name":"שווארמה","price":49,"vegan":false,"vegetarian":false,"notFood":false,"drinks":false},{"name":"פרגית","price":42,"vegan":false,"vegetarian":false,"notFood":false,"drinks":false},{"name":"קבב","price":42,"vegan":false,"vegetarian":false,"notFood":false,"drinks":false},{"name":"כבד","price":42,"vegan":true,"vegetarian":true,"notFood":false,"drinks":false},{"name":"לבבות","price":42,"vegan":true,"vegetarian":true,"notFood":false,"drinks":false},{"name":"חזה עוף","price":34,"vegan":false,"vegetarian":false,"notFood":false,"drinks":false},{"name":"אנטריקוט","price":48,"vegan":false,"vegetarian":false,"notFood":false,"drinks":false},{"name":"2 שיפודים בלאפה","price":67,"vegan":true,"vegetarian":true,"notFood":false,"drinks":false},{"name":"כבד אווז","price":120,"vegan":false,"vegetarian":false,"notFood":false,"drinks":false},{"name":"פילה בקר","price":54,"vegan":false,"vegetarian":false,"notFood":false,"drinks":false},{"name":"חלוואית","price":63,"vegan":true,"vegetarian":true,"notFood":false,"drinks":false},{"name":"כבש","price":54,"vegan":true,"vegetarian":true,"notFood":false,"drinks":false},{"name":"רולדה","price":54,"vegan":true,"vegetarian":true,"notFood":false,"drinks":false},{"name":"פרגית\t","price":42,"vegan":false,"vegetarian":false,"notFood":false,"drinks":false},{"name":"קבב\t","price":36,"vegan":false,"vegetarian":false,"notFood":false,"drinks":false},{"name":"כבד\t","price":42,"vegan":true,"vegetarian":true,"notFood":false,"drinks":false},{"name":"לבבות\t","price":42,"vegan":true,"vegetarian":true,"notFood":false,"drinks":false},{"name":"חזה עוף\t","price":36,"vegan":false,"vegetarian":false,"notFood":false,"drinks":false},{"name":"אנטריקוט\t","price":48,"vegan":false,"vegetarian":false,"notFood":false,"drinks":false},{"name":"2 שיפודים בבאגט","price":67,"vegan":true,"vegetarian":true,"notFood":false,"drinks":false},{"name":"שווארמה\t","price":49,"vegan":false,"vegetarian":false,"notFood":false,"drinks":false},{"name":"כבד אווז","price":120,"vegan":false,"vegetarian":false,"notFood":false,"drinks":false},{"name":"פילה בקר","price":54,"vegan":false,"vegetarian":false,"notFood":false,"drinks":false},{"name":"חלוואית","price":62,"vegan":true,"vegetarian":true,"notFood":false,"drinks":false},{"name":"כבש","price":54,"vegan":true,"vegetarian":true,"notFood":false,"drinks":false},{"name":"רולדה","price":54,"vegan":true,"vegetarian":true,"notFood":false,"drinks":false},{"name":"שווארמה","price":46,"vegan":false,"vegetarian":false,"notFood":false,"drinks":false},{"name":"פרגית","price":37,"vegan":false,"vegetarian":false,"notFood":false,"drinks":false},{"name":"קבב","price":37,"vegan":false,"vegetarian":false,"notFood":false,"drinks":false},{"name":"כבד","price":37,"vegan":true,"vegetarian":true,"notFood":false,"drinks":false},{"name":"לבבות","price":37,"vegan":true,"vegetarian":true,"notFood":false,"drinks":false},{"name":"חזה עוף","price":34,"vegan":false,"vegetarian":false,"notFood":false,"drinks":false},{"name":"אנטריקוט","price":44,"vegan":false,"vegetarian":false,"notFood":false,"drinks":false},{"name":"2 שיפודים בפיתה","price":64,"vegan":true,"vegetarian":true,"notFood":false,"drinks":false},{"name":"כבד אווז","price":115,"vegan":false,"vegetarian":false,"notFood":false,"drinks":false},{"name":"פילה בקר","price":49,"vegan":false,"vegetarian":false,"notFood":false,"drinks":false},{"name":"חלוואית","price":59,"vegan":true,"vegetarian":true,"notFood":false,"drinks":false},{"name":"כבש","price":49,"vegan":true,"vegetarian":true,"notFood":false,"drinks":false},{"name":"רולדה","price":49,"vegan":true,"vegetarian":true,"notFood":false,"drinks":false},{"name":"אושפלו","description":"אורז עם גזר בשר בקר","price":42,"vegan":false,"vegetarian":false,"image":"https://d25t2285lxl5rf.cloudfront.net/images/dishes/7c109c57-9b6b-4627-9cd6-fe79a79766b7.jpg","notFood":false,"drinks":false},{"name":"צ'יבורקי 3 יח'","description":"עם בשר בצל ותבלינים","price":40,"vegan":false,"vegetarian":false,"image":"https://d25t2285lxl5rf.cloudfront.net/images/dishes/f6388dff-a113-48b5-b612-9895bde84f5a.jpg","notFood":false,"drinks":false},{"name":"בחש","description":"אורז עם עשבי תיבול ובשר בקר קצוץ ","price":42,"vegan":false,"vegetarian":false,"notFood":false,"drinks":false},{"name":"סמוסה 3 יח'","description":"עם בשר בצל ותבלינים","price":40,"vegan":false,"vegetarian":false,"notFood":false,"drinks":false},{"name":"מנטו 3 יח'","description":"עם בשר בצל ותבלינים","price":40,"vegan":false,"vegetarian":false,"notFood":false,"drinks":false},{"name":"פחית קולה זירו","price":10,"vegan":true,"vegetarian":true,"notFood":false,"drinks":true},{"name":"סודה","price":10,"vegan":true,"vegetarian":true,"notFood":false,"drinks":true},{"name":"פחית ספרייט","price":10,"vegan":true,"vegetarian":true,"notFood":false,"drinks":true},{"name":"פחית קוקה קולה","price":10,"vegan":true,"vegetarian":true,"notFood":false,"drinks":true},{"name":"פריגת לימונענע","price":12,"vegan":true,"vegetarian":true,"notFood":false,"drinks":false},{"name":"מים מינרליים","price":10,"vegan":true,"vegetarian":true,"notFood":false,"drinks":true},{"name":"פחית פאנטה","price":10,"vegan":true,"vegetarian":true,"notFood":false,"drinks":false},{"name":"פריגת תפוזים","price":12,"vegan":true,"vegetarian":true,"notFood":false,"drinks":false},{"name":"פחית ספרייט זירו","price":10,"vegan":true,"vegetarian":true,"notFood":false,"drinks":true},{"name":"פריגת ענבים","price":12,"vegan":true,"vegetarian":true,"notFood":false,"drinks":true},{"name":"פריגת אשכוליות","price":12,"vegan":true,"vegetarian":true,"notFood":false,"drinks":false},{"name":"מים בטעם ענבים","price":12,"vegan":true,"vegetarian":true,"notFood":false,"drinks":true},{"name":"מים בטעם אפרסק","price":12,"vegan":true,"vegetarian":true,"notFood":false,"drinks":false}]}