{"track_id":"21047","filters":["seafood","fish","japaneseSushi"],"image":"https://tenbis-static.azureedge.net/restaurant-default-card-image/CuzineType_seafood_03.jpg","address":"שדרות בן גוריון, 45 חיפה","location":[34.9900684,32.8189396],"name":"דרים נמו חיפה","city":"טירת כרמל","priceAverage":53.515625,"menu":[{"name":"סי פוד קרפ","description":"קרפ ממולה במיקס פירות ים מוקרם ברוטב לבחירה ותערובת גבינות.","price":42,"vegan":false,"vegetarian":false,"notFood":false,"drinks":false},{"name":"בלינצ'ס סרטנים","description":"בלינצ'ס ממולה בשר סרטנים עם נגיעת טריאקי","price":45,"vegan":false,"vegetarian":false,"notFood":false,"drinks":false},{"name":"כריך סלמון","description":"סלמון, ירקות טריים ומללפון חמוץ, גבינת שמנת עם נגיעת רוטב סרירצ'ה פיקנטי.","price":53,"vegan":false,"vegetarian":false,"image":"https://d25t2285lxl5rf.cloudfront.net/images/dishes/048df677-40a6-421f-90e7-bed41e9c1f0d.jpg","notFood":false,"drinks":false},{"name":"כריך עוף","description":"רצועות עוף מוקפצות ברוטב לבחירה, עם ירקות טריים, מלפפלון חמוץ ורטבי הבית.","price":45,"vegan":false,"vegetarian":false,"image":"https://d25t2285lxl5rf.cloudfront.net/images/dishes/91b43b80-a7fc-47cc-99cb-e38d0b1bbe07.jpg","notFood":false,"drinks":false},{"name":"כריך בקר","description":"רצועות בקר מוקפצות ברוטב לבחירה עם ירקות טריים, מלפפון חמוץ חרדל דיג'ון ורטבי הבית.","price":47,"vegan":false,"vegetarian":false,"image":"https://d25t2285lxl5rf.cloudfront.net/images/dishes/a8b154d9-58b4-4b83-9bb3-e0a8ce1a963f.jpg","notFood":false,"drinks":false},{"name":"כריך פירות ים","description":"מירס פירות ים ברוטב שמנת יין חרדל דיז'ון, בצל ירוק ופטרוזיליה מוקרם עם תערובת גבינות. בתוספת ירקות טריים.","price":57,"vegan":false,"vegetarian":false,"notFood":false,"drinks":false},{"name":"כריך טוניסאי","description":"סלט טונה,ממרח לימון כבוש, ביצה קשה חציל קלוי וירקות טריים.","price":43,"vegan":false,"vegetarian":false,"notFood":false,"drinks":false},{"name":"סלט פרובנס","description":"נתחוני חזה עוף מוקפצים עם בייבי שרימפס, קוביות גבינת פטה, ברוקולי וירקות מוגשים \r\nעל מצע חסות פריכות.","price":65,"vegan":false,"vegetarian":false,"image":"https://d25t2285lxl5rf.cloudfront.net/images/dishes/238833f2-8f53-4ced-b553-dccf384e0624.jpg","notFood":false,"drinks":false},{"name":"בתולת הים","description":"שבבי סלמון מוגשים על מצע חסות \r\nפריכות וירקות, בתוספת זילופי גבינת שמנת \r\nעם נגיעות קוויאר.","price":65,"vegan":false,"vegetarian":false,"image":"https://d25t2285lxl5rf.cloudfront.net/images/dishes/9cdf0b32-6394-43e8-a340-ad9d07113e70.jpg","notFood":false,"drinks":false},{"name":"ספאניש סלט","description":"פירות ים מבושלים ביין, מוגשים על מצע \n\nחסות פריכות בתוספת זיתים וברוקולי \n\nעם רוטב חרדל דיז'","price":65,"vegan":false,"vegetarian":false,"image":"https://d25t2285lxl5rf.cloudfront.net/images/dishes/48768986-6c72-4e99-bfeb-0187a42b386f.jpg","notFood":false,"drinks":false},{"name":"סלט בריאות","description":"לקט עלי בייבי עדינות ופריכות עם עגבניות שרי, נבטים, דגנים וגזר.","price":53,"vegan":false,"vegetarian":false,"notFood":false,"drinks":false},{"name":"תאי סלט","description":"ירקות חמים ופירות ים עם במבו \r\nשוטס ופטריות פיקנטיות","price":56,"vegan":false,"vegetarian":false,"notFood":false,"drinks":false},{"name":"סלט קיסר","description":"בייבי שרימפס על מצע לקט ירקות ועלי חסה בתוספת קרוטונים וקוביות גבינה בולגרית מתובל ברוטב ויניגרט דבש-בלסמי.","price":64,"vegan":false,"vegetarian":false,"notFood":false,"drinks":false},{"name":"ליקוויד דרימס","description":"ברוטב עדין של שמנת ונגיעות גבינת רוקפור.\r\n\r\n\r\n\r\n","price":62,"vegan":false,"vegetarian":true,"image":"https://d25t2285lxl5rf.cloudfront.net/images/dishes/6e61955b-6cf3-495f-8be7-4898814b075e.jpg","notFood":false,"drinks":false},{"name":"נשיקה צרפתית","description":"מיקס פירות ים עם רוטב שמנת ושום עדין","price":59,"vegan":false,"vegetarian":false,"image":"https://d25t2285lxl5rf.cloudfront.net/images/dishes/addc20c1-1f3a-40b0-833d-0fd2da4e959c.jpg","notFood":false,"drinks":false},{"name":"קלמרי מטוגן","description":"טבעות קלמרי מטוגן בציפוי עדין","price":59,"vegan":false,"vegetarian":false,"image":"https://d25t2285lxl5rf.cloudfront.net/images/dishes/65032b0d-2c42-4250-9ad6-dd64364795ed.jpg","notFood":false,"drinks":false},{"name":"טמפורה סטיירט","description":"עוד פנינה מהמטבח היפני השרימפס המצופה בבצק טמפורה עדין.","price":57,"vegan":false,"vegetarian":false,"image":"https://d25t2285lxl5rf.cloudfront.net/images/dishes/806ab571-e665-40ea-b64d-a2208dada2a1.jpg","notFood":false,"drinks":false},{"name":"פירות ים בנוסח כפרי","description":"עם תפו\"א מטוגן ושעועית ירוקה ברוטב שמנת פיקנטי, מוקרם עם גבינת פרמז'ן. ","price":69,"vegan":false,"vegetarian":false,"image":"https://d25t2285lxl5rf.cloudfront.net/images/dishes/b53357a9-d6f6-4e44-bcc9-0cd0fedf573a.jpg","notFood":false,"drinks":false},{"name":"פירי פירי","description":"ברוטב עגבניות חריף ופרמז'ן.","price":62,"vegan":false,"vegetarian":true,"notFood":false,"drinks":false},{"name":"שרימפס שיכור","description":"בצק בירה עם שום ועשבי תיבול מקנה אופי חדש לשירמפס.","price":57,"vegan":false,"vegetarian":false,"notFood":false,"drinks":true},{"name":"פריטו מיסטו דה מארה","description":"קלמרי, שרימפס ופילה דג מטוגנים בציפוי בצד עדין.","price":75,"vegan":false,"vegetarian":false,"notFood":false,"drinks":false},{"name":"טרמידור","description":"ביין ושמנת, מוקרם בתערובת גבינות.","price":67,"vegan":false,"vegetarian":true,"notFood":false,"drinks":false},{"name":"צ'ופינו","description":"פירות ים, בשר סרטן ופילה דג ברוטב עגבניות, שום ועשבי תיבול. ","price":67,"vegan":false,"vegetarian":false,"notFood":false,"drinks":false},{"name":"צארצואלה","description":"פילה דג, בשר סרטן ופירות ים מבושלים בשני סוגי רטבים בתוספת ברנדי, ומוקרמים קלות בגבינה בולגרית.","price":69,"vegan":false,"vegetarian":false,"notFood":false,"drinks":false},{"name":"צ'אנחי","description":"מיקס בשרים, תפו\"א, שעועית ופירות ים מוקרמים ברוטב רוזה (עגבניות ושמנת).","price":75,"vegan":false,"vegetarian":false,"notFood":false,"drinks":false},{"name":"רויאל האוס","description":"תערובת בשרים ושרימפס ברוטב פלפלת עדין מוגש על מצע אטריות אורז דקות. ","price":85,"vegan":false,"vegetarian":false,"notFood":false,"drinks":false},{"name":"שרימפס סטרוגנוף","description":"שרימפס עם רצועות אנטריקוט מעולה \r\nברוטב שמנת ופטריות שמפיניון על מצע \r\nאטריות אורז דקות.","price":75,"vegan":false,"vegetarian":false,"notFood":false,"drinks":false},{"name":"אנטריקוט הציידים","description":"נתחוני אנטריקוט מובחרים משולבים עם שרימפס ופטריות פורטבלו ברוטב פלפלת \r\nעדין על מצע אטריות אורז דקות.","price":75,"vegan":false,"vegetarian":false,"notFood":false,"drinks":false},{"name":"סרטן אה לה קרם","description":"חצאי סרטן מבושלים בשמנת ויין לבן.","price":75,"vegan":false,"vegetarian":true,"image":"https://d25t2285lxl5rf.cloudfront.net/images/dishes/43b67bb7-51c9-4d36-bf61-c24185e9a5c6.jpg","notFood":false,"drinks":false},{"name":"מאדם פומפדור","description":"מיקס פירות ים עם סלמון וקוויאר ברוטב שמפניה.","price":73,"vegan":false,"vegetarian":false,"image":"https://d25t2285lxl5rf.cloudfront.net/images/dishes/dec37350-ec02-4ad5-ac6d-04aa223b702d.jpg","notFood":false,"drinks":false},{"name":"לילות מלזיה","description":"פירות ים עם בייקון עסיסי בתוספת אננס מתוק, מוקפצים ברוטב צ'ילי פיקנטי.","price":67,"vegan":false,"vegetarian":false,"notFood":false,"drinks":false},{"name":"פילה מושט","description":"פילה מושט מוקרם עם גבינת מוצרלה מוגש על מצע תפו\"א ופטריות \"הום פרייס\"","price":65,"vegan":false,"vegetarian":true,"image":"https://d25t2285lxl5rf.cloudfront.net/images/dishes/a1b98eb0-93a9-4c72-bdc9-92155ecf8e1f.jpg","notFood":false,"drinks":false},{"name":"צ'ייניז פיש","description":"ניתחוני פילה קט פיש מצופים בבצק מיוחד, מוקפצים בעדינות ברוטב לפי בחירה מוגשים על מצע ירקות מוקפצים.","price":65,"vegan":false,"vegetarian":false,"notFood":false,"drinks":false},{"name":"Fish And Chips","description":"פילה בקלה מטוגן בטמפורה עם צ'יפס ולקט ירקות טריים.","price":59,"vegan":true,"vegetarian":true,"notFood":false,"drinks":false},{"name":"מוקלדה","description":"ניחוחות של חבל פרובנס הצרפתי \r\nבמנת צדפות ביין לבן ושמנת. ","price":53,"vegan":false,"vegetarian":true,"image":"https://d25t2285lxl5rf.cloudfront.net/images/dishes/26f08d67-1223-4a4c-a5b1-4e9280c5b594.jpg","notFood":false,"drinks":false},{"name":"אישה בלבן","description":"צדפות מוקרמות ברוטב לפי המסורת הקולינארית הצרפתית העתיקה.","price":60,"vegan":true,"vegetarian":true,"notFood":false,"drinks":false},{"name":"באחוס","description":"צדפות מוקפצות בלמון גראס, מבושלים ביין לבן ועלי בזיליקום. ","price":53,"vegan":true,"vegetarian":true,"notFood":false,"drinks":false},{"name":"אנדר קובר","description":"צדפות גדולות מוקרמות בשני רטבים לפי המסורת הקולינארית האירופאית העתיקה","price":56,"vegan":true,"vegetarian":true,"notFood":false,"drinks":false},{"name":"סקאלופ מוקרם","description":"סקאלופ אפוי בעדינות ומוגש עם רוטב בשמל, מוקרם בתערובת גבינות.","price":73,"vegan":true,"vegetarian":true,"notFood":false,"drinks":false},{"name":"סקאלופ ביין","description":"סקאלופ מטוגן קלות בתוספת בייקון, \r\nשום ויין לבן מעוטר בזילופי שמנת.","price":69,"vegan":false,"vegetarian":false,"notFood":false,"drinks":false},{"name":"פסטה קרבונרה","description":"המפגש בין שרימפס ובייקון עם פסטה לבחירה ברוטב שמנת עשיר.\nמגיע עם פסטה פטצ'וני","price":67,"vegan":false,"vegetarian":false,"image":"https://d25t2285lxl5rf.cloudfront.net/images/dishes/5732f204-f444-49df-891d-6c566339ccc9.jpg","notFood":false,"drinks":false},{"name":"סינגפור נודלס","description":"\nפירות ים עם נודלס ביצים / אטריות אורז מוקפצים עם ירקות ורצועות עוף ברוטב לפי בחירה.","price":73,"vegan":false,"vegetarian":false,"image":"https://d25t2285lxl5rf.cloudfront.net/images/dishes/5e8f8c0d-ab66-4176-ab03-cbb984bc1edf.jpg","notFood":false,"drinks":false},{"name":"זאפראנו","description":"איטליה במטבח. מיקס פירות ים עם פסטה לבחירה, עגבניות שרי, בצל לבן ובזיליקום מוקפצים ברוטב גבינת שמנת.\nמגיע עם פסטה פטצ'וני","price":67,"vegan":false,"vegetarian":false,"notFood":false,"drinks":false},{"name":"פסטה מרכולדי","description":"פילה סלמון קצוץ, פטריות שמפניון, קוויאר ועירית ברוטב שמנת סלמון, מעוטרים בשבבי גבינת פרמזן. \nמגיע עם פסטה פטצ'וני","price":67,"vegan":false,"vegetarian":false,"notFood":false,"drinks":false},{"name":"פסטה עוף","description":"רצועות עוף מוקפצות עם סגפטי / ריגאטוני מקמח מלא, ברוטב עגבניות / שמנת. ","price":54,"vegan":false,"vegetarian":false,"notFood":false,"drinks":false},{"name":"פלטת מטוגנים","description":"שניצלוני עוף וטבעות בצל מטוגנים, מוגשים עם ירקות על מצע חסות. ","price":54,"vegan":false,"vegetarian":false,"notFood":false,"drinks":false},{"name":"שניצלוני עוף","description":"שניצלוני עוף מטוגנים בשמן עמוק, מוגשים עם ירקות על מצע חסות. ","price":59,"vegan":false,"vegetarian":false,"notFood":false,"drinks":false},{"name":"טמפורה צ'יקן","description":"רצועות עוף בציפוי טמפורה מוגשים עם צ'יפס וירקות טריים ","price":59,"vegan":false,"vegetarian":false,"notFood":false,"drinks":false},{"name":"אורז בסגנון תאילנדי","description":"אורז מבושל עם ירקות - פיקנטי ","price":17,"vegan":true,"vegetarian":true,"notFood":false,"drinks":false},{"name":"צ'יפס תפוח אדמה","description":"בטטה מטוגן בשמן עמוק. ","price":18,"vegan":true,"vegetarian":true,"notFood":false,"drinks":false},{"name":"תפוח אדמה אפוי","description":"תפוח אדמה צעיר אפוי בתערובת תבלינים עשירה ושמן זית ","price":20,"vegan":true,"vegetarian":true,"notFood":false,"drinks":false},{"name":"לחם הבית","description":"מתכון מיוחד שמשתלב מצוין עם רוטב. לבן / כפרי. ","price":18,"vegan":true,"vegetarian":true,"notFood":false,"drinks":false},{"name":"אורז לבן","description":"אורז מבושל עם צנוברים","price":17,"vegan":true,"vegetarian":true,"notFood":false,"drinks":false},{"name":"מגש אירוח 90 יח","description":"ניגירי אייו 2 יח '- סלמון\nאייו הוסו מאקי - סלמון עם דלקת פרקים- 8 יח\nמאגארו הוסו מאקי - טונה- 8 יח\nאונגי הוסו מאקי - צלופח- 8 יח\nקאפה מאקי - מלפפון- 8 יח\nאייו פוטו מאקי - סלמון, קוויאר טוביקו, מלפפון אבוקדו- 8 יח\nפילדלפיה שומשום  - סלמון, אבוקדו, גבינת פילדלפיה, עטוף  בשומשום- 8 יח\nמאגארו אורו מאקי ","price":295,"vegan":false,"vegetarian":false,"image":"https://d25t2285lxl5rf.cloudfront.net/images/dishes/1560d3e8-cbd7-41f1-92e0-bffcd0f07660.jpg","notFood":false,"drinks":false},{"name":"מגש אירוח -80 יח - Vegan","description":"ניגירי אבוקדו (2 יח ') - אבוקדו\nניגירי קנפיו  (2 יחידות) - דלעת\nקאפה מאקי - מלפפון- 8 יח\nקנפיו  הוסו מאקי- דלעת- 8 יח\nרול אבוקדו - אבוקדו- 8 יח\nGREEN ROLL  - טופו, פלפל, \nניגירי אבוקדו (2 יח ') - אבוקדו\nניגירי קנפיו  (2 יחידות) - דלעת\nקאפה מאקי - מלפפון- 8 יח\nקנפיו  הוסו מאקי- דלעת- 8 יח\nרול אבוקדו ","price":245,"vegan":true,"vegetarian":true,"image":"https://d25t2285lxl5rf.cloudfront.net/images/dishes/f57d8740-b360-4a65-ba9a-47f7b4db5fa5.jpg","notFood":false,"drinks":false},{"name":"מגש אירוח - 80 יח De-Lux","description":"אייו הוסו מאקי - סלמון- 8 יח\nקרדינל - צלופח, גבינת שמנת, עטוף בקוויאר טוביקו 8 יח\n8 יח INDIANA - סלמון מטוגן, מלפפון, עגבנייה, גבינת פילדלפיה, עטוף בשמיר\nאייו פוטו מאקי- סלמון, קוויאר טוביקו, מלפפון אבוקדו 8 יח\nפילדלפיה ירוקה - סלמון מעושן, גבינת פילדלפיה, אבוקדו, קוויאר אדום, עטוף במלפפון 8 יח\nקארו","price":295,"vegan":false,"vegetarian":false,"image":"https://d25t2285lxl5rf.cloudfront.net/images/dishes/fa8f21b6-8d1f-4786-ad47-a7f37a54f5cf.jpg","notFood":false,"drinks":false},{"name":"מגש -90 יח - Special Nemo","description":"\nניגירי איי-יו - סלמון - 1 יח \nניגירי מאגרו - טונה ווסאבי - 1 יח \nמאגארו מאקי- טונה אדומה ומיונז יפני - 8 יח \nאייו הוסו מאקי - סלמון ועירית - 8 יח \nהוסו מאקי  אבוקדו - אבוקדו - 8 יח \nקרדינל - צלופח וגבינת שמנת עטוף בקוויאר טוביקו - 8 יח \nטוקאי - גבינת פילדלפיה, אבוקדו, איריטיס, קוויאר טוביקו, מיונז ","price":375,"vegan":false,"vegetarian":false,"image":"https://d25t2285lxl5rf.cloudfront.net/images/dishes/c01fd5ec-bcdb-4d58-b384-d68a916f12d3.jpg","notFood":false,"drinks":false},{"name":"רוטב איולי שום","price":1,"vegan":true,"vegetarian":true,"notFood":false,"drinks":false},{"name":"רוטב איולי פיקנטי","price":1,"vegan":true,"vegetarian":true,"notFood":false,"drinks":false},{"name":"טריאקי","price":1,"vegan":true,"vegetarian":true,"notFood":false,"drinks":false},{"name":"אקסטרה סויה","price":1,"vegan":true,"vegetarian":true,"notFood":false,"drinks":false},{"name":"אקסטרה וואסבי","price":1,"vegan":true,"vegetarian":true,"notFood":false,"drinks":false},{"name":"אקסטרה ג'ינג'ר","price":1,"vegan":true,"vegetarian":true,"notFood":false,"drinks":false},{"name":"ניגירי אבי","description":"שרימפס וממרח איולי פיקנטי. ","price":22,"vegan":false,"vegetarian":false,"image":"https://d25t2285lxl5rf.cloudfront.net/images/dishes/72ed73b8-7637-4f4b-80f5-3030f6b766c4.jpg","notFood":false,"drinks":false},{"name":"ניגירי מאגארו","description":"טונה אדומה ","price":19,"vegan":false,"vegetarian":false,"image":"https://d25t2285lxl5rf.cloudfront.net/images/dishes/6e209778-f586-42a8-906a-39bf8c56fa3b.jpg","notFood":false,"drinks":false},{"name":"ניגירי סיאקה","description":"סלמון.","price":19,"vegan":false,"vegetarian":false,"image":"https://d25t2285lxl5rf.cloudfront.net/images/dishes/0e883278-61e9-4327-9e70-6b2b1125a97f.jpg","notFood":false,"drinks":false},{"name":"אונגי","description":"צלופח עם נגיעת טריאקי","price":25,"vegan":true,"vegetarian":true,"image":"https://d25t2285lxl5rf.cloudfront.net/images/dishes/8661429b-e91e-460b-9d38-885a6a2c9145.jpg","notFood":false,"drinks":false},{"name":"איקה","description":" קלמרי","price":20,"vegan":false,"vegetarian":false,"image":"https://d25t2285lxl5rf.cloudfront.net/images/dishes/1677e0f9-796d-4c49-a80d-3f031430a481.jpg","notFood":false,"drinks":false},{"name":"סיאקה ספייסי","description":"סלמון, ספייסי מיונז","price":22,"vegan":false,"vegetarian":false,"notFood":false,"drinks":false},{"name":"קוראי אבי","description":"בייבי שרימפס, עירית קצוצה, מיונז יפני","price":24,"vegan":false,"vegetarian":false,"notFood":false,"drinks":false},{"name":"סיאקה צ'יז דזוסי","description":"סלמון, גבינת פרמז'ן ומיונז יפני.","price":23,"vegan":false,"vegetarian":false,"notFood":false,"drinks":false},{"name":"מורוגאי","description":"צדפה בסויה מתוקה","price":18,"vegan":true,"vegetarian":true,"notFood":false,"drinks":false},{"name":"טוביקה","description":"טוביקו ","price":25,"vegan":true,"vegetarian":true,"notFood":false,"drinks":false},{"name":"איקורה","description":"קוויאר אדום משובח","price":30,"vegan":true,"vegetarian":true,"notFood":false,"drinks":false},{"name":"בוניטו אורו מאקי","description":"צלופח, סלמון, גבינת פילדלפיה, מלפפון וקוויאר טוביקו עטוף בפירורי טונה מובחרים .","price":62,"vegan":false,"vegetarian":false,"image":"https://d25t2285lxl5rf.cloudfront.net/images/dishes/092cb79a-45ec-4a1d-b146-8eb2aa5e7443.jpg","notFood":false,"drinks":false},{"name":"אלאסקה","description":"סלמון, מיונז יפני, סורימי עטוף בבוניטו שומשום וטוביקו אדום","price":39,"vegan":false,"vegetarian":false,"image":"https://d25t2285lxl5rf.cloudfront.net/images/dishes/e54946bd-7e43-403a-b5c3-98c9474699ef.jpg","notFood":false,"drinks":false},{"name":"טוקאי","description":"גבינת פילדלפיה, אבוקדו, מיונז יפני, טוביקו עטוף בסלמון","price":41,"vegan":false,"vegetarian":false,"image":"https://d25t2285lxl5rf.cloudfront.net/images/dishes/bef00b38-7799-41fd-a0d6-9f27f6635b05.jpg","notFood":false,"drinks":false},{"name":"בוניטו טונה","description":"טונה אדומה, מלפפון, לטוק, ספייס מיונז עטופים בפירורי טונה","price":39,"vegan":false,"vegetarian":false,"image":"https://d25t2285lxl5rf.cloudfront.net/images/dishes/a935a769-05f4-4ffa-aa9c-6c9f9337f603.jpg","notFood":false,"drinks":false},{"name":"בלאק דרגון","description":"סלמון, מלפפון, קרם צ'יז עטוף בצלופח ושומשום, מוגש עם רוטב אונגי","price":55,"vegan":false,"vegetarian":false,"image":"https://d25t2285lxl5rf.cloudfront.net/images/dishes/10637e82-2eb4-4dfc-9d8d-3e100e54fb4a.jpg","notFood":false,"drinks":false},{"name":"מידורי","description":"סלמון, טאמגו, סורימי, עירית עטוף בקרם צ'יז עם טוביקו","price":38,"vegan":false,"vegetarian":false,"image":"https://d25t2285lxl5rf.cloudfront.net/images/dishes/82551a61-f94f-49b3-8fc4-6eabd8638b4a.jpg","notFood":false,"drinks":false},{"name":"פלדלפיה מאגורו","description":"טוביקו, מלפפון, עירית, גבינת פלדלפיה עטוף בטונה אדומה","price":41,"vegan":false,"vegetarian":false,"image":"https://d25t2285lxl5rf.cloudfront.net/images/dishes/af4e3056-db59-41de-b6fc-99d317b12ef7.jpg","notFood":false,"drinks":false},{"name":"פילדלפיה אונגי","description":"צלופח, לטוק, מלפפון, גבינת פילדלפיה וטוביקו עטוף בסלמון","price":55,"vegan":false,"vegetarian":false,"image":"https://d25t2285lxl5rf.cloudfront.net/images/dishes/84ba05a1-ce71-490a-868b-1759aefa99e6.jpg","notFood":false,"drinks":false},{"name":"קליפורניה נמו","description":"גבינת שמנת, טוביקו, מלפפון ועירית עטוף בסלמון","price":45,"vegan":false,"vegetarian":false,"image":"https://d25t2285lxl5rf.cloudfront.net/images/dishes/57df15b8-c1a0-417b-8418-3c8e50cd4467.jpg","notFood":false,"drinks":false},{"name":"פילדלפיה נמו","description":"I/O גבינת פילדלפיה, בשר סרטן \r\nואבוקדו עטוף סורימי.","price":47,"vegan":false,"vegetarian":false,"image":"https://d25t2285lxl5rf.cloudfront.net/images/dishes/ac697579-c9f0-49e5-878b-985892f6e6c9.jpg","notFood":false,"drinks":false},{"name":"סאקה דה-לוקס","description":"סלמון, טונה אדומה, טוביקו עטוף בפירורי טמפורה ","price":56,"vegan":false,"vegetarian":false,"image":"https://d25t2285lxl5rf.cloudfront.net/images/dishes/75409f5c-c110-4fe4-9716-f1dca25c4e29.jpg","notFood":false,"drinks":false},{"name":"מנהטן","description":"I/O טונה אדומה, שרימפס ורוטב אונגי \r\nעטוף באבוקדו.","price":54,"vegan":false,"vegetarian":false,"image":"https://d25t2285lxl5rf.cloudfront.net/images/dishes/7e38766e-2e31-44dc-a399-de4c12f8b051.jpg","notFood":false,"drinks":false},{"name":"אונגי אורו מאקי","description":"צלופח, מלפפון, גבינת פילדלפיה מוקרם עם קוויאר טוביקו וגבינה. מוגש עם רוטב אונגי - טריאקי ","price":53,"vegan":false,"vegetarian":true,"image":"https://d25t2285lxl5rf.cloudfront.net/images/dishes/93e3e52b-9026-4154-af6d-fc3bae65e11a.jpg","notFood":false,"drinks":false},{"name":"קונסיי אורו מאקי","description":"I/O סלמון מטוגן, אבוקדו, מלפפון וקוויאר טוביקו, עטוף בשבבי טונה.","price":45,"vegan":false,"vegetarian":false,"image":"https://d25t2285lxl5rf.cloudfront.net/images/dishes/a0df7a29-b054-4914-bc71-7fe14197e23e.jpg","notFood":false,"drinks":false},{"name":"קרדינל","description":"גבינת שמנת, צלופח עטוף בטוביקו  אדום","price":33,"vegan":false,"vegetarian":true,"image":"https://d25t2285lxl5rf.cloudfront.net/images/dishes/f344e9b9-6033-4f54-b845-9f2a20689712.jpg","notFood":false,"drinks":false},{"name":"דאקוטה","description":"שרימפס, אבוקדו, עטופים בסלמון ואונגי עם נגיעות קוויאר אדום ושומשום","price":51,"vegan":false,"vegetarian":false,"notFood":false,"drinks":false},{"name":"SMOKED CALIFORNIA","description":"סלמון מעושן, גבינת פילדלפיה, מלפפון עטוף בשומשום","price":47,"vegan":false,"vegetarian":false,"notFood":false,"drinks":false},{"name":"פלדלפיה שומשום","description":"סלמון, אבוקדו, פילדלפיה, עטוף בשומשום","price":39,"vegan":false,"vegetarian":false,"notFood":false,"drinks":false},{"name":"קאצוצא מקי","description":"I/O סלמון מטוגן, גבינת שמנת ומלפפון עטוף בשבבי טונה מובחרים.","price":33,"vegan":false,"vegetarian":false,"notFood":false,"drinks":false},{"name":"מאגארו","description":"טונה אדומה ומיונז יפני","price":25,"vegan":false,"vegetarian":false,"image":"https://d25t2285lxl5rf.cloudfront.net/images/dishes/6f0f6f10-8003-40cc-938c-18ea04beaad3.jpg","notFood":false,"drinks":false},{"name":"אייו","description":"סלמון ועירית. ","price":26,"vegan":false,"vegetarian":false,"image":"https://d25t2285lxl5rf.cloudfront.net/images/dishes/fb958a83-9579-4f22-9f78-ac417fdc20e4.jpg","notFood":false,"drinks":false},{"name":"אבי מאקי","description":"שרימפס בטמפורה וצ'ילי מתוק ","price":26,"vegan":false,"vegetarian":false,"notFood":false,"drinks":false},{"name":"טאק-קה מאקי","description":"טונה אדומה עם ווסאבי.","price":26,"vegan":false,"vegetarian":false,"notFood":false,"drinks":false},{"name":"אייו","description":" סלמון, קוויאר טוביקו, מלפפון ואבוקדו","price":39,"vegan":false,"vegetarian":false,"image":"https://d25t2285lxl5rf.cloudfront.net/images/dishes/0e0506ee-dc02-472e-b84a-b55846a61a67.jpg","notFood":false,"drinks":false},{"name":"מאגורו","description":"טונה אדומה, מלפפון, קאנפיו (דלעת יפנית), גמבה, עירית ומיונז יפני.","price":35,"vegan":false,"vegetarian":false,"image":"https://d25t2285lxl5rf.cloudfront.net/images/dishes/753891a2-9f77-4c11-9b37-8188f9a25c53.jpg","notFood":false,"drinks":false},{"name":"אונגי פוטו מאקי","description":" צלופח, שרימפס בטמפורה, אבוקדו וגבינת פילדלפיה, מוגש עם רוטב אונגי","price":55,"vegan":false,"vegetarian":false,"image":"https://d25t2285lxl5rf.cloudfront.net/images/dishes/d6fc1016-82c6-42e1-a19f-d361dc516f6a.jpg","notFood":false,"drinks":false},{"name":"אבי דזוסי","description":"שרימפס בטמפורה, מלפפון, גמבה, גזר וצ'ילי מתוק.","price":36,"vegan":false,"vegetarian":false,"notFood":false,"drinks":false},{"name":"סיאקו דזוסי","description":"בשר סרטן, אבוקדו, גמבה ומיונז יפני.","price":37,"vegan":false,"vegetarian":false,"notFood":false,"drinks":false},{"name":"גרינגו פריד","description":"בייקון מטוגן, צ'ילי מתוק, טמאגו, גמבה ומלפפון ","price":37,"vegan":false,"vegetarian":false,"notFood":false,"drinks":false},{"name":"קראנצ' סנדוויץ'","description":"סלמון, אבוקדו, תערובת גבינות וצ'ילי מתוק מטוגן בפנקו (פירורי לחם יפנים).","price":45,"vegan":false,"vegetarian":false,"notFood":false,"drinks":false},{"name":"סלמון סנדוויץ'","description":"I/O סלמון, גבינת שמנת ואבוקדו \r\nעטוף בעירית קצוצה.","price":45,"vegan":false,"vegetarian":false,"notFood":false,"drinks":false},{"name":"ספייסי טונה סנדוויץ'","description":"I/O טונה אדומה, וואסבי וגזר \r\nעטופים בפנקו (פירורי לחם יפניים) קלוי.","price":41,"vegan":false,"vegetarian":false,"notFood":false,"drinks":false},{"name":"גובו אורו-מאקי","description":"I/O אבוקדו, מלפפון, לטוק ומיונז יפני, עטוף בשומשום קלוי","price":24,"vegan":false,"vegetarian":true,"image":"https://d25t2285lxl5rf.cloudfront.net/images/dishes/75e14a4b-dd2d-4e8c-bb78-f98bbe3f8da7.jpg","notFood":false,"drinks":false},{"name":"שיטאקה דזוסי","description":"I/O פטריות שיטאקה, עירית, גזר וקאנפיו (דלעת יפנית) עטוף בשומשום לבן ושחור.","price":24,"vegan":true,"vegetarian":true,"image":"https://d25t2285lxl5rf.cloudfront.net/images/dishes/dcc51fe4-1705-4089-ba01-1b6b79146e25.jpg","notFood":false,"drinks":false},{"name":"קאפה מאקי","description":"מלפפון ושומשום קלוי.","price":16,"vegan":true,"vegetarian":true,"notFood":false,"drinks":false},{"name":"קויא-דופו דזוסי","description":" גבינת טופו, אבוקדו, גמבה ומיונז יפני","price":24,"vegan":false,"vegetarian":true,"notFood":false,"drinks":false},{"name":"אבוקדו רול","description":"אבוקדו","price":19,"vegan":true,"vegetarian":true,"notFood":false,"drinks":false},{"name":"קנפיו רול","description":"דלעת יפנית","price":16,"vegan":true,"vegetarian":true,"notFood":false,"drinks":false},{"name":"קומבינציה גדולה- 68 יח'","description":"ניגירי טמגו - אומלט וצ'ילי מתוק\nניגירי אייו - סלמון\nניגירי מאגארו - טונה אדומה וואסבי\nניגירי אונאגי - צלופח וטריאקיאייו \nהוסו מאקי - סלמון ועירית\nמאגארו הוסו מאקי - טונה אדומה ומיונז יפני \nאבוקדו רול - אבוקדו\nקונסיי אורו מאקי - סלמון מטוגן, אבוקדו,\nמלפפון, קוויאר טוביקו, עטוף בשבבי טונה\nפלדלפיה שומש","price":315,"vegan":false,"vegetarian":false,"notFood":false,"drinks":false},{"name":"קומבינציית סלמון - 18 י\"ח","description":"אייו פוטו מאקי - סלמון, אבוקדו, קוויאר, מלפפון \r\nקליפורניה נמו - גבינת שמנת, טוביקו, מלפפון, עירית עטוף בסלמון ISO\r\nניגירי אייו X2","price":93,"vegan":false,"vegetarian":false,"notFood":false,"drinks":false},{"name":"קומבינציה צמחונית - 32 י\"ח","description":"קאפה מאקי - מלפפון ושומשום קלוי \r\nאבוקדו רול - אבוקדו \r\nשיטאקה דזוסי I.S.O - פטריות שיטאקה, עירית, גזר, קנפיו, עטוף בשומשום לבן ושחור\r\nטופו רול - גבינת טופו, קנפיו, מלפפון, אבוקדו ","price":73,"vegan":false,"vegetarian":true,"notFood":false,"drinks":false},{"name":"קומבינציית גבינות -  24 י\"ח","description":"טוקאי - גבינת פילדלפיה, אבוקדו, מיונז יפני, טוביקו עטוף בסלמון\r\nמידורי - סלמון, טאמגו, סורימי, עירית עטוף בקרם צ'יז עם טוביקו \r\nקרדינל - גבינת שמנת, צלופח עטוף בטוביקו אדום ","price":103,"vegan":false,"vegetarian":false,"notFood":false,"drinks":false},{"name":"טונה & בוניטו   - 18 י\"ח","description":"בוניטו וטונה - טונה אדומה, מלפפון, לטוק, ספייס מיונז עטופים בפירורי טונה \r\nפלדלפיה מאגורו רול - טוביקו, מלפפון, עירית, גבינת פלדלפיה עטוף בטונה אדומה\r\nניגירי טונה X2","price":89,"vegan":false,"vegetarian":false,"notFood":false,"drinks":false},{"name":"בירה מהחבית 1 ליטר","description":"בירה טרייה, מהחבית מוזגת לבקבוקים לפי הזמנה","price":59,"vegan":true,"vegetarian":true,"image":"https://d25t2285lxl5rf.cloudfront.net/images/dishes/625fa18c-f58e-400d-a817-2b43bcb4d14c.jpg","notFood":false,"drinks":true},{"name":"בקבוק 1.5 ליטר קוקה קולה","price":15,"vegan":true,"vegetarian":true,"image":"https://d25t2285lxl5rf.cloudfront.net/images/dishes/6b701386-34c4-4848-a091-c18d6745800f.5","notFood":false,"drinks":true},{"name":"בקבוק 1.5 ליטר קולה זירו","price":15,"vegan":true,"vegetarian":true,"notFood":false,"drinks":true},{"name":"קוקה קולה אישי","price":11,"vegan":true,"vegetarian":true,"notFood":false,"drinks":true},{"name":"קוקה קולה זירו אישי","price":11,"vegan":true,"vegetarian":true,"notFood":false,"drinks":true},{"name":"ספרייט אישי","price":11,"vegan":true,"vegetarian":true,"notFood":false,"drinks":true},{"name":"פאנטה אישי","price":11,"vegan":true,"vegetarian":true,"notFood":false,"drinks":false},{"name":"סודה אישי","price":9,"vegan":true,"vegetarian":true,"notFood":false,"drinks":true},{"name":"מים מינירלי אישי","price":10,"vegan":true,"vegetarian":true,"notFood":false,"drinks":false},{"name":"בירה שחורה","price":11,"vegan":true,"vegetarian":true,"notFood":false,"drinks":true},{"name":"פריגת תות בננה","price":11,"vegan":true,"vegetarian":true,"notFood":false,"drinks":false}]}