{"track_id":"21055","filters":["burgers","meatGrill","salads"],"image":"https://tenbis-static.azureedge.net/restaurant-card-image/ResCard_21055_20210929093811.jpg","address":"דיזנגוף, 50 תל אביב-יפו","location":[34.7753948,32.0753462],"name":"ברגר קינג","city":"תל אביב-יפו","priceAverage":34.91025641025641,"menu":[{"name":"ארוחת וופר","description":"קציצת וופר מ-100% בשר בקר הנצלית על הגריל, עגבנייה, בצל, חסה, קטשופ, מיונז ומלפפון חמוץ הארוחה כוללת תוספת ושתייה לבחירה- 2 רטבי קטשופ 2 רטבי מיונז\n","price":53,"vegan":false,"vegetarian":false,"image":"https://d25t2285lxl5rf.cloudfront.net/images/dishes/3a2a0dee-2a41-454b-ad8b-f253d6d76c35.png","notFood":false,"drinks":false},{"name":"ארוחת דאבל וופר\n","description":"שתי קציצות וופר מ-100% בשר בקר הנצלית על הגריל, עגבנייה, בצל, חסה, קטשופ, מיונז ומלפפון חמוץ הארוחה כוללת תוספת ושתייה לבחירה- 2 רטבי קטשופ 2 רטבי מיונז\n","price":62,"vegan":false,"vegetarian":false,"image":"https://d25t2285lxl5rf.cloudfront.net/images/dishes/2f87ef7f-5b5c-45a0-b49b-e8ba4c46b1e7.png","notFood":false,"drinks":false},{"name":"ארוחת טריפל וופר\n","description":" שלוש קציצות וופר מ-100% בשר בקר הנצלית על הגריל, עגבנייה, בצל, חסה, קטשופ, מיונז ומלפפון חמוץ הארוחה כוללת תוספת ושתייה לבחירה- 2 רטבי קטשופ 2 רטבי מיונז\n","price":71,"vegan":false,"vegetarian":false,"image":"https://d25t2285lxl5rf.cloudfront.net/images/dishes/1c682b75-c5ae-4251-90c0-60757e946e1e.png","notFood":false,"drinks":false},{"name":"ארוחת ספייסי וופר\n","description":"קציצת וופר מ-100% בשר בקר הנצלית על הגריל, עגבנייה, בצל חסה, מיונז, רוטב סריראצ'ה וחלפיניו הארוחה כוללת תוספת ושתייה לבחירה- 2 רטבי קטשופ 2 רטבי מיונז\n","price":55,"vegan":false,"vegetarian":false,"image":"https://d25t2285lxl5rf.cloudfront.net/images/dishes/7cba3d9c-d0cc-4d77-9083-e0aff9ce3977.png","notFood":false,"drinks":false},{"name":"ארוחת דאבל ספייסי וופר\n","description":" שתי קציצות וופר מ-100% בשר בקר הנצלית על הגריל, עגבנייה, בצל חסה, מיונז, רוטב סריראצ'ה וחלפיניו הארוחה כוללת תוספת ושתייה לבחירה- 2 רטבי קטשופ 2 רטבי מיונז\n","price":64,"vegan":false,"vegetarian":false,"image":"https://d25t2285lxl5rf.cloudfront.net/images/dishes/47136d6b-ceeb-4a2b-ac24-610fbacf8f7a.png","notFood":false,"drinks":false},{"name":"ארוחת טריפל ספייסי וופר\n","description":" שלוש קציצות וופר מ-100% בשר בקר הנצלית על הגריל, עגבנייה, בצל חסה, מיונז, רוטב סריראצ'ה וחלפיניו הארוחה כוללת תוספת ושתייה לבחירה- 2 רטבי קטשופ 2 רטבי מיונז\n","price":73,"vegan":false,"vegetarian":false,"image":"https://d25t2285lxl5rf.cloudfront.net/images/dishes/9f77f922-3b76-4ab5-938d-761d2b09f9e7.png","notFood":false,"drinks":false},{"name":"ארוחת רודאו וופר\n","description":"קציצת וופר מ-100% בשר בקר הנצלית על הגריל, עגבנייה, חסה, מיונז, רוטב ברביקיו, מלפפון חמוץ וטבעות בצל הארוחה כוללת תוספת ושתייה לבחירה- 2 רטבי קטשופ 2 רטבי מיונז\n","price":56,"vegan":false,"vegetarian":false,"image":"https://d25t2285lxl5rf.cloudfront.net/images/dishes/d9b48c26-2a3f-4876-ab29-7c3955aed842.png","notFood":false,"drinks":false},{"name":"ארוחת דאבל רודאו וופר\n","description":" שתי קציצות וופר מ-100% בשר בקר הנצלית על הגריל, עגבנייה, חסה, מיונז, רוטב ברביקיו, מלפפון חמוץ וטבעות בצל הארוחה כוללת תוספת ושתייה לבחירה- 2 רטבי קטשופ 2 רטבי מיונז\n","price":65,"vegan":false,"vegetarian":false,"image":"https://d25t2285lxl5rf.cloudfront.net/images/dishes/1ea2355d-aa3c-4be9-8a4a-fdea162151ad.png","notFood":false,"drinks":false},{"name":"ארוחת טריפל רודאו וופר\n","description":" שלוש קציצות וופר מ-100% בשר בקר הנצלית על הגריל, עגבנייה, חסה, מיונז, רוטב ברביקיו, מלפפון חמוץ וטבעות בצל הארוחה כוללת תוספת ושתייה לבחירה- 2 רטבי קטשופ 2 רטבי מיונז\n","price":74,"vegan":false,"vegetarian":false,"image":"https://d25t2285lxl5rf.cloudfront.net/images/dishes/686d8301-6b58-4c9e-8b9b-76c01b37b623.png","notFood":false,"drinks":false},{"name":"ארוחת וופר שום","description":"קציצת וופר מ-100% בשר בקר הנצלית על הגריל, עגבנייה, בצל, חסה, קטשופ, מיונז שום ומלפפון חמוץ הארוחה כוללת תוספת ושתייה לבחירה- 2 רטבי קטשופ 2 רטבי מיונז\n","price":55,"vegan":false,"vegetarian":false,"image":"https://d25t2285lxl5rf.cloudfront.net/images/dishes/6d796425-9979-47dc-85b1-8bd269fddf0d.png","notFood":false,"drinks":false},{"name":"ארוחת דאבל וופר שום","description":" שתי קציצות וופר מ-100% בשר בקר הנצלית על הגריל, עגבנייה, בצל, חסה, קטשופ, מיונז שום ומלפפון חמוץ הארוחה כוללת תוספת ושתייה לבחירה- 2 רטבי קטשופ 2 רטבי מיונז\n","price":64,"vegan":false,"vegetarian":false,"image":"https://d25t2285lxl5rf.cloudfront.net/images/dishes/99aff53f-9a03-4099-87f0-b59b4aa5aecc.png","notFood":false,"drinks":false},{"name":"ארוחת טריפל וופר שום","description":" שלוש קציצות וופר מ-100% בשר בקר הנצלית על הגריל, עגבנייה, בצל, חסה, קטשופ, מיונז שום ומלפפון חמוץ הארוחה כוללת תוספת ושתייה לבחירה- 2 רטבי קטשופ 2 רטבי מיונז\n","price":73,"vegan":false,"vegetarian":false,"image":"https://d25t2285lxl5rf.cloudfront.net/images/dishes/1757546e-0c01-4a9e-99f3-ebc894f26213.png","notFood":false,"drinks":false},{"name":"ארוחת וופר צרפתי","description":"קציצת וופר מ-100% בשר בקר הנצלית על הגריל בטעם הצרפתי עם חרדל ובצל מטוגן, עגבנייה, חסה, רוטב סריראצ'ה ומיונז. הארוחה כוללת תוספת ושתייה לבחירה\n","price":51,"vegan":false,"vegetarian":false,"image":"https://d25t2285lxl5rf.cloudfront.net/images/dishes/3274103.jpg","notFood":false,"drinks":false},{"name":"ארוחת ברביקיו XT\n","description":"קציצה עבה מ-100% בשר בקר הנצלית על הגריל, חסה, עגבנייה, מיונז, רוטב ברביקיו הארוחה כוללת תוספת ושתייה לבחירה- 2 רטבי קטשופ 2 רטבי מיונז\n","price":60,"vegan":false,"vegetarian":false,"image":"https://d25t2285lxl5rf.cloudfront.net/images/dishes/29f4b1b6-f1da-459b-a1a4-b0bb87189eff.png","notFood":false,"drinks":false},{"name":"ארוחת ספייסי XT","description":"קציצה עבה מ-100% בשר בקר הנצלית על הגריל, רוטב סריראצ'ה, חלפיניו, חסה, עגבנייה, בצל ומיונז הארוחה כוללת תוספת ושתייה לבחירה- 2 רטבי קטשופ 2 רטבי מיונז\n","price":61,"vegan":false,"vegetarian":false,"image":"https://d25t2285lxl5rf.cloudfront.net/images/dishes/1fa89a2a-c76c-41b1-8bc2-3724838d567b.png","notFood":false,"drinks":false},{"name":"ארוחת דאבל ספייסי XT","description":"שתי קציצות עבות מ-100% בשר בקר הנצלית על הגריל, רוטב סריראצ'ה, חלפיניו, חסה, עגבנייה, בצל ומיונז הארוחה כוללת תוספת ושתייה לבחירה- 2 רטבי קטשופ 2 רטבי מיונז\n","price":71,"vegan":false,"vegetarian":false,"image":"https://d25t2285lxl5rf.cloudfront.net/images/dishes/e6fede48-151d-4a93-af30-19d57ee4f65d.png","notFood":false,"drinks":false},{"name":"ארוחת רודאו XT","description":"קציצה עבה מ-100% בשר בקר הנצלית על הגריל, חסה, עגבנייה, מיונז, מלפפון חמוץ, רוטב ברבקיו ו-6 טבעות בצל ארוחה כוללת תוספת ושתייה לבחירה- 2 רטבי קטשופ 2 רטבי מיונז\n","price":62,"vegan":false,"vegetarian":false,"image":"https://d25t2285lxl5rf.cloudfront.net/images/dishes/e98b40f3-c73b-4da4-835b-d5545c538110.png","notFood":false,"drinks":false},{"name":"ארוחת קלאסיק XT","description":"קציצה עבה מ-100% בשר בקר הנצלית על הגריל,  עגבנייה, בצל, חסה, קטשופ, מיונז ומלפפון חמוץ הארוחה כוללת תוספת ושתייה לבחירה- 2 רטבי קטשופ 2 רטבי מיונז\n","price":60,"vegan":false,"vegetarian":false,"image":"https://d25t2285lxl5rf.cloudfront.net/images/dishes/37ce544d-e9e9-4aab-a25b-0534c84f5ebb.jpg","notFood":false,"drinks":false},{"name":"ארוחת צרפתי XT\t","description":"קציצת עבה מ-100% בשר בקר הנצלית על הגריל בטעם הצרפתי עם חרדל ובצל מטוגן, עגבנייה, חסה, רוטב סריראצ'ה ומיונז. הארוחה כוללת תוספת ושתייה לבחירה. 175 גרם לפני צלייה\n","price":57,"vegan":false,"vegetarian":false,"image":"https://d25t2285lxl5rf.cloudfront.net/images/dishes/3274241.jpg","notFood":false,"drinks":false},{"name":"ארוחת בייקון קינג","description":"קציצה מ-100% בשר בקר הנצלית על הגריל, עם בייקון הודו כשר, חסה ומיונז הארוחה כוללת תוספת ושתייה לבחירה- 2 רטבי קטשופ 2 רטבי מיונז\n","price":57,"vegan":false,"vegetarian":false,"image":"https://d25t2285lxl5rf.cloudfront.net/images/dishes/ee398069-4388-4bb8-b999-287e53501cb7.jpg","notFood":false,"drinks":false},{"name":"ארוחת ביג קינג","description":" שתי קציצות המבורגר 100% בקר, בצל, חסה, רוטב המלך ומלפפון חמוץ הארוחה כוללת תוספת ושתייה לבחירה- 2 רטבי קטשופ 2 רטבי מיונז\n","price":43,"vegan":false,"vegetarian":false,"image":"https://d25t2285lxl5rf.cloudfront.net/images/dishes/7438bd4b-db01-423e-866f-804661508c84.png","notFood":false,"drinks":false},{"name":"ארוחת ביג קינג XXL","description":" שתי קציצות וופר 100% בקר, בצל, חסה, רוטב המלך ומלפפון חמוץ הארוחה כוללת תוספת ושתייה לבחירה- 2 רטבי קטשופ 2 רטבי מיונז\n","price":58,"vegan":false,"vegetarian":false,"image":"https://d25t2285lxl5rf.cloudfront.net/images/dishes/9912b845-84d9-4267-9a8b-8a5ff19fbc3b.png","notFood":false,"drinks":false},{"name":"ארוחת קינג ג'וניור המבורגר\n","description":"המבורגר עם קטשופ הארוחה כוללת תוספת ושתייה לבחירה- 2 רטבי קטשופ 2 רטבי מיונז\n","price":34,"vegan":false,"vegetarian":false,"image":"https://d25t2285lxl5rf.cloudfront.net/images/dishes/f7eb213f-1895-4ca3-afaa-0ec399e66d24.png","notFood":false,"drinks":false},{"name":"ארוחת קינג ג'וניור נאגטס תירס \n","description":"6 יחידות נאגטס תירס הארוחה כוללת תוספת ושתייה לבחירה- 2 רטבי קטשופ 2 רטבי מיונז\n","price":34,"vegan":false,"vegetarian":true,"image":"https://d25t2285lxl5rf.cloudfront.net/images/dishes/2158862.png","notFood":false,"drinks":false},{"name":"וופר","description":"קציצת וופר מ-100% בשר בקר הנצלית על הגריל, עגבנייה, בצל, חסה, קטשופ, מיונז ומלפפון חמוץ","price":29,"vegan":false,"vegetarian":false,"image":"https://d25t2285lxl5rf.cloudfront.net/images/dishes/307cdd66-9f81-4389-b348-90e38fae3660.jpg","notFood":false,"drinks":false},{"name":"דאבל וופר","description":"שתי קציצות וופר מ-100% בשר בקר הנצלית על הגריל, עגבנייה, בצל, חסה, קטשופ, מיונז ומלפפון חמוץ\n","price":38,"vegan":false,"vegetarian":false,"image":"https://d25t2285lxl5rf.cloudfront.net/images/dishes/537f764c-035b-4833-bd1f-23712b1205ea.jpg","notFood":false,"drinks":false},{"name":"טריפל וופר","description":" שלוש קציצות וופר מ-100% בשר בקר הנצלית על הגריל, עגבנייה, בצל, חסה, קטשופ, מיונז ומלפפון חמוץ\n","price":47,"vegan":false,"vegetarian":false,"image":"https://d25t2285lxl5rf.cloudfront.net/images/dishes/ae583127-1443-4d86-97b9-16f4ca051e59.png","notFood":false,"drinks":false},{"name":"ספייסי וופר","description":"קציצת וופר מ-100% בשר בקר הנצלית על הגריל, עגבנייה, בצל חסה, מיונז, רוטב סריראצ'ה וחלפיניו","price":32,"vegan":false,"vegetarian":false,"image":"https://d25t2285lxl5rf.cloudfront.net/images/dishes/4ecb755c-1ae6-4a93-9966-33acb176adbb.png","notFood":false,"drinks":false},{"name":"דאבל ספייסי וופר","description":" שתי קציצות וופר מ-100% בשר בקר הנצלית על הגריל, עגבנייה, בצל חסה, מיונז, רוטב סריראצ'ה וחלפיניו\n","price":41,"vegan":false,"vegetarian":false,"image":"https://d25t2285lxl5rf.cloudfront.net/images/dishes/58bff14d-f0fe-4839-b909-3319e458feec.png","notFood":false,"drinks":false},{"name":"טריפל ספייסי וופר","description":" שלוש קציצות וופר מ-100% בשר בקר הנצלית על הגריל, עגבנייה, בצל חסה, מיונז, רוטב סריראצ'ה וחלפיניו \n","price":50,"vegan":false,"vegetarian":false,"image":"https://d25t2285lxl5rf.cloudfront.net/images/dishes/d330a718-1678-49ab-a314-dd8d7c04b0b0.png","notFood":false,"drinks":false},{"name":"רודאו וופר","description":"קציצת וופר מ-100% בשר בקר הנצלית על הגריל, עגבנייה, חסה, מיונז, רוטב ברביקיו, מלפפון חמוץ וטבעות בצל.\n","price":33,"vegan":false,"vegetarian":false,"image":"https://d25t2285lxl5rf.cloudfront.net/images/dishes/fccd7e1b-c793-4b86-95a2-4d7459c425fc.png","notFood":false,"drinks":false},{"name":"דאבל רודאו וופר","description":" שתי קציצות וופר מ-100% בשר בקר הנצלית על הגריל, עגבנייה, חסה, מיונז, רוטב ברביקיו, מלפפון חמוץ וטבעות בצל\n","price":42,"vegan":false,"vegetarian":false,"image":"https://d25t2285lxl5rf.cloudfront.net/images/dishes/720e4220-2bc0-4bae-b3a6-c1a067a763e8.png","notFood":false,"drinks":false},{"name":"טריפל רודאו וופר","description":" שלוש קציצות וופר מ-100% בשר בקר הנצלית על הגריל, עגבנייה, חסה, מיונז, רוטב ברביקיו, מלפפון חמוץ וטבעות בצל\n","price":51,"vegan":false,"vegetarian":false,"image":"https://d25t2285lxl5rf.cloudfront.net/images/dishes/49f8b999-ae93-4e38-877c-0443a5be76ea.png","notFood":false,"drinks":false},{"name":"וופר שום","description":"קציצת וופר מ-100% בשר בקר הנצלית על הגריל, עגבנייה, בצל, חסה, קטשופ, מיונז שום ומלפפון חמוץ","price":32,"vegan":false,"vegetarian":false,"image":"https://d25t2285lxl5rf.cloudfront.net/images/dishes/1c63c53a-4b8e-4776-affc-25e91203d311.png","notFood":false,"drinks":false},{"name":"דאבל וופר שום","description":" שתי קציצות וופר מ-100% בשר בקר הנצלית על הגריל, עגבנייה, בצל, חסה, קטשופ, מיונז שום ומלפפון חמוץ\n","price":41,"vegan":false,"vegetarian":false,"image":"https://d25t2285lxl5rf.cloudfront.net/images/dishes/8f364d45-09ae-494a-842e-20d8dfb87122.png","notFood":false,"drinks":false},{"name":"טריפל וופר שום","description":" שלוש קציצות וופר מ-100% בשר בקר הנצלית על הגריל, עגבנייה, בצל, חסה, קטשופ, מיונז שום ומלפפון חמוץ\n","price":50,"vegan":false,"vegetarian":false,"image":"https://d25t2285lxl5rf.cloudfront.net/images/dishes/1e37b93f-6372-48c9-898f-a76b27637b57.png","notFood":false,"drinks":false},{"name":"וופר צרפתי","description":"קציצת וופר מ-100% בשר בקר הנצלית על הגריל בטעם הצרפתי עם חרדל ובצל מטוגן, עגבנייה, חסה, רוטב סריראצ'ה ומיונז.\n","price":33,"vegan":false,"vegetarian":false,"image":"https://d25t2285lxl5rf.cloudfront.net/images/dishes/3274242.jpg","notFood":false,"drinks":false},{"name":"ברביקיו XT","description":"קציצה עבה מ-100% בשר בקר הנצלית על הגריל, חסה, עגבנייה, מיונז, רוטב ברביקיו","price":39,"vegan":false,"vegetarian":false,"image":"https://d25t2285lxl5rf.cloudfront.net/images/dishes/b1c948c2-250f-4ffb-b5b3-1b3772089868.png","notFood":false,"drinks":false},{"name":"ספייסי XT","description":"קציצה עבה מ-100% בשר בקר הנצלית על הגריל, רוטב סריראצ'ה, חלפיניו, חסה, עגבנייה, בצל ומיונז","price":40,"vegan":false,"vegetarian":false,"image":"https://d25t2285lxl5rf.cloudfront.net/images/dishes/821b523d-79d8-49d2-b8f0-f66fd20b4b59.png","notFood":false,"drinks":false},{"name":"דאבל ספייסי XT","description":"שתי קציצות עבות מ-100% בשר בקר הנצלית על הגריל, רוטב סריראצ'ה, חלפיניו, חסה, עגבנייה, בצל ומיונז\n","price":50,"vegan":false,"vegetarian":false,"image":"https://d25t2285lxl5rf.cloudfront.net/images/dishes/aa6ff8ba-41eb-44cd-9f58-b10e0a249ede.png","notFood":false,"drinks":false},{"name":"רודאו XT","description":"קציצה עבה מ-100% בשר בקר הנצלית על הגריל, חסה, עגבנייה, מיונז, מלפפון חמוץ, רוטב ברבקיו ו-6 טבעות בצל","price":41,"vegan":false,"vegetarian":false,"image":"https://d25t2285lxl5rf.cloudfront.net/images/dishes/206ca7e5-fc7a-45bc-af61-c483cb05e60a.png","notFood":false,"drinks":false},{"name":"קלאסיק XT","description":"קציצה עבה מ-100% בשר בקר הנצלית על הגריל,  עגבנייה, בצל, חסה, קטשופ, מיונז ומלפפון חמוץ","price":39,"vegan":false,"vegetarian":false,"image":"https://d25t2285lxl5rf.cloudfront.net/images/dishes/98004684-e704-4371-ac85-d25f1be243e3.jpg","notFood":false,"drinks":false},{"name":"צרפתי XT","description":"קציצת עבה מ-100% בשר בקר הנצלית על הגריל בטעם הצרפתי עם חרדל ובצל מטוגן, עגבנייה, חסה, רוטב סריראצ'ה ומיונז.\n","price":41,"vegan":false,"vegetarian":false,"image":"https://d25t2285lxl5rf.cloudfront.net/images/dishes/3274244.jpg","notFood":false,"drinks":false},{"name":"בייקון קינג","description":"קציצה מ-100% בשר בקר הנצלית על הגריל, עם בייקון הודו כשר, חסה ומיונז \n","price":35,"vegan":false,"vegetarian":false,"image":"https://d25t2285lxl5rf.cloudfront.net/images/dishes/3040510.jpg","notFood":false,"drinks":false},{"name":"ביג קינג","description":" שתי קציצות המבורגר 100% בקר, בצל, חסה, רוטב המלך ומלפפון חמוץ\n","price":19,"vegan":false,"vegetarian":false,"image":"https://d25t2285lxl5rf.cloudfront.net/images/dishes/21b3d0b4-ffff-497f-908a-f5bc512c6ee5.png","notFood":false,"drinks":false},{"name":"ביג קינג XXL","description":" שתי קציצות וופר 100% בקר, בצל, חסה, רוטב המלך ומלפפון חמוץ\n","price":35,"vegan":false,"vegetarian":false,"image":"https://d25t2285lxl5rf.cloudfront.net/images/dishes/9f4ccf7b-7e1f-42c6-95a7-059bdd55add1.png","notFood":false,"drinks":false},{"name":"טורטייה ברביקיו","description":"רצועות בשר בקר הנצלות על הגריל, עגבנייה, חסה, בצל, רוטב ברביקיו, מיונז\r\n","price":28,"vegan":false,"vegetarian":false,"image":"https://d25t2285lxl5rf.cloudfront.net/images/dishes/b45f0492-14e0-48b4-b206-7de1067cf769.png","notFood":false,"drinks":false},{"name":"טורטייה ברביקיו - חריף","description":"רצועות בשר בקר הנצלות על הגריל, עגבנייה, חסה, בצל, רוטב ברביקיו, מיונז, רוטב סריראצ'ה וחלפיניו \r\n","price":32,"vegan":false,"vegetarian":false,"image":"https://d25t2285lxl5rf.cloudfront.net/images/dishes/7ac83b72-e852-408c-a88b-7938cb92e984.jpg","notFood":false,"drinks":false},{"name":"ארוחת טורטייה ברביקיו","description":"רצועות בשר בקר הנצלות על הגריל, עגבנייה, חסה, בצל, רוטב ברביקיו, מיונז הארוחה כוללת תוספת ושתייה לבחירה- 2 רטבי קטשופ, 2 רטבי מיונז\r\n","price":49,"vegan":false,"vegetarian":false,"image":"https://d25t2285lxl5rf.cloudfront.net/images/dishes/a3ba8381-372a-449b-9869-ce5ba58de658.jpg","notFood":false,"drinks":false},{"name":"ארוחת טורטייה ברביקיו - חריף","description":"רצועות בשר בקר הנצלות על הגריל, עגבנייה, חסה, בצל, רוטב ברביקיו, מיונז, רוטב סריראצ'ה וחלפיניו הארוחה כוללת תוספת ושתייה לבחירה- 2 רטבי קטשופ, 2 רטבי מיונז\r\n","price":53,"vegan":false,"vegetarian":false,"image":"https://d25t2285lxl5rf.cloudfront.net/images/dishes/3041052.jpg","notFood":false,"drinks":false},{"name":"צ'יפס גדול","price":17,"vegan":true,"vegetarian":true,"image":"https://d25t2285lxl5rf.cloudfront.net/images/dishes/6c62c5ec-cb4e-449b-9f37-fbd261d66dad.png","notFood":false,"drinks":false},{"name":"צ'יפס בטטה","price":23,"vegan":true,"vegetarian":true,"image":"https://d25t2285lxl5rf.cloudfront.net/images/dishes/3cae6b12-df51-403b-8261-cf48c00d6d6f.jpg","notFood":false,"drinks":false},{"name":"9 טבעות בצל","price":18,"vegan":true,"vegetarian":true,"image":"https://d25t2285lxl5rf.cloudfront.net/images/dishes/dd077be7-43fc-4f31-8e10-19332ec0e954.jpg","notFood":false,"drinks":false},{"name":"9 נאגטס תירס","price":14,"vegan":true,"vegetarian":true,"image":"https://d25t2285lxl5rf.cloudfront.net/images/dishes/8a074289-7a61-40d8-8e74-2e1be5b2ccf7.jpg","notFood":false,"drinks":false},{"name":"רול טופי קרמל","description":"עם רוטב שוקולד\r\n","price":11,"vegan":false,"vegetarian":true,"image":"https://d25t2285lxl5rf.cloudfront.net/images/dishes/023098fb-b720-4546-aac4-bb186ec2e7b6.png","notFood":false,"drinks":false},{"name":"רול תפוחי עץ קינמון","description":"עם רוטב מייפל\r\n","price":11,"vegan":true,"vegetarian":true,"image":"https://d25t2285lxl5rf.cloudfront.net/images/dishes/a5c5efe7-f4bc-4007-8018-8fcf5429dda3.png","notFood":false,"drinks":false},{"name":"בן & ג'ריס בצק עוגיות","description":"150 מ\"ל","price":12,"vegan":true,"vegetarian":true,"image":"https://d25t2285lxl5rf.cloudfront.net/images/dishes/ed038f06-ed03-4751-ad91-26894153610f.jpg","notFood":false,"drinks":false},{"name":"בן & ג'ריס קרם עוגיות","description":"150 מ\"ל","price":12,"vegan":true,"vegetarian":true,"image":"https://d25t2285lxl5rf.cloudfront.net/images/dishes/fa91c565-a7ae-4fa4-90d1-8fdc8553bd04.jpg","notFood":false,"drinks":false},{"name":"דיפ חרדל","price":1,"vegan":true,"vegetarian":true,"image":"https://d25t2285lxl5rf.cloudfront.net/images/dishes/3274824.jpg","notFood":false,"drinks":false},{"name":"קיט קטשופ מיונז","price":1,"vegan":false,"vegetarian":true,"notFood":false,"drinks":false},{"name":"ברביקיו","price":1,"vegan":true,"vegetarian":true,"notFood":false,"drinks":false},{"name":"חמוץ מתוק","price":1,"vegan":true,"vegetarian":true,"notFood":false,"drinks":false},{"name":"דיפ חרדל דבש","price":1,"vegan":true,"vegetarian":true,"notFood":false,"drinks":false},{"name":"דיפ צ'ילי מתוק","price":1,"vegan":true,"vegetarian":true,"notFood":false,"drinks":false},{"name":"רוטב סריראצ'ה","price":2,"vegan":true,"vegetarian":true,"notFood":false,"drinks":false},{"name":"רוטב המלך","price":2,"vegan":true,"vegetarian":true,"notFood":false,"drinks":false},{"name":"מים מינרליים","price":10,"vegan":true,"vegetarian":true,"notFood":false,"drinks":true},{"name":"סודה","price":10,"vegan":true,"vegetarian":true,"notFood":false,"drinks":true},{"name":"ענבים","price":11,"vegan":true,"vegetarian":true,"notFood":false,"drinks":true},{"name":"קוקה קולה","price":14,"vegan":true,"vegetarian":true,"notFood":false,"drinks":true},{"name":"קולה זירו","price":14,"vegan":true,"vegetarian":true,"notFood":false,"drinks":true},{"name":"ספרייט","price":14,"vegan":true,"vegetarian":true,"notFood":false,"drinks":true},{"name":"פאנטה","price":14,"vegan":true,"vegetarian":true,"notFood":false,"drinks":false},{"name":"פיוז טי אפרסק","price":15,"vegan":true,"vegetarian":true,"notFood":false,"drinks":false},{"name":"סאפה משקה אלוורה בטעם ענבים","price":15,"vegan":true,"vegetarian":true,"notFood":false,"drinks":true},{"name":"סאפה משקה אלוורה בטעם תפוחים","price":15,"vegan":true,"vegetarian":true,"notFood":false,"drinks":false},{"name":"ג'ומקס בטעם אננס","price":15,"vegan":true,"vegetarian":true,"notFood":false,"drinks":false},{"name":"ג'ומקס בטעם מנגו","price":15,"vegan":true,"vegetarian":true,"notFood":false,"drinks":false}]}