{"track_id":"21060","filters":["japaneseSushi","asianFusion"],"image":"https://tenbis-static.azureedge.net/restaurant-card-image/ResCard_21060_20200227165657.jpg","address":"הנשיא, 1 לוד","location":[34.8924268,31.9470119],"name":"נגיסה  ","city":"זיתן","priceAverage":47.29565217391304,"menu":[{"name":"טסקמונו","description":"כרוב, גזר ומלפפון בתחמיץ יפני ","price":11,"vegan":true,"vegetarian":true,"image":"https://d25t2285lxl5rf.cloudfront.net/images/dishes/d095ba72-f7b6-4e74-9308-81fb6029878a.jpg","notFood":false,"drinks":false},{"name":"סלט וואקמה","description":"אטריות שעועית, גזר ומלפפון ברוטב הבית ","price":14,"vegan":true,"vegetarian":true,"image":"https://d25t2285lxl5rf.cloudfront.net/images/dishes/1f70816f-bb6c-448b-be3d-4850149dcc82.jpg","notFood":false,"drinks":false},{"name":"סלט אסייתי","description":"מיקס של כרוב לבן ואדום, גזר ברוטב חמאת בוטנים ובוטנים קלויים ","price":15,"vegan":false,"vegetarian":true,"image":"https://d25t2285lxl5rf.cloudfront.net/images/dishes/69ee4323-ff84-43a5-8add-afd20bfed379.jpg","notFood":false,"drinks":false},{"name":"פנקו צ'יפס","description":"רצועות תפוח אדמה בטמפורה ברוטב צ'ילי מתוק ","price":24,"vegan":true,"vegetarian":true,"image":"https://d25t2285lxl5rf.cloudfront.net/images/dishes/5be71122-ab3b-49bc-84c9-cd385f0b7e6f.jpg","notFood":false,"drinks":false},{"name":"פטריות בטמפורה","description":"פטריות שמפניון במעטפת טמפורה ברוטב טריאקי ושומשום ","price":32,"vegan":true,"vegetarian":true,"image":"https://d25t2285lxl5rf.cloudfront.net/images/dishes/87cffe71-0aac-43c1-ac97-cb74e79216cf.jpg","notFood":false,"drinks":false},{"name":"מלפפון","price":14,"vegan":true,"vegetarian":true,"image":"https://d25t2285lxl5rf.cloudfront.net/images/dishes/0a4aeb9f-6f4c-46b7-b06c-b1bae77b69dc.jpg","notFood":false,"drinks":false},{"name":"גזר","price":14,"vegan":true,"vegetarian":true,"image":"https://d25t2285lxl5rf.cloudfront.net/images/dishes/0d2603f1-58f4-448d-8bec-683375145de1.jpg","notFood":false,"drinks":false},{"name":"אבוקדו","price":14,"vegan":true,"vegetarian":true,"image":"https://d25t2285lxl5rf.cloudfront.net/images/dishes/3156f2e4-8426-4f32-9641-98b3667bd661.jpg","notFood":false,"drinks":false},{"name":"קמפיו","price":14,"vegan":true,"vegetarian":true,"image":"https://d25t2285lxl5rf.cloudfront.net/images/dishes/3d3af5b4-c875-44b7-bfac-46d6c37d6d8b.jpg","notFood":false,"drinks":false},{"name":"בצל ירוק","price":14,"vegan":true,"vegetarian":true,"image":"https://d25t2285lxl5rf.cloudfront.net/images/dishes/d6a82cb9-b190-45fd-a82b-c70ec2879314.jpg","notFood":false,"drinks":false},{"name":"טמאגו","price":14,"vegan":false,"vegetarian":true,"image":"https://d25t2285lxl5rf.cloudfront.net/images/dishes/bc2e663a-5d09-4e6d-b9a1-f5cfdcd72c10.jpg","notFood":false,"drinks":false},{"name":"סלמון","price":19,"vegan":false,"vegetarian":false,"image":"https://d25t2285lxl5rf.cloudfront.net/images/dishes/bd39901f-f911-42c0-bfde-209678c99039.jpg","notFood":false,"drinks":false},{"name":"סלמון סקין","price":19,"vegan":false,"vegetarian":false,"image":"https://d25t2285lxl5rf.cloudfront.net/images/dishes/ca533628-8e94-4efa-9707-d5fa00423e23.jpg","notFood":false,"drinks":false},{"name":"טונה אדומה","price":22,"vegan":false,"vegetarian":false,"image":"https://d25t2285lxl5rf.cloudfront.net/images/dishes/6780f6ca-8d39-4ba1-b635-52e6f7b9cd20.jpg","notFood":false,"drinks":false},{"name":"דניס","price":22,"vegan":false,"vegetarian":false,"image":"https://d25t2285lxl5rf.cloudfront.net/images/dishes/275776f0-d45d-4ff9-ad44-85bba24b5f42.jpg","notFood":false,"drinks":false},{"name":"טמאגו, גזר ומלפפון","price":24,"vegan":false,"vegetarian":true,"image":"https://d25t2285lxl5rf.cloudfront.net/images/dishes/13e3e7fc-e4f4-49c6-be8b-07142608d843.jpg","notFood":false,"drinks":false},{"name":"טופו טמפורה, אבוקדו ומלפפון","price":24,"vegan":true,"vegetarian":true,"image":"https://d25t2285lxl5rf.cloudfront.net/images/dishes/2ed6333a-3dc3-47fb-97f3-6f175e46641b.jpg","notFood":false,"drinks":false},{"name":"בטטה טמפורה, אבוקדו וגזר","price":24,"vegan":true,"vegetarian":true,"image":"https://d25t2285lxl5rf.cloudfront.net/images/dishes/8472e8cd-2bb4-42e3-8d8b-36b3a6e7c926.jpg","notFood":false,"drinks":false},{"name":"שיטאקה, אבוקדו, גזר ומלפפון","price":24,"vegan":true,"vegetarian":true,"image":"https://d25t2285lxl5rf.cloudfront.net/images/dishes/3677c69d-26b7-43e4-92f1-82a9f8f2ceeb.jpg","notFood":false,"drinks":false},{"name":"ירקות, אבוקדו, גזר ומלפפון","price":24,"vegan":true,"vegetarian":true,"image":"https://d25t2285lxl5rf.cloudfront.net/images/dishes/ed3ce1a7-63ca-41d5-bf86-b036cc9a3219.jpg","notFood":false,"drinks":false},{"name":"טמאגו, אספרגוס, אבוקדו וקמפיו","price":24,"vegan":false,"vegetarian":true,"image":"https://d25t2285lxl5rf.cloudfront.net/images/dishes/ae305eca-b68c-49f9-b6cf-7533796c0546.jpg","notFood":false,"drinks":false},{"name":"סלמון סקין ומלפפון","price":26,"vegan":false,"vegetarian":false,"image":"https://d25t2285lxl5rf.cloudfront.net/images/dishes/ed9ccd01-2d9a-4e6f-b0f5-76dbf74efe79.jpg","notFood":false,"drinks":false},{"name":"ספייסי סלמון, מלפפון וגזר","price":26,"vegan":false,"vegetarian":false,"image":"https://d25t2285lxl5rf.cloudfront.net/images/dishes/6d9ad79e-985a-4e9f-b85b-ff976b063772.jpg","notFood":false,"drinks":false},{"name":"סלט ספייסי טונה, מלפפון וגזר","price":39,"vegan":false,"vegetarian":false,"image":"https://d25t2285lxl5rf.cloudfront.net/images/dishes/6449a021-30c8-4eef-89c9-ac402981df37.jpg","notFood":false,"drinks":false},{"name":"סלמון אבוקדו","price":32,"vegan":false,"vegetarian":false,"image":"https://d25t2285lxl5rf.cloudfront.net/images/dishes/239b4235-88b9-4740-90cf-7ac5aee7e5a2.jpg","notFood":false,"drinks":false},{"name":"ספייסי טונה אדומה ואבוקדו","price":42,"vegan":false,"vegetarian":false,"image":"https://d25t2285lxl5rf.cloudfront.net/images/dishes/07c235a6-1e5c-4c72-9ecb-b22133a1ed56.jpg","notFood":false,"drinks":false},{"name":"טונה אדומה ומלפפון","price":42,"vegan":false,"vegetarian":false,"image":"https://d25t2285lxl5rf.cloudfront.net/images/dishes/bdd9b1f5-c4c1-4f22-a00c-add8f4faae34.jpg","notFood":false,"drinks":false},{"name":"דניס עירית ומלפפון","price":34,"vegan":false,"vegetarian":false,"image":"https://d25t2285lxl5rf.cloudfront.net/images/dishes/e10c3922-1bf2-40ac-b4d7-161920bdbbf9.jpg","notFood":false,"drinks":false},{"name":"בטטה","description":"עם אבוקדו, גזר ומלפפון, 10 יחידות","price":32,"vegan":true,"vegetarian":true,"image":"https://d25t2285lxl5rf.cloudfront.net/images/dishes/46365e0a-d8de-4ac1-aa82-a1734d1f6e30.jpg","notFood":false,"drinks":false},{"name":"טופו","description":" אבוקדו, גזר ומלפפון, 10 יחידות","price":32,"vegan":true,"vegetarian":true,"image":"https://d25t2285lxl5rf.cloudfront.net/images/dishes/12d2e1cd-6baa-48be-a9fa-7b8eac6bfe28.jpg","notFood":false,"drinks":false},{"name":"טמגו","description":"חביתה יפנית עם קמפיו, אבוקדו, גזר ומלפפון, 10 יחידות","price":32,"vegan":false,"vegetarian":true,"image":"https://d25t2285lxl5rf.cloudfront.net/images/dishes/6982af39-3855-4f69-a9ca-d4519218ef6e.jpg","notFood":false,"drinks":false},{"name":"סלמון","description":"עם אבוקדו גזר ומלפפון, 10 יחידות","price":39,"vegan":false,"vegetarian":false,"image":"https://d25t2285lxl5rf.cloudfront.net/images/dishes/0e13f54e-5bd3-4e5a-8634-d69d4854d3b9.jpg","notFood":false,"drinks":false},{"name":"שיטקה","description":"עם אבוקדו, גזר ומלפפון, 10 יחידות","price":32,"vegan":true,"vegetarian":true,"image":"https://d25t2285lxl5rf.cloudfront.net/images/dishes/875fd728-87d2-4a66-b29c-2608a2122021.jpg","notFood":false,"drinks":false},{"name":"סלמון סקין","description":"עם אבוקדו גזר ומלפפון, 10 יחידות","price":39,"vegan":false,"vegetarian":false,"image":"https://d25t2285lxl5rf.cloudfront.net/images/dishes/60087ed5-7f8e-450e-8d30-53c5dc1a7c26.jpg","notFood":false,"drinks":false},{"name":"ספייסי טונה","description":"עם אבוקדו גזר ומלפפון, 10 יחידות","price":39,"vegan":false,"vegetarian":false,"image":"https://d25t2285lxl5rf.cloudfront.net/images/dishes/4f2b5ae2-34c8-4c4e-b7e3-4b414011a698.jpg","notFood":false,"drinks":false},{"name":"טונה אדומה","description":"עם אבוקדו גזר ומלפפון, 10 יחידות","price":43,"vegan":false,"vegetarian":false,"image":"https://d25t2285lxl5rf.cloudfront.net/images/dishes/f1f4f5ef-9951-4b80-a45f-334eaf442a73.jpg","notFood":false,"drinks":false},{"name":"דניס","description":"עם אבוקדו גזר ומלפפון, 10 יחידות","price":39,"vegan":false,"vegetarian":false,"image":"https://d25t2285lxl5rf.cloudfront.net/images/dishes/a5da57d9-c0ab-480d-8bf2-a30aa6aa64c6.jpg","notFood":false,"drinks":false},{"name":"ילוטל","description":"עם אבוקדו גזר ומלפפון, 10 יחידות","price":39,"vegan":true,"vegetarian":true,"image":"https://d25t2285lxl5rf.cloudfront.net/images/dishes/38f5420b-600e-4f6e-9793-fe9f5b353d22.jpg","notFood":false,"drinks":false},{"name":"סיבס","description":"עם אבוקדו גזר ומלפפון, 10 יחידות","price":39,"vegan":true,"vegetarian":true,"image":"https://d25t2285lxl5rf.cloudfront.net/images/dishes/52be42e3-82ad-415c-9a24-8020c850a0d4.jpg","notFood":false,"drinks":false},{"name":"קמפיו","description":"אבוקדו, גזר ומלפפון, 10 יחידות  ","price":32,"vegan":true,"vegetarian":true,"image":"https://d25t2285lxl5rf.cloudfront.net/images/dishes/284763aa-9631-4695-a3a5-ec5331a43574.jpg","notFood":false,"drinks":false},{"name":"טמאגו, קמפיו ואבוקדו","price":32,"vegan":false,"vegetarian":true,"image":"https://d25t2285lxl5rf.cloudfront.net/images/dishes/d5634f2e-1e92-41ad-a7a6-5acc56073d72.jpg","notFood":false,"drinks":false},{"name":"סלט ספייסי טונה","price":32,"vegan":false,"vegetarian":false,"image":"https://d25t2285lxl5rf.cloudfront.net/images/dishes/810fab1c-5cb8-40c1-be6b-4daf0d95776a.jpg","notFood":false,"drinks":false},{"name":"ספייסי טונה","price":38,"vegan":false,"vegetarian":false,"image":"https://d25t2285lxl5rf.cloudfront.net/images/dishes/e670cf8c-f567-4813-b693-33b9be10fa3b.jpg","notFood":false,"drinks":false},{"name":"סלמון","price":38,"vegan":false,"vegetarian":false,"image":"https://d25t2285lxl5rf.cloudfront.net/images/dishes/40a7978c-7661-41e9-b4b1-aeed4604d51c.jpg","notFood":false,"drinks":false},{"name":"סלמון סקין","price":38,"vegan":false,"vegetarian":false,"image":"https://d25t2285lxl5rf.cloudfront.net/images/dishes/40eb8de2-a32a-4f8a-a846-5df5320b5ebd.jpg","notFood":false,"drinks":false},{"name":"בטטה טמפורה","description":"אבוקדו וגזר","price":16,"vegan":true,"vegetarian":true,"image":"https://d25t2285lxl5rf.cloudfront.net/images/dishes/bf30eb0a-2be7-49db-8235-1e34aeb769c5.jpg","notFood":false,"drinks":false},{"name":"טופו טמפורה","description":"עם אבוקדו ומלפפון","price":16,"vegan":true,"vegetarian":true,"image":"https://d25t2285lxl5rf.cloudfront.net/images/dishes/69c11bf8-c08c-4b33-b8b7-be0bc00a1842.jpg","notFood":false,"drinks":false},{"name":"טמאגו","description":"חביתה יפנית, עם קמפיו, מלפפון וגזר","price":16,"vegan":false,"vegetarian":true,"image":"https://d25t2285lxl5rf.cloudfront.net/images/dishes/741543b6-fa7f-4efe-aba0-ca124c6104bc.jpg","notFood":false,"drinks":false},{"name":"סלמון סקין","description":"עם אבוקדו ומלפפון","price":18,"vegan":false,"vegetarian":false,"image":"https://d25t2285lxl5rf.cloudfront.net/images/dishes/d654336c-903d-4d2d-a884-75baf92be010.jpg","notFood":false,"drinks":false},{"name":"סלמון עם אבוקדו","price":18,"vegan":false,"vegetarian":false,"image":"https://d25t2285lxl5rf.cloudfront.net/images/dishes/33fea51c-4989-4821-a216-464c6a940b0c.jpg","notFood":false,"drinks":false},{"name":"סלט ספייסי טונה","description":"עם מלפפון וגזר","price":17,"vegan":false,"vegetarian":false,"image":"https://d25t2285lxl5rf.cloudfront.net/images/dishes/cac861a8-85e1-42dc-8d51-240eccd340be.jpg","notFood":false,"drinks":false},{"name":"ספייסי טונה, מלפפון וגזר","price":21,"vegan":false,"vegetarian":false,"image":"https://d25t2285lxl5rf.cloudfront.net/images/dishes/d036d077-fe00-4f23-9ef5-16f62dbcb620.jpg","notFood":false,"drinks":false},{"name":"טמגו","description":"2 יחידות","price":12,"vegan":true,"vegetarian":true,"image":"https://d25t2285lxl5rf.cloudfront.net/images/dishes/2bfa5556-cc43-4690-8bcc-873038e807d6.jpg","notFood":false,"drinks":false},{"name":"סלמון","description":"2 יחידות","price":18,"vegan":false,"vegetarian":false,"image":"https://d25t2285lxl5rf.cloudfront.net/images/dishes/7cffd186-62af-45d7-9154-ab06b4f5864d.jpg","notFood":false,"drinks":false},{"name":"דניס","description":"2 יחידות","price":18,"vegan":false,"vegetarian":false,"image":"https://d25t2285lxl5rf.cloudfront.net/images/dishes/d7e35339-6458-4380-8648-4eae290a9802.jpg","notFood":false,"drinks":false},{"name":"טונה אדומה","description":"2 יחידות","price":27,"vegan":false,"vegetarian":false,"image":"https://d25t2285lxl5rf.cloudfront.net/images/dishes/1291f3f0-80fe-415a-a997-ec70c2eef680.jpg","notFood":false,"drinks":false},{"name":"אבוקדו","description":"2 יחידות  ","price":12,"vegan":true,"vegetarian":true,"image":"https://d25t2285lxl5rf.cloudfront.net/images/dishes/addb20d9-75c4-404c-904e-83a9e3ea7d28.jpg","notFood":false,"drinks":false},{"name":"סלמון","description":"4 יחידות","price":36,"vegan":false,"vegetarian":false,"image":"https://d25t2285lxl5rf.cloudfront.net/images/dishes/dad331be-1ba0-4f02-bb07-07d0889451fb.jpg","notFood":false,"drinks":false},{"name":"טונה אדומה","description":"4 יחידות","price":42,"vegan":false,"vegetarian":false,"image":"https://d25t2285lxl5rf.cloudfront.net/images/dishes/9750a248-572b-4eeb-9273-1db41ec17cf4.jpg","notFood":false,"drinks":false},{"name":"דניס","description":"4 יחידות","price":42,"vegan":false,"vegetarian":false,"image":"https://d25t2285lxl5rf.cloudfront.net/images/dishes/7e04782e-9254-4290-b427-3dd247118970.jpg","notFood":false,"drinks":false},{"name":"Green Roll","description":"רול .I.O אספרגוס, אבוקדו, מלפפון, עירית במעטפת עירית","price":25,"vegan":true,"vegetarian":true,"image":"https://d25t2285lxl5rf.cloudfront.net/images/dishes/a69ffff4-efb2-47a8-ba94-65eda8e4f577.jpg","notFood":false,"drinks":false},{"name":"רול .I.O סלמון עם אבוקדו ואספרגוס","description":"במעטפת עירית","price":36,"vegan":false,"vegetarian":false,"image":"https://d25t2285lxl5rf.cloudfront.net/images/dishes/21cbaf61-d268-4c6e-93f8-8bdb07d5571f.jpg","notFood":false,"drinks":false},{"name":"Rainbow","description":"רול סלמון ואבוקדו במעטפות בטטה, אבוקדו, סלמון וטונה אדומה","price":39,"vegan":false,"vegetarian":false,"image":"https://d25t2285lxl5rf.cloudfront.net/images/dishes/2e918461-aa64-4cc5-8d5b-c96c4eb05db0.jpg","notFood":false,"drinks":false},{"name":"סקין רול","description":"רול סלמון, סלמון סקין, טמגו ואבוקדו ","price":29,"vegan":false,"vegetarian":false,"image":"https://d25t2285lxl5rf.cloudfront.net/images/dishes/d4a8a1b6-3612-46b4-8146-5f2206d2940f.jpg","notFood":false,"drinks":false},{"name":"פאנקפורה דג לבן","description":"עם מלפפון ועירית מוגש חם","price":39,"vegan":false,"vegetarian":false,"image":"https://d25t2285lxl5rf.cloudfront.net/images/dishes/339b135c-4405-459d-a92b-577d9e456019.jpg","notFood":false,"drinks":false},{"name":"פאנקפורה סלמון","description":"עם אבוקדו מוגש חם","price":39,"vegan":false,"vegetarian":false,"image":"https://d25t2285lxl5rf.cloudfront.net/images/dishes/f3cd4e85-516b-4cb1-8344-0b0130cd9bee.jpg","notFood":false,"drinks":false},{"name":"שיפודי מאקי טמפורה","description":"מוגש חם","price":29,"vegan":true,"vegetarian":true,"image":"https://d25t2285lxl5rf.cloudfront.net/images/dishes/ef4ff8d2-e0a7-4a5f-b99b-619fd34c7796.jpg","notFood":false,"drinks":false},{"name":"Nagisa Roll","description":"פוטומקי 10 יח' סלמון, טונה אדומה, בטטה, אבוקדו וחנוקי","price":45,"vegan":false,"vegetarian":false,"image":"https://d25t2285lxl5rf.cloudfront.net/images/dishes/0ad58047-85c8-4c2d-81c1-e28269412cab.jpg","notFood":false,"drinks":false},{"name":"רול סלמון, ספייסי סלמון","description":"ואבוקדו במעטפת אבוקדו","price":35,"vegan":false,"vegetarian":false,"image":"https://d25t2285lxl5rf.cloudfront.net/images/dishes/5232ed23-ae0d-482f-89db-7c6892dd7019.jpg","notFood":false,"drinks":false},{"name":"רול סלמון מעושן","description":"עם אבוקדו ושיטאקה","price":34,"vegan":false,"vegetarian":false,"image":"https://d25t2285lxl5rf.cloudfront.net/images/dishes/9416b96a-069d-444e-a6e1-b6b5593cd96e.jpg","notFood":false,"drinks":false},{"name":"Nagisa Special","description":"רול סלמון, אבוקדו ושיטאקה במעטפת אבוקדו, סלמון מעושן ולימון.","price":49,"vegan":false,"vegetarian":false,"image":"https://d25t2285lxl5rf.cloudfront.net/images/dishes/c3b72065-26d2-4e9a-a397-14b031ffe9b2.jpg","notFood":false,"drinks":false},{"name":"פוטומאקי סלמון טמפורה","description":"עם אספרגוס, אבוקדו, בטטה ושיטאקה (10 יח').","price":39,"vegan":false,"vegetarian":false,"image":"https://d25t2285lxl5rf.cloudfront.net/images/dishes/6af4a351-102a-4c56-8dc9-ec4eacce47e5.jpg","notFood":false,"drinks":false},{"name":"Nagisa Kranch","description":"סלמון, מלפפון, אבוקדו ומיונז חריף במעטפת סלמון צרוב בשבבי בטטה עם נגיעות של ספיסי מיונז וטריאקי.","price":49,"vegan":false,"vegetarian":false,"image":"https://d25t2285lxl5rf.cloudfront.net/images/dishes/6f59073c-0c6a-4908-83ed-8179a71c86b5.jpg","notFood":false,"drinks":false},{"name":"סאמר רול שאל את המלצר (בעונה)","price":45,"vegan":true,"vegetarian":true,"image":"https://d25t2285lxl5rf.cloudfront.net/images/dishes/b4aa92c4-764c-41fa-a31a-8964dd0ec95e.jpg","notFood":false,"drinks":false},{"name":"נגיסה פילי רול","description":"סלמון מעושן עם גבינת שמנת, מלפפון ובצל ירוק ","price":36,"vegan":false,"vegetarian":false,"image":"https://d25t2285lxl5rf.cloudfront.net/images/dishes/b6279ad1-c98b-4790-8b20-6fc4306f0962.jpg","notFood":false,"drinks":false},{"name":"פנקאפורה סלמון אבוקדו","description":"מוגש חם","price":36,"vegan":false,"vegetarian":false,"image":"https://d25t2285lxl5rf.cloudfront.net/images/dishes/82eb3491-75d3-4a0b-a532-5035dcfa9db6.jpg","notFood":false,"drinks":false},{"name":"ספייסי סאקה","description":"סלומון אבוקדו אספרגוס עירית נגיעות ספייסי מיונז במעטפת סלומון וטוביקו ירוק מעל","price":49,"vegan":false,"vegetarian":true,"image":"https://d25t2285lxl5rf.cloudfront.net/images/dishes/b7d32a3c-3284-42b7-9f11-08accafac056.jpg","notFood":false,"drinks":false},{"name":"פוטומקי נירי","description":"דניס טונה סלמון אספרגוס ואבוקדו בציפוי טמפורה וטוביק מעל בליווי ספייסי מיונז וטאריאקי","price":56,"vegan":false,"vegetarian":false,"image":"https://d25t2285lxl5rf.cloudfront.net/images/dishes/c263f189-3ad2-4c49-b4e1-56b951ea010f.jpg","notFood":false,"drinks":false},{"name":"סה קנה לימון","description":"סלמון שיטאקה ספייסי מיונז אבוקדו עירית עטוף בטונה אדומה וריבועי לימון טרי","price":56,"vegan":false,"vegetarian":false,"image":"https://d25t2285lxl5rf.cloudfront.net/images/dishes/6084b238-d182-4669-b005-6d17d200e769.jpg","notFood":false,"drinks":false},{"name":"אקא טונה רול","description":"דניס אבוקדו בוטנים ושיטאקה עטוף בטונה אדומה ומעל שבבי סלמון טמפורה בליווי ספייסי מיונז טריאקי ובצל ירוק מעל","price":64,"vegan":false,"vegetarian":false,"image":"https://d25t2285lxl5rf.cloudfront.net/images/dishes/e950870b-f950-4981-9848-58de141b329e.jpg","notFood":false,"drinks":false},{"name":"דרגון רול","description":"סלמון טמפורה בציפוי שומשום אספרגוס אבוקדו עירית אושינקו וליים במעטפת אבוקדו","price":48,"vegan":false,"vegetarian":false,"image":"https://d25t2285lxl5rf.cloudfront.net/images/dishes/d1a44628-b8bc-46ae-b89d-18147ee55a66.jpg","notFood":false,"drinks":false},{"name":"בשבבי בטטה","description":"עם נגיעות של ספייסי מיונז וטריאקי","price":49,"vegan":false,"vegetarian":true,"notFood":false,"drinks":false},{"name":"פנקאפורה דניס טמפורה","description":"מוגש חם. אבוקדו בטטה שיטאקה עטוף באבוקדווטוביקו אדום","price":45,"vegan":false,"vegetarian":false,"notFood":false,"drinks":false},{"name":"Combo D","description":" 4 יח` אינסייד אאוט סלמון אבוקדו, 4 יח` אינסייד אאוט טונה אדומה ומלפפון, 2 יח` אוסומאקי טונה אדומה, 2 יח` אוסומאקי סלמון, 2 יח` פוטומאקי סלמון, אבוקדו, גזר ומלפפון, 1 יח` ניגירי סלמון, 1 יח` ניגירי טונה אדומה","price":59,"vegan":false,"vegetarian":false,"image":"https://d25t2285lxl5rf.cloudfront.net/images/dishes/0ce6363f-a483-4937-ac29-af663a1bd0ab.jpg","notFood":false,"drinks":false},{"name":"Combo J","description":"32 יח' - 8 יח‘ I/O סלמון ואבוקדו 8 יח‘ I/O בטטה טמפורה, אבוקדו וגזר 8 יח‘ מאקי טונה אדומה 4 יח‘ פוטומאקי שיטאקה וירקות 4 יח‘ ניגירי סלמון, טונה אדומה.","price":99,"vegan":false,"vegetarian":false,"image":"https://d25t2285lxl5rf.cloudfront.net/images/dishes/b8746947-42af-4b61-85b0-c3ec9cfdad63.jpg","notFood":false,"drinks":false},{"name":"Combo A","description":"18 יח' - 4 יח‘ I/O אבוקדו, גזר ומלפפון 4 יח‘ I/O בטטה טמפורה, אבוקדו וגזר 4 יח‘ מאקי אבוקדו, 4 יח‘ מאקי טמאגו 2 יח‘ ניגירי טמאגו.","price":49,"vegan":false,"vegetarian":true,"image":"https://d25t2285lxl5rf.cloudfront.net/images/dishes/3e1ac4b4-1a7f-496a-b748-bf826743d483.jpg","notFood":false,"drinks":false},{"name":"Combo B","description":"16 יח' - 4 יח‘ I/O סלמון ואבוקדו 4 יח‘ I/O סלמון סקין ומלפפון 4 יח‘ מאקי אבוקדו, 4 יח‘ מאקי סלמון.","price":49,"vegan":false,"vegetarian":false,"image":"https://d25t2285lxl5rf.cloudfront.net/images/dishes/e567c420-7e8d-4c86-91de-4f081a80b176.jpg","notFood":false,"drinks":false},{"name":"Combo C","description":"16 יח' - 4 יח‘ מאקי סלמון ואבוקדו 4 יח‘ מאקי טונה אדומה ואבוקדו 4 יח‘ מאקי סלמון סקין 4 יח‘ מאקי דניס.","price":49,"vegan":false,"vegetarian":false,"image":"https://d25t2285lxl5rf.cloudfront.net/images/dishes/6d20c469-cead-4fdf-b868-779c1d0c6b87.jpg","notFood":false,"drinks":false},{"name":"Combo F","description":"8 יחידות i/o ספייסי סלמון, מלפפון וגזר, 8 יחידות i/o ספייסי טונה ואבוקדו, 8 יחידות i\\o סלט ספייסי טונה, מלפפון וגזר","price":72,"vegan":false,"vegetarian":false,"image":"https://d25t2285lxl5rf.cloudfront.net/images/dishes/4d23e53c-e9ae-49ed-940a-afb3ccd998f5.jpg","notFood":false,"drinks":false},{"name":"Combo G","description":"13 יח' - 4 יח‘ I/O סלמון ואבוקדו 4 יח‘ I/O אבוקדו, גזר ומלפפון 1 קונוס סלמון ואבוקדו 1 ניגירי סלמון, 1 טונה אדומה, 1 ילוטייל, 1 טמאגו.","price":68,"vegan":false,"vegetarian":false,"image":"https://d25t2285lxl5rf.cloudfront.net/images/dishes/304fb0c6-f6fb-4a98-8526-39dabba46c78.jpg","notFood":false,"drinks":false},{"name":"Combo H","description":"20 יח' - 4 יח‘ I/O סלמון ואבוקדו 4 יח‘ I/O טונה אדומה ואבוקדו 4 יח‘ I/O סלמון סקין ומלפפון 4 יח‘ I/O ספייסי טונה ואבוקדו 4 יח‘ סשימי סלמון.","price":82,"vegan":false,"vegetarian":false,"image":"https://d25t2285lxl5rf.cloudfront.net/images/dishes/dc12ad36-094e-4352-a6c4-93e0934e5611.jpg","notFood":false,"drinks":false},{"name":"Combo I","description":"16 יח' - 4 יח‘ I/O סלמון ואבוקדו 4 יח‘ I/O טונה אדומה ואבוקדו 4 יח‘ ניגירי סלמון, טונה, ילוטייל וטמאגו 4 יח‘ סשימי סלמון.","price":75,"vegan":false,"vegetarian":false,"image":"https://d25t2285lxl5rf.cloudfront.net/images/dishes/94aa7642-c97d-4527-9f8f-0784c8318385.jpg","notFood":false,"drinks":false},{"name":"Combo K","description":"24 יח' - 4 יח‘ I/O סלמון ואבוקדו 4 יח‘ I/O סלמון סקין ומלפפון 4 יח‘ I/O דניס ומלפפון 4 יח‘ I/O אבוקדו, גזר ומלפפון 4 יח‘ פוטומאקי שיטאקה וירקות 4 יח‘ ניגירי סלמון, טונה אדומה.","price":95,"vegan":false,"vegetarian":false,"image":"https://d25t2285lxl5rf.cloudfront.net/images/dishes/8f3d78e3-a497-4f01-94a1-fe1ab1f2ab62.jpg","notFood":false,"drinks":false},{"name":"Combo L","description":"20 יח' - 4 יח‘ I/O סלמון טמפורה ואבוקדו במעטפת בטטה 4 יח‘ I/O סלמון, סלמון סקין ואבוקדו במעטפת אבוקדו 4 יח‘ I/O סלמון ואבוקדו במעטפת טונה אדומה 4 יח‘ I/O טונה אדומה ואבוקדו במעטפת סלמון 4 יח‘ ניגירי סלמון, ילוטייל. ","price":109,"vegan":false,"vegetarian":false,"image":"https://d25t2285lxl5rf.cloudfront.net/images/dishes/d86c07bf-5692-406d-86c3-40f89a656dd9.jpg","notFood":false,"drinks":false},{"name":"Combo M","description":"16 יח' בציפוי פנקו, מוגש חם - 4 יח‘ I/O סלמון אבוקדו 4 יח‘ I/O ספייסי טונה ואבוקדו 4 יח‘ I/O דניס, שיטאקה ובצל ירוק 4 יח‘ I/O ספייסי סלמון ואבוקדו.","price":74,"vegan":false,"vegetarian":false,"image":"https://d25t2285lxl5rf.cloudfront.net/images/dishes/7304d28a-8336-42c5-a3f4-4b5aa436b3fb.jpg","notFood":false,"drinks":false},{"name":"Combo E","description":"18 יחידות. 4 יחידות בטטה בטמפורה, אבוקדו וגזר במעטפת אבוקדו, 4 יחידות טופו ומלפפון במעטפת בטטה, 4 יחידות מאקי טמאגו, 4 יחידות מאקי בטטה, 2 יחידות ניגירי אבוקדו","price":54,"vegan":false,"vegetarian":true,"image":"https://d25t2285lxl5rf.cloudfront.net/images/dishes/f9352c61-f00c-4b46-bbd2-047417325347.jpg","notFood":false,"drinks":false},{"name":"בקבוק זכוכית קוקה קולה","price":11,"vegan":true,"vegetarian":true,"notFood":false,"drinks":true},{"name":"בקבוק זכוכית דיאט קוקה קולה","price":11,"vegan":true,"vegetarian":true,"notFood":false,"drinks":true},{"name":"בקבוק זכוכית קולה זירו","price":11,"vegan":true,"vegetarian":true,"notFood":false,"drinks":true},{"name":"בקבוק זכוכית ספרייט","price":11,"vegan":true,"vegetarian":true,"notFood":false,"drinks":true},{"name":"בקבוק זכוכית דיאט ספרייט","price":11,"vegan":true,"vegetarian":true,"notFood":false,"drinks":true},{"name":"בקבוק זכוכית פאנטה","price":11,"vegan":true,"vegetarian":true,"notFood":false,"drinks":true},{"name":"בקבוק פריגת ענבים","price":11,"vegan":true,"vegetarian":true,"notFood":false,"drinks":true},{"name":"בקבוק פריגת תפוזים","price":11,"vegan":true,"vegetarian":true,"notFood":false,"drinks":true},{"name":"בקבוק פריגת לימונים","price":11,"vegan":true,"vegetarian":true,"notFood":false,"drinks":true},{"name":"בקבוק פריגת אשכוליות","price":11,"vegan":true,"vegetarian":true,"notFood":false,"drinks":true},{"name":"פיוז טי אפרסק","price":11,"vegan":true,"vegetarian":true,"notFood":false,"drinks":false},{"name":"מים מינרלים","price":9,"vegan":true,"vegetarian":true,"notFood":false,"drinks":false},{"name":"סודה","price":9,"vegan":true,"vegetarian":true,"notFood":false,"drinks":true},{"name":"מגש קטן צמחוני","price":219,"vegan":true,"vegetarian":true,"image":"https://d25t2285lxl5rf.cloudfront.net/images/dishes/8ed626e3-41bb-4fdf-8221-f17567fed762.jpg","notFood":false,"drinks":false},{"name":"מגש קטן מעורב","description":"60% דגים, 40% צמחוני-  \n1 רול סלמון ואבוקדו \n1 רול ספייסי טונה גזר מלפפון 4 רול סלון סקין ומלפפון \n1 יח' דניס עירית ומלפפון \n4 יח' טונה אדומה ומלפפון \n4 יח' בטטה טמפורה גזר ואבוקדו במעטפת בטטה \n4 יח' בטטה טמפורה גזר ואבוקדו במעטפת אבוקדו \n4 יח' טופו מלפפון אבוקדו מעטפת סלמון \n4 יח' טופו מלפפון אבוקדו במעטפת טונה אדומה \n4 יח' טמאגו גזר ומלפפון מעטפת בטטה \n1 רול בטטה טמפורה גזר ואבוקדו \n12 יח' מאקי צמחוני \n3 יח' ניגירי סלמון \n3 יח' ניגירי טונה אדומה\n","price":249,"vegan":false,"vegetarian":false,"image":"https://d25t2285lxl5rf.cloudfront.net/images/dishes/7eb15fdb-2f5f-432a-841a-6fa21180a705.jpg","notFood":false,"drinks":false},{"name":"מגש קטן דגים","price":299,"vegan":false,"vegetarian":false,"image":"https://d25t2285lxl5rf.cloudfront.net/images/dishes/f6ef82f4-c2ff-40d5-aeb0-23db5dd93337.jpg","notFood":false,"drinks":false},{"name":"מגש גדול צמחוני","price":299,"vegan":true,"vegetarian":true,"image":"https://d25t2285lxl5rf.cloudfront.net/images/dishes/2d1a68c4-bfde-4ec4-93e6-b77a6393d828.jpg","notFood":false,"drinks":false},{"name":"מגש גדול מעורב","description":"60% דגים, 40% צמחוני- \n4 רול סלמון ואבוקדו \n4 רול ספייסי טונה גזר מלפפון 4 רול סלון סקין ומלפפון \n4 יח' דניס עירית ומלפפון \n4 יח' טונה אדומה ומלפפון \n1 יח' בטטה טמפורה גזר ואבוקדו במעטפת בטטה \n1 יח' בטטה טמפורה גזר ואבוקדו במעטפת אבוקדו \n1 יח' טופו מלפפון אבוקדו מעטפת סלמון \n1 יח' טופו מלפפון אבוקדו במעטפת טונה אדומה \n1 יח' טמאגו גזר ומלפפון מעטפת בטטה \n1 רול בטטה טמפורה גזר ואבוקדו \n2 יח' מאקי צמחוני \n4 יח' ניגירי סלמון \n4 יח' ניגירי טונה אדומה\n","price":339,"vegan":false,"vegetarian":false,"image":"https://d25t2285lxl5rf.cloudfront.net/images/dishes/e43edb42-7228-4130-93f5-496c12f871f0.jpg","notFood":false,"drinks":false},{"name":"מגש גדול דגים","price":399,"vegan":false,"vegetarian":false,"image":"https://d25t2285lxl5rf.cloudfront.net/images/dishes/cdc04726-163f-4de1-9e14-f571c4039854.jpg","notFood":false,"drinks":false}]}