{"track_id":"21071","filters":["salads","meatGrill","homeMade"],"image":"https://tenbis-static.azureedge.net/restaurant-default-card-image/CuzineType_defaultcuisine_01.jpg","address":"שדרות לכיש, 7 קרית גת","location":[34.7737697,31.6058446],"name":"הבאגט של שגב","city":"קרית גת","priceAverage":35,"menu":[{"name":"חביתה עם חצילים","price":35,"vegan":false,"vegetarian":true,"image":"https://d25t2285lxl5rf.cloudfront.net/images/dishes/1cacad68-38e4-47b9-8626-f1049390fbc9.jpg","notFood":false,"drinks":false},{"name":"חביתה עם פטריות מוקפצות","price":35,"vegan":false,"vegetarian":true,"image":"https://d25t2285lxl5rf.cloudfront.net/images/dishes/edb21e66-43a7-4366-845e-b4f886af6937.jpg","notFood":false,"drinks":false},{"name":"חביתה עם תירס","price":35,"vegan":false,"vegetarian":true,"image":"https://d25t2285lxl5rf.cloudfront.net/images/dishes/4522d021-1641-45cd-95e2-918a9c8218d1.jpg","notFood":false,"drinks":false},{"name":"חביתה עם בצל מתובל","price":35,"vegan":false,"vegetarian":true,"image":"https://d25t2285lxl5rf.cloudfront.net/images/dishes/3aedbb72-3f25-43cb-b92b-c2bb091ec098.jpg","notFood":false,"drinks":false},{"name":"חביתת ירק","price":35,"vegan":true,"vegetarian":true,"image":"https://d25t2285lxl5rf.cloudfront.net/images/dishes/91f80e35-6fd5-4b44-9e3a-9c797a1c488e.jpg","notFood":false,"drinks":false},{"name":"חביתה עם פלפלים","price":35,"vegan":false,"vegetarian":true,"image":"https://d25t2285lxl5rf.cloudfront.net/images/dishes/95de694d-5608-4402-80a6-c6759da03090.jpg","notFood":false,"drinks":false},{"name":"פריטטה","price":35,"vegan":true,"vegetarian":true,"image":"https://d25t2285lxl5rf.cloudfront.net/images/dishes/200b9acd-b875-439b-837d-80e58c441973.jpg","notFood":false,"drinks":false},{"name":"חביתה מקסיקנית","description":"מבשולת על אש נמוכה. ","price":35,"vegan":false,"vegetarian":true,"image":"https://d25t2285lxl5rf.cloudfront.net/images/dishes/d2a871b9-1985-41c8-b026-62fc4bd827d6.jpg","notFood":false,"drinks":false},{"name":"חביתת צ'יפס","price":35,"vegan":true,"vegetarian":true,"notFood":false,"drinks":false},{"name":"סביח הבית","price":35,"vegan":true,"vegetarian":true,"notFood":false,"drinks":false},{"name":"תוניסאי","price":35,"vegan":true,"vegetarian":true,"notFood":false,"drinks":false},{"name":"תוניסאי של שגב עם בטטה מתוקה","price":35,"vegan":true,"vegetarian":true,"notFood":false,"drinks":false},{"name":"פסטרמה ברביקיו","price":35,"vegan":true,"vegetarian":true,"notFood":false,"drinks":false},{"name":"פסטרמה דבש","price":35,"vegan":true,"vegetarian":true,"notFood":false,"drinks":false},{"name":"שקשוקה עם טונה ותפוחי אדמה","price":35,"vegan":false,"vegetarian":false,"image":"https://d25t2285lxl5rf.cloudfront.net/images/dishes/a58795bf-be39-48e1-9417-d9a28d1ecd00.jpg","notFood":false,"drinks":false},{"name":"שקשוקה עם בצל","price":35,"vegan":true,"vegetarian":true,"image":"https://d25t2285lxl5rf.cloudfront.net/images/dishes/7510ed31-bab0-42a4-9bcd-979d4f0db0e9.jpg","notFood":false,"drinks":false},{"name":"שקשוקה עם חצילים","price":35,"vegan":true,"vegetarian":true,"image":"https://d25t2285lxl5rf.cloudfront.net/images/dishes/4e58e806-60be-4235-b0b4-7147721821c5.jpg","notFood":false,"drinks":false},{"name":"שקשוקה עם פטריות וירק","price":35,"vegan":true,"vegetarian":true,"image":"https://d25t2285lxl5rf.cloudfront.net/images/dishes/f7a46b8a-7f8a-4d6b-9b9e-5e7d8f875a30.jpg","notFood":false,"drinks":false},{"name":"שקשוקה עם תירס ובצל","price":35,"vegan":true,"vegetarian":true,"image":"https://d25t2285lxl5rf.cloudfront.net/images/dishes/d6708311-30e7-403d-8850-5d3bc3830b56.jpg","notFood":false,"drinks":false},{"name":"שקשוקה חריפה","price":35,"vegan":true,"vegetarian":true,"image":"https://d25t2285lxl5rf.cloudfront.net/images/dishes/b97a7487-2ca4-4a96-957e-e3b07ac40637.jpg","notFood":false,"drinks":false},{"name":"חזה עוף צלוי בתיבול מיוחד","price":35,"vegan":false,"vegetarian":false,"notFood":false,"drinks":false},{"name":"חזה עוף ברוטב ברביקיו","price":35,"vegan":false,"vegetarian":false,"notFood":false,"drinks":false},{"name":"חזה עוף ברוטב שום ודבש","price":35,"vegan":false,"vegetarian":false,"notFood":false,"drinks":false},{"name":"חזה עוף ברוטב בלסמי","price":35,"vegan":false,"vegetarian":false,"notFood":false,"drinks":false},{"name":"חזה עוף מעושן","price":35,"vegan":false,"vegetarian":false,"notFood":false,"drinks":false},{"name":"קציצות ברוטב עגבניות","price":35,"vegan":true,"vegetarian":true,"notFood":false,"drinks":false},{"name":"שניצל מטוגן ויניגרט","price":35,"vegan":false,"vegetarian":false,"notFood":false,"drinks":false},{"name":"שניצל מטוגן חרדל","price":35,"vegan":false,"vegetarian":false,"notFood":false,"drinks":false},{"name":"שניצל מטוגן בלסמי","price":35,"vegan":false,"vegetarian":false,"notFood":false,"drinks":false},{"name":"כבד עם בצל","price":35,"vegan":true,"vegetarian":true,"notFood":false,"drinks":false},{"name":"מעורב","price":35,"vegan":true,"vegetarian":true,"notFood":false,"drinks":false},{"name":"סלט בריאות","price":35,"vegan":true,"vegetarian":true,"image":"https://d25t2285lxl5rf.cloudfront.net/images/dishes/5f2ea41f-d1ec-44e7-8d82-f2df7c418e0b.jpg","notFood":false,"drinks":false},{"name":"סלט חזה עוף","price":35,"vegan":false,"vegetarian":false,"notFood":false,"drinks":false},{"name":"סלט פסטה","price":35,"vegan":true,"vegetarian":true,"notFood":false,"drinks":false},{"name":"סלט טונה","price":35,"vegan":false,"vegetarian":false,"notFood":false,"drinks":false},{"name":"סלט סביח","price":35,"vegan":true,"vegetarian":true,"notFood":false,"drinks":false},{"name":"סלט הפטריות של שגב","price":35,"vegan":true,"vegetarian":true,"notFood":false,"drinks":false}]}