{"track_id":"21089","filters":["patisserie","sandwichesWraps","meatGrill"],"image":"https://tenbis-static.azureedge.net/restaurant-card-image/ResCard_21089_20200726150313.jpg","address":"אלוף קלמן מגן, 3 תל אביב-יפו","location":[34.7865759,32.0713993],"name":"בנדיקט שרונה ","city":"גבעתיים","priceAverage":33.113207547169814,"menu":[{"name":"מארז פרעצל","description":"מארז 4 יח' לחמניות פרעצל","price":15,"vegan":true,"vegetarian":true,"notFood":false,"drinks":false},{"name":"מארז בייגלים","description":"ארבע יחידות לחמניות בייגל בנדיקט עגולה מלחם שיפון או לבן.","price":26,"vegan":true,"vegetarian":true,"notFood":false,"drinks":false},{"name":"פנקייקס אוכמניות ושוקולד לבן - קטן","price":38,"vegan":false,"vegetarian":true,"image":"https://d25t2285lxl5rf.cloudfront.net/images/dishes/9c61d8e3-1feb-41ac-adfd-87c0a0346aa1.jpg","notFood":false,"drinks":false},{"name":"פנקייקס אוכמניות ושוקולד לבן - גדול","price":46,"vegan":false,"vegetarian":true,"image":"https://d25t2285lxl5rf.cloudfront.net/images/dishes/b8622fe2-1638-45c5-b224-d50b92716522.jpg","notFood":false,"drinks":false},{"name":"פנקייקס שוקולד מריר - קטן","price":38,"vegan":false,"vegetarian":true,"image":"https://d25t2285lxl5rf.cloudfront.net/images/dishes/3087963.jpg","notFood":false,"drinks":false},{"name":"פנקייקס שוקולד - גדול","price":44,"vegan":false,"vegetarian":true,"image":"https://d25t2285lxl5rf.cloudfront.net/images/dishes/3087964.jpg","notFood":false,"drinks":false},{"name":"פנקייקס רגיל - מיני","description":"מגיע עם מייפל","price":36,"vegan":true,"vegetarian":true,"image":"https://d25t2285lxl5rf.cloudfront.net/images/dishes/d1a03883-b29b-4966-99cb-8dac42449b27.jpg","notFood":false,"drinks":false},{"name":"פנקייקס רגיל - גדול","description":"מגיע עם מייפל","price":42,"vegan":true,"vegetarian":true,"image":"https://d25t2285lxl5rf.cloudfront.net/images/dishes/f32874f5-73d1-4e90-be3e-223ed524219f.jpg","notFood":false,"drinks":false},{"name":"פנקייקס בננות","description":"פנקייקס בננות עם חלב ממותק וקוקוס קלוי","price":39,"vegan":false,"vegetarian":true,"image":"https://d25t2285lxl5rf.cloudfront.net/images/dishes/b456a2b9-b66b-4b56-b038-925778b3e40c.jpg","notFood":false,"drinks":false},{"name":"פנקייקס בננות - גדול","description":"‫ פנקייקס בננות עם חלב ממותק וקוקוס קלוי","price":46,"vegan":false,"vegetarian":true,"image":"https://d25t2285lxl5rf.cloudfront.net/images/dishes/3bd5b38a-9b5b-4cd8-b342-1daa5c8a033e.jpg","notFood":false,"drinks":false},{"name":"פנקייקס קינדר - קטן","price":39,"vegan":true,"vegetarian":true,"image":"https://d25t2285lxl5rf.cloudfront.net/images/dishes/c7622f26-620f-41b6-97c5-132927aa8101.jpg","notFood":false,"drinks":false},{"name":"פנקייקס לוטוס","price":39,"vegan":true,"vegetarian":true,"image":"https://d25t2285lxl5rf.cloudfront.net/images/dishes/d19f270e-3477-475d-a077-898f80a8ff68.jpg","notFood":false,"drinks":false},{"name":"מיני פנקייקס בייגלה וקרמל מלוח","price":39,"vegan":true,"vegetarian":true,"image":"https://d25t2285lxl5rf.cloudfront.net/images/dishes/4060322.jpg","notFood":false,"drinks":false},{"name":"מיני פנקייקס פיסטוק ושוקולד לבן","price":39,"vegan":false,"vegetarian":true,"image":"https://d25t2285lxl5rf.cloudfront.net/images/dishes/4060325.jpg","notFood":false,"drinks":false},{"name":"בייגל סלמון","description":"סלמון, גבינת שמנת, ביצי דגים, צנונית וביצת עין עשוייה היטב. לבחירתך בייגל רגיל או פומפרניקל (שיפון) מוגש עם סלט ירוק בצד","price":59,"vegan":false,"vegetarian":false,"image":"https://d25t2285lxl5rf.cloudfront.net/images/dishes/fbbd8ca5-7798-46ac-86d1-6d452d60187c.jpg","notFood":false,"drinks":false},{"name":"אבוקדו בייגל ברקפסט","description":"שני חצאי בייגל קלויים עם מיונז, האחד עם עגבניות צלויות, קוביות אבוקדו ועלי כוסברה, השני עם ביצה מקושקשת וגבינת גאודה. לבחירתך בייגל רגיל או פומפרניקל (שיפון) מוגש עם סלט ירוק בצד","price":56,"vegan":false,"vegetarian":true,"image":"https://d25t2285lxl5rf.cloudfront.net/images/dishes/3bc195d8-db7a-4b6e-a97e-847ed6ed7e8b.jpg","notFood":false,"drinks":false},{"name":"קרוק מאדאם","description":"‫מנה צרפתית קלאסית מלחם בריוש קלוי עם רוטב בשמל, שינקן (בשר לבן), גבינת גאודה, ביצת עין עשוייה היטב ורוטב קיסר.\r\nמוגש עם סלט ירוק בצד.","price":56,"vegan":false,"vegetarian":false,"image":"https://d25t2285lxl5rf.cloudfront.net/images/dishes/e380cee8-be4f-4419-b684-bcaa49cbcb30.jpg","notFood":false,"drinks":false},{"name":"Philly Style","description":"‫הסטייק אנד אגז סנדוויץ' המפורסם מפילדלפיה. ג'בטה מהמאפייה שלנו עם נתחי אנטריקוט עסיסי צרובים במחבת עם בצל, פטריות, גבינת גאודה, איולי צ׳יפוטלה ושתי ביצי עין עשויות היטב.\nהמנה מוגשת בליווי צ'יפס\n","price":59,"vegan":false,"vegetarian":false,"image":"https://d25t2285lxl5rf.cloudfront.net/images/dishes/a2dd7882-5da8-4a2b-be74-514618d85c3e.jpg","notFood":false,"drinks":false},{"name":"בראנץ' בורגר","description":"‫200 גרם המבורגר בקר צלוי בגריל, מוגש בלחמניה עשירה עם ריבת בצל, חסה, עגבניה וביצת עין עשוייה היטב.\nהמנה מוגשת בליווי צ'יפס.","price":57,"vegan":false,"vegetarian":false,"image":"https://d25t2285lxl5rf.cloudfront.net/images/dishes/80aab49c-8cf0-4ff2-96e9-75af626a5822.jpg","notFood":false,"drinks":false},{"name":"בוקר יווני","description":"עגבניות, מלפפונים, פלפל צהוב, צנונית, זיתי קלמטה, בצל סגול, גבינת פטה כבשים עם זעתר וסומק, אורגנו, שמן זית, לימון ושתי לחמניות פרעצל","price":56,"vegan":false,"vegetarian":true,"image":"https://d25t2285lxl5rf.cloudfront.net/images/dishes/b60ed1fe-f7ea-4a45-b2a2-e3b3aa144e19.jpg","notFood":false,"drinks":false},{"name":"בוקר קיסר","description":"לבבות חסה פריכים, קרוטוני בריוש, ביצה קשה, פרמז׳ן ורוטב קיסר\r\nמוגש עם שתי לחמניות פרעצל","price":53,"vegan":false,"vegetarian":true,"image":"https://d25t2285lxl5rf.cloudfront.net/images/dishes/e729b1f3-3d32-44d5-a3e1-a3cece831c3b.jpg","notFood":false,"drinks":false},{"name":"סלט קייצי","description":"סלט זוקיני, שעועית ירוקה, מלפפון, פלפל חריף, בצל סגול וירוק, גבינת פטה, אגוזי מלך קלויים, זעתר ופלפל שאטה על מצע לאבנה\r\nאלרגנים: לקטוז, אגוזים","price":59,"vegan":false,"vegetarian":true,"image":"https://d25t2285lxl5rf.cloudfront.net/images/dishes/4060328.jpeg","notFood":false,"drinks":false},{"name":"שקשוקה","description":"תבשיל עגבניות ופלפלים במחבת לוהטת עם שתי ביצים (מעט פיקנטי).\nמוגש עם סלט שוק, טחינה,  חריף וחלה מהמאפייה שלנו.\n\n","price":59,"vegan":false,"vegetarian":true,"image":"https://d25t2285lxl5rf.cloudfront.net/images/dishes/41acd421-6126-4b4c-ba90-833358e83f5d.jpg","notFood":false,"drinks":false},{"name":"שקשוקה ירוקה","description":"שתי ביצים עלומות ברוטב מנגולד, תרד ושמנת, ברוקולי, אפונה ובצל. מעל השקשוקה טפנד זיתים, בצל סגול וגבינת פטה כבשים.\r\nמוגש עם סלט ירוק,  חריף וחלה מהמאפייה שלנו.","price":69,"vegan":false,"vegetarian":true,"image":"https://d25t2285lxl5rf.cloudfront.net/images/dishes/bc2cf862-9ebc-433f-a2cb-38b96ddf279b.jpg","notFood":false,"drinks":false},{"name":"שקשוקה טבעונית","description":"‫2 ביצי \"Yo-Egg\" בתבשיל עגבניות ופלפלים במחבת לוהטת מוגש עם סלט שוק, טחינה, חריף, וסלסלת לחמים טבעונית.","price":67,"vegan":true,"vegetarian":true,"image":"https://d25t2285lxl5rf.cloudfront.net/images/dishes/2a139e7c-5247-46c6-92bc-b228c2581a3e.jpg","notFood":false,"drinks":false},{"name":"בוקר אנגלי","description":"נקניקיות פרנקפורטר, קריספי בייקון וביצת עין עשוייה היטב, בתוספת שעועית ברוטב עגבניות ותערובת של תפו\"א, בצל, פטריות ועגבניות שרי, מוגש עם סלט ירוק ושתי לחמניות פרעצל בצד.\r\nניתן להוציא גרסה של המנה עם נקניקיות עגל ו\"בייקון\" טלה.","price":68,"vegan":false,"vegetarian":false,"image":"https://d25t2285lxl5rf.cloudfront.net/images/dishes/b9a3fc50-38e5-465a-a3bf-c1f65ce1afbc.jpg","notFood":false,"drinks":false},{"name":"פטריות פורטבלו","description":"מושרות בשמן זית, שום וטימין, צרובות על הגריל עם גבינת עיזים וויניגרט בלסמי","price":29,"vegan":false,"vegetarian":true,"image":"https://d25t2285lxl5rf.cloudfront.net/images/dishes/e7d07352-938f-411a-bf50-b184bd25f0f9.jpg","notFood":false,"drinks":false},{"name":"סלט ירוק","price":8,"vegan":true,"vegetarian":true,"image":"https://d25t2285lxl5rf.cloudfront.net/images/dishes/8494b2d8-7acc-47a7-91e7-1056a87d66ca.jpg","notFood":false,"drinks":false},{"name":"צ'יפס","price":19,"vegan":true,"vegetarian":true,"image":"https://d25t2285lxl5rf.cloudfront.net/images/dishes/37dea135-bf99-494b-9f07-16f4e1c9d906.jpg","notFood":false,"drinks":false},{"name":"קרעי תפוחי אדמה","description":"בייבי תפוחי אדמה מטוגנים, בצל ירוק פרוס וצ'ילי גרוס.","price":21,"vegan":true,"vegetarian":true,"image":"https://d25t2285lxl5rf.cloudfront.net/images/dishes/3e8b42a6-8b74-43aa-b6aa-821001a556c2.jpg","notFood":false,"drinks":false},{"name":"רושטי","description":"שלוש יח' של לביבות תפוח אדמה שוויצריות לצד שמנת חמוצה","price":28,"vegan":false,"vegetarian":true,"image":"https://d25t2285lxl5rf.cloudfront.net/images/dishes/3b14637e-2480-49d8-a423-f3c8c797f5db.jpg","notFood":false,"drinks":false},{"name":"סקורדליה","description":"ממרח תפו\"א,שקדים ושום","price":19,"vegan":true,"vegetarian":true,"notFood":false,"drinks":false},{"name":"סלט תפוח אדמה","description":"תפוחי אדמה,מיונז,שמיר,מלפפון חמוץ ובצל ירוק","price":19,"vegan":false,"vegetarian":true,"notFood":false,"drinks":false},{"name":"נקנקיות פרנקפורטר","description":"2 יח נקניקיית פרנקפורטר","price":19,"vegan":true,"vegetarian":true,"notFood":false,"drinks":false},{"name":"נקניקיות צ'וריסו","description":"2 יח' נקניקית צ'וריסו","price":19,"vegan":true,"vegetarian":true,"notFood":false,"drinks":false},{"name":"נקניקיות עגל","description":"2 יח' נקניקיית עגל","price":19,"vegan":true,"vegetarian":true,"notFood":false,"drinks":false},{"name":"סלסלת לחמים","description":"מוגש עם חמאה, ריבה ונוטלה","price":24,"vegan":false,"vegetarian":false,"notFood":false,"drinks":false},{"name":"בריוש שוקולד ונוטלה","description":"נוטלה וקוביות שוקולד מריר","price":14,"vegan":false,"vegetarian":false,"image":"https://d25t2285lxl5rf.cloudfront.net/images/dishes/8fa17509-730d-418a-a881-69f54b6c5da4.jpg","notFood":false,"drinks":false},{"name":"בריוש ריקוטה","description":"ריקוטה, גרידת תפוז ולימון מצופה שטרויזל","price":14,"vegan":false,"vegetarian":true,"image":"https://d25t2285lxl5rf.cloudfront.net/images/dishes/67779b0d-4ddf-41dc-8a11-6e4edb0cf295.jpg","notFood":false,"drinks":false},{"name":"בריוש שקדים","description":"קרם שקדים מצופה בשקדים פרוסים","price":14,"vegan":true,"vegetarian":true,"image":"https://d25t2285lxl5rf.cloudfront.net/images/dishes/7d35f0bc-a4cb-4597-962e-f445fdbfe238.jpg","notFood":false,"drinks":false},{"name":"קרואסון","price":12,"vegan":true,"vegetarian":true,"image":"https://d25t2285lxl5rf.cloudfront.net/images/dishes/e8868101-9b46-4557-9532-8af49d705f46.jpg","notFood":false,"drinks":false},{"name":"מיץ גזר","description":"0,5\r\nסחוט טרי","price":23,"vegan":true,"vegetarian":true,"notFood":false,"drinks":false},{"name":"מיץ תפוזים","description":"0,5\r\n","price":23,"vegan":true,"vegetarian":true,"notFood":false,"drinks":false},{"name":"תרמוס אמריקנו","description":"0,50","price":49,"vegan":true,"vegetarian":true,"notFood":false,"drinks":false},{"name":"קוקה קולה","price":13,"vegan":true,"vegetarian":true,"notFood":false,"drinks":true},{"name":"קוקה קולה זירו","price":13,"vegan":true,"vegetarian":true,"notFood":false,"drinks":true},{"name":"דיאט קוקה קולה","price":13,"vegan":true,"vegetarian":true,"notFood":false,"drinks":true},{"name":"ספרייט","price":13,"vegan":true,"vegetarian":true,"notFood":false,"drinks":true},{"name":"ספרייט זירו","price":13,"vegan":true,"vegetarian":true,"notFood":false,"drinks":true},{"name":"מים מינרליים","price":11,"vegan":true,"vegetarian":true,"notFood":false,"drinks":true},{"name":"פררלה","description":"0,250","price":12,"vegan":true,"vegetarian":true,"notFood":false,"drinks":true},{"name":"טובורג אדום","price":22,"vegan":true,"vegetarian":true,"notFood":false,"drinks":false},{"name":"מלכה בהירה","price":28,"vegan":true,"vegetarian":true,"notFood":false,"drinks":false}]}