{"track_id":"21095","filters":["humus","falafel","veganFood"],"image":"https://tenbis-static.azureedge.net/restaurant-card-image/ResCard_21095_20211126173930.jpg","address":"הפטיש, 1 טירת כרמל","location":[34.9671246,32.7674685],"name":"חומוס אליהו טירת הכרמל","city":"טירת כרמל","priceAverage":24.9468085106383,"menu":[{"name":"עסקית תוספות","description":"מוגש עם צ'יפס קטן / סלט קטן + תוספת טחינה / פול / גרגרים + תוספת מיוחדת לבחירה + בקבוק לימונדה","price":59,"vegan":true,"vegetarian":true,"image":"https://d25t2285lxl5rf.cloudfront.net/images/dishes/3030815.jpeg","notFood":false,"drinks":true},{"name":"עסקית קומפלט\t","description":"מוגש עם צ'יפס קטן / סלט קטן + 4 תוספות לבחירה + בקבוק לימונדה\t","price":54,"vegan":true,"vegetarian":true,"image":"https://d25t2285lxl5rf.cloudfront.net/images/dishes/3430448.jpg","notFood":false,"drinks":true},{"name":"חומוס תבלינים\t","price":32,"vegan":true,"vegetarian":true,"image":"https://d25t2285lxl5rf.cloudfront.net/images/dishes/0f7fff5c-8aa4-4895-9e31-96a10436dabc.jpg","notFood":false,"drinks":false},{"name":"חומוס גרגרים/טחינה/פול","price":34,"vegan":true,"vegetarian":true,"image":"https://d25t2285lxl5rf.cloudfront.net/images/dishes/b597dd27-af77-4477-bca3-fd56122f8b8f.jpg","notFood":false,"drinks":false},{"name":"חומוס עם ביצה","price":37,"vegan":false,"vegetarian":true,"image":"https://d25t2285lxl5rf.cloudfront.net/images/dishes/3835be75-a1b1-4504-9f12-3487a232bda6.jpg","notFood":false,"drinks":false},{"name":"חומוס קומפלט","description":"חומוס, פול, גרגרים, טחינה וביצה","price":37,"vegan":false,"vegetarian":true,"image":"https://d25t2285lxl5rf.cloudfront.net/images/dishes/ee5039c8-1c8e-4783-b0fe-1b3c18ae0cb5.jpg","notFood":false,"drinks":false},{"name":"חומוס סביח","description":"טחינה, ביצה וחציל ","price":41,"vegan":false,"vegetarian":true,"image":"https://d25t2285lxl5rf.cloudfront.net/images/dishes/156d08c6-e68b-465a-9a44-28a2f933806a.jpg","notFood":false,"drinks":false},{"name":"משאושה","description":"חומוס, טחינה, שום, לימון וגרגירים","price":34,"vegan":true,"vegetarian":true,"image":"https://d25t2285lxl5rf.cloudfront.net/images/dishes/85f26aef-1d65-4681-aeb4-21554c2cba4b.jpg","notFood":false,"drinks":false},{"name":"חומוס שקשוקה","price":39,"vegan":true,"vegetarian":true,"image":"https://d25t2285lxl5rf.cloudfront.net/images/dishes/898ec752-361c-4f3a-8dff-4a6be71d3062.jpg","notFood":false,"drinks":false},{"name":"חומוס עם שווארמה טבעונית","price":44,"vegan":false,"vegetarian":false,"image":"https://d25t2285lxl5rf.cloudfront.net/images/dishes/38ade80f-7761-40e3-ba03-c2035e67a339.jpg","notFood":false,"drinks":false},{"name":"חומוס פטריות","price":44,"vegan":true,"vegetarian":true,"image":"https://d25t2285lxl5rf.cloudfront.net/images/dishes/07ca83a8-5c1e-4dc3-a9a8-450b4efba87e.jpg","notFood":false,"drinks":false},{"name":"חומוס חצילים אש","price":39,"vegan":true,"vegetarian":true,"image":"https://d25t2285lxl5rf.cloudfront.net/images/dishes/8314ee7a-f350-4eef-ba47-ab907fec0238.jpg","notFood":false,"drinks":false},{"name":"חומוס תוספות","price":48,"vegan":true,"vegetarian":true,"image":"https://d25t2285lxl5rf.cloudfront.net/images/dishes/f6473a94-9980-4f09-a7ea-ce98a6555955.jpg","notFood":false,"drinks":false},{"name":"חומוס תבלינים קטן","price":27,"vegan":true,"vegetarian":true,"image":"https://d25t2285lxl5rf.cloudfront.net/images/dishes/87f2c73e-39f7-42f6-9718-c3a6bf935633.jpg","notFood":false,"drinks":false},{"name":"חומוס גרגרים/טחינה/פול קטן","price":30,"vegan":true,"vegetarian":true,"image":"https://d25t2285lxl5rf.cloudfront.net/images/dishes/d5af5d97-04b8-49d5-99b9-6f52b092a154.jpg","notFood":false,"drinks":false},{"name":"חומוס עם ביצה קטן","price":32,"vegan":false,"vegetarian":true,"image":"https://d25t2285lxl5rf.cloudfront.net/images/dishes/0b8d194b-631c-41cc-a87d-24cd1100897d.jpg","notFood":false,"drinks":false},{"name":"חומוס קומפלט קטן","price":32,"vegan":true,"vegetarian":true,"image":"https://d25t2285lxl5rf.cloudfront.net/images/dishes/1e898f5a-ab1b-4a00-ac1f-70e2795b2427.jpg","notFood":false,"drinks":false},{"name":"חומוס סביח קטן","price":36,"vegan":true,"vegetarian":true,"image":"https://d25t2285lxl5rf.cloudfront.net/images/dishes/ccdb2fd6-c1c9-490f-a2f3-4f3544519d14.jpg","notFood":false,"drinks":false},{"name":"משאושה קטן","price":31,"vegan":true,"vegetarian":true,"image":"https://d25t2285lxl5rf.cloudfront.net/images/dishes/c83ac7e6-fb93-4c49-acc0-fdf7060711c3.jpg","notFood":false,"drinks":false},{"name":"חומוס שקשוקה קטן","price":34,"vegan":true,"vegetarian":true,"image":"https://d25t2285lxl5rf.cloudfront.net/images/dishes/001d1d67-f370-468d-aa8b-d500ee62d172.jpg","notFood":false,"drinks":false},{"name":"חומוס שווארמה טבעונית קטן","price":40,"vegan":false,"vegetarian":false,"image":"https://d25t2285lxl5rf.cloudfront.net/images/dishes/ef467ef0-ec29-441d-aeff-ab2026c1ddbb.jpg","notFood":false,"drinks":false},{"name":"חומוס פטריות קטן","price":40,"vegan":true,"vegetarian":true,"image":"https://d25t2285lxl5rf.cloudfront.net/images/dishes/30e228e6-66ed-4495-9ed6-bbc2b9cb5f55.jpg","notFood":false,"drinks":false},{"name":"חומוס חצילים אש קטן\n","price":35,"vegan":true,"vegetarian":true,"image":"https://d25t2285lxl5rf.cloudfront.net/images/dishes/22b404b9-2d65-4fe0-b808-47883279d2b1.jpg","notFood":false,"drinks":false},{"name":"5 כדורי פלאפל","price":12,"vegan":true,"vegetarian":true,"image":"https://d25t2285lxl5rf.cloudfront.net/images/dishes/56e53d54-c119-479e-9763-43804413ea60.jpg","notFood":false,"drinks":false},{"name":"צ'יפס קטן","price":18,"vegan":true,"vegetarian":true,"image":"https://d25t2285lxl5rf.cloudfront.net/images/dishes/aedf470f-ac9e-49ff-97b2-c860f299b750.jpg","notFood":false,"drinks":false},{"name":"צ'יפס גדול","price":26,"vegan":true,"vegetarian":true,"image":"https://d25t2285lxl5rf.cloudfront.net/images/dishes/326235fc-03cc-4ace-a397-81a0b9c0639a.jpg","notFood":false,"drinks":false},{"name":"סלט ירקות קטן","description":"עגבניה, מלפפון, ג'עלה ופטרוזיליה מתובלים עם לימון ושמן זית  ","price":18,"vegan":true,"vegetarian":true,"image":"https://d25t2285lxl5rf.cloudfront.net/images/dishes/60190b2a-5cde-4faa-88e1-8798dd682765.jpg","notFood":false,"drinks":false},{"name":"סלט ירקות גדול","description":"עגבניה, מלפפון, ג'עלה ופטרוזיליה מתובלים עם לימון ושמן זית\t\n","price":28,"vegan":true,"vegetarian":true,"image":"https://d25t2285lxl5rf.cloudfront.net/images/dishes/444072bc-bc8b-4a8c-a16f-2d200812974b.jpg","notFood":false,"drinks":false},{"name":"סלט המלך גדול\n","description":"עגבניה מלפפון, גרגרי חומוס חמים, טחינה, ביצה קשה, ג'עלה\nופטרוזיליה, מגיע עם פיתה רגילה או מלאה, שום לימון\nוחריף","price":38,"vegan":false,"vegetarian":true,"image":"https://d25t2285lxl5rf.cloudfront.net/images/dishes/f3147079-028f-43a2-ab33-a076ead32dfe.jpg","notFood":false,"drinks":false},{"name":"סלט שווארמה טבעונית","description":"שווארמה טבעונית, מלפפון, עגבנייה, בצל סגול ופטרוזיליה,\nקצוצים ומתובלים בשמן זית, לימון וטחינה גולמית","price":48,"vegan":false,"vegetarian":false,"image":"https://d25t2285lxl5rf.cloudfront.net/images/dishes/3952295.jpeg","notFood":false,"drinks":false},{"name":"מנת שקשוקה","price":34,"vegan":true,"vegetarian":true,"image":"https://d25t2285lxl5rf.cloudfront.net/images/dishes/d8f316cd-8089-4583-b6b1-74bef1e0b66e.jpg","notFood":false,"drinks":false},{"name":"חומוס קטן במשקל\n\n","price":17,"vegan":true,"vegetarian":true,"image":"https://d25t2285lxl5rf.cloudfront.net/images/dishes/e3a76d7b-8d33-421c-9ef4-a89e7ea21018.jpg","notFood":false,"drinks":false},{"name":"חומוס בינוני במשקל\n","price":29,"vegan":true,"vegetarian":true,"image":"https://d25t2285lxl5rf.cloudfront.net/images/dishes/09a65c6f-35d4-409b-8da0-03d05ae3a30f.jpg","notFood":false,"drinks":false},{"name":"חומוס גדול במשקל\n","price":52,"vegan":true,"vegetarian":true,"image":"https://d25t2285lxl5rf.cloudfront.net/images/dishes/20a178e7-deb7-4c2f-89ef-7cab75d99ba8.jpg","notFood":false,"drinks":false},{"name":"גרגרים קטן במשקל\n","price":9,"vegan":true,"vegetarian":true,"image":"https://d25t2285lxl5rf.cloudfront.net/images/dishes/9591b021-e3e2-4e58-b065-2f7904307bc2.jpg","notFood":false,"drinks":false},{"name":"גרגרים בינוני במשקל\n","price":16,"vegan":true,"vegetarian":true,"image":"https://d25t2285lxl5rf.cloudfront.net/images/dishes/13c051ee-541b-4cd9-a9f4-77e194e1e6a2.jpg","notFood":false,"drinks":false},{"name":"פול קטן במשקל\n","price":12,"vegan":true,"vegetarian":true,"image":"https://d25t2285lxl5rf.cloudfront.net/images/dishes/0dccf69c-fd13-416d-8a3e-4936b9d7011f.jpg","notFood":false,"drinks":false},{"name":"פול בינוני במשקל\n","price":18,"vegan":true,"vegetarian":true,"image":"https://d25t2285lxl5rf.cloudfront.net/images/dishes/f5c88b37-efa2-456f-8a94-baa8d09d681f.jpg","notFood":false,"drinks":false},{"name":"טחינה קטן במשקל\n","price":17,"vegan":true,"vegetarian":true,"image":"https://d25t2285lxl5rf.cloudfront.net/images/dishes/3430377.jpeg","notFood":false,"drinks":false},{"name":"טחינה בינוני במשקל\n","price":29,"vegan":true,"vegetarian":true,"image":"https://d25t2285lxl5rf.cloudfront.net/images/dishes/3430378.jpeg","notFood":false,"drinks":false},{"name":"משאושה קטן במשקל\n","price":18,"vegan":true,"vegetarian":true,"image":"https://d25t2285lxl5rf.cloudfront.net/images/dishes/ea7048ac-b6d3-4afe-84cd-0885d90813c8.jpg","notFood":false,"drinks":false},{"name":"משאושה בינוני במשקל\n","price":30,"vegan":true,"vegetarian":true,"image":"https://d25t2285lxl5rf.cloudfront.net/images/dishes/a334d8b1-46e0-487b-be4c-e2f2eeb6422e.jpg","notFood":false,"drinks":false},{"name":"משאושה גדול במשקל\n","price":53,"vegan":true,"vegetarian":true,"image":"https://d25t2285lxl5rf.cloudfront.net/images/dishes/552029b0-f028-49cd-99ae-4a759bb18968.jpg","notFood":false,"drinks":false},{"name":"פטריות קטן במשקל \n","price":25,"vegan":true,"vegetarian":true,"image":"https://d25t2285lxl5rf.cloudfront.net/images/dishes/53f95873-414c-431e-a6f8-a417db0a3067.jpg","notFood":false,"drinks":false},{"name":"פטריות בינוני במשקל","price":44,"vegan":true,"vegetarian":true,"image":"https://d25t2285lxl5rf.cloudfront.net/images/dishes/a4bf4ba0-6df8-479f-8c09-b3e5b42c1c2d.jpg","notFood":false,"drinks":false},{"name":"סלט חצילים קטן במשקל \n","price":21,"vegan":true,"vegetarian":true,"image":"https://d25t2285lxl5rf.cloudfront.net/images/dishes/646fd7c1-9ecd-4743-8cb5-3166af999c54.jpg","notFood":false,"drinks":false},{"name":"סלט חצילים בינוני במשקל \n","price":29,"vegan":true,"vegetarian":true,"image":"https://d25t2285lxl5rf.cloudfront.net/images/dishes/56074255-9ca7-4cf0-afd3-0f275430faef.jpg","notFood":false,"drinks":false},{"name":"פלפלים חריפים קטן במשקל\n","price":21,"vegan":true,"vegetarian":true,"image":"https://d25t2285lxl5rf.cloudfront.net/images/dishes/7052292d-bccb-4417-bd08-4b962b9538a0.jpg","notFood":false,"drinks":false},{"name":"פלפלים חריפים בינוני במשקל\n","price":29,"vegan":true,"vegetarian":true,"image":"https://d25t2285lxl5rf.cloudfront.net/images/dishes/dbb08387-fa13-45ae-a192-22f21dbea2b5.jpg","notFood":false,"drinks":false},{"name":"מטבוחה קטן במשקל\n","price":24,"vegan":true,"vegetarian":true,"image":"https://d25t2285lxl5rf.cloudfront.net/images/dishes/fe534d76-b87d-43d3-8e63-bb07b59d5d92.jpg","notFood":false,"drinks":false},{"name":"מטבוחה בינוני במשקל\n","price":35,"vegan":true,"vegetarian":true,"image":"https://d25t2285lxl5rf.cloudfront.net/images/dishes/05c21c70-6762-4ba7-b59a-f8c5483b2b04.jpg","notFood":false,"drinks":false},{"name":"סלט טורקי קטן במשקל \n","price":21,"vegan":true,"vegetarian":true,"image":"https://d25t2285lxl5rf.cloudfront.net/images/dishes/9009891c-627d-465e-86ef-ec33dab83d6e.jpg","notFood":false,"drinks":false},{"name":"סלט טורקי בינוני במשקל \n","price":29,"vegan":true,"vegetarian":true,"image":"https://d25t2285lxl5rf.cloudfront.net/images/dishes/f3dddf01-b54a-47fb-a2c6-049adaedf04d.jpg","notFood":false,"drinks":false},{"name":"סלט גזר ולימון קטן במשקל","price":21,"vegan":true,"vegetarian":true,"image":"https://d25t2285lxl5rf.cloudfront.net/images/dishes/3841065.jpg","notFood":false,"drinks":false},{"name":"סלט גזר ולימון בינוני במשקל","price":29,"vegan":true,"vegetarian":true,"image":"https://d25t2285lxl5rf.cloudfront.net/images/dishes/3841066.jpg","notFood":false,"drinks":false},{"name":"סלט סלק קטן במשקל","price":21,"vegan":true,"vegetarian":true,"image":"https://d25t2285lxl5rf.cloudfront.net/images/dishes/3841067.jpg","notFood":false,"drinks":false},{"name":"סלט סלק בינוני במשקל","price":29,"vegan":true,"vegetarian":true,"image":"https://d25t2285lxl5rf.cloudfront.net/images/dishes/3841068.jpg","notFood":false,"drinks":false},{"name":"זיתים קטן במשקל\t","price":13,"vegan":true,"vegetarian":true,"image":"https://d25t2285lxl5rf.cloudfront.net/images/dishes/64240737-1e57-4668-bba3-03c6414796c5.jpg","notFood":false,"drinks":false},{"name":"זיתים בינוני במשקל\n","price":18,"vegan":true,"vegetarian":true,"image":"https://d25t2285lxl5rf.cloudfront.net/images/dishes/7463e258-6328-4a41-8ddc-df822ea70f03.jpg","notFood":false,"drinks":false},{"name":"חמוצים קטן במשקל","price":8,"vegan":true,"vegetarian":true,"image":"https://d25t2285lxl5rf.cloudfront.net/images/dishes/961af264-e4e8-475f-bb0c-d55633b2c2ef.jpg","notFood":false,"drinks":false},{"name":"חמוצים בינוני במשקל","price":10,"vegan":true,"vegetarian":true,"image":"https://d25t2285lxl5rf.cloudfront.net/images/dishes/d3ea049c-acd9-4dbb-ab27-7acfe447fa13.jpg","notFood":false,"drinks":false},{"name":"ג'עלה קטן במשקל","price":17,"vegan":true,"vegetarian":true,"image":"https://d25t2285lxl5rf.cloudfront.net/images/dishes/f8abb1dc-0dd1-4df9-a940-1a8a222a9afd.jpg","notFood":false,"drinks":false},{"name":"ג'עלה בינוני במשקל","price":34,"vegan":true,"vegetarian":true,"image":"https://d25t2285lxl5rf.cloudfront.net/images/dishes/fb9906ba-db1c-4f3f-8f34-4817ed2befbe.jpg","notFood":false,"drinks":false},{"name":"חצילים במשקל\n","price":19,"vegan":true,"vegetarian":true,"image":"https://d25t2285lxl5rf.cloudfront.net/images/dishes/2626660.png","notFood":false,"drinks":false},{"name":"שום לימון במשקל\n","price":29,"vegan":true,"vegetarian":true,"image":"https://d25t2285lxl5rf.cloudfront.net/images/dishes/d0589ee1-aae9-48a3-b80e-ef432304edab.jpg","notFood":false,"drinks":false},{"name":"חריף במשקל\n","price":18,"vegan":true,"vegetarian":true,"image":"https://d25t2285lxl5rf.cloudfront.net/images/dishes/2626662.png","notFood":false,"drinks":false},{"name":"פיתה עבודת יד","price":3,"vegan":true,"vegetarian":true,"image":"https://d25t2285lxl5rf.cloudfront.net/images/dishes/948b8467-08a2-4fd9-99da-29efb25980a2.jpg","notFood":false,"drinks":false},{"name":"ביצה קשה","price":3,"vegan":false,"vegetarian":true,"notFood":false,"drinks":false},{"name":"פיתה חיטה מלאה","price":3,"vegan":true,"vegetarian":true,"notFood":false,"drinks":false},{"name":"פיתה ללא גלוטן","price":5,"vegan":true,"vegetarian":true,"notFood":false,"drinks":false},{"name":"טחינה גולמית","price":34,"vegan":true,"vegetarian":true,"image":"https://d25t2285lxl5rf.cloudfront.net/images/dishes/e4929ce3-1fc6-4c58-ba24-2c3087a1b938.jpg","notFood":false,"drinks":false},{"name":"טחינה גולמית מלאה","price":34,"vegan":true,"vegetarian":true,"image":"https://d25t2285lxl5rf.cloudfront.net/images/dishes/681b9e60-bdd2-4158-a925-8be3ac47c649.jpg","notFood":false,"drinks":false},{"name":"חלווה וניל","price":17,"vegan":true,"vegetarian":true,"image":"https://d25t2285lxl5rf.cloudfront.net/images/dishes/7c2673d7-8951-4bc0-bfb1-771fba7c4073.jpg","notFood":false,"drinks":false},{"name":"חלווה שוקו-וניל","price":17,"vegan":true,"vegetarian":true,"image":"https://d25t2285lxl5rf.cloudfront.net/images/dishes/86f866bf-f0a7-4402-b39d-0c258f78fe30.jpg","notFood":false,"drinks":false},{"name":"קפה","price":20,"vegan":true,"vegetarian":true,"image":"https://d25t2285lxl5rf.cloudfront.net/images/dishes/4857eb9f-fc5e-4b7e-a5ac-e95006c93d16.jpg","notFood":false,"drinks":false},{"name":"שמן זית","price":45,"vegan":true,"vegetarian":true,"image":"https://d25t2285lxl5rf.cloudfront.net/images/dishes/09e0b1b3-c698-4df5-b1f5-1440c54a9f79.jpg","notFood":false,"drinks":false},{"name":"מלבי","price":15,"vegan":true,"vegetarian":true,"image":"https://d25t2285lxl5rf.cloudfront.net/images/dishes/89465795-d730-481c-8ef0-d20c3d6538cf.jpg","notFood":false,"drinks":false},{"name":"מים מינרלים","price":9,"vegan":true,"vegetarian":true,"notFood":false,"drinks":false},{"name":"סודה","price":9,"vegan":true,"vegetarian":true,"notFood":false,"drinks":true},{"name":"בקבוק לימונדה","description":"0.5 ליטר","price":12,"vegan":true,"vegetarian":true,"notFood":false,"drinks":true},{"name":"פחית קוקה קולה","price":12,"vegan":true,"vegetarian":true,"notFood":false,"drinks":true},{"name":"פחית דיאט קולה","price":12,"vegan":true,"vegetarian":true,"notFood":false,"drinks":true},{"name":"פחית קולה זירו\n","price":12,"vegan":true,"vegetarian":true,"notFood":false,"drinks":true},{"name":"פחית ספרייט","price":12,"vegan":true,"vegetarian":true,"notFood":false,"drinks":true},{"name":"פחית ספרייט זירו","price":12,"vegan":true,"vegetarian":true,"notFood":false,"drinks":true},{"name":"פחית פאנטה","price":12,"vegan":true,"vegetarian":true,"notFood":false,"drinks":false},{"name":"פריגת תפוזים","price":12,"vegan":true,"vegetarian":true,"notFood":false,"drinks":false},{"name":"פריגת תפוחים","price":12,"vegan":true,"vegetarian":true,"notFood":false,"drinks":false},{"name":"פריגת ענבים","price":12,"vegan":true,"vegetarian":true,"notFood":false,"drinks":true},{"name":"מים בטעם אפרסק\t","price":13,"vegan":true,"vegetarian":true,"notFood":false,"drinks":false},{"name":"מים בטעם תפוח\t","price":13,"vegan":true,"vegetarian":true,"notFood":false,"drinks":false},{"name":"מים בטעם ענבים\t","price":13,"vegan":true,"vegetarian":true,"notFood":false,"drinks":true},{"name":"פיוז טי","description":"0.5 ליטר","price":13,"vegan":true,"vegetarian":true,"notFood":false,"drinks":false},{"name":"מאלטי","price":14,"vegan":true,"vegetarian":true,"notFood":false,"drinks":false}]}