{"track_id":"21093","filters":["veganFood","pasta","salads"],"image":"https://tenbis-static.azureedge.net/restaurant-card-image/ResCard_21093_1910030505.jpg","address":"גרניט, 11 פתח תקווה","location":[34.8646134,32.1015766],"name":"נושה","city":"גבעת שמואל","priceAverage":33.68141592920354,"menu":[{"name":"כריך סביח","description":"חציל קלוי, ביצה קשה, ממרח פלפל צ'ומה,עלי ביבי ,מלפפון חמוץ,טחינה ופטרוזיליה","price":18,"vegan":false,"vegetarian":true,"image":"https://d25t2285lxl5rf.cloudfront.net/images/dishes/812a4375-4d97-401b-b239-0ce4b153ea1a.jpg","notFood":false,"drinks":false},{"name":"כריך קממבר","description":"פרוסות גבינת קממבר, חמאה , מלפפון, עגבנייה, עלי בייבי. ","price":19,"vegan":false,"vegetarian":true,"image":"https://d25t2285lxl5rf.cloudfront.net/images/dishes/59d33867-abe5-400a-af59-903f9950f7c8.jpg","notFood":false,"drinks":false},{"name":"בייגל כוסמין אנטיפסטי גבינת עיזים גדול","description":"גבינת עיזים, אנטיפסטי ירקות קלויים, ממרח פסטו, עגבניה, מלפפון, חסה","price":30,"vegan":false,"vegetarian":true,"image":"https://d25t2285lxl5rf.cloudfront.net/images/dishes/241d321f-0768-4c0f-9783-1870d25d6e89.jpg","notFood":false,"drinks":false},{"name":"בייגל כוסמין גאודה גדול","description":"פרוסות גבינת גאודה, חמאה, מלפפון, עגבנייה וחסה","price":30,"vegan":false,"vegetarian":true,"image":"https://d25t2285lxl5rf.cloudfront.net/images/dishes/c4f19ddb-9f45-40d0-9582-a1491ec8c1be.jpg","notFood":false,"drinks":false},{"name":"בייגל כוסמין בולגרית בלקני גדול","description":"ממרח זיתי קלמטה,פרוסות בולגרית 5%, חציל אנטיפסטי, מלפפון, עגבניה, חסה","price":30,"vegan":false,"vegetarian":true,"image":"https://d25t2285lxl5rf.cloudfront.net/images/dishes/7a5628e7-e0d0-4d85-a6a2-904216cd4c37.jpg","notFood":false,"drinks":false},{"name":"בייגל כוסמין טונה טוניסאי גדול","description":"טונה, תפוחי אדמה, ביצה קשה, חריף,  מלפפון חמוץ","price":30,"vegan":false,"vegetarian":false,"image":"https://d25t2285lxl5rf.cloudfront.net/images/dishes/aa7d6397-14e9-43bf-85e8-30b3b02645c5.jpg","notFood":false,"drinks":false},{"name":"בייגל כוסמין חביתה גדול","description":"חביתה, גבינת שמנת 5%, מלפפון, עגבנייה, חסה.","price":28,"vegan":false,"vegetarian":true,"image":"https://d25t2285lxl5rf.cloudfront.net/images/dishes/624ada15-7117-45c2-a87e-327babe39bdd.jpg","notFood":false,"drinks":false},{"name":"כריך בייגל כוסמין סלמון מעושן גדול","description":"סלמון מעושן, גבינת שמנת, בצל סגול, עגבנייה, חסה","price":30,"vegan":false,"vegetarian":false,"image":"https://d25t2285lxl5rf.cloudfront.net/images/dishes/002b7665-5d08-4993-b5a5-d59c022698c7.jpg","notFood":false,"drinks":false},{"name":"בייגל כוסמין טבעוני חביתת חומוס","description":"חביתת חומוס, טחינה, מלפפון, עגבנייה, חסה","price":30,"vegan":true,"vegetarian":true,"image":"https://d25t2285lxl5rf.cloudfront.net/images/dishes/db0ce92a-eedc-44db-8c71-e47c1781b6da.jpg","notFood":false,"drinks":false},{"name":"כריך בייגל כוסמין טבעוני אנטיפסטי ואגוזי מלך","description":"טחינה, אנטיפסטי חצילים קלויים, אגוזי מלך,מלפפון חמוץ, בצל סגול, חסה","price":30,"vegan":true,"vegetarian":true,"image":"https://d25t2285lxl5rf.cloudfront.net/images/dishes/61bd4f9f-4fb5-4252-844c-bd2f65861c1d.jpg","notFood":false,"drinks":false},{"name":"כריך סלמון מעושן","description":"סלמון מעושן, גבינת שמנת, בצל סגול, עגבנייה וחסה ","price":22,"vegan":false,"vegetarian":false,"notFood":false,"drinks":false},{"name":"כריך טבעוני חביתת חומוס","description":"חביתת חומוס, טחינה, נבטים, מלפפון, עגבנייה וחסה ","price":19,"vegan":true,"vegetarian":true,"notFood":false,"drinks":false},{"name":"כריך קממבר","description":"פרוסות גבינת קממבר, חמאה, מלפפון, עגבנייה וחסה ","price":17,"vegan":false,"vegetarian":true,"notFood":false,"drinks":false},{"name":"כריך טונה טוניסאי","description":"טונה, תפוחי אדמה, ביצה קשה, פלפל צ'ומה, לימון כבוש,\nמלפפון חמוץ","price":17,"vegan":false,"vegetarian":false,"notFood":false,"drinks":false},{"name":"כריך גאודה","description":"פרוסות גבינת גאודה, חמאה, מלפפון, עגבנייה וחסה","price":19,"vegan":false,"vegetarian":true,"notFood":false,"drinks":false},{"name":"כריך חביתה","description":"חביתה, גבינת שמנת 5%, מלפפון, עגבנייה, חסה.","price":18,"vegan":false,"vegetarian":true,"notFood":false,"drinks":false},{"name":"שקשוקה","description":"2 ביצי עין על מצע של תבשיל השקשוקה שלנו המורכב מעגבניות טריות קצוצות,        \nפלפל מתוק, שום, פפריקה מתוקה ופלפל חריף.\nמוגש בתוספת סלט אישי, טחינה ולחם תוצרת בית.","price":52,"vegan":true,"vegetarian":true,"notFood":false,"drinks":false},{"name":"שקשוקה בתוספת בולגרית וחצילים","description":"שקשוקה בתוספת בולגרית וחצילים תוצרת בית 2 ביצי עין על מצע של תבשיל השקשוקה שלנו  המורכב מעגבניות טריות קצוצות, פלפל מתוק, שום, פפריקה מתוקה ופלפל חריף.\nמוגש בתוספת סלט אישי, טחינה ולחם.\n","price":54,"vegan":false,"vegetarian":true,"notFood":false,"drinks":false},{"name":"סלט ניסואז","description":"טונה, ביצה קשה, תירס, תפוחי אדמה, בצל סגול וזיתי קלמטה,  על מצע  של תערובת חסות ועלים ירוקים, עגבנייה ומלפפון. מתובל בשמן זית ולימון.\n מוגש בליווי לחם מחמצת תוצרת הבית ותוספת חמאה","price":45,"vegan":false,"vegetarian":false,"image":"https://d25t2285lxl5rf.cloudfront.net/images/dishes/d4349fa4-2f71-45f5-a7b2-83429fe751d6.jpg","notFood":false,"drinks":false},{"name":"סלט בריאות טבעוני","description":"קינואה, עדשים שחורות, קוביות מלפפון, תערובת חסות ועלים,אגוזי מלך, פרוסות שקדים, חמוציות ומעל אנטיפסטי חצילים, קוביות בטטה, ואגוזי מלך.  מתובל בשמן זית ולימון.\nמוגש בליווי לחם מחמצת תוצרת הבית ותוספת חמאה","price":49,"vegan":true,"vegetarian":true,"image":"https://d25t2285lxl5rf.cloudfront.net/images/dishes/e31a4e09-f773-4910-a9c3-a1105e536ff7.jpg","notFood":false,"drinks":false},{"name":"סלט יווני","description":"קוביות גבינת פטה ,טבעות בצל סגול וזיתי קלמטה מתובלים בשמן זית לימון וזעתר, על מצע  של תערובת חסות ועלים ירוקים, עגבנייה ומלפפון. מתובל בשמן זית ולימון.\nמוגש בליווי לחם מחמצת תוצרת הבית ותוספת חמאה","price":45,"vegan":false,"vegetarian":true,"notFood":false,"drinks":false},{"name":"סלט אבו גוש","description":"גרגרי חומוס מבושלים, ביצה קשה, טבעות בצל סגול על מצע של תערובת חסות, סלט ירקות קצוץ דק מעגבנייה, מלפפון ופטרוזיליה. מתובל בשמן זית ולימון.\nמוגש בליווי לחם מחמצת תוצרת הבית ותוספת חמאה ","price":45,"vegan":false,"vegetarian":true,"notFood":false,"drinks":false},{"name":"סלט ירקות ערבי","description":"סלט ירקות קצוץ דק דק מעגבנייה, מלפפון, בצל סגול ופטרוזיליה . מתובל בשמן זית ולימון. מוגש עם טחינה בצד.","price":20,"vegan":true,"vegetarian":true,"notFood":false,"drinks":false},{"name":"סלט ירקות קטן (אישי)","description":"סלט בגודל של חצי ליטר: תערובת חסות, מלפפון ועגבניה. מתובל בשמן זית ולימון.","price":20,"vegan":true,"vegetarian":true,"notFood":false,"drinks":false},{"name":"סלט פטריות וטופו טבעוני","description":"קוביות טופו ופטריות מוקפצים במרינדת טריאקי, אגוזי מלך וחמוציות, על מצע  של תערובת חסות ועלים ירוקים, עגבנייה ומלפפון. מתובל ברוטב ויניגרט.\nמוגש בליווי לחם מחמצת תוצרת הבית ותוספת חמאה","price":52,"vegan":true,"vegetarian":true,"notFood":false,"drinks":false},{"name":"רביולי בטטה ברוטב רוזה","description":"רביולי בטטה בעבודת יד ברוטב רוזה, מוגש בתוספת גבינת פרמז'ן.","price":49,"vegan":false,"vegetarian":true,"notFood":false,"drinks":false},{"name":"פסטה טליאטלה שמנת פטריות","description":"פסטה טליאטלה טרייה ברוטב שמנת פטריות, מוגש בתוספת פרמז'ן.","price":44,"vegan":false,"vegetarian":false,"notFood":false,"drinks":false},{"name":"פסטה טליאטלה רוזה","description":"פסטה טליאטלה טרייה ברוטב רוזה, מוגש בתוספת פרמז'ן.","price":44,"vegan":false,"vegetarian":false,"notFood":false,"drinks":false},{"name":"קיש גבינות צאן בתוספת סלט ירקות אישי","description":"קיש אישי תערובת של גבינות צאן, על בסיס של קילתית מבצק פריך חמאה. מוגש בתוספת סלט ירקות אישי ושמן זית.","price":38,"vegan":true,"vegetarian":true,"image":"https://d25t2285lxl5rf.cloudfront.net/images/dishes/f7aabe30-964b-43b5-b396-4e23df59217d.jpg","notFood":false,"drinks":false},{"name":"קיש בטטה","description":"קיש אישי תערובת של בטטה וגבינות, על בסיס של קילתית מבצק פריך חמאה. מוגש בתוספת סלט ירקות אישי ושמן זית.","price":38,"vegan":true,"vegetarian":true,"image":"https://d25t2285lxl5rf.cloudfront.net/images/dishes/a68ebe19-4e83-41fc-ac09-489d85b0e7a6.jpg","notFood":false,"drinks":false},{"name":"קיש פטריות","description":"קיש אישי תערובת של פטריות וגבינות, על בסיס של קילתית מבצק פריך חמאה. מוגש בתוספת סלט ירקות אישי ושמן זית.","price":38,"vegan":true,"vegetarian":true,"image":"https://d25t2285lxl5rf.cloudfront.net/images/dishes/847f9c90-2f86-47d8-afa8-483885184d6e.jpg","notFood":false,"drinks":false},{"name":"קיש ברוקולי","description":"קיש אישי תערובת של ברוקולי וגבינות, על בסיס של קילתית מבצק פריך חמאה.\nמוגש בתוספת סלט ירקות אישי ושמן זית.","price":38,"vegan":true,"vegetarian":true,"image":"https://d25t2285lxl5rf.cloudfront.net/images/dishes/5dc0f367-7445-45ee-83cb-3842785e3a98.jpg","notFood":false,"drinks":false},{"name":"קיש בצל","description":"קיש אישי תערובת של בצל וגבינות, על בסיס של קילתית מבצק פריך חמאה.\nמוגש בתוספת סלט ירקות אישי ושמן זית.","price":38,"vegan":true,"vegetarian":true,"image":"https://d25t2285lxl5rf.cloudfront.net/images/dishes/ab97cc5e-ca82-4035-b44c-82dab5b6aa75.jpg","notFood":false,"drinks":false},{"name":"פיצה מרגריטה","description":"תוספת לבחירה","price":35,"vegan":false,"vegetarian":true,"image":"https://d25t2285lxl5rf.cloudfront.net/images/dishes/a719ea3c-7ee9-4aff-8232-5bd0a2211843.jpg","notFood":false,"drinks":false},{"name":"קיש תרד","description":"קיש אישי תערובת של תרד וגבינות, על בסיס של קילתית מבצק פריך חמאה.\nמוגש בתוספת סלט ירקות אישי ושמן זית.","price":38,"vegan":true,"vegetarian":true,"notFood":false,"drinks":false},{"name":"בייגל טוסט ענק","description":"בייגל טוסט ענק, המוגש בתוספת סלט ירקות אישי ושמן זית","price":35,"vegan":true,"vegetarian":true,"notFood":false,"drinks":false},{"name":"לחם מחמצת צימוקים ואגוזים","description":"לחם בעבודת יד המכיל תערובת קמחים: קמח מלא, שיפון, כוסמין ומחמצת שאור טבעית בתוספת צימוקים ואגוזים","price":18,"vegan":true,"vegetarian":true,"notFood":false,"drinks":false},{"name":"לחם מחמצת שיפון אגוז","description":"לחם בעבודת יד המכיל קמח שיפון , קמח מלא ומחמצת שאור טבעית בתוספת אגוזי מלך.","price":18,"vegan":true,"vegetarian":true,"notFood":false,"drinks":false},{"name":"לחם מחמצת זיתים","description":"לחם בעבודת יד המכיל תערובת קמחים:קמח מלא, שיפון, כוסמין ומחמצת שאור טבעית בתוספת זיתים.","price":18,"vegan":true,"vegetarian":true,"notFood":false,"drinks":false},{"name":"לחם מחמצת דגנים","description":"לחם בעבודת יד המכיל תערובת קמחים:קמח מלא ,שיפון, כוסמין ומחמצת שאור טבעית בתוספת דגנים.","price":18,"vegan":false,"vegetarian":false,"notFood":false,"drinks":false},{"name":"לחם מחמצת שיפון מלא","description":"לחם בעבודת יד המכיל 70% קמח שיפון, קמח לחם, ומחמצת שאור טבעית.","price":22,"vegan":true,"vegetarian":true,"notFood":false,"drinks":false},{"name":"לחם מחמצת כוסמין מלא 100%","description":"לחם בעבודת יד המכיל 100% קמח כוסמין מלא, ומחמצת שאור טבעית.מקמח כוסמין מלא","price":22,"vegan":true,"vegetarian":true,"notFood":false,"drinks":false},{"name":"מארז 4 לחמניות כוסמין מלא 100%","description":"מארז של 4 לחמניות כוסמין,המכיל 100% קמח כוסמין מלא, ומחמצת שאור טבעית.מקמח כוסמין מלא","price":15,"vegan":true,"vegetarian":true,"notFood":false,"drinks":false},{"name":"מארז בייגל מחמצת דגנים","description":"מארז של 4 בייגל בעבודת יד המכיל תערובת קמחים: קמח מלא, שיפון, כוסמין ומחמצת שאור טבעית בתוספת דגנים","price":18,"vegan":false,"vegetarian":false,"notFood":false,"drinks":false},{"name":"מארז של בייגל מחמצת כוסמין","description":"מארז של 4 בייגל כוסמין,המכיל 100% קמח כוסמין מלא, ומחמצת שאור טבעית.מקמח כוסמין מלא","price":20,"vegan":true,"vegetarian":true,"notFood":false,"drinks":false},{"name":"רוגלך 10 יחידות","description":"רוגלך במילוי שוקולד","price":30,"vegan":false,"vegetarian":true,"notFood":false,"drinks":false},{"name":"גביניות 10 יחידות","description":"בצק שמרים במילוי גבינה","price":30,"vegan":false,"vegetarian":true,"notFood":false,"drinks":false},{"name":"קרואסון שוקולד 10 יחידות","description":"בצק שמרים במילוי שוקולד","price":30,"vegan":false,"vegetarian":true,"notFood":false,"drinks":false},{"name":"דניש קינמון 10 יחידות","description":"רול מבצק שמרים במילוי קינמון ","price":35,"vegan":true,"vegetarian":true,"notFood":false,"drinks":false},{"name":"דניש וניל 10 יחידות","description":"רול מבצק שמרים במילוי וניל ופצפוצי שוקולד","price":35,"vegan":false,"vegetarian":true,"notFood":false,"drinks":false},{"name":"בורקס תפוחי אדמה 10 יחידות","description":"מבצק עלים, במילוי תפו\"א ובצל","price":30,"vegan":true,"vegetarian":true,"notFood":false,"drinks":false},{"name":"בורקס גבינה 10 יחידות","description":"מבצק עלים במילוי גבינות","price":30,"vegan":false,"vegetarian":true,"notFood":false,"drinks":false},{"name":"פילאס קשקבל 10 יחידות","description":"רול מבצק פילאס במילוי קשקבל","price":40,"vegan":true,"vegetarian":true,"notFood":false,"drinks":false},{"name":"עוגת פס גבינה אוכמניות","description":"גבינה קרה קלאסית, עם גרידת לימון בציפוי אוכמניות","price":54,"vegan":false,"vegetarian":true,"notFood":false,"drinks":false},{"name":"עוגת פס גבינה פירורים","description":"גבינה קרה קלאסית, עם גרידת לימון בציפוי פירורים פריכים","price":54,"vegan":false,"vegetarian":true,"notFood":false,"drinks":false},{"name":"עוגת פס  אוריאו","description":"קרם שוקולד לבן עם שבבי אוריאו בציפוי שוקולד ועוגיות אוריאו ","price":54,"vegan":false,"vegetarian":true,"notFood":false,"drinks":false},{"name":"עוגת פס מקופלת","description":"שכבות של קרם מקופלת לבן ומקופלת שוקולד בציפוי שבבי מקופלת","price":54,"vegan":false,"vegetarian":true,"notFood":false,"drinks":false},{"name":"עוגת פס מוצרט","description":"שתי שכבות של שוקולד מריר ושוקולד לבן וביניהן טארט שוקולד ואגוזים","price":54,"vegan":false,"vegetarian":true,"notFood":false,"drinks":false},{"name":"עוגת פס טריקולד","description":"שכבות של קרם  שלושה שוקולדים: מריר, חלב ולבן  בציפוי שוקולד","price":54,"vegan":false,"vegetarian":true,"notFood":false,"drinks":false},{"name":"עוגת פס אלפחורס","description":"מוס ריבת חלב במילוי גנאש קוקוס על בסיס עוגיות אלפחורס וציפוי קוקוס קלוי","price":54,"vegan":false,"vegetarian":true,"notFood":false,"drinks":false},{"name":"עוגת פס קרם לוטוס","description":"קרם שוקולד לבן עם שבבי לוטוס ועוגיות לוטוס","price":54,"vegan":false,"vegetarian":true,"notFood":false,"drinks":false},{"name":"עוגת מוס מקופלת","description":"שכבות של קרם מקופלת לבן ומקופלת שוקולד בציפוי שבבי מקופלת","price":149,"vegan":false,"vegetarian":true,"notFood":false,"drinks":false},{"name":"עוגת מוס אוראו","description":"קרם שוקולד לבן עם שבבי אוריאו בציפוי שוקולד ועוגיות אוריאו ","price":149,"vegan":false,"vegetarian":true,"notFood":false,"drinks":false},{"name":"עוגת לב גבינה תות","description":"גבינה פירורים  קרה קלאסית, עם גרידת לימון בציפוי תותים","price":149,"vegan":false,"vegetarian":true,"notFood":false,"drinks":false},{"name":"עוגת לב פסק זמן","price":149,"vegan":true,"vegetarian":true,"notFood":false,"drinks":false},{"name":"קינוח מקופלת","description":"מקופלת","price":26,"vegan":true,"vegetarian":true,"notFood":false,"drinks":false},{"name":"קינוח מוס טריקולד","description":"מוס טריקולד","price":26,"vegan":true,"vegetarian":true,"notFood":false,"drinks":false},{"name":"קינוח אוריאו","description":"אוריאו","price":26,"vegan":true,"vegetarian":true,"notFood":false,"drinks":false},{"name":"עוגת סברינה אישית","description":"סברינה אישית מתוקה עם דובדבן","price":22,"vegan":true,"vegetarian":true,"notFood":false,"drinks":false},{"name":"5 יחידות אלפחורס","description":"5 יחידות מנה אישית של  אלפחורס","price":40,"vegan":true,"vegetarian":true,"notFood":false,"drinks":false},{"name":"3 יחידות אקלר עגול","description":"3 יחידות מנה אישית של אקלר עגול ","price":30,"vegan":true,"vegetarian":true,"notFood":false,"drinks":false},{"name":"עוגיות כוסמין שטרודל תפוחים","description":"מארז","price":32,"vegan":true,"vegetarian":true,"notFood":false,"drinks":false},{"name":"עוגיות כוסמין קוקוס ואגוזי לוז","description":"מארז","price":32,"vegan":true,"vegetarian":true,"notFood":false,"drinks":false},{"name":"עוגיות חטיפי קוקוס ושוקולד צ'יפס","description":"מארז","price":32,"vegan":false,"vegetarian":true,"notFood":false,"drinks":false},{"name":"מארז עוגיות כוסמין פירות יער","description":"מארז","price":32,"vegan":true,"vegetarian":true,"notFood":false,"drinks":false},{"name":"עוגיות אוזני פיל","description":"מארז","price":32,"vegan":true,"vegetarian":true,"notFood":false,"drinks":false},{"name":"עוגיות גרנולה","description":"מארז","price":32,"vegan":true,"vegetarian":true,"notFood":false,"drinks":false},{"name":"עוגיות ריבה","description":"מארז","price":32,"vegan":true,"vegetarian":true,"notFood":false,"drinks":false},{"name":"סהרוני שקדים","description":"מארז","price":32,"vegan":true,"vegetarian":true,"notFood":false,"drinks":false},{"name":"עוגיות מיני מרוקאיות","description":"מארז","price":32,"vegan":true,"vegetarian":true,"notFood":false,"drinks":false},{"name":"עוגיות קפה ואגוזים","description":"מארז","price":32,"vegan":true,"vegetarian":true,"notFood":false,"drinks":false},{"name":"עוגיות כעכים מלוחים","description":"מארז","price":32,"vegan":true,"vegetarian":true,"notFood":false,"drinks":false},{"name":"מקלות מלוחים","description":"מארז","price":32,"vegan":true,"vegetarian":true,"notFood":false,"drinks":false},{"name":"מעמול תמרים","description":"מארז","price":32,"vegan":true,"vegetarian":true,"notFood":false,"drinks":false},{"name":"מעמול אגוזים","description":"מארז","price":32,"vegan":true,"vegetarian":true,"notFood":false,"drinks":false},{"name":"עוגיות פיצוץ שוקולד","description":"מארז","price":32,"vegan":false,"vegetarian":true,"notFood":false,"drinks":false},{"name":"עוגיות גרנולה ללא סוכר","description":"מארז","price":32,"vegan":true,"vegetarian":true,"notFood":false,"drinks":false},{"name":"סהרוני שקדים ללא סוכר","description":"מארז","price":32,"vegan":true,"vegetarian":true,"notFood":false,"drinks":false},{"name":"עוגיות מרוקאיות ללא סוכר","description":"מארז","price":32,"vegan":true,"vegetarian":true,"notFood":false,"drinks":false},{"name":"ללא חיטה - כדורי חמאת בוטנים ושוקולד מפצפוצי אורז","description":"מארז","price":35,"vegan":false,"vegetarian":true,"notFood":false,"drinks":false},{"name":"ללא חיטה - עוגיות שוקולד צ'יפס מקמח שקדים ואורז מלא","description":"מארז","price":35,"vegan":false,"vegetarian":true,"notFood":false,"drinks":false},{"name":"ללא חיטה - עוגיות קוקוס ולוז מקמח שקדים וקמח אורז מלא","description":"מארז","price":35,"vegan":true,"vegetarian":true,"notFood":false,"drinks":false},{"name":"ללא חיטה - עוגיות פירות יער מקמח שקדים וקמח אורז מלא","description":"מארז","price":35,"vegan":true,"vegetarian":true,"notFood":false,"drinks":false},{"name":"פחית קוקה קולה","description":"330 מ\"ל","price":8,"vegan":true,"vegetarian":true,"notFood":false,"drinks":true},{"name":"פחית קוקה קולה זירו","description":"330 מ\"ל","price":8,"vegan":true,"vegetarian":true,"notFood":false,"drinks":true},{"name":"פחית ספרייט","price":8,"vegan":true,"vegetarian":true,"notFood":false,"drinks":true},{"name":"בקבוק קוקה קולה גדול","description":"1.5 ליטר","price":15,"vegan":true,"vegetarian":true,"notFood":false,"drinks":true},{"name":"בקבוק ספרייט","price":10,"vegan":true,"vegetarian":true,"notFood":false,"drinks":true},{"name":"בקבוק קוקה קולה זירו גדול","description":"1.5 ליטר","price":15,"vegan":true,"vegetarian":true,"notFood":false,"drinks":true},{"name":"בקבוק סודה קטן","description":"250 מ\"ל","price":8,"vegan":true,"vegetarian":true,"notFood":false,"drinks":true},{"name":"פרללה מים מינרלים מוגזים","price":10,"vegan":true,"vegetarian":true,"notFood":false,"drinks":false},{"name":"בקבוק חצי ליטר מים מינרלים","description":"500 מ\"ל","price":8,"vegan":true,"vegetarian":true,"notFood":false,"drinks":true},{"name":"פיוז טי אפרסק","description":"500 מ\"ל","price":10,"vegan":true,"vegetarian":true,"notFood":false,"drinks":false},{"name":"סיידר תפוחים","price":12,"vegan":true,"vegetarian":true,"notFood":false,"drinks":true},{"name":"תה ויסוצקי בטעמים","price":12,"vegan":true,"vegetarian":true,"notFood":false,"drinks":false},{"name":"סחוט בקבוק  – סיידר תפוחים","description":"500 מ\"ל","price":14,"vegan":true,"vegetarian":true,"notFood":false,"drinks":true},{"name":"בקבוק קוקה קולה קטן","description":"500 מ\"ל","price":12,"vegan":true,"vegetarian":true,"notFood":false,"drinks":true},{"name":"בקבוק קוקה קולה זירו קטן","description":"500 מ\"ל","price":12,"vegan":true,"vegetarian":true,"notFood":false,"drinks":true},{"name":"סחוט בקבוק  – תפוזים","description":"500 מ\"ל","price":14,"vegan":true,"vegetarian":true,"notFood":false,"drinks":true},{"name":"סחוט בקבוק  – לימונדה","description":"500 מ\"ל","price":14,"vegan":true,"vegetarian":true,"notFood":false,"drinks":true},{"name":"בירה קרלסברג","description":"330 מ\"ל\nהמכירה אסורה למי שטרם מלאו לו 18.","price":23,"vegan":true,"vegetarian":true,"notFood":false,"drinks":true},{"name":"בירה טובורג","description":"330 מ\"ל.\nהמכירה אסורה למי שטרם מלאו לו 18.","price":23,"vegan":true,"vegetarian":true,"notFood":false,"drinks":true},{"name":"בירה ויינשטפן","description":"330 מ\"ל.\nהמכירה אסורה למי שטרם מלאו לו 18.","price":23,"vegan":true,"vegetarian":true,"notFood":false,"drinks":true}]}