{"track_id":"21102","filters":["meatGrill","burgers","salads"],"image":"https://tenbis-static.azureedge.net/restaurant-card-image/ResCard_21102_1910030504.jpg","address":"יגאל אלון, 120 תל אביב-יפו","location":[34.7954404,32.073773],"name":"דיקסי","city":"גבעתיים","priceAverage":42.26923076923077,"menu":[{"name":"ביפבורגר קלאסי","description":"250 גרם בשר בקר מובחר. מוגש בלחמניה ובצד פרוסות של ירקות: עגבניה, בצל, חסה ומלפפון חמוץ. עם תוספת לבחירה ","price":74,"vegan":false,"vegetarian":false,"image":"https://d25t2285lxl5rf.cloudfront.net/images/dishes/f7c05b38-031a-4872-b144-46dac012ceeb.jpg","notFood":false,"drinks":false},{"name":"עוף קייג'ן","description":"שני נתחים של סטייק פרגית בתיבול קייג'ן מוגש עם תוספות לבחירה","price":79,"vegan":false,"vegetarian":false,"image":"https://d25t2285lxl5rf.cloudfront.net/images/dishes/1047685.jpg","notFood":false,"drinks":false},{"name":"כנפי עוף ברוטב חריף 12 יח'","description":"חלקי כנפי עוף ברוטב חריף, 12 יחידות ","price":51,"vegan":false,"vegetarian":false,"image":"https://d25t2285lxl5rf.cloudfront.net/images/dishes/1047662.jpg","notFood":false,"drinks":false},{"name":"הום פרייז","description":"","price":30,"vegan":true,"vegetarian":true,"image":"https://d25t2285lxl5rf.cloudfront.net/images/dishes/1047663.jpg","notFood":false,"drinks":false},{"name":"לחם שום","description":"לחם בטעם שום ","price":23,"vegan":true,"vegetarian":true,"image":"https://d25t2285lxl5rf.cloudfront.net/images/dishes/1047665.jpg","notFood":false,"drinks":false},{"name":"תפוח אדמה אפוי עם שמנת","description":"תפוח אדמה אפוי עם שמנת","price":11,"vegan":false,"vegetarian":true,"image":"https://d25t2285lxl5rf.cloudfront.net/images/dishes/1047666.jpg","notFood":false,"drinks":false},{"name":"צ'יפס דיקסי","description":"","price":21,"vegan":true,"vegetarian":true,"image":"https://d25t2285lxl5rf.cloudfront.net/images/dishes/1047667.jpg","notFood":false,"drinks":false},{"name":"כנפי עוף ברוטב חריף 22 יח'","description":"","price":78,"vegan":false,"vegetarian":false,"image":"","notFood":false,"drinks":false},{"name":"ביפבורגר קלאסי","description":"250 גרם בשר בקר מובחר. מוגש בלחמניה ובצד פרוסות של ירקות: עגבניה, בצל, חסה ומלפפון חמוץ. עם תוספת לבחירה ","price":74,"vegan":false,"vegetarian":false,"image":"https://d25t2285lxl5rf.cloudfront.net/images/dishes/f7c05b38-031a-4872-b144-46dac012ceeb.jpg","notFood":false,"drinks":false},{"name":"פילה סלמון בגריל","description":"פילה סלמון בגריל עם שתי תוספות לבחירה. ","price":98,"vegan":false,"vegetarian":false,"image":"https://d25t2285lxl5rf.cloudfront.net/images/dishes/be23335d-e291-432a-9950-2087568b617d.jpg","notFood":false,"drinks":false},{"name":"עוף קייג'ן","description":"שני נתחים של סטייק פרגית בתיבול קייג'ן מוגש עם תוספות לבחירה","price":79,"vegan":false,"vegetarian":false,"image":"https://d25t2285lxl5rf.cloudfront.net/images/dishes/1047685.jpg","notFood":false,"drinks":false},{"name":"כריך אנטרקוט פילדלפיה","description":"גבינה שוויצרית, בצל ופלפל מטוגנים ומיונז חרדל ","price":78,"vegan":false,"vegetarian":true,"image":"https://d25t2285lxl5rf.cloudfront.net/images/dishes/af9cea57-297e-44df-87e9-f2d580ed03fc.jpg","notFood":false,"drinks":false},{"name":"סלט קיסר","description":"ראש חסה ערבית פרוסה,עגבניות שרי, קרוטונים בחמאת אנשובי, גבינת פרמזן ורוטב מוגשים בצד.  ","price":53,"vegan":false,"vegetarian":false,"image":"https://d25t2285lxl5rf.cloudfront.net/images/dishes/1047669.jpg","notFood":false,"drinks":false},{"name":"סלט קיסר עוף","description":"ראש חסה פרוס, עגבניות שרי, חזה עוף, קרוטונים בחמאת אנשובי, וגבינת פרמזן. רוטב ופרמזן מוגשים בצד ","price":72,"vegan":false,"vegetarian":false,"image":"https://d25t2285lxl5rf.cloudfront.net/images/dishes/1047670.jpg","notFood":false,"drinks":false},{"name":"ירקות מוקפצים","description":"שעועית מוקפצת עם זוקיני, שום, שמן זית מלח ופלפל.","price":15,"vegan":true,"vegetarian":true,"image":"","notFood":false,"drinks":false},{"name":"אורז תאילנדי","description":"","price":13,"vegan":true,"vegetarian":true,"image":"","notFood":false,"drinks":false},{"name":"סלט כרוב ואגוזים","description":"","price":11,"vegan":true,"vegetarian":true,"image":"","notFood":false,"drinks":false},{"name":"פסטה פנה ברוטב עגבניות","description":"פסטה פנה ברוטב עגבניות ","price":45,"vegan":true,"vegetarian":true,"image":"https://d25t2285lxl5rf.cloudfront.net/images/dishes/f23b979c-2793-4f90-b199-d15e26d8bbba.jpg","notFood":false,"drinks":false},{"name":"ביפבורגר ילד","description":"125 גרם בשר בקר עשוי טוב, מוגש עם ירקות טריים וצ'יפס. ","price":45,"vegan":false,"vegetarian":false,"image":"https://d25t2285lxl5rf.cloudfront.net/images/dishes/fdd57f7f-df9e-413e-99be-546faed212c3.jpg","notFood":false,"drinks":false},{"name":"עוגת גבינה \"ניו יורק\"","description":"עם שוקולד לבן אגוזים ופרי העונה  ","price":45,"vegan":false,"vegetarian":true,"image":"https://d25t2285lxl5rf.cloudfront.net/images/dishes/1047703.jpg","notFood":false,"drinks":false},{"name":"מלבי","description":"מלבי עם מי ורדים, קוקוס ופיסטוקים גרוסים","price":22,"vegan":true,"vegetarian":true,"image":"https://d25t2285lxl5rf.cloudfront.net/images/dishes/1047700.jpg","notFood":false,"drinks":false},{"name":"עוגת ביסקוויטים","description":"עוגת ביסקוויטים עם קרם קרמל ושוקולד מריר","price":22,"vegan":false,"vegetarian":true,"image":"https://d25t2285lxl5rf.cloudfront.net/images/dishes/1047704.jpg","notFood":false,"drinks":false},{"name":"פחית קוקה קולה","description":"","price":12,"vegan":true,"vegetarian":true,"image":"","notFood":false,"drinks":true},{"name":"פחית ספרייט","description":"","price":12,"vegan":true,"vegetarian":true,"image":"","notFood":false,"drinks":true},{"name":"בקבוק 0.5 ליטר פיוזטי אפרסק","description":"","price":12,"vegan":true,"vegetarian":true,"image":"","notFood":false,"drinks":true},{"name":"בקבוק טובורג","description":"","price":24,"vegan":true,"vegetarian":true,"image":"","notFood":false,"drinks":true}]}