{"track_id":"21124","filters":["burgers","salads","meatGrill"],"image":"https://tenbis-static.azureedge.net/restaurant-card-image/ResCard_21124_20220331111659.jpg","address":"ביל\"ו, 2 רחובות","location":[34.8071159,31.8937669],"name":"בי אס אר BSR  ","city":"קרית עקרון","priceAverage":27.533333333333335,"menu":[{"name":"המבורגר בקר 130 גר'","price":34,"vegan":false,"vegetarian":false,"image":"https://d25t2285lxl5rf.cloudfront.net/images/dishes/7dc561a2-1e3b-4680-b3fe-75ff4a55e201.jpg","notFood":false,"drinks":false},{"name":"המבורגר בקר 260 גר'","price":46,"vegan":false,"vegetarian":false,"image":"https://d25t2285lxl5rf.cloudfront.net/images/dishes/86450f01-d467-4541-9b4e-2b5980713800.jpg","notFood":false,"drinks":false},{"name":"המבורגר בקר 390 גר'","price":58,"vegan":false,"vegetarian":false,"image":"https://d25t2285lxl5rf.cloudfront.net/images/dishes/b30fb747-4478-4bc5-a8c8-892ac2a608c9.jpg","notFood":false,"drinks":false},{"name":"המבורגר אנטריקוט 220 גר'","price":49,"vegan":false,"vegetarian":false,"image":"https://d25t2285lxl5rf.cloudfront.net/images/dishes/263df0d7-d607-44d5-a7a0-1a41d2ec34e6.jpg","notFood":false,"drinks":false},{"name":"המבורגר טבעוני","price":55,"vegan":true,"vegetarian":true,"image":"https://d25t2285lxl5rf.cloudfront.net/images/dishes/b1cdb93c-f73b-4777-b58e-f8dca406a8a0.jpg","notFood":false,"drinks":false},{"name":"סנדוויץ' BSR","description":"בשר בקר קצוץ , בצל מטוגן , פטרוזיליה וסלסה עגבניות","price":44,"vegan":false,"vegetarian":false,"image":"https://d25t2285lxl5rf.cloudfront.net/images/dishes/1c30ac0e-6ab2-44f7-94ea-9f36c0f0da10.jpg","notFood":false,"drinks":false},{"name":"סנדוויץ' אנטריקוט","description":"פרוס דק ומוקפץ עם בצל מטוגן","price":46,"vegan":false,"vegetarian":false,"image":"https://d25t2285lxl5rf.cloudfront.net/images/dishes/f9c51ee7-31b2-414c-a774-288c5243f89d.jpg","notFood":false,"drinks":false},{"name":"סנדווויץ' קבב ביתי","description":"טחון מבשר מובחר","price":44,"vegan":false,"vegetarian":false,"image":"https://d25t2285lxl5rf.cloudfront.net/images/dishes/ece7be3b-2457-48e7-9241-08ed1c246a6a.jpg","notFood":false,"drinks":false},{"name":"סנדוויץ' שווארמה פרגית","description":"עם בצל מטוגן","price":42,"vegan":false,"vegetarian":false,"image":"https://d25t2285lxl5rf.cloudfront.net/images/dishes/6cc1eea6-8772-47b8-811b-077edbc04730.jpg","notFood":false,"drinks":false},{"name":"סנדוויץ' פילה עוף בקארי","description":"נתחים מוקפצים עם בצל מטוגן","price":39,"vegan":false,"vegetarian":false,"image":"https://d25t2285lxl5rf.cloudfront.net/images/dishes/596499e5-0376-4f84-92d8-b868d0103e5b.jpg","notFood":false,"drinks":false},{"name":"סנדוויץ' שניצל קריספי","description":"בציפוי פריך","price":39,"vegan":false,"vegetarian":false,"image":"https://d25t2285lxl5rf.cloudfront.net/images/dishes/cda34ab7-52b3-4576-8c42-ce1200cbeef7.jpg","notFood":false,"drinks":false},{"name":"סנדוויץ' שווארמה טבעונית","description":"עם בצל מטוגן","price":39,"vegan":false,"vegetarian":false,"image":"https://d25t2285lxl5rf.cloudfront.net/images/dishes/85031d4d-8db8-43b7-bfeb-9fcad3e45bcc.jpg","notFood":false,"drinks":false},{"name":"סנדוויץ' פטריות פורטובלו","description":"עם בצל מטוגן","price":36,"vegan":true,"vegetarian":true,"image":"https://d25t2285lxl5rf.cloudfront.net/images/dishes/12ad9aaf-11a0-4ab8-9476-daf0efc80f41.jpg","notFood":false,"drinks":false},{"name":"טורטייה אנטריקוט","description":"פרוס דק ומוקפץ עם בצל מטוגן","price":46,"vegan":false,"vegetarian":false,"image":"https://d25t2285lxl5rf.cloudfront.net/images/dishes/d7aa358e-d287-4503-92e3-e49b3a935d95.jpg","notFood":false,"drinks":false},{"name":"טורטייה קבב ביתי","description":"טחון מבשר מובחר","price":44,"vegan":false,"vegetarian":false,"image":"https://d25t2285lxl5rf.cloudfront.net/images/dishes/30c59800-a605-4f6e-b5e0-0f657dd11766.jpg","notFood":false,"drinks":false},{"name":"טורטייה שווארמה פרגית","description":"עם בצל מטוגן","price":42,"vegan":false,"vegetarian":false,"image":"https://d25t2285lxl5rf.cloudfront.net/images/dishes/7f859268-e0fa-4b97-91ad-4a834c8b035d.jpg","notFood":false,"drinks":false},{"name":"טורטייה פילה עוף בקארי","description":"נתחים מוקפצים עם בצל מטוגן","price":39,"vegan":false,"vegetarian":false,"image":"https://d25t2285lxl5rf.cloudfront.net/images/dishes/9971afd4-a796-45ec-9089-60d2e440d2f8.jpg","notFood":false,"drinks":false},{"name":"טורטייה שניצל קריספי","description":"בציפוי פריך","price":39,"vegan":false,"vegetarian":false,"image":"https://d25t2285lxl5rf.cloudfront.net/images/dishes/f9937a13-eb86-4046-983a-27648b88e21c.jpg","notFood":false,"drinks":false},{"name":"טורטיה שווארמה טבעונית","description":"עם בצל מטוגן","price":39,"vegan":false,"vegetarian":false,"image":"https://d25t2285lxl5rf.cloudfront.net/images/dishes/25ee6a88-4a7c-4ff3-a945-33fdbb4f1f5b.jpg","notFood":false,"drinks":false},{"name":"סלט סטייק","description":"נתחים מוקפצים עם בצל מטוגן","price":52,"vegan":false,"vegetarian":false,"image":"https://d25t2285lxl5rf.cloudfront.net/images/dishes/27f527ef-b8d0-476c-8574-b7cfbbc1daa7.jpg","notFood":false,"drinks":false},{"name":"סלט קבב ביתי","description":"טחון מבשר מובחר","price":51,"vegan":false,"vegetarian":false,"image":"https://d25t2285lxl5rf.cloudfront.net/images/dishes/5c806b55-5514-4082-ae71-7f8af104005e.jpg","notFood":false,"drinks":false},{"name":"סלט קריספי","description":"נתחי עוף בציפוי פריך","price":49,"vegan":false,"vegetarian":false,"image":"https://d25t2285lxl5rf.cloudfront.net/images/dishes/10bafc52-8180-4986-a00a-0f52fde3d994.jpg","notFood":false,"drinks":false},{"name":"סלט חזה עוף","description":"מוקפץ עם בצל מטוגן וקארי","price":49,"vegan":false,"vegetarian":false,"image":"https://d25t2285lxl5rf.cloudfront.net/images/dishes/6284a562-82a9-4cd0-9a4f-dbc944a8f885.jpg","notFood":false,"drinks":false},{"name":"סלט שווארמה טבעונית","description":"עם בצל מטוגן","price":49,"vegan":false,"vegetarian":false,"image":"https://d25t2285lxl5rf.cloudfront.net/images/dishes/241c40e5-c6ec-49b5-ae31-87a65e100d66.jpg","notFood":false,"drinks":false},{"name":"סלט פטריות פורטובלו","description":"עם בצל מטוגן","price":43,"vegan":true,"vegetarian":true,"image":"https://d25t2285lxl5rf.cloudfront.net/images/dishes/9af3542e-d110-4e9e-8545-e8df826c1d3a.jpg","notFood":false,"drinks":false},{"name":"סלט ירוק","price":32,"vegan":true,"vegetarian":true,"image":"https://d25t2285lxl5rf.cloudfront.net/images/dishes/5bb30d5a-75e0-4849-b3a5-daca90358d6f.jpg","notFood":false,"drinks":false},{"name":"המבורגר ילדים 100 גר' + צ'יפס","description":"מוגש עם צ'יפס","price":41,"vegan":false,"vegetarian":false,"image":"https://d25t2285lxl5rf.cloudfront.net/images/dishes/6b3093f8-d698-439a-a84a-bed42c1e2c0f.jpg","notFood":false,"drinks":false},{"name":"נאגטס 6 יח' + צ'יפס","description":"מוגש עם צ'יפס","price":41,"vegan":true,"vegetarian":true,"image":"https://d25t2285lxl5rf.cloudfront.net/images/dishes/00fc70eb-a766-4277-86a8-4e0f22c08bd2.jpg","notFood":false,"drinks":false},{"name":"כנפיים ברוטב לבחירה","description":"חצי קילו ","price":32,"vegan":false,"vegetarian":false,"image":"https://d25t2285lxl5rf.cloudfront.net/images/dishes/06b49290-2b76-4ed1-b4b4-6df2ae8b39f1.jpg","notFood":false,"drinks":false},{"name":"נאגטס 9 יח'","price":29,"vegan":true,"vegetarian":true,"image":"https://d25t2285lxl5rf.cloudfront.net/images/dishes/ac658f9e-e2d7-4b96-b0da-355e54f6b736.jpg","notFood":false,"drinks":false},{"name":"סיגרים מרוקאים","description":"6 יח'","price":18,"vegan":false,"vegetarian":false,"image":"https://d25t2285lxl5rf.cloudfront.net/images/dishes/a42852a3-59a2-4a46-9895-2e8d45a17f23.jpg","notFood":false,"drinks":false},{"name":"כדורי פירה","price":18,"vegan":true,"vegetarian":true,"image":"https://d25t2285lxl5rf.cloudfront.net/images/dishes/0908f21c-84ab-468b-82a5-9e023b2b861b.jpg","notFood":false,"drinks":false},{"name":"צ'יפס בטטה","price":18,"vegan":true,"vegetarian":true,"image":"https://d25t2285lxl5rf.cloudfront.net/images/dishes/9a1b5d71-2373-4e8f-8a36-c949a4f29e54.jpg","notFood":false,"drinks":false},{"name":"צ'יפס","price":15,"vegan":true,"vegetarian":true,"image":"https://d25t2285lxl5rf.cloudfront.net/images/dishes/fb76aa97-ae75-4a42-bba2-d14a074d4c01.jpg","notFood":false,"drinks":false},{"name":"פוטטו","price":15,"vegan":true,"vegetarian":true,"image":"https://d25t2285lxl5rf.cloudfront.net/images/dishes/da8cedcf-4ff7-4577-9b37-2b87e799c26d.jpg","notFood":false,"drinks":false},{"name":"טבעות בצל","price":15,"vegan":true,"vegetarian":true,"image":"https://d25t2285lxl5rf.cloudfront.net/images/dishes/28adaa3b-f14d-43f2-96ef-6b9a00137c86.jpg","notFood":false,"drinks":false},{"name":"סלט אישי","price":15,"vegan":true,"vegetarian":true,"image":"https://d25t2285lxl5rf.cloudfront.net/images/dishes/695d4c32-7304-4d81-91c7-9582f6b7068e.jpg","notFood":false,"drinks":false},{"name":"טרופי מנגו","description":"מרנג נוגט קרם וניל וקרם מנגו בציפוי קולי מנגו ","price":16,"vegan":true,"vegetarian":true,"image":"https://d25t2285lxl5rf.cloudfront.net/images/dishes/303a87d4-e11b-42be-a603-7943c153fd33.jpg","notFood":false,"drinks":false},{"name":"אוראו","description":"בראוניס וקרם עוגיות אוראו בציפוי גנאש שוקולד ","price":16,"vegan":false,"vegetarian":true,"image":"https://d25t2285lxl5rf.cloudfront.net/images/dishes/c0a89c1e-401d-45f1-867c-d56971ef39d5.jpg","notFood":false,"drinks":false},{"name":"דואט שוקולד","description":"פרורי קראמבל שוקולד, קרם קפה וקרם שוקולד  \r\nבציפוי גנאש שוקולד ופקאן \r\n","price":16,"vegan":false,"vegetarian":true,"image":"https://d25t2285lxl5rf.cloudfront.net/images/dishes/6edada45-fa4a-4f6a-bafd-6dc049092360.jpg","notFood":false,"drinks":false},{"name":"קוקה קולה","price":10,"vegan":true,"vegetarian":true,"notFood":false,"drinks":true},{"name":"קולה זירו","price":10,"vegan":true,"vegetarian":true,"notFood":false,"drinks":true},{"name":"ספרייט","price":10,"vegan":true,"vegetarian":true,"notFood":false,"drinks":true},{"name":"ספרייט זירו","price":10,"vegan":true,"vegetarian":true,"notFood":false,"drinks":true},{"name":"פאנטה","price":10,"vegan":true,"vegetarian":true,"notFood":false,"drinks":false},{"name":"מאלטי","price":10,"vegan":true,"vegetarian":true,"notFood":false,"drinks":false},{"name":"שוופס תפוח","price":10,"vegan":true,"vegetarian":true,"notFood":false,"drinks":false},{"name":"שוופס פירות יער","price":10,"vegan":true,"vegetarian":true,"notFood":false,"drinks":false},{"name":"שוופס אפרסק","price":10,"vegan":true,"vegetarian":true,"notFood":false,"drinks":false},{"name":"שוופס ענבים","price":10,"vegan":true,"vegetarian":true,"notFood":false,"drinks":true},{"name":"שוופס תות לימון","price":10,"vegan":true,"vegetarian":true,"notFood":false,"drinks":false},{"name":"מיץ ענבים","price":10,"vegan":true,"vegetarian":true,"notFood":false,"drinks":true},{"name":"מיץ תפוזים","price":10,"vegan":true,"vegetarian":true,"notFood":false,"drinks":false},{"name":"מיץ לימונים","price":10,"vegan":true,"vegetarian":true,"notFood":false,"drinks":false},{"name":"פיוז-טי אפרסק","price":11,"vegan":true,"vegetarian":true,"notFood":false,"drinks":false},{"name":"מים אפרסק","price":11,"vegan":true,"vegetarian":true,"notFood":false,"drinks":false},{"name":"מים תפוח","price":11,"vegan":true,"vegetarian":true,"notFood":false,"drinks":false},{"name":"מים ענבים","price":11,"vegan":true,"vegetarian":true,"notFood":false,"drinks":true},{"name":"סודה","price":9,"vegan":true,"vegetarian":true,"notFood":false,"drinks":true},{"name":"מים מינרלים","price":9,"vegan":true,"vegetarian":true,"notFood":false,"drinks":false}]}