{"track_id":"21140","filters":["asianFusion","japaneseSushi"],"image":"https://tenbis-static.azureedge.net/restaurant-card-image/ResCard_21140_20211202144154.jpeg","address":"שדרות יצחק רבין, 9 יוקנעם עילית","location":[35.0929199,32.6429091],"name":"ג'אפן ג'אפן יקנעם עילית","city":"יוקנעם","priceAverage":56.46099290780142,"menu":[{"name":"פיליפינית","description":"","price":62,"vegan":true,"vegetarian":true,"image":"https://d25t2285lxl5rf.cloudfront.net/images/dishes/16cb1e07-d993-49c4-8aad-49f349d68b53.jpg","notFood":false,"drinks":false},{"name":"רייס נודלס פרגית","description":"","price":62,"vegan":false,"vegetarian":false,"image":"https://d25t2285lxl5rf.cloudfront.net/images/dishes/4ead9ddb-c20e-4ad1-ab81-7cd1ddd70202.jpg","notFood":false,"drinks":false},{"name":"Beng Vigen","description":"","price":48,"vegan":true,"vegetarian":true,"image":"https://d25t2285lxl5rf.cloudfront.net/images/dishes/c33fce5f-ce85-4f46-818c-adf8f0b05ac5.jpg","notFood":false,"drinks":false},{"name":"פרייד רייס","description":"","price":57,"vegan":true,"vegetarian":true,"image":"https://d25t2285lxl5rf.cloudfront.net/images/dishes/5ecd8f95-1a6e-4059-b7bd-490ef5213081.jpg","notFood":false,"drinks":false},{"name":"מאקי דג בהרכבה","description":"דג ותוספת לבחירה","price":25,"vegan":false,"vegetarian":false,"image":"https://d25t2285lxl5rf.cloudfront.net/images/dishes/3217505.jpg","notFood":false,"drinks":false},{"name":"אורומאקי דג","description":"","price":57,"vegan":false,"vegetarian":false,"image":"https://d25t2285lxl5rf.cloudfront.net/images/dishes/e4ebe7e9-829b-427a-8055-07cf94a53f58.jpg","notFood":false,"drinks":false},{"name":"*המטבחים שלנו מכילים מוצרי גלוטן ולכן מוצרינו עלולים להכיל אלרגניים וכל מנה עלולה להכיל שאריות גלוטן. תודה על ההבנה*","description":"","price":0,"vegan":true,"vegetarian":true,"image":"","notFood":false,"drinks":false},{"name":"Beng Vigen","description":"","price":48,"vegan":true,"vegetarian":true,"image":"https://d25t2285lxl5rf.cloudfront.net/images/dishes/c33fce5f-ce85-4f46-818c-adf8f0b05ac5.jpg","notFood":false,"drinks":false},{"name":"אורומאקי  צמחוני","description":"","price":48,"vegan":true,"vegetarian":true,"image":"https://d25t2285lxl5rf.cloudfront.net/images/dishes/d753fd2f-ce5b-44b8-98d5-6c261414e48e.jpg","notFood":false,"drinks":false},{"name":"סלט שורשים","description":"","price":48,"vegan":true,"vegetarian":true,"image":"","notFood":false,"drinks":false},{"name":"פיליפינית צמחונית","description":"","price":48,"vegan":true,"vegetarian":true,"image":"","notFood":false,"drinks":false},{"name":"פרייד רייס","description":"","price":57,"vegan":true,"vegetarian":true,"image":"https://d25t2285lxl5rf.cloudfront.net/images/dishes/5ecd8f95-1a6e-4059-b7bd-490ef5213081.jpg","notFood":false,"drinks":false},{"name":"אורומאקי דג","description":"","price":57,"vegan":false,"vegetarian":false,"image":"https://d25t2285lxl5rf.cloudfront.net/images/dishes/e4ebe7e9-829b-427a-8055-07cf94a53f58.jpg","notFood":false,"drinks":false},{"name":"קומבו ווג'י","description":"","price":57,"vegan":true,"vegetarian":true,"image":"https://d25t2285lxl5rf.cloudfront.net/images/dishes/bd718e04-b584-473b-9a56-525a1480b959.jpg","notFood":false,"drinks":false},{"name":"סלט עוף","description":"","price":57,"vegan":false,"vegetarian":false,"image":"","notFood":false,"drinks":false},{"name":"רייס נודלס פרגית","description":"","price":62,"vegan":false,"vegetarian":false,"image":"https://d25t2285lxl5rf.cloudfront.net/images/dishes/4ead9ddb-c20e-4ad1-ab81-7cd1ddd70202.jpg","notFood":false,"drinks":false},{"name":"פיליפינית","description":"","price":62,"vegan":true,"vegetarian":true,"image":"https://d25t2285lxl5rf.cloudfront.net/images/dishes/16cb1e07-d993-49c4-8aad-49f349d68b53.jpg","notFood":false,"drinks":false},{"name":"קומבו קיוטו","description":"","price":62,"vegan":true,"vegetarian":true,"image":"https://d25t2285lxl5rf.cloudfront.net/images/dishes/c0333e92-fe3e-4d1a-81bb-5d2fb6542d97.jpg","notFood":false,"drinks":false},{"name":"\tסאקה טמפורה","description":"","price":62,"vegan":true,"vegetarian":true,"image":"https://d25t2285lxl5rf.cloudfront.net/images/dishes/97c793f0-7e44-4113-8e4f-19f909610f83.jpg","notFood":false,"drinks":false},{"name":"מאגורו טמפורה","description":"","price":62,"vegan":true,"vegetarian":true,"image":"https://d25t2285lxl5rf.cloudfront.net/images/dishes/88455eda-fc00-4721-8fe7-94da6edd7e83.jpg","notFood":false,"drinks":false},{"name":"סלט סלמון","description":"","price":62,"vegan":false,"vegetarian":false,"image":"","notFood":false,"drinks":false},{"name":"COMBO PARTY","description":"8 יח' אורומאקי טונה, 8 יח' אורומאקי ספייסי סלמון, 8 יח' פוטומאקי סלמון, 2 יח' ניגירי סלמון, 8 יח' מאקי אבוקדו, 8 יח' מאקי קנפיו, 8 יח' מאקי טונה, 8 יח' אורומאקי צמחוני (עטוף אבוקדו), 8 יח' אורומאקי צמחוני, 4 יח' סנדוויץ סלמון","price":295,"vegan":false,"vegetarian":false,"image":"https://d25t2285lxl5rf.cloudfront.net/images/dishes/2ed6e812-f07f-4d07-9682-490435ea576e.jpg","notFood":false,"drinks":false},{"name":"TOKYO PARTY","description":"8 יח' I/O צמחוני עטוף צ'יפס סלק, 8 יח' אורומאקי טונה, 8 יח' אורומאקי ספייסי טונה, 8 יח' פוטומאקי סלמון, 8 יח' מאקי אבוקדו, 8 יח' מאקי קנפיו, 8 יח' מאקי טונה, 8 יח' המאצ'י מאקי, 8 יח' ג'אפן רול, 8 יח' אורומאקי צמחוני (עטוף אבוקדו), 8 יח' אורומאקי צמחוני, 4 יח' סנדוויץ צמחוני, 4 יח' סנדוויץ סלמון, 1 י","price":389,"vegan":false,"vegetarian":false,"image":"https://d25t2285lxl5rf.cloudfront.net/images/dishes/6d17a766-c3e1-4d58-813c-517ad8d8a635.jpg","notFood":false,"drinks":false},{"name":"GREEN PARTY","description":"8 יח' מאקי אבוקדו, 8 יח' מאקי קנפיו, 8 יח' מאקי טמאגו, 8 יח' מאקי מלפפון, 8 יח' אורומאקי צמחוני (עטוף אבוקדו), 8 יח' אורומאקי צמחוני, 8 יח' פוטומאקי צמחוני, 8 יח' I/O צמחוני עטוף צ'יפס סלק, 4 יח' סנדוויץ צמחוני, 2 יח' ניגירי אבוקדו, 2 יח' ניגירי טמאגו","price":249,"vegan":false,"vegetarian":true,"image":"https://d25t2285lxl5rf.cloudfront.net/images/dishes/a2b5d8b2-9600-4378-a63a-c7e97902f7cf.jpg","notFood":false,"drinks":false},{"name":"ONLY FISH PARTY","description":"8 יח' אורומאקי טונה, 8 יח' אורומאקי סלמון, 2 יח' ניגירי סלמון, 2 יח' ניגירי טונה, 8 יח' מאקי ספייסי סלמון, 8 יח' מאקי ספייסי טונה, 8 יח' המאצ'י מאקי, 4 יח' סנדוויץ סלמון, 8 יח' סביצ'ה סלמון, 8 יח' ג'אפן רול, 8 יח' וולקנו רול, 8 יח' פוטומאקי ספייסי סלמון","price":410,"vegan":false,"vegetarian":false,"image":"https://d25t2285lxl5rf.cloudfront.net/images/dishes/76d99467-7800-4084-85fb-5cafe0da8da2.jpg","notFood":false,"drinks":false},{"name":"כרובית בפנקו","description":"","price":49,"vegan":true,"vegetarian":true,"image":"https://d25t2285lxl5rf.cloudfront.net/images/dishes/1b2dec10-2c3f-4c87-bd13-fc4e8a367c3c.jpg","notFood":false,"drinks":false},{"name":"מיקס פטריות","description":"פטריות שמפניון ופורטובלו בטמפורה בזילוף רוטב טריאקי","price":42,"vegan":true,"vegetarian":true,"image":"https://d25t2285lxl5rf.cloudfront.net/images/dishes/880618c6-a069-4563-84b9-fca3f79a1dcf.jpg","notFood":false,"drinks":false},{"name":"טאבאסקי","description":"עשר יחידות כנפי עוף מטוגנים, צ'ילי, טריאקי ובצל ירוק","price":39,"vegan":false,"vegetarian":false,"image":"https://d25t2285lxl5rf.cloudfront.net/images/dishes/d8553eef-a439-4a19-96d9-e50265ff3242.jpg","notFood":false,"drinks":false},{"name":"אגרול ירקות אסיאתי","description":"שתי יחידות בצק דק מטוגן במילוי כרוב, גזר, סלרי ופטריות שמפניון","price":30,"vegan":true,"vegetarian":true,"image":"https://d25t2285lxl5rf.cloudfront.net/images/dishes/612862e6-f6d5-4c53-8976-3b05b4285bfa.jpg","notFood":false,"drinks":false},{"name":"קימצ'י","description":"סלט חמוצים בתחמיץ יפני עם כרוב, פלפל אדום וירוק, גזר ומלפפון","price":19,"vegan":true,"vegetarian":true,"image":"https://d25t2285lxl5rf.cloudfront.net/images/dishes/79b2ed7f-615a-4a58-9c25-b01e090cd11d.jpg","notFood":false,"drinks":false},{"name":"אדממה","description":"תרמילי אדממה מאודים, לימון ומלח גס\r\n","price":25,"vegan":true,"vegetarian":true,"image":"https://d25t2285lxl5rf.cloudfront.net/images/dishes/d447c5d1-e63a-4d1b-b220-efd385982656.jpg","notFood":false,"drinks":false},{"name":"דים סאם","description":"4 יח' (2 זוגות לבחירה)\r\nמאודות וצרובות על המחבת בליווי רוטב סויה גינג'ר","price":39,"vegan":true,"vegetarian":true,"image":"https://d25t2285lxl5rf.cloudfront.net/images/dishes/3175073.jpg","notFood":false,"drinks":false},{"name":"מרק תירס","description":"מרק תירס אסייאתי מתקתק עפ נטיפי ביצה וגרעיני תירס טריים","price":35,"vegan":false,"vegetarian":true,"image":"https://d25t2285lxl5rf.cloudfront.net/images/dishes/4e3b5a2a-7353-4b58-a1d8-b164da12950f.jpg","notFood":false,"drinks":false},{"name":"מרק חמוץ חריף","description":"מציר עוף ארומטי, מוגש בקערה גדולה עם נתחי בקר, אטריות שעועית, כרוב, גזר ופטריות שמפניון","price":49,"vegan":false,"vegetarian":false,"image":"https://d25t2285lxl5rf.cloudfront.net/images/dishes/cd53c0b8-ca8a-4c88-af25-4c564f9d7662.jpg","notFood":false,"drinks":false},{"name":"מרק טום יאם פילה","description":"ציר דגים, נתחי דג לבן חלב קוקוס גלנגל קפיר ליים למון גראס עגבניות שרי בצל סגול פטריות פורטבלו ושימאג'י עלי כוסברה ושמן צ'ילי","price":55,"vegan":false,"vegetarian":false,"image":"https://d25t2285lxl5rf.cloudfront.net/images/dishes/c3f45b78-888e-4fa4-97ab-7af628543652.jpg","notFood":false,"drinks":false},{"name":"ראמן","description":"אטריות ראמן בציר עוף, רצועות עוף עטופות בגלייז מתקתק חרוך בגריל, כרוב לבן, נבטים סינים, גרעיני תירס טריים, צ׳ילי אדום, נענע, כוסברה וטוגראשי","price":67,"vegan":false,"vegetarian":false,"image":"https://d25t2285lxl5rf.cloudfront.net/images/dishes/3175079.jpg","notFood":false,"drinks":false},{"name":"סלט שורשים","description":"נבטים סינים, , ג'ינג'ר כבוש , קולרבי, דפי צנונית, מקלות גזר, סלק, מלפפון, עלי כוסברה,\r\nבוטנים גרוסים, תערובת פיצוחים אסייתיים , וויניגרט תאילנדי (מנה פיקנטית)","price":39,"vegan":true,"vegetarian":true,"image":"https://d25t2285lxl5rf.cloudfront.net/images/dishes/0769f415-0fe9-4e53-a31d-8a28b94b90cc.jpg","notFood":false,"drinks":false},{"name":"סלט סלמון","description":"סלמון על הגריל כרוב לבן , דפי מלפפון, נבטים סינים, קולרבי , צ'ילי אדום, כוסברה,\r\nנענע, רוטב תאילנדי חריף וקשיו מקורמל","price":65,"vegan":false,"vegetarian":false,"image":"https://d25t2285lxl5rf.cloudfront.net/images/dishes/1dbd0309-8a6c-4a32-aa34-9f31cc1f39d4.jpg","notFood":false,"drinks":false},{"name":"סלט עוף","description":"עוף על הגריל כרוב לבן , דפי מלפפון, נבטים סינים, קולרבי , צ'ילי אדום, כוסברה,\r\nנענע, רוטב תאילנדי חריף וקשיו מקורמל","price":59,"vegan":false,"vegetarian":false,"image":"https://d25t2285lxl5rf.cloudfront.net/images/dishes/3175082.jpg","notFood":false,"drinks":false},{"name":"סלט FRESH אסיאתי","description":"עלי סלנובה, חסה אייסברג , צ׳יפס בטטה, דפי מלפפון , נבטי חמנייה , שבבי טמפורה\r\nקריספי, ויניגרט ג׳אפן וקשיו מקורמל","price":42,"vegan":true,"vegetarian":true,"image":"https://d25t2285lxl5rf.cloudfront.net/images/dishes/badba475-6a88-423e-88db-521a0924c788.jpg","notFood":false,"drinks":false},{"name":"רייס נודלס","description":"אטריות אורז, נטיפי ביצים, פטריות פורטובלו, בצל לבן, נבטים, גזר ובצל ירוק ברוטב חריף מתוק ושבבי בוטנים. מוגש עם פלח לימון וכוסברה. ","price":69,"vegan":false,"vegetarian":true,"image":"https://d25t2285lxl5rf.cloudfront.net/images/dishes/6cad152c-0e6a-4639-b43a-acd5404cfe13.jpg","notFood":false,"drinks":false},{"name":"הפיליפינית","description":"תוספת לבחירה, אטריות ביצים, גזר, כרוב, נבטים, בצל ירוק ברוטב צ'או צ'או, חריף ","price":62,"vegan":false,"vegetarian":true,"image":"https://d25t2285lxl5rf.cloudfront.net/images/dishes/8763d8f6-d11e-4948-a9ef-300855610edf.jpg","notFood":false,"drinks":false},{"name":"הקוריאנית","description":"אטריות ביצים, רצועות פילה בקר, פטריות שמפניון, פטריות פורטובלו, בצל לבן ברוטב שימאג'י","price":69,"vegan":false,"vegetarian":false,"image":"https://d25t2285lxl5rf.cloudfront.net/images/dishes/929f7deb-edba-4428-9b06-c19e9852f4bc.jpg","notFood":false,"drinks":false},{"name":"המלזית","description":"אטריות ביצים עם סלמון בטמפורה, בצל לבן, גזר, שעועית ירוקה, פטריות שמפניון, בצל ירוק ונבטים בקארי מלזי","price":69,"vegan":false,"vegetarian":false,"image":"https://d25t2285lxl5rf.cloudfront.net/images/dishes/b78c979f-9dab-4fa8-95c9-e9cc177f150d.jpg","notFood":false,"drinks":false},{"name":"BENG VEGI","description":"אטריות נודלס (אטריות ביצים הנעשות במקום), קוביות טופו, מיקס פטריות יער, בצל ירוק,\nכרוב לבן, גזר, נבטים סינים, בצלים מקורמלים, , בזיל,\nכוסברה, בצל ירוק, נענע, רוטב הוי סטיר, קשיו גרוס ופיצוחים אסייתיים ","price":49,"vegan":false,"vegetarian":true,"image":"https://d25t2285lxl5rf.cloudfront.net/images/dishes/99d76f89-075c-4735-985b-9b69484b13b7.jpg","notFood":false,"drinks":false},{"name":"נאם טוק אנטריקוט","description":"נתחי אנטריקוט צרובים בפלאנצ'ה, דפי אורז שבורים, פטריות פורטובלו, שימאג'י, שעועית ירוקה,\nבצל סגול, כוסברה, נענע, צ'ילי אדום ברוטב הוי סטיר ובלק סויה\n","price":69,"vegan":false,"vegetarian":false,"image":"https://d25t2285lxl5rf.cloudfront.net/images/dishes/e21c937a-e22d-4f0d-8cec-aba6f53496a8.jpg","notFood":false,"drinks":false},{"name":"סוקיאקי","description":"רצועות פרגית בסויה מתובלת צרובות במחבת לוהטת, גזר, נבטים סינים, בצל סגול, פטריות\nשמפיניון, כוסברה,\nזוקיני, ואטריות אודון , צ'יפס בצל סגול , ורוטב קארי ירוק","price":69,"vegan":false,"vegetarian":false,"image":"https://d25t2285lxl5rf.cloudfront.net/images/dishes/51709e9e-5bf4-417f-9304-031021acaabd.jpg","notFood":false,"drinks":false},{"name":"פרייד רייס","description":"קוביות פרגית מוקפצות בציר ירקות ארומטי ,אורז לבן מאודה, נטיפי ביצה כרוב לבן, גזר, נבטים\nסינים, אפונת גינה, בצל ירוק , ברוטב סויה, שמן צ'ילי, ובוטנים מלוחים (מנה פיקנטית)","price":59,"vegan":false,"vegetarian":false,"image":"https://d25t2285lxl5rf.cloudfront.net/images/dishes/bcc0b864-d5f4-47bf-be8d-67648480f8b7.jpg","notFood":false,"drinks":false},{"name":"פאד קא-פאו","description":"בשר עגל משובח קצוץ מוקפץ עם פלפל אדום שום וצ'ילי גרוס, מוגש על מצע אורז וייטנאמי\r\nמאודה, ביצת עין רכה וטבעות בצל ירוק","price":65,"vegan":false,"vegetarian":false,"image":"https://d25t2285lxl5rf.cloudfront.net/images/dishes/b96f144a-7d96-47c3-affe-c62b5425cc59.jpg","notFood":false,"drinks":false},{"name":"בקר סצ'ואן","description":"נתחי בקר מוקפצים ברוטב סצ'ואן עם חצילים בטמפורה, בצל ירוק ,פלפל אדום, בצל סגול\r\nפריך, זוקיני, צ'ילי אדום, ג׳ינג׳ר טרי, שום קריספי וצ'יפס בטטה, מוגש על אורז מאודה","price":85,"vegan":false,"vegetarian":false,"image":"https://d25t2285lxl5rf.cloudfront.net/images/dishes/f5bbe3ee-2582-45a2-8528-00f02f0accad.jpg","notFood":false,"drinks":false},{"name":"עוף לימון","description":"נתחי עוף מצופים בטמפורה פריכה, מוקפצים ברוטב לימון דבש ואננס, מוגש לצד\r\nאורז לבן, חתיכות לימון ועלי כוסברה","price":75,"vegan":false,"vegetarian":false,"image":"https://d25t2285lxl5rf.cloudfront.net/images/dishes/c00f5136-6d07-49b0-81c6-6d293d0e56bc.jpg","notFood":false,"drinks":false},{"name":"שניצל אסייתי ענק","description":"חזה עוף במעטפת פנקומסורתי, מוגש בצד עם אורז מוקפץ\\צ'יפס","price":59,"vegan":false,"vegetarian":false,"image":"https://d25t2285lxl5rf.cloudfront.net/images/dishes/3175095.jpg","notFood":false,"drinks":false},{"name":"איצ'י באן","description":"אונטריב 7 שעות בציר בקר עשיר והוי סין, מוגש בלחמניית באן שחורה, מוגש עם חסה אייסברג,\r\nכרוב לבן בתחמיץ,\r\nאיולי צ'יפוטלה","price":72,"vegan":false,"vegetarian":false,"image":"https://d25t2285lxl5rf.cloudfront.net/images/dishes/3175096.jpg","notFood":false,"drinks":false},{"name":"באן בורגר","description":"המבורגר מבשר ושומן בקר, עשוי בגריל, מוגש עם חסה אייסברג ,קרם חציל בצל בטמפורה,\nצ'יפס בטטה,\nאיולי צ'יפוטלה","price":69,"vegan":false,"vegetarian":false,"image":"https://d25t2285lxl5rf.cloudfront.net/images/dishes/3175097.jpg","notFood":false,"drinks":false},{"name":"באן טבעוני","description":"קציצה טבעונית המוגשת עם חסה סלנובה,עגבנייה,קרם חציל,קטשופ קארי, מוגש עם צ'יפס","price":69,"vegan":true,"vegetarian":true,"image":"https://d25t2285lxl5rf.cloudfront.net/images/dishes/1e76b903-4062-4236-950f-dab702e81315.jpg","notFood":false,"drinks":false},{"name":"באן פרגית אסייאתי","description":"2 יח' | סטייק פרגית במרינדה, קרם חציל אסייאתי על מצע של חסה סלנובה, דף עגבנייה, טבעות בצל טמפורה ,שבבי בטטה ואיולי ציפוטלה, מוגש עם צ'יפס טבעות\r\n\r\n","price":69,"vegan":false,"vegetarian":false,"image":"https://d25t2285lxl5rf.cloudfront.net/images/dishes/3175099.jpg","notFood":false,"drinks":false},{"name":"באן FISH","description":"באן שניצל דניס בטמפורה אסיאתי על  מצע קרם חציל חסה סלנובה טבעות בצל טמפורה ושבבי טמפורה במטבל איולי צ'יפוטלה. מוגש עם סלט ירוק","price":75,"vegan":false,"vegetarian":false,"image":"https://d25t2285lxl5rf.cloudfront.net/images/dishes/3175100.jpg","notFood":false,"drinks":false},{"name":"הום פרייז","description":"","price":29,"vegan":true,"vegetarian":true,"image":"https://d25t2285lxl5rf.cloudfront.net/images/dishes/b11d4040-ddec-406f-95b3-be4ab04e7e4c.jpg","notFood":false,"drinks":false},{"name":"גוהן","description":"אורז לבן מאודה","price":19,"vegan":true,"vegetarian":true,"image":"https://d25t2285lxl5rf.cloudfront.net/images/dishes/96fbfff6-1edf-4b3e-a045-a6597e875cdd.jpg","notFood":false,"drinks":false},{"name":"צ'יפס","description":"רצועות תפוח אדמה מטוגן","price":29,"vegan":true,"vegetarian":true,"image":"https://d25t2285lxl5rf.cloudfront.net/images/dishes/d3a84763-80b9-4e51-9391-e3cacd7ac2ae.jpg","notFood":false,"drinks":false},{"name":"92 ריינבואו רול","description":"מלפפון, קנפיו, בטטה טמפורה, אבוקדו\nבזילוף טריאקי הדרים, איולי חלפיניו ועירית קצוצה במעטפת סלמון, טונה אדומה ויילטייל \n","price":65,"vegan":false,"vegetarian":false,"image":"https://d25t2285lxl5rf.cloudfront.net/images/dishes/c0bc5bc1-3310-41f6-a438-21e6a7a945a9.jpg","notFood":false,"drinks":false},{"name":"91 סמוראי רול","description":"סלמון בטמפורה, אבוקדו, מלפפון ובצל ירוק במעטפת סלומון צרוב וקרם צ'ילי","price":59,"vegan":false,"vegetarian":false,"image":"https://d25t2285lxl5rf.cloudfront.net/images/dishes/354e9707-c6b6-4f9d-87a7-60889a93f0f5.jpg","notFood":false,"drinks":false},{"name":"93 קרייזי רול","description":"פוטומאקי בטמפורה חם, במילוי סלמון, שיטאקה, בצל ירוק, אבוקדו, אספרגוס              בזילוף טריאקי הדרים ואיולי ספייסי\n","price":55,"vegan":false,"vegetarian":false,"image":"https://d25t2285lxl5rf.cloudfront.net/images/dishes/679b72aa-585a-4e48-b0ab-65f712b4a4db.jpg","notFood":false,"drinks":false},{"name":"87 ג'אפן רול","description":"דניס חם, אבוקדו, מלפפון בצל ירוק במעטפת שבבי טמפורה, שומשום שחור בנגיעות ממרח יוזו קושו, קרם יוזו ותעורבת תבלינים אסיתיית.\n\n","price":58,"vegan":false,"vegetarian":false,"image":"https://d25t2285lxl5rf.cloudfront.net/images/dishes/b3bc411b-7370-40f7-a992-0c159085511c.jpg","notFood":false,"drinks":false},{"name":"511 קוגארשי רול","description":"טרטר ספייסי סלמון, אבוקדו טמפורה, עירית, טמאגו במעטפת טונה בהברשת טריאקי הדרים ונגיעות ממרח לימון יפני ותערובת תבלינים אסייאתית\r\n","price":69,"vegan":false,"vegetarian":false,"image":"https://d25t2285lxl5rf.cloudfront.net/images/dishes/a6249e2f-76de-472d-85fb-c5cd1a4e5323.jpg","notFood":false,"drinks":false},{"name":"512 יאנצ'י רול","description":"סלמון, בטטה, אבוקדו, אספרגוס ובצל ירוק במעטפת דניס וקרפצ'יו סלק, בזילוף איולי סלק ונבטי בזיל\r\n","price":59,"vegan":false,"vegetarian":false,"image":"https://d25t2285lxl5rf.cloudfront.net/images/dishes/24a92abd-cfad-4173-9d78-0ca41edb430d.jpg","notFood":false,"drinks":false},{"name":"513 דרגון רול","description":"דניס, בטטה טמפורה, קרפצ'יו סלק, מלפפון במעטפת אבוקודו וטונה בזילוף איולי חלפיניו ותערובת תבלינים יפנית וטריאקי הדרים\r\n","price":62,"vegan":false,"vegetarian":false,"image":"https://d25t2285lxl5rf.cloudfront.net/images/dishes/007b2b7a-d9b2-4ba8-8f2e-de7ad86f38ad.jpg","notFood":false,"drinks":false},{"name":"515 סאנסט רול","description":"בטטה טמפורה, אורוגולה, קנפיו, אבוקדו טמפורה במעטפת סלק, בטטה ואבוקדו עם שבבי סלק ובטטה בזילוף איולי סלק ועירית קצוצה\r\n","price":55,"vegan":true,"vegetarian":true,"image":"https://d25t2285lxl5rf.cloudfront.net/images/dishes/2505d32b-819c-48f9-891d-67c5aceac75f.jpg","notFood":false,"drinks":false},{"name":"מאקי דג בהרכבה","description":"דג ותוספת לבחירה","price":25,"vegan":false,"vegetarian":false,"image":"https://d25t2285lxl5rf.cloudfront.net/images/dishes/3217505.jpg","notFood":false,"drinks":false},{"name":"מאקי צמחוני בהרכבה\t","description":"2 תוספות לבחירה","price":19,"vegan":true,"vegetarian":true,"image":"https://d25t2285lxl5rf.cloudfront.net/images/dishes/3217506.jpg","notFood":false,"drinks":false},{"name":"אורמאקי דג בהרכבה","description":"דג ו-3 תוספות לבחירה","price":39,"vegan":false,"vegetarian":false,"image":"https://d25t2285lxl5rf.cloudfront.net/images/dishes/3175128.jpg","notFood":false,"drinks":false},{"name":"אורמאקי צמחוני בהרכבה","description":"4 תוספות לבחירה","price":35,"vegan":true,"vegetarian":true,"image":"https://d25t2285lxl5rf.cloudfront.net/images/dishes/3175129.jpg","notFood":false,"drinks":false},{"name":"פוטומאקי דג בהרכבה","description":"דג ו-3 תוספות לבחירה","price":41,"vegan":false,"vegetarian":false,"image":"https://d25t2285lxl5rf.cloudfront.net/images/dishes/3217507.jpg","notFood":false,"drinks":false},{"name":"פוטומאקי צמחוני בהרכבה","description":"4 תוספות לבחירה","price":37,"vegan":true,"vegetarian":true,"image":"https://d25t2285lxl5rf.cloudfront.net/images/dishes/3217508.jpg","notFood":false,"drinks":false},{"name":"סנדוויץ' דג בהרכבה","description":"דג ו-2 תוספות לבחירה","price":45,"vegan":false,"vegetarian":false,"image":"https://d25t2285lxl5rf.cloudfront.net/images/dishes/3217509.jpg","notFood":false,"drinks":false},{"name":"סנדוויץ' צמחוני בהרכבה","description":"4 תוספות לבחירה","price":43,"vegan":true,"vegetarian":true,"image":"https://d25t2285lxl5rf.cloudfront.net/images/dishes/3217510.jpg","notFood":false,"drinks":false},{"name":"122 ספייסי סלמון","description":"ספייסי סלמון, אבוקדו ובצל ירוק במעטפת שבבי טמפורה ושומשום","price":39,"vegan":false,"vegetarian":false,"image":"https://d25t2285lxl5rf.cloudfront.net/images/dishes/06efc8cd-4025-499c-a218-d5dab043917b.jpg","notFood":false,"drinks":false},{"name":"120 סלמון ואבוקדו","description":"סלמון ואבוקדו במעטפת שבבי טמפורה ושומשום","price":39,"vegan":false,"vegetarian":false,"image":"https://d25t2285lxl5rf.cloudfront.net/images/dishes/aef18249-7294-4e6d-b6e7-8ecef0156442.jpg","notFood":false,"drinks":false},{"name":"121 טונה אדומה","description":" טונה, אבוקדו ומלפפון במעטפת שבבי טמפורה ושומשום","price":42,"vegan":false,"vegetarian":false,"image":"https://d25t2285lxl5rf.cloudfront.net/images/dishes/d6de429d-829f-4996-90ad-ea781ee45b6f.jpg","notFood":false,"drinks":false},{"name":"125 וג'י רול","description":"פטריות שיטאקה, אבוקדו, בטטה בטמפורה ואספרגוס במעטפת אבוקדו ונגיעות טריאקי","price":35,"vegan":true,"vegetarian":true,"image":"https://d25t2285lxl5rf.cloudfront.net/images/dishes/2482c478-9b36-424a-8e24-707009b59d4d.jpg","notFood":false,"drinks":false},{"name":"ספייסי המאצ'י","description":"טרטר בס באיולי טוגראשי, חלפיניו קצוץ, בצל ירוק, אבוקדו בטמפורה וקנפיו במעטפת שבבי טמפורה ותערובת תבלינים יפנית\r\n","price":40,"vegan":false,"vegetarian":false,"image":"https://d25t2285lxl5rf.cloudfront.net/images/dishes/079f15d7-7028-4fb2-980a-1fbde181cead.jpg","notFood":false,"drinks":false},{"name":"123 ספייסי טונה","description":"טונה אדומה, מלפפון ואבוקדו במעטפת שבבי טמפורה ושומשום","price":42,"vegan":false,"vegetarian":false,"image":"https://d25t2285lxl5rf.cloudfront.net/images/dishes/9104464b-e687-4784-b1b5-23d26c23cc58.jpg","notFood":false,"drinks":false},{"name":"89 הוט דניס רול","description":"במילוי דניס , אבוקדו , בטטה , טמאגו , עטוף בפנקו חם בזילוף טריאקי ","price":48,"vegan":false,"vegetarian":false,"image":"https://d25t2285lxl5rf.cloudfront.net/images/dishes/7ef673d6-5992-4296-a47b-07a496090525.jpg","notFood":false,"drinks":false},{"name":"מאגורו טמפורה","description":"טונה אדומה, אספרגוס, פטריות שיטאקה ועירית בציפוי טמפורה ונגיעות טריאקי","price":49,"vegan":false,"vegetarian":false,"image":"https://d25t2285lxl5rf.cloudfront.net/images/dishes/1ab420d6-7d52-43b8-82f6-c01df2b3b883.jpg","notFood":false,"drinks":false},{"name":"מנהטן טמפורה","description":"סלמון, טונה אדומה, מלפפון, עירית ואבוקדו בציפוי טמפורה ונגיעת טריאקי","price":49,"vegan":false,"vegetarian":false,"image":"https://d25t2285lxl5rf.cloudfront.net/images/dishes/191a5c55-33d5-4ffa-a355-36960bc239bd.jpg","notFood":false,"drinks":false},{"name":"וג'י טמפורה","description":"פטריות שיטאקה, אבוקדו, בטטה בטמפורה, אספרגוס וטמאגו בציפוי טמפורה ונגיעות טריאקי","price":39,"vegan":false,"vegetarian":true,"image":"https://d25t2285lxl5rf.cloudfront.net/images/dishes/ba21955d-afa5-44fe-bc6f-4fd1028cbbda.jpg","notFood":false,"drinks":false},{"name":"סאקה טמפורה","description":"סלמון, קנפיו, בצל ירוק ואבוקדו בציפוי טמפורה עם נגיעות טריאקי","price":45,"vegan":false,"vegetarian":false,"image":"https://d25t2285lxl5rf.cloudfront.net/images/dishes/9f63a421-f905-4e01-bada-6bbc3727d889.jpg","notFood":false,"drinks":false},{"name":"300 פוטומאקי סלמון אבוקדו","description":"סלמון אבוקדו","price":40,"vegan":false,"vegetarian":false,"image":"https://d25t2285lxl5rf.cloudfront.net/images/dishes/1c136edc-1373-4206-b84c-0920a1ada7bc.jpg","notFood":false,"drinks":false},{"name":"301 פוטומאקי  טונה","description":"טונה אדומה , מלפפון , אבוקדו","price":44,"vegan":false,"vegetarian":false,"image":"https://d25t2285lxl5rf.cloudfront.net/images/dishes/156495cd-7a72-4728-a107-c51a9fc267b4.jpg","notFood":false,"drinks":false},{"name":"302 פוטומאקי ספייסי סלמון","description":"ספייסי סלמון , אבוקדו בצל ירוק","price":40,"vegan":false,"vegetarian":false,"image":"https://d25t2285lxl5rf.cloudfront.net/images/dishes/3e8f4685-6fe2-4c0d-bef8-ac7e528486f7.jpg","notFood":false,"drinks":false},{"name":"303 פוטומאקי ספייסי טונה","description":"ספייסי טונה , אבוקדו , מלפפון","price":42,"vegan":false,"vegetarian":false,"image":"https://d25t2285lxl5rf.cloudfront.net/images/dishes/7c7954de-88a0-4013-9b4c-e5bf17096824.jpg","notFood":false,"drinks":false},{"name":"305 פוטומאקי  Vג'י רול","description":"שיטאקי , אבוקדו , בטטה בטמפורה ,אספרגוס","price":37,"vegan":true,"vegetarian":true,"image":"https://d25t2285lxl5rf.cloudfront.net/images/dishes/738ac139-9b82-470f-b32e-14465c9fbe07.jpg","notFood":false,"drinks":false},{"name":"פוטומאקי דניס","description":"דניס,אבוקדו בטמפורה,בטטה בטמפורה ואורוגולה\r\n","price":42,"vegan":false,"vegetarian":false,"image":"https://d25t2285lxl5rf.cloudfront.net/images/dishes/8d757995-a3b8-4f07-8e94-0ef77a385419.jpg","notFood":false,"drinks":false},{"name":"סנדוויץ' ס.סלמון","description":"ספייסי סלמון, בצל ירוק, אבוקדו ובטטה בטמפורה עטוף בשבבי טמפורה ושמשום שחור","price":46,"vegan":false,"vegetarian":false,"image":"https://d25t2285lxl5rf.cloudfront.net/images/dishes/9df8d605-6627-4c84-910b-403490d36e76.jpg","notFood":false,"drinks":false},{"name":"סנדוויץ' ווג'י","description":"אבוקדו, טמאגו, בטטה בטמפורה ומללפון עטוף בשבבי טמפורה","price":39,"vegan":false,"vegetarian":true,"image":"https://d25t2285lxl5rf.cloudfront.net/images/dishes/db2df20a-7504-46d1-8023-a5fffd7baac8.jpg","notFood":false,"drinks":false},{"name":"סנדוויץ' סאקה","description":"סלמון, בצל ירוק, אבוקדו, מלפפון וגזר עטוף בשבבי טמפורה ושומשום שחור","price":46,"vegan":false,"vegetarian":false,"image":"https://d25t2285lxl5rf.cloudfront.net/images/dishes/de925c1b-7b3e-4b61-9f45-0e04de6a85b0.jpg","notFood":false,"drinks":false},{"name":"סנדוויץ' מאגורו","description":"טונ ה, בצל ירוק, מלפפון, אבוקדו ופטריות שיטאקה עטוף בשבבי טמפורה ושומשום שחור","price":49,"vegan":true,"vegetarian":true,"image":"https://d25t2285lxl5rf.cloudfront.net/images/dishes/d2e143b0-6526-4303-bb1c-12548b7fe473.jpg","notFood":false,"drinks":false},{"name":"סנדוויץ' ס.טונה","description":"ספייסי טונה, בצל ירוק, מלפפון ואבוקדו עטוף בשבבי טמפורה ושומשום שחור","price":47,"vegan":false,"vegetarian":false,"image":"https://d25t2285lxl5rf.cloudfront.net/images/dishes/a77c2df3-cbfc-4f4b-b792-378fbea0ffae.jpg","notFood":false,"drinks":false},{"name":"145 סנדוויץ' דואט","description":"טונה וסלמון, אבוקדו טמפורה, קרפציו בטטה,פונזו שיטאקה במעטפת שבבי סלק ועירית קצוצה, בזילוף איולי סלק \n","price":55,"vegan":false,"vegetarian":false,"image":"https://d25t2285lxl5rf.cloudfront.net/images/dishes/2d9845c3-f013-4104-8c37-b658ba97d382.jpg","notFood":false,"drinks":false},{"name":"סנדוויץ' ווג'י","description":"אבוקדו, טמאגו, בטטה וקנפיו במעטפת פנקו מטוגן וזילוף טריאקי","price":43,"vegan":false,"vegetarian":true,"image":"https://d25t2285lxl5rf.cloudfront.net/images/dishes/eed03556-ddf5-41e7-9365-10cc7b4a2c48.jpg","notFood":false,"drinks":false},{"name":"סנדוויץ' סלמון וסלמון סקין","description":"סלמון, סלמון סקין, אבוקדו, בטטה בטמפורה ואספרגוס במעטפת פנקו מטוגן בזילוף טריאקי","price":46,"vegan":false,"vegetarian":false,"image":"https://d25t2285lxl5rf.cloudfront.net/images/dishes/2338998.jpg","notFood":false,"drinks":false},{"name":"סנדוויץ' טונה אדומה","description":"","price":49,"vegan":false,"vegetarian":false,"image":"https://d25t2285lxl5rf.cloudfront.net/images/dishes/808b5fbf-06e8-4730-936c-b3c56b2df66e.jpg","notFood":false,"drinks":false},{"name":"קונוס ווג'י","description":"טמאגו, אספרגוס, בטטה בטמפורה, קנפיו ואבוקדו","price":19,"vegan":false,"vegetarian":true,"image":"https://d25t2285lxl5rf.cloudfront.net/images/dishes/064f35b0-850a-43b2-87eb-6157fd2146d4.jpg","notFood":false,"drinks":false},{"name":"קונוס ס.טונה","description":"ספייסי טונה, מלפפון ובצל ירוק","price":25,"vegan":false,"vegetarian":false,"image":"https://d25t2285lxl5rf.cloudfront.net/images/dishes/a32a5a25-c74d-499a-8022-914d871a3aa4.jpg","notFood":false,"drinks":false},{"name":"קונוס סלמון אבוקדו","description":"סלמון ואבוקדו","price":24,"vegan":false,"vegetarian":false,"image":"https://d25t2285lxl5rf.cloudfront.net/images/dishes/ba255be6-8338-43eb-84b9-56edf740e518.jpg","notFood":false,"drinks":false},{"name":"סאקה מאקי","description":"רול במילוי סלמון ואבוקדו","price":25,"vegan":false,"vegetarian":false,"image":"https://d25t2285lxl5rf.cloudfront.net/images/dishes/660e4a76-2c70-41dd-9a1d-83b30491751f.jpg","notFood":false,"drinks":false},{"name":"טאקה מאקי","description":"רול במילוי טונה אדומה ואבוקדו","price":26,"vegan":false,"vegetarian":false,"image":"https://d25t2285lxl5rf.cloudfront.net/images/dishes/142d34a0-e9d5-43bf-86fb-0858767d9957.jpg","notFood":false,"drinks":false},{"name":"אבוקדו מאקי","description":"רול במילוי אבוקדו","price":18,"vegan":true,"vegetarian":true,"image":"https://d25t2285lxl5rf.cloudfront.net/images/dishes/c578c7f1-56e7-4fc9-8f46-d48f953cb8ab.jpg","notFood":false,"drinks":false},{"name":"המאצ'י מאקי","description":"רול במילוי יילוטייל, קנפיו ואבוקדו","price":25,"vegan":false,"vegetarian":false,"image":"https://d25t2285lxl5rf.cloudfront.net/images/dishes/7dd0ec40-7cd1-4306-9ad8-2d120998385d.jpg","notFood":false,"drinks":false},{"name":"קנפיו וטמאגו מאקי","description":"רול במילוי רצועות דלעת כבושה מתקתקה וטמאגו","price":18,"vegan":false,"vegetarian":true,"image":"https://d25t2285lxl5rf.cloudfront.net/images/dishes/6a4cc39d-0dce-45ac-8447-85992c369a6b.jpg","notFood":false,"drinks":false},{"name":"ספייסי סאקה מאקי","description":"רול במילוי ספייסי סלמון ואבוקדו","price":24,"vegan":false,"vegetarian":false,"image":"https://d25t2285lxl5rf.cloudfront.net/images/dishes/697007b4-720d-45fa-b830-0a0ccf444efe.jpg","notFood":false,"drinks":false},{"name":"ספייסי טאקה מאקי","description":"","price":25,"vegan":true,"vegetarian":true,"image":"https://d25t2285lxl5rf.cloudfront.net/images/dishes/de9b0c62-6939-4cb8-942f-cf78f7f42798.jpg","notFood":false,"drinks":false},{"name":"נגירי אבוקדו","description":"אצבעות אורז במעטפת אבוקדו","price":19,"vegan":true,"vegetarian":true,"image":"https://d25t2285lxl5rf.cloudfront.net/images/dishes/64397906-36bc-458d-a2e0-624bb0ec0b57.jpg","notFood":false,"drinks":false},{"name":"ניגירי סאקה","description":"אצבעות אורז במעטפת דג סלמון טרי","price":25,"vegan":false,"vegetarian":false,"image":"https://d25t2285lxl5rf.cloudfront.net/images/dishes/bcfbcaed-76fd-42db-a11e-544f12812fc0.jpg","notFood":false,"drinks":false},{"name":"נגירי דניס","description":"","price":25,"vegan":false,"vegetarian":false,"image":"https://d25t2285lxl5rf.cloudfront.net/images/dishes/f737a6aa-c283-431a-a6a2-4890a5cce427.jpg","notFood":false,"drinks":false},{"name":"נגירי מאגורו","description":"אצבעות אורז במעטפת דג טונה טרי","price":28,"vegan":false,"vegetarian":false,"image":"https://d25t2285lxl5rf.cloudfront.net/images/dishes/3d14af8e-0b18-40b3-b21c-6cee244c52b1.jpg","notFood":false,"drinks":false},{"name":"סשימי סלמון","description":"3 יח' דג נא","price":36,"vegan":false,"vegetarian":false,"image":"https://d25t2285lxl5rf.cloudfront.net/images/dishes/e683f4e5-e352-4299-a296-52ad26c18fa9.jpg","notFood":false,"drinks":false},{"name":"סשימי דניס","description":"3 יח' דג נא","price":36,"vegan":false,"vegetarian":false,"image":"https://d25t2285lxl5rf.cloudfront.net/images/dishes/31a9bff8-34b0-414b-84d9-219d48279fed.jpg","notFood":false,"drinks":false},{"name":"סשימי טונה","description":"3 יח' דג נא","price":39,"vegan":false,"vegetarian":false,"image":"https://d25t2285lxl5rf.cloudfront.net/images/dishes/8710929c-a8e8-409e-a019-512ed2db2f8d.jpg","notFood":false,"drinks":false},{"name":"518 קומבו טוקיו (18 יח‘)","description":"I/O סלמון אבוקדו במעטפת אבוקדו, 4 יח‘ מאקי טונה, 4 יח‘ מאקי דניס,ניגרי סלק, ניגירי טמאגו\r\n","price":69,"vegan":false,"vegetarian":false,"image":"https://d25t2285lxl5rf.cloudfront.net/images/dishes/4747df98-e6d9-47e2-a43c-418d9e583369.jpg","notFood":false,"drinks":false},{"name":"517 קומבו VEGI (18 יח‘)","description":"סאנאט רול, ניגרי טמגו, ניגרי בטטה, 4 יח‘ מאקי אבוקדו, 4 יח‘ מאקי שיטאקה\r\n","price":65,"vegan":true,"vegetarian":true,"image":"https://d25t2285lxl5rf.cloudfront.net/images/dishes/50082477-f23e-44f2-ae33-65990ec01593.jpg","notFood":false,"drinks":false},{"name":"521 קומבו יו צא‘י (34 יח‘)","description":"4 יח' ריינבו, 4 יח‘ סמוראי רול, 8 יח‘ סאנסט, 4 מאקי סלמון, 4 מאקי טונה, 4 מאקי אבוקדו, 4 מאקי בטטה, 1 ניגרי סלק, 1 ניגירי בטטה\r\n","price":139,"vegan":false,"vegetarian":false,"image":"https://d25t2285lxl5rf.cloudfront.net/images/dishes/54872540-e8a5-4706-a18b-609d5acc7b47.jpg","notFood":false,"drinks":false},{"name":"טמפורה זוגית (20 יח)","description":"8 יח' סאקה טמפורה, 4 יח' מאגורו טמפורה, 4 יח' Vג'י טמפורה, \r\n 4 יח' סנדוויץ' סלמון בפנאקו.\r\n\r\n4 יח' סנדוויץ' סלמון בפנאקו.\r\n","price":118,"vegan":false,"vegetarian":false,"image":"https://d25t2285lxl5rf.cloudfront.net/images/dishes/ece3c8dd-57b6-449a-a1a5-ac2aa9a37012.jpg","notFood":false,"drinks":false},{"name":"520 קומבו טנגו (18 יח‘)","description":"4 יח‘ I/O טונה,אבוקדו 4 יח‘I\\O  סלמון אבוקדו, ניגרי סלמון צרוב עם טרטר אבוקדו, ניגרי טונה עגול  בהברשהתשל טריאקי הדרים ותערובת תבילנים יפנית, 4 יח דניס מלפפון  I/O, 4 יח‘ ווגי רול\n","price":95,"vegan":false,"vegetarian":false,"image":"https://d25t2285lxl5rf.cloudfront.net/images/dishes/5e1925db-3b7c-49db-a35b-b5c1d95ff3e7.jpg","notFood":false,"drinks":false},{"name":"519 קומבו סאקה ספיישל (19 יח‘)","description":"1 ניגרי סלמון עגול, 1 ניגרי סלמון צרוב, 8 יח‘ מאקי סלמון, 8 יח‘ סמוראי: 4 יח‘ מעטפת אבוקדו, פרח סשימי סלמון\r\n","price":105,"vegan":false,"vegetarian":false,"image":"https://d25t2285lxl5rf.cloudfront.net/images/dishes/20aa9648-483f-45c5-a6ea-3af4a104a9c4.jpg","notFood":false,"drinks":false},{"name":"522 קומבו קובנציית ניגרי (10 יח‘)","description":"1 ניגירי טונה בהברשת טריאקי, 1 סלמון צרוב בזילוף איולי ספייסי, 1 ניגרי דניס עם טרטר אבוקדו ועירית, 1 ניגירי עגול טונה עם ממרח יוזו קושו, 1ניגירי עגול סלמון עם פונזו שיטאקה, 1ניגרי עגול דניס עם טרטר אבוקדו ועירית, 1 סלק, 1 אבוקדו,1 טמאגו, 1 בטטה\r\n","price":95,"vegan":false,"vegetarian":false,"image":"https://d25t2285lxl5rf.cloudfront.net/images/dishes/68fc1686-baf1-4650-841f-e3599fac469a.jpg","notFood":false,"drinks":false},{"name":"BIG IN JAPAN","description":"48 יחידות.\r\n8 יח' הטורי פונזו | 8 יח' טטאקי סאקה | 8 יח' ריינבו | 8 יח' סאסנט רול | 4 יח' מאקי סלמון | 4 יח' מאקי אבוקדו | יח' ניגרי עגול טונה | יח' ניגירי עגול סלמון | יח' ניגרי אבוקדו | יח' ניגרי בטטה | 4 יח' דואט סנדוויץ","price":319,"vegan":false,"vegetarian":false,"image":"https://d25t2285lxl5rf.cloudfront.net/images/dishes/3849853.jpg","notFood":false,"drinks":false},{"name":"ארוחת שניצלוני עוף","description":"רצועות עוף בפנקו (פירורי לחם יפניים) מטוגנות. מוגש עם תוספת לבחירה.\r\n","price":49,"vegan":false,"vegetarian":false,"image":"https://d25t2285lxl5rf.cloudfront.net/images/dishes/105a03ba-96be-46f0-a7e5-70a8fa60b17e.jpg","notFood":false,"drinks":false},{"name":"באן צ'יקן קריספי","description":"לחמניית באן אחת ( 80 גרם) חזה עוף קריספי , מוגש לצד צ'יפס קטן","price":49,"vegan":false,"vegetarian":false,"image":"https://d25t2285lxl5rf.cloudfront.net/images/dishes/7ddb25cc-9d59-4e09-9a70-f17daf4b094d.jpg","notFood":false,"drinks":false},{"name":"דואט שוקולד וקפה","description":"","price":19,"vegan":false,"vegetarian":true,"image":"https://d25t2285lxl5rf.cloudfront.net/images/dishes/8db25307-ff06-46dc-9bc5-e5016b2ee044.jpeg","notFood":false,"drinks":false},{"name":"אוראו","description":"","price":19,"vegan":true,"vegetarian":true,"image":"https://d25t2285lxl5rf.cloudfront.net/images/dishes/0b578142-05d7-4bab-b3b3-7d5383efd990.jpeg","notFood":false,"drinks":false},{"name":"מנגו","description":"","price":19,"vegan":true,"vegetarian":true,"image":"https://d25t2285lxl5rf.cloudfront.net/images/dishes/675cb33b-3ab7-493a-8061-d896e4dffb4b.jpeg","notFood":false,"drinks":false},{"name":"ספרייט 330 מ\"ל","description":"","price":14,"vegan":true,"vegetarian":true,"image":"","notFood":false,"drinks":true},{"name":"דיאט ספרייט 330 מ\"ל","description":"","price":14,"vegan":true,"vegetarian":true,"image":"","notFood":false,"drinks":true},{"name":"פאנטה 330 מ\"ל","description":"","price":14,"vegan":true,"vegetarian":true,"image":"","notFood":false,"drinks":false},{"name":"תפוזים 330 מ\"ל","description":"","price":14,"vegan":true,"vegetarian":true,"image":"","notFood":false,"drinks":false},{"name":"ענבים 330 מ\"ל","description":"","price":14,"vegan":true,"vegetarian":true,"image":"","notFood":false,"drinks":true},{"name":"לימונענע 330 מ\"ל","description":"","price":14,"vegan":true,"vegetarian":true,"image":"","notFood":false,"drinks":false},{"name":"פיוז טי אפרסק 330 מ\"ל","description":"","price":14,"vegan":true,"vegetarian":true,"image":"","notFood":false,"drinks":false},{"name":"מים מינרלים אישי","description":"","price":12,"vegan":true,"vegetarian":true,"image":"","notFood":false,"drinks":false},{"name":"סודה זכוכית אישי","description":"","price":12,"vegan":true,"vegetarian":true,"image":"","notFood":false,"drinks":true},{"name":"קוקה קולה זירו 330 מ\"ל","description":"","price":14,"vegan":true,"vegetarian":true,"image":"","notFood":false,"drinks":true}]}