{"track_id":"21179","filters":["patisserie","veganFood","glutenFree"],"image":"https://tenbis-static.azureedge.net/restaurant-default-card-image/CuzineType_confectionery_05.jpg","address":"אריק איינשטין, 4 אור יהודה","location":[34.8606946,32.0210755],"name":"ברדברי","city":"אור יהודה","priceAverage":43.15625,"menu":[{"name":"כריך בלקני טבעוני","description":" ממרח פסטו, גבינה בנוסח פטה,  חצילים קלויים, חסה, מלפפון ועגבניה. מוגש עם סלט אישי .","price":42,"vegan":false,"vegetarian":true,"notFood":false,"drinks":false},{"name":"כריך אנטיפסטי טבעוני","description":"ממרח עגבניות מיובשות, פלפל קלוי, חציל קלוי, בטטה אפויה, חסה עגבניה ומלפפון. מוגש עם סלט אישי.","price":42,"vegan":true,"vegetarian":true,"notFood":false,"drinks":false},{"name":"כריך שווארמה טבעונית","description":"שווארמה טבעונית מוקפצת עם פטריות ובצל בתוספת טחינה ירקות וחמוצים מוגש בליווי סלט אישי","price":42,"vegan":false,"vegetarian":false,"notFood":false,"drinks":false},{"name":"לזניה עגבניות טבעונית","description":"רוטב עגבניות, שום, בזיליקום, שמן זית, גבינת קשיו מבית עדיקא","price":48,"vegan":false,"vegetarian":true,"notFood":false,"drinks":false},{"name":"לזניה בטטה טבעונית","description":"רוטב עגבניות, שום, בזיליקום, שמן זית, בטטה טריה, גבינת קשיו מבית עדיקא","price":48,"vegan":false,"vegetarian":true,"notFood":false,"drinks":false},{"name":"לזניה חצילים טבעונית","description":"רוטב עגבניות, שום, בזיליקום, שמן זית, חצילים קלויים גבינת קשיו גבינשיו מבית עדיקא","price":48,"vegan":false,"vegetarian":true,"notFood":false,"drinks":false},{"name":"שקשוקה בלקנית טבעונית","description":"תבשיל עגבניות פיקנטי, חצילים קלויים וגבינה בסגנון פטה. מוגש עם סלט אישי, טחינה ולחם הבית","price":48,"vegan":false,"vegetarian":true,"notFood":false,"drinks":false},{"name":"רביולי ארטישוק טבעוני","description":"מוגש ברוטב לבחירה ","price":45,"vegan":true,"vegetarian":true,"notFood":false,"drinks":false},{"name":"פסטה אלפרדו טבעוני","description":"רוטב \"שמנת\" על בסיס קשיו , שום טרי ופטריות טריות","price":45,"vegan":false,"vegetarian":true,"notFood":false,"drinks":false},{"name":"פסטה פומודורו טבעוני","description":"רוטב עגבניות ביתי, שום טרי, בזיליקום ושמן זית","price":40,"vegan":true,"vegetarian":true,"notFood":false,"drinks":false},{"name":"פסטה רוזה טבעוני","description":"פסטה ברוטב עגבניות וקרם קשיו, שום שמן זית ובזיליקום מוגש עם גבינת פרמז'ן טבעונית","price":42,"vegan":false,"vegetarian":true,"notFood":false,"drinks":false},{"name":"פסטה מלנזנה טבעוני","description":"פסטה ברוטב עגבניות פיקנטי, חצילים שום שמן זית ובזיליקום מוגש עם גבינת פרמז'ן טבעונית","price":40,"vegan":false,"vegetarian":true,"notFood":false,"drinks":false},{"name":"פסטה סלסה ארטישוק טבעוני","description":"מוקפץ עם ארטישוק טרי, שום, שמן זית, זיתי קלמטה, מעט רוטב עגבניות ובזיליקום ","price":45,"vegan":true,"vegetarian":true,"notFood":false,"drinks":false},{"name":"פיצה טבעונית","description":"פיצה אפויה על לבנים, רוטב עגבניות וגבינת קשיו, גבינשיו מבית עדיקא\nניתן להוסיף שתי תוספות ","price":38,"vegan":false,"vegetarian":true,"notFood":false,"drinks":false},{"name":"סלט בלקני טבעוני","description":"חסה, מלפפון, עגבניה, פלפל אדום, בצל אדום, זיתי קלמטה,  קרוטונים וגבינה בסגנון פטה, מתובל בשמן זית וזעתר","price":42,"vegan":false,"vegetarian":true,"notFood":false,"drinks":false},{"name":"סלט קינואה טבעוני","description":"חסה, מלפפון, עגבניה, גזר, פטריות, אגוזי מלך, פטרוזיליה, קינואה, בטטה אפויה וסלק אדום","price":45,"vegan":true,"vegetarian":true,"notFood":false,"drinks":false},{"name":"סלט פטריות מוקפצות טבעוני","description":"בצל ופטריות מוקפצות , על מצע של חסה, עגבניה, מלפפון, גזר,בתוספת של גבינה טבעונית בסגנון פטה.","price":48,"vegan":false,"vegetarian":true,"notFood":false,"drinks":false},{"name":"פסטה בולונז טבעוני","description":"פסטה ברוטב עגבניות, שבבי סויה בתיבול עגבניות, שום שמן זית ובזיליקום מוגש עם גבינת פרמז'ן טבעונית ","price":45,"vegan":false,"vegetarian":true,"notFood":false,"drinks":false},{"name":"שווארמה טבעונית בצלחת","description":"שווארמה טבעונית בתוספת סלט אישי טחינה וחמוצים","price":48,"vegan":false,"vegetarian":false,"notFood":false,"drinks":false},{"name":"סלט בלקני","description":"חסה, עגבנייה, מלפפון, זיתי קלמטה, בצל, פלפל אדום, קרטונים וגבינה בולגרית גלילית, מתובל בשמן זית וזעתר                                       ","price":42,"vegan":false,"vegetarian":true,"image":"https://d25t2285lxl5rf.cloudfront.net/images/dishes/72794e5c-2aeb-4369-9bb6-227483b1d677.jpg","notFood":false,"drinks":false},{"name":"סלט טונה","description":"חסה, עגבנייה, מלפפון, מלפפון חמוץ, פלפל אדום, בצל, טונה בשמן וביצה קשה ","price":42,"vegan":false,"vegetarian":false,"image":"https://d25t2285lxl5rf.cloudfront.net/images/dishes/5a87bd5e-72dc-45eb-b428-182c2a2c309b.jpg","notFood":false,"drinks":false},{"name":"סלט קינואה","description":"חסה, מלפפון, עגבנייה, בטטה, קינואה לבנה,פטרוזיליה, גזר, אגוזי מלך, פטריות וסלק ","price":45,"vegan":true,"vegetarian":true,"image":"https://d25t2285lxl5rf.cloudfront.net/images/dishes/698cff5f-c153-4571-80bd-4df935dd6807.jpg","notFood":false,"drinks":false},{"name":"סלט ערבי קצוץ דק","description":"חסה, עגבנייה, מלפפון, גזר, בצל ופטרוזיליה, מתובל בשמן זית מלח ולימון ","price":42,"vegan":true,"vegetarian":true,"image":"https://d25t2285lxl5rf.cloudfront.net/images/dishes/ce3cd7ab-42ba-4a18-b135-3df783331140.jpg","notFood":false,"drinks":false},{"name":"סלט בטטה","description":"חסה, עגבנייה, מלפפון, בטטה אפויה, גזר, פלפל אדום, פטרוזיליה, שומשום קלוי וגבינה צפתית (5%)","price":42,"vegan":false,"vegetarian":true,"image":"https://d25t2285lxl5rf.cloudfront.net/images/dishes/126bea88-192b-470d-8461-9644ffb5a893.jpg","notFood":false,"drinks":false},{"name":"סלט חלומי","description":"גבינת חלומי מוקפצת עם פטריות שמפיניון, על מצע חסה, מלפפון, עגבניות, גזר מגורד ואגוזי מלך קלויים","price":48,"vegan":false,"vegetarian":true,"image":"https://d25t2285lxl5rf.cloudfront.net/images/dishes/302da865-54b4-44c9-8061-63da367d0560.jpg","notFood":false,"drinks":false},{"name":"סלט פטריות מוקפצות","description":"פטריות שמפיניון מוקפצות עם בצל, שום ושמן זית על מצע חסה, עגבנייה, מלפפון, גזר ופטרוזיליה בתוספת גבינת בולגרית גלילית מגורדת ושומשום קלוי ","price":48,"vegan":false,"vegetarian":true,"image":"https://d25t2285lxl5rf.cloudfront.net/images/dishes/05944cc7-fd10-4b3a-971e-786653ab2c8a.jpg","notFood":false,"drinks":false},{"name":"סלט פרובאנס","description":"חסה, מלפפון, גזר, פטריות, עגבניות, פלפל אדום אגוזי מלך קלויים, קרוטונים  וגבינת עיזים                          ","price":48,"vegan":false,"vegetarian":true,"image":"https://d25t2285lxl5rf.cloudfront.net/images/dishes/db03b88e-f012-4e2b-9ec4-3dc61e6a55d1.jpg","notFood":false,"drinks":false},{"name":"חדש ! סלט הבית-ארטישוק","description":"נתחי ארטישוק, בטטה אפויה מוקפצים בשמן זית שום ובזיליקום על מצע של חסה, גזר, עגבניות ומלפפון בתוספת של גבינה צפתית (5%)","price":48,"vegan":false,"vegetarian":true,"image":"https://d25t2285lxl5rf.cloudfront.net/images/dishes/cd0c4037-6168-4fd3-ace0-53238dc5ed38.jpg","notFood":false,"drinks":false},{"name":"סלט שווארמה טבעוני","description":"נתחי סויה מוקפצים עם בצל ופטריות על מצע של חסה, מלפפון, גזר עגבניות ופטרוזיליה (סלט קצוץ)","price":48,"vegan":false,"vegetarian":false,"notFood":false,"drinks":false},{"name":"כריך חביתה","description":"סוג החביתה לבחירה, גבינת שמנת, עגבניות, חסה, מלפפון טרי ומלפפון חמוץ ","price":42,"vegan":false,"vegetarian":true,"image":"https://d25t2285lxl5rf.cloudfront.net/images/dishes/0c1a7cda-55a8-4355-81d4-c10f7bca5120.jpg","notFood":false,"drinks":false},{"name":"כריך סביח","description":"חציל אפוי, ביצה קשה, אריסה ביתית, טחינה,  פטרוזיליה, מלפפון חמוץ, חסה ועגבנייה ","price":42,"vegan":false,"vegetarian":true,"image":"https://d25t2285lxl5rf.cloudfront.net/images/dishes/3dab2e8b-a649-477c-8d6a-8edf3ecabb33.jpg","notFood":false,"drinks":false},{"name":"כריך סלט טונה","description":"טונה במיונז, ביצה קשה, מלפפון חמוץ, ממרח לימוני, מלפפון, חסה ועגבנייה ","price":42,"vegan":false,"vegetarian":false,"image":"https://d25t2285lxl5rf.cloudfront.net/images/dishes/9030a68e-2cde-4679-afda-4db280678013.jpg","notFood":false,"drinks":false},{"name":"כריך טונה","description":"טונה גולמית, ביצה קשה, מלפפון חמוץ, ממרח לימוני, חסה ועגבנייה  ","price":42,"vegan":false,"vegetarian":false,"image":"https://d25t2285lxl5rf.cloudfront.net/images/dishes/69731e57-27d2-4315-8856-adb11edf48f5.jpg","notFood":false,"drinks":false},{"name":"כריך טוניסאי","description":"טונה בתיבול עגבניות פיקנטי, אריסה ביתית, ביצה קשה, מלפפון חמוץ, ממרח לימוני, חסה ועגבנייה","price":42,"vegan":false,"vegetarian":false,"image":"https://d25t2285lxl5rf.cloudfront.net/images/dishes/20e4f544-8fd4-42cd-85a9-bb9a96652d1b.jpg","notFood":false,"drinks":false},{"name":"כריך בלקני","description":"- גבינה בולגרית, ממרח פסטו, חציל אפוי בתנור, חסה, מלפפון טרי ועגבניות שרי צלויות ","price":42,"vegan":false,"vegetarian":true,"image":"https://d25t2285lxl5rf.cloudfront.net/images/dishes/4610c062-a5bb-472e-b726-769723f6a200.jpg","notFood":false,"drinks":false},{"name":"כריך סלמון","description":"גבינת שמנת, בצל ירוק, עלי בייבי, חסה, מלפפון טרי ועגבנייה ","price":48,"vegan":false,"vegetarian":false,"image":"https://d25t2285lxl5rf.cloudfront.net/images/dishes/53aa20fb-eb35-4221-a39a-b26bdb7ac406.jpg","notFood":false,"drinks":false},{"name":"כריך גבינת עיזים","description":"פטה עיזים, פסטו, חסה, פלפל קלוי, ועגבניות קונפי ","price":48,"vegan":false,"vegetarian":true,"image":"https://d25t2285lxl5rf.cloudfront.net/images/dishes/594bfc0a-9674-4a46-b74c-5d999fc67cbd.jpg","notFood":false,"drinks":false},{"name":"פומודורו","description":"רוטב עגבניות ביתי, בזיליקום טרי, שום ושמן זית ","price":40,"vegan":true,"vegetarian":true,"image":"https://d25t2285lxl5rf.cloudfront.net/images/dishes/fa7be4ca-9bea-4e87-b68b-ae1b620a64eb.jpg","notFood":false,"drinks":false},{"name":"נפוליטנה","description":"רוטב עגבניות ביתי, בזיליקום טרי, חמאה, שום ושמן זית ","price":40,"vegan":true,"vegetarian":true,"image":"https://d25t2285lxl5rf.cloudfront.net/images/dishes/3e110ed9-ae1d-42c6-9fb6-b757a0f21191.jpg","notFood":false,"drinks":false},{"name":"ארביאטה","description":"רוטב עגבניות ביתי, זיתי קלמטה, צ'ילי, שום ושמן זית ","price":40,"vegan":true,"vegetarian":true,"image":"https://d25t2285lxl5rf.cloudfront.net/images/dishes/7ac20a6f-589a-4c83-a5fe-ee69904b2954.jpg","notFood":false,"drinks":false},{"name":"מלנזנה","description":"רוטב עגבניות ביתי, חציל אפוי, צ'ילי, בזיליקום טרי, שום ושמן זית ","price":40,"vegan":true,"vegetarian":true,"image":"https://d25t2285lxl5rf.cloudfront.net/images/dishes/66e8108a-49ef-4ff7-8df2-1562a74cf3f3.jpg","notFood":false,"drinks":false},{"name":"פונגי","description":"רוטב שמנת, שום טרי, פטריות טריות, פרמזן, אגוז מוסקט ויין לבן ","price":42,"vegan":false,"vegetarian":true,"image":"https://d25t2285lxl5rf.cloudfront.net/images/dishes/c39b30cc-53b8-4656-bb4d-96b33e470987.jpg","notFood":false,"drinks":false},{"name":"רוטב בטטה שמנת","description":"רוטב שמנת, שום טרי, בטטה אפויה, אגוז מוסקט ויין לבן ","price":42,"vegan":false,"vegetarian":true,"image":"https://d25t2285lxl5rf.cloudfront.net/images/dishes/c5c97289-eb42-4156-947a-9b893ce0a919.jpg","notFood":false,"drinks":false},{"name":"רוטב שמנת פסטו","description":"רוטב שמנת, שום טרי, פסטו בזיליקום, אגוז מוסקט ויין לבן ","price":42,"vegan":false,"vegetarian":true,"image":"https://d25t2285lxl5rf.cloudfront.net/images/dishes/6095d6ff-16ba-423a-8ef2-e1b85a7b6dff.jpg","notFood":false,"drinks":false},{"name":"רוזה","description":"מיקס של רוטב שמנת ורוטב עגבניות, בזיליקום, חמאה ושום טרי ","price":42,"vegan":false,"vegetarian":true,"image":"https://d25t2285lxl5rf.cloudfront.net/images/dishes/7b2ff755-1ac8-42c2-804a-5f7a68b08a49.jpg","notFood":false,"drinks":false},{"name":"פסטה טונה","description":"סלסת עגבניות, טונה, שום עשבי תיבול ושמן זית ","price":45,"vegan":false,"vegetarian":false,"image":"https://d25t2285lxl5rf.cloudfront.net/images/dishes/c4ff98ba-7f50-4928-ad52-ac3ecdd0f11e.jpg","notFood":false,"drinks":false},{"name":"אליו אוליו ארטישוק ופטריות","description":"ארטישוק מוקפץ עם שמן זית, שום ופטריות טריות בתוספת של זיתי קלמטה וסלסת עגבניות ","price":48,"vegan":true,"vegetarian":true,"image":"https://d25t2285lxl5rf.cloudfront.net/images/dishes/1555e63e-15d8-46ff-bc45-210c3b3b0b3e.jpg","notFood":false,"drinks":false},{"name":"רביולי פורמג'ו","price":45,"vegan":true,"vegetarian":true,"image":"https://d25t2285lxl5rf.cloudfront.net/images/dishes/df28d2d1-7075-4ba2-be6c-c1cf5f5de7af.jpg","notFood":false,"drinks":false},{"name":"רביולי בטטה","price":45,"vegan":true,"vegetarian":true,"image":"https://d25t2285lxl5rf.cloudfront.net/images/dishes/c3ecf306-a997-4cc6-b0d5-ad820dbbeb97.jpg","notFood":false,"drinks":false},{"name":"רביולי גבינות צאן","price":48,"vegan":true,"vegetarian":true,"image":"https://d25t2285lxl5rf.cloudfront.net/images/dishes/caa646ff-8f8d-465c-9cd7-416ada3f852d.jpg","notFood":false,"drinks":false},{"name":"רביולי ריקוטה תרד","price":45,"vegan":false,"vegetarian":true,"image":"https://d25t2285lxl5rf.cloudfront.net/images/dishes/0af9060f-106b-4db8-b684-f1cfe09adf63.jpg","notFood":false,"drinks":false},{"name":"רביולי פטריות","price":45,"vegan":true,"vegetarian":true,"notFood":false,"drinks":false},{"name":"לזנייה גבינות","description":"שכבות של עלי פסטה טרייה ברוטב עגבניות נפוליטני בתוספת של מוצרלה ומבחר גבינות","price":45,"vegan":false,"vegetarian":true,"image":"https://d25t2285lxl5rf.cloudfront.net/images/dishes/93b06f1e-c3b4-4d27-a9c8-209c61e011f1.jpg","notFood":false,"drinks":false},{"name":"לזנייה חצילים","description":"שכבות של עלי פסטה טרייה ברוטב עגבניות נפוליטני בתוספת של מוצרלה, חצילים אפויים ומבחר גבינות","price":48,"vegan":false,"vegetarian":true,"image":"https://d25t2285lxl5rf.cloudfront.net/images/dishes/1bbe8cad-19d2-4cb2-afad-faadfe7fb06c.jpg","notFood":false,"drinks":false},{"name":"לזניה בטטה","description":"שכבות של עלי פסטה טרייה ברוטב עגבניות נפוליטני בתוספת של מוצרלה,בטטה אפויה ומבחר גבינות","price":48,"vegan":false,"vegetarian":true,"image":"https://d25t2285lxl5rf.cloudfront.net/images/dishes/ef910723-55b3-47c0-b69d-058499f5ddc0.jpg","notFood":false,"drinks":false},{"name":"קיש אישי + סלט","description":"סוג הקיש לבחירה, מוגש בליווי סלט אישי ","price":48,"vegan":true,"vegetarian":true,"image":"https://d25t2285lxl5rf.cloudfront.net/images/dishes/99f75874-6212-4940-a1f4-bf379856ba0d.jpg","notFood":false,"drinks":false},{"name":"פיצה ללא גלוטן + שתי תוספות לבחיר","price":42,"vegan":false,"vegetarian":true,"notFood":false,"drinks":false},{"name":"קיש ללא גלוטן+ סלט אישי","price":55,"vegan":true,"vegetarian":true,"notFood":false,"drinks":false},{"name":"פסטה ללא גלוטן","price":45,"vegan":true,"vegetarian":true,"notFood":false,"drinks":false},{"name":"לזניית גבינות ללא גלוטן + סלט אישי","price":55,"vegan":true,"vegetarian":true,"notFood":false,"drinks":false},{"name":"כריך בלקני ללא גלוטן (מגיע בשתי לחמניות) בתוספת סלט אישי","description":"ממרח פסטו, גבינה בולגרית גלילית, חציל אפוי, חסה עגבנייה ומלפפון טרי","price":45,"vegan":false,"vegetarian":true,"notFood":false,"drinks":false},{"name":"כריך חביתה ללא גלוטן (מגיע בשתי לחמניות ) בתוספת סלט אישי","description":"גבינת שמנת, (חביתה לבחירה), חסה, מלפפון, עגבנייה ומלפפון חמוץ","price":45,"vegan":false,"vegetarian":true,"notFood":false,"drinks":false},{"name":"כריך סלט טונה ללא גלוטן (מגיע בשתי לחמניות) בתוספת סלט אישי","description":"טונה במיונז, ביצה קשה, מלפפון חמוץ, חסה , מלפפון ועגבנייה","price":45,"vegan":false,"vegetarian":false,"notFood":false,"drinks":false},{"name":"פיצה","description":"פיצה בקוטר 30 ס\"מ. אפויה בתנור לבנים.\r\nמוגשת עם תוספת לבחירה.","price":38,"vegan":false,"vegetarian":true,"notFood":false,"drinks":false},{"name":"שקשוקה קלאסית","description":"תבשיל עגבניות פיקנטי (שתי ביצים) המוגש עם סלט ירקות בתוספת טחינה וחלית הבית","price":45,"vegan":false,"vegetarian":true,"notFood":false,"drinks":false},{"name":"שקשוקה בלקנית","description":"תבשיל עגבניות פיקנטי (שתי ביצים), בתוספת גבינת פטה הבית המוגש עם סלט אישי, חלית הבית ורוטב טחינה","price":48,"vegan":false,"vegetarian":true,"notFood":false,"drinks":false},{"name":"מים מינרלים","price":7,"vegan":true,"vegetarian":true,"notFood":false,"drinks":false},{"name":"פחית קוקה קולה","price":9,"vegan":true,"vegetarian":true,"notFood":false,"drinks":true},{"name":"פחית קוקה קולה זירו","price":9,"vegan":true,"vegetarian":true,"notFood":false,"drinks":true},{"name":"פחית ספרייט","price":9,"vegan":true,"vegetarian":true,"notFood":false,"drinks":true},{"name":"פחית פאנטה","price":9,"vegan":true,"vegetarian":true,"notFood":false,"drinks":false},{"name":"סודה","price":8,"vegan":true,"vegetarian":true,"notFood":false,"drinks":true},{"name":"בירה שחורה","price":10,"vegan":true,"vegetarian":true,"notFood":false,"drinks":true},{"name":"מים בטעמים - אפרסק","price":10,"vegan":true,"vegetarian":true,"notFood":false,"drinks":false},{"name":"מים בטעמים - ענבים","price":10,"vegan":true,"vegetarian":true,"notFood":false,"drinks":true},{"name":"מים בטעמים - תפוח","price":10,"vegan":true,"vegetarian":true,"notFood":false,"drinks":false},{"name":"פיוז תה בטעם אפרסק","price":10,"vegan":true,"vegetarian":true,"notFood":false,"drinks":false},{"name":"מאפים מתוקים במשקל - בהזמנה מראש","description":"1 ק\"ג ","price":45,"vegan":true,"vegetarian":true,"image":"https://d25t2285lxl5rf.cloudfront.net/images/dishes/9b4cd3df-b571-4727-bf1d-328f8a9c4649.jpg","notFood":false,"drinks":false},{"name":"בורקסים במשקל - בהזמנה מראש","description":"1 ק\"ג ","price":45,"vegan":true,"vegetarian":true,"image":"https://d25t2285lxl5rf.cloudfront.net/images/dishes/54931ec4-4316-4869-8536-599246aefe2e.jpg","notFood":false,"drinks":false},{"name":"עוגיות חמאה מתוקות 250 ג\"ר","price":38,"vegan":true,"vegetarian":true,"image":"https://d25t2285lxl5rf.cloudfront.net/images/dishes/348da715-87c2-491e-bd33-5d6c063636e0.jpg","notFood":false,"drinks":false},{"name":"עוגה בחושה חלבית תפוז","price":48,"vegan":false,"vegetarian":true,"image":"https://d25t2285lxl5rf.cloudfront.net/images/dishes/d7b71b4f-f809-4e5e-9697-6c10d96253af.jpg","notFood":false,"drinks":false},{"name":"מקרון","description":"יחידה","price":6,"vegan":true,"vegetarian":true,"image":"https://d25t2285lxl5rf.cloudfront.net/images/dishes/d2c7a0d5-4a65-4bce-8149-452694170576.jpg","notFood":false,"drinks":false},{"name":"טרפלס שוקולד חלבי","price":4,"vegan":false,"vegetarian":true,"image":"https://d25t2285lxl5rf.cloudfront.net/images/dishes/91ede94b-e954-431b-9f18-10519a0bfb00.jpg","notFood":false,"drinks":false},{"name":"עוגת מוס חלבית גדולה","description":"24/26 (ס\"מ) ","price":175,"vegan":false,"vegetarian":true,"image":"https://d25t2285lxl5rf.cloudfront.net/images/dishes/4cd89b6a-d2a5-4257-a4e7-c84e92857c55.jpg","notFood":false,"drinks":false},{"name":"עוגת מוס חלבית בינונית","description":"22 ס\"מ","price":159,"vegan":false,"vegetarian":true,"image":"https://d25t2285lxl5rf.cloudfront.net/images/dishes/a44e19dc-2a50-4550-a064-eca348230234.jpg","notFood":false,"drinks":false},{"name":"עוגת מוס חלבית קטנה","description":"19/20 (ס\"מ) ","price":125,"vegan":false,"vegetarian":true,"image":"https://d25t2285lxl5rf.cloudfront.net/images/dishes/315c067c-ca7a-49e7-a83d-e92b8309e3e1.jpg","notFood":false,"drinks":false},{"name":"עוגות מוס חלביות אישיות","price":25,"vegan":false,"vegetarian":true,"image":"https://d25t2285lxl5rf.cloudfront.net/images/dishes/bb4c859d-c4b3-45d8-a05e-5f3fa8249e95.jpg","notFood":false,"drinks":false},{"name":"עוגת פס מוס","price":68,"vegan":true,"vegetarian":true,"image":"https://d25t2285lxl5rf.cloudfront.net/images/dishes/802832ae-c80b-43f4-8a1b-df921f7dfab9.jpg","notFood":false,"drinks":false},{"name":"עוגת גבינה בפס","price":65,"vegan":false,"vegetarian":true,"image":"https://d25t2285lxl5rf.cloudfront.net/images/dishes/8e4bf163-d5fe-4912-8967-05856892e31c.jpg","notFood":false,"drinks":false},{"name":"עוגת שמרים חלבית - שוקולד","price":45,"vegan":false,"vegetarian":true,"notFood":false,"drinks":false},{"name":"עוגת שמרים חלבית - ריקוטה","price":45,"vegan":false,"vegetarian":true,"notFood":false,"drinks":false},{"name":"עוגה בחושה חלבית שוקולד בורלה","price":48,"vegan":false,"vegetarian":true,"notFood":false,"drinks":false},{"name":"עוגה בחושה חלבית תפוז שוקולד","price":48,"vegan":false,"vegetarian":true,"notFood":false,"drinks":false},{"name":"עוגה בחושה חלבית גזר","price":48,"vegan":false,"vegetarian":true,"notFood":false,"drinks":false},{"name":"לחם שאור (לבחירה מרשימה)","price":20,"vegan":true,"vegetarian":true,"notFood":false,"drinks":false},{"name":"עוגיות ללא גלוטן- ייצור ע","description":"מבחר עוגיות ללא גלוטן- ייצור עצמי !!!","price":42,"vegan":true,"vegetarian":true,"notFood":false,"drinks":false}]}