{"track_id":"21193","filters":["pasta","meatGrill","asianFusion"],"image":"https://tenbis-static.azureedge.net/restaurant-card-image/ResCard_21193_20220405120625.jpg","address":"שדרות יוסף לישנסקי, 27 ראשון לציון","location":[34.767137,31.99495259999999],"name":"נאפיס ראשון מערב","city":"אזור","priceAverage":40.88461538461539,"menu":[{"name":"המנה הבוכרית","description":"שיפוד פרגית וקבב מזרחי על מצע אושפלו, שקדים קלויים וירקות בגריל","price":66,"vegan":false,"vegetarian":false,"image":"https://d25t2285lxl5rf.cloudfront.net/images/dishes/c8372828-0a58-47b6-9b9b-f7b7611dfdae.jpg","notFood":false,"drinks":false},{"name":"נאפיס צהובה בולגרית","description":"נאפיס במילוי גבינה צהובה ובולגרית, מוגש עם רסק עגבניות","price":38,"vegan":false,"vegetarian":true,"image":"https://d25t2285lxl5rf.cloudfront.net/images/dishes/d8e352e1-a28e-4106-8331-fe0645d43dac.jpg","notFood":false,"drinks":false},{"name":"סטייק פרגית","description":"סטייק פרגיות על מצע בצל מטוגן","price":60,"vegan":false,"vegetarian":false,"image":"https://d25t2285lxl5rf.cloudfront.net/images/dishes/75b74600-4426-4800-8a10-84747349ebb5.jpg","notFood":false,"drinks":false},{"name":"פרגית נפאל","description":"נתחי פרגית במרינדת סויה וסילאן מוקפצים עם פטריות, בצל, נבטים ואווז מעושן ברוטב נפאל עם בוטנים ובצל ירוק. מוגש לצד אורז לבן","price":56,"vegan":false,"vegetarian":false,"image":"https://d25t2285lxl5rf.cloudfront.net/images/dishes/12cab11f-7a9e-4c47-b309-db741a1f0151.jpg","notFood":false,"drinks":false},{"name":"בקר סצ'ואן","description":"נתחי בקר מוקפצים עם פטריות, בצל, בצל ירוק ופלפלים ברוטב סצ'ואן מוגש עם אורז לבן","price":56,"vegan":false,"vegetarian":false,"image":"https://d25t2285lxl5rf.cloudfront.net/images/dishes/149d1a8c-ef13-40e9-ab55-af21b05e3770.jpg","notFood":false,"drinks":false},{"name":"אורז לבן","description":"","price":14,"vegan":true,"vegetarian":true,"image":"https://d25t2285lxl5rf.cloudfront.net/images/dishes/812dc8de-e296-4bb3-ba5b-391156bf012f.jpg","notFood":false,"drinks":false},{"name":"כריך אנטריקוט","description":"רצועות אנטריקוט דקות מוקפצות עם בצל בג'בטה פריכה עם רוטב איולי, חסה קצוצה ומלפפון חמוץ.\nמוגש עם וופל צ'יפס וסלט קולסלאו","price":64,"vegan":false,"vegetarian":false,"image":"https://d25t2285lxl5rf.cloudfront.net/images/dishes/c41d359c-52db-41ea-bc8a-8ec2aea34757.jpg","notFood":false,"drinks":false},{"name":"צ'יז בורגר","description":"המבורגר 200 גרם עם גבינת צ'דר טבעונית\nאיולי, חסה, עגבניה, בצל סגול ומלפפון חמוץ\nמוגש עם צ'יפס וקולסלאו","price":64,"vegan":false,"vegetarian":false,"image":"https://d25t2285lxl5rf.cloudfront.net/images/dishes/49b94fed-fa44-422b-b5cf-c3c8cfb1056a.jpg","notFood":false,"drinks":false},{"name":"סרירצ'ה 320","description":"320 גרם המבורגר בתוך לחמניה אדומה עם רוטב איולי סרירצ'ה וכדורי פירה","price":64,"vegan":false,"vegetarian":false,"image":"https://d25t2285lxl5rf.cloudfront.net/images/dishes/20d3cc80-2a97-40dc-8264-10e3fc4ff038.jpg","notFood":false,"drinks":false},{"name":"סרירצ'ה 160","description":"160 גרם המבורגר בתוך לחמניה אדומה עם רוטב איולי סרירצ'ה וכדורי פירה","price":60,"vegan":false,"vegetarian":false,"image":"https://d25t2285lxl5rf.cloudfront.net/images/dishes/586a9bdc-45b9-429a-979c-e5b7fbf13ec7.jpg","notFood":false,"drinks":false},{"name":"המבורגר קצבים","description":"המבורגר עשוי מנתחים מובחרים, מוגש עם פרוסות אווז מעושן פריך מעל, איולי טריאקי וירקות, מוגש עם תוספת לבחירה","price":64,"vegan":false,"vegetarian":false,"image":"https://d25t2285lxl5rf.cloudfront.net/images/dishes/3bce40ba-0288-4c77-9f0b-3e13219df32c.jpg","notFood":false,"drinks":false},{"name":"דאבל ניו יורק","description":"2 יחידות המבורגר, טבעות בצל ותוספת לבחירה מוגש לצד רוטב פלפלים פיקנטי","price":66,"vegan":false,"vegetarian":false,"image":"https://d25t2285lxl5rf.cloudfront.net/images/dishes/a78ebc76-717d-4e9b-a603-57a18d0cbc94.jpg","notFood":false,"drinks":false},{"name":"המבורגר אסאדו","description":"200 גרם המבורגר מנתח אסאדו ופרוסות קורנביף מעל (60 גרם) ותוספת לבחירה. מוגש לצד רוטב איולי חרדל וריבת בצל","price":64,"vegan":false,"vegetarian":false,"image":"https://d25t2285lxl5rf.cloudfront.net/images/dishes/f1822788-dd7c-4c71-b4f3-029bf0250e6d.jpg","notFood":false,"drinks":false},{"name":"מיני בורגרים","description":"שלישיית בורגרים - בקר, מזרחי וכבש, עם צ'ילי מיונז, מוגש עם תוספת לבחירה","price":66,"vegan":false,"vegetarian":false,"image":"https://d25t2285lxl5rf.cloudfront.net/images/dishes/f57dce59-d900-493b-bcc3-0a008f2c89ec.jpg","notFood":false,"drinks":false},{"name":"המבורגר 160","description":"","price":40,"vegan":false,"vegetarian":false,"image":"https://d25t2285lxl5rf.cloudfront.net/images/dishes/448d163b-d3d2-4a6d-b60f-66dd6ac8fed6.jpg","notFood":false,"drinks":false},{"name":"המבורגר 200","description":"המבורגר בקר 200 גרם","price":45,"vegan":false,"vegetarian":false,"image":"https://d25t2285lxl5rf.cloudfront.net/images/dishes/8ce2031a-40bb-4dd6-8b92-47be34c97107.jpg","notFood":false,"drinks":false},{"name":"המבורגר  טבעוני","description":"המבורגר עסיסי על בסיס פטריות מוגש עם רוטב טריאקי וירקות בצל פריך , ציפס וחמוצים.\n","price":60,"vegan":false,"vegetarian":false,"image":"https://d25t2285lxl5rf.cloudfront.net/images/dishes/bc8a1bfc-cd4e-4717-aec6-142ab9c379cf.jpg","notFood":false,"drinks":false},{"name":"קריספי צ'יקן","description":"חזה עוף בציפוי טמפורה פריך מוגש בלחמניית המבורגר עם צ'ילי מיונז, חסה, עגבניה, בצל, איולי שום.","price":50,"vegan":false,"vegetarian":false,"image":"https://d25t2285lxl5rf.cloudfront.net/images/dishes/a3d8d4a6-22f6-4d09-a2ec-7f8f7e9c41cd.jpg","notFood":false,"drinks":false},{"name":"כריך קורנביף חם","description":"צ'ילי מיונז, חסה, עגבניה, בצל, מלפפון חמוץ., 120 גרם קורנביף\t","price":62,"vegan":false,"vegetarian":true,"image":"https://d25t2285lxl5rf.cloudfront.net/images/dishes/c3b198d4-c19f-4d3a-880f-bb64c8670cf6.jpg","notFood":false,"drinks":false},{"name":"המבורגר ברוקלין","description":"אננס, צ'ילי מיונז, עגבניה, בצל, חסה, טריאקי, בצל ירוק, צ'ילי מתוק.","price":64,"vegan":false,"vegetarian":false,"image":"https://d25t2285lxl5rf.cloudfront.net/images/dishes/f357d38f-d5b6-40a7-8350-929801ca65fd.jpg","notFood":false,"drinks":false},{"name":"המבורגר אנטריקוט","description":"200 גרם המבורגר אנטריקוט מובחר עם חסה, מלפפון חמוץ, בצל, עגבניה, איולי שום. מוגש עם תוספת לבחירה","price":66,"vegan":false,"vegetarian":false,"image":"https://d25t2285lxl5rf.cloudfront.net/images/dishes/d8125ef3-34ba-4e56-a920-ad8e2922fee1.jpg","notFood":false,"drinks":false},{"name":"תוספת לחמניית המבורגר","description":"","price":5,"vegan":true,"vegetarian":true,"image":"https://d25t2285lxl5rf.cloudfront.net/images/dishes/60eeaea1-c6ca-4cdc-9062-705dad41f6ad.jpg","notFood":false,"drinks":false},{"name":"המבורגר טבעוני","description":"המבורגר עסיסי על בסיס פטריות מוגש עם רוטב טריאקי וירקות , בצל פריך ציפס וחמוצים","price":52,"vegan":true,"vegetarian":true,"image":"","notFood":false,"drinks":false},{"name":"פרגית נפאל","description":"נתחי פרגית במרינדת סויה וסילאן מוקפצים עם פטריות, בצל, נבטים ואווז מעושן ברוטב נפאל עם בוטנים ובצל ירוק. מוגש לצד אורז לבן","price":56,"vegan":false,"vegetarian":false,"image":"https://d25t2285lxl5rf.cloudfront.net/images/dishes/12cab11f-7a9e-4c47-b309-db741a1f0151.jpg","notFood":false,"drinks":false},{"name":"טמפורה","description":"רצועות עוף בטמפורה עם כדורי פירה, פרוסות בטטה, גמבה ובצל, ברוטב צ'ילי מוגש עם אורז לבן","price":58,"vegan":false,"vegetarian":false,"image":"https://d25t2285lxl5rf.cloudfront.net/images/dishes/0c458ee5-8b58-492b-b874-f7a8b2350d89.jpg","notFood":false,"drinks":false},{"name":"פרגית בקארי","description":"נתחי פרגית ברוטב קארי עם חלב קוקוס, מוקפץ עם אפונה, בזיליקום, בצל סגול ונענע. מוגש לצד אורז לבן. ניתן להזמין עם טופו","price":56,"vegan":false,"vegetarian":false,"image":"https://d25t2285lxl5rf.cloudfront.net/images/dishes/4a56e158-ca1c-4684-9808-0d73260a811e.jpg","notFood":false,"drinks":false},{"name":"פרייד רייס סלמון","description":"נתחי סלמון מוקפצים עם אורז, ברוטב קארי אדום, חלב קוקוס,אפונה, שעועית ירוקה ובצל ירוק","price":58,"vegan":false,"vegetarian":false,"image":"https://d25t2285lxl5rf.cloudfront.net/images/dishes/472b91cc-d803-44e1-86b1-968fa8b59b27.jpg","notFood":false,"drinks":false},{"name":"בקר סצ'ואן","description":"נתחי בקר מוקפצים עם פטריות, בצל, בצל ירוק ופלפלים ברוטב סצ'ואן מוגש עם אורז לבן","price":56,"vegan":false,"vegetarian":false,"image":"https://d25t2285lxl5rf.cloudfront.net/images/dishes/149d1a8c-ef13-40e9-ab55-af21b05e3770.jpg","notFood":false,"drinks":false},{"name":"קארי טופו","description":"נתחי טופו ברוטב קארי עם חלב קוקוס, מוקפץ עם אפונה, בזיליקום, בצל סגול ונענע. מוגש לצד אורז לבן","price":54,"vegan":true,"vegetarian":true,"image":"https://d25t2285lxl5rf.cloudfront.net/images/dishes/5145b0f4-d0c9-4d85-a2d5-b22d2fb6f6a8.jpg","notFood":false,"drinks":false},{"name":"נודלס","description":"אטריות מוקפצות עם גמבה, בצל, פטריות, כוסברה, בוטנים ובצל ירוק","price":52,"vegan":true,"vegetarian":true,"image":"https://d25t2285lxl5rf.cloudfront.net/images/dishes/9a9dcbe0-9934-401f-b3ec-86a85c0c522d.jpg","notFood":false,"drinks":false},{"name":"פאד תאי","description":"אטריות אורז מוקפצות עם ביצים (ניתן בלי) עם כרוב, גזר, נבטים, שום, כוסברה, בצל ירוק ובוטנים","price":52,"vegan":false,"vegetarian":true,"image":"https://d25t2285lxl5rf.cloudfront.net/images/dishes/ac3bddb9-1746-4e7e-84cb-46ef6106bf0d.jpg","notFood":false,"drinks":false},{"name":"אסייתי מוקפץ","description":"רצועות עוף מוקפצות עם פטריות, פלפלים ובצל. עם כוסברה ובוטנים מוגש לצד אורז לבן. ניתן להזמין עם נתחי סויה פרו","price":54,"vegan":false,"vegetarian":false,"image":"https://d25t2285lxl5rf.cloudfront.net/images/dishes/00bcb36b-2d65-422b-8ef4-bf6e0b50c300.jpg","notFood":false,"drinks":false},{"name":"שקשוקה","description":"מוגש עם סלט ולחם לבחירה","price":56,"vegan":true,"vegetarian":true,"image":"https://d25t2285lxl5rf.cloudfront.net/images/dishes/0fac10c6-99cd-4d8a-a79b-7ac71d466589.jpg","notFood":false,"drinks":false},{"name":"שקשוקה ים תיכונית","description":"שקשוקה עגבניות עם שתי ביצים, גבינה בולגרית, חצילים ובזיליקום טרי, מוגש עם סלט ולחם לבחירה","price":60,"vegan":false,"vegetarian":true,"image":"https://d25t2285lxl5rf.cloudfront.net/images/dishes/ec47e5aa-7682-4e10-b9e6-d32d1b02187b.jpg","notFood":false,"drinks":false},{"name":"שקשוקה תרד","description":"שקשוקה תרד ברוטב שמנת פטריות גבינת מוצרלה ושתי ביצים, מוגש עם סלט ולחם לבחירה","price":58,"vegan":false,"vegetarian":true,"image":"https://d25t2285lxl5rf.cloudfront.net/images/dishes/fca6d780-f4da-4980-a588-7da9c8b9a7c1.jpg","notFood":false,"drinks":false},{"name":"מקלות שום","description":"נפוליטנה","price":16,"vegan":true,"vegetarian":true,"image":"https://d25t2285lxl5rf.cloudfront.net/images/dishes/e5570bf4-67b6-4cea-a679-f8797202dd3c.jpg","notFood":false,"drinks":false},{"name":"לחם מחמצת לבן","description":"","price":10,"vegan":true,"vegetarian":true,"image":"https://d25t2285lxl5rf.cloudfront.net/images/dishes/e6d40366-77e7-4f13-bfcc-ecbf2a469a2c.jpg","notFood":false,"drinks":false},{"name":"לחם מחמצת דגנים","description":"","price":10,"vegan":false,"vegetarian":false,"image":"https://d25t2285lxl5rf.cloudfront.net/images/dishes/440d912b-f2d6-46c5-83d9-738dbaaa5933.jpg","notFood":false,"drinks":false},{"name":"גבטה","description":"","price":8,"vegan":true,"vegetarian":true,"image":"https://d25t2285lxl5rf.cloudfront.net/images/dishes/554038d8-fd0a-40d9-8d59-6541658d5ba8.jpg","notFood":false,"drinks":false},{"name":"חציל קלוי","description":"עם טחינה רוטב צ'ימיצ'ורי וגרגירי חומוס","price":32,"vegan":true,"vegetarian":true,"image":"https://d25t2285lxl5rf.cloudfront.net/images/dishes/17fdcf41-63e5-4c38-8f38-419516902176.jpg","notFood":false,"drinks":false},{"name":"פטריות חמות","description":"","price":28,"vegan":true,"vegetarian":true,"image":"https://d25t2285lxl5rf.cloudfront.net/images/dishes/5783b65c-3995-4680-8d6e-d05cb7307d3b.jpg","notFood":false,"drinks":false},{"name":"צלחת חריפה","description":"תבשיל עגבניות, פלפל חריף ותטבילה","price":18,"vegan":true,"vegetarian":true,"image":"https://d25t2285lxl5rf.cloudfront.net/images/dishes/7480f36b-4a65-482f-81d9-ada6a3af729e.jpg","notFood":false,"drinks":false},{"name":"סלט ירקות גדול","description":"סלט עגבניה ומלפפון","price":24,"vegan":true,"vegetarian":true,"image":"https://d25t2285lxl5rf.cloudfront.net/images/dishes/5dcdde61-e9e8-4a54-8fca-aff3835f56b5.jpg","notFood":false,"drinks":false},{"name":"סלט ירקות קטן","description":"סלט עגבניה ומלפפון","price":20,"vegan":true,"vegetarian":true,"image":"https://d25t2285lxl5rf.cloudfront.net/images/dishes/23d09d4b-c474-4c2d-9800-f3627aca5cb3.jpg","notFood":false,"drinks":false},{"name":"סלט ערבי גדול","description":"עגבנייה,מלפפון,בצל,פטרוזיליה וחסה. מתובל בשמן זית ולימון","price":24,"vegan":true,"vegetarian":true,"image":"https://d25t2285lxl5rf.cloudfront.net/images/dishes/5bfbbebf-a26a-40c7-855d-393ce63e4380.jpg","notFood":false,"drinks":false},{"name":"סלט ערבי קטן","description":"עגבנייה,מלפפון,בצל,פטרוזיליה וחסה. מתובל בשמן זית ולימון","price":20,"vegan":true,"vegetarian":true,"image":"https://d25t2285lxl5rf.cloudfront.net/images/dishes/9197755d-04d8-4452-905b-6bbeeb97d520.jpg","notFood":false,"drinks":false},{"name":"טחינה","description":"","price":22,"vegan":true,"vegetarian":true,"image":"https://d25t2285lxl5rf.cloudfront.net/images/dishes/94e15634-6a4d-48c1-a245-ae8950159e5e.jpg","notFood":false,"drinks":false},{"name":"סלט קולסלאו","description":"","price":20,"vegan":true,"vegetarian":true,"image":"https://d25t2285lxl5rf.cloudfront.net/images/dishes/3426a882-f929-459c-9111-3defd6dc7cb7.jpg","notFood":false,"drinks":false},{"name":"חצילים במיונז","description":"","price":22,"vegan":false,"vegetarian":true,"image":"https://d25t2285lxl5rf.cloudfront.net/images/dishes/62584697-3eda-48ac-a043-8bca0ad06f2c.jpg","notFood":false,"drinks":false},{"name":"מקלות שום","description":"","price":18,"vegan":true,"vegetarian":true,"image":"https://d25t2285lxl5rf.cloudfront.net/images/dishes/5397f1d5-f300-4685-b81a-3dfac3337e45.jpg","notFood":false,"drinks":false},{"name":"סלט ירוק אישי","description":"","price":18,"vegan":true,"vegetarian":true,"image":"https://d25t2285lxl5rf.cloudfront.net/images/dishes/2c04a1ab-4d2c-43e2-96d7-24c46eb20ae7.jpg","notFood":false,"drinks":false},{"name":"חמוצים","description":"","price":8,"vegan":true,"vegetarian":true,"image":"https://d25t2285lxl5rf.cloudfront.net/images/dishes/f74337ab-9a85-4e0d-a38d-09f4c7d1a5d0.jpg","notFood":false,"drinks":false},{"name":"חלת ירקות  בטמפורה","description":"גזר, בצל, נבטים בטמפורה ברוטב טריאקי וספייסי מיונז","price":38,"vegan":false,"vegetarian":true,"image":"https://d25t2285lxl5rf.cloudfront.net/images/dishes/2421163d-ee2f-4b10-8f2d-58bef8e3c85a.jpg","notFood":false,"drinks":false},{"name":"כדור פלפל","description":"","price":2,"vegan":true,"vegetarian":true,"image":"https://d25t2285lxl5rf.cloudfront.net/images/dishes/ed22a274-06cf-4d26-80be-a26900a745fa.jpg","notFood":false,"drinks":false},{"name":"פלאפל טחינה","description":"8 כדורי פלאפל בתוספת טחינה.","price":28,"vegan":true,"vegetarian":true,"image":"https://d25t2285lxl5rf.cloudfront.net/images/dishes/1456739d-8beb-4b62-aefc-daf4557ad401.jpg","notFood":false,"drinks":false},{"name":"חומוס נקי","description":"","price":28,"vegan":true,"vegetarian":true,"image":"https://d25t2285lxl5rf.cloudfront.net/images/dishes/7ea041b5-01cd-4092-9885-945bd03bcf42.jpg","notFood":false,"drinks":false},{"name":"חומוס פלאפל","description":"","price":32,"vegan":true,"vegetarian":true,"image":"https://d25t2285lxl5rf.cloudfront.net/images/dishes/a1c40334-142b-412f-82ca-961ac8c0de8d.jpg","notFood":false,"drinks":false},{"name":"חומוס פטריות","description":"","price":32,"vegan":true,"vegetarian":true,"image":"https://d25t2285lxl5rf.cloudfront.net/images/dishes/fa3e4963-0097-4271-8041-4b8926fa31d7.jpg","notFood":false,"drinks":false},{"name":"חומוס בשר","description":"","price":36,"vegan":false,"vegetarian":false,"image":"https://d25t2285lxl5rf.cloudfront.net/images/dishes/9a8967ae-a71f-446a-b376-49f9313537df.jpg","notFood":false,"drinks":false},{"name":"חמשוקה","description":"","price":38,"vegan":true,"vegetarian":true,"image":"https://d25t2285lxl5rf.cloudfront.net/images/dishes/7b206c46-0c39-40c6-954f-63ea6c80ba77.jpg","notFood":false,"drinks":false},{"name":"כנפיים בחמאת בוטנים קטן","description":"כנפיים בצילי וחמאת בוטנים, מוגש עם בוטנים מעל.\r\n( 8 יח' )","price":26,"vegan":false,"vegetarian":false,"image":"https://d25t2285lxl5rf.cloudfront.net/images/dishes/60ca200b-a703-4000-a909-1dd9459151e3.jpg","notFood":false,"drinks":false},{"name":"פטריות בטמפורה","description":"פטריות בציפוי טמפורה מוגש עם איולי טריאקי","price":30,"vegan":true,"vegetarian":true,"image":"https://d25t2285lxl5rf.cloudfront.net/images/dishes/0e7c0cbd-868a-405f-9215-fb5883296fa7.jpg","notFood":false,"drinks":false},{"name":"כרובית מטוגנת","description":"כרובית מטוגנת במעטפת פירורי לחם עם רוטב איולי","price":32,"vegan":true,"vegetarian":true,"image":"https://d25t2285lxl5rf.cloudfront.net/images/dishes/429e28e1-a168-456c-b7d3-307d440714dd.jpg","notFood":false,"drinks":false},{"name":"טבעות בצל וכדורי פירה","description":"מוגש עם צ'ילי וצ'ילי מיונז\r\n\r\n","price":32,"vegan":false,"vegetarian":true,"image":"https://d25t2285lxl5rf.cloudfront.net/images/dishes/234bd70e-51db-4841-9b5d-3e4019ae7f1a.jpg","notFood":false,"drinks":false},{"name":"חציל קלוי","description":"עם טחינה רוטב צ'ימיצ'ורי וגרגירי חומוס. התוספות בTA מגיעות בנפרד","price":32,"vegan":true,"vegetarian":true,"image":"https://d25t2285lxl5rf.cloudfront.net/images/dishes/a04c2455-21b4-403a-8f91-5cfd4034be59.jpg","notFood":false,"drinks":false},{"name":"הום פרייז","description":"תפו\"א מטוגנים, מוקפצים בצ'ילי מתוק עם פלפלים ובצל","price":30,"vegan":true,"vegetarian":true,"image":"https://d25t2285lxl5rf.cloudfront.net/images/dishes/fdc51c23-59e5-487b-8009-81ff0b164050.jpg","notFood":false,"drinks":false},{"name":"צ'יפס גדול","description":"","price":28,"vegan":true,"vegetarian":true,"image":"https://d25t2285lxl5rf.cloudfront.net/images/dishes/2470ac60-923e-4ac7-be06-aec6750c587c.jpg","notFood":false,"drinks":false},{"name":"ציפס בטטה","description":"","price":28,"vegan":true,"vegetarian":true,"image":"https://d25t2285lxl5rf.cloudfront.net/images/dishes/6ec2dbd7-335e-49f2-9dd0-d91909031ead.jpg","notFood":false,"drinks":false},{"name":"צלחת חריפה","description":"תבשיל עגבניות, פלפל חריף ותטבילה","price":18,"vegan":true,"vegetarian":true,"image":"https://d25t2285lxl5rf.cloudfront.net/images/dishes/37fa4f37-fc9a-46bc-9f3c-13e0b20955d1.jpg","notFood":false,"drinks":false},{"name":"מקלות שום","description":"","price":16,"vegan":true,"vegetarian":true,"image":"https://d25t2285lxl5rf.cloudfront.net/images/dishes/f9f2e19a-9f82-4ff7-a844-a5dd2254fc95.jpg","notFood":false,"drinks":false},{"name":"חלת ירקות בטמפורה","description":"גזר,בצל, נבטים בטמפורה ברוטב טריאקי וספיסיי מיונז\r\n","price":38,"vegan":false,"vegetarian":true,"image":"https://d25t2285lxl5rf.cloudfront.net/images/dishes/5fa5dba4-1986-4486-93df-ee9c5a45cd87.jpg","notFood":false,"drinks":false},{"name":"קוביות חלומי","description":"מוגש עם צ'ילי מיונז\r\n","price":28,"vegan":false,"vegetarian":true,"image":"https://d25t2285lxl5rf.cloudfront.net/images/dishes/a8c793d0-5087-4dcf-b091-851d394d674f.jpg","notFood":false,"drinks":false},{"name":"מרק שעועית","description":"","price":28,"vegan":true,"vegetarian":true,"image":"https://d25t2285lxl5rf.cloudfront.net/images/dishes/6daba9e1-3bfc-451d-ab7d-4a4bdef03825.jpg","notFood":false,"drinks":false},{"name":"מרק שעועית ובשר","description":"","price":40,"vegan":false,"vegetarian":false,"image":"https://d25t2285lxl5rf.cloudfront.net/images/dishes/9cefdccf-5458-421d-b35b-e70a329f2cc7.jpg","notFood":false,"drinks":false},{"name":"מרק בשר","description":"","price":40,"vegan":false,"vegetarian":false,"image":"https://d25t2285lxl5rf.cloudfront.net/images/dishes/bd9eedb4-5434-4ee3-b90c-bf2277cdcabd.jpg","notFood":false,"drinks":false},{"name":"מרק רגל","description":"","price":40,"vegan":true,"vegetarian":true,"image":"https://d25t2285lxl5rf.cloudfront.net/images/dishes/f9a486bf-8669-40f9-9713-d2031695d250.jpg","notFood":false,"drinks":false},{"name":"מרק עדשים","description":"","price":28,"vegan":true,"vegetarian":true,"image":"https://d25t2285lxl5rf.cloudfront.net/images/dishes/5336bdec-9275-4c44-9f15-080b18b071c0.jpg","notFood":false,"drinks":false},{"name":"מרק שעועית ורגל","description":"","price":40,"vegan":true,"vegetarian":true,"image":"https://d25t2285lxl5rf.cloudfront.net/images/dishes/3d0429e2-1b1f-41dc-ac77-eb396c4f54ed.jpg","notFood":false,"drinks":false},{"name":"סלט טונה","description":"חסה, ירקות, תירס, ביצה קשה, בצל, זיתים, פלפלים וסלט טונה מתובל","price":50,"vegan":false,"vegetarian":false,"image":"https://d25t2285lxl5rf.cloudfront.net/images/dishes/65735d1e-5f09-4bd7-8025-d4adc1ba3fa7.jpg","notFood":false,"drinks":false},{"name":"סלט יווני","description":"חסה, ירקות, גבינה בולגרית, בצל זיתים, פלפלים וזעתר","price":50,"vegan":false,"vegetarian":true,"image":"https://d25t2285lxl5rf.cloudfront.net/images/dishes/496edf06-c648-4a3a-b1e9-bd532324497c.jpg","notFood":false,"drinks":false},{"name":"סלט חלומי","description":"חסה, עגבניות שרי, בצל סגול, גזר, גמבה ונבטים ברוטב ויניגרט הדרים עם גבינת חלומי בציפוי פריך ובטטה קריפסי מעל","price":50,"vegan":false,"vegetarian":true,"image":"https://d25t2285lxl5rf.cloudfront.net/images/dishes/8caa1c15-3696-4d59-ba91-58fa8a2a960d.jpg","notFood":false,"drinks":false},{"name":"סלט ירוק","description":"חסה, עגבניות שרי, מלפפון, צנוניות, ויניגרט הדרים, קרוטונים ובטטה קריפסי","price":30,"vegan":true,"vegetarian":true,"image":"https://d25t2285lxl5rf.cloudfront.net/images/dishes/fb23d3cf-fb60-4b09-a038-d6c69502063c.jpg","notFood":false,"drinks":false},{"name":"מקלות שום","description":"מוגש לצד רוטב נפוליטנה\r\n","price":16,"vegan":true,"vegetarian":true,"image":"https://d25t2285lxl5rf.cloudfront.net/images/dishes/4d014127-b9fc-4899-a9e5-4090b6741fce.jpg","notFood":false,"drinks":false},{"name":"סלט קיסר","description":"חסה ערבית, ברוטב קיסר וקרוטונים","price":42,"vegan":true,"vegetarian":true,"image":"https://d25t2285lxl5rf.cloudfront.net/images/dishes/bdd705bf-b98d-4851-ad86-471226ea7775.jpg","notFood":false,"drinks":false},{"name":"סלט שניצל עוף","description":"מיקס חסות, ירקות, בצל, מקלות שקדים, גזר,פלפלים, שעועית ירוקה, תפוחי אדמה זעירים, עגבניות שרי ונבטים ברוטב ויניגרט הדרים וקריפסי בטטה מעל","price":52,"vegan":false,"vegetarian":false,"image":"https://d25t2285lxl5rf.cloudfront.net/images/dishes/c2fd95b7-4eb5-4135-8a80-77c492820f97.jpg","notFood":false,"drinks":false},{"name":"רביולי בטטה","description":"","price":48,"vegan":true,"vegetarian":true,"image":"https://d25t2285lxl5rf.cloudfront.net/images/dishes/2a4250df-b238-4bf3-9d0d-52601b5a7948.jpg","notFood":false,"drinks":false},{"name":"פנה אלפרדו","description":"","price":46,"vegan":true,"vegetarian":true,"image":"https://d25t2285lxl5rf.cloudfront.net/images/dishes/10650f63-c8d8-4225-88f2-f10996ab36a3.jpg","notFood":false,"drinks":false},{"name":"פנה פסטו","description":"","price":46,"vegan":true,"vegetarian":true,"image":"https://d25t2285lxl5rf.cloudfront.net/images/dishes/4e0c67ae-7850-4cff-8855-5cbc08ce2158.jpg","notFood":false,"drinks":false},{"name":"פנה נפוליטנה","description":"","price":46,"vegan":true,"vegetarian":true,"image":"https://d25t2285lxl5rf.cloudfront.net/images/dishes/c26403c6-1caf-4332-be72-498961cfde9f.jpg","notFood":false,"drinks":false},{"name":"פנה רוזה","description":"","price":46,"vegan":true,"vegetarian":true,"image":"https://d25t2285lxl5rf.cloudfront.net/images/dishes/263b0093-037d-4cb4-8e27-4743caad3b74.jpg","notFood":false,"drinks":false},{"name":"תפוח אדמה מוקרם","description":"עם רוטב שמנת פטריות, מוגש לצד שתי תוספות לבחירה","price":48,"vegan":false,"vegetarian":true,"image":"https://d25t2285lxl5rf.cloudfront.net/images/dishes/27ad5c99-13bf-4448-8cd1-e595659fed46.jpg","notFood":false,"drinks":false},{"name":"רביולי גבינות","description":"","price":48,"vegan":true,"vegetarian":true,"image":"https://d25t2285lxl5rf.cloudfront.net/images/dishes/5a548daf-1e67-4986-899d-27bdc0c6dd72.jpg","notFood":false,"drinks":false},{"name":"פטוצ'יני אלפרדו","description":"","price":46,"vegan":true,"vegetarian":true,"image":"https://d25t2285lxl5rf.cloudfront.net/images/dishes/8ceddaad-aaea-46e1-9e77-a2613811b3fd.jpg","notFood":false,"drinks":false},{"name":"פטוצ'יני פסטו","description":"","price":46,"vegan":true,"vegetarian":true,"image":"https://d25t2285lxl5rf.cloudfront.net/images/dishes/d4b08c6b-b42c-4efe-987b-950684ea0683.jpg","notFood":false,"drinks":false},{"name":"פטוצ'יני רוזה","description":"","price":46,"vegan":true,"vegetarian":true,"image":"https://d25t2285lxl5rf.cloudfront.net/images/dishes/ed4106c9-6d81-49c2-9e68-03b8a1d3777f.jpg","notFood":false,"drinks":false},{"name":"פטוצ'יני נפוליטנה","description":"","price":46,"vegan":true,"vegetarian":true,"image":"https://d25t2285lxl5rf.cloudfront.net/images/dishes/7d7bb17b-ecd4-40df-bbdc-ad1ffa773e66.jpg","notFood":false,"drinks":false},{"name":"פיצה ביאנקה","description":"על בסיס שמנת פטריות","price":48,"vegan":false,"vegetarian":true,"image":"https://d25t2285lxl5rf.cloudfront.net/images/dishes/20940d05-1d2f-4c39-9b45-52c9e5235b60.jpg","notFood":false,"drinks":false},{"name":"פיצה פרימוורה","description":"רוטב פסטו, עגבניות שרי, פלפלים קלויים, זיתי קלמטה ושקדים","price":44,"vegan":false,"vegetarian":true,"image":"https://d25t2285lxl5rf.cloudfront.net/images/dishes/baa9413f-876b-4d4b-8840-c0680b892a22.jpg","notFood":false,"drinks":false},{"name":"פיצה איטלקית","description":"מגיע עם עלי בזיליקום","price":44,"vegan":false,"vegetarian":true,"image":"https://d25t2285lxl5rf.cloudfront.net/images/dishes/1ac5e8f3-f6b9-40fc-8db2-654f2d89878a.jpg","notFood":false,"drinks":false},{"name":"מעורב מחנה יהודה","description":"מעורב בצל, כבדים, פרגית וחזה עוף על מצע פירה עם סלט ירוקים. קישוט של צ'ילי ופטרוזיליה","price":64,"vegan":false,"vegetarian":false,"image":"https://d25t2285lxl5rf.cloudfront.net/images/dishes/10bedf36-3b30-4ba9-873d-f57867588854.jpg","notFood":false,"drinks":false},{"name":"בוצ'ר","description":"סטייק אנטריקוט, 2 קבבים ו-2 סטייק פרגית, על מצע תפו\"א","price":148,"vegan":false,"vegetarian":false,"image":"https://d25t2285lxl5rf.cloudfront.net/images/dishes/e1edafab-5cee-459c-83be-0ed2ed746936.jpg","notFood":false,"drinks":false},{"name":"סטייק אנטריקוט","description":"300 גרם סטייק אנטריקוט, מוגש לצד סלט ירוק ותוספת לבחירה","price":115,"vegan":false,"vegetarian":false,"image":"https://d25t2285lxl5rf.cloudfront.net/images/dishes/8e741bbd-2ad1-4759-b87d-282b6f998205.jpg","notFood":false,"drinks":false},{"name":"שיפודי פרגיות","description":"שני שיפודי פרגיות, מוגש עם סלט ירוק ותוספת לבחירה","price":66,"vegan":false,"vegetarian":false,"image":"https://d25t2285lxl5rf.cloudfront.net/images/dishes/d64894e6-2351-41f3-9aa8-c4bcfd795487.jpg","notFood":false,"drinks":false},{"name":"סטייק פרגית","description":"סטייק פרגיות על מצע בצל מטוגן","price":60,"vegan":false,"vegetarian":false,"image":"https://d25t2285lxl5rf.cloudfront.net/images/dishes/75b74600-4426-4800-8a10-84747349ebb5.jpg","notFood":false,"drinks":false},{"name":"אורז בשר שעועית","description":"","price":40,"vegan":false,"vegetarian":false,"image":"https://d25t2285lxl5rf.cloudfront.net/images/dishes/a8754e33-38eb-4053-b5a5-153b5f0d1a2f.jpg","notFood":false,"drinks":false},{"name":"טוסקני","description":"חזה עוף שהושרה במרינדה, בתוספת קוביות תפו\"א בצל סגול זיתי קלמטה ובזיליקום","price":60,"vegan":false,"vegetarian":false,"image":"https://d25t2285lxl5rf.cloudfront.net/images/dishes/bae7e37c-36eb-4f75-bd58-f1172cbd01c0.jpg","notFood":false,"drinks":false},{"name":"המנה הבוכרית","description":"שיפוד פרגית וקבב מזרחי על מצע אושפלו, שקדים קלויים וירקות בגריל","price":66,"vegan":false,"vegetarian":false,"image":"https://d25t2285lxl5rf.cloudfront.net/images/dishes/c8372828-0a58-47b6-9b9b-f7b7611dfdae.jpg","notFood":false,"drinks":false},{"name":"שווארמה אנטריקוט","description":"250 גרם שווארמה אנטריקוט עם בצל על מצע חומוס","price":62,"vegan":false,"vegetarian":false,"image":"https://d25t2285lxl5rf.cloudfront.net/images/dishes/982fcad8-948b-4f2d-812e-c005435f1988.jpg","notFood":false,"drinks":false},{"name":"מיקס אישי","description":"חזה עוף, קבב מזרחי, קבב כבש וכבד עוף. מוגש על מצע תפוחי אדמה אפויים","price":66,"vegan":false,"vegetarian":false,"image":"https://d25t2285lxl5rf.cloudfront.net/images/dishes/4475401d-490b-42f9-88c7-1aac5f3006e9.jpg","notFood":false,"drinks":false},{"name":"כנפיים צ'ילי","description":"כנפיים ברוטב צ'ילי על בסיס כרוב טרי","price":50,"vegan":false,"vegetarian":false,"image":"https://d25t2285lxl5rf.cloudfront.net/images/dishes/be37f686-2612-4a4e-94a4-9c9ec0fa7f32.jpg","notFood":false,"drinks":false},{"name":"כבד בגריל","description":"המנה מוגשת על מצע בצל מטוגן","price":52,"vegan":true,"vegetarian":true,"image":"https://d25t2285lxl5rf.cloudfront.net/images/dishes/13b8224c-360c-40dc-b9e9-843f0501ff64.jpg","notFood":false,"drinks":false},{"name":"כבד מטוגן","description":"המנה מוגשת על מצע בצל מטוגן","price":52,"vegan":true,"vegetarian":true,"image":"https://d25t2285lxl5rf.cloudfront.net/images/dishes/c060de48-cca2-4507-9092-fabd4e6efbc8.jpg","notFood":false,"drinks":false},{"name":"כבד על פירה","description":"כבד עוף על מצע פירה","price":60,"vegan":false,"vegetarian":false,"image":"https://d25t2285lxl5rf.cloudfront.net/images/dishes/1c057f06-3569-44d3-81e8-017ef9bc9fde.jpg","notFood":false,"drinks":false},{"name":"שניצל","description":"המנה מוגשת עם סלט ירוק ותוספת לבחירה","price":58,"vegan":false,"vegetarian":false,"image":"https://d25t2285lxl5rf.cloudfront.net/images/dishes/701b0ae1-3cdc-42d4-9fc0-17003502de37.jpg","notFood":false,"drinks":false},{"name":"שניצלונים","description":"המנה מוגשת עם סלט ירוק ותוספת לבחירה","price":58,"vegan":false,"vegetarian":false,"image":"https://d25t2285lxl5rf.cloudfront.net/images/dishes/28a1e15e-94e9-4ed0-a816-1406284c6a05.jpg","notFood":false,"drinks":false},{"name":"קבב מזרחי","description":"המנה מוגשת על מצע בצל מטוגן","price":54,"vegan":false,"vegetarian":false,"image":"https://d25t2285lxl5rf.cloudfront.net/images/dishes/7209bbcb-ec04-49f2-9b2d-f0846501c480.jpg","notFood":false,"drinks":false},{"name":"חזה עוף","description":"המנה מוגשת על מצע בצל מטוגן","price":54,"vegan":false,"vegetarian":false,"image":"https://d25t2285lxl5rf.cloudfront.net/images/dishes/9ed54a3b-1411-4cf8-9c8f-a44af672ad7d.jpg","notFood":false,"drinks":false},{"name":"כנפיים בגריל","description":"המנה מוגשת על מצע בצל מטוגן","price":50,"vegan":false,"vegetarian":false,"image":"https://d25t2285lxl5rf.cloudfront.net/images/dishes/4f00b365-882c-4cc5-aea7-924342d068cb.jpg","notFood":false,"drinks":false},{"name":"כנפיים בחמאת בוטנים גדול","description":"שש-עשרה יחידות כנפיים בצילי וחמאת בוטנים, מוגש עם בוטנים מעל","price":44,"vegan":false,"vegetarian":false,"image":"https://d25t2285lxl5rf.cloudfront.net/images/dishes/d69a4413-29f3-42ab-bb1b-c953750cea1c.jpg","notFood":false,"drinks":false},{"name":"שווארמה טבעונית","description":"נתחי סויה פרו עם בצל ופטריות על מצע חומוס","price":58,"vegan":false,"vegetarian":false,"image":"https://d25t2285lxl5rf.cloudfront.net/images/dishes/7ad69e29-d854-4e86-8e24-a0d309a9077c.jpg","notFood":false,"drinks":false},{"name":"פילה סלמון","description":"ברוטב טריאקי עם בוטנים על מצע פירה תפו\"א בתופסת סלט ירוק","price":68,"vegan":false,"vegetarian":false,"image":"https://d25t2285lxl5rf.cloudfront.net/images/dishes/5e0c010e-6a2d-433e-812f-d5ca4b6ef05e.jpg","notFood":false,"drinks":false},{"name":"פיש&צ'יפס","description":"נתחי דג קוד בציפוי פריך עם צ'יפס בטטה ורוטב איולי. (ניתן להחליף את התוספת צ'יפס בטטה לתוספת אחרת)","price":58,"vegan":false,"vegetarian":false,"image":"https://d25t2285lxl5rf.cloudfront.net/images/dishes/3a7886c0-9291-4bd9-9e04-9406ac661a80.jpg","notFood":false,"drinks":false},{"name":"קרואסון סלמון","description":"קרואסון חמאה פריך עם סלמון מעושן, גבינת שמנת, בצל ירוק ונבטי אפונה. מוגש עם סלט","price":46,"vegan":false,"vegetarian":false,"image":"https://d25t2285lxl5rf.cloudfront.net/images/dishes/3e0d9374-e1fc-4527-9682-b6d2e6f35b93.jpg","notFood":false,"drinks":false},{"name":"פרייד רייס סלומון","description":"נתחי סלמון מוקפצים עם אורז, ברוטב קארי אדום, חלב קוקוס,אפונה, שעועית ירוקה ובצל ירוק","price":58,"vegan":false,"vegetarian":false,"image":"https://d25t2285lxl5rf.cloudfront.net/images/dishes/c797695f-dc67-4c10-b6f7-70b60e0cc3c0.jpg","notFood":false,"drinks":false},{"name":"ציפס בטטה","description":"מוגש לצד צ'ילי מיונז","price":28,"vegan":false,"vegetarian":true,"image":"https://d25t2285lxl5rf.cloudfront.net/images/dishes/847d006e-5de4-4005-83fc-f34e09930288.jpg","notFood":false,"drinks":false},{"name":"הום פרייז","description":"תפו\"א מטוגנים, מוקפצים בצ'ילי מתוק עם פלפלים ובצל","price":30,"vegan":true,"vegetarian":true,"image":"https://d25t2285lxl5rf.cloudfront.net/images/dishes/14ae933b-fd11-4939-a7d6-bce552844a98.jpg","notFood":false,"drinks":false},{"name":"אורז שעועית גדול","description":"","price":24,"vegan":true,"vegetarian":true,"image":"https://d25t2285lxl5rf.cloudfront.net/images/dishes/073f8962-a8eb-4107-bc88-7ff4adec7990.jpg","notFood":false,"drinks":false},{"name":"שעועית ירוקה","description":"","price":14,"vegan":true,"vegetarian":true,"image":"https://d25t2285lxl5rf.cloudfront.net/images/dishes/5fb738f0-e3fd-4f06-85ca-b5914f682f17.jpg","notFood":false,"drinks":false},{"name":"תפו\"א בגריל","description":"","price":14,"vegan":true,"vegetarian":true,"image":"https://d25t2285lxl5rf.cloudfront.net/images/dishes/4d49a250-e988-4407-824b-8ea3fcd7dd69.jpg","notFood":false,"drinks":false},{"name":"פירה","description":"","price":14,"vegan":true,"vegetarian":true,"image":"https://d25t2285lxl5rf.cloudfront.net/images/dishes/614579b8-4886-40e8-86ac-cbcf68341e81.jpg","notFood":false,"drinks":false},{"name":"אורז לבן","description":"","price":14,"vegan":true,"vegetarian":true,"image":"https://d25t2285lxl5rf.cloudfront.net/images/dishes/812dc8de-e296-4bb3-ba5b-391156bf012f.jpg","notFood":false,"drinks":false},{"name":"תירס","description":"","price":14,"vegan":true,"vegetarian":true,"image":"https://d25t2285lxl5rf.cloudfront.net/images/dishes/c9bf5377-05d4-4166-bb94-9af3959c3a3b.jpg","notFood":false,"drinks":false},{"name":"אורז אושפלו","description":"","price":14,"vegan":true,"vegetarian":true,"image":"https://d25t2285lxl5rf.cloudfront.net/images/dishes/41d5d754-cadd-41b2-bd4b-13c6c205fda1.jpg","notFood":false,"drinks":false},{"name":"צ'יפס - גדול","description":"","price":28,"vegan":true,"vegetarian":true,"image":"https://d25t2285lxl5rf.cloudfront.net/images/dishes/b75650ab-e716-4890-beb9-68af4ff8ebd4.jpg","notFood":false,"drinks":false},{"name":"טוסט כפרי","description":"פלחי בייגל עם רוטב פיצה, גבינה צהובה וזיתים ירוקים אפויים בתנור. מוגשים עם שתי תוספות לבחירה","price":48,"vegan":false,"vegetarian":true,"image":"https://d25t2285lxl5rf.cloudfront.net/images/dishes/086916e9-ed69-4658-b8fd-9a6de003088f.jpg","notFood":false,"drinks":false},{"name":"טוסט יווני","description":"פלחי בייגל עם גבינה צהובה, בולגרית וזיתים ירוקים אפויים בתנור. מוגשים עם שתי תוספות לבחירה","price":48,"vegan":false,"vegetarian":true,"image":"https://d25t2285lxl5rf.cloudfront.net/images/dishes/65570c4c-892d-4086-897d-cffa20d4b801.jpg","notFood":false,"drinks":false},{"name":"טוסט מוקרם","description":"ג'בטה פתוחה עם רוטב אלפרדו פטריות וגבינה צהובה אפויים בתנור. מוגשים עם שתי תוספות לבחירה","price":48,"vegan":false,"vegetarian":true,"image":"https://d25t2285lxl5rf.cloudfront.net/images/dishes/7546bdeb-d282-420e-bd26-8feb1d7aa1bf.jpg","notFood":false,"drinks":false},{"name":"טוסט פטריות","description":"פלחי בייגל עם גבינה צהובה ופטריות טריות אפויים בתנור, מוגשים עם שתי תוספות לבחירה","price":48,"vegan":false,"vegetarian":true,"image":"https://d25t2285lxl5rf.cloudfront.net/images/dishes/ef513a6b-fa45-4bcd-b321-7791da2c76df.jpg","notFood":false,"drinks":false},{"name":"טוסט צהובה","description":"פלחי בייגל עם גבינה צהובה אפויים בתנור, מוגשים עם שתי תוספות לבחירה","price":46,"vegan":false,"vegetarian":true,"image":"https://d25t2285lxl5rf.cloudfront.net/images/dishes/3a9c715f-656b-4772-a4a4-c04f475ff1e2.jpg","notFood":false,"drinks":false},{"name":"באלי בולגרית","description":"במילוי גבינה בולגרית, זעתר וביצה קשה. מוגש לצד רסק עגבניות","price":34,"vegan":false,"vegetarian":true,"image":"https://d25t2285lxl5rf.cloudfront.net/images/dishes/ef4d2196-8375-4837-af35-383d4082cd59.jpg","notFood":false,"drinks":false},{"name":"באלי נאפולי","description":"מאפה במילוי רוטב נפוליטנה,גבינה צהובה וזיתים ירוקים. מוגש לצד רסק עגבניות","price":34,"vegan":false,"vegetarian":true,"image":"https://d25t2285lxl5rf.cloudfront.net/images/dishes/b4d4b399-3551-49f3-b53f-a9e8c83cd188.jpg","notFood":false,"drinks":false},{"name":"נאפיס צהובה בולגרית","description":"נאפיס במילוי גבינה צהובה ובולגרית, מוגש עם רסק עגבניות","price":38,"vegan":false,"vegetarian":true,"image":"https://d25t2285lxl5rf.cloudfront.net/images/dishes/d8e352e1-a28e-4106-8331-fe0645d43dac.jpg","notFood":false,"drinks":false},{"name":"נאפיס זיתים","description":"נאפיס במילוי גבינה צהובה וזיתים, מוגש לצד רסק עגבניות","price":38,"vegan":false,"vegetarian":true,"image":"https://d25t2285lxl5rf.cloudfront.net/images/dishes/dedd09e0-23bc-4bad-a3b2-60f85a870b9b.jpg","notFood":false,"drinks":false},{"name":"צ'וצ'ולינה","description":"מלווח עם רוטב פיצה וגבינה צהובה, מוגש עם רסק עגבניות","price":32,"vegan":false,"vegetarian":true,"image":"https://d25t2285lxl5rf.cloudfront.net/images/dishes/5cf21ae4-e9cd-4a4e-b882-49a23dfcd2d7.jpg","notFood":false,"drinks":false},{"name":"מלווח","description":"מוגש לצד רסק עגבניות","price":28,"vegan":true,"vegetarian":true,"image":"https://d25t2285lxl5rf.cloudfront.net/images/dishes/ad7bb963-b7e6-481b-8ed9-2110818a525c.jpg","notFood":false,"drinks":false},{"name":"מלווח בולגרית","description":"מוגש לצד רסק עגבניות","price":31,"vegan":false,"vegetarian":true,"image":"https://d25t2285lxl5rf.cloudfront.net/images/dishes/6f357a4e-6978-4693-819d-cfdadb0a7c11.jpg","notFood":false,"drinks":false},{"name":"מלווח בולגרית וזעתר","description":"מוגש לצד רסק עגבניות","price":31,"vegan":false,"vegetarian":true,"image":"https://d25t2285lxl5rf.cloudfront.net/images/dishes/04f52623-d428-47e4-b30a-6275535329bf.jpg","notFood":false,"drinks":false},{"name":"מלווח פטריות","description":"מוגש לצד רסק עגבניות","price":31,"vegan":true,"vegetarian":true,"image":"https://d25t2285lxl5rf.cloudfront.net/images/dishes/eface528-79db-4326-9d9b-b65530c1d92a.jpg","notFood":false,"drinks":false},{"name":"מלווח צהובה","description":"מוגש לצד רסק עגבניות","price":31,"vegan":true,"vegetarian":true,"image":"https://d25t2285lxl5rf.cloudfront.net/images/dishes/9e0b0bff-e8cc-4e32-a47f-77fdcb2f96b9.jpg","notFood":false,"drinks":false},{"name":"קרואסון סלמון","description":"קרואסון חמאה פריך עם סלמון מעושן, גבינת שמנת, בצל ירוק ונבטי אפונה. \nמוגש עם סלט .","price":46,"vegan":false,"vegetarian":false,"image":"https://d25t2285lxl5rf.cloudfront.net/images/dishes/f4cf776c-4331-41bb-88ce-7265b7cb2e0b.jpg","notFood":false,"drinks":false},{"name":"קריספי צ'קן דיל","description":"חזה עוף בציפוי טמפורה פריך מוגש בלחמניית המבורגר עם איולי צ'ילי ירקות וחמוצים,צ'ילי מיונז, חסה, עגבניה, בצל, איולי שום. מוגש עם תוספת לבחירה ושתייה","price":66,"vegan":false,"vegetarian":false,"image":"https://d25t2285lxl5rf.cloudfront.net/images/dishes/ca24279a-dd9c-425e-8c52-0c80fe932f66.jpg","notFood":false,"drinks":false},{"name":"ביג דיל 200","description":"200 גרם של המבורגר עסיסי עם תוספת לבחירה ושתייה","price":68,"vegan":false,"vegetarian":false,"image":"https://d25t2285lxl5rf.cloudfront.net/images/dishes/6561cdda-20e3-450e-b392-d97456282541.jpg","notFood":false,"drinks":false},{"name":"ביג דיל 16066","description":"160 גרם של המבורגר עסיסי, מוגש עם תוספת ושתייה לבחירה","price":64,"vegan":false,"vegetarian":false,"image":"https://d25t2285lxl5rf.cloudfront.net/images/dishes/f9d3f5f4-43f2-4fca-9977-ae8b81f2ce95.jpg","notFood":false,"drinks":false},{"name":"סטייק דיל","description":"נתחי פרגית בג'בטה. מוגש עם רוטב איולי, חסה, בצל מטוגן. מוגש עם תוספת ושתייה לבחירה","price":66,"vegan":false,"vegetarian":false,"image":"https://d25t2285lxl5rf.cloudfront.net/images/dishes/c76cca4b-6c5b-4229-8723-e319be397b1c.jpg","notFood":false,"drinks":false},{"name":"קאנטאקי דיל66","description":"כנפי עוף על מצע בצל מטוגן, מוגש עם תוספת ושתייה לבחירה","price":64,"vegan":false,"vegetarian":false,"image":"https://d25t2285lxl5rf.cloudfront.net/images/dishes/f3c1d7ac-5c53-43c1-9b9a-a2b60d34b16b.jpg","notFood":false,"drinks":false},{"name":"צ'ילי דיל","description":"כנפי עוף ברוטב צ'ילי . תוספת ושתייה לבחירה","price":66,"vegan":false,"vegetarian":false,"image":"https://d25t2285lxl5rf.cloudfront.net/images/dishes/145193d4-bdd6-417e-85f8-10fb3a51a164.jpg","notFood":false,"drinks":false},{"name":"בייבי פיש אנד צ'יפס","description":"ארבע נתחוני דג קוד בציפוי טמפורה, מוגש עם תוספת לבחירה, עגבניות שרי ושתייה קלה לבחירה","price":48,"vegan":false,"vegetarian":false,"image":"https://d25t2285lxl5rf.cloudfront.net/images/dishes/14f59b62-31d6-436a-8130-4f3ebcb69705.jpg","notFood":false,"drinks":false},{"name":"בייבי שיפודי פרגית","description":"שני שיפודוני פרגית, מוגש עם שתי תוספות ושתייה קלה לבחירה","price":50,"vegan":false,"vegetarian":false,"image":"https://d25t2285lxl5rf.cloudfront.net/images/dishes/055c586c-a1e7-42f7-8def-bf66a3592104.jpg","notFood":false,"drinks":false},{"name":"בייבי בורגר","description":"המבורגר בלחמנייה, מוגש עם שתי תוספות לבחירה ושתייה קלה","price":48,"vegan":false,"vegetarian":false,"image":"https://d25t2285lxl5rf.cloudfront.net/images/dishes/acd355ec-319e-4fcf-8e8c-34e409c9870d.jpg","notFood":false,"drinks":false},{"name":"בייבי נאגטס","description":"שבעה נגיסי עוף פריכים, מוגש עם שתי תוספות לבחירה ושתייה קלה","price":48,"vegan":false,"vegetarian":false,"image":"https://d25t2285lxl5rf.cloudfront.net/images/dishes/6e356850-145e-46e1-a9c1-1d9861b93cbe.jpg","notFood":false,"drinks":false},{"name":"בייבי שניצל","description":"ארבעה שניצלוני עוף בשומשום, מוגש עם שתי תוספות ושתייה קלה לבחירה","price":48,"vegan":false,"vegetarian":false,"image":"https://d25t2285lxl5rf.cloudfront.net/images/dishes/165c035b-894b-428a-9209-1d47c74d0618.jpg","notFood":false,"drinks":false},{"name":"בייבי פסטה","description":"ארוחת פסטה, מוגשת עם שתייה קלה","price":40,"vegan":true,"vegetarian":true,"image":"https://d25t2285lxl5rf.cloudfront.net/images/dishes/779f62c4-15e6-4bf5-affa-a7563404c5ce.jpg","notFood":false,"drinks":false},{"name":"אלפחורס שחיתות","description":"שכבות של קרם ריבת חלב ודקוואז קוקוס על מצע עוגיית אלפחורס נימוחה בציפוי קרם קרמל וקוקוס לבן.\nגנאש שוקולד לבן וחום וקרם פטיסייר","price":38,"vegan":false,"vegetarian":true,"image":"https://d25t2285lxl5rf.cloudfront.net/images/dishes/6b192b49-caec-46a6-8e1b-a92e2b68c046.jpg","notFood":false,"drinks":false},{"name":"כנאפה","description":"מוגש עם כדור גלידה וניל ופיסטוקים קצוצים\n","price":36,"vegan":true,"vegetarian":true,"image":"https://d25t2285lxl5rf.cloudfront.net/images/dishes/95b5eede-d6c6-4be5-826c-7a77d29e5e80.jpg","notFood":false,"drinks":false},{"name":"טרמיסו","description":"שכבות של ביסקוטים ספוגים באספרסו , קרם גבינת מסקרפונה וקפה","price":28,"vegan":false,"vegetarian":true,"image":"https://d25t2285lxl5rf.cloudfront.net/images/dishes/4ff12227-9580-47e4-9dd7-d47f76739153.jpg","notFood":false,"drinks":false},{"name":"פאדג' שוקולד","description":"עוגת שוקולד חמה מוגשת בליווי קצפת וכדור גלידה לבחירה. אנו ממליצים לקחת בTA עוגה קרה לחימום ביתי","price":38,"vegan":false,"vegetarian":false,"image":"https://d25t2285lxl5rf.cloudfront.net/images/dishes/3dfef20f-854c-45b7-a909-12aabc543131.jpg","notFood":false,"drinks":false},{"name":"קסטה","description":"סנדוויץ' עוגיות שוקולד במילוי גלידת וניל עם שוקולד חם ושבבי מקופלת","price":34,"vegan":false,"vegetarian":true,"image":"https://d25t2285lxl5rf.cloudfront.net/images/dishes/472324cf-35b4-4bfb-bcc2-3726d0da025d.jpg","notFood":false,"drinks":false},{"name":"קרם אוראו","description":"על מצע של בראוניז , קרם וניל ועוגיות אוראו , בציפוי גאנש שוקולד מריר ,שברי עוגיות וקליקים","price":28,"vegan":false,"vegetarian":true,"image":"https://d25t2285lxl5rf.cloudfront.net/images/dishes/4f176d09-6b69-429a-bcd3-2231ca178e09.jpg","notFood":false,"drinks":false},{"name":"וופל בלגי","description":"וופל פריך וחם עם רוטב מייפל ושוקולד, מוגש עם כדור גלידה לבחירה, שבבי מקופלת וקצפת.","price":40,"vegan":false,"vegetarian":true,"image":"https://d25t2285lxl5rf.cloudfront.net/images/dishes/a12a7226-93e9-4cfc-80ec-afc92b8b217c.jpg","notFood":false,"drinks":false},{"name":"מוס שוקולד","description":"","price":28,"vegan":false,"vegetarian":true,"image":"","notFood":false,"drinks":false},{"name":"פררלה 750 מ״ל","description":"","price":22,"vegan":true,"vegetarian":true,"image":"https://d25t2285lxl5rf.cloudfront.net/images/dishes/aa758b3e-847c-46cc-b906-88b56cca9f9c.png","notFood":false,"drinks":true},{"name":"מים מינרליים","description":"","price":12,"vegan":true,"vegetarian":true,"image":"https://d25t2285lxl5rf.cloudfront.net/images/dishes/1924e402-a352-49c5-8f77-d80502ed48c6.png","notFood":false,"drinks":true},{"name":"סודה קינלי","description":"","price":11,"vegan":true,"vegetarian":true,"image":"https://d25t2285lxl5rf.cloudfront.net/images/dishes/3e4ba75d-6efb-454a-8dba-cf828156feea.png","notFood":false,"drinks":true},{"name":"מאלטי - בירה שחורה","description":"","price":14,"vegan":true,"vegetarian":true,"image":"https://d25t2285lxl5rf.cloudfront.net/images/dishes/5b207d59-6d52-446f-9b74-12d74c75d149.png","notFood":false,"drinks":true},{"name":"ענבים","description":"","price":12,"vegan":true,"vegetarian":true,"image":"https://d25t2285lxl5rf.cloudfront.net/images/dishes/b7a704c1-a577-4390-9622-e4dc745c71e4.png","notFood":false,"drinks":true},{"name":"פיוזטי אפרסק","description":"","price":13,"vegan":true,"vegetarian":true,"image":"https://d25t2285lxl5rf.cloudfront.net/images/dishes/9d989209-5c84-4935-943b-2eed30b3c2bc.png","notFood":false,"drinks":false},{"name":"קוקה קולה","description":"","price":13,"vegan":true,"vegetarian":true,"image":"https://d25t2285lxl5rf.cloudfront.net/images/dishes/95e30344-9709-4b26-8f2c-94ef64ae769a.jpg","notFood":false,"drinks":true},{"name":"קוקה קולה זירו","description":"","price":13,"vegan":true,"vegetarian":true,"image":"https://d25t2285lxl5rf.cloudfront.net/images/dishes/9158b290-d218-44b9-8838-df2c20b33948.jpg","notFood":false,"drinks":true},{"name":"ספרייט","description":"","price":13,"vegan":true,"vegetarian":true,"image":"https://d25t2285lxl5rf.cloudfront.net/images/dishes/8094d8c3-3878-4593-a1a3-390fffeb6613.jpg","notFood":false,"drinks":true},{"name":"ספרייט זירו","description":"","price":13,"vegan":true,"vegetarian":true,"image":"https://d25t2285lxl5rf.cloudfront.net/images/dishes/fdb45187-aa56-4a9c-888d-8caca42eb800.jpg","notFood":false,"drinks":true},{"name":"פאנטה","description":"","price":13,"vegan":true,"vegetarian":true,"image":"https://d25t2285lxl5rf.cloudfront.net/images/dishes/44957b75-1698-47d7-bc33-d0ecf30ae14a.png","notFood":false,"drinks":false},{"name":"נביעות בטעמים","description":"אפרסק, ענבים, תפוח","price":13,"vegan":true,"vegetarian":true,"image":"https://d25t2285lxl5rf.cloudfront.net/images/dishes/6b5ad0a8-149f-411b-8beb-115e4af55b40.jpg","notFood":false,"drinks":true}]}