{"track_id":"21192","filters":["asianFusion","japaneseSushi"],"image":"https://tenbis-static.azureedge.net/restaurant-default-card-image/CuzineType_asian_10.jpg","address":"הדקל, 1 רמת ישי","location":[35.1725765,32.7057686],"name":"בנגקוק אקספרס","city":"יוקנעם","priceAverage":32.141843971631204,"menu":[{"name":"בטטה טמפורה קמפיו מלפפון אבוקדו","description":"בתוספת אגרול","price":48,"vegan":true,"vegetarian":true,"notFood":false,"drinks":false},{"name":"קמפיו מלפפון גזר אבוקודו","description":"בתוספת אגרול","price":48,"vegan":true,"vegetarian":true,"notFood":false,"drinks":false},{"name":"טמגו קמפיו גזר אבוקדו","description":"בתוספת אגרול","price":48,"vegan":true,"vegetarian":true,"notFood":false,"drinks":false},{"name":"סלמון אבוקדו","description":"בתוספת אגרול","price":48,"vegan":false,"vegetarian":false,"notFood":false,"drinks":false},{"name":"טונה אדומה גזר עטוף אבוקדו","price":48,"vegan":false,"vegetarian":false,"notFood":false,"drinks":false},{"name":"ספייסי סלמון אבוקדו בטטה שומשום","description":"בתוספת אגרול","price":48,"vegan":false,"vegetarian":false,"notFood":false,"drinks":false},{"name":"ספייסי טונה בטטה מלפפון","description":"בתוספת אגרול","price":48,"vegan":false,"vegetarian":false,"notFood":false,"drinks":false},{"name":"סלמון סקין מלפפון אבוקדו וספייסי מיונז","description":"בתוספת אגרול","price":48,"vegan":false,"vegetarian":false,"notFood":false,"drinks":false},{"name":"סלט טונה אבוקדו מלפון וגזר","description":"בתוספת אגרול","price":48,"vegan":false,"vegetarian":false,"notFood":false,"drinks":false},{"name":"סלמון טמפורה בטטה אבוקדו","description":"בתוספת אגרול","price":48,"vegan":false,"vegetarian":false,"notFood":false,"drinks":false},{"name":"סלמון ספיישל אבוקדו קמפיו גזר ומלפפון עטוף","description":"בתוספת אגרול","price":48,"vegan":false,"vegetarian":false,"notFood":false,"drinks":false},{"name":"צבעוני אבוקדו גזר מלפפון עטוף טונה אדומה","description":"בתוספת אגרול","price":48,"vegan":false,"vegetarian":false,"notFood":false,"drinks":false},{"name":"סלמון טונה אבוקדו מלפפון","description":"בתוספת אגרול","price":48,"vegan":false,"vegetarian":false,"notFood":false,"drinks":false},{"name":"ירקות","description":"אטריות אורז בתוספת אגרול","price":48,"vegan":true,"vegetarian":true,"image":"https://d25t2285lxl5rf.cloudfront.net/images/dishes/f2d7cf4b-1199-43b8-ad7b-ee8e5a82a9c8.jpg","notFood":false,"drinks":false},{"name":"עוף","description":"אטריות אורז בתוספת אגרול","price":48,"vegan":false,"vegetarian":false,"image":"https://d25t2285lxl5rf.cloudfront.net/images/dishes/55ccb670-e202-4b1e-a35e-3e86d517b945.jpg","notFood":false,"drinks":false},{"name":"בקר","description":"אטריות אורז בתוספת אגרול","price":48,"vegan":false,"vegetarian":false,"notFood":false,"drinks":false},{"name":"ירקות","description":"אטריות תוצרת הבית בליווי ירקות על בסיס צילי סויה מתקתק\r\nמוגש בתוספת אגרול","price":48,"vegan":true,"vegetarian":true,"image":"https://d25t2285lxl5rf.cloudfront.net/images/dishes/ca226857-0f65-4c56-a359-3b93bf846322.jpg","notFood":false,"drinks":false},{"name":"עוף","description":"אטריות תוצרת הבית בליווי ירקות על בסיס צילי סויה מתקתק\r\nמוגש בתוספת אגרול","price":48,"vegan":false,"vegetarian":false,"image":"https://d25t2285lxl5rf.cloudfront.net/images/dishes/aa747499-a8d2-40a1-8cfc-938fa88e546e.jpg","notFood":false,"drinks":false},{"name":"בקר","description":"אטריות תוצרת הבית בליווי ירקות על בסיס צילי סויה מתקתק\r\nמוגש בתוספת אגרול","price":48,"vegan":false,"vegetarian":false,"notFood":false,"drinks":false},{"name":"טופו","description":"אטריות תוצרת הבית בליווי ירקות על בסיס צילי סויה מתקתק\r\nמוגש בתוספת אגרול","price":48,"vegan":true,"vegetarian":true,"notFood":false,"drinks":false},{"name":"בקר בדבש","description":"מוגש עם אגרול ותוספת לבחירה ","price":38,"vegan":false,"vegetarian":false,"notFood":false,"drinks":false},{"name":"בקר סצואן","description":"פלפל אדום ,גזר ורטבי הבית  מוגש עם אגרול ותוספת לבחירה ","price":38,"vegan":false,"vegetarian":false,"notFood":false,"drinks":false},{"name":"בקר עם אננס","description":"מוגש עם אגרול ותוספת לבחירה ","price":38,"vegan":false,"vegetarian":false,"notFood":false,"drinks":false},{"name":"בקר ברוטב שום","description":"מוגש עם אגרול ותוספת לבחירה ","price":38,"vegan":false,"vegetarian":false,"notFood":false,"drinks":false},{"name":"בקר עם ירקות","description":"מוגש עם אגרול ותוספת לבחירה","price":38,"vegan":false,"vegetarian":false,"notFood":false,"drinks":false},{"name":"בקר פאד קפאו","description":"נתחי בשר קצוץ כוסברה גינגר שום בצל שטה גרוס וצילי חריף מוגש עם אגרול ותוספת לבחירה ","price":38,"vegan":false,"vegetarian":false,"notFood":false,"drinks":false},{"name":"בקר קארי","description":"מוגש עם אגרול ותוספת לבחירה ","price":38,"vegan":false,"vegetarian":false,"notFood":false,"drinks":false},{"name":"עוף בדבש","description":"מוגש עם אגרול ותוספת לבחירה","price":38,"vegan":false,"vegetarian":false,"notFood":false,"drinks":false},{"name":"עוף חמוץ מתוק","description":"כדורי עוף עטופים בבצק טמפורה, מוגש עם אגרול ותוספת לבחירה","price":38,"vegan":false,"vegetarian":false,"notFood":false,"drinks":false},{"name":"עוף עם אגוזים","description":"מוגש עם אגרול ותוספת לבחירה","price":38,"vegan":false,"vegetarian":false,"notFood":false,"drinks":false},{"name":"עוף סצואן","description":"פלפל אדום, גזר ורטבי הבית, מוגש עם אגרול ותוספת לבחירה","price":38,"vegan":false,"vegetarian":false,"notFood":false,"drinks":false},{"name":"עוף עם אננס","description":"מוגש עם אגרול ותוספת לבחירה","price":38,"vegan":false,"vegetarian":false,"notFood":false,"drinks":false},{"name":"עוף ברוטב שום","description":"מוגש עם אגרול ותוספת לבחירה","price":38,"vegan":false,"vegetarian":false,"notFood":false,"drinks":false},{"name":"עוף פאד קפאו","description":"נתחי בשר קצוץ,כוסברה,ג'ינג'ר,שום,בצל,שטה גרוס וצ'ילי חריף מוגש עם אגרול ותוספת לבחירה","price":38,"vegan":false,"vegetarian":false,"notFood":false,"drinks":false},{"name":"עוף עם שומשום","description":"מוגש עם אגרול ותוספת לבחירה","price":38,"vegan":false,"vegetarian":false,"notFood":false,"drinks":false},{"name":"עוף בלימון","description":"מוגש עם אגרול ותוספת לבחירה","price":38,"vegan":false,"vegetarian":false,"notFood":false,"drinks":false},{"name":"עוף בקארי","description":"מוגש עם אגרול ותוספת לבחירה","price":38,"vegan":false,"vegetarian":false,"notFood":false,"drinks":false},{"name":"מרק וון טון","description":"גזר, כרוב, בצל ירוק, פטריות וכדורי קרפעלך ","price":18,"vegan":true,"vegetarian":true,"image":"https://d25t2285lxl5rf.cloudfront.net/images/dishes/01c75604-ddc8-4474-88c4-fd9ef3178805.jpg","notFood":false,"drinks":false},{"name":"חמוץ חריף","description":"גזר, כרוב, בצל ירוק, פטריות, במבו ונטיפי ביצה ","price":18,"vegan":false,"vegetarian":true,"notFood":false,"drinks":false},{"name":"מרק תירס","description":"מרק מתקתק עם נטיפי ביצה ","price":18,"vegan":false,"vegetarian":true,"notFood":false,"drinks":false},{"name":"מרק ירקות","price":18,"vegan":true,"vegetarian":true,"notFood":false,"drinks":false},{"name":"מרק טום ים","description":"מרק תאילנדי, ירקות, למון גראס, גלננאל וכפירליים בתוספת עוף ","price":22,"vegan":false,"vegetarian":false,"notFood":false,"drinks":false},{"name":"מרק סצ'ואן","description":"פלפל אדום, גזר ורטבי הבית ","price":18,"vegan":true,"vegetarian":true,"notFood":false,"drinks":false},{"name":"מרק נודלס","description":"ירקות ואטריות תוצרת הבית ","price":22,"vegan":true,"vegetarian":true,"notFood":false,"drinks":false},{"name":"מרק מיסו","description":"עם טופו, אצות וואקמה ובצל ירוק ","price":18,"vegan":true,"vegetarian":true,"notFood":false,"drinks":false},{"name":"מרק קוקוס","description":"מרק תאילנדי עם חלב קוקוס ","price":22,"vegan":true,"vegetarian":true,"notFood":false,"drinks":false},{"name":"אגרולס במילוי ירקות","description":"תוצרת הבית ","price":18,"vegan":true,"vegetarian":true,"image":"https://d25t2285lxl5rf.cloudfront.net/images/dishes/bfce54aa-6c6a-4015-8210-a406e148a3d5.jpg","notFood":false,"drinks":false},{"name":"סלט סיני","description":"גזר, צנון חמצמץ מתקתק ","price":14,"vegan":true,"vegetarian":true,"notFood":false,"drinks":false},{"name":"אדממה","price":14,"vegan":true,"vegetarian":true,"notFood":false,"drinks":false},{"name":"חמוצים יפניים","price":14,"vegan":true,"vegetarian":true,"notFood":false,"drinks":false},{"name":"כיסונים מטוגנים ברוטב חריף (7 יח' )","price":25,"vegan":true,"vegetarian":true,"notFood":false,"drinks":false},{"name":"כיסונים מטוגנים ברוטב חמוץ מתוק (7 יח' )","price":25,"vegan":true,"vegetarian":true,"notFood":false,"drinks":false},{"name":"פלטה אסייאתית","description":"אגרול, כיסונים, עוף חמוץ מתוק, עוף בלימון , עוף שומשום ","price":70,"vegan":false,"vegetarian":false,"notFood":false,"drinks":false},{"name":"ירקות מוקפצים","description":"כרוב, פלפל, גזר, בצל, נבטים, פטריות ועוד ","price":34,"vegan":true,"vegetarian":true,"notFood":false,"drinks":false},{"name":"עוף בדבש","price":38,"vegan":false,"vegetarian":false,"notFood":false,"drinks":false},{"name":"עוף חמוץ מתוק","description":"כדורי עוף עטופים בבצק בטמפורה מוגשים עם רוטב בצד ","price":38,"vegan":false,"vegetarian":false,"notFood":false,"drinks":false},{"name":"עוף עם אגוזים","price":43,"vegan":false,"vegetarian":false,"notFood":false,"drinks":false},{"name":"עוף סצ'ואן","description":"פלפל אדום, גזר  ורטבי הבית ","price":38,"vegan":false,"vegetarian":false,"notFood":false,"drinks":false},{"name":"עוף עם אננס","price":38,"vegan":false,"vegetarian":false,"notFood":false,"drinks":false},{"name":"עוף ברוטב שום","price":38,"vegan":false,"vegetarian":false,"notFood":false,"drinks":false},{"name":"עוף פאד קפאו","description":"נתחי בשר קצוץ , כוסברה, ג'ינג'ר, שום, בצל, שאטה גרוס וצילי חריף ","price":42,"vegan":false,"vegetarian":false,"notFood":false,"drinks":false},{"name":"עוף עם שומשום","price":38,"vegan":false,"vegetarian":false,"notFood":false,"drinks":false},{"name":"עוף בלימון","price":38,"vegan":false,"vegetarian":false,"notFood":false,"drinks":false},{"name":"עוף בקארי","price":38,"vegan":false,"vegetarian":false,"notFood":false,"drinks":false},{"name":"בקר בדבש","price":44,"vegan":false,"vegetarian":false,"notFood":false,"drinks":false},{"name":"בקר סצ'ואן","description":"פלפל אדום, גזר ורטבי הבית ","price":42,"vegan":false,"vegetarian":false,"notFood":false,"drinks":false},{"name":"בקר עם אננס","price":42,"vegan":false,"vegetarian":false,"notFood":false,"drinks":false},{"name":"בקר ברוטב שום","price":42,"vegan":false,"vegetarian":false,"notFood":false,"drinks":false},{"name":"בקר עם ירקות","price":42,"vegan":false,"vegetarian":false,"notFood":false,"drinks":false},{"name":"בקר פאד קפאו","description":"נתחי בשר קצוץ, כוסברה, ג'ינג'ר, שום, בצל, שאטה גרוס וצ'ילי חריף ","price":42,"vegan":false,"vegetarian":false,"notFood":false,"drinks":false},{"name":"בקר קארי","price":42,"vegan":false,"vegetarian":false,"notFood":false,"drinks":false},{"name":"ירקות","price":30,"vegan":true,"vegetarian":true,"image":"https://d25t2285lxl5rf.cloudfront.net/images/dishes/2eb42d22-c23a-4672-b7de-5c6a9b47616a.jpg","notFood":false,"drinks":false},{"name":"עוף","price":42,"vegan":false,"vegetarian":false,"image":"https://d25t2285lxl5rf.cloudfront.net/images/dishes/9fc9758f-027f-4b8a-b873-d28dd20c9ba3.jpg","notFood":false,"drinks":false},{"name":"בקר","price":42,"vegan":false,"vegetarian":false,"notFood":false,"drinks":false},{"name":"טופו","price":34,"vegan":true,"vegetarian":true,"notFood":false,"drinks":false},{"name":"ירקות","price":30,"vegan":true,"vegetarian":true,"image":"https://d25t2285lxl5rf.cloudfront.net/images/dishes/81e09609-1cad-453e-9046-4a03141c9d8e.jpg","notFood":false,"drinks":false},{"name":"עוף","price":42,"vegan":false,"vegetarian":false,"image":"https://d25t2285lxl5rf.cloudfront.net/images/dishes/0f527626-3c87-4c74-b21d-f689fbb23e34.jpg","notFood":false,"drinks":false},{"name":"בקר","price":42,"vegan":false,"vegetarian":false,"notFood":false,"drinks":false},{"name":"אורז עם ירקות","price":29,"vegan":true,"vegetarian":true,"image":"https://d25t2285lxl5rf.cloudfront.net/images/dishes/625a55bd-f361-48b1-a338-1f008fd3cc1a.jpg","notFood":false,"drinks":false},{"name":"אורז עם ירקות ועוף","price":38,"vegan":false,"vegetarian":false,"image":"https://d25t2285lxl5rf.cloudfront.net/images/dishes/5ace6a91-d848-4f60-ba37-59470fa17a27.jpg","notFood":false,"drinks":false},{"name":"אורז לבן","price":7,"vegan":true,"vegetarian":true,"notFood":false,"drinks":false},{"name":"אורז סושי","price":10,"vegan":true,"vegetarian":true,"notFood":false,"drinks":false},{"name":"אורז מטוגן","price":12,"vegan":true,"vegetarian":true,"notFood":false,"drinks":false},{"name":"אורז עם ירקות ובקר","price":39,"vegan":false,"vegetarian":false,"notFood":false,"drinks":false},{"name":"שיפודי עוף סאטה","description":"חלב קוקוס וקארי צהוב ","price":44,"vegan":false,"vegetarian":false,"image":"https://d25t2285lxl5rf.cloudfront.net/images/dishes/41d66b1b-ab16-4772-9ee8-c68884675a92.jpg","notFood":false,"drinks":false},{"name":"בקר בדבש","price":44,"vegan":false,"vegetarian":false,"notFood":false,"drinks":false},{"name":"עוף פאד קפאו","description":"נתחי בשר קצוץ, כוסברה, ג'ינג'ר, שום, בצל, שאטה גרוס וצ'ילי חריף ","price":44,"vegan":false,"vegetarian":false,"notFood":false,"drinks":false},{"name":"סלמון","price":18,"vegan":false,"vegetarian":false,"image":"https://d25t2285lxl5rf.cloudfront.net/images/dishes/289eeee4-6799-409f-81ca-6542fbfaef83.jpg","notFood":false,"drinks":false},{"name":"טונה","price":23,"vegan":false,"vegetarian":false,"image":"https://d25t2285lxl5rf.cloudfront.net/images/dishes/62c036c5-8b8e-4a15-b7d7-f98713308804.jpg","notFood":false,"drinks":false},{"name":"דניס","price":23,"vegan":false,"vegetarian":false,"image":"https://d25t2285lxl5rf.cloudfront.net/images/dishes/15b03941-29e8-44d8-a21b-88ebbe64a2ec.jpg","notFood":false,"drinks":false},{"name":"טמאגו","price":16,"vegan":false,"vegetarian":true,"image":"https://d25t2285lxl5rf.cloudfront.net/images/dishes/57b4cc70-a7d8-4687-8345-f741363d4ebd.jpg","notFood":false,"drinks":false},{"name":"סלמון","price":30,"vegan":false,"vegetarian":false,"notFood":false,"drinks":false},{"name":"טונה","price":36,"vegan":false,"vegetarian":false,"notFood":false,"drinks":false},{"name":"דניס","price":36,"vegan":false,"vegetarian":false,"notFood":false,"drinks":false},{"name":"אבוקדו","price":16,"vegan":true,"vegetarian":true,"image":"https://d25t2285lxl5rf.cloudfront.net/images/dishes/3bf68e12-cdca-45ec-bccf-ce7f6e239a21.jpg","notFood":false,"drinks":false},{"name":"מלפפון","price":16,"vegan":true,"vegetarian":true,"image":"https://d25t2285lxl5rf.cloudfront.net/images/dishes/c43f212b-1496-4c48-a29e-d6d2d757065b.jpg","notFood":false,"drinks":false},{"name":"טמאגו","price":16,"vegan":false,"vegetarian":true,"notFood":false,"drinks":false},{"name":"שיטאקי","price":16,"vegan":true,"vegetarian":true,"notFood":false,"drinks":false},{"name":"גזר","price":16,"vegan":true,"vegetarian":true,"notFood":false,"drinks":false},{"name":"בטטה","price":16,"vegan":true,"vegetarian":true,"notFood":false,"drinks":false},{"name":"סלמון","price":21,"vegan":false,"vegetarian":false,"notFood":false,"drinks":false},{"name":"טונה אדומה","price":24,"vegan":false,"vegetarian":false,"notFood":false,"drinks":false},{"name":"דניס","price":23,"vegan":false,"vegetarian":false,"notFood":false,"drinks":false},{"name":"בטטה, טמפורה, קמפיו,מלפפון, אבוקדו","price":25,"vegan":true,"vegetarian":true,"notFood":false,"drinks":false},{"name":"טמאגו, קמפיו, גזר, עטוף באבוקדו","price":29,"vegan":false,"vegetarian":true,"notFood":false,"drinks":false},{"name":"סלמון ואבוקדו","price":33,"vegan":false,"vegetarian":false,"notFood":false,"drinks":false},{"name":"קמפיו, מלפפון, גזר ואבוקדו","price":29,"vegan":true,"vegetarian":true,"notFood":false,"drinks":false},{"name":"טונה אדומה, גזר, מלפפון עטוף באבוקדו","price":34,"vegan":false,"vegetarian":false,"notFood":false,"drinks":false},{"name":"ספייסי סלמון , אבוקדו, בטטה ושומשום","price":34,"vegan":false,"vegetarian":false,"notFood":false,"drinks":false},{"name":"ספייסי טונה, בטטה ומלפפון","price":39,"vegan":false,"vegetarian":false,"notFood":false,"drinks":false},{"name":"סלמון סקין- מלפפון, אבוקדו וספייסי מיונז","price":29,"vegan":false,"vegetarian":false,"notFood":false,"drinks":false},{"name":"סלט טונה, אבוקדו, מלפפון וגזר","price":29,"vegan":false,"vegetarian":false,"notFood":false,"drinks":false},{"name":"סלמון טמפורה, בטטה ואבוקדו","price":34,"vegan":false,"vegetarian":false,"notFood":false,"drinks":false},{"name":"סלמון ספיישל","description":"אבוקדו, קמפיו, גזר ומלפפון עטוף סלמון","price":38,"vegan":false,"vegetarian":false,"notFood":false,"drinks":false},{"name":"צבעוני","description":"אבוקדו, גזר, מלפפון, עטוף טונה אדומה ","price":41,"vegan":false,"vegetarian":false,"notFood":false,"drinks":false},{"name":"סלמון+ טונה","description":"אבוקדו ומלפפון ","price":44,"vegan":false,"vegetarian":false,"notFood":false,"drinks":false},{"name":"בטטה, אבוקדו וקמפיו","price":30,"vegan":true,"vegetarian":true,"notFood":false,"drinks":false},{"name":"ספייסי טונה ואבוקדו","price":38,"vegan":false,"vegetarian":false,"notFood":false,"drinks":false},{"name":"ספייסי סלמון אבוקדו ובטטה","price":35,"vegan":false,"vegetarian":false,"notFood":false,"drinks":false},{"name":"קראנץ' סלמון סקין בטטה טמפורה ואבוקדו","price":32,"vegan":false,"vegetarian":false,"notFood":false,"drinks":false},{"name":"אבוקדו, מלפפון, גזר וקמפיו","price":18,"vegan":true,"vegetarian":true,"notFood":false,"drinks":false},{"name":"סלמון, אבוקדו ומלפפון","price":21,"vegan":false,"vegetarian":false,"notFood":false,"drinks":false},{"name":"טונה, גזר, מלפפון","price":25,"vegan":false,"vegetarian":false,"notFood":false,"drinks":false},{"name":"קומבינציה ירקות (17 יח' )","description":"מאקי אבוקדו (4 יח')\nמאקי טמאגו (4 יח' )\nI/O טמאגו, מלפפון, גזר ושיטקי (8 יח') ","price":43,"vegan":false,"vegetarian":true,"notFood":false,"drinks":false},{"name":"קומבינציה סלמון (18 יח' )","description":"מאקי סלמון ( 8 יח' )\r\nI/O סלמון אבוקדו ומלפפון (8 יח' ) \r\nניגירי סלמון ( 2 יח' ) ","price":57,"vegan":false,"vegetarian":false,"notFood":false,"drinks":false},{"name":"קומבינציה מיקס (18 יח' )","description":"מאקי סלמון ( 4 יח' )\r\nמאקי אבוקדו (4 יח' ) \r\nI/O סלמון סקין ומלפפון, אבוקדו ( 4 יח' )\r\nI/O בטטה, מלפפון, דניס ודלעת (4 יח' )\r\nניגירי סלמון 1 יח' \r\nניגירי טונה 1 יח' ","price":65,"vegan":false,"vegetarian":false,"notFood":false,"drinks":false},{"name":"קוקה קולה","price":12,"vegan":true,"vegetarian":true,"notFood":false,"drinks":true},{"name":"קולה דיאט","price":12,"vegan":true,"vegetarian":true,"notFood":false,"drinks":true},{"name":"קולה זירו","price":12,"vegan":true,"vegetarian":true,"notFood":false,"drinks":true},{"name":"פיוזטי","price":12,"vegan":true,"vegetarian":true,"notFood":false,"drinks":false},{"name":"פאנטה","price":12,"vegan":true,"vegetarian":true,"notFood":false,"drinks":false},{"name":"ספרייט","price":12,"vegan":true,"vegetarian":true,"notFood":false,"drinks":true},{"name":"דיאט ספרייט","price":12,"vegan":true,"vegetarian":true,"notFood":false,"drinks":true},{"name":"נביעות מים מינרלים","price":10,"vegan":true,"vegetarian":true,"notFood":false,"drinks":false},{"name":"קינלי סודה","price":10,"vegan":true,"vegetarian":true,"notFood":false,"drinks":true},{"name":"נביעות בטעם אפרסק","price":12,"vegan":true,"vegetarian":true,"notFood":false,"drinks":false},{"name":"נביעות מים בטעם ענבים","price":12,"vegan":true,"vegetarian":true,"notFood":false,"drinks":true},{"name":"פריגת ענבים","price":12,"vegan":true,"vegetarian":true,"notFood":false,"drinks":true},{"name":"פריגת אשכוליות","price":12,"vegan":true,"vegetarian":true,"notFood":false,"drinks":false},{"name":"פריגת תפוחים","price":12,"vegan":true,"vegetarian":true,"notFood":false,"drinks":false},{"name":"בירה שחורה מאלטי","price":12,"vegan":true,"vegetarian":true,"notFood":false,"drinks":true}]}