{"track_id":"21228","filters":["veganFood"],"image":"https://tenbis-static.azureedge.net/restaurant-card-image/ResCard_21228_20220627155121.jpg","address":"שלמה אבן גבירול, 48 תל אביב-יפו","location":[34.781473,32.0773148],"name":"הרצוג טרי בריא וטבעוני","city":"תל אביב-יפו","priceAverage":29.85,"menu":[{"name":"פסטה של אהבה בוערת","description":"מפטוצ'יני קמח דורום, ברוטב פרפום עגבניות שרי פיקטי, פלפל ירוק חריף וטחינה | מומלץ בוערת, ניתן גם לא.","price":62,"vegan":true,"vegetarian":true,"image":"https://d25t2285lxl5rf.cloudfront.net/images/dishes/dcfc31c7-3171-4cb8-9863-83e82cb0b35c.png","notFood":false,"drinks":false},{"name":"ארוחת בטטה","description":"פרסה של בטטה אפויה בתנור, נחתכת בעת ההזמנה, לאבנה קשיו רו', סלט טבולה כרובית רו' וטחינה || GLUTEN FREE ללא רכיבי חיטה 🌾 || RAW (רו'), מזון חי שלא חומם ונשאר מלא בוויטמינים, מינרלים, מים ואנזימים","price":52,"vegan":true,"vegetarian":true,"image":"https://d25t2285lxl5rf.cloudfront.net/images/dishes/0cafff05-3c84-45ae-a64a-25d5c13a4e05.png","notFood":false,"drinks":false},{"name":"פסטה של אהבה בוערת","description":"מפטוצ'יני קמח דורום, ברוטב פרפום עגבניות שרי פיקטי, פלפל ירוק חריף וטחינה | מומלץ בוערת, ניתן גם לא.","price":62,"vegan":true,"vegetarian":true,"image":"https://d25t2285lxl5rf.cloudfront.net/images/dishes/dcfc31c7-3171-4cb8-9863-83e82cb0b35c.png","notFood":false,"drinks":false},{"name":"\nזודלס SUPERAW","description":"נודלס של זוקיני חי, פסטו של מלפפונים חיים, איולי של קישואים חיים, לימון, שמן זית, חסה, מלפפון, ברוטב של טחינה לבנה וטחינת קצח שחורה עם שבבי ספירולינה ממים מתוקים נטולת יוד || GLUTEN FREE ללא רכיבי חיטה 🌾 || RAW (רו'), מזון חי שלא חומם ונשאר מלא בוויטמינים, מינרלים, מים ואנזימים || Superfood - מנות שמכילות מזונות על. בעלי תכולת נוטריאנטים גדולה במיוחד ותכונות של צמחי מרפא.","price":42,"vegan":true,"vegetarian":true,"image":"https://d25t2285lxl5rf.cloudfront.net/images/dishes/70ba49af-ba45-4f71-9edb-f923995d81ad.png","notFood":false,"drinks":false},{"name":"סלט שוק","description":"סלט שוק טרי חתוך גס ברגע ההזמנה, משלל ירקות העונה בתיבול שמן זית, לימון וטחינה. מלפפון שלם, עגבניית תמר שלמה, גזר, קולורבי, צנון, בצל ירוק, בצל סגול, סלק, גמבה צהובה, גמבה אדומה || GLUTEN FREE ללא רכיבי חיטה 🌾 || RAW (רו'), מזון חי שלא חומם ונשאר מלא בוויטמינים, מינרלים, מים ואנזימים.","price":42,"vegan":true,"vegetarian":true,"image":"https://d25t2285lxl5rf.cloudfront.net/images/dishes/87d8acc9-035c-42e2-aa98-b668f436b5ba.png","notFood":false,"drinks":false},{"name":"הרי אדום","description":"אורז אדום וקינואה אדומה, תבשיל שעועית לימה ענקית ברוטב מעגבניות ועגבנייה צלוייה. מוגש עם שוטמרק מיניסטרונה אדום || GLUTEN FREE ללא רכיבי חיטה 🌾 || RAW (רו'), מזון חי שלא חומם ונשאר מלא בוויטמינים, מינרלים, מים ואנזימים.","price":42,"vegan":true,"vegetarian":true,"image":"","notFood":false,"drinks":false},{"name":"פסטה פסטו","description":"פסטה פטוצ'יני קמח דורום, ברוטב איולי קישואים, פסטו, מלפפונים חיים ולאבנה קשיו של הרצוג, עם בצל ירוק || RAW (רו'), מזון חי שלא חומם ונשאר מלא בוויטמינים, מינרלים, מים ואנזימים","price":62,"vegan":true,"vegetarian":true,"image":"","notFood":false,"drinks":false},{"name":"מרק היום","description":"GLUTEN FREE ללא רכיבי חיטה 🌾","price":38,"vegan":true,"vegetarian":true,"image":"","notFood":false,"drinks":false},{"name":"ארוחת מרק","description":"מרק עם דגן היום, טאבולה כרובית רו' ובטטה אפויה || GLUTEN FREE ללא רכיבי חיטה 🌾","price":54,"vegan":false,"vegetarian":false,"image":"","notFood":false,"drinks":false},{"name":"פרלין תמר","description":"חמאת קקאו אורגני, מייפל אורגני, מלח ים אטלנטי, רכז תפוחים, שקדשים אורגניים || GLUTEN FREE ללא רכיבי חיטה 🌾 || RAW (רו'), מזון חי שלא חומם ונשאר מלא בוויטמינים, מינרלים, מים ואנזימים || Superfood - מנות שמכילות מזונות על. בעלי תכולת נוטריאנטים גדולה במיוחד ותכונות של צמחי מרפא.","price":10,"vegan":false,"vegetarian":true,"image":"","notFood":false,"drinks":false},{"name":"פרלין דובדבן","description":"חמאת קקאו אורגני, מייפל אורגני, מלח ים אטלנטי, רכז תפוחים, שקדשים אורגניים || GLUTEN FREE ללא רכיבי חיטה 🌾 || RAW (רו'), מזון חי שלא חומם ונשאר מלא בוויטמינים, מינרלים, מים ואנזימים || Superfood - מנות שמכילות מזונות על. בעלי תכולת נוטריאנטים גדולה במיוחד ותכונות של צמחי מרפא.","price":10,"vegan":false,"vegetarian":true,"image":"","notFood":false,"drinks":false},{"name":"פרלין חמוציות","description":"חמאת קקאו אורגני, מייפל אורגני, מלח ים אטלנטי, רכז תפוחים, שקדשים אורגניים || GLUTEN FREE ללא רכיבי חיטה 🌾 || RAW (רו'), מזון חי שלא חומם ונשאר מלא בוויטמינים, מינרלים, מים ואנזימים || Superfood - מנות שמכילות מזונות על. בעלי תכולת נוטריאנטים גדולה במיוחד ותכונות של צמחי מרפא.","price":10,"vegan":false,"vegetarian":true,"image":"","notFood":false,"drinks":false},{"name":"פרלין קוקוס","description":"חמאת קקאו אורגני, מייפל אורגני, מלח ים אטלנטי, רכז תפוחים, שקדשים אורגניים || GLUTEN FREE ללא רכיבי חיטה 🌾 || RAW (רו'), מזון חי שלא חומם ונשאר מלא בוויטמינים, מינרלים, מים ואנזימים || Superfood - מנות שמכילות מזונות על. בעלי תכולת נוטריאנטים גדולה במיוחד ותכונות של צמחי מרפא.","price":10,"vegan":false,"vegetarian":true,"image":"","notFood":false,"drinks":false},{"name":"קוביית קקאו קראנץ'","description":"תמרים אורגניים, קקאו נא אורגני, כוסמת אורגנית מונבטת, חמאת שקדים אורגנית, מייפל אורגני, סוכר קוקוס, מלח ים המלח || GLUTEN FREE ללא רכיבי חיטה 🌾 || RAW (רו'), מזון חי שלא חומם ונשאר מלא בוויטמינים, מינרלים, מים ואנזימים || Superfood - מנות שמכילות מזונות על. בעלי תכולת נוטריאנטים גדולה במיוחד ותכונות של צמחי מרפא.","price":11,"vegan":false,"vegetarian":true,"image":"","notFood":false,"drinks":false},{"name":"טראפל שוקולד בוטנים","description":"100% קקאו נא אורגני, חמאת קקאו אורגנית, חמאת אגוז לוז אורגני || GLUTEN FREE ללא רכיבי חיטה 🌾 || RAW (רו'), מזון חי שלא חומם ונשאר מלא בוויטמינים, מינרלים, מים ואנזימים || Superfood - מנות שמכילות מזונות על. בעלי תכולת נוטריאנטים גדולה במיוחד ותכונות של צמחי מרפא.","price":11,"vegan":false,"vegetarian":true,"image":"","notFood":false,"drinks":false},{"name":"מעדן גוג'י ברי","description":"תמרים אורגנים, קשיו, קוקוס אורגני, גוג'י ברי אורגני, תפוז ולימון אורגניים, וניל. || GLUTEN FREE ללא רכיבי חיטה 🌾 || RAW (רו'), מזון חי שלא חומם ונשאר מלא בוויטמינים, מינרלים, מים ואנזימים || Superfood - מנות שמכילות מזונות על. בעלי תכולת נוטריאנטים גדולה במיוחד ותכונות של צמחי מרפא.","price":11,"vegan":true,"vegetarian":true,"image":"","notFood":false,"drinks":false},{"name":"גזר סחוט במקום","description":"","price":17,"vegan":true,"vegetarian":true,"image":"","notFood":false,"drinks":false},{"name":"סלק סחוט במקום","description":"","price":17,"vegan":true,"vegetarian":true,"image":"","notFood":false,"drinks":false},{"name":"תפוח סחוט במקום","description":"","price":17,"vegan":true,"vegetarian":true,"image":"","notFood":false,"drinks":false},{"name":"תפוז סחוט במקום","description":"","price":17,"vegan":true,"vegetarian":true,"image":"","notFood":false,"drinks":false}]}