{"track_id":"21243","filters":["homeMade","meatGrill"],"image":"https://tenbis-static.azureedge.net/restaurant-default-card-image/CuzineType_homemade_09.jpg","address":"הרצל, 20 שדרות","location":[34.5938172,31.5242898],"name":"שווארמה חזן","city":"שדרות","priceAverage":30.068493150684933,"menu":[{"name":"שווארמה","description":"מוגש בליווי שקית צ'יפס ושתי קופסאות חמוצים ","price":40,"vegan":false,"vegetarian":false,"image":"https://d25t2285lxl5rf.cloudfront.net/images/dishes/78d4bd4b-c974-4106-8ffc-ab0331ac6d51.jpg","notFood":false,"drinks":false},{"name":"פרגיות","price":40,"vegan":false,"vegetarian":false,"image":"https://d25t2285lxl5rf.cloudfront.net/images/dishes/fa06dd00-4ae4-4a9d-8a13-6882584af1a3.jpg","notFood":false,"drinks":false},{"name":"קציצות ביתיות","price":40,"vegan":true,"vegetarian":true,"image":"https://d25t2285lxl5rf.cloudfront.net/images/dishes/95bae93d-8a79-4788-9119-b09692251a3d.jpg","notFood":false,"drinks":false},{"name":"נקניקיות","price":40,"vegan":true,"vegetarian":true,"image":"https://d25t2285lxl5rf.cloudfront.net/images/dishes/5f3f8e64-59c1-4e2c-9717-a9f0a072cc49.jpg","notFood":false,"drinks":false},{"name":"חזה עוף על האש","price":40,"vegan":false,"vegetarian":false,"image":"https://d25t2285lxl5rf.cloudfront.net/images/dishes/73b626c4-9d3a-41dc-95d1-269d385deda0.jpg","notFood":false,"drinks":false},{"name":"מעורב","price":40,"vegan":true,"vegetarian":true,"image":"https://d25t2285lxl5rf.cloudfront.net/images/dishes/9d18f2ce-3307-4a22-a798-952fc99b453c.jpg","notFood":false,"drinks":false},{"name":"שניצל מטוגן","price":40,"vegan":false,"vegetarian":false,"image":"https://d25t2285lxl5rf.cloudfront.net/images/dishes/40297405-67f6-4383-aa2f-4fe5ed5fb081.jpg","notFood":false,"drinks":false},{"name":"סטייק אנטריקוט","price":45,"vegan":false,"vegetarian":false,"notFood":false,"drinks":false},{"name":"כבד עוף","price":40,"vegan":false,"vegetarian":false,"notFood":false,"drinks":false},{"name":"פלאפל","price":18,"vegan":true,"vegetarian":true,"notFood":false,"drinks":false},{"name":"חביתה","price":18,"vegan":false,"vegetarian":true,"notFood":false,"drinks":false},{"name":"טונה","price":18,"vegan":false,"vegetarian":false,"notFood":false,"drinks":false},{"name":"שווארמה","description":"מוגש בליווי שקית צ'יפס ושתי קופסאות חמוצים ","price":42,"vegan":false,"vegetarian":false,"image":"https://d25t2285lxl5rf.cloudfront.net/images/dishes/78d4bd4b-c974-4106-8ffc-ab0331ac6d51.jpg","notFood":false,"drinks":false},{"name":"פרגיות","price":42,"vegan":false,"vegetarian":false,"image":"https://d25t2285lxl5rf.cloudfront.net/images/dishes/fa06dd00-4ae4-4a9d-8a13-6882584af1a3.jpg","notFood":false,"drinks":false},{"name":"קציצות ביתיות","price":42,"vegan":true,"vegetarian":true,"image":"https://d25t2285lxl5rf.cloudfront.net/images/dishes/95bae93d-8a79-4788-9119-b09692251a3d.jpg","notFood":false,"drinks":false},{"name":"נקניקיות","price":42,"vegan":true,"vegetarian":true,"image":"https://d25t2285lxl5rf.cloudfront.net/images/dishes/5f3f8e64-59c1-4e2c-9717-a9f0a072cc49.jpg","notFood":false,"drinks":false},{"name":"חזה עוף על האש","price":42,"vegan":false,"vegetarian":false,"image":"https://d25t2285lxl5rf.cloudfront.net/images/dishes/73b626c4-9d3a-41dc-95d1-269d385deda0.jpg","notFood":false,"drinks":false},{"name":"מעורב","price":42,"vegan":true,"vegetarian":true,"image":"https://d25t2285lxl5rf.cloudfront.net/images/dishes/9d18f2ce-3307-4a22-a798-952fc99b453c.jpg","notFood":false,"drinks":false},{"name":"שניצל מטוגן","price":42,"vegan":false,"vegetarian":false,"image":"https://d25t2285lxl5rf.cloudfront.net/images/dishes/40297405-67f6-4383-aa2f-4fe5ed5fb081.jpg","notFood":false,"drinks":false},{"name":"סטייק אנטריקוט","price":48,"vegan":false,"vegetarian":false,"notFood":false,"drinks":false},{"name":"כבד עוף","price":42,"vegan":false,"vegetarian":false,"notFood":false,"drinks":false},{"name":"פלאפל","price":20,"vegan":true,"vegetarian":true,"notFood":false,"drinks":false},{"name":"חביתה","price":20,"vegan":false,"vegetarian":true,"notFood":false,"drinks":false},{"name":"טונה","price":20,"vegan":false,"vegetarian":false,"notFood":false,"drinks":false},{"name":"שווארמה","description":"מוגש בליווי שקית צ'יפס ושתי קופסאות חמוצים ","price":45,"vegan":false,"vegetarian":false,"image":"https://d25t2285lxl5rf.cloudfront.net/images/dishes/78d4bd4b-c974-4106-8ffc-ab0331ac6d51.jpg","notFood":false,"drinks":false},{"name":"פרגיות","price":45,"vegan":false,"vegetarian":false,"image":"https://d25t2285lxl5rf.cloudfront.net/images/dishes/fa06dd00-4ae4-4a9d-8a13-6882584af1a3.jpg","notFood":false,"drinks":false},{"name":"קציצות ביתיות","price":45,"vegan":true,"vegetarian":true,"image":"https://d25t2285lxl5rf.cloudfront.net/images/dishes/95bae93d-8a79-4788-9119-b09692251a3d.jpg","notFood":false,"drinks":false},{"name":"נקניקיות","price":45,"vegan":true,"vegetarian":true,"image":"https://d25t2285lxl5rf.cloudfront.net/images/dishes/5f3f8e64-59c1-4e2c-9717-a9f0a072cc49.jpg","notFood":false,"drinks":false},{"name":"חזה עוף על האש","price":45,"vegan":false,"vegetarian":false,"image":"https://d25t2285lxl5rf.cloudfront.net/images/dishes/73b626c4-9d3a-41dc-95d1-269d385deda0.jpg","notFood":false,"drinks":false},{"name":"מעורב","price":45,"vegan":true,"vegetarian":true,"image":"https://d25t2285lxl5rf.cloudfront.net/images/dishes/9d18f2ce-3307-4a22-a798-952fc99b453c.jpg","notFood":false,"drinks":false},{"name":"שניצל מטוגן","price":45,"vegan":false,"vegetarian":false,"image":"https://d25t2285lxl5rf.cloudfront.net/images/dishes/40297405-67f6-4383-aa2f-4fe5ed5fb081.jpg","notFood":false,"drinks":false},{"name":"כבד עוף","price":45,"vegan":false,"vegetarian":false,"notFood":false,"drinks":false},{"name":"סטייק אנטריקוט","price":50,"vegan":false,"vegetarian":false,"notFood":false,"drinks":false},{"name":"פלאפל","price":22,"vegan":true,"vegetarian":true,"notFood":false,"drinks":false},{"name":"חביתה","price":22,"vegan":false,"vegetarian":true,"notFood":false,"drinks":false},{"name":"טונה","price":22,"vegan":false,"vegetarian":false,"notFood":false,"drinks":false},{"name":"שווארמה","description":"מוגש בליווי שקית צ'יפס ושתי קופסאות חמוצים ","price":55,"vegan":false,"vegetarian":false,"image":"https://d25t2285lxl5rf.cloudfront.net/images/dishes/78d4bd4b-c974-4106-8ffc-ab0331ac6d51.jpg","notFood":false,"drinks":false},{"name":"פרגיות","price":55,"vegan":false,"vegetarian":false,"image":"https://d25t2285lxl5rf.cloudfront.net/images/dishes/fa06dd00-4ae4-4a9d-8a13-6882584af1a3.jpg","notFood":false,"drinks":false},{"name":"קציצות ביתיות","price":55,"vegan":true,"vegetarian":true,"image":"https://d25t2285lxl5rf.cloudfront.net/images/dishes/95bae93d-8a79-4788-9119-b09692251a3d.jpg","notFood":false,"drinks":false},{"name":"נקניקיות","price":55,"vegan":true,"vegetarian":true,"image":"https://d25t2285lxl5rf.cloudfront.net/images/dishes/5f3f8e64-59c1-4e2c-9717-a9f0a072cc49.jpg","notFood":false,"drinks":false},{"name":"חזה עוף על האש","price":55,"vegan":false,"vegetarian":false,"image":"https://d25t2285lxl5rf.cloudfront.net/images/dishes/73b626c4-9d3a-41dc-95d1-269d385deda0.jpg","notFood":false,"drinks":false},{"name":"מעורב","price":55,"vegan":true,"vegetarian":true,"image":"https://d25t2285lxl5rf.cloudfront.net/images/dishes/9d18f2ce-3307-4a22-a798-952fc99b453c.jpg","notFood":false,"drinks":false},{"name":"שניצל מטוגן","price":55,"vegan":false,"vegetarian":false,"image":"https://d25t2285lxl5rf.cloudfront.net/images/dishes/40297405-67f6-4383-aa2f-4fe5ed5fb081.jpg","notFood":false,"drinks":false},{"name":"כבד עוף","price":55,"vegan":false,"vegetarian":false,"notFood":false,"drinks":false},{"name":"סטייק אנטריקוט","price":65,"vegan":false,"vegetarian":false,"notFood":false,"drinks":false},{"name":"פלאפל","price":25,"vegan":true,"vegetarian":true,"notFood":false,"drinks":false},{"name":"חביתה","price":25,"vegan":false,"vegetarian":true,"notFood":false,"drinks":false},{"name":"טונה","price":25,"vegan":false,"vegetarian":false,"notFood":false,"drinks":false},{"name":"בקבוק פלסטיק מים","price":8,"vegan":true,"vegetarian":true,"notFood":false,"drinks":true},{"name":"בקבוק סודה","price":8,"vegan":true,"vegetarian":true,"notFood":false,"drinks":true},{"name":"פחית קוקה קולה","price":9,"vegan":true,"vegetarian":true,"notFood":false,"drinks":true},{"name":"פחית  קולה זירו","price":9,"vegan":true,"vegetarian":true,"notFood":false,"drinks":true},{"name":"בקבוק זכוכית קולה","price":10,"vegan":true,"vegetarian":true,"notFood":false,"drinks":true},{"name":"בקבוק זכוכית קולה זירו","price":10,"vegan":true,"vegetarian":true,"notFood":false,"drinks":true},{"name":"בקבוק זכוכית מירנדה","price":10,"vegan":true,"vegetarian":true,"notFood":false,"drinks":true},{"name":"בקבוק זכוכית בירה שחורה","price":10,"vegan":true,"vegetarian":true,"notFood":false,"drinks":true},{"name":"בקבוק פלסטיק נסטי","price":10,"vegan":true,"vegetarian":true,"notFood":false,"drinks":true},{"name":"בקבוק פלסטיק תפוזים","price":10,"vegan":true,"vegetarian":true,"notFood":false,"drinks":true},{"name":"בקבוק פלסטיק ענבים","price":10,"vegan":true,"vegetarian":true,"notFood":false,"drinks":true},{"name":"בקבוק פלסטיק אשכוליות","price":10,"vegan":true,"vegetarian":true,"notFood":false,"drinks":true},{"name":"בקבוק פלסטיק פאנטה","price":10,"vegan":true,"vegetarian":true,"notFood":false,"drinks":true},{"name":"בקבוק פלסטיק ספרייט","price":10,"vegan":true,"vegetarian":true,"notFood":false,"drinks":true},{"name":"בקבוק פלסטיק דיאט ספרייט","price":10,"vegan":true,"vegetarian":true,"notFood":false,"drinks":true},{"name":"בקבוק פלסטיק קולה","price":10,"vegan":true,"vegetarian":true,"notFood":false,"drinks":true},{"name":"בקבוק פלסטיק קולה זירו","price":10,"vegan":true,"vegetarian":true,"notFood":false,"drinks":true},{"name":"בקבוק 1.5 ליטר - פאנטה","price":14,"vegan":true,"vegetarian":true,"notFood":false,"drinks":true},{"name":"בקבוק 1.5 ליטר - נסטי","price":14,"vegan":true,"vegetarian":true,"notFood":false,"drinks":true},{"name":"בקבוק 1.5 ליטר - מירנדה","price":14,"vegan":true,"vegetarian":true,"notFood":false,"drinks":true},{"name":"בקבוק 1.5 ליטר - תפוזים","price":14,"vegan":true,"vegetarian":true,"notFood":false,"drinks":true},{"name":"בקבוק 1.5 ליטר - ענבים","price":14,"vegan":true,"vegetarian":true,"notFood":false,"drinks":true},{"name":"בקבוק 1.5 ליטר - אשכוליות","price":14,"vegan":true,"vegetarian":true,"notFood":false,"drinks":true},{"name":"בקבוק 1.5 ליטר - קוקה קולה","price":14,"vegan":true,"vegetarian":true,"notFood":false,"drinks":true},{"name":"בקבוק 1.5 ליטר - קולה זירו","price":14,"vegan":true,"vegetarian":true,"notFood":false,"drinks":true}]}