{"track_id":"21277","filters":["pizza","pasta","salads"],"image":"https://tenbis-static.azureedge.net/restaurant-card-image/ResCard_21277_20211206143510.jpg","address":"יהודה לייב פינסקר, 2 ראשון לציון","location":[34.8076768,31.9644059],"name":"פיצה דומינו ראשון לציון","city":"נס ציונה - רחובות","priceAverage":39.895348837209305,"menu":[{"name":"פיצה S","price":32,"vegan":false,"vegetarian":true,"image":"https://d25t2285lxl5rf.cloudfront.net/images/dishes/9ac6bdb3-70af-4d04-8f6c-c52e1af371aa.jpg","notFood":false,"drinks":false},{"name":"מגשL","description":"מוגש עם תוספת אחת במתנה לבחירה","price":65,"vegan":true,"vegetarian":true,"image":"https://d25t2285lxl5rf.cloudfront.net/images/dishes/8ed02887-9028-4296-a11a-f1dcb8dce9df.jpg","notFood":false,"drinks":false},{"name":"מגש XL","description":"מגיע עם תוספת מתנה","price":75,"vegan":true,"vegetarian":true,"image":"https://d25t2285lxl5rf.cloudfront.net/images/dishes/8646ce19-9515-4b2a-98f2-d9b720134040.jpg","notFood":false,"drinks":false},{"name":"שני מגשי L","description":"2 מגשי L עם תוספת לבחירה על מגש אחד","price":109,"vegan":true,"vegetarian":true,"image":"https://d25t2285lxl5rf.cloudfront.net/images/dishes/a4478d6b-a799-4e1c-9b69-87a021ed9f62.jpg","notFood":false,"drinks":false},{"name":"שני מגשי XL","description":"שני מגשים מוגש עם תוספת אחת לבחירה למגש ראשון בלבד","price":129,"vegan":true,"vegetarian":true,"image":"https://d25t2285lxl5rf.cloudfront.net/images/dishes/63349735-e459-4ab8-8a1c-275ac4636d11.jpg","notFood":false,"drinks":false},{"name":"שני מגשי XL עם שתי תוספות, שתיה, וקינוח או לחם שום","price":150,"vegan":true,"vegetarian":true,"image":"https://d25t2285lxl5rf.cloudfront.net/images/dishes/2c5105c5-147b-47a7-9497-a2527075e836.jpg","notFood":false,"drinks":false},{"name":"3 מגשי XL","description":"שלושה מגשים מוגש עם שתי תוספות","price":190,"vegan":true,"vegetarian":true,"image":"https://d25t2285lxl5rf.cloudfront.net/images/dishes/834e6786-8444-4590-9c8d-17ecb1371ccc.jpg","notFood":false,"drinks":false},{"name":"מגש XXL ענק","price":87,"vegan":true,"vegetarian":true,"notFood":false,"drinks":false},{"name":"מגש XL עם תוספת, שתיה, פסטה או סלט וקינוח","price":139,"vegan":true,"vegetarian":true,"notFood":false,"drinks":false},{"name":"מגש L עם תוספת, שתיה, פסטה או סלט וקינוח","price":129,"vegan":true,"vegetarian":true,"notFood":false,"drinks":false},{"name":"לחם שום מוקרם S","price":28,"vegan":true,"vegetarian":true,"notFood":false,"drinks":false},{"name":"לחם שום מוקרם M","price":38,"vegan":true,"vegetarian":true,"notFood":false,"drinks":false},{"name":"לחם שום מוקרם L","price":43,"vegan":true,"vegetarian":true,"notFood":false,"drinks":false},{"name":"לחם שום מוקרם XL","price":48,"vegan":true,"vegetarian":true,"notFood":false,"drinks":false},{"name":"פיצה אלפרדו","description":"רוטב אלפרדו- שמנת פטריות","price":83,"vegan":false,"vegetarian":true,"notFood":false,"drinks":false},{"name":"פיצה נפוליטנה","description":"רוטב עגבניות מושבח ו2 תוספות לבחירה","price":83,"vegan":false,"vegetarian":true,"notFood":false,"drinks":false},{"name":"פיצה מיוחדת","description":"חמאת שום, פסטו, חצילים, בולגרית וביצת עין עם קצוות של שומשום","price":83,"vegan":false,"vegetarian":true,"notFood":false,"drinks":false},{"name":"רביולי גבינות","description":"עם גבינת ריקוטה ","price":44,"vegan":false,"vegetarian":true,"image":"https://d25t2285lxl5rf.cloudfront.net/images/dishes/fd26f15f-2536-4981-a2fb-5252114328a0.jpg","notFood":false,"drinks":false},{"name":"רביולי בטטה","price":44,"vegan":true,"vegetarian":true,"image":"https://d25t2285lxl5rf.cloudfront.net/images/dishes/206219eb-460c-412d-aab5-e0816e5595c6.jpg","notFood":false,"drinks":false},{"name":"פסטה ברוטב לבחירה","description":"בחר את סוג הרוטב וסוג הפסטה","price":41,"vegan":true,"vegetarian":true,"image":"https://d25t2285lxl5rf.cloudfront.net/images/dishes/d1c6ff4c-bc53-4434-a903-5b672d73f3e5.jpg","notFood":false,"drinks":false},{"name":"תפוח אדמה ברוטב  אלפרדו מוקרם","price":44,"vegan":true,"vegetarian":true,"image":"https://d25t2285lxl5rf.cloudfront.net/images/dishes/525800a3-5c41-4ce8-ba76-c1130ae501e4.jpg","notFood":false,"drinks":false},{"name":"פנה","description":"מוגש עם רוטב לבחירה","price":41,"vegan":true,"vegetarian":true,"image":"https://d25t2285lxl5rf.cloudfront.net/images/dishes/8fed2072-aaf4-4feb-b4c9-9d87654fd18d.jpg","notFood":false,"drinks":false},{"name":"פסטה זוגית ברוטב לבחירה","price":49,"vegan":true,"vegetarian":true,"image":"https://d25t2285lxl5rf.cloudfront.net/images/dishes/c74c351a-d97d-4d69-9d00-8ca695339ea7.jpg","notFood":false,"drinks":false},{"name":"פסטה משפחתית ברוטב לבחירה","price":91,"vegan":true,"vegetarian":true,"image":"https://d25t2285lxl5rf.cloudfront.net/images/dishes/2c81eb0a-9b56-4d72-8afd-3d66c0cdb97c.jpg","notFood":false,"drinks":false},{"name":"סלט יווני","description":"חסה, מלפפון, עגבניה, ז.שחורים, תירס וגבינה בולגרית","price":35,"vegan":false,"vegetarian":true,"image":"https://d25t2285lxl5rf.cloudfront.net/images/dishes/46ca58b9-8363-4b9f-a456-770e2ec04e73.jpg","notFood":false,"drinks":false},{"name":"סלט טונה","description":"חסה, מלפפון, עגבניה, ז.שחורים, תירס, ביצה קשה וטונה","price":35,"vegan":false,"vegetarian":false,"image":"https://d25t2285lxl5rf.cloudfront.net/images/dishes/e4e4c6e9-42ba-42a7-ac64-a9333e01dac5.jpg","notFood":false,"drinks":false},{"name":"סלט פינוקים","description":"חסה, מלפפון, עגבניה, בולגרית, טונה, פלפל קלוי, ביצה קשה","price":35,"vegan":false,"vegetarian":false,"image":"https://d25t2285lxl5rf.cloudfront.net/images/dishes/5b3fe43e-aaaa-40c9-ab4a-26537e509b35.jpg","notFood":false,"drinks":false},{"name":"סלט ים תיכוני","description":"חסה, מלפפון, עגבניה, בצל, חצילים, ובולגרית","price":35,"vegan":false,"vegetarian":true,"notFood":false,"drinks":false},{"name":"סלט בהרכבה עצמית","price":35,"vegan":true,"vegetarian":true,"notFood":false,"drinks":false},{"name":"סלט בריאות","description":"חסה, מלפפון, עגבנייה, גמבה וגזר","price":35,"vegan":true,"vegetarian":true,"notFood":false,"drinks":false},{"name":"קלאסית","description":"צהובה ובולגרית","price":34,"vegan":false,"vegetarian":true,"notFood":false,"drinks":false},{"name":"פטריות","description":"צהובה בולגרית ופטריות","price":34,"vegan":false,"vegetarian":true,"notFood":false,"drinks":false},{"name":"יוונית","description":"צהובה, בולגרית וזיתים","price":34,"vegan":false,"vegetarian":true,"notFood":false,"drinks":false},{"name":"טוניסאית","description":"צהובה, בולגרית, טונה, תירס וביצה קשה","price":34,"vegan":false,"vegetarian":false,"notFood":false,"drinks":false},{"name":"פיצה","description":"רוטב פיצה, צהובה, זיתים ובלגרית","price":34,"vegan":false,"vegetarian":true,"notFood":false,"drinks":false},{"name":"פוקאצה סיציליאנית","description":"רוטב עגבניות עשיר, בולגרית, זיתים שחורים ובצל","price":33,"vegan":false,"vegetarian":true,"notFood":false,"drinks":false},{"name":"פוקצה דומינו","description":"רוטב פסטו, חצילים, בולגרית וזיתים שחורים","price":33,"vegan":false,"vegetarian":true,"notFood":false,"drinks":false},{"name":"פפיון ירקות","description":"רוטב פיצה, עגבניות, גמבה, גבינה צהובה ובולגרית","price":37,"vegan":false,"vegetarian":true,"image":"https://d25t2285lxl5rf.cloudfront.net/images/dishes/437658a0-41f8-4a5d-a3de-89fc9fb52a7d.jpg","notFood":false,"drinks":false},{"name":"פפיון פסטו","description":"רוטב פסטו, חצילים, עגבניה, בצל , זיתים שחורים, ביצה, גבינה צהובה ובולגרית","price":37,"vegan":false,"vegetarian":true,"image":"https://d25t2285lxl5rf.cloudfront.net/images/dishes/9cb65148-b3cd-47c8-836a-65d069a59cbb.jpg","notFood":false,"drinks":false},{"name":"פפיון טונה","description":"רוטב פיצה, טונה, ביצה, גמבה וגבינה צהובה","price":37,"vegan":false,"vegetarian":false,"image":"https://d25t2285lxl5rf.cloudfront.net/images/dishes/bc5bb038-65c5-47d3-a6c6-4a530894003d.jpg","notFood":false,"drinks":false},{"name":"פפיון חצילים","description":"רוטב פיצה, עגבניות, ביצה, חצילים, צהובה ובולגרית","price":37,"vegan":false,"vegetarian":true,"notFood":false,"drinks":false},{"name":"מלוואח פיצה","price":33,"vegan":false,"vegetarian":true,"notFood":false,"drinks":false},{"name":"מלאווח פתוח","description":"רסק, ביצה, חריף, חומוס, טחינה, כרוב אדום","price":24,"vegan":false,"vegetarian":true,"notFood":false,"drinks":false},{"name":"מלוואח מגולגל","description":"רסק, ביצה, חריף, חומוס, טחינה, כרוב אדום\t","price":24,"vegan":false,"vegetarian":true,"notFood":false,"drinks":false},{"name":"מלאווח פיצה","price":25,"vegan":false,"vegetarian":true,"image":"https://d25t2285lxl5rf.cloudfront.net/images/dishes/1416cfa1-0aec-4c11-9bcb-902bd6b5010c.jpg","notFood":false,"drinks":false},{"name":"גחנון","description":"מגיע עם רסק, ביצה ","price":27,"vegan":false,"vegetarian":true,"image":"https://d25t2285lxl5rf.cloudfront.net/images/dishes/310b84ad-5287-42ff-aa3e-525a2bcbf248.jpg","notFood":false,"drinks":false},{"name":"זיווה בעבודת יד","description":"מגיע בתוספת רסק, ביצה וחריף","price":27,"vegan":false,"vegetarian":true,"image":"https://d25t2285lxl5rf.cloudfront.net/images/dishes/de3f935a-b58c-40d0-85ab-a72184067c81.jpg","notFood":false,"drinks":false},{"name":"פתות ביצים","description":"מוגש עם רסק וחריף ","price":25,"vegan":false,"vegetarian":true,"image":"https://d25t2285lxl5rf.cloudfront.net/images/dishes/81196483-303b-4ad8-a9f9-6ed80691c57e.jpg","notFood":false,"drinks":false},{"name":"מנה דלוקס","description":"פטריות ממולאות בגבינה ופסטו","price":29,"vegan":false,"vegetarian":true,"notFood":false,"drinks":false},{"name":"שקשוקה","description":"בליווי לחם שום","price":33,"vegan":true,"vegetarian":true,"notFood":false,"drinks":false},{"name":"חצ'פורי","description":"בצק ממולא 4 סוגי גבינות וביצת עין","price":37,"vegan":true,"vegetarian":true,"notFood":false,"drinks":false},{"name":"סמבוסק","description":"רוטב פיצה וגבינה צהובה","price":25,"vegan":false,"vegetarian":true,"notFood":false,"drinks":false},{"name":"פרוסת בגט לחם שום","description":"עם עשבי תיבול וחמאת שום","price":11,"vegan":false,"vegetarian":true,"notFood":false,"drinks":false},{"name":"פיצה L טבעונית","description":"כל תוספת 6 ש\"ח","price":67,"vegan":false,"vegetarian":true,"notFood":false,"drinks":false},{"name":"פיצה אישית טבעונית","price":37,"vegan":false,"vegetarian":true,"notFood":false,"drinks":false},{"name":"פיצה XL טבעונית","description":"כל תוספת 7 שח","price":77,"vegan":false,"vegetarian":true,"notFood":false,"drinks":false},{"name":"פיצה ללא גלוטן","description":"כל תוספת 5 שח","price":37,"vegan":false,"vegetarian":true,"notFood":false,"drinks":false},{"name":"זיווה טבעונית","price":35,"vegan":true,"vegetarian":true,"notFood":false,"drinks":false},{"name":"זיווה טבעונית","price":35,"vegan":true,"vegetarian":true,"notFood":false,"drinks":false},{"name":"מלבי שמנת","price":12,"vegan":false,"vegetarian":true,"image":"https://d25t2285lxl5rf.cloudfront.net/images/dishes/7ff076aa-2b23-4933-81da-5b907ce8b896.jpg","notFood":false,"drinks":false},{"name":"מוס שוקולד","price":12,"vegan":false,"vegetarian":true,"image":"https://d25t2285lxl5rf.cloudfront.net/images/dishes/4683fdd0-f63b-4524-bbb0-2a29b06a56e1.jpg","notFood":false,"drinks":false},{"name":"בוואריה","price":12,"vegan":true,"vegetarian":true,"image":"https://d25t2285lxl5rf.cloudfront.net/images/dishes/2815462b-2467-441b-a362-b3b23b1047ae.jpg","notFood":false,"drinks":false},{"name":"פנקוטה קרמל","price":12,"vegan":true,"vegetarian":true,"image":"https://d25t2285lxl5rf.cloudfront.net/images/dishes/a76c3f27-7c9d-406f-8bbe-19fbbf203ead.jpg","notFood":false,"drinks":false},{"name":"עוגת גבינה","price":12,"vegan":false,"vegetarian":true,"image":"https://d25t2285lxl5rf.cloudfront.net/images/dishes/4b65b2a3-9742-45ec-ba5f-5f307d223628.jpg","notFood":false,"drinks":false},{"name":"קדאיף","price":12,"vegan":true,"vegetarian":true,"image":"https://d25t2285lxl5rf.cloudfront.net/images/dishes/924916a9-cb13-4275-91e8-ac047680ce88.jpg","notFood":false,"drinks":false},{"name":"זיווה שוקולד","price":23,"vegan":false,"vegetarian":true,"image":"https://d25t2285lxl5rf.cloudfront.net/images/dishes/15053d20-f916-48f1-a084-7e8f56adf489.jpg","notFood":false,"drinks":false},{"name":"סברינה","price":14,"vegan":true,"vegetarian":true,"image":"https://d25t2285lxl5rf.cloudfront.net/images/dishes/c67ed7d8-d545-4f1f-aefd-da42bc403aba.jpg","notFood":false,"drinks":false},{"name":"מוס אוריאו","price":12,"vegan":true,"vegetarian":true,"notFood":false,"drinks":false},{"name":"ריבת חלב","price":12,"vegan":false,"vegetarian":true,"notFood":false,"drinks":false},{"name":"סופלה","price":14,"vegan":true,"vegetarian":true,"notFood":false,"drinks":false},{"name":"סמבוסק שוקולד","price":20,"vegan":false,"vegetarian":true,"notFood":false,"drinks":false},{"name":"גלידה משפחתית של שטראוס","price":35,"vegan":true,"vegetarian":true,"notFood":false,"drinks":false},{"name":"נביעות - מים מינרלים","price":10,"vegan":true,"vegetarian":true,"notFood":false,"drinks":false},{"name":"סודה","price":10,"vegan":true,"vegetarian":true,"notFood":false,"drinks":true},{"name":"פחית קוקה קולה","price":10,"vegan":true,"vegetarian":true,"notFood":false,"drinks":true},{"name":"פחית מנגו","price":10,"vegan":true,"vegetarian":true,"notFood":false,"drinks":false},{"name":"פחית זירו","price":10,"vegan":true,"vegetarian":true,"notFood":false,"drinks":false},{"name":"פחית ספרייט","price":10,"vegan":true,"vegetarian":true,"notFood":false,"drinks":true},{"name":"פחית פאנטה","price":10,"vegan":true,"vegetarian":true,"notFood":false,"drinks":false},{"name":"בקבוק פאנטה גדול","price":14,"vegan":true,"vegetarian":true,"notFood":false,"drinks":true},{"name":"בקבוק פיוז טי - אפרסק גדול","description":"1.5 ליטר ","price":14,"vegan":true,"vegetarian":true,"notFood":false,"drinks":true},{"name":"בקבוק קולה זירו קטן","price":11,"vegan":true,"vegetarian":true,"notFood":false,"drinks":true},{"name":"בקבוק קוקה קולה קטן","price":11,"vegan":true,"vegetarian":true,"notFood":false,"drinks":true},{"name":"בקבוק קוקה קולה גדול","description":"1.5 ליטר","price":14,"vegan":true,"vegetarian":true,"notFood":false,"drinks":true},{"name":"בקבוק קולה זירו גדול","price":14,"vegan":true,"vegetarian":true,"notFood":false,"drinks":true},{"name":"פריגת - ענבים גדול","price":14,"vegan":true,"vegetarian":true,"notFood":false,"drinks":true}]}