{"track_id":"21316","filters":["fish","seafood"],"image":"https://tenbis-static.azureedge.net/restaurant-default-card-image/CuzineType_fish_07.jpg","address":"אלוף קלמן מגן, 3 תל אביב-יפו","location":[34.7865759,32.0713993],"name":"פישופ","city":"תל אביב-יפו","priceAverage":49,"menu":[{"name":"פילה לברק","price":102,"vegan":true,"vegetarian":true,"image":"https://d25t2285lxl5rf.cloudfront.net/images/dishes/9fac5e88-0114-44ad-8dd2-1dfc1afee571.jpg","notFood":false,"drinks":false},{"name":"פילה דניס","price":92,"vegan":false,"vegetarian":false,"image":"https://d25t2285lxl5rf.cloudfront.net/images/dishes/2fde4ca1-4eee-4e4c-8493-6e0ad1353b4e.jpg","notFood":false,"drinks":false},{"name":"פילה סלמון","description":"מוגש עם תוספות לבחירה ","price":78,"vegan":false,"vegetarian":false,"image":"https://d25t2285lxl5rf.cloudfront.net/images/dishes/4f278fdf-71a3-4a8d-892f-c513e6220746.jpg","notFood":false,"drinks":false},{"name":"פילה מוסר ים על פסטה טרייה","description":"ברוטב חמאה לבנה, שרי ובצל מקורמל.","price":86,"vegan":false,"vegetarian":false,"image":"https://d25t2285lxl5rf.cloudfront.net/images/dishes/336cc3ce-84d8-4e68-bc8c-47fb979718ae.jpg","notFood":false,"drinks":false},{"name":"קוקי סאן ז'אק","description":"100 גרם קוקי סאן ז'אק","price":59,"vegan":true,"vegetarian":true,"image":"https://d25t2285lxl5rf.cloudfront.net/images/dishes/088bbe45-a4fd-4169-b874-ae5abf7258e9.jpg","notFood":false,"drinks":false},{"name":"שרימפס ביין לבן","description":"שום ועשבי תיבול","price":69,"vegan":false,"vegetarian":false,"image":"https://d25t2285lxl5rf.cloudfront.net/images/dishes/a8260e8e-a8b8-4513-bd27-4588e89c8680.jpg","notFood":false,"drinks":false},{"name":"חריימה פילה בורי","description":"טחינה וחלה טרייה","price":69,"vegan":true,"vegetarian":true,"image":"https://d25t2285lxl5rf.cloudfront.net/images/dishes/0d0e0264-8065-47ab-89c2-38e45f75cc14.jpg","notFood":false,"drinks":false},{"name":"ריזוטו דג ים","description":"אפונה, ברוקולי, חמאה ופרמז'ן","price":86,"vegan":false,"vegetarian":false,"image":"https://d25t2285lxl5rf.cloudfront.net/images/dishes/0f9623d4-51c2-47db-9da5-1e84755fe613.jpg","notFood":false,"drinks":false},{"name":"טליאטלה פירות ים","description":"פסטת חלמונים בחמאה לבנה, מולים שרימפס, קלמרי ופרמז'ן","price":89,"vegan":false,"vegetarian":false,"image":"https://d25t2285lxl5rf.cloudfront.net/images/dishes/14d2a26a-e1fb-4af1-8b2d-5ef42afda770.jpg","notFood":false,"drinks":false},{"name":"מולים ביין לבן","description":"ציר פירות ים, שום וסלרי","price":89,"vegan":false,"vegetarian":false,"image":"https://d25t2285lxl5rf.cloudfront.net/images/dishes/c2980c49-f9f4-4a83-983a-55766aa2ad56.jpg","notFood":false,"drinks":false},{"name":"מחבת ים","description":"סרטן, שרימפס, קלמרי טרי ומולים ברוטב דייגים","price":88,"vegan":false,"vegetarian":false,"image":"https://d25t2285lxl5rf.cloudfront.net/images/dishes/6bcc704b-1d93-4cd3-8bbe-0a01a8161574.jpg","notFood":false,"drinks":false},{"name":"ריזוטו עגבניות ופירות ים חריף","description":"שרימפס, מולים, קלמרי, שרי ופרמז'ן","price":89,"vegan":false,"vegetarian":false,"image":"https://d25t2285lxl5rf.cloudfront.net/images/dishes/0f3b1250-d559-4826-a0f5-5d4adbe05621.jpg","notFood":false,"drinks":false},{"name":"סלט ירוק","description":"חסה, עגבניה ובצל סגול","price":16,"vegan":true,"vegetarian":true,"image":"https://d25t2285lxl5rf.cloudfront.net/images/dishes/b209ce70-3244-41c4-8401-ed4054d41f36.jpg","notFood":false,"drinks":false},{"name":"ירקות מוקפצים","description":"עגבניות שרי, בצל סגול, זוקיני, ברוקולי, מנגולד, ארטישוק א-לה רומאנה","price":22,"vegan":true,"vegetarian":true,"image":"https://d25t2285lxl5rf.cloudfront.net/images/dishes/3ff052a3-d1bf-4186-9be1-318164dbf6f9.jpg","notFood":false,"drinks":false},{"name":"צ'יפס","price":14,"vegan":true,"vegetarian":true,"image":"https://d25t2285lxl5rf.cloudfront.net/images/dishes/829957dd-3908-4d30-b46b-e048742d6a73.jpg","notFood":false,"drinks":false},{"name":"סשימי טונה","price":38,"vegan":false,"vegetarian":false,"image":"https://d25t2285lxl5rf.cloudfront.net/images/dishes/59ca0c8f-c7ec-46fd-86c8-c0bdbae4e847.jpg","notFood":false,"drinks":false},{"name":"סשימי סלמון","price":30,"vegan":false,"vegetarian":false,"image":"https://d25t2285lxl5rf.cloudfront.net/images/dishes/64cd8213-a0e7-4c29-80a0-d10a1d41b4f1.jpg","notFood":false,"drinks":false},{"name":"לחם ומטבלים","price":18,"vegan":true,"vegetarian":true,"image":"https://d25t2285lxl5rf.cloudfront.net/images/dishes/374aeb1f-5f41-47cf-9269-80a6b2953e13.jpg","notFood":false,"drinks":false},{"name":"סביצ'ה דג","description":"עגבניות שרי, שעועית ירוקה ודג לבן ביוגורט","price":56,"vegan":false,"vegetarian":false,"image":"https://d25t2285lxl5rf.cloudfront.net/images/dishes/2f9400d0-0ba0-49c1-8f66-996b1bb46c26.jpg","notFood":false,"drinks":false},{"name":"טרטר טונה","description":"איולי צלפים, בצל סגול בליווי ברוסקטות","price":52,"vegan":false,"vegetarian":false,"image":"https://d25t2285lxl5rf.cloudfront.net/images/dishes/3febe366-905a-446b-867d-e195a9512015.jpg","notFood":false,"drinks":false},{"name":"סלט חסות טונה כבושה","description":"טונה כבושה, חסה אלון, אנשובי, פרמז'ן, ביצה רכה ושקדים","price":54,"vegan":false,"vegetarian":false,"image":"https://d25t2285lxl5rf.cloudfront.net/images/dishes/a850be08-f848-49dd-bc52-f2d909c384d2.jpg","notFood":false,"drinks":false},{"name":"שרימפס טמפורה","price":68,"vegan":false,"vegetarian":false,"image":"https://d25t2285lxl5rf.cloudfront.net/images/dishes/bfc47842-d78a-4782-9e08-5da708fdb796.jpg","notFood":false,"drinks":false},{"name":"פיש אנד צ'יפס","price":48,"vegan":false,"vegetarian":false,"image":"https://d25t2285lxl5rf.cloudfront.net/images/dishes/4f50d484-9de1-4953-81a9-242af43d0615.jpg","notFood":false,"drinks":false},{"name":"קוקה קולה","description":"0.33","price":12,"vegan":true,"vegetarian":true,"notFood":false,"drinks":true},{"name":"דיאט קוקה קולה","description":"0.33","price":12,"vegan":true,"vegetarian":true,"notFood":false,"drinks":true},{"name":"קוקה קולה זירו","description":"0.33","price":12,"vegan":true,"vegetarian":true,"notFood":false,"drinks":true},{"name":"ספרייט","description":"0.33","price":12,"vegan":true,"vegetarian":true,"notFood":false,"drinks":true},{"name":"פיוז טי אפרסק","description":"0.33","price":12,"vegan":true,"vegetarian":true,"notFood":false,"drinks":false},{"name":"מים מינרלים","description":"0.5","price":11,"vegan":true,"vegetarian":true,"notFood":false,"drinks":false},{"name":"סודה","description":"0.25","price":12,"vegan":true,"vegetarian":true,"notFood":false,"drinks":true},{"name":"טובורג","price":24,"vegan":true,"vegetarian":true,"notFood":false,"drinks":false}]}