{"track_id":"21325","filters":["burgers","meatGrill","salads"],"image":"https://tenbis-static.azureedge.net/restaurant-card-image/ResCard_21325_20211208114116.jpg","address":"הרוקמים, 26 חולון","location":[34.8006392,32.0077569],"name":"פאזל בורגר חולון","city":"אזור","priceAverage":47.87234042553192,"menu":[{"name":"ארוחת פאזל המבורגר 160 גרם\t","description":"מוגש עם תוספת ושתייה לבחירה\t","price":61,"vegan":false,"vegetarian":false,"image":"https://d25t2285lxl5rf.cloudfront.net/images/dishes/ef7cb477-c40a-4c1b-ba57-bcd0a06e9f7b.jpg","notFood":false,"drinks":false},{"name":"ארוחת פאזל המבורגר 320 גרם\t","description":"מוגש עם תוספת ושתייה לבחירה\t","price":79,"vegan":false,"vegetarian":false,"image":"https://d25t2285lxl5rf.cloudfront.net/images/dishes/68c249cc-f837-4643-996f-b1880d96d16a.jpg","notFood":false,"drinks":false},{"name":"ארוחת שניצל בורגר","price":57,"vegan":false,"vegetarian":false,"image":"https://d25t2285lxl5rf.cloudfront.net/images/dishes/36fef0c4-0f78-4472-bd63-d7fbe22b8968.jpg","notFood":false,"drinks":false},{"name":"ארוחת הקצב ממנהטן\t","description":"מוגש עם תוספת ושתייה לבחירה\t","price":74,"vegan":true,"vegetarian":true,"image":"https://d25t2285lxl5rf.cloudfront.net/images/dishes/971f8ce8-0edb-43a6-9a35-31f51492ec81.jpg","notFood":false,"drinks":false},{"name":"ארוחת אקספרס של חצות","description":"מוגש עם תוספת ושתייה לבחירה\t","price":76,"vegan":true,"vegetarian":true,"image":"https://d25t2285lxl5rf.cloudfront.net/images/dishes/11d19d13-f582-416d-b13f-4cd1a9beafb1.jpg","notFood":false,"drinks":false},{"name":"ארוחת קרייזי אלבמה","description":"מוגש עם תוספת ושתייה לבחירה\t","price":73,"vegan":true,"vegetarian":true,"image":"https://d25t2285lxl5rf.cloudfront.net/images/dishes/096d24bc-5b02-465e-86c0-c0b55aaf19cb.jpg","notFood":false,"drinks":false},{"name":"ארוחת הקשר הצרפתי","description":"מוגש עם תוספת ושתייה לבחירה\t","price":74,"vegan":true,"vegetarian":true,"image":"https://d25t2285lxl5rf.cloudfront.net/images/dishes/f5c53c46-5eba-4507-8e05-dcae435b96df.jpg","notFood":false,"drinks":false},{"name":"ארוחת מארדונה","description":"מוגש עם תוספת ושתייה לבחירה\t","price":74,"vegan":true,"vegetarian":true,"image":"https://d25t2285lxl5rf.cloudfront.net/images/dishes/3056e8f0-4eff-43b8-9361-03976b68c0f4.jpg","notFood":false,"drinks":false},{"name":"ארוחת כץ דלי","description":"מוגש עם תוספת ושתייה לבחירה\t","price":74,"vegan":true,"vegetarian":true,"image":"https://d25t2285lxl5rf.cloudfront.net/images/dishes/b00a11ff-cf71-4230-9718-26766e165817.jpg","notFood":false,"drinks":false},{"name":"ארוחת יום העצמאות","description":"מוגש עם תוספת ושתייה לבחירה\t","price":64,"vegan":true,"vegetarian":true,"image":"https://d25t2285lxl5rf.cloudfront.net/images/dishes/c4f82603-c15a-4390-8216-b522f8eae01d.jpg","notFood":false,"drinks":false},{"name":"ארוחת המבורגר טבעוני 🌱","description":"מוגש עם תוספת ושתייה לבחירה","price":59,"vegan":true,"vegetarian":true,"image":"https://d25t2285lxl5rf.cloudfront.net/images/dishes/42e7e7f8-3944-4694-9d3f-1d167b88a3bf.jpg","notFood":false,"drinks":false},{"name":"ארוחת סמוקי אנטריקוט","description":"נתחי אנטריקוט, בצל מקורמל, בצל סגול, מלפפון חמוץ, חסה,\r\nסלט עגבניות פיקנטי, רוטב איולי צימיצורי\r\n","price":63,"vegan":false,"vegetarian":false,"notFood":false,"drinks":false},{"name":"ארוחת קארל לואיס","description":"חזה עוף צרוב, טחינה, גוואקמולי ,סלט עגבניות פיקנטי, מלפפון חמוץ, סלט פלפלים\nקלויים\n","price":59,"vegan":false,"vegetarian":false,"notFood":false,"drinks":false},{"name":"ארוחת המפורק","description":"שווארמה הודו מפורקת, בצל מקורמל, טחינה, איולי קארי, חסה,\nסלט עגבניות פיקנטי, מלפפון חמוץ, בצל סגול","price":64,"vegan":false,"vegetarian":false,"notFood":false,"drinks":false},{"name":"ארוחת סביח ביאליק","description":"חציל מטוגן, טחינה, ביצה קשה, לימון כבוש, חסה, פטרוזיליה,\nסלט עגבניות פיקנטי, מלפפון חמוץ","price":47,"vegan":false,"vegetarian":true,"notFood":false,"drinks":false},{"name":"ארוחת סלופי לואיזינה","description":"בשר בקר מפורק ברוטב מעושן, איולי ברביקיו, חסה, סלט עגבניות פיקנטי,\nמלפפון חמוץ ובצל סגול, מוגש בלחם פרנה )פיקנטי(","price":61,"vegan":false,"vegetarian":false,"notFood":false,"drinks":false},{"name":"ארוחת שניצל בחלה","description":"חלה קלועה, שניצל, מטבוחה פיקנטית, חצילים מטוגנים, טחינה וירקות","price":66,"vegan":false,"vegetarian":false,"notFood":false,"drinks":false},{"name":"סמוקי אנטריקוט","description":"נתחי אנטריקוט, בצל מקורמל, בצל סגול, מלפפון חמוץ, חסה,\nסלט עגבניות פיקנטי, רוטב איולי צ'ימיצ'ורי\n","price":49,"vegan":false,"vegetarian":false,"image":"https://d25t2285lxl5rf.cloudfront.net/images/dishes/12593009-0ac8-4c9b-b9eb-2464888bca5e.jpg","notFood":false,"drinks":false},{"name":"המפורק","description":"שווארמה הודו מפורקת, בצל מקורמל, טחינה, איולי קארי, חסה,\nסלט עגבניות פיקנטי, מלפפון חמוץ, בצל סגול","price":52,"vegan":false,"vegetarian":false,"image":"https://d25t2285lxl5rf.cloudfront.net/images/dishes/f35d7b5b-35f9-48df-b04e-01ba7db0eac9.jpg","notFood":false,"drinks":false},{"name":"סביח ביאליק","description":"חציל מטוגן, טחינה, ביצה קשה, לימון כבוש, חסה, פטרוזיליה,\nסלט עגבניות פיקנטי, מלפפון חמוץ","price":36,"vegan":false,"vegetarian":true,"image":"https://d25t2285lxl5rf.cloudfront.net/images/dishes/eeba08aa-f7cc-4cde-b679-29ee13233c9b.jpg","notFood":false,"drinks":false},{"name":"סלופי לואיזיאנה","description":"בשר בקר מפורק ברוטב מעושן, איולי ברביקיו, חסה, סלט עגבניות פיקנטי,\nמלפפון חמוץ ובצל סגול, מוגש בלחם פרנה (פיקנטי)\n","price":46,"vegan":false,"vegetarian":false,"image":"https://d25t2285lxl5rf.cloudfront.net/images/dishes/ee893f0f-72bd-4bec-9f13-f01cff328f23.jpg","notFood":false,"drinks":false},{"name":"קארל לואיס","description":"חזה עוף צרוב, טחינה, גוואקמולי ,סלט עגבניות פיקנטי, מלפפון חמוץ, סלט פלפלים\nקלויים\n","price":47,"vegan":false,"vegetarian":false,"notFood":false,"drinks":false},{"name":"שניצל בחלה","description":"חלה קלועה, שניצל, מטבוחה פיקנטית, חצילים מטוגנים, טחינה וירקות","price":55,"vegan":false,"vegetarian":false,"notFood":false,"drinks":false},{"name":"המבורגר 160 גרם","description":"קציצת בורגר, חסה, עגבניה, מלפפון חמוץ, בצל סגול, איולי ברביקיו\n","price":47,"vegan":false,"vegetarian":false,"image":"https://d25t2285lxl5rf.cloudfront.net/images/dishes/33c4cebc-b668-4315-9ed4-ce31542e5e5a.jpg","notFood":false,"drinks":false},{"name":"המבורגר 320 גרם","description":"קציצת בורגר, חסה, עגבניה, מלפפון חמוץ, בצל סגול, איולי ברביקיו\n","price":64,"vegan":false,"vegetarian":false,"image":"https://d25t2285lxl5rf.cloudfront.net/images/dishes/f4c08883-7bfd-4c5a-bce5-309d622c3b7d.jpg","notFood":false,"drinks":false},{"name":"שניצל בורגר","description":"שניצל, חציל מטוגן, חסה, עגבניה, מלפפון חמוץ, בצל סגול, איולי ברביקיו","price":43,"vegan":false,"vegetarian":false,"image":"https://d25t2285lxl5rf.cloudfront.net/images/dishes/b72a9f67-b030-41f1-941c-4a2b4fabba63.jpg","notFood":false,"drinks":false},{"name":"הקצב ממנהטן","description":"קציצת בורגר, אנטריקוט עם בצל מקורמל, ביצת עין, איולי צ'ימיצ'ורי,\nחסה, מלפפון חמוץ ובצל סגול","price":59,"vegan":false,"vegetarian":false,"image":"https://d25t2285lxl5rf.cloudfront.net/images/dishes/2868252a-4198-4b23-b0d0-1863f1d20e83.jpg","notFood":false,"drinks":false},{"name":"אקספרס של חצות","description":"קציצת בורגר, רצועות טלה קריספי עם פטריות מוקפצות על הפלנצ'ה,\nחסה, עגבניה, מלפפון חמוץ, בצל סגול, רוטב איולי ברביקיו\n","price":61,"vegan":false,"vegetarian":false,"image":"https://d25t2285lxl5rf.cloudfront.net/images/dishes/b667cc46-6617-4eb5-a02b-0f30e5a87e4b.jpg","notFood":false,"drinks":false},{"name":"קרייזי אלבמה","description":"קציצת בורגר, ברביקיו, קולסלאו, ביצת עין, טלה מעושן, טבעות בצל וחמאת בוטנים\n","price":59,"vegan":false,"vegetarian":false,"image":"https://d25t2285lxl5rf.cloudfront.net/images/dishes/2bb58c01-ea07-40f1-995a-523292f68547.jpg","notFood":false,"drinks":false},{"name":"הקשר הצרפתי","description":"קציצת בורגר, פטריות מוקפצות על הפלנצ'ה, צ'יפס בטטה, איולי כמהין, בצל מקורמל\n","price":59,"vegan":true,"vegetarian":true,"image":"https://d25t2285lxl5rf.cloudfront.net/images/dishes/432ff013-4c7e-4659-b051-794dea987492.jpg","notFood":false,"drinks":false},{"name":"מארדונה","description":"קציצת בורגר, אסאדו מפורק על הפלנצ׳ה, צי׳מיצ׳ורי, איולי שום חרדל \n","price":59,"vegan":true,"vegetarian":true,"image":"https://d25t2285lxl5rf.cloudfront.net/images/dishes/fb2902db-be79-4187-964c-3199acd1df98.jpg","notFood":false,"drinks":false},{"name":"כץ דלי","description":"קציצת בורגר, איולי שום אפוי, קורנביף, גבינת צ׳דר טבעוני, כרוב צרוב,\nחמוצים וחרדל","price":59,"vegan":false,"vegetarian":true,"image":"https://d25t2285lxl5rf.cloudfront.net/images/dishes/4f53ada4-33e8-4fd4-b3cf-53a8bd480c2f.jpg","notFood":false,"drinks":false},{"name":"יום העצמאות","description":"קציצת טלה, עגבניות בצלים ופלפל חריף בגריל, פטרוזיליה בסומק,\nטחינה וסחוג ירוק","price":49,"vegan":false,"vegetarian":false,"image":"https://d25t2285lxl5rf.cloudfront.net/images/dishes/2f14b58f-bc38-4c56-b97d-bd0dfcec723e.jpg","notFood":false,"drinks":false},{"name":"המבורגר טבעוני 🌱","description":"קציצת חומוס טבעונית, עשבי תיבול, פטריות ובצל מקורמל בלחמניית בורגר, ירקות וטחינה\n","price":44,"vegan":true,"vegetarian":true,"image":"https://d25t2285lxl5rf.cloudfront.net/images/dishes/d8b07d7f-f2ff-4268-af02-7b9f2db4f6d4.jpg","notFood":false,"drinks":false},{"name":"פאזל קיד בורגר 120 גרם","description":"המבורגר בלחמנייה + צ'יפס / פוטטוס + שתייה\nירקות לבחירה: חסה, עגבניה, מלפפון חמוץ, בצל סגול, רוטב איולי ברביקיו **המבורגר ילדים מגיע יבש במידה ורוצים ירקות ורוטב נא לציין","price":46,"vegan":false,"vegetarian":false,"notFood":false,"drinks":false},{"name":"שניצלונים עם צ'יפס","description":"מוגש עם צ'יפס ושתיה לבחירה","price":46,"vegan":false,"vegetarian":false,"notFood":false,"drinks":false},{"name":"סלט מהגינה של שפרה","description":"תחתית ארטישוק צלויה, חסה, עגבניה, מלפפון ירוק, צנוניות, פלפל קלוי,\nמלפפון חמוץ, בצל סגול, גזר, פטריות מוקפצות מתובל בשמן זית, לימון מלח פלפל","price":42,"vegan":true,"vegetarian":true,"image":"https://d25t2285lxl5rf.cloudfront.net/images/dishes/8a5b08c5-4cff-4d93-bc26-1ae302d942b2.jpg","notFood":false,"drinks":false},{"name":"בקבוק מים מינרלים","price":10,"vegan":true,"vegetarian":true,"notFood":false,"drinks":true},{"name":"סודה","price":10,"vegan":true,"vegetarian":true,"notFood":false,"drinks":true},{"name":"קוקה קולה","price":10,"vegan":true,"vegetarian":true,"notFood":false,"drinks":true},{"name":"קוקה קולה זירו","price":10,"vegan":true,"vegetarian":true,"notFood":false,"drinks":true},{"name":"ספרייט","price":10,"vegan":true,"vegetarian":true,"notFood":false,"drinks":true},{"name":"ספרייט זירו","price":10,"vegan":true,"vegetarian":true,"notFood":false,"drinks":true},{"name":"פאנטה","price":10,"vegan":true,"vegetarian":true,"notFood":false,"drinks":false},{"name":"פרגית תפוזים","price":11,"vegan":false,"vegetarian":false,"notFood":false,"drinks":false},{"name":"פריגת ענבים","price":11,"vegan":true,"vegetarian":true,"notFood":false,"drinks":true},{"name":"פיוזטי","price":11,"vegan":true,"vegetarian":true,"notFood":false,"drinks":false}]}