{"track_id":"21339","filters":["meatGrill","homeMade"],"image":"https://tenbis-static.azureedge.net/restaurant-default-card-image/CuzineType_meatgrill_06.jpg","address":"הנשיא וייצמן, 23 עפולה","location":[35.2882617,32.6108079],"name":"שיפודי כינור דוד","city":"עפולה","priceAverage":41.11538461538461,"menu":[{"name":"שווארמה עגל","description":"","price":44,"vegan":false,"vegetarian":false,"image":"https://d25t2285lxl5rf.cloudfront.net/images/dishes/a48efe67-bc92-4e55-984c-46bd25e8d366.jpg","notFood":false,"drinks":false},{"name":"נקניקיות מרגז","description":"","price":50,"vegan":true,"vegetarian":true,"image":"https://d25t2285lxl5rf.cloudfront.net/images/dishes/d1c2f412-833f-425a-9fe4-6cefda584126.jpg","notFood":false,"drinks":false},{"name":"שווארמה עגל","description":"","price":46,"vegan":false,"vegetarian":false,"image":"https://d25t2285lxl5rf.cloudfront.net/images/dishes/7bdc75b3-f12c-41e9-a5e4-889dc964285f.jpg","notFood":false,"drinks":false},{"name":"שווארמה פרגית","description":"סלטים לבחירה ","price":48,"vegan":false,"vegetarian":false,"image":"https://d25t2285lxl5rf.cloudfront.net/images/dishes/8f5adfe1-a17f-43d6-9b29-5db6045597c6.jpg","notFood":false,"drinks":false},{"name":"שני שיפודי פרגיות","description":"מוגש בליווי לחם, צ'יפס, סלט ותוספת לבחירה ושתי קופסאות חמוצים ","price":57,"vegan":false,"vegetarian":false,"image":"https://d25t2285lxl5rf.cloudfront.net/images/dishes/e768a85c-3619-427c-a04d-81d2e41621ee.jpg","notFood":false,"drinks":false},{"name":"שווארמה פרגית","description":"","price":46,"vegan":false,"vegetarian":false,"image":"https://d25t2285lxl5rf.cloudfront.net/images/dishes/6ff1971a-8de5-44d7-8f8f-6cb25bb6acc6.jpg","notFood":false,"drinks":false},{"name":"שווארמה הודו","description":"מוגש בליווי לחם, צ'יפס, סלט ותוספת לבחירה ושתי קופסאות חמוצים ","price":60,"vegan":false,"vegetarian":false,"image":"https://d25t2285lxl5rf.cloudfront.net/images/dishes/7ab81960-8e10-421a-af4d-d86ab604564f.jpg","notFood":false,"drinks":false},{"name":"חזה עוף","description":"מוגש בליווי לחם, צ'יפס, סלט ותוספת לבחירה ושתי קופסאות חמוצים ","price":57,"vegan":false,"vegetarian":false,"image":"https://d25t2285lxl5rf.cloudfront.net/images/dishes/323fe803-df58-4817-8052-4b4db9755a2b.jpg","notFood":false,"drinks":false},{"name":"שני שיפודי כבד עוף","description":"מוגש בליווי לחם, צ'יפס, סלט ותוספת לבחירה ושתי קופסאות חמוצים ","price":57,"vegan":false,"vegetarian":false,"image":"https://d25t2285lxl5rf.cloudfront.net/images/dishes/8156b86c-3de2-46ca-9a4e-ed4f27371e56.jpg","notFood":false,"drinks":false},{"name":"שני שיפודי פרגיות","description":"מוגש בליווי לחם, צ'יפס, סלט ותוספת לבחירה ושתי קופסאות חמוצים ","price":57,"vegan":false,"vegetarian":false,"image":"https://d25t2285lxl5rf.cloudfront.net/images/dishes/e768a85c-3619-427c-a04d-81d2e41621ee.jpg","notFood":false,"drinks":false},{"name":"שני שיפודי לבבות","description":"מוגש בליווי לחם, צ'יפס, סלט ותוספת לבחירה ושתי קופסאות חמוצים ","price":57,"vegan":true,"vegetarian":true,"image":"https://d25t2285lxl5rf.cloudfront.net/images/dishes/99602691-cd33-474a-9059-335b1fd9fd47.jpg","notFood":false,"drinks":false},{"name":"שני שיפודי קבב","description":"מוגש בליווי לחם, צ'יפס, סלט ותוספת לבחירה ושתי קופסאות חמוצים ","price":57,"vegan":false,"vegetarian":false,"image":"https://d25t2285lxl5rf.cloudfront.net/images/dishes/68a0cda0-8688-48fb-b2c1-6263ec1d46e8.jpg","notFood":false,"drinks":false},{"name":"מעורב","description":"מוגש בליווי לחם, צ'יפס, סלט ותוספת לבחירה ושתי קופסאות חמוצים ","price":57,"vegan":true,"vegetarian":true,"image":"https://d25t2285lxl5rf.cloudfront.net/images/dishes/d10e171a-1943-418c-9248-b7fb8ad1c476.jpg","notFood":false,"drinks":false},{"name":"שניצל","description":"מוגש בליווי לחם, צ'יפס, סלט ותוספת לבחירה ושתי קופסאות חמוצים ","price":50,"vegan":false,"vegetarian":false,"image":"https://d25t2285lxl5rf.cloudfront.net/images/dishes/b94fa17d-f0e5-4970-83f5-dbdc9283e03d.jpg","notFood":false,"drinks":false},{"name":"פילה סלמון","description":"","price":70,"vegan":false,"vegetarian":false,"image":"https://d25t2285lxl5rf.cloudfront.net/images/dishes/4a0b5dc3-590f-4e49-92f5-7df8544defbd.jpg","notFood":false,"drinks":false},{"name":"שווארמה פרגית","description":"","price":60,"vegan":false,"vegetarian":false,"image":"https://d25t2285lxl5rf.cloudfront.net/images/dishes/6cc58c67-4f82-42e6-9290-7c13dc0112f1.jpg","notFood":false,"drinks":false},{"name":"נקניקיות מרגז","description":"","price":50,"vegan":true,"vegetarian":true,"image":"https://d25t2285lxl5rf.cloudfront.net/images/dishes/e9d2f237-6ec5-480b-ada0-06bfcf9b8da6.jpg","notFood":false,"drinks":false},{"name":"מעורב","description":"סלטים לבחירה ","price":44,"vegan":true,"vegetarian":true,"image":"https://d25t2285lxl5rf.cloudfront.net/images/dishes/e1bcad8a-4317-4144-aa84-315cf426837d.jpg","notFood":false,"drinks":false},{"name":"חזה עוף","description":"סלטים לבחירה ","price":44,"vegan":false,"vegetarian":false,"image":"https://d25t2285lxl5rf.cloudfront.net/images/dishes/706f14e2-ed8a-4703-818d-71bffae8bdc3.jpg","notFood":false,"drinks":false},{"name":"שני שיפודי פרגיות","description":"סלטים לבחירה ","price":44,"vegan":false,"vegetarian":false,"image":"https://d25t2285lxl5rf.cloudfront.net/images/dishes/06aef872-1c3d-4eb3-9f48-4bf5d2dac839.jpg","notFood":false,"drinks":false},{"name":"שני שיפודי לבבות","description":"סלטים לבחירה ","price":44,"vegan":true,"vegetarian":true,"image":"https://d25t2285lxl5rf.cloudfront.net/images/dishes/8bf4d4a6-4506-4e6c-80ba-3060f0fef22a.jpg","notFood":false,"drinks":false},{"name":"שני שיפודי קבב","description":"סלטים לבחירה ","price":44,"vegan":false,"vegetarian":false,"image":"https://d25t2285lxl5rf.cloudfront.net/images/dishes/a25d4108-a7fa-4c36-920a-055e45e041f2.jpg","notFood":false,"drinks":false},{"name":"שניצל","description":"סלטים לבחירה ","price":32,"vegan":false,"vegetarian":false,"image":"https://d25t2285lxl5rf.cloudfront.net/images/dishes/18da18c3-7abb-40b3-ba7d-a5684f78ad90.jpg","notFood":false,"drinks":false},{"name":"שווארמה עגל","description":"","price":44,"vegan":false,"vegetarian":false,"image":"https://d25t2285lxl5rf.cloudfront.net/images/dishes/7ecc7244-6faf-488e-811e-a20ffc1622de.jpg","notFood":false,"drinks":false},{"name":"שני שיפודי כבד עוף","description":"","price":44,"vegan":false,"vegetarian":false,"image":"https://d25t2285lxl5rf.cloudfront.net/images/dishes/b6d686d4-5610-43d4-8769-8a1bdf64258f.jpg","notFood":false,"drinks":false},{"name":"נקניקיות מרגז","description":"","price":35,"vegan":true,"vegetarian":true,"image":"https://d25t2285lxl5rf.cloudfront.net/images/dishes/41c06fcc-425c-40bb-9175-bb05a32fd977.jpg","notFood":false,"drinks":false},{"name":"חזה עוף","description":"סלטים לבחירה ","price":46,"vegan":false,"vegetarian":false,"image":"https://d25t2285lxl5rf.cloudfront.net/images/dishes/bfa1f7da-ff07-48d7-8ab9-c83aa3bba956.jpg","notFood":false,"drinks":false},{"name":"שני שיפודי כבד עוף","description":"סלטים לבחירה ","price":46,"vegan":false,"vegetarian":false,"image":"https://d25t2285lxl5rf.cloudfront.net/images/dishes/96764d59-a184-4df7-a9de-0e5a941b5836.jpg","notFood":false,"drinks":false},{"name":"שני שיפודי פרגיות","description":"סלטים לבחירה ","price":46,"vegan":false,"vegetarian":false,"image":"https://d25t2285lxl5rf.cloudfront.net/images/dishes/40a0e785-dad7-47dc-bb33-228e08b26d06.jpg","notFood":false,"drinks":false},{"name":"שני שיפודי לבבות","description":"סלטים לבחירה ","price":46,"vegan":true,"vegetarian":true,"image":"https://d25t2285lxl5rf.cloudfront.net/images/dishes/f5f29dac-d341-4685-8011-33529238fa33.jpg","notFood":false,"drinks":false},{"name":"שני שיפודי קבב","description":"סלטים לבחירה ","price":42,"vegan":false,"vegetarian":false,"image":"https://d25t2285lxl5rf.cloudfront.net/images/dishes/75a280dd-e7bf-405a-9f93-7374e4ab06f5.jpg","notFood":false,"drinks":false},{"name":"מעורב","description":"סלטים לבחירה ","price":46,"vegan":true,"vegetarian":true,"image":"https://d25t2285lxl5rf.cloudfront.net/images/dishes/42d6c1c8-8a22-4507-bd6f-bfa444c6dfa5.jpg","notFood":false,"drinks":false},{"name":"שניצל","description":"סלטים לבחירה ","price":35,"vegan":false,"vegetarian":false,"image":"https://d25t2285lxl5rf.cloudfront.net/images/dishes/4d08e6e8-c516-4a14-bd85-40258ab2114c.jpg","notFood":false,"drinks":false},{"name":"שווארמה עגל","description":"","price":46,"vegan":false,"vegetarian":false,"image":"https://d25t2285lxl5rf.cloudfront.net/images/dishes/f483fedb-7fb6-40ac-b92e-45ec3b12205e.jpg","notFood":false,"drinks":false},{"name":"שווארמה פרגית","description":"","price":46,"vegan":false,"vegetarian":false,"image":"https://d25t2285lxl5rf.cloudfront.net/images/dishes/e51bdab0-6b72-452a-9b57-51c9377c499a.jpg","notFood":false,"drinks":false},{"name":"נקניקיות מרגז","description":"","price":42,"vegan":true,"vegetarian":true,"image":"https://d25t2285lxl5rf.cloudfront.net/images/dishes/9d3dcde0-75a6-4c80-9b30-2bb070cc1396.jpg","notFood":false,"drinks":false},{"name":"שווארמה פרגית","description":"סלטים לבחירה ","price":48,"vegan":false,"vegetarian":false,"image":"https://d25t2285lxl5rf.cloudfront.net/images/dishes/8f5adfe1-a17f-43d6-9b29-5db6045597c6.jpg","notFood":false,"drinks":false},{"name":"חזה עוף","description":"סלטים לבחירה ","price":48,"vegan":false,"vegetarian":false,"image":"https://d25t2285lxl5rf.cloudfront.net/images/dishes/8a682787-70b9-48b4-a0b1-0eb71efb2135.jpg","notFood":false,"drinks":false},{"name":"שני שיפודי כבד עוף","description":"סלטים לבחירה ","price":48,"vegan":false,"vegetarian":false,"image":"https://d25t2285lxl5rf.cloudfront.net/images/dishes/94653371-bf93-4713-bfa2-8d0bef8b13f0.jpg","notFood":false,"drinks":false},{"name":"שני שיפודי פרגיות","description":"סלטים לבחירה ","price":48,"vegan":false,"vegetarian":false,"image":"https://d25t2285lxl5rf.cloudfront.net/images/dishes/c5ce5c3d-6b02-44e5-9654-0c95a0680a00.jpg","notFood":false,"drinks":false},{"name":"שני שיפודי לבבות","description":"סלטים לבחירה ","price":48,"vegan":true,"vegetarian":true,"image":"https://d25t2285lxl5rf.cloudfront.net/images/dishes/c589d0f8-b3e0-4d8a-bd20-783da70e2a51.jpg","notFood":false,"drinks":false},{"name":"שני שיפודי קבב","description":"סלטים לבחירה ","price":48,"vegan":false,"vegetarian":false,"image":"https://d25t2285lxl5rf.cloudfront.net/images/dishes/96c6889a-9c7a-4ec0-b3e1-8a68bbc2a8bb.jpg","notFood":false,"drinks":false},{"name":"מעורב","description":"סלטים לבחירה ","price":48,"vegan":true,"vegetarian":true,"image":"https://d25t2285lxl5rf.cloudfront.net/images/dishes/4c9e5ddf-1832-4885-bd2a-cdaeac9be4c3.jpg","notFood":false,"drinks":false},{"name":"שניצל","description":"סלטים לבחירה ","price":40,"vegan":false,"vegetarian":false,"image":"https://d25t2285lxl5rf.cloudfront.net/images/dishes/7f46c43e-3ddb-4223-842d-267e6ff267bb.jpg","notFood":false,"drinks":false},{"name":"נקניקיות מרגז","description":"","price":45,"vegan":true,"vegetarian":true,"image":"","notFood":false,"drinks":false},{"name":"שווארמה פרגית","description":"","price":60,"vegan":false,"vegetarian":false,"image":"https://d25t2285lxl5rf.cloudfront.net/images/dishes/665ba47f-7240-4b9c-95f3-e71ddc1541ad.jpg","notFood":false,"drinks":false},{"name":"נקניקיות מרגז","description":"","price":50,"vegan":true,"vegetarian":true,"image":"https://d25t2285lxl5rf.cloudfront.net/images/dishes/d1c2f412-833f-425a-9fe4-6cefda584126.jpg","notFood":false,"drinks":false},{"name":"שווארמה הודו","description":"מוגש בליווי לחם, צ'יפס, סלט ותוספת לבחירה ושתי קופסאות חמוצים ","price":60,"vegan":false,"vegetarian":false,"image":"","notFood":false,"drinks":false},{"name":"חזה עוף","description":"מוגש בליווי לחם, צ'יפס, סלט ותוספת לבחירה ושתי קופסאות חמוצים ","price":57,"vegan":false,"vegetarian":false,"image":"","notFood":false,"drinks":false},{"name":"שני שיפודי כבד עוף","description":"מוגש בליווי לחם, צ'יפס, סלט ותוספת לבחירה ושתי קופסאות חמוצים ","price":57,"vegan":false,"vegetarian":false,"image":"","notFood":false,"drinks":false},{"name":"שני שיפודי פרגיות","description":"מוגש בליווי לחם, צ'יפס, סלט ותוספת לבחירה ושתי קופסאות חמוצים ","price":57,"vegan":false,"vegetarian":false,"image":"","notFood":false,"drinks":false},{"name":"שני שיפודי לבבות","description":"מוגש בליווי לחם, צ'יפס, סלט ותוספת לבחירה ושתי קופסאות חמוצים ","price":57,"vegan":true,"vegetarian":true,"image":"","notFood":false,"drinks":false},{"name":"שני שיפודי קבב","description":"מוגש בליווי לחם, צ'יפס, סלט ותוספת לבחירה ושתי קופסאות חמוצים ","price":57,"vegan":false,"vegetarian":false,"image":"","notFood":false,"drinks":false},{"name":"מעורב","description":"מוגש בליווי לחם, צ'יפס, סלט ותוספת לבחירה ושתי קופסאות חמוצים ","price":57,"vegan":true,"vegetarian":true,"image":"","notFood":false,"drinks":false},{"name":"שניצל","description":"מוגש בליווי לחם, צ'יפס, סלט ותוספת לבחירה ושתי קופסאות חמוצים ","price":50,"vegan":false,"vegetarian":false,"image":"","notFood":false,"drinks":false},{"name":"פילה סלמון","description":"","price":70,"vegan":false,"vegetarian":false,"image":"","notFood":false,"drinks":false},{"name":"שווארמה עגל","description":"","price":44,"vegan":false,"vegetarian":false,"image":"https://d25t2285lxl5rf.cloudfront.net/images/dishes/a48efe67-bc92-4e55-984c-46bd25e8d366.jpg","notFood":false,"drinks":false},{"name":"שני שיפודי כבד עוף","description":"","price":44,"vegan":false,"vegetarian":false,"image":"https://d25t2285lxl5rf.cloudfront.net/images/dishes/fa577f9f-7d28-4e38-b69d-7901d34bf9b4.jpg","notFood":false,"drinks":false},{"name":"נקניקיות מרגז","description":"","price":35,"vegan":true,"vegetarian":true,"image":"https://d25t2285lxl5rf.cloudfront.net/images/dishes/c95238dd-9f01-4b15-bfaa-bfff63fd594d.jpg","notFood":false,"drinks":false},{"name":"חזה עוף","description":"סלטים לבחירה ","price":44,"vegan":false,"vegetarian":false,"image":"","notFood":false,"drinks":false},{"name":"שני שיפודי פרגיות","description":"סלטים לבחירה ","price":44,"vegan":false,"vegetarian":false,"image":"","notFood":false,"drinks":false},{"name":"שני שיפודי לבבות","description":"סלטים לבחירה ","price":44,"vegan":true,"vegetarian":true,"image":"","notFood":false,"drinks":false},{"name":"שני שיפודי קבב","description":"סלטים לבחירה ","price":44,"vegan":false,"vegetarian":false,"image":"","notFood":false,"drinks":false},{"name":"מעורב","description":"סלטים לבחירה ","price":44,"vegan":true,"vegetarian":true,"image":"","notFood":false,"drinks":false},{"name":"שניצל","description":"סלטים לבחירה ","price":32,"vegan":false,"vegetarian":false,"image":"","notFood":false,"drinks":false},{"name":"שווארמה עגל","description":"","price":46,"vegan":false,"vegetarian":false,"image":"https://d25t2285lxl5rf.cloudfront.net/images/dishes/7bdc75b3-f12c-41e9-a5e4-889dc964285f.jpg","notFood":false,"drinks":false},{"name":"שווארמה פרגית","description":"","price":46,"vegan":false,"vegetarian":false,"image":"https://d25t2285lxl5rf.cloudfront.net/images/dishes/6ff1971a-8de5-44d7-8f8f-6cb25bb6acc6.jpg","notFood":false,"drinks":false},{"name":"נקניקיות מרגז","description":"","price":42,"vegan":true,"vegetarian":true,"image":"https://d25t2285lxl5rf.cloudfront.net/images/dishes/e145ed82-fc7e-4782-82b1-69873dfd2d1e.jpg","notFood":false,"drinks":false},{"name":"חזה עוף","description":"סלטים לבחירה ","price":46,"vegan":false,"vegetarian":false,"image":"","notFood":false,"drinks":false},{"name":"שני שיפודי כבד עוף","description":"סלטים לבחירה ","price":46,"vegan":false,"vegetarian":false,"image":"","notFood":false,"drinks":false},{"name":"שני שיפודי פרגיות","description":"סלטים לבחירה ","price":46,"vegan":false,"vegetarian":false,"image":"","notFood":false,"drinks":false},{"name":"שני שיפודי לבבות","description":"סלטים לבחירה ","price":46,"vegan":true,"vegetarian":true,"image":"","notFood":false,"drinks":false},{"name":"שני שיפודי קבב","description":"סלטים לבחירה ","price":42,"vegan":false,"vegetarian":false,"image":"","notFood":false,"drinks":false},{"name":"מעורב","description":"סלטים לבחירה ","price":46,"vegan":true,"vegetarian":true,"image":"","notFood":false,"drinks":false},{"name":"שניצל","description":"סלטים לבחירה ","price":35,"vegan":false,"vegetarian":false,"image":"","notFood":false,"drinks":false},{"name":"נקניקיות מרגז","description":"","price":45,"vegan":true,"vegetarian":true,"image":"https://d25t2285lxl5rf.cloudfront.net/images/dishes/66541fe6-31e9-4c74-9e83-32b96560df16.jpg","notFood":false,"drinks":false},{"name":"שווארמה פרגית","description":"סלטים לבחירה ","price":48,"vegan":false,"vegetarian":false,"image":"","notFood":false,"drinks":false},{"name":"חזה עוף","description":"סלטים לבחירה ","price":48,"vegan":false,"vegetarian":false,"image":"","notFood":false,"drinks":false},{"name":"שני שיפודי כבד עוף","description":"סלטים לבחירה ","price":48,"vegan":false,"vegetarian":false,"image":"","notFood":false,"drinks":false},{"name":"שני שיפודי פרגיות","description":"סלטים לבחירה ","price":48,"vegan":false,"vegetarian":false,"image":"","notFood":false,"drinks":false},{"name":"שני שיפודי לבבות","description":"סלטים לבחירה ","price":48,"vegan":true,"vegetarian":true,"image":"","notFood":false,"drinks":false},{"name":"שני שיפודי קבב","description":"סלטים לבחירה ","price":48,"vegan":false,"vegetarian":false,"image":"","notFood":false,"drinks":false},{"name":"מעורב","description":"סלטים לבחירה ","price":48,"vegan":true,"vegetarian":true,"image":"","notFood":false,"drinks":false},{"name":"שניצל","description":"סלטים לבחירה ","price":40,"vegan":false,"vegetarian":false,"image":"","notFood":false,"drinks":false},{"name":"צ'יפס קטן","description":"","price":15,"vegan":true,"vegetarian":true,"image":"","notFood":false,"drinks":false},{"name":"צ'יפס גדול","description":"","price":20,"vegan":true,"vegetarian":true,"image":"","notFood":false,"drinks":false},{"name":"פחית קוקה קולה","description":"","price":10,"vegan":true,"vegetarian":true,"image":"https://az712101.vo.msecnd.net/itemimages/order-19107847_item-1081440_user-1437510_636099660031080610.jpg","notFood":false,"drinks":true},{"name":"פחית קוקה קולה זירו","description":"","price":10,"vegan":true,"vegetarian":true,"image":"","notFood":false,"drinks":true},{"name":"פחית ספרייט","description":"","price":10,"vegan":true,"vegetarian":true,"image":"","notFood":false,"drinks":true},{"name":"פחית פאנטה","description":"","price":10,"vegan":true,"vegetarian":true,"image":"","notFood":false,"drinks":false},{"name":"פחית דיאט ספרייט","description":"","price":10,"vegan":true,"vegetarian":true,"image":"","notFood":false,"drinks":true},{"name":"בקבוק קוקה קולה ליטר וחצי","description":"חצי ליטר","price":17,"vegan":true,"vegetarian":true,"image":"","notFood":false,"drinks":true},{"name":"בקבוק קוקה קולה זירו","description":"","price":12,"vegan":true,"vegetarian":true,"image":"","notFood":false,"drinks":true},{"name":"בקבוק ספרייט","description":"","price":12,"vegan":true,"vegetarian":true,"image":"","notFood":false,"drinks":true},{"name":"בקבוק פאנטה","description":"","price":12,"vegan":true,"vegetarian":true,"image":"","notFood":false,"drinks":true},{"name":"בקבוק דיאט ספרייט","description":"","price":12,"vegan":true,"vegetarian":true,"image":"","notFood":false,"drinks":true},{"name":"בקבוק סודה","description":"","price":10,"vegan":true,"vegetarian":true,"image":"","notFood":false,"drinks":true},{"name":"בקבוק נביעות","description":"","price":10,"vegan":true,"vegetarian":true,"image":"","notFood":false,"drinks":true},{"name":"פריגת תפוזים","description":"","price":12,"vegan":true,"vegetarian":true,"image":"","notFood":false,"drinks":false},{"name":"פריגת אשכוליות","description":"","price":12,"vegan":true,"vegetarian":true,"image":"","notFood":false,"drinks":false},{"name":"פריגת ענבים","description":"","price":12,"vegan":true,"vegetarian":true,"image":"","notFood":false,"drinks":true},{"name":"נקטר פריגת","description":"","price":12,"vegan":true,"vegetarian":true,"image":"","notFood":false,"drinks":false},{"name":"פיוז תה","description":"","price":12,"vegan":true,"vegetarian":true,"image":"","notFood":false,"drinks":false},{"name":"שתיה ליטר וחצי","description":"קולה ליטר וחצי","price":17,"vegan":true,"vegetarian":true,"image":"","notFood":false,"drinks":true}]}