{"track_id":"21335","filters":["japaneseSushi","asianFusion","salads"],"image":"https://tenbis-static.azureedge.net/restaurant-card-image/ResCard_21335_20200227165615.jpg","address":"זרחין, 13 רעננה","location":[34.8824398,32.1980466],"name":"נגיסה  ","city":"הרצליה - רמת השרון","priceAverage":56.72857142857143,"menu":[{"name":"אדממה","description":"פולי סויה במלח גס ולימון","price":28,"vegan":true,"vegetarian":true,"image":"https://d25t2285lxl5rf.cloudfront.net/images/dishes/28e229e9-4219-4094-bda9-cad05e9c5b3e.jpg","notFood":false,"drinks":false},{"name":"טסקמונו - חמוצים יפנים","description":"כרוב, גזר ומלפפון בתחמיץ יפני ושומשום","price":20,"vegan":true,"vegetarian":true,"image":"https://d25t2285lxl5rf.cloudfront.net/images/dishes/8d05d997-ea19-48d6-9a94-d8c15ea1c317.jpg","notFood":false,"drinks":false},{"name":"סלט שורשי נגיסה","description":"חסה אייסברג, גזר, כרוב לבן ומלפפון, ברוטב ויניגרט אסייתי\nבעיטור שומשום ושבבי בטטה","price":19,"vegan":true,"vegetarian":true,"image":"https://d25t2285lxl5rf.cloudfront.net/images/dishes/a1b15601-643d-4a33-8ba1-a0db0e994eea.jpg","notFood":false,"drinks":false},{"name":"אגרול ירקות","description":"3 יח' אגרול במילוי ירקות, בליווי צ'ילי מתוק","price":32,"vegan":true,"vegetarian":true,"image":"https://d25t2285lxl5rf.cloudfront.net/images/dishes/41049f61-afb1-48ea-b520-9774770ff304.jpg","notFood":false,"drinks":false},{"name":"פטריות בטמפורה","description":"פטריות במעטפת טמפורה, ברוטב טריאקי ועיטור שומשום ","price":43,"vegan":true,"vegetarian":true,"image":"https://d25t2285lxl5rf.cloudfront.net/images/dishes/b0c0dd10-2cc9-439f-b310-1f219445baa6.jpg","notFood":false,"drinks":false},{"name":"צ'יקן ווינגס","description":"12 יח', כנפי עוף ברוטב פיקנטי בעיטור שומשום","price":43,"vegan":false,"vegetarian":false,"image":"https://d25t2285lxl5rf.cloudfront.net/images/dishes/0bd59d97-467d-4164-8f77-69f84cfc92fc.jpg","notFood":false,"drinks":false},{"name":"ספרינג רול יפני","description":"8 יח' רול סושי חם במילוי אטריות נודלס מוקפצים עם כרוב, גזר ברוטב אסייתי בציפוי טמפורה.","price":35,"vegan":true,"vegetarian":true,"image":"https://d25t2285lxl5rf.cloudfront.net/images/dishes/9a9891ad-7a85-4695-b4ad-117c6cadd3a3.jpg","notFood":false,"drinks":false},{"name":"קריספי בטטה","description":"אצבעות בטטה בציפוי טמפורה ובלווי מטבלי נגיסה","price":35,"vegan":true,"vegetarian":true,"image":"https://d25t2285lxl5rf.cloudfront.net/images/dishes/b6e2faba-0051-46ea-94ad-8b40a6d170ce.jpg","notFood":false,"drinks":false},{"name":"אורז מאודה","description":"ללא גלוטן","price":14,"vegan":true,"vegetarian":true,"image":"https://d25t2285lxl5rf.cloudfront.net/images/dishes/d9b0cfb0-a88a-4095-b1b0-e4c99eb9ec29.jpg","notFood":false,"drinks":false},{"name":"אורז מוקפץ","price":21,"vegan":true,"vegetarian":true,"image":"https://d25t2285lxl5rf.cloudfront.net/images/dishes/5af5f009-6f8c-48d1-814a-26ce4a2070cb.jpg","notFood":false,"drinks":false},{"name":"סלט אסייתי","price":17,"vegan":true,"vegetarian":true,"notFood":false,"drinks":false},{"name":"סלט מלפפון קראנץ'","description":"עוף, מלפפון וכוסברה. ברוטב חמאת בוטנים וקרם קוקוס בעיטור בוטנים - מומלץ","price":35,"vegan":false,"vegetarian":false,"notFood":false,"drinks":false},{"name":"מרק מיסו","description":"בתוספת קוביות טופו,  ובצל ירוק ","price":21,"vegan":true,"vegetarian":true,"image":"https://d25t2285lxl5rf.cloudfront.net/images/dishes/1d34c098-6508-49b1-ad89-2da2bde6ab24.jpg","notFood":false,"drinks":false},{"name":"מרק בטטה","description":"בניחוח אסייתי עם קרם קוקוס ועיטור בצל ירוק","price":29,"vegan":true,"vegetarian":true,"image":"https://d25t2285lxl5rf.cloudfront.net/images/dishes/8e26bb1d-bb58-464f-abf4-f91c8b6ef374.jpg","notFood":false,"drinks":false},{"name":"מרק תירס","description":"בניחוח אסייתי עם קרם קוקוס ועיטור בצל ירוק","price":29,"vegan":true,"vegetarian":true,"image":"https://d25t2285lxl5rf.cloudfront.net/images/dishes/fbf03414-cc5b-421e-abab-13dd4d9d9b56.jpg","notFood":false,"drinks":false},{"name":"סלט פאנקוצ'ק טופו","description":"טופו בציפוי טמפורה ,חסה אייסברג, כרוב לבן, גזר,\nמלפפון ובצל סגול, בוויניגרט אסייתי ועיטור שומשום","price":52,"vegan":true,"vegetarian":true,"image":"https://d25t2285lxl5rf.cloudfront.net/images/dishes/1d0bd589-290f-493a-a8a0-c5ec2207a08b.jpg","notFood":false,"drinks":false},{"name":"סלט פאנקוצ'ק עוף","description":"עוף בציפוי טמפורה ,חסה אייסברג, כרוב לבן, גזר,\nמלפפון ובצל סגול, בוויניגרט אסייתי ועיטור שומשום","price":54,"vegan":false,"vegetarian":false,"image":"https://d25t2285lxl5rf.cloudfront.net/images/dishes/7cf9c503-5e3d-4264-9a33-74ac7fa11e74.jpg","notFood":false,"drinks":false},{"name":"סלט פאנקוצ'ק סלמון","description":"סלמון בציפוי טמפורה,חסה אייסברג, כרוב לבן, גזר,\nמלפפון ובצל סגול, בוויניגרט אסייתי ועיטור שומשום","price":58,"vegan":false,"vegetarian":false,"image":"https://d25t2285lxl5rf.cloudfront.net/images/dishes/8545afe2-a92d-48ca-be36-3907ad4c81dd.jpg","notFood":false,"drinks":false},{"name":"סלט  אוסקה טופו\n","description":"טופו בציפוי טמפורה, חסה אייסברג, מלפפון, בטטה, נענע, \nכוסברה, בצל סגול, פרי העונה, צ'ילי חריף, שבבי שאלוט, קריספי שום, בוויניגרט הדרים ועיטור בוטנים","price":53,"vegan":true,"vegetarian":true,"image":"https://d25t2285lxl5rf.cloudfront.net/images/dishes/a5205009-a9bf-4dd8-89a7-a717ec8096e2.jpg","notFood":false,"drinks":false},{"name":"סלט אוסקה דג לבן","description":"דג בציפוי טמפורה, חסה אייסברג, מלפפון, בטטה, נענע\nכוסברה, בצל סגול, פרי העונה, צ'ילי חריף, שבבי שאלוט, קריספי שום, בוויניגרט הדרים ועיטור בוטנים","price":64,"vegan":false,"vegetarian":false,"image":"https://d25t2285lxl5rf.cloudfront.net/images/dishes/df8b5d2c-9716-4276-8576-7555e2173385.jpg","notFood":false,"drinks":false},{"name":"סלט טונה יוזו","description":"טונה, חסה אייסברג, מלפפון, פרי העונה, שבבי שאלוט, אבוקדו, פטריות שיטאקי,\nכוסברה, נענע ואפונת וואסבי בוויניגרט יוזו-דבש - מומלץ","price":76,"vegan":false,"vegetarian":false,"image":"https://d25t2285lxl5rf.cloudfront.net/images/dishes/efb28d0e-b90a-4d6f-9233-bf4fc5627de5.jpg","notFood":false,"drinks":false},{"name":"סלט עוף ויאטנמי","description":"רצועות עוף בציפוי טמפורה, חסה אייסברג, מלפפון, נבטים, גזר, פטריות שיטאקי, 64 ₪\nשבבי שעועית, כוסברה ונענע, ברוטב חמאת בוטנים וקרם קוקוס בעיטור שומשום","price":73,"vegan":false,"vegetarian":false,"image":"https://d25t2285lxl5rf.cloudfront.net/images/dishes/2fd6aa87-b6e7-4bad-8962-4798458d7f2a.jpg","notFood":false,"drinks":false},{"name":"סלט אוסקה עוף","description":"נתחי עוף בציפוי טמפורה,  חסה אייסברג, מלפפון, בטטה, נענע\nכוסברה, בצל סגול, פרי העונה, צ'ילי חריף, שבבי שאלוט, קריספי שום, בוויניגרט הדרים ועיטור בוטנים","price":57,"vegan":false,"vegetarian":false,"notFood":false,"drinks":false},{"name":"יאקיסובה  טופו","description":"נודלס/אורז מוקפץ עם טופו, בצל, כרוב,גזר, גמבה ונטיפי ביצה ברוטב טריאקי","price":59,"vegan":false,"vegetarian":true,"image":"https://d25t2285lxl5rf.cloudfront.net/images/dishes/ab0834a7-4000-45fd-89b4-3736ddaa0c79.jpg","notFood":false,"drinks":false},{"name":"יאקיסובה עוף","description":"נודלס/אורז מוקפץ עם עוף, בצל, כרוב,גזר, גמבה ונטיפי ביצה ברוטב טריאקי","price":62,"vegan":false,"vegetarian":false,"image":"https://d25t2285lxl5rf.cloudfront.net/images/dishes/eb208c69-bcc4-4ec7-9c21-53623a466f85.jpg","notFood":false,"drinks":false},{"name":"יאקיסובה בקר","description":"\nנודלס/אורז מוקפץ עם בקר, בצל, כרוב,גזר, גמבה ונטיפי ביצה ברוטב טריאקי","price":65,"vegan":false,"vegetarian":false,"image":"https://d25t2285lxl5rf.cloudfront.net/images/dishes/c9a1c3a4-297f-45b5-b34c-f217dde2d001.jpg","notFood":false,"drinks":false},{"name":"נגיסה סובה טופו","description":"פיקנטי | נודלס/אורז מוקפץ עם טופו בצל,כרוב,גזר, גמבה ונטיפי ביצה ברוטב אסיאתי ","price":59,"vegan":false,"vegetarian":true,"image":"https://d25t2285lxl5rf.cloudfront.net/images/dishes/19550cba-bac8-4019-8112-3894eed418c6.jpg","notFood":false,"drinks":false},{"name":"נגיסה סובה  בקר","description":"פיקנטי | נודלס/אורז מוקפץ עם בקר בצל,כרוב,גזר, גמבה ונטיפי ביצה ברוטב אסיאתי","price":65,"vegan":false,"vegetarian":false,"image":"https://d25t2285lxl5rf.cloudfront.net/images/dishes/6e7d6609-2f7d-4495-9dda-7b03ad1f35d3.jpg","notFood":false,"drinks":false},{"name":"נגיסה סובה עוף","description":"פיקנטי | נודלס/אורז מוקפץ עם עוףבצל,כרוב,גזר, גמבה ונטיפי ביצה ברוטב אסיאתי","price":62,"vegan":false,"vegetarian":false,"image":"https://d25t2285lxl5rf.cloudfront.net/images/dishes/dd216e0a-f01e-48c7-b027-ae5c3ff32eaa.jpg","notFood":false,"drinks":false},{"name":"פאד תאי טופו","description":"אטריות אורז מוקפצות עם טופו, כרוב, נבטים, בצל ירוק ונטיפי ביצה, ברוטב סויה תאילנדי, בעיטור כוסברה ובוטנים. ללא גלוטן","price":62,"vegan":false,"vegetarian":true,"image":"https://d25t2285lxl5rf.cloudfront.net/images/dishes/1e81f594-a124-459a-90e7-54bcf16d58be.jpg","notFood":false,"drinks":false},{"name":"ספייסי צ'יקן","description":"נודלס מוקפץ עם עוף, כרוב, פלפל חריף, בצל ופטריות ברוטב אסייתי","price":64,"vegan":false,"vegetarian":false,"image":"https://d25t2285lxl5rf.cloudfront.net/images/dishes/24af57c7-18c5-45b5-9198-5cadc205da98.jpg","notFood":false,"drinks":false},{"name":"קוקו קארי פלייקס עוף","description":"שבבי אטריות אורז מוקפצים עם  עוף, גזר, נבטים, פטריות, \nבצל לבן וירוק, ברוטב קארי אדום וקרם קוקוס","price":70,"vegan":false,"vegetarian":false,"image":"https://d25t2285lxl5rf.cloudfront.net/images/dishes/0a881c85-2922-4f54-8535-1ed7e41556ec.jpg","notFood":false,"drinks":false},{"name":"קוקו קארי פלייקס  טופו","description":"שבבי אטריות אורז מוקפצים עם טופו  גזר, נבטים, פטריות,בצל לבן וירוק, ברוטב קארי אדום וקרם קוקוס","price":65,"vegan":true,"vegetarian":true,"image":"https://d25t2285lxl5rf.cloudfront.net/images/dishes/2c6dbbd2-8187-442b-9f2b-46cae31f9784.jpg","notFood":false,"drinks":false},{"name":"הטבעונית הירוקה","description":"שבבי אטריות אורז, מוקפצים עם טופו, פטריות, תרד, אפונה, בצל לבן וירוק, \nברוטב קארי ירוק וקרם קוקוס","price":65,"vegan":true,"vegetarian":true,"image":"https://d25t2285lxl5rf.cloudfront.net/images/dishes/88bc7567-21cb-40ea-9f60-717aab0a03f5.jpg","notFood":false,"drinks":false},{"name":"ספייסי ביף","description":"אטריות אורז מוקפצות עם בקר, פטריות, בצל ירוק, פלפל חריף ונטיפי ביצה\nברוטב אסייתי ועיטור בוטנים","price":65,"vegan":false,"vegetarian":false,"image":"https://d25t2285lxl5rf.cloudfront.net/images/dishes/14bf0d77-6238-45e8-96e7-a42aacdd4632.jpg","notFood":false,"drinks":false},{"name":"בקר סצ'ואן","description":"נתחי בקר מוקפצים עם פלפלים צבעוניים ובצל על מצע אורז לבן ברוטב סצ'ואן","price":65,"vegan":false,"vegetarian":false,"image":"https://d25t2285lxl5rf.cloudfront.net/images/dishes/c8c698f5-9690-47b6-927d-a7ba965be9b9.jpg","notFood":false,"drinks":false},{"name":"גרין קארי טופו","description":"טופו מוקפץ עם אפונה, תרד, בצל וכוסברה ברוטב קארי ירוק\nוקרם קוקוס על מצע אורז לבן","price":62,"vegan":true,"vegetarian":true,"image":"https://d25t2285lxl5rf.cloudfront.net/images/dishes/5fe81ae8-6638-4582-9e47-d382edbf2078.jpg","notFood":false,"drinks":false},{"name":"גרין קארי עוף","description":"עוף מוקפץ עם אפונה, תרד, בצל וכוסברה ברוטב קארי ירוק \nוקרם קוקוס על מצע אורז לבן","price":65,"vegan":false,"vegetarian":false,"image":"https://d25t2285lxl5rf.cloudfront.net/images/dishes/440fd97b-cf9e-498f-9efb-412b6866772c.jpg","notFood":false,"drinks":false},{"name":"צ'יקן קארי","description":"רצועות עוף בקארי אדום וקרם קוקוס, מוקפצים עם חצילים, קישואים, אפונה, בצל, \nצ'ילי חריף ושבבי שאלוט על מצע אורז לבן","price":64,"vegan":false,"vegetarian":false,"image":"https://d25t2285lxl5rf.cloudfront.net/images/dishes/0c9917d8-b9f5-4cbc-9894-214fdfb2a16d.jpg","notFood":false,"drinks":false},{"name":"פאד תאי בקר","description":"אטריות אורז מוקפצות עם בקר,כרוב, נבטים, בצל ירוק ונטיפי ביצה, ברוטב סויה תאילנדי, בעיטור כוסברה ובוטנים. ללא גלוטן","price":68,"vegan":false,"vegetarian":false,"notFood":false,"drinks":false},{"name":"פאד תאי עוף","description":"אטריות אורז מוקפצות עם עוף, כרוב, נבטים, בצל ירוק ונטיפי ביצה, ברוטב סויה תאילנדי, בעיטור כוסברה ובוטנים. ללא גלוטן","price":65,"vegan":false,"vegetarian":false,"notFood":false,"drinks":false},{"name":"פאד קפאו","description":"בקר קצוץ מוקפץ עם קישוא ,חציל, בצל לבן ובזיליקום ברוטב אסייתי, \nעל מצע אורז לבן וביצת עין מעל","price":68,"vegan":false,"vegetarian":false,"notFood":false,"drinks":false},{"name":"פאד קי מאו","description":"שבבי שעועית מוקפצים עם בקר קצוץ, צ'ילי תאילנדי אש, בזיליקום, אפונה, \nבצל סגול, קישואים, שבבי שאלוט, קריספי שום ברוטב אסייתי ועיטור בוטנים","price":65,"vegan":false,"vegetarian":false,"notFood":false,"drinks":false},{"name":"קומבינציה צמחונית A","description":"4 יח' I/O אבוקדו, גזר ומלפפון, \n4 יח' I/O בטטה טמפורה, אבוקדו וגזר, \n4 יח' מאקי אבוקדו, \n4 יח' מאקי טמאגו (חביתה יפנית), \n2 יח' ניגירי טמאגו (חביתה יפנית).\n","price":59,"vegan":false,"vegetarian":true,"image":"https://d25t2285lxl5rf.cloudfront.net/images/dishes/f152b762-ec7d-47d4-b12d-7a7f0b1986db.jpg","notFood":false,"drinks":false},{"name":"קומבינציה B","description":"4 יח' I/O סלמון ואבוקדו, \n4 יח' I/O סלמון סקין ומלפפון, \n4 יח' מאקי אבוקדו, \n4 יח' מאקי סלמון.","price":65,"vegan":false,"vegetarian":false,"image":"https://d25t2285lxl5rf.cloudfront.net/images/dishes/4fcb6422-af87-4f28-ae88-7b8bcdeb1941.jpg","notFood":false,"drinks":false},{"name":"קומבינציה D","description":"4 יח׳ I/0 סלמון ואבוקדו\n4 יח׳ I/0 טונה ומלפפון\n2 יח' מאקי טונה\n2 יח' מאקי סלמון\n2 יח' פוטומאקי - סלמון, אבוקדו, גזר ומלפפון\n1 יח׳ ניגירי סלמון\n1 יח׳ ניגירי טונה","price":73,"vegan":false,"vegetarian":false,"image":"https://d25t2285lxl5rf.cloudfront.net/images/dishes/e633f600-fdc5-4ec8-a9e6-4aa4e33c0eb9.jpg","notFood":false,"drinks":false},{"name":"קומבינציה E צמחונית","description":"4 יח׳ I/0 בטטה בטמפורה, אבוקדו וגזר,\nבמעטפת אבוקדו.\n4 יח׳ I/0 טופו בטמפורה ומלפפון, במעטפת בטטה\n4 יח׳ מאקי טמאגו\n4 יח׳ מאקי בטטה\n2 יח׳ ניגירי אבוקדו","price":65,"vegan":false,"vegetarian":true,"image":"https://d25t2285lxl5rf.cloudfront.net/images/dishes/9f60a3bf-8ce8-4545-8037-d9abfaa2982c.jpg","notFood":false,"drinks":false},{"name":"קומבינציה H","description":"4 יח' I/O סלמון ואבוקדו, \n4 יח' I/O טונה אדומה ואבוקדו, \n4 יח' I/O סלמון סקין ומלפפון, \n4 יח' I/O ספייסי טונה ואבוקדו, \n4 יח' סשימי סלמון.","price":98,"vegan":false,"vegetarian":false,"image":"https://d25t2285lxl5rf.cloudfront.net/images/dishes/1f8c3e7f-5bbd-4b5b-acb9-395d7c28fc57.jpg","notFood":false,"drinks":false},{"name":"קומבינציה J","description":"8 יח׳ I/0 סלמון ואבוקדו\n8 יח׳ I/0 בטטה בטמפורה, אבוקדו וגזר\n8 יח׳ מאקי טונה\n4 יח׳ פוטומאקי שיטאקי, אבוקדו, גזר ומלפפון\n2 יח׳ ניגירי סלמון\n2 יח׳ ניגירי טונה","price":109,"vegan":false,"vegetarian":false,"image":"https://d25t2285lxl5rf.cloudfront.net/images/dishes/2346b95b-5b6c-4362-badc-4f5b49157137.jpg","notFood":false,"drinks":false},{"name":"קומבינצית השף L","description":"4 יח׳ I/O סלמון בטמפורה ואבוקדו, במעטפת בטטה\n4 יח׳ I/O סלמון וסלמון סקין, במעטפת אבוקדו\n4 יח׳ I/O סלמון ואבוקדו, במעטפת טונה\n4 יח׳ I/O טונה ואבוקדו, במעטפת סלמון\n2 יח' ניגירי סלמון\n2 יח' ניגירי דניס","price":120,"vegan":false,"vegetarian":false,"image":"https://d25t2285lxl5rf.cloudfront.net/images/dishes/5b88ab08-fef6-45d5-bff0-c5ab7ceae903.jpg","notFood":false,"drinks":false},{"name":"קומבינצית פנקו M - מוגש חם","description":"קומבינצית פנקו M - מוגש חם בציפוי פנקו\n4 יח׳ I/O סלמון ואבוקדו\n4 יח׳ I/O ספייסי טונה ואבוקדו\n4 יח׳ I/O דניס, שיטאקי ובצל ירוק\n4 יח׳ I/O ספייסי סלמון ואבוקדו","price":87,"vegan":false,"vegetarian":false,"image":"https://d25t2285lxl5rf.cloudfront.net/images/dishes/40fa42ac-7505-422c-b7f0-7ca61cb87b39.jpg","notFood":false,"drinks":false},{"name":"קומבו N","description":"8 יח׳ I/0 סלמון ואבוקדו בציפוי פנקו, מוגש חם\n8 יח׳ I/0 צמחוני / דגים לבחירה*\n*מקטוגריית I/0 בלבד","price":76,"vegan":false,"vegetarian":false,"image":"https://d25t2285lxl5rf.cloudfront.net/images/dishes/68fdd9d0-4e78-4411-add3-5638d3211da3.jpg","notFood":false,"drinks":false},{"name":"באן אסאדו","description":"לחמניות מאודות במילוי אסאדו בבישול ארוך\nקולסלאו אסייתי, איולי כוסברה, בליווי קריספי בטטה (2 יחידות)","price":64,"vegan":true,"vegetarian":true,"image":"https://d25t2285lxl5rf.cloudfront.net/images/dishes/651b5d02-2be9-442d-98ee-e0fda76a5b87.jpg","notFood":false,"drinks":false},{"name":"סלמון סטייק","description":"נתח סלמון במרינדת השף, על מצע אורז","price":98,"vegan":false,"vegetarian":false,"image":"https://d25t2285lxl5rf.cloudfront.net/images/dishes/cd3f4b52-d84e-4786-a9ae-06b9571158ce.jpg","notFood":false,"drinks":false},{"name":"דניס יוזו","description":" פילה דניס במרינדת השף, בתוספת ירקות בטמפורה: בטטה, פטריות וקישואים - מומלץ","price":92,"vegan":false,"vegetarian":false,"image":"https://d25t2285lxl5rf.cloudfront.net/images/dishes/2fd39552-6c80-4f8f-ab7a-726e24453213.jpg","notFood":false,"drinks":false},{"name":"טוריטריאקי","description":"חזה עוף ברוטב טריאקי, על מצע אורז ובעיטור שבבי בטטה","price":63,"vegan":false,"vegetarian":false,"image":"https://d25t2285lxl5rf.cloudfront.net/images/dishes/c3bbb910-a5be-4150-a12e-3d97a82afb93.jpg","notFood":false,"drinks":false},{"name":"פאנקו צ'יקן","description":"חזה עוף בציפוי פריך, בעיטור איולי קארי ובצל ירוק, על מצע אורז","price":64,"vegan":false,"vegetarian":false,"image":"https://d25t2285lxl5rf.cloudfront.net/images/dishes/c43c2db4-6b99-488c-9f0a-301139749fa9.jpg","notFood":false,"drinks":false},{"name":"עוף לימון","description":"נתחי עוף בציפוי טמפורה, ברוטב צ'ילי לימון וסויה בעיטור שומשום, על מצע אורז","price":65,"vegan":false,"vegetarian":false,"image":"https://d25t2285lxl5rf.cloudfront.net/images/dishes/8e4f260d-4530-40e5-8412-d8d033526b9e.jpg","notFood":false,"drinks":false},{"name":"פיש אנד צ'יפס","description":" נתחי דג לבן בציפוי טמפורה, בליווי קריספי בטטה ואיולי קארי","price":87,"vegan":false,"vegetarian":false,"image":"https://d25t2285lxl5rf.cloudfront.net/images/dishes/f2b5351f-5dca-474c-b0ff-cf59f0ada9e0.jpg","notFood":false,"drinks":false},{"name":"נגיסה קראנץ'","description":"סלמון, אבוקדו ומלפפון, במעטפת סלמון צרוב, בעיטור ספייסי מיונז, טריאקי \nושבבי בטטה מעל","price":54,"vegan":false,"vegetarian":false,"image":"https://d25t2285lxl5rf.cloudfront.net/images/dishes/55121a49-5507-4aaf-89a6-677370a772fa.jpg","notFood":false,"drinks":false},{"name":"נגיסה פוטומאקי\n","description":"סלמון, טונה, אבוקדו, בטטה בטמפורה וחנוקי","price":54,"vegan":false,"vegetarian":false,"image":"https://d25t2285lxl5rf.cloudfront.net/images/dishes/bcdffd84-cecc-4e58-afa2-b586a1fbe193.jpg","notFood":false,"drinks":false},{"name":"גרין רול","description":"טופו בטמפורה, אבוקדו, אספרגוס ומלפפון במעטפת בצל ירוק","price":42,"vegan":true,"vegetarian":true,"image":"https://d25t2285lxl5rf.cloudfront.net/images/dishes/f991c16e-e3d2-49c3-86f0-3e2f96600cdc.jpg","notFood":false,"drinks":false},{"name":"ריינבו","description":"סלמון ואבוקדו במעטפת טונה, סלמון, בטטה ואבוקדו","price":54,"vegan":false,"vegetarian":false,"image":"https://d25t2285lxl5rf.cloudfront.net/images/dishes/a815252e-8922-4be4-972c-0d0e3e24e649.jpg","notFood":false,"drinks":false},{"name":"נגיסה ספיישל","description":"סלמון, אבוקדו ושיטאקי, במעטפת סלמון מעושן, אבוקדו ולימון","price":57,"vegan":false,"vegetarian":false,"image":"https://d25t2285lxl5rf.cloudfront.net/images/dishes/236be5d0-199f-4ad3-abc8-b55e900bf81e.jpg","notFood":false,"drinks":false},{"name":"דרגון רול","description":"סלמון בטמפורה בציפוי שומשום קלוי, אספרגוס, אבוקדו ובצל ירוק, במעטפת אבוקדו","price":54,"vegan":false,"vegetarian":false,"image":"https://d25t2285lxl5rf.cloudfront.net/images/dishes/b6c95751-f373-44e0-9a55-7ee525a0459c.jpg","notFood":false,"drinks":false},{"name":"ספייסי סאקה","description":"סלמון, אבוקדו, אספרגוס ובצל ירוק, במעטפת סלמון ,טוביקו בעיטור ספייסי מיונז","price":54,"vegan":false,"vegetarian":false,"image":"https://d25t2285lxl5rf.cloudfront.net/images/dishes/c5df74f8-2ca4-4e11-ae46-d0afbc05bf13.jpg","notFood":false,"drinks":false},{"name":"פנקאפורה סלמון אבוקדו","description":"סלמון ואבוקדו רול. מוגש חם","price":48,"vegan":false,"vegetarian":false,"image":"https://d25t2285lxl5rf.cloudfront.net/images/dishes/f1d58e90-2e00-49e5-8e30-bbc92014cd5c.jpg","notFood":false,"drinks":false},{"name":"פוטומאקי נורי","description":"דניס,טונה, סלמון ואספרגוס, בציפוי טמפורה \nובעיטור ספייסי מיונז וטריאקי. מוגש חם\nחמש יחידות\nללא אורז","price":62,"vegan":false,"vegetarian":false,"image":"https://d25t2285lxl5rf.cloudfront.net/images/dishes/50e8fd63-40f1-47dc-bd55-9c062483fce7.jpg","notFood":false,"drinks":false},{"name":"סה קנה לימון","description":"סלמון, שיטאקי, ספייסי מיונז, אבוקדו ובצל ירוק, במעטפת טונה ולימון","price":62,"vegan":false,"vegetarian":false,"image":"https://d25t2285lxl5rf.cloudfront.net/images/dishes/3dcf18d1-598a-4226-99dc-af1d2ae7c9e0.jpg","notFood":false,"drinks":false},{"name":"אקא טונה רול","description":"דניס, אבוקדו, בוטנים ושיטאקי, במעטפת טונה, בעיטור שבבי סלמון בטמפורה ובליווי ספייסי מיונז, טריאקי ובצל ירוק","price":73,"vegan":false,"vegetarian":false,"image":"https://d25t2285lxl5rf.cloudfront.net/images/dishes/d1f03b97-8281-4b5c-987c-d769f6f55ce7.jpg","notFood":false,"drinks":false},{"name":"סנדביץ פאנקפורה","description":"סלמון אבוקדו ובטטה רול. מוגש חם","price":52,"vegan":false,"vegetarian":false,"image":"https://d25t2285lxl5rf.cloudfront.net/images/dishes/f8bc97f7-5d1a-4065-9ec9-cea3e77e59a4.jpg","notFood":false,"drinks":false},{"name":"טייפון","description":"סלמון בטמפורה, אבוקדו, מלפפון ובצל ירוק, במעטפת בטטה ובעיטור טריאקי","price":48,"vegan":false,"vegetarian":false,"image":"https://d25t2285lxl5rf.cloudfront.net/images/dishes/c694c585-c113-49e7-82ef-2959ea519d0e.jpg","notFood":false,"drinks":false},{"name":"טמאגו","description":"10 יחידות טמאגו, גזר, מלפפון ובטטה בטמפורה","price":32,"vegan":false,"vegetarian":true,"image":"https://d25t2285lxl5rf.cloudfront.net/images/dishes/638bc2fc-7fd4-4228-ae99-075b4efb9da3.jpg","notFood":false,"drinks":false},{"name":"סלמון","description":"עם אבוקדו גזר ומלפפון, 10 יחידות","price":43,"vegan":false,"vegetarian":false,"image":"https://d25t2285lxl5rf.cloudfront.net/images/dishes/4584179e-0fb5-4878-bb6b-8f06d6496c8d.jpg","notFood":false,"drinks":false},{"name":"טונה אדומה","description":"טונה, אבוקדו ובטטה בטמפורה 10 יחידות","price":43,"vegan":false,"vegetarian":false,"image":"https://d25t2285lxl5rf.cloudfront.net/images/dishes/4db36b67-f4d9-48ce-99eb-5efd35511858.jpg","notFood":false,"drinks":false},{"name":"דניס","description":"עם אספרגוס ומלפפון, 10 יחידות","price":43,"vegan":false,"vegetarian":false,"image":"https://d25t2285lxl5rf.cloudfront.net/images/dishes/d814e069-823f-4e95-aba5-b44e81a545ed.jpg","notFood":false,"drinks":false},{"name":"מאקי מלפפון","price":20,"vegan":true,"vegetarian":true,"notFood":false,"drinks":false},{"name":"מאקי גזר","price":20,"vegan":true,"vegetarian":true,"notFood":false,"drinks":false},{"name":"מאקי אבוקדו","price":20,"vegan":true,"vegetarian":true,"notFood":false,"drinks":false},{"name":"מאקי טמאגו","price":20,"vegan":false,"vegetarian":true,"notFood":false,"drinks":false},{"name":"מאקי בטטה טמפורה","price":20,"vegan":true,"vegetarian":true,"notFood":false,"drinks":false},{"name":"מאקי טופו טמפורה","price":20,"vegan":true,"vegetarian":true,"notFood":false,"drinks":false},{"name":"מאקי סלמון","price":26,"vegan":false,"vegetarian":false,"notFood":false,"drinks":false},{"name":"מאקי טונה","price":29,"vegan":false,"vegetarian":false,"notFood":false,"drinks":false},{"name":"מאקי דניס","price":29,"vegan":false,"vegetarian":false,"notFood":false,"drinks":false},{"name":"סלמון","description":"סלמון שמגיע עם אבוקדו ובטטה","price":42,"vegan":false,"vegetarian":false,"image":"https://d25t2285lxl5rf.cloudfront.net/images/dishes/8719e5ae-4412-4a6e-9120-877294428a29.jpg","notFood":false,"drinks":false},{"name":"ספייסי טונה","price":42,"vegan":false,"vegetarian":false,"image":"https://d25t2285lxl5rf.cloudfront.net/images/dishes/8f347000-01e3-4915-8762-800fc9ac3165.jpg","notFood":false,"drinks":false},{"name":"סנדביץ בטטה","description":"בטטה בטמפורה עם גזר, מלפפון ואבוקדו","price":35,"vegan":true,"vegetarian":true,"notFood":false,"drinks":false},{"name":"סנדביץ טונה","description":"טונה \nעם גזר, מלפפון ואבוקדו","price":42,"vegan":false,"vegetarian":false,"notFood":false,"drinks":false},{"name":"טאמגו","description":"2 יחידות","price":19,"vegan":true,"vegetarian":true,"image":"https://d25t2285lxl5rf.cloudfront.net/images/dishes/87a00103-479f-4c15-ad26-bf29b458995c.jpg","notFood":false,"drinks":false},{"name":"סלמון","description":"2 יחידות","price":24,"vegan":false,"vegetarian":false,"image":"https://d25t2285lxl5rf.cloudfront.net/images/dishes/f1d775ac-27a7-4645-a6f6-2d72667b20b1.jpg","notFood":false,"drinks":false},{"name":"דניס","description":"2 יחידות","price":26,"vegan":false,"vegetarian":false,"image":"https://d25t2285lxl5rf.cloudfront.net/images/dishes/d391b464-f793-4231-8473-6c416dfed017.jpg","notFood":false,"drinks":false},{"name":"טונה אדומה","description":"2 יחידות","price":26,"vegan":false,"vegetarian":false,"image":"https://d25t2285lxl5rf.cloudfront.net/images/dishes/74ad191d-da1c-49f9-8e69-91be2dc53326.jpg","notFood":false,"drinks":false},{"name":"סלמון","description":"4 יחידות","price":40,"vegan":false,"vegetarian":false,"image":"https://d25t2285lxl5rf.cloudfront.net/images/dishes/900a9190-caac-499e-bb2a-7b083b73fd9e.jpg","notFood":false,"drinks":false},{"name":"טונה אדומה","description":"4 יחידות","price":46,"vegan":false,"vegetarian":false,"image":"https://d25t2285lxl5rf.cloudfront.net/images/dishes/df6869e6-e8b3-4fc7-bd8a-eb871c155b6e.jpg","notFood":false,"drinks":false},{"name":"דניס","description":"4 יחידות","price":46,"vegan":false,"vegetarian":false,"image":"https://d25t2285lxl5rf.cloudfront.net/images/dishes/230fd99b-dd85-47d5-ba1d-f259fe09b6dd.jpg","notFood":false,"drinks":false},{"name":"סלמון סקין עם אבוקדו ומלפפון","price":37,"vegan":false,"vegetarian":false,"image":"https://d25t2285lxl5rf.cloudfront.net/images/dishes/e2429280-2aab-4062-98e9-e576973a38f9.jpg","notFood":false,"drinks":false},{"name":"רול ספייסי סלמון, מלפפון וגזר","price":37,"vegan":false,"vegetarian":false,"image":"https://d25t2285lxl5rf.cloudfront.net/images/dishes/74d5e9d2-2545-4064-b647-d5a16ff7a9f5.jpg","notFood":false,"drinks":false},{"name":"\nספייסי טונה אדומה מלפפון וגזר","price":40,"vegan":false,"vegetarian":false,"image":"https://d25t2285lxl5rf.cloudfront.net/images/dishes/a4e4a196-d722-44e5-9f0e-e10d6133a90a.jpg","notFood":false,"drinks":false},{"name":"טונה אדומה ואבוקדו","price":42,"vegan":false,"vegetarian":false,"image":"https://d25t2285lxl5rf.cloudfront.net/images/dishes/2490bb10-11ca-4d65-b737-4ee08487774b.jpg","notFood":false,"drinks":false},{"name":"טמאגו גזר מלפפון","price":32,"vegan":false,"vegetarian":true,"image":"https://d25t2285lxl5rf.cloudfront.net/images/dishes/35e5b97d-29c2-4077-84b0-0d5b36f3fb6d.jpg","notFood":false,"drinks":false},{"name":"טופו טמפורה אבוקדו מלפפון","price":34,"vegan":true,"vegetarian":true,"image":"https://d25t2285lxl5rf.cloudfront.net/images/dishes/689cbf97-7f41-4365-92ac-607b63952b1e.jpg","notFood":false,"drinks":false},{"name":"בטטה טמפורה","description":" עם אבוקדו וגזר","price":34,"vegan":true,"vegetarian":true,"image":"https://d25t2285lxl5rf.cloudfront.net/images/dishes/1e6a2d0a-bbb1-4f91-8654-34ea52b6ca74.jpg","notFood":false,"drinks":false},{"name":"שיטאקה","description":"עם אבוקדו, גזר ומלפפון","price":35,"vegan":true,"vegetarian":true,"image":"https://d25t2285lxl5rf.cloudfront.net/images/dishes/12346efa-5825-44ef-a165-63acfff56e63.jpg","notFood":false,"drinks":false},{"name":"דניס","description":"עם בצל ירוק ומלפפון","price":42,"vegan":false,"vegetarian":false,"image":"https://d25t2285lxl5rf.cloudfront.net/images/dishes/0208e710-0ed9-4711-baec-9fb17b951b28.jpg","notFood":false,"drinks":false},{"name":"סלמון אבוקדו","price":42,"vegan":false,"vegetarian":false,"notFood":false,"drinks":false},{"name":"סלמון טמפורה I/O","description":"עם אבוקדו","price":42,"vegan":false,"vegetarian":false,"notFood":false,"drinks":false},{"name":"סלמון צרוב I/O","description":"עם אבוקדו ומלפפון","price":42,"vegan":false,"vegetarian":false,"notFood":false,"drinks":false},{"name":"טונה ומלפפון I/O","price":42,"vegan":false,"vegetarian":false,"notFood":false,"drinks":false},{"name":"שניצלונים","description":"שניצלונים בתוספת צ'יפס/אורז לבן, בליווי ירקות טריים ושתייה קלה","price":46,"vegan":false,"vegetarian":false,"image":"https://d25t2285lxl5rf.cloudfront.net/images/dishes/884363c5-077e-43d0-a12d-245c899678c0.jpg","notFood":false,"drinks":false},{"name":"נודלס ילדים","description":"נודלס עוף מוקפץ עם רוטב טריאקי, מוגש עם שתייה קלה","price":46,"vegan":false,"vegetarian":false,"image":"https://d25t2285lxl5rf.cloudfront.net/images/dishes/c85efa2d-1f25-4674-9336-32d3b85404e3.jpg","notFood":false,"drinks":false},{"name":"מגש קטן צמחוני","price":241,"vegan":true,"vegetarian":true,"image":"https://d25t2285lxl5rf.cloudfront.net/images/dishes/8ed626e3-41bb-4fdf-8221-f17567fed762.jpg","notFood":false,"drinks":false},{"name":"מגש קטן מעורב","price":274,"vegan":true,"vegetarian":true,"notFood":false,"drinks":false},{"name":"מגש דגים קטן","price":329,"vegan":false,"vegetarian":false,"notFood":false,"drinks":false},{"name":"מגש גדול צמחוני","price":329,"vegan":true,"vegetarian":true,"notFood":false,"drinks":false},{"name":"מגש גדול מעורב","price":384,"vegan":true,"vegetarian":true,"notFood":false,"drinks":false},{"name":"מגש גדול דגים","price":439,"vegan":false,"vegetarian":false,"notFood":false,"drinks":false},{"name":"רול סושי מתוק","description":"קרם וניל עטוף בשכבת טראפלס שוקולד וקוקוס קלוי בנגיעות קרמל","price":36,"vegan":false,"vegetarian":true,"image":"https://d25t2285lxl5rf.cloudfront.net/images/dishes/fe493a6d-53d9-4718-87f9-64ae76723d3e.jpg","notFood":false,"drinks":false},{"name":"עוגת שוקולד חמה","description":"עוגת שוקולד חמה ללא קמח מוגשת עם כדור גלידה וניל \nבנגיעות רוטב קרמל ואבקת סוכר","price":38,"vegan":false,"vegetarian":true,"image":"https://d25t2285lxl5rf.cloudfront.net/images/dishes/702e8623-510a-422b-85f7-9eef4f975afe.jpg","notFood":false,"drinks":false},{"name":"צנצנת דואט שוקולד","description":"קרם שוקולד בלגי, קרם קפה בשילוב פקאן מסוכר, על מצע בראוניס \nובציפוי גנאש שוקולד מריר","price":32,"vegan":false,"vegetarian":true,"image":"https://d25t2285lxl5rf.cloudfront.net/images/dishes/5cf7a4b8-fac0-4a86-aad9-1f5e0e347922.jpg","notFood":false,"drinks":false},{"name":"קרמינו","price":36,"vegan":true,"vegetarian":true,"image":"https://d25t2285lxl5rf.cloudfront.net/images/dishes/4505a39f-5a05-4d65-8227-d33f2906361b.jpg","notFood":false,"drinks":false},{"name":"כדור רושה","description":"בסיס נוגט קראנצי קרמו שוקולד,טראפל נוגט וקרם נוגט,בציפוי רושה קריספי \nוטוויל שוקולד מוזהב","price":36,"vegan":false,"vegetarian":true,"image":"https://d25t2285lxl5rf.cloudfront.net/images/dishes/6ac2a033-0e87-41a6-a0a2-da644d4f577b.jpg","notFood":false,"drinks":false},{"name":"מים מינרליים בבקבוק זכוכית","price":11,"vegan":true,"vegetarian":true,"notFood":false,"drinks":true},{"name":"סודה","price":11,"vegan":true,"vegetarian":true,"notFood":false,"drinks":true},{"name":"פריגת אשכוליות","price":13,"vegan":true,"vegetarian":true,"notFood":false,"drinks":false},{"name":"פריגת תפוזים","price":13,"vegan":true,"vegetarian":true,"notFood":false,"drinks":false},{"name":"פריגת ענבים","price":13,"vegan":true,"vegetarian":true,"notFood":false,"drinks":true},{"name":"פריגת תפוחים","price":13,"vegan":true,"vegetarian":true,"notFood":false,"drinks":false},{"name":"קולה","price":13,"vegan":true,"vegetarian":true,"notFood":false,"drinks":true},{"name":"דיאט קולה","price":13,"vegan":true,"vegetarian":true,"notFood":false,"drinks":true},{"name":"קולה זירו","price":13,"vegan":true,"vegetarian":true,"notFood":false,"drinks":true},{"name":"ספרייט","price":13,"vegan":true,"vegetarian":true,"notFood":false,"drinks":true},{"name":"ספרייט זירו","price":13,"vegan":true,"vegetarian":true,"notFood":false,"drinks":true},{"name":"פאנטה","price":13,"vegan":true,"vegetarian":true,"notFood":false,"drinks":false},{"name":"פיוז טי","price":13,"vegan":true,"vegetarian":true,"notFood":false,"drinks":false},{"name":"מאלטי","price":13,"vegan":true,"vegetarian":true,"notFood":false,"drinks":false},{"name":"מים בטעמים אפרסק","price":13,"vegan":true,"vegetarian":true,"notFood":false,"drinks":false},{"name":"מים בטעמים תפוח","price":13,"vegan":true,"vegetarian":true,"notFood":false,"drinks":false},{"name":"מים בטעמים ענבים","price":13,"vegan":true,"vegetarian":true,"notFood":false,"drinks":true},{"name":"פריגת לימונענע","price":13,"vegan":true,"vegetarian":true,"notFood":false,"drinks":false}]}