{"track_id":"21340","filters":["homeMade","veganFood","meatGrill"],"image":"https://tenbis-static.azureedge.net/restaurant-card-image/ResCard_21340_20210909092610.jpg","address":"מרכז בעלי מלאכה, 4 תל אביב-יפו","location":[34.7715206,32.0701471],"name":"חצ'פוריקס","city":"תל אביב-יפו","priceAverage":34.375,"menu":[{"name":"חגיגה גאורגית מפנקת","description":"מארז פינוק הכולל: חצ'פורי קלאסי, אצ'רולי, לוביאני, בליני גבינה, קינוח צ'ורצ'חלה, ומשקה גאורגי נטחטארי","price":159,"vegan":false,"vegetarian":true,"image":"https://d25t2285lxl5rf.cloudfront.net/images/dishes/b51b0a21-fe6a-4d04-8c15-50cf00de63bb.20","notFood":false,"drinks":false},{"name":"חצ'פורי קלאסי","description":"מאפה פריך ואוורירי במילוי שלושה סוגי גבינות גאורגיות מובחרות","price":25,"vegan":true,"vegetarian":true,"image":"https://d25t2285lxl5rf.cloudfront.net/images/dishes/89e9de86-b84c-4f8a-bdc2-e3708ee4c99f.jpg","notFood":false,"drinks":false},{"name":"לוביאני","description":"מאפה גיאורגי במילוי שעועית אדומה עשירה בתבלינים","price":25,"vegan":true,"vegetarian":true,"image":"https://d25t2285lxl5rf.cloudfront.net/images/dishes/54c9f58c-e529-4c62-bdf2-590849d00870.jpg","notFood":false,"drinks":false},{"name":"צ'יבורקי","description":"סהרון בצק ממולא בבשר בטעם עשיר ומתובל. מוגש עם רוטב שזיפי בר - 1 יחידה.","price":25,"vegan":false,"vegetarian":false,"image":"https://d25t2285lxl5rf.cloudfront.net/images/dishes/b1cadf28-c78b-4bed-b65a-71931678097f.jpg","notFood":false,"drinks":false},{"name":"פירושקי בשר","description":"פירושקי גיאורגי במילוי בשר בקר, בצל קצוץ דק ותבלינים - 3 יחידות.","price":45,"vegan":false,"vegetarian":false,"image":"https://d25t2285lxl5rf.cloudfront.net/images/dishes/af98c5cd-70ea-4b55-ba99-7bdee7f36f68.jpg","notFood":false,"drinks":false},{"name":"חינקלי בשר","description":"כיסונים אווריריים במילוי תערובת בשרים גיאורגית עסיסית ומתובלת - 5 יחידות.","price":45,"vegan":false,"vegetarian":false,"image":"https://d25t2285lxl5rf.cloudfront.net/images/dishes/74986d9f-d9a0-4750-a15a-3fcadd47e57f.jpg","notFood":false,"drinks":false},{"name":"חינקלי גבינה","description":"כיסונים במילוי גבינה גרוזינית משובחת - 6 יחידות.","price":45,"vegan":false,"vegetarian":true,"image":"https://d25t2285lxl5rf.cloudfront.net/images/dishes/905cedb4-b0d2-4538-9c20-17bab15efe62.jpg","notFood":false,"drinks":false},{"name":"בליני בשר","description":"סיגרים במילוי בשר בקר מתובל - 5 יחידות. מוגש עם רוטב גאורגי וחמוצי הבית.","price":45,"vegan":false,"vegetarian":false,"image":"https://d25t2285lxl5rf.cloudfront.net/images/dishes/bd921a7c-91b5-4de2-9cd1-b6c8477ed148.jpg","notFood":false,"drinks":false},{"name":"בליני גבינה","description":"סיגרים במילוי גבינת מוצרלה וגבינה גרוזינית - 5 יחידות. מוגש עם חמוצי הבית.","price":45,"vegan":false,"vegetarian":false,"image":"https://d25t2285lxl5rf.cloudfront.net/images/dishes/ccb30fee-ae98-48bc-b137-41aa086b2641.jpg","notFood":false,"drinks":false},{"name":"חצ'פורי אימרולי אישי","description":"מאפה בצק שמרים עשיר במילוי תערובת גבינות גאורגיות מובחרות","price":40,"vegan":true,"vegetarian":true,"image":"https://d25t2285lxl5rf.cloudfront.net/images/dishes/385d2b11-7d96-45db-a97c-4520b4282a25.jpg","notFood":false,"drinks":false},{"name":"חצ'פורי אימרולי L","description":"מאפה בצק שמרים עשיר במילוי תערובת גבינות גאורגיות מובחרות (גודל לארג')","price":52,"vegan":true,"vegetarian":true,"image":"https://d25t2285lxl5rf.cloudfront.net/images/dishes/757d67f3-049f-4a65-8f6f-95860585115d.jpg","notFood":false,"drinks":false},{"name":"מבצע ארוחת חצ'פורי עסקית","description":"חצ'פורי אימרולי אישי + סלט ירקות + חמוצי הבית + משקה גאורגי מוגז 0.5 ליטר בטעם אגסים/טרגון","price":55,"vegan":true,"vegetarian":true,"image":"https://d25t2285lxl5rf.cloudfront.net/images/dishes/3ab11e88-b64a-4c64-b4be-d4887fb3cc39.jpg","notFood":false,"drinks":false},{"name":"חצ'פורי אצ'רולי","description":"מאפה גאורגי ייחודי ממולא 3 גבינות גיאורגיות משובחות בתוספת ביצה צפה","price":44,"vegan":false,"vegetarian":true,"image":"https://d25t2285lxl5rf.cloudfront.net/images/dishes/a210d2c2-1629-4cfb-b770-a7c056f78a8e.jpg","notFood":false,"drinks":false},{"name":"צ'ורצ'חלה גדול","description":"קינוח גאורגי מסורתי המורכב משרשרת אגוזי מלך עטופים ברפרפת ענבים, ריבת שזיפים ונגיעת יין אדום - 1 יחידה.","price":25,"vegan":true,"vegetarian":true,"image":"https://d25t2285lxl5rf.cloudfront.net/images/dishes/e44e3972-b907-45a2-8ab5-49608332a36c.jpg","notFood":false,"drinks":true},{"name":"צ'ורצ'חלה קטן","description":"קינוח גאורגי מסורתי המורכב משרשרת אגוזי מלך עטופים ברפרפת ענבים, ריבת שזיפים ונגיעת יין אדום - 1 יחידה.","price":15,"vegan":true,"vegetarian":true,"image":"https://d25t2285lxl5rf.cloudfront.net/images/dishes/c2cf82b2-c5bb-4c48-9130-a4d9babb05b1.jpg","notFood":false,"drinks":true},{"name":"קישמישיאני (פחלבה גאורגית)","description":"מלכת העוגות הגאורגיות! מאפה פריך רב שכבתי במילוי אגוזי מלך וצימוקים. בהזמנה מס' ימים מראש!","price":300,"vegan":false,"vegetarian":true,"image":"https://d25t2285lxl5rf.cloudfront.net/images/dishes/27aa0866-76ad-4446-bbb4-d7fe74bc7afc.jpg","notFood":false,"drinks":false},{"name":"מבצע מטורף! צ'ורצ'חלה גדול רק ב-20 ש\"ח","description":"קינוח גאורגי מסורתי המורכב משרשרת אגוזי מלך עטופים ברפרפת ענבים, ריבת שזיפים ונגיעת יין אדום - 1 יחידה.","price":20,"vegan":true,"vegetarian":true,"image":"https://d25t2285lxl5rf.cloudfront.net/images/dishes/fddb75a3-8be2-4ca6-b7be-0bc7920acbef.jpg","notFood":false,"drinks":true},{"name":"מבצע צ'ורצ'חלה קטן רק ב-12 ש\"ח","description":"קינוח גאורגי מסורתי המורכב משרשרת אגוזי מלך עטופים ברפרפת ענבים, ריבת שזיפים ונגיעת יין אדום - 1 יחידה.","price":12,"vegan":true,"vegetarian":true,"image":"https://d25t2285lxl5rf.cloudfront.net/images/dishes/77178007-8cbe-4c1a-a4ba-32f4f4675bad.jpg","notFood":false,"drinks":true},{"name":"חגיגה גאורגית מפנקת","description":"מארז פינוק הכולל: חצ'פורי קלאסי, אצ'רולי, לוביאני, בליני גבינה, קינוח צ'ורצ'חלה, ומשקה גאורגי נטחטארי","price":159,"vegan":false,"vegetarian":true,"image":"https://d25t2285lxl5rf.cloudfront.net/images/dishes/180359c3-9621-4f9c-ac40-64740d0cd731.20","notFood":false,"drinks":false},{"name":"חצ'פורי תפו\"א","description":"חצ'פורי במילוי תפו\"א","price":25,"vegan":true,"vegetarian":true,"image":"https://d25t2285lxl5rf.cloudfront.net/images/dishes/f6bf9bcc-cc0d-417b-a9a3-bc4a5dc8ecd1.jpg","notFood":false,"drinks":false},{"name":"פירושקי תפו\"א","description":"פירושקי גיאורגי במילוי פירה תפו\"א ותבלינים - 3 יחידות.","price":45,"vegan":true,"vegetarian":true,"image":"https://d25t2285lxl5rf.cloudfront.net/images/dishes/f1c3d5e6-a605-49fc-8308-c2ee13a74077.jpg","notFood":false,"drinks":false},{"name":"חינקלי תפו\"א","description":"כיסונים במילוי תפו\"א - 6 יחידות.","price":45,"vegan":true,"vegetarian":true,"image":"https://d25t2285lxl5rf.cloudfront.net/images/dishes/fd93e025-1f89-413d-a9b9-d1a32f48f015.jpg","notFood":false,"drinks":false},{"name":"חינקלי פטריות","description":"כיסונים במילוי פטריות שמפיניון וירק מתובלים - 6 יחידות.","price":45,"vegan":true,"vegetarian":true,"image":"https://d25t2285lxl5rf.cloudfront.net/images/dishes/6e9ce377-6a72-46fc-966a-dce69e049f61.jpg","notFood":false,"drinks":false},{"name":"בליני תפו\"א","description":"סיגרים במילוי תפו\"א - 5 יחידות. מוגש עם רוטב גאורגי וחמוצי הבית.","price":45,"vegan":false,"vegetarian":false,"image":"https://d25t2285lxl5rf.cloudfront.net/images/dishes/922d361e-14e5-4898-b1b8-88202ee603c9.jpg","notFood":false,"drinks":false},{"name":"נטחטרי טרגון","description":"משקה גאורגי מוגז בטעם טרגון","price":14,"vegan":true,"vegetarian":true,"notFood":false,"drinks":false},{"name":"נטחטרי אגסים","description":"משקה גאורגי מוגז בטעם אגסים","price":14,"vegan":true,"vegetarian":true,"notFood":false,"drinks":false},{"name":"בורג'ומי","description":"מים מינרלים מוגזים טבעית ממעיינות גיאורגיה","price":15,"vegan":true,"vegetarian":true,"notFood":false,"drinks":false},{"name":"בירה נטחטרי","description":"בירה גאורגית העשויה משילוב לתת איכותי ומי מעיינות טבעיים - בקבוק 0.5 ליטר.","price":15,"vegan":true,"vegetarian":true,"notFood":false,"drinks":true},{"name":"קוקה קולה פחית","price":10,"vegan":true,"vegetarian":true,"notFood":false,"drinks":true},{"name":"קוקה קולה זכוכית","price":11,"vegan":true,"vegetarian":true,"notFood":false,"drinks":true},{"name":"קוקה קולה זירו פחית","price":10,"vegan":true,"vegetarian":true,"notFood":false,"drinks":true},{"name":"קוקה קולה זירו זכוכית","price":11,"vegan":true,"vegetarian":true,"notFood":false,"drinks":true},{"name":"דיאט קוקה קולה פחית","price":10,"vegan":true,"vegetarian":true,"notFood":false,"drinks":true},{"name":"פחית ספרייט","price":10,"vegan":true,"vegetarian":true,"notFood":false,"drinks":true},{"name":"פחית ספרייט זירו","price":10,"vegan":true,"vegetarian":true,"notFood":false,"drinks":true},{"name":"פחית פאנטה","price":10,"vegan":true,"vegetarian":true,"notFood":false,"drinks":false},{"name":"פחית מנגו","price":9,"vegan":true,"vegetarian":true,"notFood":false,"drinks":false},{"name":"פיוז טי אפרסק","price":10,"vegan":true,"vegetarian":true,"notFood":false,"drinks":false},{"name":"בקבוק מים מינרלים","price":8,"vegan":true,"vegetarian":true,"notFood":false,"drinks":true},{"name":"פריגת תפוזים","price":10,"vegan":true,"vegetarian":true,"notFood":false,"drinks":false},{"name":"פריגת אשכוליות","price":10,"vegan":true,"vegetarian":true,"notFood":false,"drinks":false},{"name":"פריגת דיאט אשכוליות","price":10,"vegan":true,"vegetarian":true,"notFood":false,"drinks":false},{"name":"פריגת ענבים","price":10,"vegan":true,"vegetarian":true,"notFood":false,"drinks":true},{"name":"בקבוק סודה","price":8,"vegan":true,"vegetarian":true,"notFood":false,"drinks":true},{"name":"בירה שחורה","price":13,"vegan":true,"vegetarian":true,"notFood":false,"drinks":true},{"name":"בירה קרלסברג","price":14,"vegan":true,"vegetarian":true,"notFood":false,"drinks":true},{"name":"קוקה קולה בקבוק פלסטיק","description":"500 מ\"ל","price":11,"vegan":true,"vegetarian":true,"notFood":false,"drinks":true},{"name":"קוקה קולה זירו בקבוק פלסטיק","description":"500 מ\"ל","price":11,"vegan":true,"vegetarian":true,"notFood":false,"drinks":true}]}