{"track_id":"21396","filters":["asianFusion","japaneseSushi","glutenFree"],"image":"https://tenbis-static.azureedge.net/restaurant-card-image/ResCard_21396_20220110133643.jpg","address":"קניון דרורים, 1 בני דרור","location":[34.89389,32.26004],"name":"ג'ירף ","city":"בני דרור","priceAverage":51.20792079207921,"menu":[{"name":"סינטה נודלס","description":"אטריות ביצים עם נתחי סינטה בקר, 3 סוגי בצלים, קשיו, נבטים, צ'ילי וכוסברה \r\n","price":72,"vegan":false,"vegetarian":false,"image":"https://d25t2285lxl5rf.cloudfront.net/images/dishes/2766814.jpg","notFood":false,"drinks":false},{"name":"נודלס טריאקי עוף","description":"אטריות אודון עם עוף ברוטב טריאקי\n","price":42,"vegan":false,"vegetarian":false,"image":"https://d25t2285lxl5rf.cloudfront.net/images/dishes/2766844.jpg","notFood":false,"drinks":false},{"name":"הקיסרית החדשה","description":"אטריות ביצים מקמח מלא עם עוף, בייקון, חזיר, ירקות ירוקים ואגוזי קשיו. מעט חריף. ניתן להחליף את הבייקון בהודו עם חזה אווז מעושן\r\n","price":69,"vegan":false,"vegetarian":false,"image":"https://d25t2285lxl5rf.cloudfront.net/images/dishes/2766813.jpg","notFood":false,"drinks":false},{"name":"מאקי VEG","description":"רול INSIDE OUT  עם מלפפון, גזר, עירית ואבוקדו \r\n","price":36,"vegan":true,"vegetarian":true,"image":"https://d25t2285lxl5rf.cloudfront.net/images/dishes/2766804.jpg","notFood":false,"drinks":false},{"name":"פאד תאי קלאסי עוף","description":"אטריות אורז עם ביצה, גזר, נבטים, לימון, בוטנים כוסברה ועוף\r\n","price":66,"vegan":false,"vegetarian":false,"image":"https://d25t2285lxl5rf.cloudfront.net/images/dishes/2766829.jpg","notFood":false,"drinks":false},{"name":"המנה האפגנית","description":"פרגיות עוף, בייקון, שום, כרישה ובוטנים ברוטב סויה וקרמל. ניתן להחליף את הבייקון בהודו חזה אווז מעושן \r\n","price":69,"vegan":false,"vegetarian":false,"image":"https://d25t2285lxl5rf.cloudfront.net/images/dishes/2766819.jpg","notFood":false,"drinks":false},{"name":"מארז סכו\"ם 🍴","description":"","price":1,"vegan":true,"vegetarian":true,"image":"","notFood":true,"drinks":false},{"name":"סלט עוף מלפפונים","description":"רצועות עוף עם מלפפונים, ברוטב סויה, צ'ילי וכוסברה\r\n","price":42,"vegan":false,"vegetarian":false,"image":"https://d25t2285lxl5rf.cloudfront.net/images/dishes/2766778.jpg","notFood":false,"drinks":false},{"name":"סלט תאילנדי מרענן","description":"מלפפון, גזר, פלפל אדום, צנון ועוף ברוטב בונים ומעט חלב קוקוס","price":42,"vegan":false,"vegetarian":false,"image":"https://d25t2285lxl5rf.cloudfront.net/images/dishes/2766780.jpg","notFood":false,"drinks":false},{"name":"סלט בריאות","description":"עוף קצוץ, עגבניות שרי, כרוב, בצל, כוסברה, נענע ובוטנים ברוטב תאילנדי. מעט חריף","price":44,"vegan":false,"vegetarian":false,"image":"https://d25t2285lxl5rf.cloudfront.net/images/dishes/2766777.jpg","notFood":false,"drinks":false},{"name":"סלט טופו מלפפונים","description":"רצועות טופו עם מלפפונים, ברוטב סויה, צ'ילי וכוסברה *המנה ללא גלוטן\t","price":42,"vegan":true,"vegetarian":true,"image":"","notFood":false,"drinks":false},{"name":"סלט דג לבן בטמפורה","description":"אטריות שעועית , נענע, כוסברה, בזיליקום תאילנדי וצ'ילי אדום ברוטב דאשי והדרים","price":46,"vegan":false,"vegetarian":false,"image":"","notFood":false,"drinks":false},{"name":"סלט שרימפס בטמפורה","description":"תערובות של חסות הידרופוניות, שרימפס טמפורה ושומשום ברוטב מיונז יוזו חרפרף","price":47,"vegan":false,"vegetarian":false,"image":"","notFood":false,"drinks":false},{"name":"אגרול","description":"זוג אגרולים סינים במילוי ירקות, עם רוטב חמוץ-מתוק\n","price":42,"vegan":true,"vegetarian":true,"image":"https://d25t2285lxl5rf.cloudfront.net/images/dishes/2766783.jpg","notFood":false,"drinks":false},{"name":"כדורי פורטבלו","description":"כדורי פטריות וכרישה, עם רוטב טריאקי וספייסי מיונז *המנה צמחונית","price":38,"vegan":false,"vegetarian":true,"image":"https://d25t2285lxl5rf.cloudfront.net/images/dishes/2766784.jpg","notFood":false,"drinks":false},{"name":"גיוזה 2 יח'","description":"כיסונים במילוי עוף קצוץ ובצל ירוק עם רוטב סויה וג'ינג'ר\r\n","price":28,"vegan":false,"vegetarian":false,"image":"https://d25t2285lxl5rf.cloudfront.net/images/dishes/2766785.jpg","notFood":false,"drinks":false},{"name":"גיוזה 4 יח'","description":"כיסונים במילוי עוף קצוץ ובצל ירוק עם רוטב סויה וג'ינג'ר\r\n","price":44,"vegan":false,"vegetarian":false,"image":"https://d25t2285lxl5rf.cloudfront.net/images/dishes/2766786.jpg","notFood":false,"drinks":false},{"name":"קלמרי מטוגן","description":"קלמרי מטוגן עם רוטב פלפלים אדומים וקארי תאילנדי אדום","price":49,"vegan":false,"vegetarian":false,"image":"https://d25t2285lxl5rf.cloudfront.net/images/dishes/2766787.jpg","notFood":false,"drinks":false},{"name":"בייבי דאמפלינג","description":"כיסונים במילוי עוף קצוץ מונחים על רוטב צ'ילי ושאטה\r\n","price":31,"vegan":false,"vegetarian":false,"image":"","notFood":false,"drinks":false},{"name":"מרק תירס","description":"עם חלב קוקוס ושמנת, אטריות שעועית וכוסברה\r\n*המנה צמחונית וללא גלוטן","price":44,"vegan":false,"vegetarian":true,"image":"https://d25t2285lxl5rf.cloudfront.net/images/dishes/2766789.jpg","notFood":false,"drinks":false},{"name":"מרק עדשים הודי","description":"עם ירקות שורש וכוסברה טרייה בתיבול הודי. מעט חריף\r\n*המנה טבעונית וללא גלוטן","price":44,"vegan":true,"vegetarian":true,"image":"https://d25t2285lxl5rf.cloudfront.net/images/dishes/2766790.jpg","notFood":false,"drinks":false},{"name":"מרק תאילנדי קטן","description":"על בסיס ציר עוף עם חלב קוקוס, שרימפס, קלמרי, פטריות, עגבניות, נבטים וכוסברה. מכיל אטריות. מעט חריף","price":54,"vegan":false,"vegetarian":false,"image":"https://d25t2285lxl5rf.cloudfront.net/images/dishes/2766791.jpg","notFood":false,"drinks":false},{"name":"מרק תאילנדי גדול","description":"על בסיס ציר עוף עם חלב קוקוס, שרימפס, קלמרי, פטריות, עגבניות, נבטים וכוסברה. מכיל אטריות. מעט חריף\t","price":72,"vegan":false,"vegetarian":false,"image":"https://d25t2285lxl5rf.cloudfront.net/images/dishes/2766792.jpg","notFood":false,"drinks":false},{"name":"מאקי סלמון מאודה","description":"רול INSIDE OUT עם סלמון מאודה, שקדים קלויים, עירית, שבבי פנקו וטריאקי \r\n","price":44,"vegan":false,"vegetarian":false,"image":"https://d25t2285lxl5rf.cloudfront.net/images/dishes/2766806.jpg","notFood":false,"drinks":false},{"name":"ספייסי טונה","description":"ספייסי טונה, אספרגוס ועירית עטופים באבוקדו עם ספייסי מיונז ובטטה סגולה קריספית","price":58,"vegan":false,"vegetarian":false,"image":"https://d25t2285lxl5rf.cloudfront.net/images/dishes/2766802.jpg","notFood":false,"drinks":false},{"name":"שרימפס טמפורה","description":"שרימפס טמפורה, אבוקדו, טוגרשי, מיונז יוזו ועירית\r\n","price":46,"vegan":false,"vegetarian":false,"image":"https://d25t2285lxl5rf.cloudfront.net/images/dishes/2766801.jpg","notFood":false,"drinks":false},{"name":"יאמי ווג'י","description":"טופו בטמפורה, בטטה סגולה, מלפפון ועירית, עטופים בבטטה, בוטנים חריפים וספייסי מיונז ","price":36,"vegan":false,"vegetarian":true,"image":"https://d25t2285lxl5rf.cloudfront.net/images/dishes/2766799.jpg","notFood":false,"drinks":false},{"name":"מאקי VEG","description":"רול INSIDE OUT  עם מלפפון, גזר, עירית ואבוקדו \r\n","price":36,"vegan":true,"vegetarian":true,"image":"https://d25t2285lxl5rf.cloudfront.net/images/dishes/2766804.jpg","notFood":false,"drinks":false},{"name":"מאקי סלמון ואבוקדו","description":"רול INSIDE OUT עם סלמון ואבוקדו\r\n","price":44,"vegan":false,"vegetarian":false,"image":"","notFood":false,"drinks":false},{"name":"יוזו LOVE","description":"רול עטוף סלמון וטונה במילוי אבוקדו, מלפפון , עירית וצנון יפני כבוש, מיונז יוזו ופירורי טמפורה.","price":52,"vegan":false,"vegetarian":false,"image":"","notFood":false,"drinks":false},{"name":"צ'י-זו רול","description":"סלמון, גבינת שמנת, אבוקדו ועירית עטופים בסלמון צרוב ושבבי טמפורה.","price":58,"vegan":false,"vegetarian":false,"image":"","notFood":false,"drinks":false},{"name":"ספיישל ספייסי סלמון","description":"ספייסי סלמון, מלפפון ואספרגוס עטופים בסלמון יוזו קושו ושבבי טמפורה \r\nרול שתואם את הספייסי טונה, סלמון קצוץ פיקנטי עטופים סלמון שבפנים מלפפון אספרגוס לקראנץ. שוב היוזו קושו חוזר לשדרג ולסגור טעמים- לא צריך הרבה ממנו. \r\n","price":54,"vegan":false,"vegetarian":false,"image":"","notFood":false,"drinks":false},{"name":"טונה טטאקי חלפיניו","description":"אספרגוס, אבוקדו, עירית ומלפפון עטופים בטונה צרובה באיולי חלפינו ובובו אררה.","price":58,"vegan":false,"vegetarian":false,"image":"","notFood":false,"drinks":false},{"name":"סלמון מוצרלה","description":"רול מטוגן בפנקו במילוי סלמון, אבוקדו וגבינת מוצרלה וטריאקי.","price":52,"vegan":false,"vegetarian":false,"image":"","notFood":false,"drinks":false},{"name":"בטטה מוצרלה","description":"רול מטוגן בפנקו במילוי בטטה כתומה וסגולה, אבוקדו, גבינת מוצרלה וטריאקי.","price":46,"vegan":false,"vegetarian":true,"image":"","notFood":false,"drinks":false},{"name":"צ'יראשי טופו - טבעוני","description":"טופו מטוגן, בטטה סגולה בטמפורה, בטטה, אבוקדו, מלפפון, בצל ירוק, אדממה, סלטון צנונית, ואצות נורי  על מצע של אורז סושי ","price":52,"vegan":true,"vegetarian":true,"image":"","notFood":false,"drinks":false},{"name":"צ'יראשי סלמון","description":"פרוסות סלמון נא, אדממה, סלט אבודקו ויוזו, מלפפון, בצל ירוק, שומשום, קריספי בטטה סגולה ואצות נורי על מצע של אורז סושי ","price":64,"vegan":false,"vegetarian":false,"image":"","notFood":false,"drinks":false},{"name":"צ'יראשי סלמון טטאקי","description":"פרוסות סלמון צרוב בטריאקי, אדממה, אבוקדו, מלפפון, בצל ירוק, שומשום ואצות נורי על מצע של אורז סושי","price":66,"vegan":false,"vegetarian":false,"image":"","notFood":false,"drinks":false},{"name":"טונה וסלמון מיקס","description":"פרוסות טונה ופרוסות סלמון, אדממה, אבוקדו, מלפפון, בצל ירוק, שבבי טמפורה, שומשום ואצות נורי על מצע של אורז סושי ","price":72,"vegan":false,"vegetarian":false,"image":"","notFood":false,"drinks":false},{"name":"טמארי סושי","description":"3 כדורי אורז סושי עטופים בטונה, פונזו ובובו אררה, סלמון צרוב ושקדים קלויים, ואבוקדו בטריאקי ושומשום שחור \r\nבמנה 3 יח האחד עם טונה, שני סלמון ושלישי אבוקדו, כל אחד מתובל אחרת ועם טופינג אחר. מנה מיוחדת בצורת ההגשה ובטעמים. ","price":32,"vegan":false,"vegetarian":false,"image":"","notFood":false,"drinks":false},{"name":"אושי אושי סלמון - 6 יח'","description":"שכבות אורז סושי ואבוקדו עטופים בסלמון צרוב בטריאקי, ספייסי מיונז, בצל ירוק ובובו אררה מקורמל.","price":36,"vegan":false,"vegetarian":false,"image":"","notFood":false,"drinks":false},{"name":"המנה החריפה","description":"אטריות ביצים עם חתיכות עוף, חזיר, שרימפס וירקות ברוטב צ'ילי חריף\r\n","price":69,"vegan":false,"vegetarian":false,"image":"https://d25t2285lxl5rf.cloudfront.net/images/dishes/2766809.jpg","notFood":false,"drinks":false},{"name":"הפיליפינית החריפה","description":"אטריות ביצים עם עוף, חלק קוקוס, קארי אדום, בצל ירוק, בוטנים וכוסברה\r\n","price":69,"vegan":false,"vegetarian":false,"image":"https://d25t2285lxl5rf.cloudfront.net/images/dishes/2766810.jpg","notFood":false,"drinks":false},{"name":"המנה המלאזית","description":"אטריות ביצים ברוטב עשבי תיבול ומעט שמנת עם מלפפון, נבטים, בצל, מעט עוף, גמבה, בזיליקום ובוטנים. פיקנטי \r\n","price":69,"vegan":false,"vegetarian":false,"image":"https://d25t2285lxl5rf.cloudfront.net/images/dishes/2766812.jpg","notFood":false,"drinks":false},{"name":"הקיסרית החדשה","description":"אטריות ביצים מקמח מלא עם עוף, בייקון, חזיר, ירקות ירוקים ואגוזי קשיו. מעט חריף. ניתן להחליף את הבייקון בהודו עם חזה אווז מעושן\r\n","price":69,"vegan":false,"vegetarian":false,"image":"https://d25t2285lxl5rf.cloudfront.net/images/dishes/2766813.jpg","notFood":false,"drinks":false},{"name":"סינטה נודלס","description":"אטריות ביצים עם נתחי סינטה בקר, 3 סוגי בצלים, קשיו, נבטים, צ'ילי וכוסברה \r\n","price":72,"vegan":false,"vegetarian":false,"image":"https://d25t2285lxl5rf.cloudfront.net/images/dishes/2766814.jpg","notFood":false,"drinks":false},{"name":"ביף רייס נודלס","description":"אטריות אורז רחבות עם פרוסות סינטה בקר, ברוקולי ובצלצלי שאלוט \r\n","price":72,"vegan":false,"vegetarian":false,"image":"https://d25t2285lxl5rf.cloudfront.net/images/dishes/2766815.jpg","notFood":false,"drinks":false},{"name":"סינטה סצ'ואן","description":"נתחי סינטה בקר, פטריות ובצל ברוטב סצ'ואן חריף-מתוק מוגש עם אורז מאודה \r\n","price":72,"vegan":false,"vegetarian":false,"image":"https://d25t2285lxl5rf.cloudfront.net/images/dishes/2766816.jpg","notFood":false,"drinks":false},{"name":"סינטה סצ'ואן חריפה","description":"נתחי סינטה בקר, פטריות ובצל ברוטב סצ'ואן חריף-מתוק מוגש עם אורז מאודה \r\n","price":72,"vegan":false,"vegetarian":false,"image":"https://d25t2285lxl5rf.cloudfront.net/images/dishes/2766817.jpg","notFood":false,"drinks":false},{"name":"צ'אזה","description":"פילה בקר וחצילים ברוטב חריף - מתוק\r\n","price":72,"vegan":false,"vegetarian":false,"image":"https://d25t2285lxl5rf.cloudfront.net/images/dishes/2766818.jpg","notFood":false,"drinks":false},{"name":"המנה האפגנית","description":"פרגיות עוף, בייקון, שום, כרישה ובוטנים ברוטב סויה וקרמל. ניתן להחליף את הבייקון בהודו חזה אווז מעושן \r\n","price":69,"vegan":false,"vegetarian":false,"image":"https://d25t2285lxl5rf.cloudfront.net/images/dishes/2766819.jpg","notFood":false,"drinks":false},{"name":"המנה האפגנית החריפה","description":"פרגיות עוף, בייקון, שום, כרישה ובוטנים ברוטב סויה וקרמל. ניתן להחליף את הבייקון בהודו חזה אווז מעושן \r\n","price":69,"vegan":false,"vegetarian":false,"image":"https://d25t2285lxl5rf.cloudfront.net/images/dishes/2766820.jpg","notFood":false,"drinks":false},{"name":"בקר שאוסינג","description":"נתחי פילה בקר, פלפל ירוק, בצל ירוק, למון גראס ופטריות פורטבלו ברוטב על בסיס סויה, שאוסינג ופטריות פורצ'יני \r\n","price":72,"vegan":false,"vegetarian":false,"image":"https://d25t2285lxl5rf.cloudfront.net/images/dishes/2766821.jpg","notFood":false,"drinks":false},{"name":"טופו שאוסינג","description":"פרוסות טופו, פלפל ירוק, בצל ירוק, למון גראס ופטריות פורטבלו ברוטב על בסיס סויה, שאוסינג ופטריות פורצ'יני \r\n*המנה טבעונית","price":64,"vegan":true,"vegetarian":true,"image":"https://d25t2285lxl5rf.cloudfront.net/images/dishes/2766822.jpg","notFood":false,"drinks":false},{"name":"קארי דלעת עוף","description":"עוף בתערובת קארי תוצרת בית, על בסיס קרם קוקוס, קוביות דלעת, בזיליקום, כוסברה ושקדים קלויים פריכים ומתובלים. חריף\r\n*המנה ללא גלוטן","price":69,"vegan":false,"vegetarian":false,"image":"https://d25t2285lxl5rf.cloudfront.net/images/dishes/2766823.jpg","notFood":false,"drinks":false},{"name":"קארי דלעת שרימפס","description":"שרימפס בתערובת קארי תוצרת בית, על בסיס קרם קוקוס, קוביות דלעת, בזיליקום, כוסברה ושקדים קלויים פריכים ומתובלים. חריף\r\n","price":69,"vegan":false,"vegetarian":false,"image":"https://d25t2285lxl5rf.cloudfront.net/images/dishes/2766824.jpg","notFood":false,"drinks":false},{"name":"קארי דלעת טופו","description":"טופו בתערובת קארי תוצרת בית, על בסיס קרם קוקוס, קוביות דלעת, בזיליקום, כוסברה ושקדים קלויים פריכים ומתובלים. חריף\r\n","price":69,"vegan":true,"vegetarian":true,"image":"https://d25t2285lxl5rf.cloudfront.net/images/dishes/2766825.jpg","notFood":false,"drinks":false},{"name":"עוף בלימון","description":"חזה עוף בציפוי פריך עם רוטב לימון וירקות\r\n","price":64,"vegan":false,"vegetarian":false,"image":"https://d25t2285lxl5rf.cloudfront.net/images/dishes/2766826.jpg","notFood":false,"drinks":false},{"name":"מנת אורז מטוגן חריף","description":"אורז מטוגן עם עוף, חזיר ושרימפס, ביצה, כרישה, בצל, נבטים וגזר. מעט חריף\r\n","price":68,"vegan":false,"vegetarian":false,"image":"https://d25t2285lxl5rf.cloudfront.net/images/dishes/2766828.jpg","notFood":false,"drinks":false},{"name":"סלמון ירוקים","description":"סלמון ומאודה על מצע של ירקות ירוקים ברוטב על בסיס סויה, ג'ינג'ר וציר ירקות \r\n","price":89,"vegan":false,"vegetarian":false,"image":"","notFood":false,"drinks":false},{"name":"פאד תאי קלאסי עוף","description":"אטריות אורז עם ביצה, גזר, נבטים, לימון, בוטנים כוסברה ועוף\r\n","price":66,"vegan":false,"vegetarian":false,"image":"https://d25t2285lxl5rf.cloudfront.net/images/dishes/2766829.jpg","notFood":false,"drinks":false},{"name":"פאד תאי חריף עוף","description":"אטריות אורז עם צ'ילי, נבטים, ביצה, בוטנים, בצל ירוק, כוסברה ועוף\r\n","price":66,"vegan":false,"vegetarian":false,"image":"https://d25t2285lxl5rf.cloudfront.net/images/dishes/2766832.jpg","notFood":false,"drinks":false},{"name":"פאד תאי קלאסי שרימפס","description":"אטריות אורז עם ביצה, גזר, נבטים, לימון, בוטנים כוסברה ושרימפס\r\n","price":69,"vegan":false,"vegetarian":false,"image":"https://d25t2285lxl5rf.cloudfront.net/images/dishes/2766830.jpg","notFood":false,"drinks":false},{"name":"פאד תאי חריף שרימפס","description":"אטריות אורז עם צ'ילי, נבטים, ביצה, בוטנים, בצל ירוק, כוסברה ושרימפס\r\n","price":69,"vegan":false,"vegetarian":false,"image":"https://d25t2285lxl5rf.cloudfront.net/images/dishes/2766833.jpg","notFood":false,"drinks":false},{"name":"פאד תאי קלאסי צמחוני","description":"אטריות אורז עם ביצה, גזר, נבטים, לימון, בוטנים כוסברה וטופו\r\n*המנה צמחונית","price":64,"vegan":false,"vegetarian":true,"image":"https://d25t2285lxl5rf.cloudfront.net/images/dishes/2766831.jpg","notFood":false,"drinks":false},{"name":"פאד תאי חריף צמחוני","description":"אטריות אורז עם צ'ילי, נבטים, ביצה, בוטנים, בצל ירוק, כוסברה וטופו\r\n","price":64,"vegan":false,"vegetarian":true,"image":"https://d25t2285lxl5rf.cloudfront.net/images/dishes/2766834.jpg","notFood":false,"drinks":false},{"name":"אגרול","description":"זוג אגרולים סינים במילוי ירקות, עם רוטב חמוץ-מתוק\n","price":42,"vegan":true,"vegetarian":true,"image":"https://d25t2285lxl5rf.cloudfront.net/images/dishes/2766783.jpg","notFood":false,"drinks":false},{"name":"כדורי פורטבלו","description":"כדורי פטריות וכרישה, עם רוטב טריאקי וספייסי מיונז *המנה צמחונית","price":38,"vegan":false,"vegetarian":true,"image":"https://d25t2285lxl5rf.cloudfront.net/images/dishes/2766784.jpg","notFood":false,"drinks":false},{"name":"סלט טופו מלפפונים","description":"רצועות טופו עם מלפפונים, ברוטב סויה, צ'ילי וכוסברה\r\n*המנה ללא גלוטן","price":42,"vegan":true,"vegetarian":true,"image":"https://d25t2285lxl5rf.cloudfront.net/images/dishes/2766779.jpg","notFood":false,"drinks":false},{"name":"מרק תירס","description":"עם חלב קוקוס ושמנת, אטריות שעועית וכוסברה\r\n*המנה צמחונית וללא גלוטן","price":44,"vegan":false,"vegetarian":true,"image":"https://d25t2285lxl5rf.cloudfront.net/images/dishes/2766789.jpg","notFood":false,"drinks":false},{"name":"מרק עדשים הודי","description":"עם ירקות שורש וכוסברה טרייה בתיבול הודי. מעט חריף\r\n*המנה טבעונית וללא גלוטן","price":44,"vegan":true,"vegetarian":true,"image":"https://d25t2285lxl5rf.cloudfront.net/images/dishes/2766790.jpg","notFood":false,"drinks":false},{"name":"יאמי ווג'י","description":"טופו בטמפורה, בטטה סגולה, מלפפון ועירית, עטופים בבטטה, בוטנים חריפים וספייסי מיונז ","price":36,"vegan":false,"vegetarian":true,"image":"https://d25t2285lxl5rf.cloudfront.net/images/dishes/2766799.jpg","notFood":false,"drinks":false},{"name":"מאקי VEG","description":"רול INSIDE OUT  עם מלפפון, גזר, עירית ואבוקדו \r\n","price":36,"vegan":true,"vegetarian":true,"image":"https://d25t2285lxl5rf.cloudfront.net/images/dishes/2766804.jpg","notFood":false,"drinks":false},{"name":"פאד תאי קלאסי צמחוני","description":"אטריות אורז עם ביצה, גזר, נבטים, לימון, בוטנים כוסברה וטופו\r\n*המנה צמחונית","price":64,"vegan":false,"vegetarian":true,"image":"https://d25t2285lxl5rf.cloudfront.net/images/dishes/2766831.jpg","notFood":false,"drinks":false},{"name":"פאד תאי חריף צמחוני","description":"אטריות אורז עם צ'ילי, נבטים, ביצה, בוטנים, בצל ירוק, כוסברה וטופו\r\n","price":64,"vegan":false,"vegetarian":true,"image":"https://d25t2285lxl5rf.cloudfront.net/images/dishes/2766834.jpg","notFood":false,"drinks":false},{"name":"טופו שאוסינג","description":"פרוסות טופו, פלפל ירוק, בצל ירוק, למון גראס ופטריות פורטבלו ברוטב על בסיס סויה, שאוסינג ופטריות פורצ'יני \r\n*המנה טבעונית","price":64,"vegan":true,"vegetarian":true,"image":"https://d25t2285lxl5rf.cloudfront.net/images/dishes/2766822.jpg","notFood":false,"drinks":false},{"name":"קארי דלעת טופו","description":"טופו בתערובת קארי תוצרת בית, על בסיס קרם קוקוס, קוביות דלעת, בזיליקום, כוסברה ושקדים קלויים פריכים ומתובלים. חריף\r\n","price":69,"vegan":true,"vegetarian":true,"image":"https://d25t2285lxl5rf.cloudfront.net/images/dishes/2766825.jpg","notFood":false,"drinks":false},{"name":"ווג'י סצ'ואן","description":"נתחי חלבון סויה, פטריות ובצל ברוטב סצ‘ואן חריף-מתוק\r\n","price":66,"vegan":true,"vegetarian":true,"image":"https://d25t2285lxl5rf.cloudfront.net/images/dishes/2766840.jpg","notFood":false,"drinks":false},{"name":"אורז מטוגן צמחוני","description":"אורז מטוגן עם חתיכות טופו, ביצה, כרישה, בצל, נבטים וגזר. מעט חריף\r\n","price":66,"vegan":false,"vegetarian":true,"image":"https://d25t2285lxl5rf.cloudfront.net/images/dishes/2766841.jpg","notFood":false,"drinks":false},{"name":"סינטה נודלס צמחונית","description":"אטריות ביצים עם נתחי חלבון סויה, 3 סוגי בצלים, קשיו, בוטנים, צ'ילי וכוסברה\r\n","price":66,"vegan":false,"vegetarian":false,"image":"https://d25t2285lxl5rf.cloudfront.net/images/dishes/2766836.jpg","notFood":false,"drinks":false},{"name":"הקיסרית החדשה צמחונית","description":"אטריות חיטה מלאה, טופו, ירקות ירוקים ואגוזי קשיו. מעט חריף (טבעוני יוצא גם עם חלבון סויה).\n","price":66,"vegan":true,"vegetarian":true,"image":"https://d25t2285lxl5rf.cloudfront.net/images/dishes/2766837.jpg","notFood":false,"drinks":false},{"name":"הפיליפינית החריפה צמחונית","description":"אטריות ביצים עם חלב קוקוס, קארי אדום, טופו, בצל ירוק, בוטנים וכוסברה\r\n*המנה צמחונית","price":66,"vegan":false,"vegetarian":true,"image":"https://d25t2285lxl5rf.cloudfront.net/images/dishes/2766838.jpg","notFood":false,"drinks":false},{"name":"המנה המלאזית צמחונית","description":"אטריות ביצים ברוטב עשבי תיבול ומעט שמנת עם טופו, מלפפון, נבטים, בצל, גמבה, בזיליקום ובוטנים. פיקנטי\r\n*המנה צמחונית","price":66,"vegan":false,"vegetarian":true,"image":"https://d25t2285lxl5rf.cloudfront.net/images/dishes/2766839.jpg","notFood":false,"drinks":false},{"name":"סלט תאילנדי מרענן טבעוני","description":"מלפפון, גזר, פלפל אדום וצנון ברוטב בונים ומעט חלב קוקוס\r\n*המנה ללא גלוטן","price":42,"vegan":true,"vegetarian":true,"image":"","notFood":false,"drinks":false},{"name":"נודלס טריאקי","description":"אטריות אודון ברוטב טריאקי\n","price":42,"vegan":true,"vegetarian":true,"image":"https://d25t2285lxl5rf.cloudfront.net/images/dishes/2766842.jpg","notFood":false,"drinks":false},{"name":"נודלס טריאקי ירקות","description":"אטריות אודון עם גזר, נבטים וגמבה ברוטב טריאקי \n","price":42,"vegan":true,"vegetarian":true,"image":"https://d25t2285lxl5rf.cloudfront.net/images/dishes/2766843.jpg","notFood":false,"drinks":false},{"name":"נודלס טריאקי עוף","description":"אטריות אודון עם עוף ברוטב טריאקי\n","price":42,"vegan":false,"vegetarian":false,"image":"https://d25t2285lxl5rf.cloudfront.net/images/dishes/2766844.jpg","notFood":false,"drinks":false},{"name":"שניצלונים","description":"שניצלונים עם אורז או נודלס\r\n","price":46,"vegan":false,"vegetarian":false,"image":"https://d25t2285lxl5rf.cloudfront.net/images/dishes/2766847.jpg","notFood":false,"drinks":false},{"name":"עוגת שחר","description":"עוגת ביסקוויטים בציפוי שוקולד ורוטב וניל\r\n","price":34,"vegan":false,"vegetarian":true,"image":"https://d25t2285lxl5rf.cloudfront.net/images/dishes/2766864.jpg","notFood":false,"drinks":false},{"name":"פרופיטרול 2 יח'","description":"פחזניות ממולאות בגלידת וניל ברוטב שוקולד חם\r\n","price":34,"vegan":false,"vegetarian":true,"image":"https://d25t2285lxl5rf.cloudfront.net/images/dishes/2766862.jpg","notFood":false,"drinks":false},{"name":"פרופיטרול 3 יח'","description":"פחזניות ממולאות בגלידת וניל ברוטב שוקולד חם\r\n","price":44,"vegan":false,"vegetarian":true,"image":"https://d25t2285lxl5rf.cloudfront.net/images/dishes/2766863.jpg","notFood":false,"drinks":false},{"name":"פבלובה","description":"פבלובה ברוטב פירות יער\n","price":44,"vegan":true,"vegetarian":true,"image":"https://d25t2285lxl5rf.cloudfront.net/images/dishes/2766861.jpg","notFood":false,"drinks":false},{"name":"קינוח קרמל אישי","description":"גנאש קרמל עשיר, שוקולד בלגי משובח וקאמבל קרמל\r\n","price":24,"vegan":false,"vegetarian":true,"image":"","notFood":false,"drinks":false},{"name":"פחית קוקה קולה","description":"","price":13,"vegan":true,"vegetarian":true,"image":"","notFood":false,"drinks":true},{"name":"פחית קוקה קולה זירו","description":"","price":13,"vegan":true,"vegetarian":true,"image":"","notFood":false,"drinks":true},{"name":"פחית ספרייט","description":"","price":13,"vegan":true,"vegetarian":true,"image":"","notFood":false,"drinks":true},{"name":"פחית ספרייט זירו","description":"","price":13,"vegan":true,"vegetarian":true,"image":"","notFood":false,"drinks":true},{"name":"פריגת צלול ענבים","description":"","price":15,"vegan":true,"vegetarian":true,"image":"","notFood":false,"drinks":true},{"name":"בירה 1664 בלאנק","description":"בירת חיטה הדרית מצרפת, קלילה ונעימה לשתייה","price":22,"vegan":true,"vegetarian":true,"image":"","notFood":false,"drinks":true},{"name":"בירה קרלסברג לומה","description":"לאגר חדשה מבית קרלסברג. עשויה כמה סוגי כשות שמעניקות לה עומק, פרחונית, ייחודית וקלילה. לא מסוננת. ","price":22,"vegan":true,"vegetarian":true,"image":"","notFood":false,"drinks":true},{"name":"בירה קירין","description":"לאגר יפנית, צלולה ומרעננת בעלת ארומות פרחוניות ושילוב מושלם בין מתקתקות למרירות. מתאימה מאוד לאוכל אסייתי וסושי","price":22,"vegan":true,"vegetarian":true,"image":"","notFood":false,"drinks":true}]}