{"track_id":"21391","filters":["salads","sandwichesWraps"],"image":"https://tenbis-static.azureedge.net/restaurant-card-image/ResCard_21391_1910030256.jpg","address":"מקווה ישראל, 1 תל אביב-יפו","location":[34.7752849,32.0625517],"name":"סביח דה לוקס","city":"תל אביב-יפו","priceAverage":18.294117647058822,"menu":[{"name":"סביח","price":28,"vegan":true,"vegetarian":true,"image":"https://d25t2285lxl5rf.cloudfront.net/images/dishes/4a08f742-a3c9-4da2-9ea5-805fb3e12742.jpg","notFood":false,"drinks":false},{"name":"חצי סביח","price":18,"vegan":true,"vegetarian":true,"image":"https://d25t2285lxl5rf.cloudfront.net/images/dishes/b2b23cf6-775d-45d4-91be-34077514bb6d.jpg","notFood":false,"drinks":false},{"name":"השילוב האוסטרו-עירקי","price":41,"vegan":true,"vegetarian":true,"image":"https://d25t2285lxl5rf.cloudfront.net/images/dishes/d3a9cfa6-fba7-4476-946b-fd032f354647.jpg","notFood":false,"drinks":false},{"name":"סביח צלחת","description":"סביח מפורק","price":37,"vegan":true,"vegetarian":true,"image":"https://d25t2285lxl5rf.cloudfront.net/images/dishes/14499ce6-73ce-482a-9fe1-1f9d32755e53.jpg","notFood":false,"drinks":false},{"name":"השילוב האוסטרו-עירקי בצלחת","price":55,"vegan":true,"vegetarian":true,"notFood":false,"drinks":false},{"name":"פלאפל בפיתה","price":25,"vegan":true,"vegetarian":true,"notFood":false,"drinks":false},{"name":"פחית קולה","price":9,"vegan":true,"vegetarian":true,"notFood":false,"drinks":true},{"name":"פחית קולה זירו","price":9,"vegan":true,"vegetarian":true,"notFood":false,"drinks":true},{"name":"פחית דיאט קולה","price":9,"vegan":true,"vegetarian":true,"notFood":false,"drinks":true},{"name":"פחית דיאט ספרייט","price":9,"vegan":true,"vegetarian":true,"notFood":false,"drinks":true},{"name":"קולה זכוכית","price":11,"vegan":true,"vegetarian":true,"notFood":false,"drinks":true},{"name":"זירו זכוכית","price":11,"vegan":true,"vegetarian":true,"notFood":false,"drinks":false},{"name":"זירו ספרייט זכוכית","price":11,"vegan":true,"vegetarian":true,"notFood":false,"drinks":true},{"name":"זכוכית פנטה","price":11,"vegan":true,"vegetarian":true,"notFood":false,"drinks":false},{"name":"בירה מאלט זכוכית","price":11,"vegan":true,"vegetarian":true,"notFood":false,"drinks":true},{"name":"סודה","price":8,"vegan":true,"vegetarian":true,"notFood":false,"drinks":true},{"name":"מים מינרלים","price":8,"vegan":true,"vegetarian":true,"notFood":false,"drinks":false}]}