{"track_id":"21393","filters":["coffeeHouse","salads","sandwichesWraps"],"image":"https://tenbis-static.azureedge.net/restaurant-card-image/ResCard_21393_20220111170238.jpg","address":"שדרות דוד רזיאל, 1 רמלה","location":[34.8638844,31.9257367],"name":"קפה גרג רמלה","city":"רמלה","priceAverage":48.32142857142857,"menu":[{"name":"פנקייק קלאסי","description":"רוטב מייפל וקצפת","price":44,"vegan":true,"vegetarian":true,"notFood":false,"drinks":false},{"name":"פנקייק פירות ושוקולד לבן","description":"רוטב מייפל, שוקולד לבן, פירות טריים, קוקוס קלוי וקצפת","price":47,"vegan":false,"vegetarian":true,"notFood":false,"drinks":false},{"name":"פנקייק שוקולד עוגיות","description":"שוקולד לוז, שוקולד לבן, שברי שוקולד ועוגיות, קצפת","price":47,"vegan":false,"vegetarian":true,"notFood":false,"drinks":false},{"name":"פנקייק דולצ'ה","description":"מייפל, ריבת חלב, אגוזים טחונים, קוקוס קלוי וקצפת","price":47,"vegan":false,"vegetarian":true,"notFood":false,"drinks":false},{"name":"פנקייק פרלינה","description":"קרם נוגט, עוגיות מפוררות, אגוזי לוז וקצפת","price":47,"vegan":true,"vegetarian":true,"notFood":false,"drinks":false},{"name":"פנקייק חמאת בוטנים","description":"חמאת בוטנים, שוקולד לוז, שברי בוטנים וקצפת","price":47,"vegan":false,"vegetarian":true,"notFood":false,"drinks":false},{"name":"פנקייק שחיתות","description":"שוקולד לוז, שוקולד לבן, ריבת חלב, מייפל, עוגיות מפוררות, אגוזים טחונים, סוכריות צבעוניות, מרשמלו וקצפת","price":52,"vegan":false,"vegetarian":true,"notFood":false,"drinks":false},{"name":"שקשוקה של בית","description":"תבשיל מסורתי, מוגש במחבת לוהטת עם שתי ביצים לצד חלה אישית\r\n\r\n","price":54,"vegan":false,"vegetarian":true,"image":"https://d25t2285lxl5rf.cloudfront.net/images/dishes/c1e30278-365f-4fbc-9988-5d11b6c7eeb2.jpg","notFood":false,"drinks":false},{"name":"שקשוקה בלקנית","description":"בולגרית מגורדת, פסטו וחציל","price":57,"vegan":false,"vegetarian":true,"image":"https://d25t2285lxl5rf.cloudfront.net/images/dishes/93b2436d-04aa-4068-857f-47ae2ce02430.jpg","notFood":false,"drinks":false},{"name":"שקשוקה פלאפל","description":"כדורי פלאפל, טחינה גולמית ופטרוזיליה","price":57,"vegan":true,"vegetarian":true,"image":"https://d25t2285lxl5rf.cloudfront.net/images/dishes/97391221-aca9-4a80-be06-3299100adef9.jpg","notFood":false,"drinks":false},{"name":"שקשוקה ביאנקה לבנה","description":"רוטב אלפרדו פטריות, תרד ומוצרלה","price":57,"vegan":false,"vegetarian":true,"image":"https://d25t2285lxl5rf.cloudfront.net/images/dishes/8ee7c02c-e737-4fa7-ab14-95941f5d48e2.jpg","notFood":false,"drinks":false},{"name":"שקשוקה מוצרלה","description":"פסטו, ומוצרלה טרייה","price":57,"vegan":false,"vegetarian":true,"image":"https://d25t2285lxl5rf.cloudfront.net/images/dishes/8e81a6ed-a54b-41ee-abc1-6b9c7e51cd8b.jpg","notFood":false,"drinks":false},{"name":"רול אומלט ספרדי","description":"חביתה פיקנטית עם תפו\"א, בצל ירוק, פטרוזיליה, פלפל, במעטפת טורטיה ממולאת באבוקדו ובולגרית. מוגש לצד עגבניות מרוסקות וסלט אישי ","price":47,"vegan":false,"vegetarian":true,"image":"https://d25t2285lxl5rf.cloudfront.net/images/dishes/c76d73fa-4b8a-489c-828d-72015b00f649.jpg","notFood":false,"drinks":false},{"name":"מרק היום","description":"מרק יומי משתנה, מוגש לצד פוקצ׳ינה","price":32,"vegan":true,"vegetarian":true,"image":"https://d25t2285lxl5rf.cloudfront.net/images/dishes/6d904592-6f65-4796-93f5-e56469a131f8.jpg","notFood":false,"drinks":false},{"name":"ארנצ׳יני","description":"אורז ריזוטו וגבינות בציפוי פריך, מונחים על רוטב רוזה, בצל ירוק ופרמז'ן\n\n","price":34,"vegan":false,"vegetarian":true,"image":"https://d25t2285lxl5rf.cloudfront.net/images/dishes/a01f01b1-c3f0-4534-b88f-521d6e8dfc7e.jpg","notFood":false,"drinks":false},{"name":"אצבעות מוצרלה","description":"אצבעות מוצרלה בציפוי פריך, לצד רוטב עגבניות איטלקי ורוטב קיסר\r\n\r\n","price":36,"vegan":false,"vegetarian":true,"image":"https://d25t2285lxl5rf.cloudfront.net/images/dishes/0963b17a-15cd-4bd2-8b9b-bce6ad61cb58.jpg","notFood":false,"drinks":false},{"name":"לביבות ברקולי","description":"רוטב קיסר, עגבניות מרוסקות, לאבנה\nעשבי תיבול וסלטון תרד, צנונית וסומק","price":38,"vegan":true,"vegetarian":true,"image":"https://d25t2285lxl5rf.cloudfront.net/images/dishes/8f24ef78-1cb3-4182-ba3b-bbb7f799bb54.jpg","notFood":false,"drinks":false},{"name":"פרחי כרובית","description":"פרחי כרובית בציפוי פריך, לצד סלטון תרד ופרמז׳ן, רוטב קיסר, פלח לימון וצ׳ילי מתוק\r\n\r\n","price":42,"vegan":true,"vegetarian":true,"image":"https://d25t2285lxl5rf.cloudfront.net/images/dishes/cc221bf6-7eb6-4363-8ccf-6e4df7717aaf.jpg","notFood":false,"drinks":false},{"name":"פסטייה גבינות","description":"רולים מטוגנים ממולאים במוצרלה, צהובה, בולגרית, בצל מטוגן, פטריות, פטרוזיליה וחמוציות, בתיבול קינמון עדין. מוגשים בעיטור טחינה גולמית, סילאן ושומשום\r\n\r\n","price":42,"vegan":false,"vegetarian":true,"image":"https://d25t2285lxl5rf.cloudfront.net/images/dishes/f402feae-2aa7-4163-9c20-e99b751d45ca.jpg","notFood":false,"drinks":false},{"name":"קרעי מוצרלה ועגבניות","description":"עגבניות שרי, מוצרלה טרייה, זיתי קלמטה, ארטישוק ושום קונפי, בצל סגול, בצל ירוק, פטרוזיליה ושמן בזיליקום ולחם אישי בצד ","price":45,"vegan":false,"vegetarian":true,"image":"https://d25t2285lxl5rf.cloudfront.net/images/dishes/a9389030-a18c-43e6-a5d5-5cf116c44a3d.jpg","notFood":false,"drinks":false},{"name":"בטטה מדורה","description":"‏בטטה צלויה על מלח עם חמאת שום, שמנת חמוצה, שמן זית ובצל ירוק","price":34,"vegan":false,"vegetarian":true,"notFood":false,"drinks":false},{"name":"פנה פיצה","description":"פסטה פנה ברוטב רוזה, מוקרמת במוצרלה ואורגנו\r\n\r\n","price":53,"vegan":false,"vegetarian":true,"image":"https://d25t2285lxl5rf.cloudfront.net/images/dishes/474a417c-75c2-4260-8f5a-1e17f930c30a.jpg","notFood":false,"drinks":false},{"name":"ניוקי פטריות","description":"ניוקי תפו\"א, שמנת, פטריות, שום קונפי, חמאת עשבים, תרד ופרמז'ן\n\n","price":58,"vegan":false,"vegetarian":true,"image":"https://d25t2285lxl5rf.cloudfront.net/images/dishes/a21a31b0-2e58-47f1-b518-d88b7d7a996b.jpg","notFood":false,"drinks":false},{"name":"חונקי כמרים אליו אוליו","description":"חונקי כמרים, ארטישוק קונפי ,עגבניות שרי, זיתי קלמטה, פטרוזיליה, שום קונפי וגבינת פטה","price":58,"vegan":false,"vegetarian":true,"image":"https://d25t2285lxl5rf.cloudfront.net/images/dishes/549273c0-f67b-48d5-b42f-d910ec09e9eb.jpg","notFood":false,"drinks":false},{"name":"רביולי בטטה","description":"רביולי ממולא קרם בטטה ברוטב רוזה","price":61,"vegan":true,"vegetarian":true,"image":"https://d25t2285lxl5rf.cloudfront.net/images/dishes/c2095200-667c-4846-af04-a7d466021e27.jpg","notFood":false,"drinks":false},{"name":"פסטה בלקנית","description":"‏פנה, רוטב מרינרה, קוביות עגבנייה, בצל קצוץ, חציל, שום, פטרוזיליה ובולגרית מגוררת","price":61,"vegan":false,"vegetarian":true,"image":"https://d25t2285lxl5rf.cloudfront.net/images/dishes/b531ce7d-c450-4dcb-a2a7-81926869548e.jpg","notFood":false,"drinks":false},{"name":"רביולי גבינות","description":"רביולי ממולא בריקוטה ופרמז׳ן, ברוטב שמנת פטריות","price":62,"vegan":false,"vegetarian":true,"image":"https://d25t2285lxl5rf.cloudfront.net/images/dishes/e2f9ff7b-71ad-4c8a-af36-83ecdbdd87dd.jpg","notFood":false,"drinks":false},{"name":"פפרדלה די קאפרי (לנוהגי היתר)","description":"פפרדלה, נתחי טונה, זיתי קלמטה, שום, צ'ילי ירוק, פטרוזליה,\nרוטב מרינרה ופרמז'ן","price":64,"vegan":false,"vegetarian":false,"image":"https://d25t2285lxl5rf.cloudfront.net/images/dishes/5e3d3b26-977e-43f9-a484-f1084104cf4f.jpg","notFood":false,"drinks":false},{"name":"לזנייה גבינות","description":"שכבות פסטה, רוטב עגבניות ובשמל עם מוצרלה ופרמז׳ן\r\n\r\n","price":67,"vegan":false,"vegetarian":true,"image":"https://d25t2285lxl5rf.cloudfront.net/images/dishes/952053a2-0f5a-409d-b500-1f1244dbfcf0.jpg","notFood":false,"drinks":false},{"name":"פפרדלה דניס","description":"פילה דניס מונח על פסטה רחבה, עגבניות שרי צלויות, פלפל חריף, כוסברה, רוטב קארי אדום ובצל ירוק\r\n\r\n","price":69,"vegan":false,"vegetarian":false,"image":"https://d25t2285lxl5rf.cloudfront.net/images/dishes/5272ee80-f80f-4a30-9112-cd193348d1ea.jpg","notFood":false,"drinks":false},{"name":"פיצה","description":"רוטב עגבניות קלאסי, גבינת מוצרלה ושתי תוספות לבחירה\r\n\r\n","price":48,"vegan":false,"vegetarian":true,"image":"https://d25t2285lxl5rf.cloudfront.net/images/dishes/5eabc09e-a3bb-486d-8cb2-10692e902393.jpg","notFood":false,"drinks":false},{"name":"סלט יאיר","description":"‫מלפפון, עגבנייה, בצל, חסה ופטרוזיליה, קצוצים ומתובלים בשמן זית, לימון, טחינה גולמית וביצה קשה. לצד זיתי קלמטה וטחינה","price":51,"vegan":false,"vegetarian":true,"image":"https://d25t2285lxl5rf.cloudfront.net/images/dishes/7df1fe31-e3c4-401d-aaa5-6e58ac7ea918.jpg","notFood":false,"drinks":false},{"name":"סלט קיסר (לנוהגי היתר)","description":"עלי חסה , עגבניות שרי, קרוטונים, צנונית, ארטישוק קונפי,\r\nלנוהגי פרמז׳ן ורוטב קיסר","price":51,"vegan":true,"vegetarian":true,"image":"https://d25t2285lxl5rf.cloudfront.net/images/dishes/a826deb9-04a5-4c54-8e44-ccaa67347891.jpg","notFood":false,"drinks":false},{"name":"סלט שוק","description":"מבחר ירקות בחיתוך גס: מלפפון, פלחי עגבנייה, זוקיני, בצל סגול,\nזיתי קלמטה, פלפלים, צנונית, בצל ירוק פרוסת גבינת פטה, בתיבול\nשמן זית לימון ואורגנו","price":52,"vegan":false,"vegetarian":true,"image":"https://d25t2285lxl5rf.cloudfront.net/images/dishes/ca6125a2-0a79-4d4d-be7e-6a90b04abbcb.jpg","notFood":false,"drinks":false},{"name":"סלט קישואים ולאבנה","description":"‏קוביות זוקיני מטוגנות, מקלות זוקיני קריספיים, בצל סגול, בייבי תרד, שום ועשבי תיבול, שקדים וגבינת פטה מגוררת על מצע לאבנה","price":54,"vegan":false,"vegetarian":true,"image":"https://d25t2285lxl5rf.cloudfront.net/images/dishes/c9718a74-fedf-4593-a4b6-7c929ba307da.jpg","notFood":false,"drinks":false},{"name":"סלט כרובית ועגבניות","description":"כרובית בציפוי פריך, טחינה, בצל מטוגן, עגבנייה, כוסברה, שום\r\nפטרוזיליה, שקדים וסומק","price":57,"vegan":true,"vegetarian":true,"image":"https://d25t2285lxl5rf.cloudfront.net/images/dishes/5c06d71d-9421-4b0a-a435-741ed008d5fd.jpg","notFood":false,"drinks":false},{"name":"סלט טונה","description":"טונה, ביצה קשה, תירס, גוואקמולי, מלפפון חמוץ, תפוח אדמה מתובלים וזיתי קלמטה, מונחים על חסה, עגבנייה, מלפפון, פטרוזיליה ובצל מתובלים בשמן זית ולימון\r\n\r\n","price":62,"vegan":false,"vegetarian":false,"image":"https://d25t2285lxl5rf.cloudfront.net/images/dishes/627f8608-d25c-42b6-92f7-e700112bf8bc.jpg","notFood":false,"drinks":false},{"name":"סלט סביח מחוזק","description":"ביצה קשה, מסבחה של גרגרי חומוס חמים, חציל וקוביות תפו״א מוקפצים בפטרוזיליה ושום. מונחים על מלפפון, עגבנייה, בצל ופטרוזיליה קצוצים ומתובלים בשמן זית ולימון. מחוזק עם כדורי פלאפל וטחינה מעל\r\n\r\n","price":63,"vegan":false,"vegetarian":true,"image":"https://d25t2285lxl5rf.cloudfront.net/images/dishes/d92e8beb-dcb3-4725-a21b-eb2848a857a9.jpg","notFood":false,"drinks":false},{"name":"סלט בטטה","description":"קוביות בטטה אפויות, גבינה בולגרית מגורדת וצ׳יפס בטטה, על מצע חסות, כרוב, שרי צבעוני, גזר ומלפפון. מתובל בוויניגרט הדרים ותערובת גרעינים קלויים\r\n\r\n","price":64,"vegan":false,"vegetarian":true,"image":"https://d25t2285lxl5rf.cloudfront.net/images/dishes/7e3b58f0-1c85-4e9f-b3bf-8a6fb6faa4d4.jpg","notFood":false,"drinks":false},{"name":"סלט הום פרייז","description":"קוביות תפו״א מטוגנות בצ׳ילי מתוק, תערובת נשנושים, שום\r\nופטרוזיליה, על מצע חסות, כרוב, עגבניות שרי, גזר ומלפפון.\r\nמתובל בוויניגרט הדרים ושומשום ","price":64,"vegan":true,"vegetarian":true,"image":"https://d25t2285lxl5rf.cloudfront.net/images/dishes/43bd6600-c573-4306-adb9-d3ab653a798a.jpg","notFood":false,"drinks":false},{"name":"סלט טוסט","description":"קוביות טוסט עם גבינה צהובה מוקפצות בחמאת שום על מצע חסות, כרוב , שרי צבעוני, גזר ומלפפון. מתובל בוויניגרט הדרים, שומשום ובולגרית מגורדת (מוגש ללא לחם)","price":64,"vegan":false,"vegetarian":true,"image":"https://d25t2285lxl5rf.cloudfront.net/images/dishes/33ba903f-f003-41fe-96fe-09d765b521d2.jpg","notFood":false,"drinks":false},{"name":"סלט בורגול עדשים","description":"בורגול, עדשים שחורות, קוביות בטטה אפויות, תערובת נשנושים, חמוציות, מלפפון, עגבנייה, בצל, פלפל ופטרוזיליה. מתובל בסילאן, שמן זית, לימון ובולגרית מגורדת\r\n\r\n","price":65,"vegan":false,"vegetarian":true,"image":"https://d25t2285lxl5rf.cloudfront.net/images/dishes/c8fe1ea5-7e59-4182-937b-e48d7f151aa8.jpg","notFood":false,"drinks":false},{"name":"סלט חלומי פטריות","description":"קוביות גבינת חלומי, אגוזי מלך ופטריות מוקפצים בטריאקי, שום ופטרוזיליה, על מצע חסות, כרוב, שרי צבעוני, גזר ומלפפון. מתובל בוויניגרט הדרים ותערובת גרעינים קלויים\r\n\r\n","price":72,"vegan":false,"vegetarian":true,"image":"https://d25t2285lxl5rf.cloudfront.net/images/dishes/27f21c40-f45d-4e93-8746-cf2c07f38a69.jpg","notFood":false,"drinks":false},{"name":"סלט שנגחאי","description":"מלפפון, כרוב סגול ולבן, גזר, קישוא, אטריות שעועית, בצל ירוק,\r\nכוסברה, צילי ירוק, שומשום, קצח ובוטנים בויניגרט אסייתי מקפיץ","price":58,"vegan":true,"vegetarian":true,"notFood":false,"drinks":false},{"name":"כריך חביתה","description":"גבינת שמנת, חביתה, עגבנייה, מלפפון חמוץ וחסה ","price":46,"vegan":false,"vegetarian":true,"image":"https://d25t2285lxl5rf.cloudfront.net/images/dishes/b019c86f-4923-4f19-8774-31f9ea2b84b1.jpg","notFood":false,"drinks":false},{"name":"כריך טונה","description":"טונה, ביצה קשה, אריסה, טחינה, לימון כבוש, זיתי קלמטה ועגבנייה","price":48,"vegan":false,"vegetarian":false,"image":"https://d25t2285lxl5rf.cloudfront.net/images/dishes/a0953836-75d6-45ce-8aee-61e93b14e8d6.jpg","notFood":false,"drinks":false},{"name":"טוסט גרג","description":"בייגל, חמאת שום, גבינה צהובה, עגבנייה, בצל וביצה קשה ","price":48,"vegan":false,"vegetarian":true,"image":"https://d25t2285lxl5rf.cloudfront.net/images/dishes/58cc6fb2-ca78-48c9-8875-5346468821a7.jpg","notFood":false,"drinks":false},{"name":"טורטייה מוצרלה","description":"מוצרלה טרייה, גבינת שמנת, פלפל קלוי, ממרח שקדים, פסטו ותרד טרי ","price":48,"vegan":false,"vegetarian":true,"image":"https://d25t2285lxl5rf.cloudfront.net/images/dishes/20e05915-698b-4fb2-8a32-a41960eb76f3.jpg","notFood":false,"drinks":false},{"name":"טוסט גבינות יווני","description":"בייגל, גבינת שמנת, גבינה צהובה, גבינה בולגרית וזיתי קלמטה ","price":51,"vegan":false,"vegetarian":true,"image":"https://d25t2285lxl5rf.cloudfront.net/images/dishes/bc0f7502-11f1-4a55-bf2d-e70986582a62.jpg","notFood":false,"drinks":false},{"name":"טורטיה סביח מחוזק","description":"טורטיה במילוי כדורי פלאפל, חציל, ביצה קשה, תפו\"א, עגבניה, טחינה, סחוג ירוק, כמון, פטרוזיליה וירקות חתוכים גס לצד טחינת עמבה\n\n","price":51,"vegan":false,"vegetarian":true,"image":"https://d25t2285lxl5rf.cloudfront.net/images/dishes/95db0ac8-60b6-4f32-8765-cc242d532fad.jpg","notFood":false,"drinks":false},{"name":"שווארמה גלילית טבעונית","description":"טורטייה במילוי שווארמה טבעונית, מוקפצת עם בצל, עגבנייה, מלפפון חמוץ, רוטב קארי,\nטחינה, סחוג ירוק, לימון כבוש וירקות חתוכים גס לצד טחינת עמבה","price":52,"vegan":false,"vegetarian":false,"image":"https://d25t2285lxl5rf.cloudfront.net/images/dishes/a2baf6e4-d525-4d37-80f0-ed012f66cf88.jpg","notFood":false,"drinks":false},{"name":"כריך בלקני","description":"פסטו, בולגרית, גבינת שמנת, פלפל וחציל קלוי. מוגש חם","price":53,"vegan":false,"vegetarian":true,"image":"https://d25t2285lxl5rf.cloudfront.net/images/dishes/7adae564-90f0-45ed-9b6c-396dd3662f02.jpg","notFood":false,"drinks":false},{"name":"כריך סלמון מעושן (לנוהגי היתר)","description":"סלמון מעושן, גבינת שמנת, ביצה קשה, עגבנייה, בצל ירוק וחסה ","price":56,"vegan":false,"vegetarian":false,"image":"https://d25t2285lxl5rf.cloudfront.net/images/dishes/f43a8fab-5fac-4d9d-98a3-e66baa9f9425.jpg","notFood":false,"drinks":false},{"name":"טוסט אמריקאי","description":"בייגל פתוח, פסטו וגבינת שמנת. מוקרם במוצרלה","price":56,"vegan":false,"vegetarian":true,"notFood":false,"drinks":false},{"name":"תפוח אדמה מוקרם","description":"קוביות תפו״א ברוטב שמנת פטריות מוקרמות בתנור אבן. מוגש לצד סלט אישי\r\n\r\n","price":52,"vegan":false,"vegetarian":true,"image":"https://d25t2285lxl5rf.cloudfront.net/images/dishes/22d68eee-f7d7-4c4b-876c-54fa12567a0f.jpg","notFood":false,"drinks":false},{"name":"‫מוקפץ ירקות","description":"אטריות נודלס מוקפצות עם בצל, פלפל, זוקיני, כרוב, פטריות, שעועית ירוקה, גזר, אפונה, ברוקולי ובצל ירוק, ברוטב טריאקי. מוגש עם כוסברה ובוטנים גרוסים מעל\r\n\r\n","price":56,"vegan":true,"vegetarian":true,"image":"https://d25t2285lxl5rf.cloudfront.net/images/dishes/941998fc-1505-43bd-bf37-7fdc94e10639.jpg","notFood":false,"drinks":false},{"name":"שניצל פיש & פוטטוס","description":"פילה הייק טבעי בציפוי פריך, מוגש על תפוח אדמה ביתי בעשבי תיבול, איולי קיסר ואלף האיים. מוגש לצד סלט אישי","price":62,"vegan":false,"vegetarian":false,"image":"https://d25t2285lxl5rf.cloudfront.net/images/dishes/2c0fb8da-02d9-4215-bedc-b083dfd008b9.jpg","notFood":false,"drinks":false},{"name":"ביונד בורגר","description":"המבורגר ביונד מיט, חסה, עגבניה, בצל סגול ומלפפון חמוץ. בתוספת צ'יפס וטבעות בצל","price":69,"vegan":false,"vegetarian":false,"image":"https://d25t2285lxl5rf.cloudfront.net/images/dishes/41bfb055-cad6-49af-a6c4-97bafebd0a65.jpg","notFood":false,"drinks":false},{"name":"פאד תאי סלמון","description":"אטריות אורז רחבות וקוביות סלמון מוקפצות עם בצל, פלפל, זוקיני, כרוב, פטריות, גזר, ברוקולי, שעועית ירוקה, אפונה, בצל ירוק ברוטב פאד תאי פיקנטי. מוגש עם רבע לימון, כוסברה ושומשום","price":72,"vegan":false,"vegetarian":false,"image":"https://d25t2285lxl5rf.cloudfront.net/images/dishes/7b1cbaa8-5f6b-414b-b422-9eb3cabc5bc3.jpg","notFood":false,"drinks":false},{"name":"סלמון בלימון","description":"פילה סלמון צרוב במחבת ברוטב לימון ועשבי תיבול. מוגש בתוספת ברוקולי ירוקים וסלט אישי","price":89,"vegan":false,"vegetarian":false,"image":"https://d25t2285lxl5rf.cloudfront.net/images/dishes/41676915-ea81-49d9-9161-61a010d6fc2a.jpg","notFood":false,"drinks":false},{"name":"ספגטי סלמון (לנוהגי היתר)","description":"ספגטי, פילה סלמון, שמנת, בצל ירוק, פטרוזיליה וגרידת לימון","price":89,"vegan":false,"vegetarian":false,"image":"https://d25t2285lxl5rf.cloudfront.net/images/dishes/401ea019-7f87-4a18-9515-404ec2d593f8.jpg","notFood":false,"drinks":false},{"name":"פילה דניס","description":"פילה דניס צרוב במחבת עם שום ופטרוזיליה, מונח על אורז ירוקים ושקדים. לצד ברוקולי, שעועית ואפונה מאודים\n\n","price":93,"vegan":false,"vegetarian":false,"image":"https://d25t2285lxl5rf.cloudfront.net/images/dishes/1a8bbd13-2d5e-4603-8d18-412d184609de.jpg","notFood":false,"drinks":false},{"name":"צ'זה פטריות","description":"פטריות, בצל ירוק, בצל סגול, קוביות חציל, כרוב, גזר, עלי כוסברה, מוקפצים ברוטב צ'זה. מוגש עם אורז","price":56,"vegan":true,"vegetarian":true,"notFood":false,"drinks":false},{"name":"פאד קפאו (צמחוני)","description":"טחון צמחוני קצוץ, בצל, שום ועשבי תיבול, מוקפצים ברוטב אסיאתי. מוגש לצד אורז וביצת עין","price":67,"vegan":true,"vegetarian":true,"notFood":false,"drinks":false},{"name":"קארי סלמון","description":"פילה סלמון צרוב במחבת, אורז, ירקות מוקפצים ברוטב קארי צהוב (אפונה, שעועית ובצל סגול)","price":76,"vegan":false,"vegetarian":false,"notFood":false,"drinks":false},{"name":"פאדג' ברוטב קרמל מלוח","description":"סופלה שוקולד חם, רוטב קרמל מלוח","price":42,"vegan":false,"vegetarian":false,"image":"https://d25t2285lxl5rf.cloudfront.net/images/dishes/84f949c0-3b45-470f-8c2b-a1ce2aca1089.jpg","notFood":false,"drinks":false},{"name":"סניקרס","description":"ביסקוויט שוקולד, קרם טופי, בוטנים מלוחים, מוס שוקולד בציפוי שוקולד ורוטב קרמל מלוח","price":42,"vegan":false,"vegetarian":true,"image":"https://d25t2285lxl5rf.cloudfront.net/images/dishes/042102b3-6d81-4491-b314-e44a903efa3e.jpg","notFood":false,"drinks":false},{"name":"פאי תפוחים","price":42,"vegan":true,"vegetarian":true,"image":"https://d25t2285lxl5rf.cloudfront.net/images/dishes/4f6e9a0f-9daf-47d7-9c8b-594cc58d51f9.jpg","notFood":false,"drinks":false},{"name":"עוגה בלגית חמה","price":44,"vegan":true,"vegetarian":true,"image":"https://d25t2285lxl5rf.cloudfront.net/images/dishes/2e4e42f8-a5dd-44c7-bb4f-e83c8100073d.jpg","notFood":false,"drinks":false},{"name":"וופל בלגי","description":"רטבים לבחירה: שוקולד אגוזים, ריבת חלב, שוקולד לבן ומייפל","price":49,"vegan":false,"vegetarian":true,"image":"https://d25t2285lxl5rf.cloudfront.net/images/dishes/7d592b72-9064-4b84-bd35-4054a6ea532a.jpg","notFood":false,"drinks":false},{"name":"אלפחורס","description":"עוגיית ריבת חלב דרום אמריקאית","price":12,"vegan":false,"vegetarian":true,"image":"https://d25t2285lxl5rf.cloudfront.net/images/dishes/4605a295-f607-420c-84b9-59c66352aff1.jpg","notFood":false,"drinks":false},{"name":"צלחת עוגיות","description":"5 יח'","price":15,"vegan":true,"vegetarian":true,"image":"https://d25t2285lxl5rf.cloudfront.net/images/dishes/198f03b5-1316-4c53-972a-9c239cbd1c96.jpg","notFood":false,"drinks":false},{"name":"מקרונים","description":"4 יח'","price":28,"vegan":true,"vegetarian":true,"image":"https://d25t2285lxl5rf.cloudfront.net/images/dishes/3f803102-28f0-4bff-9f6d-3a38fcef45cd.jpg","notFood":false,"drinks":false},{"name":"בראוניז","description":"מאפה עשיר בשוקולד עם אגוזי מלך","price":20,"vegan":false,"vegetarian":true,"image":"https://d25t2285lxl5rf.cloudfront.net/images/dishes/16335675-8a9a-4f4f-8135-4e1faac2d012.jpg","notFood":false,"drinks":false},{"name":"מים מינרליים","price":10,"vegan":true,"vegetarian":true,"notFood":false,"drinks":true},{"name":"קינלי סודה","price":12,"vegan":true,"vegetarian":true,"notFood":false,"drinks":true},{"name":"קוקה קולה","price":14,"vegan":true,"vegetarian":true,"notFood":false,"drinks":true},{"name":"קוקה קולה זירו","price":14,"vegan":true,"vegetarian":true,"notFood":false,"drinks":true},{"name":"ספרייט ליים","price":14,"vegan":true,"vegetarian":true,"notFood":false,"drinks":true},{"name":"ספרייט זירו","price":14,"vegan":true,"vegetarian":true,"notFood":false,"drinks":true},{"name":"פיוזטי","price":14,"vegan":true,"vegetarian":true,"notFood":false,"drinks":false},{"name":"מים בטעמים","price":14,"vegan":true,"vegetarian":true,"notFood":false,"drinks":false},{"name":"סיידר צלול","price":14,"vegan":true,"vegetarian":true,"notFood":false,"drinks":true},{"name":"מאלטי - בירה שחורה","price":14,"vegan":true,"vegetarian":true,"notFood":false,"drinks":true}]}