{"track_id":"21428","filters":["salads","veganFood","sandwichesWraps"],"image":"https://tenbis-static.azureedge.net/restaurant-default-card-image/CuzineType_defaultcuisine_02.jpg","address":"מדינת היהודים, 85 הרצליה","location":[34.8108401,32.1669919],"name":"פסטה אנד סלטס (רטבים)","city":"הרצליה - רמת השרון","priceAverage":31.22222222222222,"menu":[{"name":"סלט בהרכבה","description":"ניתן לבחור את מרכיבי הסלט בהתאמה אישית","price":50,"vegan":true,"vegetarian":true,"image":"https://d25t2285lxl5rf.cloudfront.net/images/dishes/2637124.jpg","notFood":false,"drinks":false},{"name":"סלט טבעוני","description":" מלפפון, עגבניה, כרוב לבן וסגול,גזר, קינואה אדומה,עדשים שחורות,שועיות ירוקה,פטרוזיליה וקוביות טופו","price":50,"vegan":true,"vegetarian":true,"image":"https://d25t2285lxl5rf.cloudfront.net/images/dishes/2637118.jpg","notFood":false,"drinks":false},{"name":"סלט פסטה","description":"פסטה מתובלת בפסטו וממרח עגבניות,קוביות בטטה ולפלפלים קלויים בתנור,זיתים שחורים ועגבניות שרי,קוביות בולגרית. ","price":50,"vegan":false,"vegetarian":true,"image":"https://d25t2285lxl5rf.cloudfront.net/images/dishes/2637119.jpg","notFood":false,"drinks":false},{"name":"סלט בריאות","description":"חסה, מלפפון ,עגבניה, קינואה אדומה, עדשים שחורות, רצועות גזר וסלק, נבטים, גריעני חמניה וחמוציות. ","price":50,"vegan":true,"vegetarian":true,"image":"https://d25t2285lxl5rf.cloudfront.net/images/dishes/2637120.jpg","notFood":false,"drinks":false},{"name":"סלט שורשים","description":"רצועות מלפפון גזר סלק וקולרבי,בצל סגול,נבטים,כוסברה,פטרוזיליה,געלה וחמוציות. ","price":50,"vegan":true,"vegetarian":true,"image":"https://d25t2285lxl5rf.cloudfront.net/images/dishes/2637122.jpg","notFood":false,"drinks":false},{"name":"סלט יווני","description":" חסה, מלפפון, עגבניה,גזר,תירס,זיתים שחורים,בצל סגול וקוביות בולגרית. ","price":50,"vegan":false,"vegetarian":true,"image":"https://d25t2285lxl5rf.cloudfront.net/images/dishes/2637123.jpg","notFood":false,"drinks":false},{"name":"קיש בטטה","price":55,"vegan":true,"vegetarian":true,"image":"https://d25t2285lxl5rf.cloudfront.net/images/dishes/2637137.jpg","notFood":false,"drinks":false},{"name":"קיש ברוקולי","price":55,"vegan":true,"vegetarian":true,"image":"https://d25t2285lxl5rf.cloudfront.net/images/dishes/2637135.jpg","notFood":false,"drinks":false},{"name":"קיש גבינה וזיתים","price":55,"vegan":false,"vegetarian":true,"image":"https://d25t2285lxl5rf.cloudfront.net/images/dishes/2637136.jpg","notFood":false,"drinks":false},{"name":"קיש פטריות","price":55,"vegan":true,"vegetarian":true,"image":"https://d25t2285lxl5rf.cloudfront.net/images/dishes/2637138.jpg","notFood":false,"drinks":false},{"name":"רביולי גיבנות","price":50,"vegan":true,"vegetarian":true,"image":"https://d25t2285lxl5rf.cloudfront.net/images/dishes/cc3e10b0-ef15-4567-a80f-b03c03505172.jpeg","notFood":false,"drinks":false},{"name":"פפרדלה","price":50,"vegan":true,"vegetarian":true,"image":"https://d25t2285lxl5rf.cloudfront.net/images/dishes/eee61668-599d-48e8-8447-65cb1de8f45e.jpeg","notFood":false,"drinks":false},{"name":"ריגטוני","price":50,"vegan":true,"vegetarian":true,"image":"https://d25t2285lxl5rf.cloudfront.net/images/dishes/5ded5042-cfcf-418b-a39c-0641ad7033e2.jpeg","notFood":false,"drinks":false},{"name":"פיצה אישית","price":45,"vegan":false,"vegetarian":true,"notFood":false,"drinks":false},{"name":"מים מינרלים","price":9,"vegan":true,"vegetarian":true,"notFood":false,"drinks":false},{"name":"סודה","price":9,"vegan":true,"vegetarian":true,"notFood":false,"drinks":true},{"name":"אשכוליות","price":10,"vegan":true,"vegetarian":true,"notFood":false,"drinks":false},{"name":"דיאט אשכוליות","price":10,"vegan":true,"vegetarian":true,"notFood":false,"drinks":false},{"name":"תפוזים","price":10,"vegan":true,"vegetarian":true,"notFood":false,"drinks":false},{"name":"תות בננה","price":10,"vegan":true,"vegetarian":true,"notFood":false,"drinks":false},{"name":"מים בטעמים","price":10,"vegan":true,"vegetarian":true,"notFood":false,"drinks":false},{"name":"פפסי","price":10,"vegan":true,"vegetarian":true,"notFood":false,"drinks":true},{"name":"פפסי מקס","price":10,"vegan":true,"vegetarian":true,"notFood":false,"drinks":true},{"name":"ספרייט","price":10,"vegan":true,"vegetarian":true,"notFood":false,"drinks":true},{"name":"דיאט ספרייט","price":10,"vegan":true,"vegetarian":true,"notFood":false,"drinks":true},{"name":"מירנדה","price":10,"vegan":true,"vegetarian":true,"notFood":false,"drinks":false},{"name":"אקסל","price":10,"vegan":true,"vegetarian":true,"notFood":false,"drinks":false}]}