{"track_id":"21425","filters":["meatGrill","fish","seafood"],"image":"https://tenbis-static.azureedge.net/restaurant-card-image/ResCard_21425_20200317153147.jpg","address":"הירקון, 12 תל אביב-יפו","location":[34.7646787,32.0695853],"name":"באבא יאגה","city":"תל אביב-יפו","priceAverage":55.94285714285714,"menu":[{"name":"זוג מרקים במחיר מיוחד","description":"בחירה של שניים מבין מגוון המרקים","price":65,"vegan":true,"vegetarian":true,"image":"https://d25t2285lxl5rf.cloudfront.net/images/dishes/b5e7feb1-0049-47d4-be16-0ec2c7621d2d.jpg","notFood":false,"drinks":false},{"name":"קומבו ביף סטרוגונוף פוקאצ'ה ושתייה","description":"פילה בקר בשמנת פטריות מוגש עם פירה","price":138,"vegan":false,"vegetarian":false,"image":"https://d25t2285lxl5rf.cloudfront.net/images/dishes/fbb9ee29-118f-4b14-82ba-fdaccf9c4280.jpg","notFood":false,"drinks":false},{"name":"קומבו סלט באבא יאגה ומרק","description":"חסה,עגבניות שרי,חמוציות,פקאנים,מתובל ברוטב אגסים עם דבש וגבינת  רוקפור ","price":88,"vegan":false,"vegetarian":true,"image":"https://d25t2285lxl5rf.cloudfront.net/images/dishes/017cbf6d-881a-46d7-9799-abb713cf5b69.jpg","notFood":false,"drinks":false},{"name":"קומבו מרק ופוקאצ'ה","description":"מרק לבחירה עם פוקאצ'ה ביתית ","price":49,"vegan":true,"vegetarian":true,"image":"https://d25t2285lxl5rf.cloudfront.net/images/dishes/f0a0e98d-d7c9-4fd2-aaac-46887b2f5ffd.jpg","notFood":false,"drinks":false},{"name":"ורניקי דובדבנים","description":"כיסוני בצק ממולאים בדודבנים מתוקים ומקורמלים ,מוגש עם שמנת חמוצה בצד","price":88,"vegan":false,"vegetarian":true,"image":"https://d25t2285lxl5rf.cloudfront.net/images/dishes/071b128d-a665-48fb-990f-1982a6202edd.jpg","notFood":false,"drinks":false},{"name":"פלמני","description":"כיסוני בצק ממולאים בבקר וחמאה,מוגש עם שמנת חמוצה בצד","price":78,"vegan":false,"vegetarian":false,"image":"https://d25t2285lxl5rf.cloudfront.net/images/dishes/012f456a-8494-4bc2-88d4-f95dbfee1d9c.jpg","notFood":false,"drinks":false},{"name":"פוקאצ'ה","description":"לחם איטלקי בהכנה ביתית, עם שמן זית ובלסמי בצד","price":28,"vegan":true,"vegetarian":true,"image":"https://d25t2285lxl5rf.cloudfront.net/images/dishes/8641ea9d-9983-44ba-9aaa-580cba4ac867.jpg","notFood":false,"drinks":false},{"name":"מלפפונים כבושים","description":"חמוצי הבית בכבישה ביתית","price":19,"vegan":true,"vegetarian":true,"image":"https://d25t2285lxl5rf.cloudfront.net/images/dishes/b81d598c-72d5-4bd5-bc3c-48ce6d7abe02.jpg","notFood":false,"drinks":false},{"name":"עגבניות כבושות","description":"עגבניות בכבישה עדינה ביתית","price":19,"vegan":true,"vegetarian":true,"image":"https://d25t2285lxl5rf.cloudfront.net/images/dishes/0659282f-7e0f-4f2b-bd95-a07fa12b0c06.jpg","notFood":false,"drinks":false},{"name":"פטה כבד","description":"מוגש עם פריוקת יער וריבת בצל","price":49,"vegan":false,"vegetarian":true,"image":"https://d25t2285lxl5rf.cloudfront.net/images/dishes/43d7642d-c2df-4288-9bc1-d8429c312856.jpg","notFood":false,"drinks":false},{"name":"מחבת פטריות","description":"מחבת שמנת פטריות לוהטת","price":78,"vegan":false,"vegetarian":true,"image":"https://d25t2285lxl5rf.cloudfront.net/images/dishes/dde3539f-79a4-47e1-b271-04628e70a065.jpg","notFood":false,"drinks":false},{"name":"סלט באבא יאגה","description":"חסה,עגבניות שרי,חמוציות,פקאנים,מתבול ברוטב אגסים עם דבש וגבינת רוקפור","price":68,"vegan":false,"vegetarian":true,"image":"https://d25t2285lxl5rf.cloudfront.net/images/dishes/6b026e90-4674-4e50-9f66-04f3ee957a45.jpg","notFood":false,"drinks":false},{"name":"סלט יווני","description":"חסה,עגבניות,בצל,זיתי קלמטה,גמבה וגבינת פטה עם זעתר","price":64,"vegan":false,"vegetarian":true,"image":"https://d25t2285lxl5rf.cloudfront.net/images/dishes/0fb06b4c-cc3f-4632-b03f-51b6b8925292.jpg","notFood":false,"drinks":false},{"name":"חמוצי הבית","description":"כרוב כבוש,חמוצים ועגבניות עם גמבה","price":38,"vegan":true,"vegetarian":true,"image":"https://d25t2285lxl5rf.cloudfront.net/images/dishes/66c84b12-f07a-49d0-a322-4e7ab9fd416b.jpg","notFood":false,"drinks":false},{"name":"חציל  על האש","description":"חציל גחילים עם סלסת עגבניות,שום טחינה ויוגורט","price":56,"vegan":true,"vegetarian":true,"image":"https://d25t2285lxl5rf.cloudfront.net/images/dishes/73557c97-3030-427b-86b9-4b9471b7ac21.jpg","notFood":false,"drinks":false},{"name":"בורשט","description":"מרק הבית על בסיס סלק,קוביות בקר,קוביות תפוחי אדמה וצלפים","price":46,"vegan":false,"vegetarian":false,"image":"https://d25t2285lxl5rf.cloudfront.net/images/dishes/689f463c-1676-4442-8676-4977fda3c393.jpg","notFood":false,"drinks":false},{"name":"סוליאנקה","description":"עשוי עם בשרים מעושנים וקצוצים","price":54,"vegan":false,"vegetarian":false,"image":"https://d25t2285lxl5rf.cloudfront.net/images/dishes/543ca69f-6b17-44e3-b888-ce144e77c325.jpg","notFood":false,"drinks":false},{"name":"מרק דגים- אוחה","description":"ציר דגים עשיר עם פילה דג בס ותפוחי אדמה","price":44,"vegan":false,"vegetarian":false,"image":"https://d25t2285lxl5rf.cloudfront.net/images/dishes/0fc2a6ab-a14c-46b5-bc46-666eb53a85db.jpg","notFood":false,"drinks":false},{"name":"פטוצ'יני טבעוני","description":"לינגוויני עם זיתי קלמטה ,עגבניות שרי,ארטישוק ושום קונפי","price":69,"vegan":true,"vegetarian":true,"image":"https://d25t2285lxl5rf.cloudfront.net/images/dishes/d5325fff-8803-49c4-8638-e59ccef6d883.jpg","notFood":false,"drinks":false},{"name":"סלמון על הגריל","description":"פילה סלמון טרי ברוטב שמנת תרד ועגבניות קצוצות, מוגש עם פירה","price":118,"vegan":false,"vegetarian":false,"image":"https://d25t2285lxl5rf.cloudfront.net/images/dishes/19fb5026-dffc-44b6-9d86-90773d0f9219.jpg","notFood":false,"drinks":false},{"name":"שרימפס ברוטב שום","description":"שרימפס ברוטב עשיר חמאה ושום","price":109,"vegan":false,"vegetarian":false,"image":"https://d25t2285lxl5rf.cloudfront.net/images/dishes/9c505848-70b5-456a-8008-11f92b009b1b.jpg","notFood":false,"drinks":false},{"name":"פטוצ'יני שרימפס","description":"עגבניות,שמנת, פרמז'ן ושרימפס","price":92,"vegan":false,"vegetarian":false,"image":"https://d25t2285lxl5rf.cloudfront.net/images/dishes/ef5ccf24-1dd2-41f4-a6e5-b7db46876be4.jpg","notFood":false,"drinks":false},{"name":"נקניקיה בווארית","description":"נקניקיה אימתנית,כרוב כבוש,חרדל ופירה","price":92,"vegan":true,"vegetarian":true,"image":"https://d25t2285lxl5rf.cloudfront.net/images/dishes/11c05cf5-e7a5-4603-aaa8-fa798afd7c76.jpg","notFood":false,"drinks":false},{"name":"מחבת בקר","description":"קדרת כתף בקר עם תפוחי אדמה ופטריות","price":98,"vegan":false,"vegetarian":false,"image":"https://d25t2285lxl5rf.cloudfront.net/images/dishes/6ce24f0c-df75-40c8-b6af-ce883cef1580.jpg","notFood":false,"drinks":false},{"name":"לברק שלם","description":"מנת הדגל-מושרה עם רוזמרין ולימון,מוגש עם פירה וירקות מוקפצים","price":148,"vegan":false,"vegetarian":false,"image":"https://d25t2285lxl5rf.cloudfront.net/images/dishes/3b2cffa6-8f9b-4667-8fba-733ede6368e9.jpg","notFood":false,"drinks":false},{"name":"בראוניז","description":"4 חתיכות שוקולד שימיסו לכם את הלב","price":22,"vegan":false,"vegetarian":true,"image":"https://d25t2285lxl5rf.cloudfront.net/images/dishes/bbd4eb6d-f78a-4e7f-9be4-ef8a238debd2.jpg","notFood":false,"drinks":false},{"name":"פאי לימון ומרנג","description":"ברוטב פירות יער","price":39,"vegan":true,"vegetarian":true,"notFood":false,"drinks":false},{"name":"פפסי","description":"330 מ\"ל","price":11,"vegan":true,"vegetarian":true,"notFood":false,"drinks":true},{"name":"פפסי מיקס","description":"330 מ\"ל","price":11,"vegan":true,"vegetarian":true,"notFood":false,"drinks":true},{"name":"אקווה פאנה","description":"330 מ\"ל","price":18,"vegan":true,"vegetarian":true,"notFood":false,"drinks":false},{"name":"מירנדה","description":"330 מ\"ל","price":11,"vegan":true,"vegetarian":true,"notFood":false,"drinks":false},{"name":"7 UP","price":11,"vegan":true,"vegetarian":true,"notFood":false,"drinks":false},{"name":"סן בנדטו","description":"0.5 ליטר","price":11,"vegan":true,"vegetarian":true,"notFood":false,"drinks":false},{"name":"סן פלגרינו","description":"0.25 ליטר","price":11,"vegan":true,"vegetarian":true,"notFood":false,"drinks":false},{"name":"סן פלגרינו גדול","description":"750 מ\"ל","price":18,"vegan":true,"vegetarian":true,"notFood":false,"drinks":false}]}