{"track_id":"21447","filters":["meatGrill","sandwichesWraps","salads"],"image":"https://tenbis-static.azureedge.net/restaurant-card-image/ResCard_21447_20211222160013.jpg","address":"החרושת, 24 רעננה","location":[34.8802953,32.19688],"name":"רד מיט רעננה ","city":"רעננה","priceAverage":35.351851851851855,"menu":[{"name":"קרייזי רד","description":"כריך אנטריקוט מוגש עם צ'יפס ושתיה","price":70,"vegan":false,"vegetarian":false,"image":"https://d25t2285lxl5rf.cloudfront.net/images/dishes/788dc605-e622-486e-9ed5-8f4679982ede.jpg","notFood":false,"drinks":false},{"name":"צ'יקן רד - חזה עוף","description":"כריך חזה עוף מוגש עם צ'יפס ושתיה ","price":70,"vegan":false,"vegetarian":false,"image":"https://d25t2285lxl5rf.cloudfront.net/images/dishes/aec5a448-87bd-4ffd-a6c1-d89770c82a79.jpg","notFood":false,"drinks":false},{"name":"צ'יקן רד - פרגית","description":"כריך פרגית מוגש עם צ'יפס ושתיה","price":70,"vegan":false,"vegetarian":false,"image":"https://d25t2285lxl5rf.cloudfront.net/images/dishes/12263775-b24c-464a-8cea-26208c7c4f3f.jpg","notFood":false,"drinks":false},{"name":"קריספי רד","description":"כריך שניצל בליווי צ'יפס ושתייה ","price":70,"vegan":false,"vegetarian":false,"image":"https://d25t2285lxl5rf.cloudfront.net/images/dishes/a1556da1-cffe-45d9-8749-d84e967a898a.jpg","notFood":false,"drinks":false},{"name":"רד בורגר","description":"כריך בורגר טלה מוגש עם צ'יפס ושתיה ","price":70,"vegan":false,"vegetarian":false,"image":"https://d25t2285lxl5rf.cloudfront.net/images/dishes/aae008bf-6724-489f-9ce1-4c61ecd7f205.jpg","notFood":false,"drinks":false},{"name":"פורטו רד","description":"כריך פורטובלו מוגש עם צ'יפס ושתיה ","price":70,"vegan":true,"vegetarian":true,"image":"https://d25t2285lxl5rf.cloudfront.net/images/dishes/96df8d4c-d6fa-4cc5-b37e-f79837ea7781.jpg","notFood":false,"drinks":false},{"name":"חצי צ'יקן רד פרגיות","description":"המלצת הבית למריחה: אבוקדו , צ'ימיצ'ורי , חסה , עגבנייה , בצל , חמוצים ורטבי הבית (רוטב שום , צ'יפוטלה , קארי).","price":30,"vegan":false,"vegetarian":false,"image":"https://d25t2285lxl5rf.cloudfront.net/images/dishes/5ab3be58-45b3-4d31-a18c-48c1ef1e7cc2.jpg","notFood":false,"drinks":false},{"name":"חצי פורטו רד פורטובלו","description":"המלצת הבית למריחה: אבוקדו , צ'ימיצ'ורי , חסה , עגבנייה , בצל , חמוצים ורטבי הבית (רוטב שום , צ'יפוטלה , קארי).","price":30,"vegan":false,"vegetarian":false,"image":"https://d25t2285lxl5rf.cloudfront.net/images/dishes/40fbd21d-d775-47ec-9ecd-57b4ef8e28eb.jpg","notFood":false,"drinks":false},{"name":"חצי צ'יקן רד חזה עוף","description":"המלצת הבית למריחה: אבוקדו , צ'ימיצ'ורי , חסה , עגבנייה , בצל , חמוצים ורטבי הבית (רוטב שום , צ'יפוטלה , קארי).","price":30,"vegan":false,"vegetarian":false,"image":"https://d25t2285lxl5rf.cloudfront.net/images/dishes/04c3217f-5ac1-4438-b207-b840e7b2f18f.jpg","notFood":false,"drinks":false},{"name":"חצי קרייזי רד אנטריקוט","description":"המלצת הבית למריחה: אבוקדו , צ'ימיצ'ורי , חסה , עגבנייה , בצל , חמוצים ורטבי הבית (רוטב שום , צ'יפוטלה , קארי).","price":30,"vegan":false,"vegetarian":false,"image":"https://d25t2285lxl5rf.cloudfront.net/images/dishes/86547795-17e8-41ce-885f-82d1f503dffc.jpg","notFood":false,"drinks":false},{"name":"חצי רד בורגר טלה","description":"המלצת הבית למריחה: אבוקדו , צ'ימיצ'ורי , חסה , עגבנייה , בצל , חמוצים ורטבי הבית (רוטב שום , צ'יפוטלה , קארי).","price":30,"vegan":false,"vegetarian":false,"image":"https://d25t2285lxl5rf.cloudfront.net/images/dishes/6826259d-f129-47e1-a5ed-ac3ff856a15b.jpg","notFood":false,"drinks":false},{"name":"חצי כריך שניצל","description":"המלצת הבית למריחה: אבוקדו , צ'ימיצ'ורי , חסה , עגבנייה , בצל , חמוצים ורטבי הבית (רוטב שום , צ'יפוטלה , קארי).","price":30,"vegan":false,"vegetarian":false,"image":"https://d25t2285lxl5rf.cloudfront.net/images/dishes/b20236e3-0e69-45ac-bb4e-e0f0c80c32f9.jpg","notFood":false,"drinks":false},{"name":"קרייזי רד אנטריקוט","description":"המלצת הבית למריחה: אבוקדו , צ'ימיצ'ורי , חסה , עגבנייה , בצל , חמוצים ורטבי הבית (רוטב שום , צ'יפוטלה , קארי).","price":50,"vegan":false,"vegetarian":false,"image":"https://d25t2285lxl5rf.cloudfront.net/images/dishes/6ced3949-74d4-4d6b-9228-f7e0a3422d14.jpg","notFood":false,"drinks":false},{"name":"צ'יקן רד פרגיות","description":"המלצת הבית למריחה: אבוקדו , צ'ימיצ'ורי , חסה , עגבנייה , בצל , חמוצים ורטבי הבית (רוטב שום , צ'יפוטלה , קארי).","price":50,"vegan":false,"vegetarian":false,"image":"https://d25t2285lxl5rf.cloudfront.net/images/dishes/3ca541f6-8e1e-4c04-99a7-528ed37797fc.jpg","notFood":false,"drinks":false},{"name":"צ'יקן רד חזה עוף","description":" המלצת הבית למריחה: אבוקדו , צ'ימיצ'ורי , חסה , עגבנייה , בצל , חמוצים ורטבי הבית (רוטב שום , צ'יפוטלה , קארי).","price":50,"vegan":false,"vegetarian":false,"image":"https://d25t2285lxl5rf.cloudfront.net/images/dishes/8c99cde2-e851-4ef6-a7b4-4b98d90857d8.jpg","notFood":false,"drinks":false},{"name":"פורטו רד פורטובלו","description":"המלצת הבית למריחה: אבוקדו , צ'ימיצ'ורי , חסה , עגבנייה , בצל , חמוצים ורטבי הבית (רוטב שום , צ'יפוטלה , קארי).","price":50,"vegan":false,"vegetarian":false,"image":"https://d25t2285lxl5rf.cloudfront.net/images/dishes/44a8208d-6cc0-479c-92ea-7afe98e02e19.jpg","notFood":false,"drinks":false},{"name":"רד בורגר טלה","description":"המלצת הבית למריחה: אבוקדו , צ'ימיצ'ורי , חסה , עגבנייה , בצל , חמוצים ורטבי הבית (רוטב שום , צ'יפוטלה , קארי).","price":50,"vegan":false,"vegetarian":false,"image":"https://d25t2285lxl5rf.cloudfront.net/images/dishes/24f4a08b-8a5b-4f3f-ad76-5b9e9b4c1a3d.jpg","notFood":false,"drinks":false},{"name":"קריספי רד שניצל","description":"המלצת הבית למריחה: אבוקדו , צ'ימיצ'ורי , חסה , עגבנייה , בצל , חמוצים ורטבי הבית (רוטב שום , צ'יפוטלה , קארי).","price":50,"vegan":false,"vegetarian":false,"image":"https://d25t2285lxl5rf.cloudfront.net/images/dishes/23087670-2539-4773-9b47-a14dab55e136.jpg","notFood":false,"drinks":false},{"name":"רוליטו אנטריקוט","description":"המלצת הבית למריחה: אבוקדו , צ'ימיצ'ורי , חסה , עגבנייה , בצל , חמוצים ורטבי הבית (רוטב שום , צ'יפוטלה , קארי).\t","price":50,"vegan":false,"vegetarian":false,"image":"https://d25t2285lxl5rf.cloudfront.net/images/dishes/54cfb9f5-6a39-4b92-a869-654b5c542b0c.jpg","notFood":false,"drinks":false},{"name":"רוליטו שניצל","description":"המלצת הבית למריחה: אבוקדו , צ'ימיצ'ורי , חסה , עגבנייה , בצל , חמוצים ורטבי הבית (רוטב שום , צ'יפוטלה , קארי).\t","price":50,"vegan":false,"vegetarian":false,"image":"https://d25t2285lxl5rf.cloudfront.net/images/dishes/50990841-39f6-426d-9354-da2b43e328d9.jpg","notFood":false,"drinks":false},{"name":"רוליטו פרגיות","description":"המלצת הבית למריחה: אבוקדו , צ'ימיצ'ורי , חסה , עגבנייה , בצל , חמוצים ורטבי הבית (רוטב שום , צ'יפוטלה , קארי).\t","price":50,"vegan":false,"vegetarian":false,"image":"https://d25t2285lxl5rf.cloudfront.net/images/dishes/ccc11221-7250-42a3-b09c-2be338e95602.jpg","notFood":false,"drinks":false},{"name":"רוליטו חזה עוף","description":"המלצת הבית למריחה: אבוקדו , צ'ימיצ'ורי , חסה , עגבנייה , בצל , חמוצים ורטבי הבית (רוטב שום , צ'יפוטלה , קארי).\t","price":50,"vegan":false,"vegetarian":false,"image":"https://d25t2285lxl5rf.cloudfront.net/images/dishes/f3a24124-931c-45d5-99c8-64f847d48bf7.jpg","notFood":false,"drinks":false},{"name":"רוליטו בורגר טלה","description":"המלצת הבית למריחה: אבוקדו , צ'ימיצ'ורי , חסה , עגבנייה , בצל , חמוצים ורטבי הבית (רוטב שום , צ'יפוטלה , קארי).\t","price":50,"vegan":false,"vegetarian":false,"image":"https://d25t2285lxl5rf.cloudfront.net/images/dishes/6db38f63-08bb-409b-86cc-b48748d06c79.jpg","notFood":false,"drinks":false},{"name":"רוליטו פורטובלו","description":"המלצת הבית למריחה: אבוקדו , צ'ימיצ'ורי , חסה , עגבנייה , בצל , חמוצים ורטבי הבית (רוטב שום , צ'יפוטלה , קארי).\t","price":47,"vegan":false,"vegetarian":false,"image":"https://d25t2285lxl5rf.cloudfront.net/images/dishes/7f36e60d-1479-48a0-8d86-a9dc876e38eb.jpg","notFood":false,"drinks":false},{"name":"סלט פורטובלו (צמחוני)","description":"חסה , עגבנייה , מלפפון , כרוב , גזר , תירס , נבטים , עלי בייבי , בצל , קרוטונים , שמן זית , לימון, מלח , פלפל ויניגרט בלסמי או טחינה","price":55,"vegan":true,"vegetarian":true,"image":"https://d25t2285lxl5rf.cloudfront.net/images/dishes/20220ba1-18aa-4a0c-9c38-f8ad84ccb23a.jpg","notFood":false,"drinks":false},{"name":"סלט אנטריקוט","description":"חסה , עגבנייה , מלפפון , כרוב , גזר , תירס , נבטים , עלי בייבי , בצל , קרוטונים , שמן זית , לימון, מלח , פלפל ויניגרט בלסמי או טחינה","price":55,"vegan":false,"vegetarian":false,"image":"https://d25t2285lxl5rf.cloudfront.net/images/dishes/fdd3e03f-64da-46dc-b3cb-23ce42fc9cfb.jpg","notFood":false,"drinks":false},{"name":"סלט חזה עוף","description":"חסה , עגבנייה , מלפפון , כרוב , גזר , תירס , נבטים , עלי בייבי , בצל , קרוטונים , שמן זית , לימון, מלח , פלפל ויניגרט בלסמי או טחינה","price":55,"vegan":false,"vegetarian":false,"image":"https://d25t2285lxl5rf.cloudfront.net/images/dishes/6630434b-b0a4-47a9-b78e-fde157f556e8.jpeg","notFood":false,"drinks":false},{"name":"סלט פרגית","description":"חסה , עגבנייה , מלפפון , כרוב , גזר , תירס , נבטים , עלי בייבי , בצל , קרוטונים , שמן זית , לימון, מלח , פלפל ויניגרט בלסמי או טחינה","price":55,"vegan":false,"vegetarian":false,"image":"https://d25t2285lxl5rf.cloudfront.net/images/dishes/76825f9d-4f2d-420c-b6bd-62a5848dbc55.jpeg","notFood":false,"drinks":false},{"name":"סלט שניצל","description":"חסה , עגבנייה , מלפפון , כרוב , גזר , תירס , נבטים , עלי בייבי , בצל , קרוטונים , שמן זית , לימון, מלח , פלפל ויניגרט בלסמי או טחינה","price":55,"vegan":false,"vegetarian":false,"image":"https://d25t2285lxl5rf.cloudfront.net/images/dishes/927b169b-75b0-4f88-b785-bf979d4e326a.jpeg","notFood":false,"drinks":false},{"name":"סלט בורגר טלה","description":"חסה , עגבנייה , מלפפון , כרוב , גזר , תירס , נבטים , עלי בייבי , בצל , קרוטונים , שמן זית , לימון, מלח , פלפל ויניגרט בלסמי או טחינה","price":55,"vegan":false,"vegetarian":false,"image":"https://d25t2285lxl5rf.cloudfront.net/images/dishes/0a673062-164d-4b56-b18a-90277b0634dd.jpg","notFood":false,"drinks":false},{"name":"הום פרייז","description":"מוגש עם תוספת לבחירה","price":25,"vegan":true,"vegetarian":true,"image":"https://d25t2285lxl5rf.cloudfront.net/images/dishes/d7b5e652-f851-41d3-b77e-7aeebb2a435e.jpeg","notFood":false,"drinks":false},{"name":"צ'יפס דק דק","description":"מוגש עם תוספת לבחירה","price":18,"vegan":true,"vegetarian":true,"image":"https://d25t2285lxl5rf.cloudfront.net/images/dishes/8b044b81-dafb-40dc-92f9-f3743c73be62.jpg","notFood":false,"drinks":false},{"name":"טבעות בצל - 10 יח'","price":20,"vegan":true,"vegetarian":true,"image":"https://d25t2285lxl5rf.cloudfront.net/images/dishes/39c991ac-25c0-4329-b752-5b03eb9c1681.jpeg","notFood":false,"drinks":false},{"name":"צ'יפס בטטה","price":20,"vegan":true,"vegetarian":true,"image":"https://d25t2285lxl5rf.cloudfront.net/images/dishes/a603d522-e6f4-4abf-b910-b8b390e1c47b.jpeg","notFood":false,"drinks":false},{"name":"פוטטוס","price":20,"vegan":true,"vegetarian":true,"image":"https://d25t2285lxl5rf.cloudfront.net/images/dishes/b6c642b6-155f-4ce8-b11b-a63c6982af73.jpeg","notFood":false,"drinks":false},{"name":"מיקס","description":"צ'יפס + טבעות בצל ","price":25,"vegan":true,"vegetarian":true,"image":"https://d25t2285lxl5rf.cloudfront.net/images/dishes/9e30eff0-73ec-4f31-aae9-9639018183d5.jpg","notFood":false,"drinks":false},{"name":"כדורי פירה 10 יח'","price":20,"vegan":true,"vegetarian":true,"image":"https://d25t2285lxl5rf.cloudfront.net/images/dishes/20f9c0b2-7fff-4fe3-9976-daf42cabb22a.jpeg","notFood":false,"drinks":false},{"name":"כנפיים 12 יח'","price":30,"vegan":false,"vegetarian":false,"notFood":false,"drinks":false},{"name":"שניצלונים","description":"260 גרם","price":30,"vegan":false,"vegetarian":false,"notFood":false,"drinks":false},{"name":"מים מינרלים","price":9,"vegan":true,"vegetarian":true,"notFood":false,"drinks":false},{"name":"סודה","price":9,"vegan":true,"vegetarian":true,"notFood":false,"drinks":true},{"name":"פחית ספרייט","price":12,"vegan":true,"vegetarian":true,"notFood":false,"drinks":true},{"name":"פחית קולה זירו","price":12,"vegan":true,"vegetarian":true,"notFood":false,"drinks":true},{"name":"פחית קוקה קולה","price":12,"vegan":true,"vegetarian":true,"notFood":false,"drinks":true},{"name":"פחית דיאט קוקה קולה","price":12,"vegan":true,"vegetarian":true,"notFood":false,"drinks":true},{"name":"פחית דיאט ספרייט","price":12,"vegan":true,"vegetarian":true,"notFood":false,"drinks":true},{"name":"פחית פאנטה","price":12,"vegan":true,"vegetarian":true,"notFood":false,"drinks":false},{"name":"בקבוק זכוכית  דיאט קוקה קולה","price":12,"vegan":true,"vegetarian":true,"notFood":false,"drinks":true},{"name":"בקבוק זכוכית זירו קוקה קולה","price":12,"vegan":true,"vegetarian":true,"notFood":false,"drinks":true},{"name":"בקבוק זכוכית קוקה קולה","price":12,"vegan":true,"vegetarian":true,"notFood":false,"drinks":true},{"name":"מים בטעם אפרסק","price":12,"vegan":true,"vegetarian":true,"notFood":false,"drinks":false},{"name":"מים בטעם ענבים","price":12,"vegan":true,"vegetarian":true,"notFood":false,"drinks":true},{"name":"מים בטעם תפוח","price":12,"vegan":true,"vegetarian":true,"notFood":false,"drinks":false},{"name":"פיוז טי","price":12,"vegan":true,"vegetarian":true,"notFood":false,"drinks":false}]}