{"track_id":"21451","filters":["japaneseSushi","asianFusion"],"image":"https://tenbis-static.azureedge.net/restaurant-default-card-image/CuzineType_sushi_06.jpg","address":"שדרות מנחם בגין, 44 כפר יונה","location":[34.9369657,32.3118685],"name":"שיו סושי ","city":"אזור נתניה","priceAverage":53.91379310344828,"menu":[{"name":"אין אפשרות לשינויים בקומבינציות","vegan":true,"vegetarian":true,"notFood":false,"drinks":false},{"name":"חמוצים אסיאתיים","description":"ירקות כבושים בחומץ אורז וסוכר דקלים \n","price":14,"vegan":true,"vegetarian":true,"image":"https://d25t2285lxl5rf.cloudfront.net/images/dishes/a45f8bf3-5215-4aa8-9905-5b22e2cac797.jpg","notFood":false,"drinks":false},{"name":"אדממה","description":"פולי סויה חלוטים עם לימון ומלח גס\n","price":22,"vegan":true,"vegetarian":true,"image":"https://d25t2285lxl5rf.cloudfront.net/images/dishes/3477e430-2269-423a-8542-efe07d906d68.jpg","notFood":false,"drinks":false},{"name":"צ'יפס בטטה","description":"אצבעות בטטה פריכות בציפוי פנקו \n","price":26,"vegan":true,"vegetarian":true,"image":"https://d25t2285lxl5rf.cloudfront.net/images/dishes/bfd0eb6a-47c2-4a4f-a9b5-14899ab2eb3e.jpg","notFood":false,"drinks":false},{"name":"ספרינג רול ויאטנמי צמחוני 2 יח'","description":"אגרול ירקות קריספי, עלי חסה ועשבי תיבול, רוטב צ'ילי בוטנים","price":29,"vegan":true,"vegetarian":true,"image":"https://d25t2285lxl5rf.cloudfront.net/images/dishes/f1eaf801-e5e5-4f40-a5db-65fe0db3d3c7.jpg","notFood":false,"drinks":false},{"name":"ספרינג רול וויאטנמי עוף 2 יחי'","description":"אגרול עוף וירקות קריספי, עלי חסה ועשבי תיבול, רוטב צ'ילי בוטנים\n","price":35,"vegan":false,"vegetarian":false,"image":"https://d25t2285lxl5rf.cloudfront.net/images/dishes/93f73bf2-c325-4846-9c40-53185cb7c448.jpg","notFood":false,"drinks":false},{"name":"תאי ווינגס7 יח'","description":"כנפיים מטוגנות בציפוי תאילנדי פריך, מוגש עם רוטב פלפלים פיקנטי","price":39,"vegan":false,"vegetarian":false,"image":"https://d25t2285lxl5rf.cloudfront.net/images/dishes/593c997b-be47-4df9-9196-293e0ba8e18b.jpg","notFood":false,"drinks":false},{"name":"כרובית מסאלה","description":"פרחי כרובית, גרם מסאלה, איולי קאריו וליים, עשבי תיבול \r\n","price":37,"vegan":true,"vegetarian":true,"image":"https://d25t2285lxl5rf.cloudfront.net/images/dishes/47bf2685-3a48-4aa8-8cb1-4ec70b66bc46.jpg","notFood":false,"drinks":false},{"name":"אצבעות סלמון בפנקו","price":39,"vegan":false,"vegetarian":false,"notFood":false,"drinks":false},{"name":"רצועות עוף בטמפורה","description":"רצועות עוף עטופות בטמפורה ברוטב צ'ילי סאקה","price":43,"vegan":false,"vegetarian":false,"notFood":false,"drinks":false},{"name":"סלט שורשים אסיאתי","description":"עוף / טופו, כרוב סגול, נבטים, מלפפון, בטטה קריספית, עשבי תיבול, בצל סגול ורוטב ויניגרט.\n","price":42,"vegan":false,"vegetarian":false,"image":"https://d25t2285lxl5rf.cloudfront.net/images/dishes/0e65be83-5e73-459d-a335-634ab7136189.jpg","notFood":false,"drinks":false},{"name":"גיוזה שיטאקי","description":"6 יח' של גיוזה מאודה / מטוגן מוגש עם רוטב פונזו \r\n","price":45,"vegan":true,"vegetarian":true,"image":"https://d25t2285lxl5rf.cloudfront.net/images/dishes/8c7dc7cb-c62d-48df-89bf-3955bb1e1a11.jpg","notFood":false,"drinks":false},{"name":"גיוזה בטטה","description":"6 יח' של גיוזה מאודה / מטוגן מוגש עם רוטב פונזו \r\n","price":45,"vegan":true,"vegetarian":true,"image":"https://d25t2285lxl5rf.cloudfront.net/images/dishes/b2621cdf-0cf1-4756-bc03-f832ea7f0a0b.jpg","notFood":false,"drinks":false},{"name":"גיוזה עוף","description":"6 יח' של גיוזה מאודה / מטוגן מוגש עם רוטב פונזו\r\n","price":45,"vegan":false,"vegetarian":false,"image":"https://d25t2285lxl5rf.cloudfront.net/images/dishes/81dad5c5-ee77-4d0d-a006-cf91580dac4e.jpg","notFood":false,"drinks":false},{"name":"באן קאטצו","description":"2 לחמניות שמרים מאודות, שניצל עוף קריספי, כוסברה, רוטב איולי, צ'ילי וטחינה יפנית \n","price":42,"vegan":false,"vegetarian":false,"image":"https://d25t2285lxl5rf.cloudfront.net/images/dishes/38ec8d4b-1be9-467a-9978-c0b8261068cf.jpg","notFood":false,"drinks":false},{"name":"באן טופו","description":"2 לחמניות שמרים מאודות, שניצל טופו  קריספי, כוסברה, רוטב איולי, צ'ילי וטחינה יפנית \n","price":39,"vegan":false,"vegetarian":false,"image":"https://d25t2285lxl5rf.cloudfront.net/images/dishes/22dbfc68-2970-4403-bf7a-5e5db5849a8c.jpg","notFood":false,"drinks":false},{"name":"באן סלמון","description":"2 לחמניות שמרים מאודות, סלמון בציפוי פנקו, כוסברה, רוטב איולי, צ'ילי טחינה יפנית.","price":46,"vegan":false,"vegetarian":false,"notFood":false,"drinks":false},{"name":"טום יאם טופו","description":"מרק תאילנדי עם טופו, חמוץ חריף, עגבניות שרי, פטריות, בצל, ועשבי תיבול ארומטיים\n","price":38,"vegan":true,"vegetarian":true,"image":"https://d25t2285lxl5rf.cloudfront.net/images/dishes/779ec2e7-7aad-4409-89f0-12a4984aaa0f.jpg","notFood":false,"drinks":false},{"name":"טום יאם עוף","description":"מרק תאילנדי עם עוף, חמוץ חריף, עגבניות שרי, פטריות, בצל, ועשבי תיבול ארומטיים \n","price":42,"vegan":false,"vegetarian":false,"image":"https://d25t2285lxl5rf.cloudfront.net/images/dishes/ed11cef0-25bf-4ddd-b62d-5c18e1ec5ce7.jpg","notFood":false,"drinks":false},{"name":"מרק מיסו","description":"ציר מיסו ודאשי, טופו, אצות וואקמה ובצל ירוק \n","price":19,"vegan":true,"vegetarian":true,"image":"https://d25t2285lxl5rf.cloudfront.net/images/dishes/a99a8145-eaea-4b6f-badd-0ba979e593b6.jpg","notFood":false,"drinks":false},{"name":"מרק תירס","description":"מרק תירס קרמי, אטריות שעועית וכוסברה\n","price":23,"vegan":true,"vegetarian":true,"image":"https://d25t2285lxl5rf.cloudfront.net/images/dishes/a6210335-d48f-4027-8a47-405470a6e378.jpg","notFood":false,"drinks":false},{"name":"פאד קאפאו","description":"בקר קצוץ, בצל סגול, שום, עשבי תיבול, מעל ביצת עין, רוטב סויה, אורז לבן.\r\n","price":59,"vegan":false,"vegetarian":false,"image":"https://d25t2285lxl5rf.cloudfront.net/images/dishes/6cc23a8e-5cdd-4ed0-a0af-13ee11851bc9.jpg","notFood":false,"drinks":false},{"name":"פרייד רייס","description":"טופו/עוף/בקר נבטים, ביצה, בצל סגול, גזר, בצל ירוק,  פטריות ברוטב תאי סטייל \n","price":50,"vegan":false,"vegetarian":false,"image":"https://d25t2285lxl5rf.cloudfront.net/images/dishes/4f35d15d-ba32-4248-ae6b-93ccc64db2d0.jpg","notFood":false,"drinks":false},{"name":"קארי אדום","description":"טופו / עוף / בקר, שעועית, עגבנית שרי חצויה וברוקולי  ברוטב קארי אדום וחלב קוקוס. (פיקנטי).  \n*מוגש עם תוספת אורז לבן.","price":50,"vegan":false,"vegetarian":false,"image":"https://d25t2285lxl5rf.cloudfront.net/images/dishes/be472fd6-7a0d-4dd5-94bf-0b74843c59fb.jpg","notFood":false,"drinks":false},{"name":"גרין קארי","description":"טופו / עוף / בקר, תרד, ברוקולי וכרובית ברוטב קארי ירוק וחלב קוקוס. (פיקנטי)\n* מוגש עם אורז לבן.","price":50,"vegan":false,"vegetarian":false,"image":"https://d25t2285lxl5rf.cloudfront.net/images/dishes/d3ad0563-bce6-4b3b-bbfa-3ba8a4ca91dc.jpg","notFood":false,"drinks":false},{"name":"יאקיסובה","description":"אטריות ביצים, טופו/עוף/בקר, גזר, נבטים, בצל ירוק, פטריות וברוקולי ברוטב טריאקי\n","price":50,"vegan":false,"vegetarian":false,"image":"https://d25t2285lxl5rf.cloudfront.net/images/dishes/30709424-d9a5-4235-ab08-df70f5bbc6bb.jpg","notFood":false,"drinks":false},{"name":"פאד תאי","description":"טופו / עוף / בקר, אטריות אורז, גזר, בצל ירוק, נבטים, ביצה, בוטנים, לימון וכוסברה ברוטב תאילנדי מתקתק","price":50,"vegan":false,"vegetarian":false,"image":"https://d25t2285lxl5rf.cloudfront.net/images/dishes/08dd63c9-f2fa-4ee6-b530-a88015783236.jpg","notFood":false,"drinks":false},{"name":"אומאמי נודלס","description":"טופו / עוף / בקר אטריות ביצים, פטריות שמפניון ושיטאקי, ברוקולי, בצל ירוק ברוטב צ'זה.\n","price":50,"vegan":false,"vegetarian":false,"image":"https://d25t2285lxl5rf.cloudfront.net/images/dishes/12eb3e7c-7e56-4b77-96f6-b460e0d705fe.jpg","notFood":false,"drinks":false},{"name":"התאילנדית","description":"טופו/עוף/בקר, אטריות ביצים, ברוקולי, שעועית ירוקה, תרד ובוטנים ברוטב חלב קוקוס וקארי אדום. (פיקנטי)","price":50,"vegan":false,"vegetarian":false,"image":"https://d25t2285lxl5rf.cloudfront.net/images/dishes/c2518b9b-426e-4d26-a7ef-30583c62da6a.jpg","notFood":false,"drinks":false},{"name":"צ'ילי נודלס","description":"טופו / עוף / בקר אטריות ביצים/אורז, תרד, ברוקולי ובצל סגול ברוטב ס'צואן. (פיקנטי)\n","price":50,"vegan":false,"vegetarian":false,"notFood":false,"drinks":false},{"name":"ספיישל נודלס","description":"אטריות ביצים, נתחי עוף ובקר, בצל סגול, גזר, נבטים מעל שבבי בטטה קריספי ברוטב צ'זה פיקנטי","price":61,"vegan":false,"vegetarian":false,"notFood":false,"drinks":false},{"name":"נודלס ילדים צמחוני\n","description":"אטריות ביצים וגזר ברוטב סויה מתוקה\n","price":28,"vegan":false,"vegetarian":true,"image":"https://d25t2285lxl5rf.cloudfront.net/images/dishes/0a460c68-4c54-44ca-b454-f89a1daebbb6.jpg","notFood":false,"drinks":false},{"name":"נודלס ילדים עוף\n","description":"אטריות ביצים ועוף ברוטב סויה מתוקה\n","price":36,"vegan":false,"vegetarian":false,"image":"https://d25t2285lxl5rf.cloudfront.net/images/dishes/4968073e-00fa-446d-87cf-43ee30f1928a.jpg","notFood":false,"drinks":false},{"name":"שניצלונים פריכים \n","description":"מוגש עם אורז / צ'יפס\n","price":42,"vegan":false,"vegetarian":false,"image":"https://d25t2285lxl5rf.cloudfront.net/images/dishes/a05972b5-2b05-4863-b7e3-b1f070804cd2.jpg","notFood":false,"drinks":false},{"name":"באן שניצל","description":"באן שניצל מוגש עם קטשופ ואורז / צ'יפס\r\n","price":42,"vegan":false,"vegetarian":false,"image":"https://d25t2285lxl5rf.cloudfront.net/images/dishes/70580c0f-3c72-4f4a-8b8f-2bc753cba2f1.jpg","notFood":false,"drinks":false},{"name":"צ'יקן בטמפורה","description":"עוף בטמפורה, אבוקדו, מלפפון וקמפיו בציפוי קריספי בטטה. ","price":46,"vegan":false,"vegetarian":false,"image":"https://d25t2285lxl5rf.cloudfront.net/images/dishes/299fa440-d8cb-4e3d-99ff-fb9b63304197.jpg","notFood":false,"drinks":false},{"name":"שיו סקין הוט","description":"סלמון סקין, ספייסי מיונז, אבוקדו, מלפפון ועירית במעטפת סלמון צרוב","price":48,"vegan":false,"vegetarian":false,"image":"https://d25t2285lxl5rf.cloudfront.net/images/dishes/5dd7aeff-32b0-49d6-a08c-b3a28c346564.jpg","notFood":false,"drinks":false},{"name":"Spicy Salmon","description":"ספייסי סלמון, טמאגו, בטטה ועירית קצוץ במעטפת אבוקדו","price":44,"vegan":false,"vegetarian":false,"image":"https://d25t2285lxl5rf.cloudfront.net/images/dishes/ab80d774-4e4a-47f3-bb1b-24085883e494.jpg","notFood":false,"drinks":false},{"name":"בומבה במבה","description":"סלמון נא, חמאת בוטנים ומלפפון מטוגן בפנקו (חם).","price":42,"vegan":false,"vegetarian":false,"image":"https://d25t2285lxl5rf.cloudfront.net/images/dishes/4bfac35d-55b1-4412-8d2c-ea93895a7d82.jpg","notFood":false,"drinks":false},{"name":"סלמון גריל","description":"סלמון צלוי, ספייסי מיונז, עירית, מלפפון, גזר וקמפיו במעטפת שבבי טמפורה וקריספי בטטה.","price":42,"vegan":false,"vegetarian":false,"image":"https://d25t2285lxl5rf.cloudfront.net/images/dishes/07de0f8e-7cb0-481d-a229-7a626d1eb988.jpg","notFood":false,"drinks":false},{"name":"סלמון קלאסי","description":"סלמון, אבוקדו ובטטה במעטפת אבוקדו וסלמון","price":48,"vegan":false,"vegetarian":false,"image":"https://d25t2285lxl5rf.cloudfront.net/images/dishes/b468f8ea-869d-4b2c-a5c9-c2bddf8d5ba8.jpg","notFood":false,"drinks":false},{"name":"רוק&רול","description":"ספייסי טונה אדומה, שבבי טמפורה, אבוקדו, עירית ומלפפון בציפוי טוביקו שחור","price":47,"vegan":false,"vegetarian":false,"image":"https://d25t2285lxl5rf.cloudfront.net/images/dishes/04188324-3f94-42e9-af63-34b8b451d4c4.jpg","notFood":false,"drinks":false},{"name":"Rainbow","description":"בטטה, בצל ירוק קצוץ, אבוקדו וקמפיו במעטפת סלמון, טונה אדומה ואבוקדו","price":47,"vegan":false,"vegetarian":false,"image":"https://d25t2285lxl5rf.cloudfront.net/images/dishes/fefde0d2-3a0e-4d99-b2bd-1bd37a430efd.jpg","notFood":false,"drinks":false},{"name":"ראסמי טונה","description":"סלט טונה במיונז, עירית, גזר וטמאגו בציפוי שבבי טמפורה","price":39,"vegan":false,"vegetarian":false,"image":"https://d25t2285lxl5rf.cloudfront.net/images/dishes/6a735410-9c0c-4108-86fe-4086c5436335.jpg","notFood":false,"drinks":false},{"name":"קרנצ'י ווג'י","description":"אבוקדו, בטטה, שיטאקי ובצל ירוק בציפוי שבבי טמפורה ובטטה קריספי","price":36,"vegan":true,"vegetarian":true,"image":"https://d25t2285lxl5rf.cloudfront.net/images/dishes/26eda7e2-4db6-46f8-a9f9-2d5576b93e8a.jpg","notFood":false,"drinks":false},{"name":"Vegan Special","description":"טופו בטמפורה, בטטה, אספרגוס ועירית במעטפת אבוקדו ושבבי בטטה קריספי","price":42,"vegan":true,"vegetarian":true,"notFood":false,"drinks":false},{"name":"קומבינציה יחיד","description":"\n8 יח' I/O- סלמון נא , אבוקדו ומלפפון בציפוי שבבי בטטה.\n4 יח' I/O- דג לבן, בטטה ועירית  בציפוי שבבי טמפורה.\n4 יח'I/O-  טונה אדומה, בטטה ועירית בציפוי שבבי טמפורה.\n","price":73,"vegan":false,"vegetarian":false,"image":"https://d25t2285lxl5rf.cloudfront.net/images/dishes/91fd0f59-abe4-4aec-9d74-b74775bbd32b.jpg","notFood":false,"drinks":false},{"name":"קומבינציה זוגית 30 יחידות","description":"\n8 יח' I/O- סלמון, אבוקדו ובטטה בציפוי שבבי בטטה.\n8 יח' I/O- טונה אדומה, אבוקדו ומלפפון בציפוי שבבי טמפורה.\n4 יח' סנדוויץ'- סלמון אפוי ואבוקדו בציפוי שבבי טמפורה.\n4 יח' I/O- ספייסי טונה אדומה, מלפפון וטאמגו בציפוי עירית קצוצה\n4 יח'I/O-  ספייסי סלמון, מלפפון וטאמגו בציפוי עירית קצוצה\n2 יח' ניגרי- סלמ","price":149,"vegan":false,"vegetarian":false,"image":"https://d25t2285lxl5rf.cloudfront.net/images/dishes/dc96f990-999f-4867-8d90-3f5e998229b7.jpg","notFood":false,"drinks":false},{"name":"קומבינציה משפחתית 46 יחידות","description":"8 יח' I/0- סלמון סקין, אבוקדו ומלפפון בציפוי שבבי טמפורה.\n8 יח' I/O- סלמון, מלפפון וגזר בציפוי שבבי בטטה.\n8 יח' I/O- דג לבן, אספרגוס ואבוקדו בציפוי שומשום שחור\n8 יח' F- אבוקדו, טמאגו, עירית וגזר.\n4 יח' סנדוויץ'- סלמון אפוי ואבוקדו- בפנקו חם (מטוגן)\n4 יח' I/O- ספייסי טונה אדומה, מלפפון וטאמגו בציפוי ","price":239,"vegan":false,"vegetarian":false,"image":"https://d25t2285lxl5rf.cloudfront.net/images/dishes/effb43cb-5139-4a65-b7a8-ce095a415d3d.jpg","notFood":false,"drinks":false},{"name":"קומבינציה עוף טמפורה 24 יחידות","description":"\n8 יח' I/O -עוף בטמפורה, גזר ובטטה בציפוי שבבי טמפורה.\n8 יח' I/O- ספיישל צ'יקן טמפורה- עוף בטמפורה, אבוקדו, מלפפון וקמפיו בציפוי שבבי בטטה\n8 יח' M- עוף בטמפורה ועירית.\n","price":85,"vegan":false,"vegetarian":false,"image":"https://d25t2285lxl5rf.cloudfront.net/images/dishes/3ef0795d-604e-40aa-9f7a-e4810abe47c0.jpg","notFood":false,"drinks":false},{"name":"קומבינציה אפויה 24 יחידות","description":"\n8 יח' I/O – סלמון אפוי, אבוקדו ועירית בציפוי שבבי טמפורה.\n8 יח' I/O- ספיישל  סלמון גריל- סלמון אפוי, מלפפון, גזר וקמפיו בציפוי שבבי בטטה.\n8 יח' M- סלמון אפוי ובטטה.\n","price":87,"vegan":false,"vegetarian":false,"image":"https://d25t2285lxl5rf.cloudfront.net/images/dishes/63cc6c34-18c8-48ce-b179-6fdecf096f88.jpg","notFood":false,"drinks":false},{"name":"קומבינציה ספייסי 24 יחידות","description":"\n8 יח' -I/Oספייסי סלמון, אבוקדו, ועירית בציפוי שומשום שחור ופלפל חריף.\n8 יח' I/O-ספייסי טונה, בטטה ומלפפון בציפוי שבבי בטטה.\n8 יח' M -ספייסי טונה ומלפפון\n","price":88,"vegan":false,"vegetarian":false,"image":"https://d25t2285lxl5rf.cloudfront.net/images/dishes/42eccb9e-8042-4ac1-a90f-3b66032e74fa.jpg","notFood":false,"drinks":false},{"name":"קומבינציה צמחונית 16 יחידות","description":"8 יח' I/O- גזר אבוקדו ומלפפון בציפוי שבבי בטטה. \n8 יח' I/O ספישל קראנצי ווג'י- אבוקדו, בטטה, שיטאקי ועירית בציפוי שבבי טמפורה ובטטה קרסיפי. \n","price":65,"vegan":false,"vegetarian":false,"notFood":false,"drinks":false},{"name":"מגש צמחוני 72 יח'","description":"72 יחידות","price":279,"vegan":true,"vegetarian":true,"image":"https://d25t2285lxl5rf.cloudfront.net/images/dishes/6ceb0be1-3a9d-4f4b-aaf1-9ab9802b0a36.jpg","notFood":false,"drinks":false},{"name":"מגש מיקס 72 יח'","description":"72 יחידות","price":299,"vegan":true,"vegetarian":true,"image":"https://d25t2285lxl5rf.cloudfront.net/images/dishes/ad387de4-0077-4357-a2bf-0ea6ef484ca9.jpg","notFood":false,"drinks":false},{"name":"מגש דגים 72 יח'","description":"72 יחידות","price":319,"vegan":false,"vegetarian":false,"image":"https://d25t2285lxl5rf.cloudfront.net/images/dishes/f597e01a-76e0-4b23-b972-4f46a19bea8a.jpg","notFood":false,"drinks":false},{"name":"מגש צמחוני 112 יח'","description":"112 יחידות","price":355,"vegan":true,"vegetarian":true,"image":"https://d25t2285lxl5rf.cloudfront.net/images/dishes/1f822992-6680-411a-a4ef-19cf50c4c0f0.jpg","notFood":false,"drinks":false},{"name":"מגש מיקס 112 יח'","description":"112 יחידות","price":375,"vegan":true,"vegetarian":true,"image":"https://d25t2285lxl5rf.cloudfront.net/images/dishes/b3958620-4d12-4f6d-a629-fa661b55b861.jpg","notFood":false,"drinks":false},{"name":"מגש דגים 112 יח'","description":"112 יחידות","price":415,"vegan":false,"vegetarian":false,"image":"https://d25t2285lxl5rf.cloudfront.net/images/dishes/f122d52d-97bd-4174-8bd4-b89a5b00a2d9.jpg","notFood":false,"drinks":false},{"name":"I/O צמחוני","price":30,"vegan":true,"vegetarian":true,"notFood":false,"drinks":false},{"name":"IN/OUT דג","price":32,"vegan":false,"vegetarian":false,"notFood":false,"drinks":false},{"name":"דף אורז צמחוני","price":28,"vegan":true,"vegetarian":true,"notFood":false,"drinks":false},{"name":"דף אורז דג","price":34,"vegan":false,"vegetarian":false,"notFood":false,"drinks":false},{"name":"פוטומאקי צמחוני","price":30,"vegan":true,"vegetarian":true,"notFood":false,"drinks":false},{"name":"Fotomaki דג","price":32,"vegan":false,"vegetarian":false,"notFood":false,"drinks":false},{"name":"I\\O סלמון נא, גזר ומלפפון","price":35,"vegan":false,"vegetarian":false,"image":"https://d25t2285lxl5rf.cloudfront.net/images/dishes/891b2db8-a6b5-410f-b09a-6c0878c68e29.jpg","notFood":false,"drinks":false},{"name":"I\\O סלמון סקין, אבוקדו ובצל ירוק","price":32,"vegan":false,"vegetarian":false,"image":"https://d25t2285lxl5rf.cloudfront.net/images/dishes/da5de650-ccd4-4461-98fa-2adb2c54ce67.jpg","notFood":false,"drinks":false},{"name":"I\\O מלפפון וגזר","price":30,"vegan":true,"vegetarian":true,"image":"https://d25t2285lxl5rf.cloudfront.net/images/dishes/61413af2-33b6-48fc-b20b-d28527684ba5.jpg","notFood":false,"drinks":false},{"name":"I\\O סלמון אפוי, אבוקדו וגזר","price":34,"vegan":false,"vegetarian":false,"image":"https://d25t2285lxl5rf.cloudfront.net/images/dishes/16efda74-f398-43c9-beff-42493912439c.jpg","notFood":false,"drinks":false},{"name":"I\\O ספייסי טונה אדומה, טמאגו ומלפפון","price":36,"vegan":false,"vegetarian":false,"image":"https://d25t2285lxl5rf.cloudfront.net/images/dishes/da82f8f8-c203-4564-9fc5-acd94fe66c22.jpg","notFood":false,"drinks":false},{"name":"I\\O בטטה, שיטאקי ובצל ירוק","price":30,"vegan":true,"vegetarian":true,"image":"https://d25t2285lxl5rf.cloudfront.net/images/dishes/1fe6079a-d8e3-4224-a718-f6853df4c534.jpg","notFood":false,"drinks":false},{"name":"I\\O סלמון נא ואבוקדו","price":35,"vegan":false,"vegetarian":false,"image":"https://d25t2285lxl5rf.cloudfront.net/images/dishes/5ca42d13-7afe-4c6a-ab4f-9adde40a0ff8.jpg","notFood":false,"drinks":false},{"name":"I\\O אבוקדו, אספרגוס ומלפפון","price":33,"vegan":true,"vegetarian":true,"image":"https://d25t2285lxl5rf.cloudfront.net/images/dishes/e4e2410f-098a-4f7d-bf01-d64c6258d48f.jpg","notFood":false,"drinks":false},{"name":"I\\O ספייסי סלמון, אבוקדו ומלפפון","price":34,"vegan":false,"vegetarian":false,"image":"https://d25t2285lxl5rf.cloudfront.net/images/dishes/1935ae2f-379d-4b9c-90f9-b122fa33229d.jpg","notFood":false,"drinks":false},{"name":"I\\O סלט טונה, מלפפון וגזר","price":33,"vegan":false,"vegetarian":false,"image":"https://d25t2285lxl5rf.cloudfront.net/images/dishes/cf33ccd3-bcc9-4976-bec8-73d309b4e922.jpg","notFood":false,"drinks":false},{"name":"I\\O סלמון נא, בטטה ואבוקדו","price":35,"vegan":false,"vegetarian":false,"image":"https://d25t2285lxl5rf.cloudfront.net/images/dishes/07742872-8929-4a87-bffb-28816d45dcf2.jpg","notFood":false,"drinks":false},{"name":"I\\O סלמון טמפורה, שיטאקי ובטטה","price":34,"vegan":false,"vegetarian":false,"image":"https://d25t2285lxl5rf.cloudfront.net/images/dishes/ca769a3c-2903-4627-a9ac-4f8482589501.jpg","notFood":false,"drinks":false},{"name":"I\\O סלמון אפוי, אבוקדו ובטטה","price":32,"vegan":false,"vegetarian":false,"notFood":false,"drinks":false},{"name":"I\\O אבוקדו, גזר ומלפפון","price":30,"vegan":true,"vegetarian":true,"notFood":false,"drinks":false},{"name":"I\\O טופו בטמפורה, אבוקדו ושיטאקי","price":34,"vegan":true,"vegetarian":true,"notFood":false,"drinks":false},{"name":"I\\O דג לבן, אספרגוס ואבוקדו","price":37,"vegan":false,"vegetarian":false,"notFood":false,"drinks":false},{"name":"סלמון","price":22,"vegan":false,"vegetarian":false,"image":"https://d25t2285lxl5rf.cloudfront.net/images/dishes/2c7b258a-b7a6-4e9b-9e8a-eae8d77958fc.jpg","notFood":false,"drinks":false},{"name":"טמאגו","price":15,"vegan":false,"vegetarian":true,"image":"https://d25t2285lxl5rf.cloudfront.net/images/dishes/b8542191-06c4-46f3-af22-62c55f0c3953.jpg","notFood":false,"drinks":false},{"name":"אבוקדו","price":17,"vegan":true,"vegetarian":true,"image":"https://d25t2285lxl5rf.cloudfront.net/images/dishes/5205fa48-4213-4317-9830-3427b921a0bc.jpg","notFood":false,"drinks":false},{"name":"דג לבן","price":22,"vegan":false,"vegetarian":false,"notFood":false,"drinks":false},{"name":"סלמון","price":39,"vegan":false,"vegetarian":false,"image":"https://d25t2285lxl5rf.cloudfront.net/images/dishes/7e082526-81da-4ed3-8191-c48587ec61b7.jpg","notFood":false,"drinks":false},{"name":"דג לבן","price":39,"vegan":false,"vegetarian":false,"notFood":false,"drinks":false},{"name":"רול מטוגן- גזר ומלפפון","price":35,"vegan":true,"vegetarian":true,"image":"https://d25t2285lxl5rf.cloudfront.net/images/dishes/55ea0566-d18d-4eb7-8dc0-88375ed8280c.jpg","notFood":false,"drinks":false},{"name":"רול מטוגן- אבוקדו, בטטה וגזר","price":35,"vegan":true,"vegetarian":true,"image":"https://d25t2285lxl5rf.cloudfront.net/images/dishes/8b35738b-c274-4c23-8540-3e40a3572962.jpg","notFood":false,"drinks":false},{"name":"רול מטוגן- סלמון אפוי, בטטה וגזר","price":39,"vegan":false,"vegetarian":false,"image":"https://d25t2285lxl5rf.cloudfront.net/images/dishes/12372c00-b79b-4f8d-8420-69db8e18c008.jpg","notFood":false,"drinks":false},{"name":"רול מטוגן- ספייסי טונה אדומה, שיטאקי ומלפפון","price":41,"vegan":false,"vegetarian":false,"image":"https://d25t2285lxl5rf.cloudfront.net/images/dishes/c4c0bd99-eedd-403a-8f6c-9dfbb1e2a8b7.jpg","notFood":false,"drinks":false},{"name":"רול מטוגן- סלמון נא, אבוקדו ובטטה","price":40,"vegan":false,"vegetarian":false,"image":"https://d25t2285lxl5rf.cloudfront.net/images/dishes/a8cb3bdd-9dc5-438f-953a-ccf517f08bd3.jpg","notFood":false,"drinks":false},{"name":"רול מטוגן - דג לבן, אבוקדו ומלפפון","price":39,"vegan":false,"vegetarian":false,"notFood":false,"drinks":false},{"name":"סנדוויץ' בציפוי שבבי טמפורה","description":"לבחירה דג/עוף עם אבוקדו/בטטה","price":35,"vegan":false,"vegetarian":false,"image":"https://d25t2285lxl5rf.cloudfront.net/images/dishes/0a35508b-f4e4-4931-a57f-26ebc41d46be.jpg","notFood":false,"drinks":false},{"name":"סנדוויץ' בציפוי פנקו חם","description":"לבחירה דג/עוף עם אבוקדו/בטטה","price":39,"vegan":false,"vegetarian":false,"image":"https://d25t2285lxl5rf.cloudfront.net/images/dishes/d9c1a118-3cc1-4a34-8e61-1cde6f695c4b.jpg","notFood":false,"drinks":false},{"name":"פוטומאקי אבוקדו, טמאגו, עירית וגזר","price":30,"vegan":false,"vegetarian":true,"image":"https://d25t2285lxl5rf.cloudfront.net/images/dishes/639815df-0973-45cf-9689-8ffb36321425.jpg","notFood":false,"drinks":false},{"name":"פוטומאקי סלמון נא, אבוקדו, בטטה ומלפפון","price":35,"vegan":false,"vegetarian":false,"image":"https://d25t2285lxl5rf.cloudfront.net/images/dishes/cffce3c0-c091-40e6-b394-14f5b52f5411.jpg","notFood":false,"drinks":false},{"name":"פוטומאקי סלמון אפוי, אבוקדו, בטטה, שיטאקי","price":34,"vegan":false,"vegetarian":false,"image":"https://d25t2285lxl5rf.cloudfront.net/images/dishes/aa661712-9c20-4b9f-8d14-68a508592439.jpg","notFood":false,"drinks":false},{"name":"פוטומאקי טופו בטמפורה- אבוקדו, גזר ומלפפון","price":35,"vegan":true,"vegetarian":true,"notFood":false,"drinks":false},{"name":"מאקי דג","description":"דג לבחירה וירק","price":24,"vegan":false,"vegetarian":false,"image":"https://d25t2285lxl5rf.cloudfront.net/images/dishes/0ef68c4d-ddfa-4672-9ba7-d763c5166710.jpg","notFood":false,"drinks":false},{"name":"מאקי צמחוני","description":"2 ירקות לבחירה","price":22,"vegan":true,"vegetarian":true,"notFood":false,"drinks":false},{"name":"טריאקי","vegan":true,"vegetarian":true,"notFood":false,"drinks":false},{"name":"ספייסי מיונז","vegan":false,"vegetarian":true,"notFood":false,"drinks":false},{"name":"סויה","vegan":true,"vegetarian":true,"notFood":false,"drinks":false},{"name":"צ'ופסטיקס","vegan":false,"vegetarian":false,"notFood":true,"drinks":false},{"name":"כף","vegan":true,"vegetarian":true,"notFood":false,"drinks":false},{"name":"מזלג","vegan":true,"vegetarian":true,"notFood":false,"drinks":false},{"name":"חלבה ובראוניס","description":"קרם חלבה בציפוי גנאש שוקולד מריר בעיטור שערות חלבה על מצע של בראוניס שוקולד","price":34,"vegan":false,"vegetarian":true,"notFood":false,"drinks":false},{"name":"רול שוקולד","description":"מעטפת שוקולד ממולא בקרם קוקוס, בציפוי קוקוס קלוי בליווי רוטב טופי. ","price":36,"vegan":false,"vegetarian":false,"notFood":false,"drinks":false},{"name":"בקבוק קוקה קולה בבקבוק 350 מ``ל","price":10,"vegan":true,"vegetarian":true,"notFood":false,"drinks":true},{"name":"בקבוק קולה ZERO 330 מ``ל","price":10,"vegan":true,"vegetarian":true,"notFood":false,"drinks":true},{"name":"בקבוק פאנטה 350 מ``ל","price":10,"vegan":true,"vegetarian":true,"notFood":false,"drinks":true},{"name":"בקבוק פריגת ענבים 330 מ``ל","price":10,"vegan":true,"vegetarian":true,"notFood":false,"drinks":true},{"name":"בקבוק פריגת אשכוליות 330 מ``ל","price":10,"vegan":true,"vegetarian":true,"notFood":false,"drinks":true},{"name":"בקבוק פריגת תפוזים 330 מ``ל","price":10,"vegan":true,"vegetarian":true,"notFood":false,"drinks":true},{"name":"בקבוק סודה","price":10,"vegan":true,"vegetarian":true,"notFood":false,"drinks":true},{"name":"מים אפרסק 0.5 ליטר","price":10,"vegan":true,"vegetarian":true,"notFood":false,"drinks":false},{"name":"מים ענבים 0.5 ליטר","price":10,"vegan":true,"vegetarian":true,"notFood":false,"drinks":true},{"name":"מים מינרליים","price":10,"vegan":true,"vegetarian":true,"notFood":false,"drinks":true},{"name":"מים תפוח 0.5 ליטר","price":10,"vegan":true,"vegetarian":true,"notFood":false,"drinks":false},{"name":"בקבוק ספרייט 330 מ``ל","price":10,"vegan":true,"vegetarian":true,"notFood":false,"drinks":true},{"name":"בקבוק ספרייט ZERO 330 מ``ל\t","price":10,"vegan":true,"vegetarian":true,"notFood":false,"drinks":true},{"name":"פיוז טי 330 מ\"ל","price":10,"vegan":true,"vegetarian":true,"notFood":false,"drinks":false}]}