{"track_id":"21473","filters":["asianFusion","japaneseSushi"],"image":"https://tenbis-static.azureedge.net/restaurant-card-image/ResCard_21473_20210203214317.jpg","address":"דוד סחרוב, 21 ראשון לציון","location":[34.7743488,31.989917],"name":"במבו","city":"ראשון לציון, חולון, בת ים","priceAverage":41.72139303482587,"menu":[{"name":"עסקית 1 מוקפץ מהווק","description":"מוקפץ מהווק לבחירה , מוגש עם מנה ראשונה ","price":54,"vegan":true,"vegetarian":true,"image":"https://d25t2285lxl5rf.cloudfront.net/images/dishes/8449986e-a1b6-4673-aa9f-3d4f72e730ef.jpg","notFood":false,"drinks":false},{"name":"עסקית 2 עיקרית בשרית","description":"מנה עיקרית בשרית מוגש עם  תוספת לבחירה, אגרול סיני וסלט","price":59,"vegan":false,"vegetarian":false,"image":"https://d25t2285lxl5rf.cloudfront.net/images/dishes/80af23fa-e48a-4edb-a450-bb81397c4121.jpg","notFood":false,"drinks":false},{"name":"סלט סיני חמוץ מתוק קטן","description":"כרוב, מלפפון, צנון וגזר.","price":7,"vegan":true,"vegetarian":true,"image":"https://d25t2285lxl5rf.cloudfront.net/images/dishes/9e0d9c48-4674-42a7-a113-530c6230cafb.jpg","notFood":false,"drinks":false},{"name":"סלט סיני חמוץ מתוק גדול","description":"כרוב, מלפפון, צנון וגזר.","price":14,"vegan":true,"vegetarian":true,"image":"https://d25t2285lxl5rf.cloudfront.net/images/dishes/39b25d61-3a94-4967-95d8-433784152afa.jpg","notFood":false,"drinks":false},{"name":"אגרול צמחוני","description":"כרוב גזר נבטים","price":9,"vegan":true,"vegetarian":true,"image":"https://d25t2285lxl5rf.cloudfront.net/images/dishes/3115b072-c173-46fb-88e2-020e1281d1f5.jpg","notFood":false,"drinks":false},{"name":"מרק תירס","price":14,"vegan":true,"vegetarian":true,"image":"https://d25t2285lxl5rf.cloudfront.net/images/dishes/9c3d9a53-43f6-4d04-a816-fbad895b52a0.jpg","notFood":false,"drinks":false},{"name":"מרק חמוץ חריף","description":"כרוב גזר נבטים בצל ירוק בצל לבן גמבות ופטריות","price":14,"vegan":true,"vegetarian":true,"image":"https://d25t2285lxl5rf.cloudfront.net/images/dishes/5a3e3128-087d-4516-af60-4cd8c4326b0c.jpg","notFood":false,"drinks":false},{"name":"מרק מיסו","description":"אצות וואקמה וטופו.","price":19,"vegan":true,"vegetarian":true,"image":"https://d25t2285lxl5rf.cloudfront.net/images/dishes/593f7c50-1c38-46a6-837f-97ff95a7465e.jpg","notFood":false,"drinks":false},{"name":"נודלס סופ","description":"עוף, אטריות ביצים, נבטים ובצל ירוק.","price":29,"vegan":false,"vegetarian":false,"image":"https://d25t2285lxl5rf.cloudfront.net/images/dishes/d676fd2f-fc1f-4b35-bafb-4d3dd11f79fb.jpg","notFood":false,"drinks":false},{"name":"כנפי עוף ברוטב צ'ילי מתוק","price":35,"vegan":false,"vegetarian":false,"image":"https://d25t2285lxl5rf.cloudfront.net/images/dishes/65a1f3a1-e5d3-42f5-84e1-21b940c5a0fe.jpg","notFood":false,"drinks":false},{"name":"מרק טום-יאם","description":"מרק אסייתי על בסיס חלב קוקוס עוף וירקות טריים, מוגש לצד אורז לבן. \n\n","price":32,"vegan":false,"vegetarian":false,"image":"https://d25t2285lxl5rf.cloudfront.net/images/dishes/51ba3883-6799-4802-ad21-946e4814e860.jpg","notFood":false,"drinks":false},{"name":"מרק עדשים","price":14,"vegan":true,"vegetarian":true,"image":"https://d25t2285lxl5rf.cloudfront.net/images/dishes/a6e72631-470f-405b-a555-749cb31faf87.jpg","notFood":false,"drinks":false},{"name":"ספרינג רול עוף","description":"עוף כרוב גזר נבטים בצל ירוק בצל לבן ואטריות שעועית","price":12,"vegan":false,"vegetarian":false,"notFood":false,"drinks":false},{"name":"סלט איטריות שעועית","description":"איטריות שעועית, נבטים, גזר, בצל סגול, גמבה אדומה, גמבה ירוקה, כוסברה, שום, בצל ירוק ושבבי בוטנים ברוטב חמוץ מתוק.","price":39,"vegan":true,"vegetarian":true,"image":"https://d25t2285lxl5rf.cloudfront.net/images/dishes/af92ec72-09c7-43d9-b67e-08aedb575e23.jpg","notFood":false,"drinks":false},{"name":"סלט וואקמה","description":"וואקמה(אצות ים), איטריות שעועית, מלפפון וגזר ברוטב סויה חמוץ מתוק.","price":32,"vegan":true,"vegetarian":true,"image":"https://d25t2285lxl5rf.cloudfront.net/images/dishes/f3f3b78b-3cb7-4392-83c5-b623fa7e226a.jpg","notFood":false,"drinks":false},{"name":"סלט סלנובה","description":"עלי סלנובה, קריספי בטטה, בוטנים מקורמלים ברוטב כוסברה תאילנדי מתוק.","price":37,"vegan":true,"vegetarian":true,"image":"https://d25t2285lxl5rf.cloudfront.net/images/dishes/b971ecfc-8933-4be6-b0ad-1bf0a5ed31a8.jpg","notFood":false,"drinks":false},{"name":"סביצ'ה","description":"סלמון חי, אבוקדו, פלפל חריף אדום, בצל סגול, בצל לבן, לימון כוסברה ושבבי פנקו.","price":45,"vegan":false,"vegetarian":false,"image":"https://d25t2285lxl5rf.cloudfront.net/images/dishes/a7fb9189-a166-4875-9052-1db7841e6f31.jpg","notFood":false,"drinks":false},{"name":"עוף קריספי ברוטב לימון ודבש","price":39,"vegan":false,"vegetarian":false,"image":"https://d25t2285lxl5rf.cloudfront.net/images/dishes/c48b0d70-3f45-4da6-9e59-967eee2cbb9a.jpg","notFood":false,"drinks":false},{"name":"עוף קריספי ברוטב לימון ודבש גדול","price":49,"vegan":false,"vegetarian":false,"image":"https://d25t2285lxl5rf.cloudfront.net/images/dishes/c9a20c21-754d-4eed-bdef-2c2b13cd7c79.jpg","notFood":false,"drinks":false},{"name":"כדורי עוף חמוץ מתוק","price":39,"vegan":false,"vegetarian":false,"image":"https://d25t2285lxl5rf.cloudfront.net/images/dishes/235534c2-1817-4fae-82c2-86287ba5c434.jpg","notFood":false,"drinks":false},{"name":"כדורי עוף חמוץ מתוק גדול","price":49,"vegan":false,"vegetarian":false,"image":"https://d25t2285lxl5rf.cloudfront.net/images/dishes/0afa31e1-2622-4bd7-9bed-3242780bd537.jpg","notFood":false,"drinks":false},{"name":"עוף עם פטריות","description":"חזה עוף פטריות תירס גמדי וגזר ברוטב פטריות.\nהתוספת בתמונה להמחשה בלבד.\nמומלץ עם אורז לבן","price":44,"vegan":false,"vegetarian":false,"image":"https://d25t2285lxl5rf.cloudfront.net/images/dishes/3afa49cb-3a3d-47ec-ae36-b320e89327ff.jpg","notFood":false,"drinks":false},{"name":"עוף עם פטריות גדול","description":"חזה עוף פטריות תירס גמדי וגזר ברוטב פטריות.\nהתוספת בתמונה להמחשה בלבד.\nמומלץ עם אורז לבן","price":54,"vegan":false,"vegetarian":false,"image":"https://d25t2285lxl5rf.cloudfront.net/images/dishes/c8a4c471-3829-4af8-bf86-a3aad9c6f043.jpg","notFood":false,"drinks":false},{"name":"נתחי עוף עם שומשום","price":39,"vegan":false,"vegetarian":false,"image":"https://d25t2285lxl5rf.cloudfront.net/images/dishes/21fad8d5-0d29-4a63-a89b-03e6ff194850.jpg","notFood":false,"drinks":false},{"name":"נתחי עוף עם שומשום גדול","price":49,"vegan":false,"vegetarian":false,"image":"https://d25t2285lxl5rf.cloudfront.net/images/dishes/85dd7adf-3987-4b02-8e96-14a8e0617529.jpg","notFood":false,"drinks":false},{"name":"בקר סצ'ואן פיקנטי","description":"בקר גמבה אדומה גמבה ירוקה בצל לבן וגזר מוקפצים ברוטב סצ'ואן פיקנטי.\nהתוספת בתמונה להמחשה בלבד.\nמומלץ עם אורז לבן. ","price":44,"vegan":false,"vegetarian":false,"image":"https://d25t2285lxl5rf.cloudfront.net/images/dishes/88fab8fd-14b7-4f86-83c4-3c13edf88a62.jpg","notFood":false,"drinks":false},{"name":"בקר סצ'ואן פיקנטי גדול","description":"בקר גמבה אדומה גמבה ירוקה בצל לבן וגזר מוקפצים ברוטב סצ'ואן פיקנטי.\nהתוספת בתמונה להמחשה בלבד.\nמומלץ עם אורז לבן. ","price":54,"vegan":false,"vegetarian":false,"image":"https://d25t2285lxl5rf.cloudfront.net/images/dishes/b9cb6776-3cbb-46ff-9f2d-6b0f50c5e0e7.jpg","notFood":false,"drinks":false},{"name":"עוף סצ'ואן פיקנטי","description":"חזה עוף גמבה אדומה גמבה ירוקה בצל לבן וגזר מוקפצים ברוטב סצ'ואן פיקנטי.\nהתוספת בתמונה להמחשה בלבד.\nמומלץ עם אורז לבן. ","price":44,"vegan":false,"vegetarian":false,"image":"https://d25t2285lxl5rf.cloudfront.net/images/dishes/9bf21549-3b60-4f85-8183-58251ed9e193.jpg","notFood":false,"drinks":false},{"name":"עוף סצ'ואן פיקנטי גדול","description":"חזה עוף גמבה אדומה גמבה ירוקה בצל לבן וגזר מוקפצים ברוטב סצ'ואן פיקנטי.\nהתוספת בתמונה להמחשה בלבד.\nמומלץ עם אורז לבן. ","price":54,"vegan":false,"vegetarian":false,"image":"https://d25t2285lxl5rf.cloudfront.net/images/dishes/c4f221bb-5f2f-4225-b5f5-52c907dc3a13.jpg","notFood":false,"drinks":false},{"name":"בקר בשום","description":"בקר גמבה אדומה גמבה ירוקה בצל לבן  מוקפצים ברוטב שום.\nהתוספת בתמונה להמחשה בלבד.\nמומלץ עם אורז לבן. ","price":44,"vegan":false,"vegetarian":false,"image":"https://d25t2285lxl5rf.cloudfront.net/images/dishes/643026bd-6f0c-4687-a56c-952c8ff8365f.jpg","notFood":false,"drinks":false},{"name":"בקר בשום גדול","description":"בקר גמבה אדומה גמבה ירוקה בצל לבן  מוקפצים ברוטב שום.\nהתוספת בתמונה להמחשה בלבד.\nמומלץ עם אורז לבן. ","price":54,"vegan":false,"vegetarian":false,"image":"https://d25t2285lxl5rf.cloudfront.net/images/dishes/d337ff9d-a028-4b51-84aa-a16b28ac847a.jpg","notFood":false,"drinks":false},{"name":"עוף בקשיו","description":"חזה עוף גמבה אדומה גמבה ירוקה בצל לבן וגזר מוקפצים ברוטב קשיו.\nהתוספת בתמונה להמחשה בלבד.\nמומלץ עם אורז לבן. ","price":44,"vegan":false,"vegetarian":false,"image":"https://d25t2285lxl5rf.cloudfront.net/images/dishes/524ec6fa-23af-4954-a69e-8ae6a09e917d.jpg","notFood":false,"drinks":false},{"name":"עוף בקשיו גדול","description":"חזה עוף גמבה אדומה גמבה ירוקה בצל לבן וגזר מוקפצים ברוטב קשיו.\nהתוספת בתמונה להמחשה בלבד.\nמומלץ עם אורז לבן. ","price":54,"vegan":false,"vegetarian":false,"image":"https://d25t2285lxl5rf.cloudfront.net/images/dishes/7e325000-840e-437f-94c9-9e199e48186f.jpg","notFood":false,"drinks":false},{"name":"בקר בטמפורה חמוץ מתוק","description":"בקר מצופה בטמפורה עם גמבה אדומה גמבה ירוקה בצל לבן תירס וגזר מוקפצים ברוטב חמוץ מתוק.\nהתוספת בתמונה להמחשה בלבד.\nמומלץ עם אורז לבן. ","price":44,"vegan":false,"vegetarian":false,"image":"https://d25t2285lxl5rf.cloudfront.net/images/dishes/4365d68d-ae23-47cb-b719-527d4db26611.jpg","notFood":false,"drinks":false},{"name":"בקר בטמפורה חמוץ מתוק גדול","description":"בקר מצופה בטמפורה עם גמבה אדומה גמבה ירוקה בצל לבן תירס וגזר מוקפצים ברוטב חמוץ מתוק.\nהתוספת בתמונה להמחשה בלבד.\nמומלץ עם אורז לבן. ","price":54,"vegan":false,"vegetarian":false,"image":"https://d25t2285lxl5rf.cloudfront.net/images/dishes/3413a67c-1fc6-4abf-a5c8-5a283833985e.jpg","notFood":false,"drinks":false},{"name":"עוף בטמפורה חמוץ מתוק","description":"חזה עוף מצופה בטמפורה עם גמבה אדומה גמבה ירוקה בצל לבן תירס וגזר מוקפצים ברוטב חמוץ מתוק.\nהתוספת בתמונה להמחשה בלבד.\nמומלץ עם אורז לבן. ","price":44,"vegan":false,"vegetarian":false,"image":"https://d25t2285lxl5rf.cloudfront.net/images/dishes/c30ddea5-fcaf-453d-953d-bdc2b299af3f.jpg","notFood":false,"drinks":false},{"name":"עוף בטמפורה חמוץ מתוק גדול","description":"חזה עוף מצופה בטמפורה עם גמבה אדומה גמבה ירוקה בצל לבן תירס וגזר מוקפצים ברוטב חמוץ מתוק.\nהתוספת בתמונה להמחשה בלבד.\nמומלץ עם אורז לבן. ","price":54,"vegan":false,"vegetarian":false,"image":"https://d25t2285lxl5rf.cloudfront.net/images/dishes/8fb6f8a3-6d64-4f8f-832a-081ed10f4c73.jpg","notFood":false,"drinks":false},{"name":"עוף קריספי ברוטב לימון ודבש","price":53,"vegan":false,"vegetarian":false,"image":"https://d25t2285lxl5rf.cloudfront.net/images/dishes/fbfc31ee-84d7-4107-9d24-cb15044374f7.jpg","notFood":false,"drinks":false},{"name":"כדורי עוף חמוץ מתוק","price":53,"vegan":false,"vegetarian":false,"image":"https://d25t2285lxl5rf.cloudfront.net/images/dishes/18bccb86-04dd-4d2b-a19e-11d5029e7536.jpg","notFood":false,"drinks":false},{"name":"עוף עם פטריות","price":53,"vegan":false,"vegetarian":false,"image":"https://d25t2285lxl5rf.cloudfront.net/images/dishes/702c37bc-d3db-403e-b657-56ca41055bd4.jpg","notFood":false,"drinks":false},{"name":"נתחי עוף עם שומשום","price":53,"vegan":false,"vegetarian":false,"image":"https://d25t2285lxl5rf.cloudfront.net/images/dishes/3476f064-291e-4ffc-b6ea-d0a6b544d624.jpg","notFood":false,"drinks":false},{"name":"בקר סצ'ואן פיקנטי","price":53,"vegan":false,"vegetarian":false,"image":"https://d25t2285lxl5rf.cloudfront.net/images/dishes/248fa95a-226e-4b31-bfd6-1e816198529c.jpg","notFood":false,"drinks":false},{"name":"עוף סצ'ואן פיקנטי","price":53,"vegan":false,"vegetarian":false,"image":"https://d25t2285lxl5rf.cloudfront.net/images/dishes/ef7145c7-1c1a-478f-8a73-a18428c55d79.jpg","notFood":false,"drinks":false},{"name":"בקר בשום","price":53,"vegan":false,"vegetarian":false,"image":"https://d25t2285lxl5rf.cloudfront.net/images/dishes/48abc074-0cb6-4546-bfd0-55ea64198896.jpg","notFood":false,"drinks":false},{"name":"עוף בקשיו","price":53,"vegan":false,"vegetarian":false,"image":"https://d25t2285lxl5rf.cloudfront.net/images/dishes/f6ba0e1d-d4c8-480d-a296-053b47dd95ea.jpg","notFood":false,"drinks":false},{"name":"בקר בטמפורה חמוץ מתוק","price":53,"vegan":false,"vegetarian":false,"image":"https://d25t2285lxl5rf.cloudfront.net/images/dishes/e1e436ca-5495-4315-8b17-70c58dab7366.jpg","notFood":false,"drinks":false},{"name":"עוף בטמפורה חמוץ מתוק","price":53,"vegan":false,"vegetarian":false,"image":"https://d25t2285lxl5rf.cloudfront.net/images/dishes/addd2c87-4cd4-4f0d-a3a3-c2d9f7459e38.jpg","notFood":false,"drinks":false},{"name":"אורז מוקפץ","description":"אורז מוקפץ עם כרוב, גזר, נבטים, בצל ירוק נטיפי ביצה ועוף/בקר/טופו","price":49,"vegan":false,"vegetarian":false,"image":"https://d25t2285lxl5rf.cloudfront.net/images/dishes/f41145d9-82a8-4d8d-8690-0c4c0b0ded1b.jpg","notFood":false,"drinks":false},{"name":"פד קאו פאו חריף","description":"חזה עוף קצוץ, בצל, שום, פלפל אדום וצ'ילי, מוגש לצד אורז מטוגן ובזיליקום.\nתוספת ביצה מעל האורז 5 ש\"ח.","price":56,"vegan":false,"vegetarian":false,"image":"https://d25t2285lxl5rf.cloudfront.net/images/dishes/ca61ff7c-99cf-499a-857c-8c13cda59b9b.jpg","notFood":false,"drinks":false},{"name":"אורז מוקפץ גדול","description":"אורז מוקפץ עם כרוב, גזר, נבטים, בצל ירוק נטיפי ביצה ועוף/בקר/טופו","price":57,"vegan":false,"vegetarian":false,"image":"https://d25t2285lxl5rf.cloudfront.net/images/dishes/70cebb6e-a297-4b05-bdce-ee6a025323bc.jpg","notFood":false,"drinks":false},{"name":"קאן קיו וואן קאי","description":"נתחי עוף ברוטב קארי ירוק וקרם קוקוס עם חצילים, פלפלים, ברוקולי ועלי בזיליקום. מוגש לצד אורז לבן ","price":54,"vegan":false,"vegetarian":false,"image":"https://d25t2285lxl5rf.cloudfront.net/images/dishes/07740a24-0083-4835-b88f-3effcd01885c.jpg","notFood":false,"drinks":false},{"name":"קאי פאי ברוקולי","description":"רצועות חזה עוף, גמבה אדומה, גזר,ברוקולי ושום ברוטב סויה לבן וציר פיטריות .\nמוגש לצד אורז לבן.","price":49,"vegan":false,"vegetarian":false,"image":"https://d25t2285lxl5rf.cloudfront.net/images/dishes/8e9b91d7-0034-4967-9abd-afd564bc408a.jpg","notFood":false,"drinks":false},{"name":"עוף בקארי אדום וחלב קוקוס","description":"רצועות עוף מוקפצות עם גמבה אדומה, גמבה ירוקה, בצל לבן ובזיליקום. ברוטב קארי אדום פיקנטי. מוגש עם אורז לבן.","price":56,"vegan":false,"vegetarian":false,"notFood":false,"drinks":false},{"name":"פאד פט","description":"דג פילה לבן בטמפורה, מוגש ברוטב קארי אדום וחלב קוקוס, שעועית, פלפל חריף ובזיליקום. מוגש עם אורז לבן.","price":65,"vegan":false,"vegetarian":false,"notFood":false,"drinks":false},{"name":"יקיטורי פרגיות","description":"3 שיפודי פרגיות עשוי בגריל ברוטב טריאקי, מוגש לצד אורז עם ירקות.","price":58,"vegan":false,"vegetarian":false,"image":"https://d25t2285lxl5rf.cloudfront.net/images/dishes/a8cb92ba-c83f-4471-857a-6bd5dbc42ba5.jpg","notFood":false,"drinks":false},{"name":"סטייק פרגית","description":"סטייק פרגית בגריל ברוטב טריאקי, מוגש לצד אורז עם ירקות.","price":58,"vegan":false,"vegetarian":false,"image":"https://d25t2285lxl5rf.cloudfront.net/images/dishes/19ade51c-6369-4d86-9703-e0ced6c2ecf2.jpg","notFood":false,"drinks":false},{"name":"סטייק סלמון צרוב","description":"סטייק סלמון ברוטב טריאקי צרוב בגריל, מוגש לצד אורז עם ירקות.","price":74,"vegan":false,"vegetarian":false,"image":"https://d25t2285lxl5rf.cloudfront.net/images/dishes/691d8336-39c6-4e6d-b7b1-d51fe911c2f4.jpg","notFood":false,"drinks":false},{"name":"חזה עוף טריאקי","description":"חזה עוף בגריל ברוטב טריאקי, מוגש על מצע של אורז עם ירקות.","price":54,"vegan":false,"vegetarian":false,"image":"https://d25t2285lxl5rf.cloudfront.net/images/dishes/fef47164-7fd1-4ed9-8296-f3ab63dbc7a6.jpg","notFood":false,"drinks":false},{"name":"קלאסיק שיטאקי","description":"פטריות שיטאקי, פטריות שמפניון, תרד, נבטים ובצל ירוק ברוטב סויה, שום וג'ינג'ר","price":52,"vegan":true,"vegetarian":true,"image":"https://d25t2285lxl5rf.cloudfront.net/images/dishes/33033c32-4e6d-44fa-a08f-663af856ffa3.jpg","notFood":false,"drinks":false},{"name":"קלאסיק שיטאקי גדול","description":" פטריות שיטאקי, פטריות שמפניון, תרד, נבטים ובצל ירוק ברוטב סויה, שום וג'ינג'ר","price":59,"vegan":true,"vegetarian":true,"image":"https://d25t2285lxl5rf.cloudfront.net/images/dishes/438fcd50-09ba-4cf4-92b2-f4f64228cf92.jpg","notFood":false,"drinks":false},{"name":"נודלס בקר/עוף/טופו קטן","description":"אטריות ביצים בתוספת כרוב, גזר, נבטים, בצל ירוק ונטפי ביצה","price":49,"vegan":false,"vegetarian":false,"image":"https://d25t2285lxl5rf.cloudfront.net/images/dishes/2f845037-5fe9-48f9-a0e3-d5c2bfad4640.jpg","notFood":false,"drinks":false},{"name":"נודלס בקר/עוף/טופו גדול","description":" אטריות ביצים בתוספת כרוב, גזר, נבטים, בצל ירוק ונטפי ביצה","price":57,"vegan":false,"vegetarian":false,"image":"https://d25t2285lxl5rf.cloudfront.net/images/dishes/c756eccf-d679-44c6-8337-7b138cba1615.jpg","notFood":false,"drinks":false},{"name":"ספייס צ'יקן נודלס","description":"אטריות ביצים, נתחי עוף בטמפורה, ירקות ועשבי תיבול ברוטב פיקנטי חריף מתוק.","price":52,"vegan":false,"vegetarian":false,"image":"https://d25t2285lxl5rf.cloudfront.net/images/dishes/214b7aaa-7296-4aa5-95c7-748f04f18750.jpg","notFood":false,"drinks":false},{"name":"ספייס צ'יקן נודלס גדול","description":" אטריות ביצים, נתחי עוף בטמפורה, ירקות ועשבי תיבול ברוטב פיקנטי חריף מתוק.","price":59,"vegan":false,"vegetarian":false,"image":"https://d25t2285lxl5rf.cloudfront.net/images/dishes/760e1270-4f31-4c88-a74a-86a731b8d4d1.jpg","notFood":false,"drinks":false},{"name":"פאד תאי","description":"אטריות אורז, נטיפי ביצה, כרוב, גזר, נבטים, בצל ירוק","price":49,"vegan":false,"vegetarian":true,"image":"https://d25t2285lxl5rf.cloudfront.net/images/dishes/15d63b12-d2dd-418b-9858-6cc54d1616b9.jpg","notFood":false,"drinks":false},{"name":"פאד תאי גדול","description":"אטריות אורז, נטיפי ביצה, כרוב, גזר, נבטים, בצל ירוק","price":57,"vegan":false,"vegetarian":true,"image":"https://d25t2285lxl5rf.cloudfront.net/images/dishes/b1eb441c-05be-43ff-a137-820370b3d6f2.jpg","notFood":false,"drinks":false},{"name":"נודלס סלמון","description":"אטריות ביצים, נתחי סלמון ובצל ירוק ברוטב טריאקי","price":52,"vegan":false,"vegetarian":false,"image":"https://d25t2285lxl5rf.cloudfront.net/images/dishes/79c168f2-533b-4a21-9549-4f2f90441961.jpg","notFood":false,"drinks":false},{"name":"נודלס סלמון גדול","description":" אטריות ביצים, נתחי סלמון ובצל ירוק ברוטב טריאקי","price":59,"vegan":false,"vegetarian":false,"image":"https://d25t2285lxl5rf.cloudfront.net/images/dishes/792a76c5-4c21-4f73-94cf-dd5f11aee968.jpg","notFood":false,"drinks":false},{"name":"נודלס בפסטו","description":"אטריות ביצים, חזה עוף, כרישה, גזר, נבטים, פטריות שמפניון, פלפל אדום, בצל סגול, פסטו תאילנדי (בזיליקום, כוסברה, שמן שומשום, צ'ילי וחלב קוקוס) מעוטר בבוטנים","price":52,"vegan":false,"vegetarian":false,"image":"https://d25t2285lxl5rf.cloudfront.net/images/dishes/a24155a7-6d60-46dc-bd30-a507d8073e68.jpg","notFood":false,"drinks":false},{"name":"נודלס בפסטו גדול","description":" אטריות ביצים, חזה עוף, כרישה, גזר, נבטים, פטריות שמפניון, פלפל אדום, בצל סגול, פסטו תאילנדי (בזיליקום, כוסברה, שמן שומשום, צ'ילי וחלב קוקוס) מעוטר בבוטנים","price":59,"vegan":false,"vegetarian":false,"image":"https://d25t2285lxl5rf.cloudfront.net/images/dishes/f6664007-3a37-4f10-8f43-5f798a46de60.jpg","notFood":false,"drinks":false},{"name":"קארי קוקוס צ'יקן - חריף","description":"אטריות ביצים, רצועות חזה עוף, פלפל אדום, ג'ינג'ר, שום, קארי אדום, חלב קוקוס, בוטנים וכוסברה","price":52,"vegan":false,"vegetarian":false,"image":"https://d25t2285lxl5rf.cloudfront.net/images/dishes/b953ccab-a158-4bc7-b18c-ed96fb4df16a.jpg","notFood":false,"drinks":false},{"name":"קארי קוקוס צ'יקן - חריף גדול","description":" אטריות ביצים, רצועות חזה עוף, פלפל אדום, ג'ינג'ר, שום, קארי אדום, חלב קוקוס, בוטנים וכוסברה","price":59,"vegan":false,"vegetarian":false,"image":"https://d25t2285lxl5rf.cloudfront.net/images/dishes/36f0d817-a289-483a-997a-b9345c658aff.jpg","notFood":false,"drinks":false},{"name":"פאד סי יו","description":"רצועות חזה עוף/בקר/טופו מוקפצות עם איטריות אורז מרובעות עבות, ברוקולי ושבבי בוטנים ברוטב סויה תאילנדית מתוקה.","price":54,"vegan":false,"vegetarian":false,"image":"https://d25t2285lxl5rf.cloudfront.net/images/dishes/1f7d934b-1fe2-4d3d-8046-13b41cbe778f.jpg","notFood":false,"drinks":false},{"name":"שנגחאי  גדול","description":"אטריות  לבחירה, רוטב בוטנים, גמבה, בצל, תירס ונבטים","price":59,"vegan":true,"vegetarian":true,"notFood":false,"drinks":false},{"name":"קאן קיו וואן נודלס","description":"איטריות ביצים/ אטריות אורז מוקפצות בקארי ירוק על בסיס קרם קוקוס עם חצילים, גמבות וכוסברה. חריף","price":54,"vegan":false,"vegetarian":true,"notFood":false,"drinks":false},{"name":"תפוח אדמה ברוטב צ'ילי מתוק","price":24,"vegan":true,"vegetarian":true,"image":"https://d25t2285lxl5rf.cloudfront.net/images/dishes/631e2d90-b5e1-42c0-a70c-9676ff713283.jpg","notFood":false,"drinks":false},{"name":"תפוח אדמה ברוטב צ'ילי מתוק גדול","price":29,"vegan":true,"vegetarian":true,"image":"https://d25t2285lxl5rf.cloudfront.net/images/dishes/487d9cb2-17f9-48cb-be5b-e425e8bf215e.jpg","notFood":false,"drinks":false},{"name":"אורז  מאודה","description":"עם גזר ונטיפי ביצה","price":24,"vegan":false,"vegetarian":true,"image":"https://d25t2285lxl5rf.cloudfront.net/images/dishes/0976874d-257a-40b7-98fa-60adc58d7b74.jpg","notFood":false,"drinks":false},{"name":"אורז  מאודה גדול","description":"עם גזר ונטיפי ביצה","price":29,"vegan":false,"vegetarian":true,"image":"https://d25t2285lxl5rf.cloudfront.net/images/dishes/04f93803-6717-4fcb-a178-35b067d45efc.jpg","notFood":false,"drinks":false},{"name":"אורז מוקפץ עם ירקות","description":"אורז מוקפץ עם כרוב גזר נבטים בצל ירוק ונטיפי ביצה","price":34,"vegan":false,"vegetarian":true,"image":"https://d25t2285lxl5rf.cloudfront.net/images/dishes/711476c2-5ca7-4199-bb2b-4a8b3005df10.jpg","notFood":false,"drinks":false},{"name":"אורז מוקפץ עם ירקות גדול","description":" עם כרוב גזר נבטים בצל ירוק ונטיפי ביצה.","price":39,"vegan":false,"vegetarian":true,"image":"https://d25t2285lxl5rf.cloudfront.net/images/dishes/b82a12d6-8357-469c-9f10-82de8b5db3a9.jpg","notFood":false,"drinks":false},{"name":"ירקות מוקפצים ברוטב סויה","price":34,"vegan":true,"vegetarian":true,"image":"https://d25t2285lxl5rf.cloudfront.net/images/dishes/9e8c6dc2-05aa-47b3-a1ac-75f44a82b215.jpg","notFood":false,"drinks":false},{"name":"ירקות מוקפצים ברוטב סויה גדול","price":39,"vegan":true,"vegetarian":true,"image":"https://d25t2285lxl5rf.cloudfront.net/images/dishes/a4aa072c-661c-40f4-a64b-c34bb6c6a104.jpg","notFood":false,"drinks":false},{"name":"נודלס ירקות ברוטב פיקנטי","description":" אטריות ביצים מוקפצות עם כרוב גזר נבטים בצל ירוק ונטיפי ביצה.","price":34,"vegan":false,"vegetarian":true,"image":"https://d25t2285lxl5rf.cloudfront.net/images/dishes/bcaebc62-bf92-4651-90f8-ee6c543aaa5f.jpg","notFood":false,"drinks":false},{"name":"נודלס ירקות ברוטב פיקנטי גדול","description":" אטריות ביצים מוקפצות עם כרוב גזר נבטים בצל ירוק ונטיפי ביצה.","price":39,"vegan":false,"vegetarian":true,"image":"https://d25t2285lxl5rf.cloudfront.net/images/dishes/cb65340d-b15e-4744-952f-d21137a48b88.jpg","notFood":false,"drinks":false},{"name":"נודלס ירקות חמוץ מתוק","description":" אטריות ביצים מוקפצות עם כרוב גזר נבטים בצל ירוק ונטיפי ביצה.","price":34,"vegan":false,"vegetarian":true,"image":"https://d25t2285lxl5rf.cloudfront.net/images/dishes/d6a703fe-68ad-4b9e-b2f4-700359975754.jpg","notFood":false,"drinks":false},{"name":"נודלס ירקות חמוץ מתוק גדול","description":" אטריות ביצים מוקפצות עם כרוב גזר נבטים בצל ירוק ונטיפי ביצה.","price":39,"vegan":false,"vegetarian":true,"image":"https://d25t2285lxl5rf.cloudfront.net/images/dishes/545e90c1-cb8b-4f17-b8ae-4e748424f6ae.jpg","notFood":false,"drinks":false},{"name":"פד תאי וירקות ברוטב סויה","description":" אטריות אורז מוקפצות עם כרוב גזר נבטים בצל ירוק ונטיפי ביצה.","price":34,"vegan":false,"vegetarian":true,"image":"https://d25t2285lxl5rf.cloudfront.net/images/dishes/3d116507-fa18-4286-a7bc-109232579b52.jpg","notFood":false,"drinks":false},{"name":"פד תאי וירקות ברוטב סויה גדול","description":" אטריות אורז מוקפצות עם כרוב גזר נבטים בצל ירוק ונטיפי ביצה.","price":39,"vegan":false,"vegetarian":true,"image":"https://d25t2285lxl5rf.cloudfront.net/images/dishes/1fb9d506-177c-4a88-a6a0-797468f98838.jpg","notFood":false,"drinks":false},{"name":"נודלס ירקות ברוטב סויה","description":" אטריות ביצים מוקפצות עם כרוב גזר נבטים בצל ירוק ונטיפי ביצה..","price":34,"vegan":false,"vegetarian":true,"image":"https://d25t2285lxl5rf.cloudfront.net/images/dishes/029e0dd1-9c9e-48a4-930a-bde81642691a.jpg","notFood":false,"drinks":false},{"name":"נודלס ירקות ברוטב סויה גדול","description":" אטריות ביצים מוקפצות עם כרוב גזר נבטים בצל ירוק ונטיפי ביצה.","price":39,"vegan":false,"vegetarian":true,"image":"https://d25t2285lxl5rf.cloudfront.net/images/dishes/c68cfabc-0d25-4074-9a2b-2b09bd78e8eb.jpg","notFood":false,"drinks":false},{"name":"אורז לבן קטן","price":22,"vegan":true,"vegetarian":true,"notFood":false,"drinks":false},{"name":"אורז לבן גדול","price":27,"vegan":true,"vegetarian":true,"notFood":false,"drinks":false},{"name":"מאקי סלמון","price":20,"vegan":false,"vegetarian":false,"image":"https://d25t2285lxl5rf.cloudfront.net/images/dishes/7f9a8540-a38c-43fb-ac74-951e8abc0f54.jpg","notFood":false,"drinks":false},{"name":"מאקי טונה","price":22,"vegan":false,"vegetarian":false,"image":"https://d25t2285lxl5rf.cloudfront.net/images/dishes/3b4643a7-89b4-4db8-8c9f-f96c095e4140.jpg","notFood":false,"drinks":false},{"name":"מאקי צמחוני","price":18,"vegan":true,"vegetarian":true,"notFood":false,"drinks":false},{"name":"מאקי ספייסי טונה","price":22,"vegan":false,"vegetarian":false,"notFood":false,"drinks":false},{"name":"מאקי ספייסי סלמון","price":23,"vegan":false,"vegetarian":false,"notFood":false,"drinks":false},{"name":"מאקי ילו טייל","description":"דג לבן.","price":18,"vegan":false,"vegetarian":false,"notFood":false,"drinks":false},{"name":"מאקי סלמון אפוי","price":21,"vegan":false,"vegetarian":false,"notFood":false,"drinks":false},{"name":"מאקי דג +ירק","price":23,"vegan":false,"vegetarian":false,"notFood":false,"drinks":false},{"name":"I/O ספייסי טונה","description":"ספייסי טונה, מלפפון ובצל ירוק עטוף שבבי פנקו","price":37,"vegan":false,"vegetarian":false,"image":"https://d25t2285lxl5rf.cloudfront.net/images/dishes/93190cd9-89aa-452b-bd3a-48337a29082a.jpg","notFood":false,"drinks":false},{"name":"I/O סלמון","description":"סלמון, אבוקדו ובצל ירוק, עטוף שבבי פנקו","price":34,"vegan":false,"vegetarian":false,"image":"https://d25t2285lxl5rf.cloudfront.net/images/dishes/7c2c5b42-ebdb-429e-8f8e-26f5e4bd8939.jpg","notFood":false,"drinks":false},{"name":"I/O צמחוני עטוף באבוקדו","description":"טמאגו (חביתה יפנית), קמפיו ומלפפון עטוף באבוקדו.","price":32,"vegan":false,"vegetarian":true,"image":"https://d25t2285lxl5rf.cloudfront.net/images/dishes/c4e1119f-585c-43f1-9872-e7ac7ab8f746.jpg","notFood":false,"drinks":false},{"name":"I/O צמחוני עטוף בבטטה","description":"דלעת, אבוקדו ומלפפון, עטוף בבטטה.","price":32,"vegan":true,"vegetarian":true,"image":"https://d25t2285lxl5rf.cloudfront.net/images/dishes/6b80dd59-bb3a-47a6-83ea-d995250a15b9.jpg","notFood":false,"drinks":false},{"name":"I/O צמחוני עטוף בטמאגו","description":" מלפפון, דלעת ואבוקדו, עטוף בטמאגו (חביתה יפנית).","price":32,"vegan":false,"vegetarian":true,"image":"https://d25t2285lxl5rf.cloudfront.net/images/dishes/cd3d8279-34aa-4f37-9060-55cff93a5df9.jpg","notFood":false,"drinks":false},{"name":"I/O ילוטייל","description":"ילוטייל (דג לבן), אספרגוס, גזר ובצל ירוק, עטוף בשומשום קלוי.","price":28,"vegan":false,"vegetarian":false,"image":"https://d25t2285lxl5rf.cloudfront.net/images/dishes/710e7e73-8468-4607-ac88-30f2ee732282.jpg","notFood":false,"drinks":false},{"name":"I/O סלמון סקין","description":"סלמון סקין, טמאגו (חביתה יפנית), קמפיו ובצל ירוק עטוף בבטטה, ברוטב טריאקי.","price":32,"vegan":false,"vegetarian":false,"image":"https://d25t2285lxl5rf.cloudfront.net/images/dishes/4c457608-2305-4ec6-9913-32d64f99d0cb.jpg","notFood":false,"drinks":false},{"name":"I/O טונה","description":"טונה, מלפפון ובצל ירוק עטוף שבבי פנקו","price":37,"vegan":false,"vegetarian":false,"image":"https://d25t2285lxl5rf.cloudfront.net/images/dishes/46001626-18db-40ea-bad6-82eafbebf61d.jpg","notFood":false,"drinks":false},{"name":"I/O ספייסי סלמון","description":"ספייסי סלמון, אספרגוס, אבוקדו ובצל ירוק עטוף שומשום שחור","price":33,"vegan":false,"vegetarian":false,"image":"https://d25t2285lxl5rf.cloudfront.net/images/dishes/8f24e2fe-a042-4d65-be65-e6528470f3da.jpg","notFood":false,"drinks":false},{"name":"I/O טונה אפויה","description":"טונה מקופסת שימורים עם אבוקדו מלפפון ובצל ירוק","price":30,"vegan":false,"vegetarian":false,"notFood":false,"drinks":false},{"name":"פוטומאקי קריספי צמחוני","description":"טמאגו (חביתה יפנית), בטטה, אספרגוס, פטריות שיטאקי ובצל ירוק","price":32,"vegan":false,"vegetarian":true,"image":"https://d25t2285lxl5rf.cloudfront.net/images/dishes/8933b94c-2234-4311-81b1-afc81eee0eb6.jpg","notFood":false,"drinks":false},{"name":"פוטומאקי קריספי סלמון","description":"קריספי סלמון, טמאגו (חביתה יפנית), אבוקדו, מלפפון ובצל ירוק.","price":39,"vegan":false,"vegetarian":false,"image":"https://d25t2285lxl5rf.cloudfront.net/images/dishes/90abd355-daf4-417e-8071-69847a7b24d8.jpg","notFood":false,"drinks":false},{"name":"פוטומאקי קריספי טונה","description":"טונה, מלפפון, אבוקדו, גזר ובצל ירוק ברוטב טריאקי.","price":42,"vegan":false,"vegetarian":false,"image":"https://d25t2285lxl5rf.cloudfront.net/images/dishes/f5ff9d55-da2b-4f41-a820-3392106b9ee5.jpg","notFood":false,"drinks":false},{"name":"פוטומאקי קריספי ילוטייל","description":"ילוטייל, ביצי סלמון, סלמון, אספרגוס ואבוקדו.","price":39,"vegan":false,"vegetarian":false,"image":"https://d25t2285lxl5rf.cloudfront.net/images/dishes/a0a2d858-384a-4aec-ae66-dd974ad26ac4.jpg","notFood":false,"drinks":false},{"name":"טמפורה סלמון","description":"רק הסלמון מטוגן, אבוקדו, בצל ירוק ומלפפון - 8 יח'.","price":42,"vegan":false,"vegetarian":false,"image":"https://d25t2285lxl5rf.cloudfront.net/images/dishes/b69c2379-cedc-4f03-98bb-3e54eb9a2193.jpg","notFood":false,"drinks":false},{"name":"I/O מטוגן קריספי","description":"אבוקדו, בטטה וסלמון \n8 יחידות","price":38,"vegan":false,"vegetarian":false,"image":"https://d25t2285lxl5rf.cloudfront.net/images/dishes/cb0abcbc-0373-4b0f-b05f-d059ad42ac7b.jpg","notFood":false,"drinks":false},{"name":"שיפודי מאקי","description":"שיפודי מאקי סלמון מטוגן (8יחידות)","price":35,"vegan":false,"vegetarian":false,"image":"https://d25t2285lxl5rf.cloudfront.net/images/dishes/9d3f498a-0ad7-4277-94d9-6dc25a8ad484.jpg","notFood":false,"drinks":false},{"name":"I/O מטוגן קריספי צמחוני","price":34,"vegan":true,"vegetarian":true,"notFood":false,"drinks":false},{"name":"I/O טמפורה עוף","description":"עוף מטוגן אבוקדו, בצל ירוק ומלפפון - 8 יח'.","price":42,"vegan":false,"vegetarian":false,"notFood":false,"drinks":false},{"name":"קריספי טופו רול","description":"I/O טופו, מלפפון, שיטאקי, גזר ובטטה עטוף אבוקדו וטמאגו.","price":37,"vegan":false,"vegetarian":true,"image":"https://d25t2285lxl5rf.cloudfront.net/images/dishes/0a3e5215-c030-465b-9f16-3d10c46f8d5e.jpg","notFood":false,"drinks":false},{"name":"I/O במעטפת עירית","description":"4 יח' I/O טונה, טמאגו, אספרגוס וגזר + 4 יח' I/O סלמון, טמאגו, אספרגוס וגזר עטוף עירית\r\n","price":37,"vegan":false,"vegetarian":false,"image":"https://d25t2285lxl5rf.cloudfront.net/images/dishes/eafb59eb-4e4a-45bd-a6f1-80eab6ed807a.jpg","notFood":false,"drinks":false},{"name":"פינאטס רול","description":"I/O סלמון, אבוקדו, שיטאקי, עירית. עטוף אבוקדו ושבבי בוטנים מתוקים. \r\n","price":39,"vegan":false,"vegetarian":false,"image":"https://d25t2285lxl5rf.cloudfront.net/images/dishes/5de9ee1a-93b6-4585-bcd4-a4f0380afee2.jpg","notFood":false,"drinks":false},{"name":"סלמון בנורי מטוגן I/O","description":"I/O  סלמון סקין, אבוקדו, מלפפון ובצל ירוק. ","price":38,"vegan":false,"vegetarian":false,"image":"https://d25t2285lxl5rf.cloudfront.net/images/dishes/cbd2da7c-5cf2-4cb2-bd01-fe65e73074b6.jpg","notFood":false,"drinks":false},{"name":"פינוקי שקדים I/O","description":"סלמון מטוגן, סלמון טרי, אספרגוס ואבוקדו, עטוף שברי שקדים קלויים ברוטב טריאקי. ","price":42,"vegan":false,"vegetarian":false,"image":"https://d25t2285lxl5rf.cloudfront.net/images/dishes/6c8bbf17-996a-4f63-855d-ea14a627cd1f.jpg","notFood":false,"drinks":false},{"name":"סאנרייז I/O","description":"ספייסי סלמון, אבוקדו, בטטה ומיונז עטוף סלמון צרוב באש עם שבבי טמפורה בטטה ובצל ברוטב טריאקי וספייסי מיונז. ","price":48,"vegan":false,"vegetarian":false,"image":"https://d25t2285lxl5rf.cloudfront.net/images/dishes/5cf0d183-2caf-4d19-b93b-be469502cb32.jpg","notFood":false,"drinks":false},{"name":"ילוטייל וספייסי טונה","description":"ילוטייל וספייסי טונה, אבוקדו ואספרגוס, עטוף בטוביקו (ביצי דגים). ","price":47,"vegan":false,"vegetarian":false,"image":"https://d25t2285lxl5rf.cloudfront.net/images/dishes/9d63686a-5564-4e16-a3dd-9c4c7cb49905.jpg","notFood":false,"drinks":false},{"name":"ספיישל סלמון סקין","description":"סלמון סקין, טמאגו (חביתה יפנית) ובצל ירוק, עטוף בסלמון צרוב בגריל. ","price":39,"vegan":false,"vegetarian":false,"image":"https://d25t2285lxl5rf.cloudfront.net/images/dishes/5337c4dd-5dfa-47c5-be8b-fc0f335f4fb8.jpg","notFood":false,"drinks":false},{"name":"ספיישל סלמון טמפורה","description":"סלמון טמפורה, אספרגוס, אבוקדו, עטוף באבוקדו וביצי סלמון. ","price":49,"vegan":false,"vegetarian":false,"image":"https://d25t2285lxl5rf.cloudfront.net/images/dishes/5fb56667-199b-4efe-9a74-0c88ef5eb64e.jpg","notFood":false,"drinks":false},{"name":"ספיישל ספייסי טונה","description":"ספייסי טונה, אספרגוס, אבוקדו ושבבי טמפורה, עטוף בטמאגו (חביתה יפנית). \n\n","price":42,"vegan":false,"vegetarian":false,"image":"https://d25t2285lxl5rf.cloudfront.net/images/dishes/cb9aa7d8-9720-44ae-a8ef-59dda431447a.jpg","notFood":false,"drinks":false},{"name":"ספיישל קשת","description":"אבוקדו מללפון בצל ירוק, עטוף סלמון טונה ואבוקדו \n","price":39,"vegan":false,"vegetarian":false,"image":"https://d25t2285lxl5rf.cloudfront.net/images/dishes/6011c7c1-9586-4b07-90b3-ffdeb2009e08.jpg","notFood":false,"drinks":false},{"name":"קראנצ' סלק","description":"א.א ספייסי סלמון אבוקדו, מלפפון עטוף שבבי סלק קריספי.","price":36,"vegan":false,"vegetarian":false,"image":"https://d25t2285lxl5rf.cloudfront.net/images/dishes/1f6202d2-f0f1-46b9-a9a6-b74c2bf28ded.jpg","notFood":false,"drinks":false},{"name":"צ'ימיצ'ורי רול","description":"א.א אבוקדו עטוף סלמון חי, צ'ימיצ'ורי וקריספי בטטה.","price":36,"vegan":false,"vegetarian":false,"image":"https://d25t2285lxl5rf.cloudfront.net/images/dishes/4afdae73-0958-416f-ba3b-6f5d75265428.jpg","notFood":false,"drinks":false},{"name":"רוק אנד רול","description":"א.א סלמון אספרגוס אבוקדו ומלפפון עטוף בטונה אדומה וטוביקו.","price":48,"vegan":false,"vegetarian":false,"image":"https://d25t2285lxl5rf.cloudfront.net/images/dishes/9aa9551f-7c62-476a-80c5-b16b70994f7e.jpg","notFood":false,"drinks":false},{"name":"וולקנו רול","description":"א.א סלמון חי, אבוקדו, מלפפון עטוף עירית, עם סלט אבוקדו, פלפל חריף ולימון.","price":45,"vegan":false,"vegetarian":false,"image":"https://d25t2285lxl5rf.cloudfront.net/images/dishes/2e71a674-ffff-402f-a599-2a5f5f774c7a.jpg","notFood":false,"drinks":false},{"name":"סושי בול-חדש","description":"אורז טרטר, אורז סושי, קוביות אבוקדו, רוטב טריאקי ושבבי פנקו ( פירורי לחם יפני), מוגש עם תוספת לבחירה: סלמון / סלמון בטמפורה / טונה במיונז.","price":46,"vegan":false,"vegetarian":false,"notFood":false,"drinks":false},{"name":"ספיישל טונה גריל במיונז","description":"I/O טונה אפויה בגריל, אבוקדו ומלפפון עטוף בבטטה, אבוקדו ושבבי פנקו","price":42,"vegan":false,"vegetarian":false,"notFood":false,"drinks":false},{"name":"בייבי סאנרייז","description":"א.א עם ספייסי סלמון, אבוקדו, בטטה ומיונז עטוף סלמון צרוב באש עם שבבי טמפורה, קריספי בטטה ובצל ברוטב טריאקי וספייסי מיונז.","price":44,"vegan":false,"vegetarian":false,"notFood":false,"drinks":false},{"name":"1009 ספיישל סלמון","description":"אינסייד אאוט סלמון אבוקדו מלפפון ובצל עטוף סלמון ושומשום שחור","price":39,"vegan":false,"vegetarian":false,"notFood":false,"drinks":false},{"name":"למון רול","description":"אינסייד אאוט אבוקדו בטטה עירית עטוף סלמון לימון קריספי בטטה ועירית","price":42,"vegan":false,"vegetarian":false,"notFood":false,"drinks":false},{"name":"סושי בול צמחוני","price":35,"vegan":true,"vegetarian":true,"notFood":false,"drinks":false},{"name":"סנדוויץ צמחוני","price":34,"vegan":true,"vegetarian":true,"notFood":false,"drinks":false},{"name":"סנדוויץ סלמון חי","price":37,"vegan":false,"vegetarian":false,"notFood":false,"drinks":false},{"name":"סנדוויץ סלמון אפוי","price":40,"vegan":false,"vegetarian":false,"notFood":false,"drinks":false},{"name":"סנדוויץ טמפורה סלמון","description":"רק הדג בפנים מטוגן","price":40,"vegan":false,"vegetarian":false,"notFood":false,"drinks":false},{"name":"סנדוויץ טונה אדומה","price":40,"vegan":false,"vegetarian":false,"notFood":false,"drinks":false},{"name":"סנדוויץ טונה אפויה","description":"טונה מקופסת שימורים*","price":37,"vegan":false,"vegetarian":false,"notFood":false,"drinks":false},{"name":"סנדוויץ צמחוני מטוגן","price":38,"vegan":true,"vegetarian":true,"notFood":false,"drinks":false},{"name":"סנדוויץ סלמון מטוגן","price":40,"vegan":false,"vegetarian":false,"notFood":false,"drinks":false},{"name":"סנדוויץ טונה מטוגן","price":42,"vegan":false,"vegetarian":false,"notFood":false,"drinks":false},{"name":"ניגירי אבוקדו","price":19,"vegan":true,"vegetarian":true,"image":"https://d25t2285lxl5rf.cloudfront.net/images/dishes/d624101e-b24c-4572-84a7-42e266717ea6.jpg","notFood":false,"drinks":false},{"name":"ניגירי טמאגו","description":"חביתה יפנית.","price":19,"vegan":false,"vegetarian":true,"image":"https://d25t2285lxl5rf.cloudfront.net/images/dishes/16ab55cc-67c0-4e39-af49-521fa38fcc65.jpg","notFood":false,"drinks":false},{"name":"ניגירי סלמון","price":24,"vegan":false,"vegetarian":false,"image":"https://d25t2285lxl5rf.cloudfront.net/images/dishes/1dffa2b1-3117-4615-b636-d84399b405d5.jpg","notFood":false,"drinks":false},{"name":"ניגירי טונה","price":26,"vegan":false,"vegetarian":false,"image":"https://d25t2285lxl5rf.cloudfront.net/images/dishes/4f231a50-4a47-45de-b3a9-2caaf2dc58c7.jpg","notFood":false,"drinks":false},{"name":"ניגירי ילו טייל","price":21,"vegan":true,"vegetarian":true,"notFood":false,"drinks":false},{"name":"סשימי סלמון","price":32,"vegan":false,"vegetarian":false,"image":"https://d25t2285lxl5rf.cloudfront.net/images/dishes/21017901-db83-4007-80b4-db3e05d61572.jpg","notFood":false,"drinks":false},{"name":"סשימי טונה","price":35,"vegan":false,"vegetarian":false,"image":"https://d25t2285lxl5rf.cloudfront.net/images/dishes/36abfcb3-a98e-4f14-9b6b-693ef42e7d89.jpg","notFood":false,"drinks":false},{"name":"סשימי ילו טייל","description":"דג לבן","price":31,"vegan":false,"vegetarian":false,"image":"https://d25t2285lxl5rf.cloudfront.net/images/dishes/a2f88e2b-d5ac-4543-b294-82bafc8b9ff5.jpg","notFood":false,"drinks":false},{"name":"קומבינציה צמחונית","description":"4 יח' I/O אבוקדו מלפפון וקמפיו עטוף בטמאגו (חביתה יפנית),\n4 יח' I/O טמאגו (חביתה יפנית),קמפיו ומלפפון עטוף באבוקדו,\n8 יח' מאקי אבוקדו.","price":44,"vegan":false,"vegetarian":true,"image":"https://d25t2285lxl5rf.cloudfront.net/images/dishes/9363ba67-b809-483b-b605-d7a10bc19fcc.jpg","notFood":false,"drinks":false},{"name":"408B. קומבינצית טונה","description":"408B. קומבינצית טונה\r\n8 יח' מאקי טונה,\r\n4 יח' I/O צמחוני עטוף בטטה,\r\n4 יח' I/O טונה, אבוקדו ובצל,\r\n2 יח' ניגרי טונה.","price":59,"vegan":false,"vegetarian":false,"image":"https://d25t2285lxl5rf.cloudfront.net/images/dishes/f05d9d50-5e6d-4353-a6df-98c6b0b77a50.jpg","notFood":false,"drinks":false},{"name":"קומבינציית מאקי","description":"8 יח' מאקי טמאגו (חביתה יפנית),\r\n8 יח' מאקי סלמון,\r\n8 יח' מאקי ספייסי טונה.","price":47,"vegan":false,"vegetarian":false,"image":"https://d25t2285lxl5rf.cloudfront.net/images/dishes/e53878cc-85d3-4736-b798-444487331dc0.jpg","notFood":false,"drinks":false},{"name":"קומבינציית טמפורה","description":"5 יח' רול חם פוטומאקי טמפורה סלמון,טמאגו, מלפפון, אבוקדו ובצל ירוק,\n4 יח' I/O ספייסי טונה, מלפפון ובצל ירוק,\n4 יח' סלמון ואבוקדו, עטוף בשבבי פנקו","price":59,"vegan":false,"vegetarian":false,"image":"https://d25t2285lxl5rf.cloudfront.net/images/dishes/d18ceae6-a001-4122-942a-1e501332778a.jpg","notFood":false,"drinks":false},{"name":"408A. קומבינציית סלמון","description":"8 יח' מאקי סלמון,\n4 יח' I/O סלמון סקין, קמפיו ובצל ירוק עטוף בבטטה,\n4 יח' I/O סלמון, אבוקדו ובצל ירוק,\n2 יח' ניגירי סלמון.","price":52,"vegan":false,"vegetarian":false,"image":"https://d25t2285lxl5rf.cloudfront.net/images/dishes/65cc55e7-9ee6-46e9-b99c-3fdab3158695.jpg","notFood":false,"drinks":false},{"name":"קומבינציית מטוגן","description":"908. קומבינציית מטוגן\r\n5 יח' פוטומאקי קריספי סלמון, טמאגו (חביתה יפנית), אבוקדו, מלפפון ובצל ירוק, \r\n8 יח' סלמון עטוף טמפורה מטוגן, אבוקדו, בצל ירוק ומלפפון.","price":69,"vegan":false,"vegetarian":false,"image":"https://d25t2285lxl5rf.cloudfront.net/images/dishes/e4e8aae2-d782-4d41-bd12-5a86fe2c16cf.jpg","notFood":false,"drinks":false},{"name":"קומבינציית טוקיו","description":"4 יח' סנדוויץ' סלמון ואבוקדו\n4 יח' I/O צמחוני עטוף בחביתה, \n8 יח' מאקי בטטה,\n4 יח' רול מטוגן סלמון אבוקדו בטטה","price":69,"vegan":false,"vegetarian":false,"image":"https://d25t2285lxl5rf.cloudfront.net/images/dishes/9e1cbb88-ca71-4155-b828-ef57cb02cc68.jpg","notFood":false,"drinks":false},{"name":"קומבינציית קריספי","description":"5 יח' פוטומאקי קריספי סלמון, \n8 יח' רול מטוגן I/O סלמון מטוגן אבוקדו בטטה\n8 יח' טמפורה טונה.","price":99,"vegan":false,"vegetarian":false,"image":"https://d25t2285lxl5rf.cloudfront.net/images/dishes/f1fdfa39-a36d-4f5f-9b95-e985ba43da87.jpg","notFood":false,"drinks":false},{"name":"קומבינציית במבו זוגית","description":"4 יח' סשימי סלמון, \n2 יח' ניגירי טונה, \n2 יח' ניגרי סלמון, \n4 יח' I/O סלמון סקין עטוף בבטטה, \n4 יח' ספיישל ספייסי טונה עטוף בטמאגו (חביתה יפנית), \n8 יח' מאקי סלמון\n5 יח' פוטומאקי קריספי טונה","price":129,"vegan":false,"vegetarian":false,"image":"https://d25t2285lxl5rf.cloudfront.net/images/dishes/5e6494d7-d197-498c-bede-74931ab56c45.jpg","notFood":false,"drinks":false},{"name":"קומבינציית מסיבה קטנה 102 יח'","description":"מגש סושי מפנק לאירועים ומסיבות.\r\n* הזמנה של שעתיים מראש לפחות","price":349,"vegan":true,"vegetarian":true,"notFood":false,"drinks":false},{"name":"קומבינציית מסיבה גדולה 135 יח'","description":"מגש סושי מפנק לאירועים ומסיבות.\r\n* הזמנה של שעתיים מראש לפחות","price":399,"vegan":true,"vegetarian":true,"notFood":false,"drinks":false},{"name":"קומבינציית סלמון אפויה","description":"8 יח' מאקי סלמוןאפוי,\n8 יח' I/O סלמון אפוי, אבוקדו ובצל ירוק,","price":57,"vegan":false,"vegetarian":false,"notFood":false,"drinks":false},{"name":"טופו באן","description":"לחמניות מאודות במילוי טופו חסה בצל פטריות מוקפצות צ'ילי טרי מיונז וכוסברה .מגיע 2 יחידות","price":34,"vegan":false,"vegetarian":true,"notFood":false,"drinks":false},{"name":"צ'יקן באן","description":"לחמניות מאודות במילוי חזה עוף מטוגן בטמפורה חסה בצל פטריות מוקפצות צ'ילי טרי רוטב איולי יוזו וכוסברה .מגיע 2 יחידות (מכיל מיונז)","price":37,"vegan":false,"vegetarian":false,"notFood":false,"drinks":false},{"name":"פיש באן","description":"לחמניות מאודות במילוי דג פילה בטמפורה חסה בצל פטריות מוקפצות צ'ילי טרי רוטב איולי יוזו וכוסברה .מגיע 2 יחידות (מכיל מיונז)","price":44,"vegan":false,"vegetarian":false,"notFood":false,"drinks":false},{"name":"באן בקר חציל","description":"לחמניות מאודות במילוי בשר בקר חציל חסה בצל פטריות מוקפצות צ'ילי טרי וכוסברה .מגיע 2 יחידות","price":49,"vegan":false,"vegetarian":false,"notFood":false,"drinks":false},{"name":"באן בקר","description":"לחמניות מאודות במילוי בשר בקר חסה בצל פטריות מוקפצות צ'ילי טרי וכוסברה .מגיע 2 יחידות","price":46,"vegan":false,"vegetarian":false,"notFood":false,"drinks":false},{"name":"אננס מטוגן","description":"אננס מטוגן ברוטב מייפל.","price":18,"vegan":true,"vegetarian":true,"image":"https://d25t2285lxl5rf.cloudfront.net/images/dishes/52ee0f13-978e-4ca4-8308-c45a8eb56b98.jpg","notFood":false,"drinks":false},{"name":"קריספי בננה","description":"בננה מטוגנת בציפוי טמפורה, ברוטב מייפל ושבבי בוטנים.","price":18,"vegan":true,"vegetarian":true,"image":"https://d25t2285lxl5rf.cloudfront.net/images/dishes/62ae5a92-33ca-4cfb-816b-0e7db387f23c.jpg","notFood":false,"drinks":false},{"name":"סושי שוקולד קוקוס - (רול)","description":"סושי שוקולד קרם וניל עטוף בשכבת טראפלס שוקולד וקוקוס קלוי\r\n","price":32,"vegan":false,"vegetarian":true,"image":"https://d25t2285lxl5rf.cloudfront.net/images/dishes/a4eb4597-d9c2-4947-9fb2-6499f304bfc9.jpg","notFood":false,"drinks":false},{"name":"קרמינו","description":"משולש קרם שוקולד מריר וקרם ברולה על קראנץ' שוקולד בייגלה בציפוי נוגט בייגלה קריספי במליחות עדינה ","price":32,"vegan":false,"vegetarian":true,"image":"https://d25t2285lxl5rf.cloudfront.net/images/dishes/6cb84cac-8b9f-4682-9b85-d388b5d5a20a.jpg","notFood":false,"drinks":false},{"name":"טרופי מנגו","description":"טרופי מנגו  על מצע של מרנג אגוזי לוז קרם מנגו, קרם וניל בציפוי רוטב מנגו מרענן ","price":19,"vegan":true,"vegetarian":true,"image":"https://d25t2285lxl5rf.cloudfront.net/images/dishes/bd0a83eb-1e99-4276-8b73-ec085e0e1682.jpg","notFood":false,"drinks":false},{"name":"צנצנת אוריאו","description":"תחתית של בראוניז קרם אוריאו בציפוי רוטב שוקולד, קליקים\r\nועוגיות ","price":19,"vegan":false,"vegetarian":true,"image":"https://d25t2285lxl5rf.cloudfront.net/images/dishes/6218027c-dcb1-43d4-a5b8-d2dfad83f940.jpg","notFood":false,"drinks":false},{"name":"סופלה","description":" פונדנט שוקולד חם. (30 שניות במיקרוו ביתי ממקרר) ","price":28,"vegan":false,"vegetarian":true,"image":"https://d25t2285lxl5rf.cloudfront.net/images/dishes/ab1251a8-5e9f-4dc7-9497-495290473d8a.jpeg","notFood":false,"drinks":false},{"name":"מלבי","description":"מלבי עם בוטנים, קוקוס ומי ורדים ","price":10,"vegan":true,"vegetarian":true,"notFood":false,"drinks":false},{"name":"פחית קוקה קולה","price":10,"vegan":true,"vegetarian":true,"notFood":false,"drinks":true},{"name":"פחית קולה זירו","price":10,"vegan":true,"vegetarian":true,"notFood":false,"drinks":true},{"name":"בקבוק קוקה קולה","price":12,"vegan":true,"vegetarian":true,"notFood":false,"drinks":true},{"name":"בקבוק קולה זירו","price":12,"vegan":true,"vegetarian":true,"notFood":false,"drinks":true},{"name":"בקבוק פאנטה","price":12,"vegan":true,"vegetarian":true,"notFood":false,"drinks":true},{"name":"בקבוק ספרייט","price":12,"vegan":true,"vegetarian":true,"notFood":false,"drinks":true},{"name":"בקבוק דיאט ספרייט","price":12,"vegan":true,"vegetarian":true,"notFood":false,"drinks":true},{"name":"מים בטעם ענבים","price":12,"vegan":true,"vegetarian":true,"notFood":false,"drinks":true},{"name":"מים בטעם תפוח","price":12,"vegan":true,"vegetarian":true,"notFood":false,"drinks":false},{"name":"מים בטעם אפרסק","price":12,"vegan":true,"vegetarian":true,"notFood":false,"drinks":false},{"name":"פיוז טי אפרסק","price":12,"vegan":true,"vegetarian":true,"notFood":false,"drinks":false},{"name":"בירה מאלט","price":13,"vegan":true,"vegetarian":true,"notFood":false,"drinks":true},{"name":"בירה קרלסברג","price":15,"vegan":true,"vegetarian":true,"notFood":false,"drinks":true},{"name":"מים מינרלים","price":9,"vegan":true,"vegetarian":true,"notFood":false,"drinks":false},{"name":"סודה","price":9,"vegan":true,"vegetarian":true,"notFood":false,"drinks":true},{"name":"ענבים","price":10,"vegan":true,"vegetarian":true,"notFood":false,"drinks":true},{"name":"תפוזים","price":10,"vegan":true,"vegetarian":true,"notFood":false,"drinks":false},{"name":"אשכוליות","price":10,"vegan":true,"vegetarian":true,"notFood":false,"drinks":false}]}