{"track_id":"21495","filters":["meatGrill","sandwichesWraps"],"image":"https://tenbis-static.azureedge.net/restaurant-card-image/ResCard_21495_20191205114807.jpg","address":"שלמה אבן גבירול, 23 תל אביב-יפו","location":[34.7816239,32.0738832],"name":"פרנק נקניקיה עם כבוד","city":"תל אביב-יפו","priceAverage":23.5,"menu":[{"name":"בראט וורשט גדולה","description":"הנקניקיה הקלאסית ממינכן, עשויה בשר לבן ומתובלת בדיוק כמו בגרמניה.","price":33,"vegan":false,"vegetarian":false,"image":"https://d25t2285lxl5rf.cloudfront.net/images/dishes/9521fd46-db2e-4803-a1b0-0db0d226c3f7.jpg","notFood":false,"drinks":false},{"name":"צ'יפוטלה גדולה","description":"בראטוורסט קלאסית חריפה","price":35,"vegan":false,"vegetarian":false,"image":"https://d25t2285lxl5rf.cloudfront.net/images/dishes/5f2c5ceb-34e2-4cee-a287-d69f54d5938f.jpg","notFood":false,"drinks":false},{"name":"פרנקפורטר אמנטל","description":"נקניקיית בשר לבן מעושנת עם גבינה בתוכה","price":36,"vegan":false,"vegetarian":false,"image":"https://d25t2285lxl5rf.cloudfront.net/images/dishes/e82c64c8-e802-4bfe-b97a-dbf3cdd99130.jpg","notFood":false,"drinks":false},{"name":"בלאו וורסט","description":"בראטוורסט עם גבינה כחולה אמיתית דנבלו.","price":35,"vegan":false,"vegetarian":true,"image":"https://d25t2285lxl5rf.cloudfront.net/images/dishes/173bd7a4-7243-498a-b96f-72a755a8c6aa.jpg","notFood":false,"drinks":false},{"name":"עוף גדולה","description":"נקניקיית עוף קלאסית איכותית","price":31,"vegan":false,"vegetarian":false,"image":"https://d25t2285lxl5rf.cloudfront.net/images/dishes/7e78c7d5-e9ab-4af4-8368-e596a33001fa.jpg","notFood":false,"drinks":false},{"name":"עגל גדולה","description":"נקניקיית בקר קלאסית בסגנון גרמני","price":32,"vegan":false,"vegetarian":false,"image":"https://d25t2285lxl5rf.cloudfront.net/images/dishes/20e4a187-60e8-475b-80e4-4449fd787ef9.jpg","notFood":false,"drinks":false},{"name":"עגל פיקנטית גדולה","description":"נקניקיית עגל חריפה בסגנון גרמני","price":35,"vegan":true,"vegetarian":true,"image":"https://d25t2285lxl5rf.cloudfront.net/images/dishes/2f8168b1-580e-460c-889f-73a90130e8ff.jpg","notFood":false,"drinks":false},{"name":"עגל אמנטל גדולה","price":37,"vegan":true,"vegetarian":true,"image":"https://d25t2285lxl5rf.cloudfront.net/images/dishes/f3d2f989-ef7f-487b-99f2-64b0ffa33cce.jpg","notFood":false,"drinks":false},{"name":"עגל ספרדית גדולה","description":"נקניקיית עגל עם עשבי תיבול ופלפלים מתוקים. לא חריף.","price":35,"vegan":true,"vegetarian":true,"image":"https://d25t2285lxl5rf.cloudfront.net/images/dishes/6f10e8e6-3efa-4f48-b4fd-a30fcab3bd17.jpg","notFood":false,"drinks":false},{"name":"ניו יורקר XXL","description":"נקניקיית עגל ענקית טבעית.","price":44,"vegan":true,"vegetarian":true,"image":"https://d25t2285lxl5rf.cloudfront.net/images/dishes/98c7a54e-73ca-4e73-beb9-e73b852587b3.jpg","notFood":false,"drinks":false},{"name":"שיקאגו","description":"נקניקיית בקר אמריקאית מעושנת ענקית ","price":44,"vegan":false,"vegetarian":false,"image":"https://d25t2285lxl5rf.cloudfront.net/images/dishes/7146b56d-00ed-4832-8b7a-a6c48246068d.jpg","notFood":false,"drinks":false},{"name":"מינידיל","description":"5 נקניקיות על מיני מקל\t","price":31,"vegan":true,"vegetarian":true,"notFood":false,"drinks":false},{"name":"אפויים בתנור","price":17,"vegan":true,"vegetarian":true,"image":"https://d25t2285lxl5rf.cloudfront.net/images/dishes/d6402bc2-c12c-4c30-8191-ceaf36df6dc8.jpg","notFood":false,"drinks":false},{"name":"אפויים בתנור עם צ'דר","description":"תפוחי אדמה אפויים בתנור עם גבינת צ'דר אמיתית ממוסת מעל","price":22,"vegan":false,"vegetarian":true,"image":"https://d25t2285lxl5rf.cloudfront.net/images/dishes/1f336fc4-728f-4fdc-9406-a20154158376.jpg","notFood":false,"drinks":false},{"name":"מים","price":7,"vegan":true,"vegetarian":true,"notFood":false,"drinks":false},{"name":"סודה","price":8,"vegan":true,"vegetarian":true,"notFood":false,"drinks":true},{"name":"מירנדה","price":10,"vegan":true,"vegetarian":true,"notFood":false,"drinks":false},{"name":"סבן אפ","price":10,"vegan":true,"vegetarian":true,"notFood":false,"drinks":false},{"name":"קולה זכוכית","price":10,"vegan":true,"vegetarian":true,"notFood":false,"drinks":true},{"name":"דיאט סבן אפ","price":10,"vegan":true,"vegetarian":true,"notFood":false,"drinks":false},{"name":"ג'אמפ תפוזים","price":10,"vegan":true,"vegetarian":true,"notFood":false,"drinks":false},{"name":"ג'אמפ ענבים","price":10,"vegan":true,"vegetarian":true,"notFood":false,"drinks":true},{"name":"סיידר צלול","price":11,"vegan":true,"vegetarian":true,"notFood":false,"drinks":true},{"name":"סיידר מוגז","price":11,"vegan":true,"vegetarian":true,"notFood":false,"drinks":true}]}