{"track_id":"21534","filters":["burgers","meatGrill","salads"],"image":"https://tenbis-static.azureedge.net/restaurant-card-image/ResCard_21534_20220106160133.jpg","address":"דרך זאב ז'בוטינסקי, 72 פתח תקווה","location":[34.8655205,32.0930217],"name":"בלאק פתח תקווה","city":"גני תקווה","priceAverage":56.02040816326531,"menu":[{"name":"שש ביס","description":"6 מיני בורגרים של בלאק בורגר 100 גרם וערימת צ'יפס","price":179,"vegan":true,"vegetarian":true,"image":"https://d25t2285lxl5rf.cloudfront.net/images/dishes/49ae5b10-05d8-45d2-9aa3-724e14e79548.jpg","notFood":false,"drinks":false},{"name":"שניצל בריבוע","description":"4 שניצל בורגר, ערימת צ'יפס וטבעות בצל","price":229,"vegan":false,"vegetarian":false,"image":"https://d25t2285lxl5rf.cloudfront.net/images/dishes/dfd44887-e3ad-4625-afec-1386e2c00e3d.jpg","notFood":false,"drinks":false},{"name":"הרביעייה פלוס","description":"רביעיית Black Burger 220 גרם, ערימת צ'יפס, צ'יפס בטטה וטבעות בצל","price":269,"vegan":true,"vegetarian":true,"image":"https://d25t2285lxl5rf.cloudfront.net/images/dishes/9659f28d-25c0-49d0-aae7-7dd19b5e3b5e.jpg","notFood":false,"drinks":false},{"name":"פותחים שולחן","description":"מיקס בורגר: טלה, 220 Black Burger, בואנוס איירס, אנטריקוט בורגר, ערימת צ'יפס, צ'יפס בטטה, הום פרייז וטבעות בצל","price":289,"vegan":false,"vegetarian":false,"image":"https://d25t2285lxl5rf.cloudfront.net/images/dishes/ccf12663-4b0f-406e-8422-67269ea91890.jpg","notFood":false,"drinks":false},{"name":"הרביעייה","description":"רביעיית Black Burger 160 גרם, ערימת צ'יפס וצ'יפס בטטה","price":229,"vegan":true,"vegetarian":true,"notFood":false,"drinks":false},{"name":"סכום חד פעמי","vegan":true,"vegetarian":true,"notFood":false,"drinks":false},{"name":"המבורגר 160 גר'","description":"חסה,  עגבנייה , מלפפון חמוץ ובצל סגול.","price":53,"vegan":false,"vegetarian":false,"image":"https://d25t2285lxl5rf.cloudfront.net/images/dishes/911ae9cc-33ff-44dd-a58d-a3463b35c841.png","notFood":false,"drinks":false},{"name":"שניצל בורגר","description":" השניצל שלנו, פריך מונח בתוך לחמניית המבורגר סגורה עם \nירקות, מוגש עם פלח לימון\n","price":53,"vegan":false,"vegetarian":false,"image":"https://d25t2285lxl5rf.cloudfront.net/images/dishes/f9743aa8-ba4f-4b62-8a86-b9123ff167f3.png","notFood":false,"drinks":false},{"name":"המבורגר טלה","description":"220 גרם של המבורגר מבשר טלה מוגש עם טחינה ונגיעה של צ'ילי בצד","price":67,"vegan":false,"vegetarian":false,"image":"https://d25t2285lxl5rf.cloudfront.net/images/dishes/b10102dd-4542-4872-8547-7609d1bd5300.png","notFood":false,"drinks":false},{"name":"אנטריקוט בורגר","description":"200 גרם של המבורגר בשר אנטריקוט מעולה טחון","price":67,"vegan":false,"vegetarian":false,"image":"https://d25t2285lxl5rf.cloudfront.net/images/dishes/ee6927d4-f2a7-4d8c-b073-f23575b74222.jpg","notFood":false,"drinks":false},{"name":"בואנוס אייריס בורגר","description":"200 גרם  אנטריקוט ופילה מדומה, טחון יחד עם קונפי שום בתוך \n תערובת הבשר\n","price":69,"vegan":false,"vegetarian":false,"image":"https://d25t2285lxl5rf.cloudfront.net/images/dishes/298a384a-b52e-4c89-b2e1-d4ef7d93d551.jpg","notFood":false,"drinks":false},{"name":"השלישייה","description":"שלושה המבורגרים 100 גרם כל אחד: קלאסי, המבורגר טלה  והמבורגר בואנוס איירס, מוגשים \nבלחמנייה סגורה עם ירקות\n","price":69,"vegan":false,"vegetarian":false,"image":"https://d25t2285lxl5rf.cloudfront.net/images/dishes/4361f664-80fa-4299-b878-bb137f92f0d0.png","notFood":false,"drinks":false},{"name":"מיני בלאק בורגר","price":25,"vegan":true,"vegetarian":true,"image":"https://d25t2285lxl5rf.cloudfront.net/images/dishes/4276e517-cb30-4c77-b2b3-e81dc901a6b8.png","notFood":false,"drinks":false},{"name":"מיני בואנוס איירס","price":25,"vegan":true,"vegetarian":true,"image":"https://d25t2285lxl5rf.cloudfront.net/images/dishes/555f94d4-0b7d-44ab-b7a2-28abb0b30153.jpg","notFood":false,"drinks":false},{"name":"מיני טלה","price":25,"vegan":false,"vegetarian":false,"image":"https://d25t2285lxl5rf.cloudfront.net/images/dishes/e876fe72-3cab-411f-b12f-82d69f8d9293.png","notFood":false,"drinks":false},{"name":"המבורגר 220 גר'","description":"חסה,  עגבנייה , מלפפון חמוץ ובצל סגול.","price":59,"vegan":false,"vegetarian":false,"image":"https://d25t2285lxl5rf.cloudfront.net/images/dishes/04176629-c4ba-43b1-a1e0-82682e5c584f.png","notFood":false,"drinks":false},{"name":"המבורגר 330 גר'","description":"חסה,  עגבנייה , מלפפון חמוץ ובצל סגול.","price":67,"vegan":false,"vegetarian":false,"image":"https://d25t2285lxl5rf.cloudfront.net/images/dishes/c68ae82e-db84-4e8d-bd2c-d0a0df9acd7a.png","notFood":false,"drinks":false},{"name":"המבורגר פטריות ותרד","description":" המון תרד, פטריות פורטובלו ושקדים  יוצא \n   בלחמנייה מחיטה מלאה","price":51,"vegan":false,"vegetarian":false,"image":"https://d25t2285lxl5rf.cloudfront.net/images/dishes/8f1f82e4-a725-495c-a6e7-abab0e1c862b.jpg","notFood":false,"drinks":false},{"name":"T-REX","description":" 450  גרם של המבורגר מבשר בקר מוגש עם תוספת בצד לבחירה ללא עלות","price":87,"vegan":false,"vegetarian":false,"image":"https://d25t2285lxl5rf.cloudfront.net/images/dishes/d51feac9-a6e7-4b54-b416-87c677e660af.jpg","notFood":false,"drinks":false},{"name":"BLACK  MAMBA","description":" 330 גרם בלאק בורגר בלחמניה שחורה עם 2 פרוסות חציל מטוגן וערימת בצל מקורמל, פטריות שמפניון ופורטובלו ברוטב ברביקיו","price":77,"vegan":true,"vegetarian":true,"image":"https://d25t2285lxl5rf.cloudfront.net/images/dishes/06f46d51-a6cd-433f-bf50-a030cd82eb48.jpg","notFood":false,"drinks":false},{"name":"ביונד מיט 150 גר'","description":"טבעוני, הלהיט הגיע מארה\"ב, הכי דומה לדבר האמיתי","price":67,"vegan":true,"vegetarian":true,"image":"https://d25t2285lxl5rf.cloudfront.net/images/dishes/658d82b5-633f-42bc-a718-7a7c72a0091f.jpg","notFood":false,"drinks":false},{"name":"שניצל","description":"שניצל עוף עם תוספת לבחירה","price":62,"vegan":false,"vegetarian":false,"image":"https://d25t2285lxl5rf.cloudfront.net/images/dishes/70a62f36-f6b2-4152-8dbf-6b4924ff60f8.png","notFood":false,"drinks":false},{"name":"פרגית בגריל","description":"250 גרם של פרגית בגריל עם רוטב פטריות","price":69,"vegan":false,"vegetarian":false,"image":"https://d25t2285lxl5rf.cloudfront.net/images/dishes/a7dd0af1-4aec-42b5-b6b8-c048d7f2607d.jpg","notFood":false,"drinks":false},{"name":"סלט ירקות","description":"טעים ובריא עם טחינה ושמן זית, בליווי לחם לבחירה","price":45,"vegan":true,"vegetarian":true,"image":"https://d25t2285lxl5rf.cloudfront.net/images/dishes/1158c842-c014-4071-859e-294279cc33a5.jpg","notFood":false,"drinks":false},{"name":"סלט עוף ושקדים","description":"עם עלים ירוקים, מעט גזר, עגבניות שרי, כרוב אדום, בצל סגול ורוטב סילאן מעל, מוגש עם חצי לחם הבית","price":59,"vegan":false,"vegetarian":false,"image":"https://d25t2285lxl5rf.cloudfront.net/images/dishes/1abe8e5e-6e0f-4996-9039-f7b7e99a2e86.png","notFood":false,"drinks":false},{"name":"חזה עוף בפלאנצ'ה 320 גר'","description":"נתחי חזה עוף דקים עם פטריות בצל ירוק וסלט ירוק ליד","price":71,"vegan":false,"vegetarian":false,"image":"https://d25t2285lxl5rf.cloudfront.net/images/dishes/5c4b5b0d-5fc8-44e2-a590-3a79445b237f.png","notFood":false,"drinks":false},{"name":"שעועית ירוקה עדינה מוקפצת","price":17,"vegan":true,"vegetarian":true,"image":"https://d25t2285lxl5rf.cloudfront.net/images/dishes/661735ab-73f5-4393-aec3-76ff81cd6320.png","notFood":false,"drinks":false},{"name":"המבורגר","description":"המבורגר ילדים מוגש עם צ`יפס","price":39,"vegan":false,"vegetarian":false,"image":"https://d25t2285lxl5rf.cloudfront.net/images/dishes/df4d58b9-2954-42e8-8ddf-e4fbd1e4ab32.png","notFood":false,"drinks":false},{"name":"נחשים מעוף","description":"מוגש עם צ'יפס","price":39,"vegan":false,"vegetarian":false,"image":"https://d25t2285lxl5rf.cloudfront.net/images/dishes/02481dac-ed7d-41b5-800b-09a574e16d3a.png","notFood":false,"drinks":false},{"name":"אורז לבן","price":15,"vegan":true,"vegetarian":true,"image":"https://d25t2285lxl5rf.cloudfront.net/images/dishes/f5da82b5-2890-46f8-8eb4-55f382b99f5c.jpg","notFood":false,"drinks":false},{"name":"צ'יפס","price":18,"vegan":true,"vegetarian":true,"image":"https://d25t2285lxl5rf.cloudfront.net/images/dishes/912640cb-8d41-4b46-8278-a24fcb80442c.jpg","notFood":false,"drinks":false},{"name":"צ'יפס  חריף","price":18,"vegan":true,"vegetarian":true,"image":"https://d25t2285lxl5rf.cloudfront.net/images/dishes/dc784ab2-fccf-4df6-afe0-130789012d96.jpg","notFood":false,"drinks":false},{"name":"סלט ירקות קצוץ","price":17,"vegan":true,"vegetarian":true,"image":"https://d25t2285lxl5rf.cloudfront.net/images/dishes/2590f03c-7e95-4d18-9e8a-e6c0500aa5de.jpg","notFood":false,"drinks":false},{"name":"סלט ירוק","price":17,"vegan":true,"vegetarian":true,"image":"https://d25t2285lxl5rf.cloudfront.net/images/dishes/d35359a9-dfe0-460f-ab9f-ee1e273c36a4.jpg","notFood":false,"drinks":false},{"name":"שעועית ירוקה עדינה מוקפצת","price":17,"vegan":true,"vegetarian":true,"image":"https://d25t2285lxl5rf.cloudfront.net/images/dishes/02f25b60-93c9-4566-b9c5-31e614a24b3a.png","notFood":false,"drinks":false},{"name":"מים מינרליים","price":8,"vegan":true,"vegetarian":true,"notFood":false,"drinks":true},{"name":"קינלי סודה","price":9,"vegan":true,"vegetarian":true,"notFood":false,"drinks":true},{"name":"קוקה קולה","price":9,"vegan":true,"vegetarian":true,"notFood":false,"drinks":true},{"name":"פנטה","price":9,"vegan":true,"vegetarian":true,"notFood":false,"drinks":false},{"name":"ספרייט","price":9,"vegan":true,"vegetarian":true,"notFood":false,"drinks":true},{"name":"דיאט קולה","price":9,"vegan":true,"vegetarian":true,"notFood":false,"drinks":true},{"name":"ספרייט זירו","price":9,"vegan":true,"vegetarian":true,"notFood":false,"drinks":true},{"name":"קולה זירו","price":9,"vegan":true,"vegetarian":true,"notFood":false,"drinks":true},{"name":"מים בטעמים אפרסק","price":11,"vegan":true,"vegetarian":true,"notFood":false,"drinks":false},{"name":"מים בטעמים ענבים","price":11,"vegan":true,"vegetarian":true,"notFood":false,"drinks":true},{"name":"ענבים","price":11,"vegan":true,"vegetarian":true,"notFood":false,"drinks":true},{"name":"זוג פחיות קוקה קולה","price":12,"vegan":true,"vegetarian":true,"notFood":false,"drinks":true},{"name":"זוג פחיות קולה זירו","price":12,"vegan":true,"vegetarian":true,"notFood":false,"drinks":true},{"name":"שישיית פחיות קוקה קולה","price":29,"vegan":true,"vegetarian":true,"notFood":false,"drinks":true},{"name":"שישיית פחיות קולה זירו","price":29,"vegan":true,"vegetarian":true,"notFood":false,"drinks":true}]}