{"track_id":"21550","filters":["asianFusion","japaneseSushi","veganFood"],"image":"https://tenbis-static.azureedge.net/restaurant-card-image/ResCard_21550_20220705113559.jpg","address":"יצחק אבינו, 5 באר שבע","location":[34.7948181,31.2610637],"name":"אסייתיקה ","city":"באר שבע","priceAverage":39.939655172413794,"menu":[{"name":"פילה סלמון על הגריל","description":"פילה סלמון על הגריל עם תוספת לבחירה ו2 סלטים","price":65,"vegan":false,"vegetarian":false,"image":"https://d25t2285lxl5rf.cloudfront.net/images/dishes/2044996.jpg","notFood":false,"drinks":false},{"name":"מוקפץ בהרכבה אישית","description":"בחירת בסיס ( אטריות אורז/ביצים, אורז מאודה) + מגוון ירקות ","price":54,"vegan":false,"vegetarian":true,"notFood":false,"drinks":false},{"name":"באן אסאדו 2 יח","description":"זוג לחמניות מאודות עם עלי רוקט אסאדו בבישול ארוך\r\nרוטב פלדלפיה וכוסברה טריה קצוצה","price":52,"vegan":true,"vegetarian":true,"image":"https://d25t2285lxl5rf.cloudfront.net/images/dishes/9fbb4bbb-057f-462a-a54d-4fca44a10ece.jpg","notFood":false,"drinks":false},{"name":"סלמון מהגריל","description":"180 ג' פילה סלמון על הגריל עם תוספת ושני סלטים לבחירה","price":65,"vegan":false,"vegetarian":false,"notFood":false,"drinks":false},{"name":"אדממה","description":"פולי סויה חמים. בתיבול מלח גס ולימון","price":30,"vegan":true,"vegetarian":true,"image":"https://d25t2285lxl5rf.cloudfront.net/images/dishes/451f2a5a-b899-4eaf-be33-7b7be238ec76.jpg","notFood":false,"drinks":false},{"name":"אגרול צמחוני 2 יח'","description":"2 יח' אגרול סיני במילוי ירקות אסייתיים","price":25,"vegan":true,"vegetarian":true,"image":"https://d25t2285lxl5rf.cloudfront.net/images/dishes/dc8c7eb7-01df-47c6-88a4-bbc1ad4a0c79.jpg","notFood":false,"drinks":false},{"name":"אגרול עוף 2 יח","description":"2יח' אגרול עוף ממולא בעוף וירקות אסיתיים","price":28,"vegan":false,"vegetarian":false,"image":"https://d25t2285lxl5rf.cloudfront.net/images/dishes/dbaa4c64-8eb0-48fe-902b-8e045d2f35e0.jpg","notFood":false,"drinks":false},{"name":"צ'יפס","description":"צ'יפס קריספי. מוגש עם שלל רטבים","price":30,"vegan":true,"vegetarian":true,"image":"https://d25t2285lxl5rf.cloudfront.net/images/dishes/c40eeae5-87ec-4770-a831-9ce9107a5414.jpg","notFood":false,"drinks":false},{"name":"הום פרייז","description":"קוביות תפו\"א פריכות, מוקפצות בצ'ילי מתוק ","price":35,"vegan":true,"vegetarian":true,"image":"https://d25t2285lxl5rf.cloudfront.net/images/dishes/d7c4c82f-a27b-44c7-86dc-2240844c3088.jpg","notFood":false,"drinks":false},{"name":"כרובית מטוגנת","description":"כרובית מטוגנת קריספית. מוגש עם שלל רטבים","price":35,"vegan":true,"vegetarian":true,"image":"https://d25t2285lxl5rf.cloudfront.net/images/dishes/d57f4f8e-20c6-4666-b717-af80cf8f8154.jpg","notFood":false,"drinks":false},{"name":"קימצ'י- חמוצים יפניים","description":"גזר, כרוב, מלפפון ושמשום בתחמיץ יפני","price":23,"vegan":true,"vegetarian":true,"image":"https://d25t2285lxl5rf.cloudfront.net/images/dishes/aaaad4f1-9a59-4a5b-bf01-0486e697bfc6.jpg","notFood":false,"drinks":false},{"name":"קערת חמוצי הבית","price":18,"vegan":true,"vegetarian":true,"image":"https://d25t2285lxl5rf.cloudfront.net/images/dishes/67e9d253-ba23-42b5-9b1b-c52985f59b66.jpg","notFood":false,"drinks":false},{"name":"שניצלוני אסייתיקה","description":"300 שניצלונים קריספיים. מוגש עם שלל רטבים \n","price":35,"vegan":false,"vegetarian":false,"image":"https://d25t2285lxl5rf.cloudfront.net/images/dishes/aa2cbec3-0307-4afd-8d19-fc7583ac0d48.jpg","notFood":false,"drinks":false},{"name":"רצועות בטמפורה","description":" 300 ג'  רצועות עוף עטופות טמפורה מוגשות לצד רוטב טריאקי וספייסי מיונז ","price":35,"vegan":false,"vegetarian":false,"image":"https://d25t2285lxl5rf.cloudfront.net/images/dishes/dfc8427e-e578-40af-8a0d-56b204fe03e6.jpg","notFood":false,"drinks":false},{"name":"כדורי עוף צ'ילי ודבש","description":"8 יח' כדורי עוף בטמפורה, מוקפצים עם אננס, פלפלים בצבעים וצ'ילי מתוק","price":38,"vegan":false,"vegetarian":false,"image":"https://d25t2285lxl5rf.cloudfront.net/images/dishes/e9b3ec73-436d-4106-97dd-e2127ef4ff37.jpg","notFood":false,"drinks":false},{"name":"גיוזה עוף","description":"4 יח גיוזה בצק מטוגנים במילוי עוף","price":28,"vegan":false,"vegetarian":false,"image":"https://d25t2285lxl5rf.cloudfront.net/images/dishes/cb78e313-c1b7-4b2e-b320-251e801d16ac.jpg","notFood":false,"drinks":false},{"name":"גיוזה בטטה","description":"4 יח גיוזה בצק מטוגנים במילוי  בטטה","price":28,"vegan":true,"vegetarian":true,"image":"https://d25t2285lxl5rf.cloudfront.net/images/dishes/76adfb92-65aa-453a-ab1b-a8a9a7890e36.jpg","notFood":false,"drinks":false},{"name":"גיוזה פטריות","description":"4 יח גיוזה בצק מטוגנים או מאודים במילוי פטריות","price":28,"vegan":true,"vegetarian":true,"image":"https://d25t2285lxl5rf.cloudfront.net/images/dishes/c580c69e-8617-43f9-85e1-75c046021888.jpg","notFood":false,"drinks":false},{"name":"גיוזה עוף פקאן פטריות","description":"4 יח גיוזה בצק מטוגנים או מאודים  במילוי עוף ופקאן","price":30,"vegan":false,"vegetarian":false,"image":"https://d25t2285lxl5rf.cloudfront.net/images/dishes/c1b13b21-1670-45b8-9213-d5369054df68.jpg","notFood":false,"drinks":false},{"name":"גיוזה בקר","description":"4 יח גיוזה בצק מטוגנים או מאודים במילוי בקר טחון","price":30,"vegan":false,"vegetarian":false,"image":"https://d25t2285lxl5rf.cloudfront.net/images/dishes/ec2e4d39-57da-45f5-ac69-9d13f9787c11.jpg","notFood":false,"drinks":false},{"name":"גיוזה ירקות אדממה","description":"4 יח גיוזה בצק מטוגנים או מאודים  במילוי ירקות ואדממה","price":28,"vegan":true,"vegetarian":true,"notFood":false,"drinks":false},{"name":"פיש אנד צ'יפס","description":"רצועות פילה דג מצופות בטמפורה עם צ'יפס קריספי .\r\nמוגש עם רוטב ספייסי מיונז ופלח לימון","price":45,"vegan":false,"vegetarian":false,"notFood":false,"drinks":false},{"name":"סלט אצות","description":"מלפפון, נבטים, בצל ירוק ואצות וואקמה ברוטב אסייתי חמצמץ. ","price":24,"vegan":true,"vegetarian":true,"image":"https://d25t2285lxl5rf.cloudfront.net/images/dishes/e731cf76-6540-4970-9775-1b955f3f9821.jpg","notFood":false,"drinks":false},{"name":"סלט כרוב תאילנדי","description":"כרוב לבן, כרוב סגול וגזר עם בוטני קלויים מעל (מוגש כמה ראשונה ללא תוספת)","price":24,"vegan":true,"vegetarian":true,"image":"https://d25t2285lxl5rf.cloudfront.net/images/dishes/dc3ca280-5903-4cce-b6a5-83eb6042d015.jpg","notFood":false,"drinks":false},{"name":"סלט אואזיס","description":"כרוב לבן, כרוב סגול, נענע, כוסברה, בזיליקום, צנונית, נבטים ברוטב אסייתי ושמן שומשום","price":52,"vegan":true,"vegetarian":true,"image":"https://d25t2285lxl5rf.cloudfront.net/images/dishes/12268e9f-e0be-4356-8070-41b13fc6e9fc.jpg","notFood":false,"drinks":false},{"name":"סלט פקאן אסייתי","description":"כרוב לבן, מלפפונים, פטריות, בזיליקום ופקאן ברוטב מיונז וג'ינג'ר","price":52,"vegan":false,"vegetarian":true,"image":"https://d25t2285lxl5rf.cloudfront.net/images/dishes/cb13f20d-51cd-4e89-8c45-48db18720301.jpg","notFood":false,"drinks":false},{"name":"סלט בריאות","description":"חסה ערבית, עגבניות שרי, מלפפון, בצל סגול ופלפלים בצבעים עם חזה עוף ברוטב שמן זית ולימון","price":52,"vegan":false,"vegetarian":false,"image":"https://d25t2285lxl5rf.cloudfront.net/images/dishes/3cc57058-c3d7-4223-8053-61e2e867e19b.jpg","notFood":false,"drinks":false},{"name":"נודלס צ'יקן","description":"אטריות ביצים מוקפצות עם נתחי עוף, כרוב, גזר, פטריות, שום ברוטב טריאקי","price":54,"vegan":false,"vegetarian":false,"image":"https://d25t2285lxl5rf.cloudfront.net/images/dishes/5b30cc87-7bf5-4f65-aeda-ec695fc882ef.jpg","notFood":false,"drinks":false},{"name":"נודלס תאי","description":"אטריות ביצים מוקפצות עם נתחי עוף / אנטריקוט , כרוב, תירס גמדי, פלפלים בצבעים ופטריות ברוטב טריאקי וצילי חריף","price":54,"vegan":false,"vegetarian":false,"image":"https://d25t2285lxl5rf.cloudfront.net/images/dishes/a301c7b7-def8-4720-a314-695703e08a55.jpg","notFood":false,"drinks":false},{"name":"נודלס צ'יקן קארי ירוק","description":"אטריות ביצים מוקפצות עם נתחי עוף, שעועית ירוקה, בצל סגול, בצל ירוק וכרוב ברוטב קארי ירוק פיקנטי על בסיס קרם קוקוס","price":56,"vegan":false,"vegetarian":false,"image":"https://d25t2285lxl5rf.cloudfront.net/images/dishes/d0de5e9a-b242-4c2a-8e96-c6ffed6bb0fb.jpg","notFood":false,"drinks":false},{"name":"נודלס צ'יקן קארי אדום","description":"אטריות ביצים מוקפצות עם נתחי עוף \\אנטריקוט, כרוב, בצל סגול, גמבות צבעוניות, תירס גמדי ברוטב קארי אדום פיקנטי על בסיס קרם קוקוס","price":56,"vegan":false,"vegetarian":false,"image":"https://d25t2285lxl5rf.cloudfront.net/images/dishes/a2047f3a-f6bf-48b5-9b26-919b2d8cf4a7.jpg","notFood":false,"drinks":false},{"name":"נודלס סויס","description":"אטריות ביצים מוקפצות עם נתחי עוף / אנטריקוט, בצל ירוק, בצל סגול, נבטים, גזר ושברי בוטנים קלויים ברוטב סויה וטריאקי","price":58,"vegan":false,"vegetarian":false,"image":"https://d25t2285lxl5rf.cloudfront.net/images/dishes/9816bb78-d51c-4eee-ba12-be110451a405.jpg","notFood":false,"drinks":false},{"name":"נודלס בנקוק","description":"אטריות ביצים מוקפצות עם בקר טחון, כרוב, בצל סגול, בצל ירוק וגזר ברוטב אסייתי","price":59,"vegan":false,"vegetarian":false,"image":"https://d25t2285lxl5rf.cloudfront.net/images/dishes/2ff4b815-ca4d-46cb-be3b-7c7f2778278b.jpg","notFood":false,"drinks":false},{"name":"פאד תאי","description":"אטריות אורז מוקפצות עם נתחי עוף / אנטריקוט , כרוב, גזר, שעועית ירוקה, שברי בוטנים קלויים","price":59,"vegan":false,"vegetarian":false,"image":"https://d25t2285lxl5rf.cloudfront.net/images/dishes/cf6847db-3cc3-4918-af5a-2df2048d67d0.jpg","notFood":false,"drinks":false},{"name":"צ'יקן קוקוס","description":"אטריות אורז מוקפצות עם נתחי עוף, כרוב, גזר, בצל סגול ושעועית ירוקה ברוטב קרם קוקוס וקוקוס טחון מעל","price":54,"vegan":false,"vegetarian":false,"image":"https://d25t2285lxl5rf.cloudfront.net/images/dishes/0d066849-a815-44ab-9907-4de16fd2b2b9.jpg","notFood":false,"drinks":false},{"name":"ביף צ'או צ'או","description":"אטריות אורז מוקפצות עם נתחי אנטריקוט, פלפלים חריפים, בצל ירוק, בצל סגול וכרוב ברוטב צ'ילי חריף","price":58,"vegan":false,"vegetarian":false,"image":"https://d25t2285lxl5rf.cloudfront.net/images/dishes/2515f2b3-13b2-45f9-a00a-5b38bd12e28e.jpg","notFood":false,"drinks":false},{"name":"מקאו","description":"אטריות אורז מוקפצות עם בשר בקר טחון טרי , כרוב, תירס גמדי, בצל סגול ופטריות ברוטב אסייתי","price":59,"vegan":false,"vegetarian":false,"image":"https://d25t2285lxl5rf.cloudfront.net/images/dishes/5cf2de34-caa0-4a80-8981-20709bca017c.jpg","notFood":false,"drinks":false},{"name":"שנגחאי","description":"בשר קר טחון טרי קצוץ עם פלפל חריף, פלפלים בצבעים, מוגש על אורז מאודה וביצת עין מעל","price":62,"vegan":false,"vegetarian":false,"image":"https://d25t2285lxl5rf.cloudfront.net/images/dishes/1ba62dd3-8fdd-43e4-998c-d30f6191268b.jpg","notFood":false,"drinks":false},{"name":"אסייתיקה סצ'ואן","description":"נתחי עוף / אנטריקוט מוקפצות עם בצל ירוק, בצל סגול, גזר ושעועית ירוקה  על מצע אורז מאודה ברוטב צ'ילי חריף","price":54,"vegan":false,"vegetarian":false,"image":"https://d25t2285lxl5rf.cloudfront.net/images/dishes/468b839f-1b66-452b-a277-cff397fe480e.jpg","notFood":false,"drinks":false},{"name":"רייס צ'יקן קארי","description":"נתחי עוף\\ אנטריקוט, כרוב, בצל סגול, בבל ירוק וגזר מוקפץ עם אורז מאודה ברוטב קארי אדום פיקנטי על בסיס קרם קוקוס","price":54,"vegan":false,"vegetarian":false,"image":"https://d25t2285lxl5rf.cloudfront.net/images/dishes/15d12496-e3da-4d8e-a38d-c07fd1889cca.jpg","notFood":false,"drinks":false},{"name":"הירוקה","description":"אטריות תרד ירוקות מוקפצות עם ברוקולי, שעועית ירוקה, בצל ירוק ופטריות ברוטב קארי ירוק פיקנטי וכוסברה מעל. על בסיס חלב קוקוס","price":55,"vegan":true,"vegetarian":true,"image":"https://d25t2285lxl5rf.cloudfront.net/images/dishes/a2c678d2-d17e-4689-89ed-8bfb9ec3a287.jpg","notFood":false,"drinks":false},{"name":"האדומה","description":"אטריות סלק מוקפצות עם חציל, סלק אדום טרי, בצל ירוק, כרוב לבן ובצל סגול ברוטב תאילנדי מתקתק","price":55,"vegan":true,"vegetarian":true,"image":"https://d25t2285lxl5rf.cloudfront.net/images/dishes/5fb5c6f9-f1f3-4576-ba65-4db4094bd91e.jpg","notFood":false,"drinks":false},{"name":"אטריות אורז","description":"מוקפצות עם כרוב, גזר, נבטים, בצל ירוק ותירס גמדי ברוטב טריאקי","price":49,"vegan":true,"vegetarian":true,"image":"https://d25t2285lxl5rf.cloudfront.net/images/dishes/6699cfd6-b3e8-4614-a5e3-43c021bf8ae3.jpg","notFood":false,"drinks":false},{"name":"אטריות ביצים","description":"מוקפצות עם כרוב, פלפלים בשלל צבעים, תירס גמדי, בצל סגול ופטריות ברוטב טריאקי","price":49,"vegan":false,"vegetarian":true,"image":"https://d25t2285lxl5rf.cloudfront.net/images/dishes/b5a0965e-cb07-4750-81fb-184d7cbb3119.jpg","notFood":false,"drinks":false},{"name":"ריינבואו סושי רול o/i","description":"טונה אדומה, מלפפון, גזר, עטוף שבבי בטטה  אבוקדו וסלומון טרי","price":45,"vegan":false,"vegetarian":false,"image":"https://d25t2285lxl5rf.cloudfront.net/images/dishes/dc5436c6-ea53-4016-aa06-b4c27bf979ff.jpg","notFood":false,"drinks":false},{"name":"קיוטו רול o/i","description":"סלמון טרי, בטטה, בצל ירוק, מלפפון עטוף אבוקדו","price":45,"vegan":false,"vegetarian":false,"image":"https://d25t2285lxl5rf.cloudfront.net/images/dishes/de22eef8-3c9a-41bd-82ad-492bf981db04.jpg","notFood":false,"drinks":false},{"name":"אוסקה רול o/i","description":"טונה אדומה, בטטה, אבוקדו וגזר עטוף בסלמון טרי","price":45,"vegan":false,"vegetarian":false,"image":"https://d25t2285lxl5rf.cloudfront.net/images/dishes/bcf5d07b-afa3-48e3-8bcb-f0063c89e855.jpg","notFood":false,"drinks":false},{"name":"פילדלפיה סושי רול i/o","description":"סלמון טרי מלפפון, בצל ירוק, פקאן, עטוף שמנת צמחית וקוויאר כתום","price":45,"vegan":false,"vegetarian":false,"image":"https://d25t2285lxl5rf.cloudfront.net/images/dishes/2e1344a9-9512-4f1c-a8af-ced343ad9cea.jpg","notFood":false,"drinks":false},{"name":"פיקנו סושי רול o/i","description":"סלמון אפוי טונה אדומה, בצל ירוק, אבוקדו עטוף טמאגו ופקאן","price":45,"vegan":false,"vegetarian":false,"image":"https://d25t2285lxl5rf.cloudfront.net/images/dishes/042bb155-2daf-46d6-ae04-08291764ba69.jpg","notFood":false,"drinks":false},{"name":"הירושימה רול o/i","description":"סלמון טרי, בצל ירוק ופטריות שיטאקי, עטוף שבבי בטטה וטריאקי מתקתק","price":45,"vegan":false,"vegetarian":false,"image":"https://d25t2285lxl5rf.cloudfront.net/images/dishes/f739bb48-51ec-4df8-8dfa-f8cd187865e9.jpg","notFood":false,"drinks":false},{"name":"במבה  סושי רול o/i","description":"סלמון טרי, קנפיו, בצל ירוק וחמאת בוטנים עטוף בבמבה","price":45,"vegan":false,"vegetarian":false,"image":"https://d25t2285lxl5rf.cloudfront.net/images/dishes/8ca518b9-8646-4192-a2a6-f4b877ce263a.jpg","notFood":false,"drinks":false},{"name":"ווגאס  סושי רול o/i","description":"סלמון טרי ,בצל ירוק,  עטוף בטטה וטוביקו שחור ועירית קצוצה","price":45,"vegan":false,"vegetarian":false,"image":"https://d25t2285lxl5rf.cloudfront.net/images/dishes/8ea5abfc-3914-4ff1-a11e-a9dfe002d422.jpg","notFood":false,"drinks":false},{"name":"סלמון סושי רול o/i","description":"סלמון אפוי, מלפפון, אבוקדו, שיטאקי, עטוף סלמון צרוב ונגיעות סרירצ'ה חריף אש","price":45,"vegan":false,"vegetarian":false,"image":"https://d25t2285lxl5rf.cloudfront.net/images/dishes/88f0fe15-612f-4135-97ed-20379ae8ea60.jpg","notFood":false,"drinks":false},{"name":"סלמון גריל סושי רול o/i","description":"מלפפון, אבוקדו, בטטה, עטוף בסלמון צרוב וטריאקי מתקתק","price":45,"vegan":false,"vegetarian":false,"image":"https://d25t2285lxl5rf.cloudfront.net/images/dishes/23acd7d5-4e3e-414d-ad8b-b041f8a251e7.jpg","notFood":false,"drinks":false},{"name":"סאווה רול","description":"סלמון טרי, אבוקדו, פטריות שיטאקי במעטפת סלמון  צרוב וסלייסים של לימון","price":55,"vegan":false,"vegetarian":false,"image":"https://d25t2285lxl5rf.cloudfront.net/images/dishes/2c6d4d98-060f-4ed5-8fee-6e96bac93845.jpg","notFood":false,"drinks":false},{"name":"סא מון רול","description":"ספייסי סלמון, אבוקדו ובטטה במעטפת סלמון צרוב, שבבי בטטה ועירית קצוצה","price":55,"vegan":false,"vegetarian":false,"image":"https://d25t2285lxl5rf.cloudfront.net/images/dishes/991f9596-38a7-48a0-ad23-848105bd42f0.jpg","notFood":false,"drinks":false},{"name":"סאקו סאקו רול","description":"סלמון  אפוי, מלפפון ובצל ירוק במעטפת אבוקדו ושבבי בטטה בזליוף טריאקי","price":55,"vegan":false,"vegetarian":false,"image":"https://d25t2285lxl5rf.cloudfront.net/images/dishes/4d225f40-4818-4c76-8b0d-d5db8da9740d.jpg","notFood":false,"drinks":false},{"name":"יאסי רול","description":"ספייסי טונה, מלפפון ובצל ירוק עטוף ספייסי מיונז פקאן סיני וקדאיף ירוק","price":55,"vegan":false,"vegetarian":false,"image":"https://d25t2285lxl5rf.cloudfront.net/images/dishes/5b6b9adf-8959-4a25-978a-7fe0f2cac81d.jpg","notFood":false,"drinks":false},{"name":"קרייזי רול","description":"סלמון טרי, בטטה, בצל ירוק ומלפפון, עטוף איולי טגארשי פיקנטי ופרוסות שקד קראנצ'י","price":55,"vegan":false,"vegetarian":false,"image":"https://d25t2285lxl5rf.cloudfront.net/images/dishes/bfbf676e-f0f6-417c-9d05-37655afb1388.jpg","notFood":false,"drinks":false},{"name":"ספיידר רול","description":"ספייסי סלמון פטריות שיטאקי, בצל ירוק עטוף אבוקדו וטוביקו כתום","price":55,"vegan":false,"vegetarian":false,"image":"https://d25t2285lxl5rf.cloudfront.net/images/dishes/2c49d14e-67a3-43d1-8e1f-3263a0e86f22.jpg","notFood":false,"drinks":false},{"name":"דרגון רול","description":"סלמון אפוי, בצל ירוק, שמנת צמחית ומלפפון עטוף איולי ספיסי, קדאיף ירוק ופתיתי טמפורה צהובה","price":55,"vegan":false,"vegetarian":false,"image":"https://d25t2285lxl5rf.cloudfront.net/images/dishes/7f8b5fc0-2738-436c-8dac-be052c39ad1b.jpg","notFood":false,"drinks":false},{"name":"קאריבי רול","description":"סלמון טרי, אבוקדו, בצל ירוק ופתיתי טמפורה, מעל טונה קצוצה בתיבול איולי טגארשי פיקנטי","price":55,"vegan":false,"vegetarian":false,"image":"https://d25t2285lxl5rf.cloudfront.net/images/dishes/df94394a-87f2-4fb9-99d4-635996103c08.jpg","notFood":false,"drinks":false},{"name":"יאמי רול","description":"מלפפון, אבוקדו ובטטה עטוף סלמון טרי קוקוס קלואי ושבבי סלק אדום","price":55,"vegan":false,"vegetarian":false,"image":"https://d25t2285lxl5rf.cloudfront.net/images/dishes/24afc7ed-777f-4c8e-8b3a-11710f95d36e.jpg","notFood":false,"drinks":false},{"name":"טוקיו סלמון סושי רול","description":"סלמון טרי , מלפפון, טמאגו, אבוקדו ואצה בחוץ","price":41,"vegan":false,"vegetarian":false,"image":"https://d25t2285lxl5rf.cloudfront.net/images/dishes/7b6a7a72-052c-4f73-8fff-ebccac01459f.jpg","notFood":false,"drinks":false},{"name":"ימגוצ'י סלמון סושי רול o/i","description":"סלמון טרי, בטטה, אבוקדו וקמפיו, עטוף פתיתי טמפורה","price":41,"vegan":false,"vegetarian":false,"image":"https://d25t2285lxl5rf.cloudfront.net/images/dishes/cae128b6-04fe-480c-98ae-8ced06b8fa33.jpg","notFood":false,"drinks":false},{"name":"ציבה סלמון סושי רול","description":"סלמון, בטטה, אבוקדו, בצל ירוק ואצה בחוץ","price":41,"vegan":false,"vegetarian":false,"image":"https://d25t2285lxl5rf.cloudfront.net/images/dishes/5a0d4333-fc44-4cfc-9b0f-915b88933924.jpg","notFood":false,"drinks":false},{"name":"פנקו סלמון סושי רול o/i","description":"סלמון אפוי, שמנת צמחית, מלפפון ובצל ירוק עטוף פתיתי טמפורה","price":41,"vegan":false,"vegetarian":false,"image":"https://d25t2285lxl5rf.cloudfront.net/images/dishes/2235467e-30eb-4e91-af07-4cbc1885556b.jpg","notFood":false,"drinks":false},{"name":"ספייסי טונה סושי רול o/i","description":"ספייסי טונה, מלפפון, בצל ירוק, עטוף שמשום קלוי","price":41,"vegan":false,"vegetarian":false,"image":"https://d25t2285lxl5rf.cloudfront.net/images/dishes/4ba3251c-b1ff-4df3-81f6-6f38aa289d81.jpg","notFood":false,"drinks":false},{"name":"ספייסי סלמון סושי רול o/i","description":"ספייסי סלמון, בצל ירוק, אבוקדו, קנפיו, עטוף שומשום קלוי","price":41,"vegan":false,"vegetarian":false,"image":"https://d25t2285lxl5rf.cloudfront.net/images/dishes/f6c77134-eaf8-481a-afc4-59ca4ae009ca.jpg","notFood":false,"drinks":false},{"name":"טוקושימה סלמון סושי רול","description":"אצה בחוץ, סלמון טרי, שמנת צמחית, אבוקדו, טמאגו, בטמפורה","price":42,"vegan":false,"vegetarian":false,"image":"https://d25t2285lxl5rf.cloudfront.net/images/dishes/b9621733-8a17-4eae-bc7c-9eff48af833e.jpg","notFood":false,"drinks":false},{"name":"פוקואוקה סלמון סושי רול","description":"אצה בחוץ, סלמון טרי ,בטטה וקמפיו בטמפורה","price":42,"vegan":false,"vegetarian":false,"image":"https://d25t2285lxl5rf.cloudfront.net/images/dishes/5cb9416f-94a4-42d0-bc4a-2a247246e403.jpg","notFood":false,"drinks":false},{"name":"נגויה סלמון סושי רול o/i","description":"סלמון טרי, אבוקדו ובצל ירוק בטמפורה","price":42,"vegan":false,"vegetarian":false,"image":"https://d25t2285lxl5rf.cloudfront.net/images/dishes/aad7e43e-54bd-4d79-b4b8-44e569b82c1f.jpg","notFood":false,"drinks":false},{"name":"אסייתיקה סלמון סושי רול","description":"אצה בחוץ, סלמון טרי, בצל ירוק, שיטאקי, אבוקדו, בטמפורה","price":42,"vegan":false,"vegetarian":false,"image":"https://d25t2285lxl5rf.cloudfront.net/images/dishes/2a7d3729-03d2-437a-b505-e19441cd3291.jpg","notFood":false,"drinks":false},{"name":"אושינקו סלמון סושי רול o/i","description":"סלמון טרי, קנפיו, בצל ירוק, חמאת בוטנים בטמפורה","price":42,"vegan":false,"vegetarian":false,"image":"https://d25t2285lxl5rf.cloudfront.net/images/dishes/8f2bb987-06f1-4514-bfac-e9bb81fbb01a.jpg","notFood":false,"drinks":false},{"name":"דה וויצי סאן","description":"סנדוויץ' פוטו בטמפורה במילוי סלמון טרי אבוקדו ושמנת צמחית","price":45,"vegan":false,"vegetarian":false,"notFood":false,"drinks":false},{"name":"פצ'ינקו סושי רול o/i","description":"פטריות שיטאקי, גזר, בצל ירוק, בטטה, עטוף פתיתי טמפורה","price":38,"vegan":true,"vegetarian":true,"image":"https://d25t2285lxl5rf.cloudfront.net/images/dishes/d35ab85e-ea9d-48b5-bda4-bb238c8435c0.jpg","notFood":false,"drinks":false},{"name":"פוגי סושי רול","description":"אבוקדו, בטטה, בצל ירוק ומלפפון ואצה בחוץ","price":38,"vegan":true,"vegetarian":true,"image":"https://d25t2285lxl5rf.cloudfront.net/images/dishes/2606a6cb-f546-47bb-8bf7-74b36acbc237.jpg","notFood":false,"drinks":false},{"name":"i/o רול סושי הוקאידו","description":"אבוקדו, בטטה, קנפיו ומלפפון עטוף פתיתי טמפורה","price":38,"vegan":true,"vegetarian":true,"image":"https://d25t2285lxl5rf.cloudfront.net/images/dishes/b39d6344-b6fc-4663-b22f-7759bf0b9fa2.jpg","notFood":false,"drinks":false},{"name":"i/o רול סושי שיקוקו","description":"אבוקדו, טמאגו, פטריות שיטאקי ומלפפון עטוף שבבי בטטה","price":40,"vegan":false,"vegetarian":true,"image":"https://d25t2285lxl5rf.cloudfront.net/images/dishes/4a10b34e-06bd-47d1-9f6d-7c7b576f2a4b.jpg","notFood":false,"drinks":false},{"name":"מאקי 2 סוגי ירקות","price":23,"vegan":true,"vegetarian":true,"image":"https://d25t2285lxl5rf.cloudfront.net/images/dishes/9766f7b3-f42f-476a-9093-de82191b4af7.jpg","notFood":false,"drinks":false},{"name":"מאקי דג וירק לבחירה","price":27,"vegan":false,"vegetarian":false,"image":"https://d25t2285lxl5rf.cloudfront.net/images/dishes/ad11c169-8eb3-4cd4-b161-1f67a932741e.jpg","notFood":false,"drinks":false},{"name":"סושי סנדוויץ' 3 סוגי ירקות (הרכבה עצמית)","price":38,"vegan":true,"vegetarian":true,"image":"https://d25t2285lxl5rf.cloudfront.net/images/dishes/1cd9dd06-6f60-405b-86fb-78bf680a028a.jpg","notFood":false,"drinks":false},{"name":"סושי סנדוויץ' דג + 2 סוגי ירקות (הרכבה עצמית)","price":42,"vegan":false,"vegetarian":false,"image":"https://d25t2285lxl5rf.cloudfront.net/images/dishes/8968d297-e606-425f-84ac-e667e7121bb2.jpg","notFood":false,"drinks":false},{"name":"סושי רול צמחוני בהרכבה","description":"(3 סוגי ירקות לבחירה)","price":35,"vegan":true,"vegetarian":true,"notFood":false,"drinks":false},{"name":"סושי רול דג בהרכבה","description":"(דג + 2 סוגי ירקות)","price":39,"vegan":false,"vegetarian":false,"notFood":false,"drinks":false},{"name":"ניגירי צמחוני","price":21,"vegan":true,"vegetarian":true,"image":"https://d25t2285lxl5rf.cloudfront.net/images/dishes/1f2fcd89-8b66-4f26-97d5-a2ac0d6ed83a.jpg","notFood":false,"drinks":false},{"name":"ניגירי דג","description":"2 יח'","price":24,"vegan":false,"vegetarian":false,"image":"https://d25t2285lxl5rf.cloudfront.net/images/dishes/03030dc2-c6ff-47e4-9431-2465bba1d708.jpg","notFood":false,"drinks":false},{"name":"קומבינציה צמחונית","description":"רול פוג'י - אצה בחוץ, אבוקדו, בטטה, בצל ירוק, מלפפון\r\nרול שיקוקו (ios - (אבוקדו, טמאגו, שיטאקי ומלפפון עטוף בטטה","price":70,"vegan":false,"vegetarian":true,"image":"https://d25t2285lxl5rf.cloudfront.net/images/dishes/fcd704cc-2ac9-4f3e-805a-fa0095b20713.jpg","notFood":false,"drinks":false},{"name":"קומבינציה יחיד","description":"רול קיוטו (ios - (סלמון, בטטה , בצל ירוק, מלפפון עטוף אבוקדו,\nרול פצ'ינקו (ios - (פיטריות שיטאקי, גזר, בצל ירוק, בטטה , עטוף פתיתי טמפורה","price":74,"vegan":false,"vegetarian":false,"image":"https://d25t2285lxl5rf.cloudfront.net/images/dishes/a423d292-cbba-412a-bff2-8b8092a99daf.jpg","notFood":false,"drinks":false},{"name":"קומבינציית קראנצ'י","description":"פוקואוקה רול - אצה בחוץ, סלמון, בטטה, קנפיו, בטמפורה.\r\nנגויה רול- (O/I (סלמון, אבוקדו, בצל ירוק, בטמפורה.\r\nאסייתיקה רול - אצה בחוץ, סלמון, בצל ירוק, שיטאקי, אבוקדו בטמפורה","price":113,"vegan":false,"vegetarian":false,"image":"https://d25t2285lxl5rf.cloudfront.net/images/dishes/43ca2b2a-22b9-4802-ae45-8032a73b18f3.jpg","notFood":false,"drinks":false},{"name":"קומבינציה זוגית","description":"טוקיו רול - אצה בחוץ,סלמון, מלפפון, טמאגו, אבוקדו\r\nימאגוצי - (o/i (סלמון, בטטה, אבוקדו, קנפיו, עטוף פנקו\r\nהירושימה - (o/i (סלמון שיטאקי, בצל ירוק עטוף בטטה וטריאקי מתקתק\r\n2יח' ניגרי סלמון וטונה אדומה","price":134,"vegan":false,"vegetarian":false,"image":"https://d25t2285lxl5rf.cloudfront.net/images/dishes/8b6cb380-40d0-4213-8994-c3bd5f9f67a8.jpg","notFood":false,"drinks":false},{"name":"קומבינציה ספשייל","description":"רול אוסקה (o/i - (טונה אדומה, בטטה , אבוקדו, גזר, עטוף סלמון טרי\r\nוגאס - (o/i (סלמון, בצל ירוק, קנפיו, עטוף בטטה וטוביקו שחור\r\nקיוטו - (o/i (סלמון, בטטה, בצל ירוק, מלפפון, עטוף אבוקדו\r\nבמבה רול (ios - (סלמון, קנפיו, בצל ירוק, חמאת בוטנים, עטוף במבה","price":162,"vegan":false,"vegetarian":false,"image":"https://d25t2285lxl5rf.cloudfront.net/images/dishes/6cb7b348-7282-46e4-ac53-f15e25e36c3b.jpg","notFood":false,"drinks":false},{"name":"בלינצ'ס שוקולד","description":"2 יח' סיגר בלינצ'ס שוקולד ובוטנים מעל","price":35,"vegan":false,"vegetarian":false,"image":"https://d25t2285lxl5rf.cloudfront.net/images/dishes/ecdd6be8-def6-486f-affc-3fe7dd9c0de9.jpg","notFood":false,"drinks":false},{"name":"באן חלווה","description":"3 יח' לחמנייה קריספית במילוי חלווה, בזילוף מייפל בוטנים וקוקוס","price":35,"vegan":true,"vegetarian":true,"image":"https://d25t2285lxl5rf.cloudfront.net/images/dishes/20bed189-b08e-469c-a377-7d0986a94c90.jpg","notFood":false,"drinks":false},{"name":"סושי שוקולד ווניל","description":" מגיע עם שוקולד ובוטנים מעל","price":35,"vegan":false,"vegetarian":true,"image":"https://d25t2285lxl5rf.cloudfront.net/images/dishes/1a2c5422-0390-4390-8568-13cc9d2abd2a.jpg","notFood":false,"drinks":false},{"name":"סויה","price":1,"vegan":true,"vegetarian":true,"notFood":false,"drinks":false},{"name":"טריאקי","price":1,"vegan":true,"vegetarian":true,"notFood":false,"drinks":false},{"name":"ספייסי מיונז","price":1,"vegan":false,"vegetarian":true,"notFood":false,"drinks":false},{"name":"ג'ינג'ר","price":1,"vegan":true,"vegetarian":true,"notFood":false,"drinks":false},{"name":"וואסבי","price":1,"vegan":true,"vegetarian":true,"notFood":false,"drinks":false},{"name":"מירנדה","price":11,"vegan":true,"vegetarian":true,"notFood":false,"drinks":false},{"name":"נסטי","price":11,"vegan":true,"vegetarian":true,"notFood":false,"drinks":true},{"name":"קולה","price":11,"vegan":true,"vegetarian":true,"notFood":false,"drinks":true},{"name":"קולה זירו","price":11,"vegan":true,"vegetarian":true,"notFood":false,"drinks":true},{"name":"בירה שחורה","price":11,"vegan":true,"vegetarian":true,"notFood":false,"drinks":true},{"name":"7UP","price":11,"vegan":true,"vegetarian":true,"notFood":false,"drinks":false},{"name":"7UP  זירו","price":11,"vegan":true,"vegetarian":true,"notFood":false,"drinks":false},{"name":"מים מינרלים","price":9,"vegan":true,"vegetarian":true,"notFood":false,"drinks":false},{"name":"מים ענבים","price":11,"vegan":true,"vegetarian":true,"notFood":false,"drinks":true},{"name":"תפוזים","price":11,"vegan":true,"vegetarian":true,"notFood":false,"drinks":false},{"name":"אשכוליות","price":11,"vegan":true,"vegetarian":true,"notFood":false,"drinks":false},{"name":"ענבים","price":11,"vegan":true,"vegetarian":true,"notFood":false,"drinks":true},{"name":"סודה","price":9,"vegan":true,"vegetarian":true,"notFood":false,"drinks":true},{"name":"הייניקן בקבוק","price":16,"vegan":true,"vegetarian":true,"notFood":false,"drinks":true},{"name":"גולדסטאר בקבוק","price":16,"vegan":true,"vegetarian":true,"notFood":false,"drinks":true},{"name":"סטרונגבו בקבוק","price":16,"vegan":true,"vegetarian":true,"notFood":false,"drinks":true}]}