{"track_id":"21593","filters":["humus","veganFood"],"image":"https://tenbis-static.azureedge.net/restaurant-default-card-image/CuzineType_hummus_02.jpg","address":"אחוזה, 124 רעננה","location":[34.87399389999999,32.1808257],"name":"נפגשים אצל אסי בחומוסיה ","city":"כפר סבא","priceAverage":14.703703703703704,"menu":[{"name":"חומוס פול","price":28,"vegan":true,"vegetarian":true,"notFood":false,"drinks":false},{"name":"חומוס מסבחה","price":28,"vegan":true,"vegetarian":true,"notFood":false,"drinks":false},{"name":"חומוס חצילים","price":28,"vegan":true,"vegetarian":true,"notFood":false,"drinks":false},{"name":"חומוס פטריות","price":28,"vegan":true,"vegetarian":true,"notFood":false,"drinks":false},{"name":"חומוס שקשוקה","price":28,"vegan":true,"vegetarian":true,"notFood":false,"drinks":false},{"name":"שקשוקה","price":30,"vegan":true,"vegetarian":true,"notFood":false,"drinks":false},{"name":"הסלט של אסי","price":28,"vegan":true,"vegetarian":true,"notFood":false,"drinks":false},{"name":"חצי קילו חומוס","price":20,"vegan":true,"vegetarian":true,"notFood":false,"drinks":false},{"name":"רבע קילו חומוס","price":12,"vegan":true,"vegetarian":true,"notFood":false,"drinks":false},{"name":"רבע קילו חצילים","price":12,"vegan":true,"vegetarian":true,"notFood":false,"drinks":false},{"name":"רבע קילו פטריות","price":15,"vegan":true,"vegetarian":true,"notFood":false,"drinks":false},{"name":"רבע קילו זיתים","price":12,"vegan":true,"vegetarian":true,"notFood":false,"drinks":false},{"name":"רבע קילו שקשוקה","price":12,"vegan":true,"vegetarian":true,"notFood":false,"drinks":false},{"name":"מנת פלאפל","price":15,"vegan":true,"vegetarian":true,"notFood":false,"drinks":false},{"name":"חצי מנה פלאפל","price":10,"vegan":true,"vegetarian":true,"notFood":false,"drinks":false},{"name":"תוספת פיתה","price":1,"vegan":true,"vegetarian":true,"notFood":false,"drinks":false},{"name":"קוקה קולה 500 מ\"ל","price":8,"vegan":true,"vegetarian":true,"notFood":false,"drinks":true},{"name":"דיאט קולה 500 מ\"ל","price":8,"vegan":true,"vegetarian":true,"notFood":false,"drinks":true},{"name":"קולה זירו 500 מ\"ל","price":8,"vegan":true,"vegetarian":true,"notFood":false,"drinks":true},{"name":"ספרייט 500 מ\"ל","price":8,"vegan":true,"vegetarian":true,"notFood":false,"drinks":true},{"name":"ספריט זירו 500 מ\"ל","price":8,"vegan":true,"vegetarian":true,"notFood":false,"drinks":false},{"name":"פאנטה","price":8,"vegan":true,"vegetarian":true,"notFood":false,"drinks":false},{"name":"פיוז טי","price":8,"vegan":true,"vegetarian":true,"notFood":false,"drinks":false},{"name":"מים","price":7,"vegan":true,"vegetarian":true,"notFood":false,"drinks":false},{"name":"סודה","price":7,"vegan":true,"vegetarian":true,"notFood":false,"drinks":true},{"name":"בירה שחורה","price":10,"vegan":true,"vegetarian":true,"notFood":false,"drinks":true},{"name":"קוקה קולה גדול","price":10,"vegan":true,"vegetarian":true,"notFood":false,"drinks":true}]}