{"track_id":"21626","filters":["humus","falafel","veganFood"],"image":"https://tenbis-static.azureedge.net/restaurant-card-image/ResCard_21626_20211126180045.jpg","address":"עתיר ידע, 6 כפר סבא","location":[34.929479,32.1642344],"name":"חומוס אליהו כפר סבא","city":"כפר סבא","priceAverage":21.65573770491803,"menu":[{"name":"כל המנות מגיעות עם כמון פפריקה פטרוזיליה ושמן זית","description":"כל המנות מגיעות עם 2 פיתות חמות וטריות","vegan":true,"vegetarian":true,"notFood":false,"drinks":false},{"name":"חומוס נקי","price":30,"vegan":true,"vegetarian":true,"image":"https://d25t2285lxl5rf.cloudfront.net/images/dishes/0f7fff5c-8aa4-4895-9e31-96a10436dabc.jpg","notFood":false,"drinks":false},{"name":"חומוס גרגרים/טחינה/פול","price":32,"vegan":true,"vegetarian":true,"image":"https://d25t2285lxl5rf.cloudfront.net/images/dishes/b597dd27-af77-4477-bca3-fd56122f8b8f.jpg","notFood":false,"drinks":false},{"name":"משאושה","description":"חומוס, טחינה, שום, לימון וגרגירים","price":32,"vegan":true,"vegetarian":true,"image":"https://d25t2285lxl5rf.cloudfront.net/images/dishes/85f26aef-1d65-4681-aeb4-21554c2cba4b.jpg","notFood":false,"drinks":false},{"name":"חומוס עם שווארמה טבעונית","price":42,"vegan":false,"vegetarian":false,"image":"https://d25t2285lxl5rf.cloudfront.net/images/dishes/38ade80f-7761-40e3-ba03-c2035e67a339.jpg","notFood":false,"drinks":false},{"name":"חומוס נקי קטן","price":26,"vegan":true,"vegetarian":true,"image":"https://d25t2285lxl5rf.cloudfront.net/images/dishes/87f2c73e-39f7-42f6-9718-c3a6bf935633.jpg","notFood":false,"drinks":false},{"name":"חומוס גרגרים/טחינה/פול קטן","price":28,"vegan":true,"vegetarian":true,"image":"https://d25t2285lxl5rf.cloudfront.net/images/dishes/d5af5d97-04b8-49d5-99b9-6f52b092a154.jpg","notFood":false,"drinks":false},{"name":"משאושה קטן","price":29,"vegan":true,"vegetarian":true,"image":"https://d25t2285lxl5rf.cloudfront.net/images/dishes/c83ac7e6-fb93-4c49-acc0-fdf7060711c3.jpg","notFood":false,"drinks":false},{"name":"חומוס שקשוקה קטן","price":37,"vegan":true,"vegetarian":true,"image":"https://d25t2285lxl5rf.cloudfront.net/images/dishes/001d1d67-f370-468d-aa8b-d500ee62d172.jpg","notFood":false,"drinks":false},{"name":"חומוס שווארמה טבעונית קטן","price":38,"vegan":false,"vegetarian":false,"image":"https://d25t2285lxl5rf.cloudfront.net/images/dishes/ef467ef0-ec29-441d-aeff-ab2026c1ddbb.jpg","notFood":false,"drinks":false},{"name":"5 כדורי פלאפל","price":11,"vegan":true,"vegetarian":true,"image":"https://d25t2285lxl5rf.cloudfront.net/images/dishes/56e53d54-c119-479e-9763-43804413ea60.jpg","notFood":false,"drinks":false},{"name":"צ'יפס קטן","price":15,"vegan":true,"vegetarian":true,"image":"https://d25t2285lxl5rf.cloudfront.net/images/dishes/aedf470f-ac9e-49ff-97b2-c860f299b750.jpg","notFood":false,"drinks":false},{"name":"צ'יפס גדול","price":24,"vegan":true,"vegetarian":true,"image":"https://d25t2285lxl5rf.cloudfront.net/images/dishes/326235fc-03cc-4ace-a397-81a0b9c0639a.jpg","notFood":false,"drinks":false},{"name":"סלט ירקות קטן","description":"עגבניה, מלפפון, ג'עלה ופטרוזיליה מתובלים עם לימון ושמן זית  ","price":15,"vegan":true,"vegetarian":true,"image":"https://d25t2285lxl5rf.cloudfront.net/images/dishes/60190b2a-5cde-4faa-88e1-8798dd682765.jpg","notFood":false,"drinks":false},{"name":"סלט ירקות גדול","description":"עגבניה, מלפפון, ג'עלה ופטרוזיליה מתובלים עם לימון ושמן זית\t\n","price":25,"vegan":true,"vegetarian":true,"image":"https://d25t2285lxl5rf.cloudfront.net/images/dishes/444072bc-bc8b-4a8c-a16f-2d200812974b.jpg","notFood":false,"drinks":false},{"name":"סלט המלך קטן","description":"עגבניה מלפפון, גרגרי חומוס חמים, טחינה, ביצה קשה, ג'עלה ופטרוזיליה, מגיע עם פיתה רגילה או מלאה, שום לימון וחריף\t","price":26,"vegan":false,"vegetarian":true,"image":"https://d25t2285lxl5rf.cloudfront.net/images/dishes/e6619789-bde4-4500-817a-4009cbd535a4.jpg","notFood":false,"drinks":false},{"name":"סלט המלך גדול\n","description":"עגבניה מלפפון, גרגרי חומוס חמים, טחינה, ביצה קשה, ג'עלה\nופטרוזיליה, מגיע עם פיתה רגילה או מלאה, שום לימון\nוחריף","price":36,"vegan":false,"vegetarian":true,"image":"https://d25t2285lxl5rf.cloudfront.net/images/dishes/f3147079-028f-43a2-ab33-a076ead32dfe.jpg","notFood":false,"drinks":false},{"name":"מנת שקשוקה","price":34,"vegan":true,"vegetarian":true,"image":"https://d25t2285lxl5rf.cloudfront.net/images/dishes/d8f316cd-8089-4583-b6b1-74bef1e0b66e.jpg","notFood":false,"drinks":false},{"name":"סלט שווארמה טבעונית","price":48,"vegan":false,"vegetarian":false,"notFood":false,"drinks":false},{"name":"סלט סלק קטן","price":21,"vegan":true,"vegetarian":true,"notFood":false,"drinks":false},{"name":"סלט סלק בינוני","price":29,"vegan":true,"vegetarian":true,"notFood":false,"drinks":false},{"name":"סלט גזר ולימון קטן","price":21,"vegan":true,"vegetarian":true,"notFood":false,"drinks":false},{"name":"סלט גזר ולימון בינוני","price":29,"vegan":true,"vegetarian":true,"notFood":false,"drinks":false},{"name":"חומוס קטן במשקל\n\n","price":16,"vegan":true,"vegetarian":true,"image":"https://d25t2285lxl5rf.cloudfront.net/images/dishes/e3a76d7b-8d33-421c-9ef4-a89e7ea21018.jpg","notFood":false,"drinks":false},{"name":"חומוס בינוני במשקל\n","price":27,"vegan":true,"vegetarian":true,"image":"https://d25t2285lxl5rf.cloudfront.net/images/dishes/09a65c6f-35d4-409b-8da0-03d05ae3a30f.jpg","notFood":false,"drinks":false},{"name":"חומוס גדול במשקל\n","price":49,"vegan":true,"vegetarian":true,"image":"https://d25t2285lxl5rf.cloudfront.net/images/dishes/20a178e7-deb7-4c2f-89ef-7cab75d99ba8.jpg","notFood":false,"drinks":false},{"name":"טחינה קטן במשקל\n","price":16,"vegan":true,"vegetarian":true,"image":"https://d25t2285lxl5rf.cloudfront.net/images/dishes/c55de8f2-83c5-4b0c-96b0-9fd8726b6ec0.jpg","notFood":false,"drinks":false},{"name":"טחינה בינוני במשקל\n","price":27,"vegan":true,"vegetarian":true,"image":"https://d25t2285lxl5rf.cloudfront.net/images/dishes/c21ac564-b079-4fd4-9d83-2a9b72735c9a.jpg","notFood":false,"drinks":false},{"name":"גרגירים קטן במשקל\n","price":9,"vegan":true,"vegetarian":true,"image":"https://d25t2285lxl5rf.cloudfront.net/images/dishes/9591b021-e3e2-4e58-b065-2f7904307bc2.jpg","notFood":false,"drinks":false},{"name":"גרגירים בינוני במשקל\n","price":15,"vegan":true,"vegetarian":true,"image":"https://d25t2285lxl5rf.cloudfront.net/images/dishes/13c051ee-541b-4cd9-a9f4-77e194e1e6a2.jpg","notFood":false,"drinks":false},{"name":"חריף במשקל\n","price":16,"vegan":true,"vegetarian":true,"image":"https://d25t2285lxl5rf.cloudfront.net/images/dishes/2626662.png","notFood":false,"drinks":false},{"name":"פיתה עבודת יד","price":3,"vegan":true,"vegetarian":true,"image":"https://d25t2285lxl5rf.cloudfront.net/images/dishes/948b8467-08a2-4fd9-99da-29efb25980a2.jpg","notFood":false,"drinks":false},{"name":"משאושה קטן במשקל\n","price":16,"vegan":true,"vegetarian":true,"image":"https://d25t2285lxl5rf.cloudfront.net/images/dishes/ea7048ac-b6d3-4afe-84cd-0885d90813c8.jpg","notFood":false,"drinks":false},{"name":"משאושה בינוני במשקל\n","price":27,"vegan":true,"vegetarian":true,"image":"https://d25t2285lxl5rf.cloudfront.net/images/dishes/a334d8b1-46e0-487b-be4c-e2f2eeb6422e.jpg","notFood":false,"drinks":false},{"name":"משאושה גדול במשקל\n","price":49,"vegan":true,"vegetarian":true,"image":"https://d25t2285lxl5rf.cloudfront.net/images/dishes/552029b0-f028-49cd-99ae-4a759bb18968.jpg","notFood":false,"drinks":false},{"name":"פטריות קטן במשקל \n","price":24,"vegan":true,"vegetarian":true,"image":"https://d25t2285lxl5rf.cloudfront.net/images/dishes/53f95873-414c-431e-a6f8-a417db0a3067.jpg","notFood":false,"drinks":false},{"name":"פטריות בינוני במשקל","price":41,"vegan":true,"vegetarian":true,"image":"https://d25t2285lxl5rf.cloudfront.net/images/dishes/a4bf4ba0-6df8-479f-8c09-b3e5b42c1c2d.jpg","notFood":false,"drinks":false},{"name":"חציל במשקל\n","price":17,"vegan":true,"vegetarian":true,"image":"https://d25t2285lxl5rf.cloudfront.net/images/dishes/2626660.png","notFood":false,"drinks":false},{"name":"שום לימון במשקל\n","price":27,"vegan":true,"vegetarian":true,"image":"https://d25t2285lxl5rf.cloudfront.net/images/dishes/d0589ee1-aae9-48a3-b80e-ef432304edab.jpg","notFood":false,"drinks":false},{"name":"פול קטן במשקל\n","price":11,"vegan":true,"vegetarian":true,"image":"https://d25t2285lxl5rf.cloudfront.net/images/dishes/0dccf69c-fd13-416d-8a3e-4936b9d7011f.jpg","notFood":false,"drinks":false},{"name":"פול בינוני במשקל\n","price":17,"vegan":true,"vegetarian":true,"image":"https://d25t2285lxl5rf.cloudfront.net/images/dishes/f5c88b37-efa2-456f-8a94-baa8d09d681f.jpg","notFood":false,"drinks":false},{"name":"ביצה קשה","price":3,"vegan":false,"vegetarian":true,"notFood":false,"drinks":false},{"name":"טחינה גולמית","price":32,"vegan":true,"vegetarian":true,"image":"https://d25t2285lxl5rf.cloudfront.net/images/dishes/e4929ce3-1fc6-4c58-ba24-2c3087a1b938.jpg","notFood":false,"drinks":false},{"name":"טחינה גולמית מלאה","price":32,"vegan":true,"vegetarian":true,"image":"https://d25t2285lxl5rf.cloudfront.net/images/dishes/681b9e60-bdd2-4158-a925-8be3ac47c649.jpg","notFood":false,"drinks":false},{"name":"חלווה וניל","price":16,"vegan":true,"vegetarian":true,"image":"https://d25t2285lxl5rf.cloudfront.net/images/dishes/7c2673d7-8951-4bc0-bfb1-771fba7c4073.jpg","notFood":false,"drinks":false},{"name":"זיתים קטן במשקל\n","price":11,"vegan":true,"vegetarian":true,"image":"https://d25t2285lxl5rf.cloudfront.net/images/dishes/64240737-1e57-4668-bba3-03c6414796c5.jpg","notFood":false,"drinks":false},{"name":"זיתים בינוני במשקל\n","price":16,"vegan":true,"vegetarian":true,"image":"https://d25t2285lxl5rf.cloudfront.net/images/dishes/7463e258-6328-4a41-8ddc-df822ea70f03.jpg","notFood":false,"drinks":false},{"name":"ג'עלה קטן במשקל\n","price":16,"vegan":true,"vegetarian":true,"image":"https://d25t2285lxl5rf.cloudfront.net/images/dishes/f8abb1dc-0dd1-4df9-a940-1a8a222a9afd.jpg","notFood":false,"drinks":false},{"name":"ג'עלה בינוני במשקל\n","price":32,"vegan":true,"vegetarian":true,"image":"https://d25t2285lxl5rf.cloudfront.net/images/dishes/fb9906ba-db1c-4f3f-8f34-4817ed2befbe.jpg","notFood":false,"drinks":false},{"name":"חמוצים קטן במשקל\n","price":6,"vegan":true,"vegetarian":true,"image":"https://d25t2285lxl5rf.cloudfront.net/images/dishes/961af264-e4e8-475f-bb0c-d55633b2c2ef.jpg","notFood":false,"drinks":false},{"name":"חמוצים בינוני במשקל\n","price":10,"vegan":true,"vegetarian":true,"image":"https://d25t2285lxl5rf.cloudfront.net/images/dishes/d3ea049c-acd9-4dbb-ab27-7acfe447fa13.jpg","notFood":false,"drinks":false},{"name":"מים מינרלים","price":8,"vegan":true,"vegetarian":true,"notFood":false,"drinks":false},{"name":"סודה","price":8,"vegan":true,"vegetarian":true,"notFood":false,"drinks":true},{"name":"פחית קולה זירו\n","price":10,"vegan":true,"vegetarian":true,"notFood":false,"drinks":true},{"name":"מים בטעמים","price":12,"vegan":true,"vegetarian":true,"notFood":false,"drinks":false},{"name":"מאלטי","price":12,"vegan":true,"vegetarian":true,"notFood":false,"drinks":false},{"name":"פיוז טי","description":"0.5 ליטר","price":12,"vegan":true,"vegetarian":true,"notFood":false,"drinks":false},{"name":"בקבוק לימונדה","description":"0.5 ליטר","price":10,"vegan":true,"vegetarian":true,"notFood":false,"drinks":true},{"name":"פחית ספרייט","price":10,"vegan":true,"vegetarian":true,"notFood":false,"drinks":true},{"name":"פחית ספרייט זירו","price":10,"vegan":true,"vegetarian":true,"notFood":false,"drinks":true},{"name":"פריגת תפוזים","price":10,"vegan":true,"vegetarian":true,"notFood":false,"drinks":false},{"name":"פריגת ענבים","price":10,"vegan":true,"vegetarian":true,"notFood":false,"drinks":true}]}