{"track_id":"21624","filters":["homeMade","meatGrill","salads"],"image":"https://tenbis-static.azureedge.net/restaurant-default-card-image/CuzineType_homemade_09.jpg","address":"אליעזר קפלן, 17 תל אביב-יפו","location":[34.7837738,32.0736876],"name":"המזנון בקפלן","city":"תל אביב-יפו","priceAverage":40.241379310344826,"menu":[{"name":"שניצל הבית","price":56,"vegan":false,"vegetarian":false,"image":"https://d25t2285lxl5rf.cloudfront.net/images/dishes/22cd344e-06f9-4e8d-9cec-ff156ab6ef60.png","notFood":false,"drinks":false},{"name":"חזה עוף על הפלנצה","price":56,"vegan":false,"vegetarian":false,"image":"https://d25t2285lxl5rf.cloudfront.net/images/dishes/1843a356-e349-48b0-bf3e-6fd44337da27.jpg","notFood":false,"drinks":false},{"name":"קציצות בקר ברוטב מזרחי/גריל","price":57,"vegan":false,"vegetarian":false,"image":"https://d25t2285lxl5rf.cloudfront.net/images/dishes/e2ec5efc-9d2d-43b1-8cb1-65a1ee1d1d95.jpg","notFood":false,"drinks":false},{"name":"קציצות עוף ברוטב מזרחי/גריל","price":56,"vegan":false,"vegetarian":false,"image":"https://d25t2285lxl5rf.cloudfront.net/images/dishes/7cbb9031-d6ea-48e3-afba-64caa3cbbde6.png","notFood":false,"drinks":false},{"name":"כריך  גפטה \\ בגט -חביתה \\טונה \\ביצה","price":30,"vegan":false,"vegetarian":false,"image":"https://d25t2285lxl5rf.cloudfront.net/images/dishes/3a4b17bd-7504-4e82-ba7b-b9e6ef6ec9c4.jpg","notFood":false,"drinks":false},{"name":"קציצות עוף","description":"קציצות עוף על הפלנצה","price":57,"vegan":false,"vegetarian":false,"image":"https://d25t2285lxl5rf.cloudfront.net/images/dishes/23f9ad68-e48b-4643-824c-e1809583d5ef.jpg","notFood":false,"drinks":false},{"name":"סלט עם נתחי עוף","price":55,"vegan":false,"vegetarian":false,"image":"https://d25t2285lxl5rf.cloudfront.net/images/dishes/9048c9a4-6dd9-4e06-9577-d700c13963c0.jpg","notFood":false,"drinks":false},{"name":"שניצל בצילי מתוק","price":56,"vegan":false,"vegetarian":false,"image":"https://d25t2285lxl5rf.cloudfront.net/images/dishes/e7349434-e5e7-4b4b-97f2-908bbc8c0da4.jpg","notFood":false,"drinks":false},{"name":"עוף מוקפץ עם ירקות","price":56,"vegan":false,"vegetarian":false,"image":"https://d25t2285lxl5rf.cloudfront.net/images/dishes/73e049e7-00e3-4173-afbb-e6517df577a3.jpg","notFood":false,"drinks":false},{"name":"סלט עם נתחי חזה עוף","price":50,"vegan":false,"vegetarian":false,"image":"https://d25t2285lxl5rf.cloudfront.net/images/dishes/a1399c77-81c2-4025-908b-e51e06979d1d.jpg","notFood":false,"drinks":false},{"name":"חזה עוף בצילי מתוק","price":56,"vegan":false,"vegetarian":false,"image":"https://d25t2285lxl5rf.cloudfront.net/images/dishes/23d09d44-ea38-46c4-bc4f-f807666cec49.jpg","notFood":false,"drinks":false},{"name":"קציצות בקר ברוטב מיזרחי","price":56,"vegan":false,"vegetarian":false,"image":"https://d25t2285lxl5rf.cloudfront.net/images/dishes/e68fd676-ef31-4c16-b98c-4d27b4afe52e.jpg","notFood":false,"drinks":false},{"name":"כרוב ממולא(בשרי)","price":56,"vegan":false,"vegetarian":false,"image":"https://d25t2285lxl5rf.cloudfront.net/images/dishes/7dbf8f6e-85d7-494d-a4c7-cfdd4df68176.jpg","notFood":false,"drinks":false},{"name":"קומבינה מבחר בשרים מהתפריט","description":" ל4 סועדים","price":180,"vegan":false,"vegetarian":false,"image":"https://d25t2285lxl5rf.cloudfront.net/images/dishes/9576c087-ab22-4ab4-8eb9-0da5d847744a.jpg","notFood":false,"drinks":false},{"name":"מלפפון חמוץ /פיקליס.","price":25,"vegan":true,"vegetarian":true,"image":"https://d25t2285lxl5rf.cloudfront.net/images/dishes/d34bde00-ef60-41e2-ae93-c51e4fdddedc.jpg","notFood":false,"drinks":false},{"name":"חומוס במשקל 500 גר","description":"חומוס ביתי","price":25,"vegan":true,"vegetarian":true,"notFood":false,"drinks":false},{"name":"סלט גזר חריף 500 גר","price":25,"vegan":true,"vegetarian":true,"notFood":false,"drinks":false},{"name":"סלט כרוב אדום 500 גר","price":25,"vegan":true,"vegetarian":true,"notFood":false,"drinks":false},{"name":"כרוב אדום במיונז 500 גר","price":25,"vegan":false,"vegetarian":true,"notFood":false,"drinks":false},{"name":"מגשי כריכים","vegan":true,"vegetarian":true,"image":"https://d25t2285lxl5rf.cloudfront.net/images/dishes/b2200b5a-8e04-4ae4-bc90-17f443733142.jpg","notFood":false,"drinks":false},{"name":"כריכי בריאות","vegan":true,"vegetarian":true,"image":"https://d25t2285lxl5rf.cloudfront.net/images/dishes/a593a274-ad0b-442f-95cd-a3e7ba8bce3b.jpg","notFood":false,"drinks":false},{"name":"משלוח כריכים","vegan":true,"vegetarian":true,"image":"https://d25t2285lxl5rf.cloudfront.net/images/dishes/5e0fef22-d043-43c1-b01a-3d02316b7523.jpg","notFood":false,"drinks":false},{"name":"סופגניות מובחרות","vegan":true,"vegetarian":true,"image":"https://d25t2285lxl5rf.cloudfront.net/images/dishes/96cd0371-9310-4ab7-a0bb-47bc1bdb2598.jpg","notFood":false,"drinks":false},{"name":"פלטת גנינות","vegan":true,"vegetarian":true,"image":"https://d25t2285lxl5rf.cloudfront.net/images/dishes/d9f3b473-82bb-4ea2-b8fa-ecdd63fc5d16.jpg","notFood":false,"drinks":false},{"name":"אורז לבן 500 גר","price":25,"vegan":true,"vegetarian":true,"notFood":false,"drinks":false},{"name":"ירקות מבושלים","description":"500 גר","price":25,"vegan":true,"vegetarian":true,"notFood":false,"drinks":false},{"name":"תפוח אדמה בתנור","description":"500 גר","price":25,"vegan":true,"vegetarian":true,"notFood":false,"drinks":false},{"name":"פתיתים/פסטה","description":"500 גר","price":25,"vegan":true,"vegetarian":true,"notFood":false,"drinks":false},{"name":"פחית קוקה קולה","price":10,"vegan":true,"vegetarian":true,"notFood":false,"drinks":true},{"name":"פחית דיאט קוקה קולה","price":10,"vegan":true,"vegetarian":true,"notFood":false,"drinks":true},{"name":"פחית ספרייט","price":10,"vegan":true,"vegetarian":true,"notFood":false,"drinks":true},{"name":"פחית דיאט ספרייט","description":"דיאט ספרייט","price":10,"vegan":true,"vegetarian":true,"notFood":false,"drinks":true},{"name":"פחית פאנטה","price":10,"vegan":true,"vegetarian":true,"notFood":false,"drinks":false},{"name":"בירה שחורה","price":15,"vegan":true,"vegetarian":true,"notFood":false,"drinks":true}]}