{"track_id":"21640","filters":["asianFusion","japaneseSushi"],"image":"https://tenbis-static.azureedge.net/restaurant-card-image/ResCard_21640_20210912145647.jpg","address":"דוד סחרוב, 26 ראשון לציון","location":[34.7741726,31.9895843],"name":"ריבר ראשון לציון","city":"ראשון לציון, חולון, בת ים","priceAverage":47.28915662650602,"menu":[{"name":"מטבח המשלוחים נפתח בשעה 12","vegan":true,"vegetarian":true,"image":"https://d25t2285lxl5rf.cloudfront.net/images/dishes/abb66f87-0399-451d-b9cb-a0146c5ac815.jpg","notFood":false,"drinks":false},{"name":"שימו לב - בהערות למנה יש לרשום תחת המנה ולא בהערות להזמנה","vegan":true,"vegetarian":true,"notFood":false,"drinks":false},{"name":"מידע חשוב","description":"\r\n*מידע לגבי אלרגניים: *כל המנות, כולל המנות שלא מכילות מרכיב אלרגני, עלולות \r\nלהכיל שאריות של מרכיב אלרגני כזה או אחר. לגבי רגישות ספציפית ושאלות נוספות \r\nניתן לפנות למוקד ההזמנות. ","vegan":true,"vegetarian":true,"image":"https://d25t2285lxl5rf.cloudfront.net/images/dishes/6c779150-9a7b-4dbe-87e5-dcec1ff3f335.jpg","notFood":false,"drinks":false},{"name":"אגרול צמחוני","description":"אגרול במילוי ירקות | כרוב לבן | גזר |\nשיטאקה טרי | בצל ירוק | צ’ימיצ’ורי פונזו (2 יח') \n","price":36,"vegan":true,"vegetarian":true,"image":"https://d25t2285lxl5rf.cloudfront.net/images/dishes/6c56053e-0ec1-4294-83bf-cd02bc70818a.jpg","notFood":false,"drinks":false},{"name":"סלט ריבר","description":"עלי סלנובה ויניגרט הבית | בוטנים קלויים\nקצוצים וקריספי בטטה","price":43,"vegan":true,"vegetarian":true,"image":"https://d25t2285lxl5rf.cloudfront.net/images/dishes/23c514af-3c2c-4cc6-8cdc-b80d362eecbb.jpg","notFood":false,"drinks":false},{"name":"קימצ'ה","description":"כרוב וגזר מוחמצים | שומשום קלוי | צ'ילי מתוק מעל","price":22,"vegan":true,"vegetarian":true,"image":"https://d25t2285lxl5rf.cloudfront.net/images/dishes/468ab46b-bf04-4909-9bf4-000283d00f0b.jpg","notFood":false,"drinks":false},{"name":"סלט עוף תאילנדי","description":"מלפפון | בצל סגול | כוסברה | נענע |\nפרגית קצוצה | עלי אייסברג בצ'ילי\nליים וקריספי שאלוט","price":41,"vegan":false,"vegetarian":false,"image":"https://d25t2285lxl5rf.cloudfront.net/images/dishes/caf063b5-b680-4a6d-aa9f-1b9ff27fbdb9.jpg","notFood":false,"drinks":false},{"name":"רצועות עוף טמפורה","description":" ברוטב צ'ילי סאקה","price":37,"vegan":false,"vegetarian":false,"image":"https://d25t2285lxl5rf.cloudfront.net/images/dishes/f4050e00-e467-411a-8c8c-fd7fdd252c37.jpg","notFood":false,"drinks":false},{"name":"כנפיים ברוטב צ'ילי סאקה","price":42,"vegan":false,"vegetarian":false,"image":"https://d25t2285lxl5rf.cloudfront.net/images/dishes/ba3a39f0-0060-49ea-9ab7-a5089d87d6a2.jpg","notFood":false,"drinks":false},{"name":"סלט בנג בנג","description":"מלפפון | סלק | גזר | בצל סגול | כוסברה |\nנענע | בקרם בוטנים\n","price":39,"vegan":false,"vegetarian":false,"notFood":false,"drinks":false},{"name":"סום טאם","description":"פפאיה | מנגו ירוק (בעונה) | בצל סגול |\nכוסברה | נענע | עגבניות שרי |\nצ'ילי ליים | בוטנים גרוסים\n","price":39,"vegan":true,"vegetarian":true,"notFood":false,"drinks":false},{"name":"באן אונטריב","description":"2 יח' | לחמניית באן | אייסברג | אונטריב ראנדנג | מלפפון חמוץ | רוטב סרירצ'ה","price":44,"vegan":true,"vegetarian":true,"notFood":false,"drinks":false},{"name":"גולדן סיגר","description":"2 יח' | אונטריב מפורק | מחית גזר | צ'ילי | עלי נענע | צנונית | על קרם תירס","price":41,"vegan":false,"vegetarian":false,"notFood":false,"drinks":false},{"name":"פרש HONG KONG רול","description":"דף אורז | בצל ירוק | שומשום | סי בס טמפורה | איולי טוגרשי \n | סאקי יקיטורי","price":44,"vegan":true,"vegetarian":true,"notFood":false,"drinks":false},{"name":"סבתא סן","description":"ציר עוף | בצל ירוק | כרוב | בייבי תרד |\nאטריות | נתחי עוף","price":49,"vegan":false,"vegetarian":false,"image":"https://d25t2285lxl5rf.cloudfront.net/images/dishes/31075569-00e1-4219-90b5-e18a0e50347b.jpg","notFood":false,"drinks":false},{"name":"טום יאם","description":"ציר ירקות בקרם קוקוס | קארי | זוקיני |\nעוף | פטריות שמפיניון | עגבניות שרי |\nאיטריות אורז | בצל ירוק | כוסברה *חריף","price":49,"vegan":false,"vegetarian":false,"image":"https://d25t2285lxl5rf.cloudfront.net/images/dishes/03bb6902-1e00-46d2-8d25-0ef3ffa40c36.jpg","notFood":false,"drinks":false},{"name":"סנדוויץ' סושי טבעוני","description":"אבוקדו | מלפפון | גזר | בטטה\nעטוף בשבבי טמפורה (4 יח')\n","price":46,"vegan":true,"vegetarian":true,"notFood":false,"drinks":false},{"name":"סנדוויץ' סושי סלמון גריל","description":"סלמון גריל | אבוקדו | עטוף בשבבי טמפורה (4 יח')\n","price":53,"vegan":false,"vegetarian":false,"notFood":false,"drinks":false},{"name":"סנדוויץ' סושי סלמון ואבוקדו","description":"סלמון | אבוקדו | עטוף בשבבי טמפורה (4 יח')\n","price":53,"vegan":false,"vegetarian":false,"notFood":false,"drinks":false},{"name":"סנדוויץ' ספייסי טונה","description":"ספייסי טונה | אבוקדו | עטוף בשבבי טמפורה (4 יח')\n","price":53,"vegan":false,"vegetarian":false,"notFood":false,"drinks":false},{"name":"סאקה מאקי סלמון","description":"(6 יח')","price":27,"vegan":false,"vegetarian":false,"image":"https://d25t2285lxl5rf.cloudfront.net/images/dishes/aeaf45eb-3001-4a7d-8f9d-cd69eaf83364.jpg","notFood":false,"drinks":false},{"name":"טאקה מאקי טונה אבוקדו","description":"(6 יח')","price":29,"vegan":false,"vegetarian":false,"image":"https://d25t2285lxl5rf.cloudfront.net/images/dishes/7a8c5cff-c7e0-4db2-8f48-be1e41961bb2.jpg","notFood":false,"drinks":false},{"name":"טמאגו מאקי","description":"חביתה יפנית (6 יח')","price":25,"vegan":false,"vegetarian":true,"image":"https://d25t2285lxl5rf.cloudfront.net/images/dishes/8c090a40-5356-4e96-9fbb-f5bb90532be5.jpg","notFood":false,"drinks":false},{"name":"מאקי צמחוני","description":" רול צר 6 יחידות","price":25,"vegan":true,"vegetarian":true,"image":"https://d25t2285lxl5rf.cloudfront.net/images/dishes/87a74841-0ef3-4183-a823-b054bbea7db5.jpg","notFood":false,"drinks":false},{"name":"מאקי דניס בצל ירוק\t","description":"(6 יח')","price":31,"vegan":false,"vegetarian":false,"notFood":false,"drinks":false},{"name":"קליפורניה קונוס","description":"קונוס אבוקדו | מלפפון וטמאגו","price":25,"vegan":false,"vegetarian":true,"notFood":false,"drinks":false},{"name":"קונוס סלמון","description":"סלמון | אבוקדו | מלפפון | שומשום\n","price":25,"vegan":false,"vegetarian":false,"notFood":false,"drinks":false},{"name":"קונוס טונה קצוצה","description":"טונה | בצל ירוק | איולי צ'ילי\n","price":28,"vegan":false,"vegetarian":false,"notFood":false,"drinks":false},{"name":"סאקה ניגירי סלמון","price":31,"vegan":false,"vegetarian":false,"image":"https://d25t2285lxl5rf.cloudfront.net/images/dishes/a98a66be-cd90-4fe5-a500-cc1cae8c66a3.jpg","notFood":false,"drinks":false},{"name":"טאקה ניגירי טונה אדומה","price":35,"vegan":false,"vegetarian":false,"image":"https://d25t2285lxl5rf.cloudfront.net/images/dishes/4c53c1df-3b99-48ac-bdf3-c5ea67316b5e.jpg","notFood":false,"drinks":false},{"name":"ניגירי גריל סלמון","price":33,"vegan":false,"vegetarian":false,"image":"https://d25t2285lxl5rf.cloudfront.net/images/dishes/5f78d7fe-edfb-4c38-9f30-f5aa3ecca31f.jpg","notFood":false,"drinks":false},{"name":"ניגירי דניס","price":31,"vegan":false,"vegetarian":false,"image":"https://d25t2285lxl5rf.cloudfront.net/images/dishes/e2fc9d0b-0734-4f5e-9beb-2f0f8a77a581.jpg","notFood":false,"drinks":false},{"name":"ניגירי גריל דניס","price":33,"vegan":false,"vegetarian":false,"notFood":false,"drinks":false},{"name":"צ'אנג מאי עוף\t","description":"אטריות חיטה | קרם קארי צהוב | זוקיני | שעועית ירוקה | בצל ירוק | כוסברה | עוף *פיקנטי\tשעועית ירוקה | בצל ירוק | כוסברה |\nסלמון צרוב/עוף *פיקנטי","price":62,"vegan":false,"vegetarian":false,"image":"https://d25t2285lxl5rf.cloudfront.net/images/dishes/2d638e43-5b89-415f-b19e-bae93582d007.jpg","notFood":false,"drinks":false},{"name":"אש ולהבה","description":"אטריות חיטה | נתחי עוף | בקר צלוי |\nכרוב | גזר | בצל סגול |\nבוטנים | צ'ילי חריף |  *פיקנטי","price":64,"vegan":false,"vegetarian":false,"image":"https://d25t2285lxl5rf.cloudfront.net/images/dishes/95318728-8dc2-4bb5-8987-dc91cf4856d1.jpg","notFood":false,"drinks":false},{"name":"שבעת הפלאים","description":"אטריות חיטה | נתחיי עוף | בקר |\nנבטים | בצל סגול | בוטנים | ","price":64,"vegan":false,"vegetarian":false,"image":"https://d25t2285lxl5rf.cloudfront.net/images/dishes/30a0b8c8-f77e-458e-88e1-e0c82523dd2d.jpg","notFood":false,"drinks":false},{"name":"שחיתות","description":"אטריות חיטה | נתחי עוף | כבד אווז | כרוב |\nגזר | בצל סגול | נבטים | בוטנים | קריספי בטטה","price":89,"vegan":false,"vegetarian":false,"image":"https://d25t2285lxl5rf.cloudfront.net/images/dishes/2b2d5590-9a92-475e-9bc8-168c2059101e.jpg","notFood":false,"drinks":false},{"name":"עשן אדום","description":"אטריות סלק | אווז מעושן | נתחי עוף |\nכרוב | גזר | נבטים | בצל סגול","price":64,"vegan":false,"vegetarian":false,"image":"https://d25t2285lxl5rf.cloudfront.net/images/dishes/818a5b8c-e4e4-4118-9d4d-63c995badcb1.jpg","notFood":false,"drinks":false},{"name":"נודלס ירקות (צמחוני)","description":"אטריות חיטה עם בצל | נבטים | שעועית |\nכרוב | גזר | פטריות שיטאקה","price":57,"vegan":true,"vegetarian":true,"image":"https://d25t2285lxl5rf.cloudfront.net/images/dishes/46e121e4-fac2-4068-9d91-c85d0694796f.jpg","notFood":false,"drinks":false},{"name":"הקימונו הירוק צמחוני\t","description":"אטריות חיטה | זוקיני | כרישה | בצל ירוק |\nברוקולי | קרם קארי ירוק | בזיליקום |\nנענע | כוסברה *פיקנטי *ללא גלוטן","price":59,"vegan":true,"vegetarian":true,"image":"https://d25t2285lxl5rf.cloudfront.net/images/dishes/935e38cb-0ad1-4e98-a2b2-c9a926f9f955.jpg","notFood":false,"drinks":false},{"name":"צ'אנג מאי סלמון\t","description":"אטריות חיטה | קרם קארי צהוב | זוקיני | שעועית ירוקה | בצל ירוק | כוסברה | סלמון צרוב *פיקנטי\t","price":65,"vegan":false,"vegetarian":false,"notFood":false,"drinks":false},{"name":"פאד תאי בנגקוק","description":"אטריות אורז קרועות | נתחי עוף | ביצה טרופה | בוטנים קוקוס | בצל ירוק | כוסברה | נבטים *המנה אינה מומלצת במשלוחים*","price":64,"vegan":false,"vegetarian":false,"notFood":false,"drinks":false},{"name":"הקימונו הירוק עוף\t","description":"אטריות חיטה | זוקיני | כרישה | בצל ירוק | ברוקולי | קרם קארי ירוק | בזיליקום | נענע | כוסברה *פיקנטי *ללא גלוטן\t","price":64,"vegan":false,"vegetarian":false,"notFood":false,"drinks":false},{"name":"צ'נגדו","description":"אטריות חיטה | נתחי עוף | פטריות | בצל סגול | גמבה | קרמל | למון גראס | נענע","price":64,"vegan":false,"vegetarian":false,"notFood":false,"drinks":false},{"name":"ראנדנג אינדונזי","description":"שפונדרה אונטריב בבישול לילי | וקוס טרי | תמר הינדי | פייב ספייס על אטריות חיטה | עלי תרד | קריספי שום","price":68,"vegan":true,"vegetarian":true,"notFood":false,"drinks":false},{"name":"פאד תאי עוף","price":63,"vegan":false,"vegetarian":false,"notFood":false,"drinks":false},{"name":"פאד תאי טופו","price":63,"vegan":true,"vegetarian":true,"notFood":false,"drinks":false},{"name":"עוף קשיו","description":"נתחי עוף מטוגנים | פטריות | בצל ירוק |\nגמבה | קשיו | קרמל למון גראס |\nמוגש עם אורז ביצה *פיקנטי","price":63,"vegan":false,"vegetarian":false,"image":"https://d25t2285lxl5rf.cloudfront.net/images/dishes/92ee1031-42dc-492d-8244-6f740a8cb80f.jpg","notFood":false,"drinks":false},{"name":"פאד קגאי","description":"פרגית קצוצה | גמבה | בצל ירוק |\nבזיל תאילנדי | שום | ג'ינג'ר |\nצ'ילי | ביצת עין על אורז מאודה","price":63,"vegan":false,"vegetarian":false,"notFood":false,"drinks":false},{"name":"סוקי - פילה סלמון","description":"פילה סלמון צרוב על ירקות ירוקים |\nשום | ג’ינג’ר *ללא גלוטן ","price":89,"vegan":false,"vegetarian":false,"notFood":false,"drinks":false},{"name":"תאי תאי אדום","description":"קארי אדום תאילנדי | גלנגל | כוסברה | נענע | צ'אם צ'ילי | נתחי פרגית | קוביות תפוחי אדמה | אפונת שלג | שרי בייזיל *פיקנטי","price":64,"vegan":false,"vegetarian":false,"notFood":false,"drinks":false},{"name":"בלאדו קארי","description":"דניס מאודה | תפוחי אדמה | אפונת שלג | מאדרס קארי קשיו | נענע | קריספי שאלוט *פיקנטי","price":74,"vegan":false,"vegetarian":false,"notFood":false,"drinks":false},{"name":"טונקאצו קארי","description":"חזה עוף בפאנקו | אורז | גולדן קארי | כרוב מוחמץ *ללא גלוטן","price":59,"vegan":false,"vegetarian":false,"notFood":false,"drinks":false},{"name":"שניצלונים וצ'פיס","description":"חזה עוף טרי בציפוי פנקו עם צ'יפס\nניתן לבחור במקום הצ'יפס אורז לבן","price":44,"vegan":false,"vegetarian":false,"image":"https://d25t2285lxl5rf.cloudfront.net/images/dishes/30632456-948c-41e9-91b2-cf1f0942f979.jpg","notFood":false,"drinks":false},{"name":"אטריות בווק עם עוף\t","price":44,"vegan":false,"vegetarian":false,"notFood":false,"drinks":false},{"name":"פיש אנד צ'יפס","description":"סלמון בציפוי פנקו, על צ'יפס","price":44,"vegan":false,"vegetarian":false,"notFood":false,"drinks":false},{"name":"סלמון אבוקדו","description":"אבוקדו במעטפת סלמון | עירית קצוצה\n","price":46,"vegan":false,"vegetarian":false,"image":"https://d25t2285lxl5rf.cloudfront.net/images/dishes/57d8e47b-1f8d-4e73-acd2-d5195a7178b9.jpg","notFood":false,"drinks":false},{"name":"HOT ROLL","description":"אבוקדו | מלפפון | בטטה\nמעטפת סלמון צלויי בטריאקי\n","price":47,"vegan":false,"vegetarian":false,"image":"https://d25t2285lxl5rf.cloudfront.net/images/dishes/cae56a3e-a1a6-431c-961f-a8fa6c757553.jpg","notFood":false,"drinks":false},{"name":"ספייסי טונה","description":"טונה קצוצה | בצל ירוק | איולי ספייסי | מלפפון\nאבוקדו | שומשום שחור\n","price":47,"vegan":false,"vegetarian":false,"image":"https://d25t2285lxl5rf.cloudfront.net/images/dishes/eccfeee8-ab45-4be6-a457-3823c2c6252e.jpg","notFood":false,"drinks":false},{"name":"גריל רול","description":"סלמון צלוי | מלפפון במעטפת אבוקדו |\nשומשום שחור","price":46,"vegan":false,"vegetarian":false,"image":"https://d25t2285lxl5rf.cloudfront.net/images/dishes/1abcf3b3-8ed6-4f93-ba66-c55a81321301.jpg","notFood":false,"drinks":false},{"name":"הרול התאילנדי","description":"ספייסי סלמון | כוסברה | מלפפון |\nקריספי שאלוט | דניס | מיסו דבש ","price":52,"vegan":false,"vegetarian":false,"image":"https://d25t2285lxl5rf.cloudfront.net/images/dishes/d46df1a9-79b0-43b8-9132-147f1574b89d.jpg","notFood":false,"drinks":false},{"name":"SUPER SPICY SALMON","description":"סלמון גריל | מלפפון | איולי ספייסי |\nעטוף בסלמון נא | צ’ילי חריף גרידת לימון","price":52,"vegan":false,"vegetarian":false,"image":"https://d25t2285lxl5rf.cloudfront.net/images/dishes/4e7dc913-99cf-4975-9e16-2467e8dc333a.jpg","notFood":false,"drinks":false},{"name":"MONSUN ROLL","description":"ספייסי טונה | אבוקדו | מלפפון |\nעטוף בסלמון צרוב ושבבי בטטה\n","price":52,"vegan":false,"vegetarian":false,"image":"https://d25t2285lxl5rf.cloudfront.net/images/dishes/bed97eac-61c7-4285-ba62-43c2c076c7d5.jpg","notFood":false,"drinks":false},{"name":"יאמי רול","description":"טונה | סלמון | מלפפון | עירית |\nאבוקדו | שבבי טמפורה","price":49,"vegan":false,"vegetarian":false,"image":"https://d25t2285lxl5rf.cloudfront.net/images/dishes/c43da40b-b71c-41ba-b11f-69276a95a279.jpg","notFood":false,"drinks":false},{"name":"מיקס דגים","description":"אבוקדו | מלפפון | עירית | עטוף בטונה,\nסלמון ודניס","price":49,"vegan":false,"vegetarian":false,"image":"https://d25t2285lxl5rf.cloudfront.net/images/dishes/8fbf8a40-ac1d-42fb-b78f-5aabf4afdd2a.jpg","notFood":false,"drinks":false},{"name":"VEGI","description":"טמאגו | אבוקדו | מלפפון | שומשום שחור","price":34,"vegan":false,"vegetarian":true,"image":"https://d25t2285lxl5rf.cloudfront.net/images/dishes/61ee267b-ff14-4b67-86f5-6be20c108653.jpg","notFood":false,"drinks":false},{"name":"דניסו","description":"אבוקדו | בצל ירוק | עטוף בדניס |\nפילה לימון | צ’ילי חריף | איולי יוזו\n","price":49,"vegan":false,"vegetarian":false,"image":"https://d25t2285lxl5rf.cloudfront.net/images/dishes/6315d6dd-90d9-45e4-8774-3a5609e64828.jpg","notFood":false,"drinks":false},{"name":"BP רול","description":"סלמון | מלפפון | אבוקדו | מטוגן בפנקו\n","price":48,"vegan":false,"vegetarian":false,"image":"https://d25t2285lxl5rf.cloudfront.net/images/dishes/45800553-c189-46d8-a365-d759f7dfa4d8.jpg","notFood":false,"drinks":false},{"name":"פאנקו מאקי","description":"מלפפון | טמאגו | אבוקדו עטופים\nבסלמון מטוגן בפאנקו\n","price":48,"vegan":false,"vegetarian":false,"image":"https://d25t2285lxl5rf.cloudfront.net/images/dishes/72a4074e-c835-4465-86e0-bd45ad3fb2d4.jpg","notFood":false,"drinks":false},{"name":"שיפודי מאקי סלמון","description":"סלמון בציפוי מטוגן בטמפורה","price":36,"vegan":false,"vegetarian":false,"image":"https://d25t2285lxl5rf.cloudfront.net/images/dishes/80bb92c1-e676-49e7-87ae-c0201729e9f4.jpg","notFood":false,"drinks":false},{"name":"סלמון צ'ימיצ'ורי","description":"סלמון, אבוקדו, צ'ימיצ'ורי פונזו","price":48,"vegan":false,"vegetarian":false,"notFood":false,"drinks":false},{"name":"סייגון רול\t","description":"דניס טמפורה | בצל ירוק | חסה אייסברג | סאקי יאקיטורי | עטוף בשבבי טמפורה\t","price":45,"vegan":false,"vegetarian":false,"notFood":false,"drinks":false},{"name":"סאקה סלמון","price":33,"vegan":false,"vegetarian":false,"image":"https://d25t2285lxl5rf.cloudfront.net/images/dishes/edd327a5-f3e9-4c84-87a4-bcfb3ee55341.jpg","notFood":false,"drinks":false},{"name":"סאקה דניס","price":33,"vegan":false,"vegetarian":false,"image":"https://d25t2285lxl5rf.cloudfront.net/images/dishes/30bdc65c-8870-49ac-8a50-37d66dc2bcb8.jpg","notFood":false,"drinks":false},{"name":"קומבינציית מאקי","description":"I/O יח' 4 | וירקות סלמון I/O יח' 4\nטונה אדומה וירקות | 4 יח' מאקי סלמון טמפורה\n","price":65,"vegan":false,"vegetarian":false,"image":"https://d25t2285lxl5rf.cloudfront.net/images/dishes/b35d3719-d811-4469-938a-22859acd3545.jpg","notFood":false,"drinks":false},{"name":"קומבינציית גריל","description":"| HOT ROLL I/O יח' 8 | טמפורה מאקי יח' 8\n3 יח’ ניגירי גריל סלמון\n","price":92,"vegan":false,"vegetarian":false,"image":"https://d25t2285lxl5rf.cloudfront.net/images/dishes/6a6eb4bc-8707-4d9c-a386-20c97f9d24ec.jpg","notFood":false,"drinks":false},{"name":"קומבינציית מאקי צמחונית","description":"8 יחי' O/I מלפפון, גזר, אבוקדו, בטטה\nעטופים באבוקדו | 4 יחי’ מאקי אבוקדו\n","price":52,"vegan":true,"vegetarian":true,"image":"https://d25t2285lxl5rf.cloudfront.net/images/dishes/b515790b-f0a9-4949-b276-09498d3559c6.jpg","notFood":false,"drinks":false},{"name":"קומבינציה גדולה","description":"4 יח' O/I סלמון וירקות |\n4 יח' O/I טונה אדומה וירקות | 8 יחי’ מאקי סלמון,\nטמפורה | 3 יח’ ניגירי | 3 יח’ סשימי\n","price":99,"vegan":false,"vegetarian":false,"image":"https://d25t2285lxl5rf.cloudfront.net/images/dishes/400e25a8-723c-47e5-ba1f-41d1522c6e27.jpg","notFood":false,"drinks":false},{"name":"קומבינציה מפוארת","description":"4 יח' O/I סלמון וירקות |\n4 יח' O/I טונה אדומה וירקות | 8 יח' מאקי סלמון טמפורה |\n5 יח' סשימי | 5 יח' ניגירי | קונוס ספייסי טונה | קונוס סלמון גריל","price":150,"vegan":false,"vegetarian":false,"image":"https://d25t2285lxl5rf.cloudfront.net/images/dishes/8468195c-d72b-4c22-9cd1-46f13abd11ef.jpg","notFood":false,"drinks":false},{"name":"נביעות מים מינרלים","price":12,"vegan":true,"vegetarian":true,"notFood":false,"drinks":false},{"name":"מאלטי בירה שחורה","price":13,"vegan":true,"vegetarian":true,"notFood":false,"drinks":true},{"name":"בקבוק קוקה קולה","price":13,"vegan":true,"vegetarian":true,"notFood":false,"drinks":true},{"name":"בקבוק דיאט קולה","price":13,"vegan":true,"vegetarian":true,"notFood":false,"drinks":true},{"name":"בקבוק קולה זירו","price":13,"vegan":true,"vegetarian":true,"notFood":false,"drinks":true},{"name":"בקבוק דיאט ספרייט","price":13,"vegan":true,"vegetarian":true,"notFood":false,"drinks":true},{"name":"פיוז טי אפרסק","price":13,"vegan":true,"vegetarian":true,"notFood":false,"drinks":false}]}