{"track_id":"21664","filters":["burgers","meatGrill","salads"],"image":"https://tenbis-static.azureedge.net/restaurant-card-image/ResCard_21664_20210526170703.jpg","address":"ביל\"ו, 2 רחובות","location":[34.8071159,31.8937669],"name":"רוזה ","city":"קרית עקרון","priceAverage":36.142857142857146,"menu":[{"name":"כנפיים בטריאקי","description":"500 גרם ","price":39,"vegan":false,"vegetarian":false,"image":"https://d25t2285lxl5rf.cloudfront.net/images/dishes/c49e48cc-2c4f-4885-8f53-11d090e45d8f.jpg","notFood":false,"drinks":false},{"name":"כרובית בטחינה","description":" פטרוזיליה, שום וצ'ילי מתוק ","price":39,"vegan":true,"vegetarian":true,"image":"https://d25t2285lxl5rf.cloudfront.net/images/dishes/64f5e7d7-6f36-47a8-b504-2a37c3db91cf.jpg","notFood":false,"drinks":false},{"name":"כדורי פירה","description":"מוגש עם צ'ילי מתוק","price":28,"vegan":true,"vegetarian":true,"image":"https://d25t2285lxl5rf.cloudfront.net/images/dishes/eb6390a5-30b8-43ef-9524-6c93bbe782e6.jpg","notFood":false,"drinks":false},{"name":"צ'יפס בטטה במייפל","price":28,"vegan":true,"vegetarian":true,"image":"https://d25t2285lxl5rf.cloudfront.net/images/dishes/35459ebf-9651-47ef-ab6a-8a8079c69c6e.jpg","notFood":false,"drinks":false},{"name":"פוטטוס","price":19,"vegan":true,"vegetarian":true,"image":"https://d25t2285lxl5rf.cloudfront.net/images/dishes/383e99dc-d803-4476-8f40-cc54c5ffacba.jpg","notFood":false,"drinks":false},{"name":"צ'יפס אמריקאי","price":19,"vegan":true,"vegetarian":true,"image":"https://d25t2285lxl5rf.cloudfront.net/images/dishes/1fd6b333-e5cd-4c52-8159-cd9ee8250de6.jpg","notFood":false,"drinks":false},{"name":"טבעות בצל","price":19,"vegan":true,"vegetarian":true,"image":"https://d25t2285lxl5rf.cloudfront.net/images/dishes/a339c83d-1988-4bff-a103-9950588f8f95.jpg","notFood":false,"drinks":false},{"name":"המבורגר בקר 150 גר'","price":39,"vegan":false,"vegetarian":false,"image":"https://d25t2285lxl5rf.cloudfront.net/images/dishes/06c9943e-1221-41d7-ba29-4e34859d4da7.jpg","notFood":false,"drinks":false},{"name":"המבורגר בקר 250 גר'","price":49,"vegan":false,"vegetarian":false,"image":"https://d25t2285lxl5rf.cloudfront.net/images/dishes/de587d63-caaf-4b82-9e1d-df67a30af692.jpg","notFood":false,"drinks":false},{"name":"המבורגר אנטריקוט 220 גר'","price":54,"vegan":false,"vegetarian":false,"image":"https://d25t2285lxl5rf.cloudfront.net/images/dishes/5c49e392-70b4-4570-b36b-dac26c552139.jpg","notFood":false,"drinks":false},{"name":"המבורגר טבעוני ביונד מיט","description":"עשוי מחלבון אפונה וקרם סלק","price":55,"vegan":true,"vegetarian":true,"image":"https://d25t2285lxl5rf.cloudfront.net/images/dishes/e5e9baff-0fa3-4820-870e-486439ca5d37.jpg","notFood":false,"drinks":false},{"name":"סנדוויץ' חזה עוף","description":" נתחי עוף מוקפצים עם בצל מטוגן .","price":49,"vegan":false,"vegetarian":false,"image":"https://d25t2285lxl5rf.cloudfront.net/images/dishes/4a5f8e5f-865b-4114-b98c-0bd91650d824.jpg","notFood":false,"drinks":false},{"name":"סנדוויץ' סלופי ג'ו","description":"נתחי טלה קצוצים עם בצל מטוגן ברוטב סלסה .","price":52,"vegan":false,"vegetarian":false,"image":"https://d25t2285lxl5rf.cloudfront.net/images/dishes/6a2276e8-c5a0-441c-842f-ef9324aa5fce.jpg","notFood":false,"drinks":false},{"name":"סנדוויץ' סטייק","description":"נתחי אנטריקוט מוקפצים עם בצל מטוגן .","price":54,"vegan":false,"vegetarian":false,"image":"https://d25t2285lxl5rf.cloudfront.net/images/dishes/b3eb6c43-eee9-45e0-a173-a12d38906420.jpg","notFood":false,"drinks":false},{"name":"סנדוויץ' אסאדו","description":"בשר אסאדו בבישול ארוך מפורק מהעצם מוגש עם בצל מטוגן .\n","price":54,"vegan":false,"vegetarian":false,"image":"https://d25t2285lxl5rf.cloudfront.net/images/dishes/0cd520ad-20b2-4cc3-86ae-b21cc77a7fed.jpg","notFood":false,"drinks":false},{"name":"טורטייה עוף","description":"בצל מטוגן וטחינה ביתית .","price":49,"vegan":false,"vegetarian":false,"image":"https://d25t2285lxl5rf.cloudfront.net/images/dishes/b3d8e5d3-1cf2-41c0-a13f-387f845f5983.jpg","notFood":false,"drinks":false},{"name":"טורטייה אנטריקוט","description":"נתחים מוקפצים עם בצל מטוגן ומיונז שום . ","price":54,"vegan":false,"vegetarian":false,"image":"https://d25t2285lxl5rf.cloudfront.net/images/dishes/2b03158d-f936-4566-a66e-1883f92ef9be.jpg","notFood":false,"drinks":false},{"name":"טורטייה קבב","description":"טחינה לבנה וסלסה ביתית .","price":52,"vegan":false,"vegetarian":false,"image":"https://d25t2285lxl5rf.cloudfront.net/images/dishes/bf3a473c-6c17-4209-9994-4353cc4b4600.jpg","notFood":false,"drinks":false},{"name":"טורטייה אסאדו","description":"בצל מטוגן ומיונז שום","price":54,"vegan":false,"vegetarian":true,"image":"https://d25t2285lxl5rf.cloudfront.net/images/dishes/5d04c1da-cf88-4e9c-98b3-959e6fd5ac99.jpg","notFood":false,"drinks":false},{"name":"מוקפץ עוף","description":"אטריות ביצים, שום, בצל, גזר, כרוב , שעועית ירוקה ובצל ירוק ברוטב סיני מסורתי","price":59,"vegan":false,"vegetarian":false,"image":"https://d25t2285lxl5rf.cloudfront.net/images/dishes/5f847f38-21a0-422b-a131-00f7cb0d344f.jpg","notFood":false,"drinks":false},{"name":"מוקפץ בקר","description":"אטריות ביצים, שום, בצל, גזר, כרוב שעועית ירוקה ובצל ירוק ברוטב סיני מסורתי","price":64,"vegan":false,"vegetarian":false,"image":"https://d25t2285lxl5rf.cloudfront.net/images/dishes/095145a2-dd5c-4c22-a680-69f1ce5e1151.jpg","notFood":false,"drinks":false},{"name":"מוקפץ צמחוני","description":"אטריות ביצים, שום, בצל, גזר, כרוב , שעועית ירוקה ובצל ירוק ברוטב סיני מסורתי","price":46,"vegan":false,"vegetarian":true,"image":"https://d25t2285lxl5rf.cloudfront.net/images/dishes/a37b7f03-1858-479e-b808-83093f79b53d.jpg","notFood":false,"drinks":false},{"name":"פטוצ'יני עגבניות","description":"בזיליקום, שמן זית ושום(צמחוני)","price":47,"vegan":true,"vegetarian":true,"image":"https://d25t2285lxl5rf.cloudfront.net/images/dishes/b4e31d36-3ad2-41c0-bb1c-f02d1d6a9d88.jpg","notFood":false,"drinks":false},{"name":"פטוצ'יני בולונז","description":"בשר בקר טחון במקום ברוטב עגבניות איטלקי","price":62,"vegan":false,"vegetarian":false,"image":"https://d25t2285lxl5rf.cloudfront.net/images/dishes/1fc01fa3-841d-4d96-a156-82ad1e2867a6.jpg","notFood":false,"drinks":false},{"name":"פטוצ'יני אסאדו","description":"בשר אסאדו בבישול ארוך ברוטב ציר בקר , פטריות , שום וירק","price":66,"vegan":false,"vegetarian":false,"image":"https://d25t2285lxl5rf.cloudfront.net/images/dishes/49468643-6b10-4ad1-9ddd-2603f15dedac.jpg","notFood":false,"drinks":false},{"name":"פטוצ'יני אנטריקוט","description":"בצלים ופטריות מוקפצים במחבת,ירק טרי, שום, טריאקי ומירין","price":66,"vegan":false,"vegetarian":false,"image":"https://d25t2285lxl5rf.cloudfront.net/images/dishes/7fa19f3e-f89c-4709-b31e-72430c2f06a8.jpg","notFood":false,"drinks":false},{"name":"סלט קריספי","description":"רצועות חזה עוף בציפוי פירורי לחם זהב ","price":59,"vegan":false,"vegetarian":false,"image":"https://d25t2285lxl5rf.cloudfront.net/images/dishes/86e95ed8-73da-4426-8eb9-6c0906ca59eb.jpg","notFood":false,"drinks":false},{"name":"סלט עוף פטריות","description":"נתחי חזה עוף מוקפצים עם בצל ופטריות ברוטב סויה מתוק","price":59,"vegan":false,"vegetarian":false,"image":"https://d25t2285lxl5rf.cloudfront.net/images/dishes/25565fbb-b220-4c00-8bc9-df7d87a0c758.jpg","notFood":false,"drinks":false},{"name":"סלט עוף וחזה אווז","description":"נתחי עוף וחזה אווז מעושן מוקפצים עם בצל מטוגן, שעועית ירוקה וירק טרי ","price":62,"vegan":false,"vegetarian":false,"image":"https://d25t2285lxl5rf.cloudfront.net/images/dishes/6881b1ff-fcee-44a3-95c4-2cfbcd7ae35c.jpg","notFood":false,"drinks":false},{"name":"סלט נתחי עגל","description":"מוקפצים עם בצלים ברוטב חמאת בוטנים וטחינה גולמית","price":64,"vegan":false,"vegetarian":true,"image":"https://d25t2285lxl5rf.cloudfront.net/images/dishes/0eb67970-270b-40db-aaf6-b1a17bd32627.jpg","notFood":false,"drinks":false},{"name":"סלט ירוק","description":"חסה, עלי בייבי, עגבניות שרי, מלפפון ירוק ובצל סגול ברוטב ויניגרט","price":36,"vegan":true,"vegetarian":true,"image":"https://d25t2285lxl5rf.cloudfront.net/images/dishes/48e1ed89-df42-4204-9767-9c89e25f31bb.jpg","notFood":false,"drinks":false},{"name":"סלט ישראלי","description":"עגבניה, מלפפון, בצל סגול ופטרוזיליה. קצוץ ומתובל במקום","price":36,"vegan":true,"vegetarian":true,"image":"https://d25t2285lxl5rf.cloudfront.net/images/dishes/45992a31-24cd-4b3d-8802-99bdd9cfd75b.jpg","notFood":false,"drinks":false},{"name":"פרגיות בעשבי תיבול","description":"צלויות על הגריל, אורז ירוק ושקדים לבנים קלויים","price":66,"vegan":false,"vegetarian":false,"image":"https://d25t2285lxl5rf.cloudfront.net/images/dishes/746aaf42-a8ff-4617-ba42-9bf585dcbae9.jpg","notFood":false,"drinks":false},{"name":"פרגיות בחמאת בוטנים","description":"על מצע נודלס, בצלים ובוטנים קלויים","price":66,"vegan":false,"vegetarian":false,"image":"https://d25t2285lxl5rf.cloudfront.net/images/dishes/aa618f4f-95a8-44e3-9df6-dec1624bcee0.jpg","notFood":false,"drinks":false},{"name":"שניצל רוזה קלאסי","description":"מוגש עם צ'יפס וסלט אישי","price":64,"vegan":false,"vegetarian":false,"image":"https://d25t2285lxl5rf.cloudfront.net/images/dishes/c5bdc457-2451-4504-9a2e-070529c0c75f.jpg","notFood":false,"drinks":false},{"name":"המבורגר ילדים","description":"מוגש עם צ'יפס","price":45,"vegan":false,"vegetarian":false,"image":"https://d25t2285lxl5rf.cloudfront.net/images/dishes/57b4f1fd-2987-4383-aa16-303721acbc89.jpg","notFood":false,"drinks":false},{"name":"שניצלונים ילדים","description":"מוגש עם צ'יפס ","price":45,"vegan":false,"vegetarian":false,"image":"https://d25t2285lxl5rf.cloudfront.net/images/dishes/6ec6a936-8fc7-4227-9126-7bacfd80afa9.jpg","notFood":false,"drinks":false},{"name":"קוקה קולה","price":11,"vegan":true,"vegetarian":true,"notFood":false,"drinks":true},{"name":"קולה זירו","price":11,"vegan":true,"vegetarian":true,"notFood":false,"drinks":true},{"name":"ספרייט","price":11,"vegan":true,"vegetarian":true,"notFood":false,"drinks":true},{"name":"ספרייט זירו","price":11,"vegan":true,"vegetarian":true,"notFood":false,"drinks":true},{"name":"פאנטה","price":11,"vegan":true,"vegetarian":true,"notFood":false,"drinks":false},{"name":"סודה","price":9,"vegan":true,"vegetarian":true,"notFood":false,"drinks":true},{"name":"שוופס אפרסק","price":11,"vegan":true,"vegetarian":true,"notFood":false,"drinks":false},{"name":"שוופס פירות יער","price":11,"vegan":true,"vegetarian":true,"notFood":false,"drinks":false},{"name":"שוופס ענבים","price":11,"vegan":true,"vegetarian":true,"notFood":false,"drinks":true},{"name":"שוופס תפוחים","price":11,"vegan":true,"vegetarian":true,"notFood":false,"drinks":false},{"name":"ענבים","price":11,"vegan":true,"vegetarian":true,"notFood":false,"drinks":true},{"name":"תפוזים","price":11,"vegan":true,"vegetarian":true,"notFood":false,"drinks":false},{"name":"אשכולית","price":11,"vegan":true,"vegetarian":true,"notFood":false,"drinks":false},{"name":"מים תפוח","price":11,"vegan":true,"vegetarian":true,"notFood":false,"drinks":false},{"name":"מים ענבים","price":11,"vegan":true,"vegetarian":true,"notFood":false,"drinks":true},{"name":"מים אפרסק","price":11,"vegan":true,"vegetarian":true,"notFood":false,"drinks":false},{"name":"מים מינרלים","price":9,"vegan":true,"vegetarian":true,"notFood":false,"drinks":false},{"name":"פיוז טי אפרסק","price":11,"vegan":true,"vegetarian":true,"notFood":false,"drinks":false},{"name":"בירה שחורה","price":12,"vegan":true,"vegetarian":true,"notFood":false,"drinks":true}]}