{"track_id":"21677","filters":["homeMade","meatGrill"],"image":"https://tenbis-static.azureedge.net/restaurant-card-image/ResCard_21677_20211207095621.jpg","address":"דרך בן גוריון, 61 בת ים","location":[34.7404992,32.0241029],"name":"דדה ","city":"ראשון לציון, חולון, בת ים","priceAverage":38.97014925373134,"menu":[{"name":"סלט דילה","description":"מלפפון, עגבנייה, בצל אדום, גמבה\nוירק חתוך גס בתיבול שמן זית ואגוזי מלך","price":45,"vegan":true,"vegetarian":true,"image":"https://d25t2285lxl5rf.cloudfront.net/images/dishes/84c015fa-0ced-4777-9aa9-2b06e97fda63.png","notFood":false,"drinks":false},{"name":"סלט נלי","description":"מלפפון, עגבנייה, בצל אדום, גמבה, חסה וירק חתוך דק בתיבול שמן זית מיץ לימון וגבינה בולגרית","price":48,"vegan":false,"vegetarian":true,"image":"https://d25t2285lxl5rf.cloudfront.net/images/dishes/54a49b69-c11f-46f5-b0dd-5bbd22a0b086.png","notFood":false,"drinks":false},{"name":"סלט טביליסי","description":" חסה, גמבה, בצל סגול, שעועית לבנה, אגוזי מלך, חמוציות וירק בתיבול גאורגי מקורי","price":48,"vegan":true,"vegetarian":true,"image":"https://d25t2285lxl5rf.cloudfront.net/images/dishes/e06bef19-debe-4c9b-9f79-44a0d507a5cc.png","notFood":false,"drinks":false},{"name":"פחאלי","description":"גלילות חציל במילוי אגוזי מלך ופחאלי של סלק אדום","price":42,"vegan":true,"vegetarian":true,"image":"https://d25t2285lxl5rf.cloudfront.net/images/dishes/73bbd0b9-06d3-4ace-aa62-b248cea06139.png","notFood":false,"drinks":false},{"name":"אג'פסנדל","description":"חציל קלוי וירקות גינה מבושלים בשיטת רטטוי","price":38,"vegan":true,"vegetarian":true,"image":"https://d25t2285lxl5rf.cloudfront.net/images/dishes/71aad2de-2357-4c51-acb1-53717daf56b7.png","notFood":false,"drinks":false},{"name":"לוביו","description":"תבשיל שעועית אדומה עם ירק ואגוזי מלך","price":34,"vegan":true,"vegetarian":true,"image":"https://d25t2285lxl5rf.cloudfront.net/images/dishes/1b77e065-d199-4c5e-8e12-1678d3496269.png","notFood":false,"drinks":false},{"name":"חציליאני","description":"חציל קלוי עם תערובת פטריות  ","price":38,"vegan":true,"vegetarian":true,"image":"https://d25t2285lxl5rf.cloudfront.net/images/dishes/eb7e6e08-785f-40a9-b041-507c5bccaecf.png","notFood":false,"drinks":false},{"name":"פוטטוס","description":"פלחי תפוח אדמה אפוי וקריספי","price":30,"vegan":true,"vegetarian":true,"image":"https://d25t2285lxl5rf.cloudfront.net/images/dishes/4580a9b9-b9ec-4d06-b1f2-f477fb6bf04e.png","notFood":false,"drinks":false},{"name":"כנפיים","description":"חצאי כנפי עוף בתיבול גאורגי מקורי (8 יח')","price":34,"vegan":false,"vegetarian":false,"image":"https://d25t2285lxl5rf.cloudfront.net/images/dishes/64754344-78a0-42b8-bcfa-daca745fe9e6.png","notFood":false,"drinks":false},{"name":"סוקוחורי","description":"תפוחי אדמה, פטריות ובצל סגול מוקפצים יחד בתיבול גאורגי מקורי","price":42,"vegan":true,"vegetarian":true,"image":"https://d25t2285lxl5rf.cloudfront.net/images/dishes/ca3487e5-0ad3-483a-ae63-af104ae576e1.png","notFood":false,"drinks":false},{"name":"כדורי גבינה","description":"כדורי גבינה פריכים עם נגיעות של נענע ושום שמיר, מגיע בליווי מטבל מקורי","price":42,"vegan":false,"vegetarian":true,"image":"https://d25t2285lxl5rf.cloudfront.net/images/dishes/fef78958-0f16-49d8-91df-7ab1650a9115.jpg","notFood":false,"drinks":false},{"name":"פלטת חמוצים גאורגיים","description":"כרוב סגול, זיתים שחורים, מלפפונים חמוצים","price":12,"vegan":true,"vegetarian":true,"notFood":false,"drinks":false},{"name":"חרצ'ו","description":"בשר עגל,אורז ואגוזי מלך","price":39,"vegan":false,"vegetarian":false,"image":"https://d25t2285lxl5rf.cloudfront.net/images/dishes/d3e30c6e-7e76-45fb-8382-84980439acb6.png","notFood":false,"drinks":false},{"name":"בורשט","description":"בשר עגל, סלט אדום וירקות גינה","price":39,"vegan":false,"vegetarian":false,"image":"https://d25t2285lxl5rf.cloudfront.net/images/dishes/dead62e3-4b77-4325-b7b1-93a20cf951f0.png","notFood":false,"drinks":false},{"name":"סוליאנקה","description":"בשר עגל וירקות\nמוחמצים","price":39,"vegan":false,"vegetarian":false,"image":"https://d25t2285lxl5rf.cloudfront.net/images/dishes/1ccf6474-a004-49c9-b366-cfba71d95625.png","notFood":false,"drinks":false},{"name":"לחמג'ו","description":"מאפה במילוי בשר עגל בתיבול גאורגי מקורי. 2 יח'","price":25,"vegan":false,"vegetarian":false,"image":"https://d25t2285lxl5rf.cloudfront.net/images/dishes/386864c2-86d1-4f34-b938-f609515d49ec.png","notFood":false,"drinks":false},{"name":"קובדרי","description":"מאפה פריך במילוי נתחי בשר עגל ותיבול גיאורגי","price":44,"vegan":false,"vegetarian":false,"image":"https://d25t2285lxl5rf.cloudfront.net/images/dishes/7bd5cfea-490b-4461-918b-ac07d5a24774.png","notFood":false,"drinks":false},{"name":"חינקלי","description":"כופתאות במילוי בשר (5 יחי')","price":48,"vegan":false,"vegetarian":false,"image":"https://d25t2285lxl5rf.cloudfront.net/images/dishes/86189235-848c-4c19-9761-7aade046e9c4.png","notFood":false,"drinks":false},{"name":"צ'יבורקי","description":"מאפה קריספי במילוי בשר טחון בתיבול גאורגי מקורי. 2 יח'","price":44,"vegan":false,"vegetarian":false,"image":"https://d25t2285lxl5rf.cloudfront.net/images/dishes/15fa062f-5153-4821-b8bc-98fa7add8e4a.png","notFood":false,"drinks":false},{"name":"קוורי","description":"מאפה קריספי במילוי תערובת גבינות (2 יח')","price":46,"vegan":true,"vegetarian":true,"image":"https://d25t2285lxl5rf.cloudfront.net/images/dishes/3cdd7439-3bc1-485a-b37e-7a06f93d1009.png","notFood":false,"drinks":false},{"name":"חצ'פורי אימרולי","description":"מאפה במילוי תערובת גבינות","price":46,"vegan":true,"vegetarian":true,"image":"https://d25t2285lxl5rf.cloudfront.net/images/dishes/54597aef-c2b8-44e2-9b73-1aeed2563b03.png","notFood":false,"drinks":false},{"name":"חצ'פורי מיגרולי","description":"מאפה במילוי תערובת גבינות עם שכבת גבינה נוספת למעלה","price":52,"vegan":false,"vegetarian":true,"image":"https://d25t2285lxl5rf.cloudfront.net/images/dishes/c4e17679-ec35-40e7-98e0-3012ffa23730.png","notFood":false,"drinks":false},{"name":"חצ'פורי איטליאורי (פיצה דדה)","description":"בצק דק וקריספי עם רוטב עגבניות ותערובת גבינות, גבינת \nגרוזינסקי, מוצרלה וסולוגוני.","price":39,"vegan":false,"vegetarian":true,"image":"https://d25t2285lxl5rf.cloudfront.net/images/dishes/95e0b647-ae66-49ca-a576-879b659a0a0b.jpg","notFood":false,"drinks":false},{"name":"בדריג'אני","description":"מאפה פריך במילוי חציל קלוי, ירקות וגבינה","price":42,"vegan":false,"vegetarian":true,"image":"https://d25t2285lxl5rf.cloudfront.net/images/dishes/773ec638-f6cc-4359-8999-785c4621c6d7.png","notFood":false,"drinks":false},{"name":"בדריסוקו","description":"מאפה פריך במילוי חציל קלוי פיטריות יער, וגבינה","price":52,"vegan":false,"vegetarian":true,"image":"https://d25t2285lxl5rf.cloudfront.net/images/dishes/32a669d4-ba65-4a04-bc36-e860a2c233a4.png","notFood":false,"drinks":false},{"name":"לוביאני","description":"מאפה פריך במילוי שעועית אדומה ותיבול גיאורגי","price":39,"vegan":true,"vegetarian":true,"image":"https://d25t2285lxl5rf.cloudfront.net/images/dishes/fc1fc83b-6c0a-478b-b2c1-9783ca1e03de.png","notFood":false,"drinks":false},{"name":"חשלמה","description":"בשר עגל מבושל ב-11 סוגי ירק, עשיר בטעם \nשל טרגון ובזיליקום. ","price":68,"vegan":false,"vegetarian":false,"image":"https://d25t2285lxl5rf.cloudfront.net/images/dishes/2b243705-7afa-4070-b354-2fa9ee3f81d6.png","notFood":false,"drinks":false},{"name":"חרצ'ו בשר","description":"בשר עגל מבושל ברוטב אגוזים עשיר. ","price":62,"vegan":false,"vegetarian":false,"image":"https://d25t2285lxl5rf.cloudfront.net/images/dishes/e6507410-52c3-4d50-a8ad-ecbd284ef995.png","notFood":false,"drinks":false},{"name":"צ'נחי","description":"תבשיל בשר עגל, תפו\"א וחציל. ","price":59,"vegan":false,"vegetarian":false,"image":"https://d25t2285lxl5rf.cloudfront.net/images/dishes/67b289a2-6f15-4277-8cd6-9e6fadd40e4b.png","notFood":false,"drinks":false},{"name":"צ'חוחבילי","description":"שוק עוף מבושל ברוטב עגבניות קלויות ובצל מקורמל. מוגש בליווי אורז","price":59,"vegan":false,"vegetarian":false,"image":"https://d25t2285lxl5rf.cloudfront.net/images/dishes/403254d7-d55f-4804-a8d5-02f0df6b31c1.png","notFood":false,"drinks":false},{"name":"פלוב","description":"בשר עגל מבושל עם אורז בתערובת תבלינים אותנטיים. ","price":64,"vegan":false,"vegetarian":false,"image":"https://d25t2285lxl5rf.cloudfront.net/images/dishes/60b32357-3f63-48c7-9a1f-e5f882b646eb.png","notFood":false,"drinks":false},{"name":"דולמה","description":"\tעלי גפן במילוי אורז ובשר עגל","price":59,"vegan":false,"vegetarian":false,"image":"https://d25t2285lxl5rf.cloudfront.net/images/dishes/d0f2cc4d-a26a-448a-8f04-b4fb27295ce8.png","notFood":false,"drinks":false},{"name":"צ'ששולי","description":"נתחי בשר עגל מבושלים ברוטב עגבניות קלויות ובצל מקורמל, מוגש עם כוסמת","price":59,"vegan":false,"vegetarian":false,"image":"https://d25t2285lxl5rf.cloudfront.net/images/dishes/b0b812d8-073b-49ea-93da-bff1bbc21ecc.png","notFood":false,"drinks":false},{"name":"צלעות טלה (320 גרם)","description":"צלעות טלה מובחרות על הגריל מוגש בתוספת שעועית ירוקה ותפו\"א","price":120,"vegan":false,"vegetarian":false,"image":"https://d25t2285lxl5rf.cloudfront.net/images/dishes/22692849-8413-49e2-a8e6-3fb4aa8c992e.png","notFood":false,"drinks":false},{"name":"קבב דדה (300 גרם)","description":"קבב במתכון מקורי מהמטבח הגאורגי מוגש בתוספת שעועית ירוקה ותפו\"א","price":74,"vegan":false,"vegetarian":false,"image":"https://d25t2285lxl5rf.cloudfront.net/images/dishes/c4bd5cc1-b46b-427a-a51b-52cd1de4d95c.png","notFood":false,"drinks":false},{"name":"סטייק פרגית (כ-300 גרם)","description":"נתחי סטייק פרגית \nקצר במרינדה אותנטית. מוגש עם תפו\"א אפויים בתנור ושעועית ירוקה","price":74,"vegan":false,"vegetarian":false,"image":"https://d25t2285lxl5rf.cloudfront.net/images/dishes/944a5f5f-a7d6-4414-9914-4edd8654c5ba.png","notFood":false,"drinks":false},{"name":"שיפודי סינטה (300 גרם)","description":"פילה עגל על הגריל מוגש בתוספת שעועית ירוקה ותפו\"א","price":120,"vegan":false,"vegetarian":false,"image":"https://d25t2285lxl5rf.cloudfront.net/images/dishes/25aec21b-e3ba-4d68-aeca-e20254d585d9.png","notFood":false,"drinks":false},{"name":"שניצל DEDA","description":"חזה עוף בציפוי מקורי (פריזאי) מוגש בתוספת שעועית ירוקה ותפו\"א","price":58,"vegan":false,"vegetarian":false,"image":"https://d25t2285lxl5rf.cloudfront.net/images/dishes/50556329-fbd2-4874-a38a-3ba6c4ea867f.png","notFood":false,"drinks":false},{"name":"קברגית","description":"תערובת מיקס פרגית בתיבול ייחודי וקבב גאורגי עם תוספת תפו\"א ושעועית ירוקה \n","price":74,"vegan":false,"vegetarian":false,"image":"https://d25t2285lxl5rf.cloudfront.net/images/dishes/2253524.jpg","notFood":false,"drinks":false},{"name":"גטה-מתכון חדש!","description":"מאפה מקורי במילוי קוזינח במתכון שעובר מדור מדור","price":36,"vegan":true,"vegetarian":true,"image":"https://d25t2285lxl5rf.cloudfront.net/images/dishes/f3f76829-7447-473f-96ba-004c44560980.png","notFood":false,"drinks":false},{"name":"פאי תפוחים","description":"עוגת אגוזים ותפוחים","price":48,"vegan":true,"vegetarian":true,"image":"https://d25t2285lxl5rf.cloudfront.net/images/dishes/2fd5bc47-cab7-48f8-8921-338d858d1eda.jpg","notFood":false,"drinks":false},{"name":"נפוליאון","description":"מסורתית לפי מתכון עוגן גרוזיני משפחתי עתיק","price":32,"vegan":true,"vegetarian":true,"image":"https://d25t2285lxl5rf.cloudfront.net/images/dishes/c8a84c05-6e01-46a6-91aa-f77ebbf947f7.png","notFood":false,"drinks":false},{"name":"רוטב אגי'קה","description":"צנצנת ממרח פלפלים גאורגי חריף 240 גרם","price":20,"vegan":true,"vegetarian":true,"image":"https://d25t2285lxl5rf.cloudfront.net/images/dishes/2371917.png","notFood":false,"drinks":false},{"name":"רוטב דובדבני קורנילה","price":24,"vegan":true,"vegetarian":true,"image":"https://d25t2285lxl5rf.cloudfront.net/images/dishes/2769391.png","notFood":false,"drinks":false},{"name":"אג'יקה","price":2,"vegan":true,"vegetarian":true,"notFood":false,"drinks":false},{"name":"שמנת חמוצה","price":2,"vegan":false,"vegetarian":true,"notFood":false,"drinks":false},{"name":"יין קינזמראולי - יין מסורתי (אדום) חצי מתוק - 700 מ\"ל","price":68,"vegan":true,"vegetarian":true,"image":"https://d25t2285lxl5rf.cloudfront.net/images/dishes/130d2140-7a94-4ce3-af58-1202dc42fcb7.png","notFood":false,"drinks":false},{"name":"יין ספראבי - יין מסורתי (אדום) יבש - 700 מ\"ל","price":68,"vegan":true,"vegetarian":true,"image":"https://d25t2285lxl5rf.cloudfront.net/images/dishes/f15b2950-ea6d-4e34-9a35-d2c91b285598.png","notFood":false,"drinks":false},{"name":"יין אלזאניס וואלי - יין מסורתי (לבן) חצי מתוק - 700 מ\"ל","price":64,"vegan":true,"vegetarian":true,"image":"https://d25t2285lxl5rf.cloudfront.net/images/dishes/4e4e1b6a-f1b2-4c60-952c-4e727fff20e4.png","notFood":false,"drinks":false},{"name":"סודה","price":12,"vegan":true,"vegetarian":true,"notFood":false,"drinks":true},{"name":"קוקה קולה","price":12,"vegan":true,"vegetarian":true,"notFood":false,"drinks":true},{"name":"קולה זירו","price":12,"vegan":true,"vegetarian":true,"notFood":false,"drinks":true},{"name":"ספרייט","price":12,"vegan":true,"vegetarian":true,"notFood":false,"drinks":true},{"name":"פאנטה","price":12,"vegan":true,"vegetarian":true,"notFood":false,"drinks":false},{"name":"פיוז טי","price":12,"vegan":true,"vegetarian":true,"notFood":false,"drinks":false},{"name":"תפוזים","price":12,"vegan":true,"vegetarian":true,"notFood":false,"drinks":false},{"name":"אשכוליות","price":12,"vegan":true,"vegetarian":true,"notFood":false,"drinks":false},{"name":"ענבים","price":12,"vegan":true,"vegetarian":true,"notFood":false,"drinks":true},{"name":"לימונענע","price":12,"vegan":true,"vegetarian":true,"notFood":false,"drinks":false},{"name":"תפוחים","price":12,"vegan":true,"vegetarian":true,"notFood":false,"drinks":false},{"name":"בירה נשר","price":12,"vegan":true,"vegetarian":true,"notFood":false,"drinks":true},{"name":"מים מינרליים קטן","price":14,"vegan":true,"vegetarian":true,"notFood":false,"drinks":true},{"name":"מים מוגזים ג'רמוק","price":16,"vegan":true,"vegetarian":true,"notFood":false,"drinks":false},{"name":"טרגון גדול","price":16,"vegan":true,"vegetarian":true,"notFood":false,"drinks":false},{"name":"אגסים- קטן","price":16,"vegan":true,"vegetarian":true,"notFood":false,"drinks":false},{"name":"אגסים- גדול","price":25,"vegan":true,"vegetarian":true,"notFood":false,"drinks":false},{"name":"מים מינרליים גדול","price":19,"vegan":true,"vegetarian":true,"notFood":false,"drinks":true}]}