{"track_id":"21690","filters":["veganFood","glutenFree","meatGrill"],"image":"https://tenbis-static.azureedge.net/restaurant-card-image/ResCard_21690_20191224165804.jpg","address":"שלמה אבן גבירול, 52 תל אביב-יפו","location":[34.7814341,32.0777303],"name":"ברטון קרפרי אבן גבירול","city":"תל אביב-יפו","priceAverage":30.355555555555554,"menu":[{"name":"גראטן","description":" קרם פרש, גבינת אמנטל, בצל ירוק, תפוחי אדמה, שום קונפי ופלפל שחור","price":44,"vegan":false,"vegetarian":true,"image":"https://d25t2285lxl5rf.cloudfront.net/images/dishes/efa9c773-6e9d-46df-87b6-6144e99f4555.jpg","notFood":false,"drinks":false},{"name":"בייקון טלה צ'דר","description":"גבינת אמנטל, ת'דר מעושנת, תרד, בייקון טלה, תפוח אדמה, בצל סגול, שום, חריף ורוקט. ","price":52,"vegan":false,"vegetarian":false,"image":"https://d25t2285lxl5rf.cloudfront.net/images/dishes/281d2804-73f1-4162-9e9e-a39cf6d8f577.jpg","notFood":false,"drinks":false},{"name":"נוטלה","description":"שים לב! הקרפ עשוי מבלילת חיטה המכילה גלוטן. ניתן לבחור באופציה ללא גלוטן במידה וישנה רגישות","price":24,"vegan":false,"vegetarian":false,"image":"https://d25t2285lxl5rf.cloudfront.net/images/dishes/68055da3-5d57-473e-9aba-09268b5febc7.jpg","notFood":false,"drinks":false},{"name":"חלומי צאן","description":"חלומי, קרם פרש, בצל ירוק, בזיליקום- נענע, עגבניות ורוקט. ","price":46,"vegan":true,"vegetarian":true,"image":"https://d25t2285lxl5rf.cloudfront.net/images/dishes/f78bceea-8f00-429e-8955-f654f3aa1905.jpg","notFood":false,"drinks":false},{"name":"מארז 5 קרפים להכנה ביתית","description":"ברטון מביאים לכם את הקרפים מהבלילה המסורתית שלנו, מעשה עבודת יד מקמח כוסמת אשר נטחנת בסניפינו מידי יום.\n*הבלילה טבעונית ואינה מכילה גלוטן","price":34,"vegan":true,"vegetarian":true,"image":"https://d25t2285lxl5rf.cloudfront.net/images/dishes/b8ea8eeb-0818-4c44-916b-79591c6319fb.37","notFood":false,"drinks":false},{"name":"קרמל מלוח - מסדרת ממרחי הבית של ברטון ! נטול גלוטן","description":"ממרח הקרמל מלוח המוכר והאהוב של ברטון מגיע עד אליכם הבייתה! ממרח איכותי אותו תוכלו למצוא בחלק מהקרפים המתוקים שלנו, מיוצר במטבחינו ע״י מתכון השף\nתכולה בצנצנת 200 מ״ל","price":30,"vegan":true,"vegetarian":true,"image":"https://d25t2285lxl5rf.cloudfront.net/images/dishes/851eca2d-a0b6-49fc-b616-7f111fc950f1.jpg","notFood":false,"drinks":false},{"name":"קלאסי","description":"גבינת אמנטל, ביצה, עגבנייה, בצל סגול, כוסברה, שום ורוקט. ","price":44,"vegan":false,"vegetarian":true,"image":"https://d25t2285lxl5rf.cloudfront.net/images/dishes/c6366aa9-ca9d-4fa0-942e-65ebe9e5c99d.jpg","notFood":false,"drinks":false},{"name":"חלומי צאן","description":"חלומי, קרם פרש, בצל ירוק, בזיליקום- נענע, עגבניות ורוקט. ","price":46,"vegan":true,"vegetarian":true,"image":"https://d25t2285lxl5rf.cloudfront.net/images/dishes/f78bceea-8f00-429e-8955-f654f3aa1905.jpg","notFood":false,"drinks":false},{"name":"קרפ זחלוטה","description":"לבנה עזים, תפוחי אדמה, בצל ירוק, עגבניות, ביצן עין הפוכה, מחלוטה זעתר מעשה ידי השף, עלי רוקט ושפריץ לימון","price":46,"vegan":true,"vegetarian":true,"image":"https://d25t2285lxl5rf.cloudfront.net/images/dishes/eadbd62b-8023-44c5-8fa8-0a01557038fc.jpg","notFood":false,"drinks":false},{"name":"גראטן","description":" קרם פרש, גבינת אמנטל, בצל ירוק, תפוחי אדמה, שום קונפי ופלפל שחור","price":44,"vegan":false,"vegetarian":true,"image":"https://d25t2285lxl5rf.cloudfront.net/images/dishes/efa9c773-6e9d-46df-87b6-6144e99f4555.jpg","notFood":false,"drinks":false},{"name":"צ'דר מעושנת","description":"גבינת אמנטל, צ'דר מעושנת, תפוח אדמה, תרד, שום, חריף, זיתים ורוקט. ","price":46,"vegan":false,"vegetarian":true,"image":"https://d25t2285lxl5rf.cloudfront.net/images/dishes/8358f430-e151-43f1-a5cc-93eb10f897c1.jpg","notFood":false,"drinks":false},{"name":"סנט מור ירוקים","description":"סנט מור, בצל ירוק, תרד, שעועית ירוקה, תפוח אדמה, חריף, שום ורוקט. ","price":46,"vegan":true,"vegetarian":true,"image":"https://d25t2285lxl5rf.cloudfront.net/images/dishes/1ed256ca-e5fa-4493-9c9a-e7782ad79c22.jpg","notFood":false,"drinks":false},{"name":"ארטישוק קרם פרש","description":"קרם פרש, בצל ירוק, ארטישוק, עגבניות מיובשות, שום ורוקט.\t","price":46,"vegan":true,"vegetarian":true,"image":"https://d25t2285lxl5rf.cloudfront.net/images/dishes/304925fb-139d-429d-b07b-68159c58c5b1.jpg","notFood":false,"drinks":false},{"name":"רוקפור וקרם סלק","description":"קרם פרש, קרם סלק, גבינת רוקפור, חריף ורוקט","price":46,"vegan":false,"vegetarian":true,"image":"https://d25t2285lxl5rf.cloudfront.net/images/dishes/c4b5289b-6d32-4fe4-8f8c-a407c9ac25ba.jpg","notFood":false,"drinks":false},{"name":"קלאסי טבעוני","description":"גבינה טבעונית, עגבנייה, בצל סגול, תרד זיתים, כוסברה, שום רוקט","price":44,"vegan":true,"vegetarian":true,"image":"https://d25t2285lxl5rf.cloudfront.net/images/dishes/0f0d8d3a-0856-4b59-96cf-c3347ffaacc5.jpg","notFood":false,"drinks":false},{"name":"קרפ בטטה","description":"בטטה אפויה, בצל ירוק, קרם סלק, טחינה גולמית, שמן שום, עלי רוקט, שפריץ לימון","price":44,"vegan":true,"vegetarian":true,"image":"https://d25t2285lxl5rf.cloudfront.net/images/dishes/d33b50f1-c180-4f1c-8044-b29c51935724.jpg","notFood":false,"drinks":false},{"name":"ארטישוק א-לה רומנה","description":"גבינה טבעונית, בצל ירוק, ארטישוק, עגבניות מיובשות, שום ורוקט. ","price":44,"vegan":true,"vegetarian":true,"image":"https://d25t2285lxl5rf.cloudfront.net/images/dishes/3888649f-5dc5-4a56-a9f1-1bf51b7610c2.jpg","notFood":false,"drinks":false},{"name":"קלאסי נקניק","description":"גבינת אמנטל, ביצה, עגבנייה, בצל סגול, פסטרמה הודו, כוסברה, שום ורוקט. ","price":50,"vegan":false,"vegetarian":true,"image":"https://d25t2285lxl5rf.cloudfront.net/images/dishes/430f5412-3744-4929-a78c-600f6aff6c9d.jpg","notFood":false,"drinks":false},{"name":"כתף בקר","description":"חרדל, אמנטל, פקורינו, תפוח אדמה, שום קונפי, כתף בקר, עלי אורגנו טריים ורוקט. ","price":50,"vegan":false,"vegetarian":false,"image":"https://d25t2285lxl5rf.cloudfront.net/images/dishes/d248dc26-8261-4128-b75e-fe074586dc47.jpg","notFood":false,"drinks":false},{"name":"מנה גראטן בייקון טלה","description":"קרם פרש, גבינת אמנטל, רצועות בייקון ולה מובחר, בצל ירוק, תפוחי אדמה, שום קונפי ופלפל שחור. ","price":52,"vegan":false,"vegetarian":false,"image":"https://d25t2285lxl5rf.cloudfront.net/images/dishes/6436d1df-b174-4fe8-a34d-296fd6283538.jpg","notFood":false,"drinks":false},{"name":"בייקון טלה צ'דר","description":"גבינת אמנטל, ת'דר מעושנת, תרד, בייקון טלה, תפוח אדמה, בצל סגול, שום, חריף ורוקט. ","price":52,"vegan":false,"vegetarian":false,"image":"https://d25t2285lxl5rf.cloudfront.net/images/dishes/281d2804-73f1-4162-9e9e-a39cf6d8f577.jpg","notFood":false,"drinks":false},{"name":"נוטלה","description":"שים לב! הקרפ עשוי מבלילת חיטה המכילה גלוטן. ניתן לבחור באופציה ללא גלוטן במידה וישנה רגישות","price":24,"vegan":false,"vegetarian":false,"image":"https://d25t2285lxl5rf.cloudfront.net/images/dishes/68055da3-5d57-473e-9aba-09268b5febc7.jpg","notFood":false,"drinks":false},{"name":"בנופי (נטול גלוטן)","description":"ריבת חלב, בננה וקוקוס מקורמל","price":28,"vegan":false,"vegetarian":true,"image":"https://d25t2285lxl5rf.cloudfront.net/images/dishes/5a7ba5a6-5a44-43cd-8bcd-b1ad8ae1a0d7.jpg","notFood":false,"drinks":false},{"name":"צ'אבי האבי","description":"חמאת בוטנים, שוקולד חלב ושברי בייגלה\nשים לב! הקרפ עשוי מבלילת חיטה המכילה גלוטן. ניתן לבחור באופציה ללא גלוטן במידה וישנה רגישות","price":26,"vegan":false,"vegetarian":true,"image":"https://d25t2285lxl5rf.cloudfront.net/images/dishes/041147ef-8927-4ba0-bc13-e5243589307a.jpg","notFood":false,"drinks":false},{"name":"סינבון","description":"חמאה, סוכר, קינמון וחלב מרוכז\nשים לב! הקרפ עשוי מבלילת חיטה המכילה גלוטן. ","price":26,"vegan":false,"vegetarian":true,"image":"https://d25t2285lxl5rf.cloudfront.net/images/dishes/bdbe63f5-e998-49cb-9850-8e801755a355.jpg","notFood":false,"drinks":false},{"name":"ברטונלה","description":"הנוטלה שלנו\nשים לב! הקרפ עשוי מבלילת חיטה המכילה גלוטן. ניתן לבחור באופציה ללא גלוטן במידה וישנה רגישות","price":24,"vegan":false,"vegetarian":false,"image":"https://d25t2285lxl5rf.cloudfront.net/images/dishes/fa863f36-efae-4e25-9897-87f5a8a91379.jpg","notFood":false,"drinks":false},{"name":"קרם ערמונים","description":"שים לב! הקרפ עשוי מבלילת חיטה המכילה גלוטן. ניתן לבחור באופציה ללא גלוטן במידה וישנה רגישות","price":28,"vegan":true,"vegetarian":true,"image":"https://d25t2285lxl5rf.cloudfront.net/images/dishes/6e6b4566-ba2e-4ab9-bfd0-04adcf5c59f9.jpg","notFood":false,"drinks":false},{"name":"טאטין (נטול גלוטן)","description":"קרם פרש, תפוחים, קרמל מלוח, שקדים פרוסים","price":30,"vegan":true,"vegetarian":true,"image":"https://d25t2285lxl5rf.cloudfront.net/images/dishes/e5ff6b97-c45a-47a5-a628-392cdad254f0.jpg","notFood":false,"drinks":false},{"name":"חמאה צרפתית","description":"עם סוכר דמררה\nשים לב! הקרפ עשוי מבלילת חיטה המכילה גלוטן","price":22,"vegan":true,"vegetarian":true,"image":"","notFood":false,"drinks":false},{"name":"סוכר, לימון וקינמון","description":"שים לב! הקרפ עשוי מבלילת חיטה המכילה גלוטן","price":22,"vegan":true,"vegetarian":true,"image":"","notFood":false,"drinks":false},{"name":"שוקולד מריר, בננה, וחלב מרוכז","description":"שים לב! הקרפ עשוי מבלילת חיטה המכילה גלוטן. ניתן לבחור באופציה ללא גלוטן במידה וישנה רגישות","price":26,"vegan":false,"vegetarian":true,"image":"","notFood":false,"drinks":false},{"name":"קרמל מלוח","description":"קרמל מלוח, קרם פרש ושקדים פרוסים.\nשים לב! הקרפ עשוי מבלילת חיטה המכילה גלוטן. ניתן לבחור באופציה ללא גלוטן במידה וישנה רגישות","price":28,"vegan":true,"vegetarian":true,"image":"","notFood":false,"drinks":false},{"name":"מים מנרליים","description":"","price":8,"vegan":true,"vegetarian":true,"image":"","notFood":false,"drinks":false},{"name":"פיוז טי","description":"","price":12,"vegan":true,"vegetarian":true,"image":"","notFood":false,"drinks":false},{"name":"ג'ינג'ר אייל","description":"","price":12,"vegan":true,"vegetarian":true,"image":"","notFood":false,"drinks":false},{"name":"מאלטי בירה שחורה","description":"","price":12,"vegan":true,"vegetarian":true,"image":"","notFood":false,"drinks":true},{"name":"ג'ומקס טעמים","description":"","price":14,"vegan":true,"vegetarian":true,"image":"","notFood":false,"drinks":false},{"name":"סודה perrier","description":"","price":10,"vegan":true,"vegetarian":true,"image":"","notFood":false,"drinks":true},{"name":"קולה","description":"","price":12,"vegan":true,"vegetarian":true,"image":"","notFood":false,"drinks":true},{"name":"קולה זירו","description":"","price":12,"vegan":true,"vegetarian":true,"image":"","notFood":false,"drinks":true},{"name":"ספרייט","description":"","price":12,"vegan":true,"vegetarian":true,"image":"","notFood":false,"drinks":true},{"name":"ספרייט זירו","description":"","price":12,"vegan":true,"vegetarian":true,"image":"","notFood":false,"drinks":true},{"name":"פריגת ענבים","description":"","price":12,"vegan":true,"vegetarian":true,"image":"","notFood":false,"drinks":true},{"name":"סאן פלגרינו תפוז","description":"","price":12,"vegan":true,"vegetarian":true,"image":"","notFood":false,"drinks":false},{"name":"סאן פלגרינו לימון","description":"","price":12,"vegan":true,"vegetarian":true,"image":"","notFood":false,"drinks":false}]}