{"track_id":"21699","filters":["salads","sandwichesWraps"],"image":"https://tenbis-static.azureedge.net/restaurant-default-card-image/CuzineType_defaultcuisine_01.jpg","address":"יצחק בן צבי, 4 באר שבע","location":[34.7962589,31.2441526],"name":"מגולגלוואח ","city":"באר שבע","priceAverage":17.162790697674417,"menu":[{"name":"מגולגל אילטקי","description":"רוטב פיצה, גבינה צהובה מוקרמת וזיתים","price":20,"vegan":false,"vegetarian":true,"image":"https://d25t2285lxl5rf.cloudfront.net/images/dishes/01c27358-025b-4bfe-958d-47e65c78bb49.jpg","notFood":false,"drinks":false},{"name":"מגולגלוואח סביח","description":"רסק עגבניות, ביצה קשה, בצל, חצילים, טחינה ופטרוזיליה.","price":25,"vegan":false,"vegetarian":true,"notFood":false,"drinks":false},{"name":"מגולגלוואח גבינות","description":"רוטב פיצה, ביצה קשה, זיתים ירוקים, גבינה בולגרית וגבינה צהובה מוקרמת","price":25,"vegan":false,"vegetarian":true,"notFood":false,"drinks":false},{"name":"מגולגלוואח טבעוני","description":"רסק עגבניות, חצילים, בצל סגול, טחינה ופטרוזיליה","price":25,"vegan":true,"vegetarian":true,"notFood":false,"drinks":false},{"name":"מגולגל קלאסי","description":"רסק עגבניות, ביצה קשה, מלח ופלפל","price":20,"vegan":false,"vegetarian":true,"notFood":false,"drinks":false},{"name":"פיצה אישית על בסיס מלוואח","description":"רוטב פיצה, גבינה צהובה ו2 תוספות לבחירה","price":25,"vegan":false,"vegetarian":true,"notFood":false,"drinks":false},{"name":"צלחת תימנית","description":"מלוואח חם אפוי בתנור, מוגש עם רסק עגבניות, סחוג, ביצה קשה וטחינה בתיבול שמן זית וזעתר","price":25,"vegan":false,"vegetarian":true,"notFood":false,"drinks":false},{"name":"גחנון תמני אסף","description":"מוגש בליווי רסק עגבניות סחוג וביצה קשה","price":25,"vegan":false,"vegetarian":true,"notFood":false,"drinks":false},{"name":"טוסט שמנת פטריות","description":"גבינת שמנת,פטריות טריות,בצל סגול וגבינה צהובה מגורדת","price":25,"vegan":false,"vegetarian":true,"notFood":false,"drinks":false},{"name":"טוסט צהובה","description":"רוטב פיצה, זיתים ירוקים וגבינה צהובה","price":25,"vegan":false,"vegetarian":true,"notFood":false,"drinks":false},{"name":"טוסט גבינות","description":"שמנת טבעית, רוטב פיצה,בולגרית, זיתים ירוקים,וגבינה צהובה מגורדת","price":25,"vegan":false,"vegetarian":true,"notFood":false,"drinks":false},{"name":"טוסט הבית","description":"רוטב פיצה,פלפל קלוי,חציל,בולגרית וגבינה צהובה","price":25,"vegan":false,"vegetarian":true,"notFood":false,"drinks":false},{"name":"סלט בטטה","description":"חסה, עגבניה, מלפפון, כרוב, גזר, בטטה וגבינה בולגרית מגורדת בתיבול זמן זית ולימון","price":30,"vegan":false,"vegetarian":true,"notFood":false,"drinks":false},{"name":"סלט יווני","description":"חסה, עגבניה, מלפפון, כרוב, גזר, בצל סגול, זיתים שחורים, וגבינה בולגרית מגורדת בתיבול שמן זית ולימון","price":30,"vegan":false,"vegetarian":true,"notFood":false,"drinks":false},{"name":"סלט טונה","description":"חסה, עגבניה, מלפפון, כרוב לבן, גזר, בצל סגול, זיתים שחורים/ירוקים וטחינה","price":30,"vegan":false,"vegetarian":false,"notFood":false,"drinks":false},{"name":"סלט ירושלמי","description":"חסה, עגבניה, מלפפון, כרוב לבן, בצל, חצילים, ביצה קשה, טחינה וזעתר","price":30,"vegan":false,"vegetarian":true,"notFood":false,"drinks":false},{"name":"בורקס תפוח אדמה","description":"מאפה בצק פריך במילוי תפוח אדמה מתובל . מוגש עם רסק עגבניות, טחינה וביצה קשה. ","price":25,"vegan":false,"vegetarian":true,"image":"https://d25t2285lxl5rf.cloudfront.net/images/dishes/94c475fc-ea2d-452f-a793-3b73eb982841.jpg","notFood":false,"drinks":false},{"name":"בורקס גבינה","description":"מאפה בצק פריך במילוי תערובת גבינות . מוגש עם רסק עגבניות, טחינה וביצה קשה. ","price":25,"vegan":false,"vegetarian":true,"image":"https://d25t2285lxl5rf.cloudfront.net/images/dishes/21749ba3-2c05-4e5c-84ae-7e38553be8d0.jpg","notFood":false,"drinks":false},{"name":"בורקס תרד וגבינה","description":"מאפה בצק פריך במילוי גבינות ותרד.\nמוגש עם רסק עגבניות, טחינה וביצה קשה. ","price":25,"vegan":false,"vegetarian":true,"image":"https://d25t2285lxl5rf.cloudfront.net/images/dishes/c893fe9b-0038-44ea-bf53-586d3643dc16.jpg","notFood":false,"drinks":false},{"name":"בורקס מוקרם","description":"בורקס לבחירתך (גבינה ,תפוא,תרד) עם פטריות טריות וגבינה צהובה מגורדת בתנור","price":29,"vegan":false,"vegetarian":true,"notFood":false,"drinks":false},{"name":"מגולגלוואח קרפ","description":"מלוואח חם עם מיקס שוקולד לבן ושוקולד חלב","price":25,"vegan":false,"vegetarian":true,"notFood":false,"drinks":false},{"name":"מגולגלוואח מופלטה","description":"מלוואח חם ודבש טהור מעל","price":25,"vegan":true,"vegetarian":true,"notFood":false,"drinks":false},{"name":"בקבוק דיאט קוקה קולה","description":"0.5 ליטר","price":9,"vegan":true,"vegetarian":true,"notFood":false,"drinks":true},{"name":"בקבוק קוקה קולה זירו","description":"0.5 ליטר","price":9,"vegan":true,"vegetarian":true,"notFood":false,"drinks":true},{"name":"בקבוק דיאט ספרייט","description":"0.5 ליטר","price":9,"vegan":true,"vegetarian":true,"notFood":false,"drinks":true},{"name":"בקבוק קוקה קולה","description":"0.5 ליטר","price":9,"vegan":true,"vegetarian":true,"notFood":false,"drinks":true},{"name":"בקבוק פאנטה","description":"330 מ''ל","price":7,"vegan":true,"vegetarian":true,"notFood":false,"drinks":true},{"name":"בקבוק ספרייט","description":"0.5 ליטר","price":9,"vegan":true,"vegetarian":true,"notFood":false,"drinks":true},{"name":"בקבוק מים מינרליים","description":"0.5 ליטר","price":7,"vegan":true,"vegetarian":true,"notFood":false,"drinks":true},{"name":"בקבוק שוופס - פירות יער","description":"330 מ\"ל","price":8,"vegan":true,"vegetarian":true,"notFood":false,"drinks":true},{"name":"בקבוק שוופס - אפרסק","description":"330 מ\"ל","price":8,"vegan":true,"vegetarian":true,"notFood":false,"drinks":true},{"name":"בקבוק שוופס - ענבים","description":"330 מ\"ל","price":8,"vegan":true,"vegetarian":true,"notFood":false,"drinks":true},{"name":"בקבוק שוופס - תפוח","description":"330 מ\"ל","price":8,"vegan":true,"vegetarian":true,"notFood":false,"drinks":true},{"name":"מים בטעמים - פירות יער","description":"0.5 ליטר","price":9,"vegan":true,"vegetarian":true,"notFood":false,"drinks":false},{"name":"מים בטעמים - ענבים","description":"0.5 ליטר","price":9,"vegan":true,"vegetarian":true,"notFood":false,"drinks":true},{"name":"מים בטעמים - תפוח","description":"0.5 ליטר","price":9,"vegan":true,"vegetarian":true,"notFood":false,"drinks":false},{"name":"מים בטעמים - אפרסק","description":"0.5 ליטר","price":9,"vegan":true,"vegetarian":true,"notFood":false,"drinks":false},{"name":"בקבוק סודה","description":"330 מ\"ל","price":7,"vegan":true,"vegetarian":true,"notFood":false,"drinks":true},{"name":"בקבוק נס טי","description":"0.5 ליטר","price":9,"vegan":true,"vegetarian":true,"notFood":false,"drinks":true},{"name":"תפוזים","description":"330 מ\"ל","price":8,"vegan":true,"vegetarian":true,"notFood":false,"drinks":false},{"name":"ענבים","description":"330 מ\"ל","price":8,"vegan":true,"vegetarian":true,"notFood":false,"drinks":true},{"name":"תות בננה","description":"330 מ\"ל","price":8,"vegan":true,"vegetarian":true,"notFood":false,"drinks":false},{"name":"אקסל","price":7,"vegan":true,"vegetarian":true,"notFood":false,"drinks":false}]}