{"track_id":"21702","filters":["salads","pasta","soup"],"image":"https://tenbis-static.azureedge.net/restaurant-default-card-image/CuzineType_defaultcuisine_02.jpg","address":"התדהר, 15 רעננה","location":[34.8801864,32.1980072],"name":"אינסלטה","city":"רעננה","priceAverage":36.161764705882355,"menu":[{"name":"סלט בינוני 750 מ\"ל","description":"\nמגוון ירקות טריים לבחירה ללא הגבלה, רטבים.","price":38,"vegan":true,"vegetarian":true,"image":"https://d25t2285lxl5rf.cloudfront.net/images/dishes/38fe0de4-5837-445f-9cad-0a75a3b968e1.jpg","notFood":false,"drinks":false},{"name":"סלט גדול 1 ליטר","description":"1 ליטר\nמגוון ירקות טריים לבחירה ללא הגבלה, רטבים.","price":41,"vegan":true,"vegetarian":true,"image":"https://d25t2285lxl5rf.cloudfront.net/images/dishes/2281cacc-af43-417b-81a6-f79d248c7f90.jpg","notFood":false,"drinks":false},{"name":"סלט קטן 500 מ\"ל","description":"\nמגוון ירקות טריים לבחירה ללא הגבלה, רטבים.","price":34,"vegan":true,"vegetarian":true,"image":"https://d25t2285lxl5rf.cloudfront.net/images/dishes/ed11f648-ed78-4a5b-b5db-82c5953a2bb6.jpg","notFood":false,"drinks":false},{"name":"עסקית קציצות טבעוניות + סלט 750 מ\"ל","description":"3 קציצות טבעוניות לבחירה + סלט בינוני 750 מ\"ל + שתייה ","price":59,"vegan":true,"vegetarian":true,"image":"https://d25t2285lxl5rf.cloudfront.net/images/dishes/d68f31da-9aae-4f65-ae16-3a3b6773699d.jpg","notFood":false,"drinks":false},{"name":"עסקית מרק + סלט 750 מ\"ל","description":"מרק יומי לבחירה + סלט 750 מ\"ל + תוספת ללא עלות ושתייה ","price":59,"vegan":true,"vegetarian":true,"image":"https://d25t2285lxl5rf.cloudfront.net/images/dishes/5f8ab915-01f1-465c-bc24-4d95e0884ead.jpg","notFood":false,"drinks":false},{"name":"עסקית פסטה + סלט 500 מ\"ל","description":"פסטה מוגשת בליווי סלט 500 מ\"ל + תוספת ללא עלות ושתייה","price":59,"vegan":true,"vegetarian":true,"image":"https://d25t2285lxl5rf.cloudfront.net/images/dishes/c795a222-f3bc-4395-8f23-a0b108f71c20.jpg","notFood":false,"drinks":false},{"name":"משלוחים ברעננה מתחילים החל מ 11:45","description":"","price":0,"vegan":true,"vegetarian":true,"image":"","notFood":false,"drinks":false},{"name":"אזור - נתניה , יקום , שפיים , הרצליה ,גלילות,  ראש העין , פתח תקווה , אור יהודה, כפר סבא -זמני הורדה עד 13:00","description":"","price":0,"vegan":true,"vegetarian":true,"image":"","notFood":false,"drinks":false},{"name":"סלט גדול 1 ליטר","description":"1 ליטר\nמגוון ירקות טריים לבחירה ללא הגבלה, רטבים.","price":41,"vegan":true,"vegetarian":true,"image":"https://d25t2285lxl5rf.cloudfront.net/images/dishes/2281cacc-af43-417b-81a6-f79d248c7f90.jpg","notFood":false,"drinks":false},{"name":"סלט בינוני 750 מ\"ל","description":"\nמגוון ירקות טריים לבחירה ללא הגבלה, רטבים.","price":38,"vegan":true,"vegetarian":true,"image":"https://d25t2285lxl5rf.cloudfront.net/images/dishes/38fe0de4-5837-445f-9cad-0a75a3b968e1.jpg","notFood":false,"drinks":false},{"name":"סלט קטן 500 מ\"ל","description":"\nמגוון ירקות טריים לבחירה ללא הגבלה, רטבים.","price":34,"vegan":true,"vegetarian":true,"image":"https://d25t2285lxl5rf.cloudfront.net/images/dishes/ed11f648-ed78-4a5b-b5db-82c5953a2bb6.jpg","notFood":false,"drinks":false},{"name":"סלט \"המלך\"","description":"\nעלי בייבי ,חסה, מלפפון, גמבה, סלק, עדשים שחורות, חמוציות, גבינה בולגרית , פטרוזיליה אגוזי מלך. רטבים בצד- פסטו וטחינה","price":45,"vegan":false,"vegetarian":true,"image":"https://d25t2285lxl5rf.cloudfront.net/images/dishes/01831ee3-ea9e-404a-99d0-a49bcc0bf2a3.jpg","notFood":false,"drinks":false},{"name":"סלט \"פיראוס\"","description":"עליי בייבי, חסה , מלפפון, עגבנייה , גמבה , זיתים שחורים , בצל סגול , גבינה צפתית, גרעיני חמנייה. רוטב בצד - שמן זית לימון, פסטו.","price":45,"vegan":false,"vegetarian":true,"image":"https://d25t2285lxl5rf.cloudfront.net/images/dishes/9f49a49f-0029-4a88-a53d-5f4d85b4d0ef.jpg","notFood":false,"drinks":false},{"name":"סלט \"פפראצי\"","description":"חסה, מלפפון, גזר,תירס , כרוב לבן, עגבניות שרי , אפונה, חומוס, עדשים שחורות , ביצה , גרנולה. רטבים בצד- שמן זית לימון, וניגרט.","price":45,"vegan":false,"vegetarian":true,"image":"https://d25t2285lxl5rf.cloudfront.net/images/dishes/22b99342-e992-4d9e-aded-59e34953d68e.jpg","notFood":false,"drinks":false},{"name":"סלט \"טוניסאי\"","description":"חסה , מלפפון, עגבנייה, זיתים שחורים , תפוח אדמה , מלפפון חמוץ , טונה , ביצה. רטבים בצד - שמן זית לימון , טחינה , חריף.","price":45,"vegan":false,"vegetarian":false,"image":"https://d25t2285lxl5rf.cloudfront.net/images/dishes/4128decc-445b-460d-813f-f318c38feb84.jpg","notFood":false,"drinks":false},{"name":"סלט \"טבעוני לי \"","description":"עלי בייבי, חסה, מלפפון, עגבנייה, גזר, סלק, נבטים , אפונה, אנטיפסטי בטטה, עדשים שחורות ,זיתים ירוקים, קינואה , טופו, פטרוזיליה ובצל ירוק. רטבים בצד - שמן זית לימון , טחינה.","price":48,"vegan":true,"vegetarian":true,"image":"https://d25t2285lxl5rf.cloudfront.net/images/dishes/edf99c60-1614-465d-9fca-d0a2ce93b515.jpg","notFood":false,"drinks":false},{"name":"עסקית סלט גדול","description":"סלט 1 ליטר. מוגש עם תוספת, ג'בטה דגנים או לבנה ושתיה לבחירה","price":56,"vegan":false,"vegetarian":false,"image":"https://d25t2285lxl5rf.cloudfront.net/images/dishes/f9d9faa4-5466-48b5-b438-f82e5062508c.jpg","notFood":false,"drinks":false},{"name":"עסקית קציצות טבעוניות + סלט 750 מ\"ל","description":"3 קציצות טבעוניות לבחירה + סלט בינוני 750 מ\"ל + שתייה ","price":59,"vegan":true,"vegetarian":true,"image":"https://d25t2285lxl5rf.cloudfront.net/images/dishes/d68f31da-9aae-4f65-ae16-3a3b6773699d.jpg","notFood":false,"drinks":false},{"name":"עסקית כריך/ טוסט+ סלט 500 מ\"ל","description":"טוסט/כריך בליווי סלט 500 מ\"ל +תוספת ללא עלות  ושתייה לבחירה","price":59,"vegan":true,"vegetarian":true,"image":"https://d25t2285lxl5rf.cloudfront.net/images/dishes/ace83e95-12fd-4d16-9399-604582ceb1a5.jpg","notFood":false,"drinks":false},{"name":"עסקית פסטה + סלט 500 מ\"ל","description":"פסטה מוגשת בליווי סלט 500 מ\"ל + תוספת ללא עלות ושתייה","price":59,"vegan":true,"vegetarian":true,"image":"https://d25t2285lxl5rf.cloudfront.net/images/dishes/c795a222-f3bc-4395-8f23-a0b108f71c20.jpg","notFood":false,"drinks":false},{"name":"עסקית מרק + סלט 750 מ\"ל","description":"מרק יומי לבחירה + סלט 750 מ\"ל + תוספת ללא עלות ושתייה ","price":59,"vegan":true,"vegetarian":true,"image":"https://d25t2285lxl5rf.cloudfront.net/images/dishes/5f8ab915-01f1-465c-bc24-4d95e0884ead.jpg","notFood":false,"drinks":false},{"name":"עסקית פשטידה + סלט 500 מ\"ל","description":"פשטידה לבחירה + סלט 500 מ\"ל + תוספת ללא עלות ושתייה ","price":59,"vegan":true,"vegetarian":true,"image":"https://d25t2285lxl5rf.cloudfront.net/images/dishes/474ea0f9-72c8-438d-8797-fdda0c25edeb.jpg","notFood":false,"drinks":false},{"name":"עסקית שקשוקה + סלט 500 מ\"ל","description":"\t\nמוגשת במחבת לוהטת עם ג'בטה דגנים / לבנה לבחירה מלווה בטחינה, סלט 500 מ\"ל ושתייה ","price":61,"vegan":false,"vegetarian":false,"image":"https://d25t2285lxl5rf.cloudfront.net/images/dishes/a3f6f96d-d942-4834-b9f0-d2f2fe23714b.jpg","notFood":false,"drinks":false},{"name":"עסקית רביולי + סלט 500 מ\"ל","description":"רביולי לבחירה + סלט 500 מ\"ל + תוספת ללא עלות ושתייה לבחירה ","price":69,"vegan":true,"vegetarian":true,"image":"https://d25t2285lxl5rf.cloudfront.net/images/dishes/6cbf5c68-ac55-4a97-aa67-9d65d8897a03.jpg","notFood":false,"drinks":false},{"name":"מרק עדשים","description":"","price":29,"vegan":true,"vegetarian":true,"image":"https://d25t2285lxl5rf.cloudfront.net/images/dishes/a313bbcf-19a1-457f-ab5f-c1ff8eede278.jpg","notFood":false,"drinks":false},{"name":"מרק בצל","description":"","price":29,"vegan":true,"vegetarian":true,"image":"https://d25t2285lxl5rf.cloudfront.net/images/dishes/44bcf7eb-f68f-408f-bdda-1453f1ae13da.jpg","notFood":false,"drinks":false},{"name":"שקשוקה","description":"\t\nמוגשת במחבת לוהטת עם 2 פיתות\\ ג'בטה דגנים לבחירה מלווה בטחינה.","price":41,"vegan":false,"vegetarian":false,"image":"https://d25t2285lxl5rf.cloudfront.net/images/dishes/46d51935-bd4a-4710-a17c-26792870e466.jpg","notFood":false,"drinks":false},{"name":"פשטידה פטריות","description":"פטריות","price":35,"vegan":true,"vegetarian":true,"image":"https://d25t2285lxl5rf.cloudfront.net/images/dishes/a27c96eb-2fb3-482e-b5d5-eddc16599c86.jpg","notFood":false,"drinks":false},{"name":"פשטידת בצל","description":"","price":35,"vegan":true,"vegetarian":true,"image":"https://d25t2285lxl5rf.cloudfront.net/images/dishes/5c91f037-ebf8-4841-aff6-9936162a5287.jpg","notFood":false,"drinks":false},{"name":"פסטה נפוליטנה","description":"רוטב עגבניות עשיר עם בזיליקום.","price":42,"vegan":true,"vegetarian":true,"image":"https://d25t2285lxl5rf.cloudfront.net/images/dishes/59154e8e-df76-43db-baf7-1351531af5f7.jpg","notFood":false,"drinks":false},{"name":"פסטה ברוטב רוזה","description":"רוטב עגבניות עשיר עם שמנת","price":42,"vegan":false,"vegetarian":true,"image":"https://d25t2285lxl5rf.cloudfront.net/images/dishes/b3a3ed06-cf99-4ae3-b62d-0af4423dd85c.jpg","notFood":false,"drinks":false},{"name":"פסטה ברוטב אלפרדו","description":"\t\nפטריות מוקפצות עם שום ועשבי תיבול ברוטב שמנת.","price":42,"vegan":false,"vegetarian":true,"image":"https://d25t2285lxl5rf.cloudfront.net/images/dishes/16cdec73-6a55-477b-b074-991ef93416c1.jpg","notFood":false,"drinks":false},{"name":"פסטה ברוטב אולי אולי","description":"עגבניות שרי טריות מוקפצות עם שום שמן זית ובזיליקום.","price":42,"vegan":true,"vegetarian":true,"image":"https://d25t2285lxl5rf.cloudfront.net/images/dishes/36f764ea-d423-4d24-bfea-4edcd3887836.jpg","notFood":false,"drinks":false},{"name":"פסטה ברוטב שמנת בטטה","description":"בטטה, אגוז מוסקט ושום מוקפצים בליווי שמנת.","price":42,"vegan":false,"vegetarian":true,"image":"https://d25t2285lxl5rf.cloudfront.net/images/dishes/24509cb3-0d42-44c6-9dc6-a7aa39da8102.jpg","notFood":false,"drinks":false},{"name":"פסטה ברוטב שמנת פסטו","description":"\t\nרוטב פסטו עשיר המורכב מבזיליקום, שום , שמן זית בליווי שמנת.","price":42,"vegan":false,"vegetarian":true,"image":"https://d25t2285lxl5rf.cloudfront.net/images/dishes/1ee483f1-39b0-4c18-a412-8519936fc93c.jpg","notFood":false,"drinks":false},{"name":"פסטה אריביאטה - חדש!","description":"רוטב עגבניות פיקנטי, עגבניות שרי , שום קונפי ופלפל חריף","price":42,"vegan":true,"vegetarian":true,"image":"https://d25t2285lxl5rf.cloudfront.net/images/dishes/20a42b14-f6ba-4740-b410-6877279df3c7.jpg","notFood":false,"drinks":false},{"name":"פסטה שמנת פלפלת - חדש!","description":"רוטב שמנת , פלפלים קלויים, פטריות, שום ואגוז מוסקט.","price":45,"vegan":false,"vegetarian":true,"image":"https://d25t2285lxl5rf.cloudfront.net/images/dishes/ac47448c-f0a5-4569-a5dd-17225820e0db.jpg","notFood":false,"drinks":false},{"name":"פסטה מלנזה - חדש!","description":"רוטב עגבניות איטלקי , קוביות חציל קלוי, פרמזן  ובזיליקום טרי ","price":45,"vegan":false,"vegetarian":true,"image":"https://d25t2285lxl5rf.cloudfront.net/images/dishes/61a6c7d4-09ed-4e42-8a6d-e2e8bd418702.jpg","notFood":false,"drinks":false},{"name":"פסטה שמנת סלמון מעושן","description":"רוטב שמנת, סלמון מעושן , בצל ירוק , שום קונפי, ובזיליקום טרי ","price":52,"vegan":false,"vegetarian":false,"image":"https://d25t2285lxl5rf.cloudfront.net/images/dishes/fec09275-5e68-42ad-9ffe-6f81319d29fa.jpg","notFood":false,"drinks":false},{"name":"טוסט קלאסי","description":"גבינה צהובה, עגבנייה, זיתים","price":33,"vegan":false,"vegetarian":true,"image":"https://d25t2285lxl5rf.cloudfront.net/images/dishes/1fbfc66a-f054-42c8-acae-59df8007b23a.jpg","notFood":false,"drinks":false},{"name":"טוסט אנטיפסטי","description":"גבינה צהובה, חציל קלוי, פלפל קלוי","price":35,"vegan":false,"vegetarian":true,"image":"https://d25t2285lxl5rf.cloudfront.net/images/dishes/4b7249e6-6e4a-4e8b-b86c-be3767db2a13.jpg","notFood":false,"drinks":false},{"name":"טוסט יווני","description":"גבינה צהובה, גבינה בולגרית, פלפל קלוי, ממרח עגבניות מיובשות","price":35,"vegan":false,"vegetarian":true,"image":"https://d25t2285lxl5rf.cloudfront.net/images/dishes/15767e3b-a332-4cbd-b92a-995b812b2f22.jpg","notFood":false,"drinks":false},{"name":"טוסט בהרכבה אישית","description":"מגוון ירקות לבחירה, עם  תוספות לבחירה ","price":35,"vegan":true,"vegetarian":true,"image":"https://d25t2285lxl5rf.cloudfront.net/images/dishes/29e6039a-9d28-4921-ae64-67daf4a2e28f.jpg","notFood":false,"drinks":false},{"name":"כריך בהרכבה אישית","description":"מגוון ירקות ושתי תוספות לבחירה","price":36,"vegan":true,"vegetarian":true,"image":"https://d25t2285lxl5rf.cloudfront.net/images/dishes/e91521f5-4f29-43f0-af33-2134b1a618cd.jpg","notFood":false,"drinks":false},{"name":"כריך סביח","description":"עם ביצה, חציל, בצל סגול, מלפפון חמוץ, טחינה","price":36,"vegan":false,"vegetarian":true,"image":"https://d25t2285lxl5rf.cloudfront.net/images/dishes/c812ce3d-a840-418c-9c3e-198a509e204d.jpg","notFood":false,"drinks":false},{"name":"כריך טוניסאי","description":"עם ביצה, טונה, תפוח אדמה, עגבניה, זיתים שחורים, מלפפון חמוץ","price":36,"vegan":false,"vegetarian":false,"image":"https://d25t2285lxl5rf.cloudfront.net/images/dishes/dfae4f51-b123-43e9-901c-096d9d825c7f.jpg","notFood":false,"drinks":false},{"name":"כריך טונה","description":"עם טונה, ביצה, עגבניה, מלפפון חמוץ, מיונז","price":36,"vegan":false,"vegetarian":false,"image":"https://d25t2285lxl5rf.cloudfront.net/images/dishes/54087d1c-ad4f-4571-a5e7-6674ccf9d75c.jpg","notFood":false,"drinks":false},{"name":"כריך חביתה","description":"גבינת שמנת , חסה, מלפפון, עגבנייה וממרח פסטו","price":36,"vegan":false,"vegetarian":true,"image":"https://d25t2285lxl5rf.cloudfront.net/images/dishes/76548bca-a224-41c1-921c-153bbc5bee33.jpg","notFood":false,"drinks":false},{"name":"כריך סלמון","description":"סלומון מעושן , גבינת שמנת , עלי רוקט , בצל סגול ומלפפון חמוץ","price":42,"vegan":false,"vegetarian":false,"image":"https://d25t2285lxl5rf.cloudfront.net/images/dishes/c5547d98-7324-48ad-8c20-3841fd5088ce.jpg","notFood":false,"drinks":false},{"name":"כריך חביתת ירק","description":"גבינת שמנת , חסה, מלפפון, עגבנייה וממרח פסטו","price":36,"vegan":false,"vegetarian":true,"image":"","notFood":false,"drinks":false},{"name":"כריך פטה","description":"חסה, מלפפון , גבינת פטה, פסטו ועגבניות מיובשות","price":36,"vegan":false,"vegetarian":true,"image":"","notFood":false,"drinks":false},{"name":"כריך בלקני","description":"גבינה בולגרית ,עלי רוקט, מלפפון , פטריות , פלפל קלוי ברוטב חרדל דבש","price":36,"vegan":false,"vegetarian":true,"image":"","notFood":false,"drinks":false},{"name":"כריך סלט ביצים","description":"סלט ביצים , עגבנייה , מלפפון חמוץ ובצל ירוק","price":36,"vegan":false,"vegetarian":true,"image":"","notFood":false,"drinks":false},{"name":"כריך טופו - טבעוני!","description":"עלי רוקט , פלפל קלוי , בצל סגול , קוביות טופו וטחינה","price":39,"vegan":true,"vegetarian":true,"image":"","notFood":false,"drinks":false},{"name":"כריך טופו אסייאתי - טבעוני!","description":"עלי רוקט , פטריות , בצל סגול , פטרוזיליה קוביות טופו אסיאתי וטחינה","price":39,"vegan":true,"vegetarian":true,"image":"","notFood":false,"drinks":false},{"name":"פחית קוקה קולה זירו","description":"","price":10,"vegan":true,"vegetarian":true,"image":"","notFood":false,"drinks":true},{"name":"פחית זירו לימון","description":"","price":10,"vegan":true,"vegetarian":true,"image":"","notFood":false,"drinks":false},{"name":"פחית ספרייט","description":"","price":10,"vegan":true,"vegetarian":true,"image":"","notFood":false,"drinks":true},{"name":"פחית דיאט ספרייט","description":"","price":10,"vegan":true,"vegetarian":true,"image":"","notFood":false,"drinks":true},{"name":"פחית פאנטה","description":"","price":10,"vegan":true,"vegetarian":true,"image":"","notFood":false,"drinks":false},{"name":"בקבוק קינלי סודה","description":"","price":10,"vegan":true,"vegetarian":true,"image":"","notFood":false,"drinks":true},{"name":"בקבוק פריגת - תפוזים","description":"","price":10,"vegan":true,"vegetarian":true,"image":"","notFood":false,"drinks":true},{"name":"בקבוק פריגת - לימונענע","description":"","price":10,"vegan":true,"vegetarian":true,"image":"","notFood":false,"drinks":true},{"name":"בקבוק פריגת - אשכוליות","description":"","price":10,"vegan":true,"vegetarian":true,"image":"","notFood":false,"drinks":true},{"name":"נביעות - מים מינרלים","description":"","price":10,"vegan":true,"vegetarian":true,"image":"","notFood":false,"drinks":false},{"name":"מים בטעמים - אפרסק","description":"","price":12,"vegan":true,"vegetarian":true,"image":"","notFood":false,"drinks":false},{"name":"מים בטעמים - תפוח","description":"","price":12,"vegan":true,"vegetarian":true,"image":"","notFood":false,"drinks":false},{"name":"בקבוק פיוז טי - אפרסק","description":"","price":12,"vegan":true,"vegetarian":true,"image":"","notFood":false,"drinks":true},{"name":"בקבוק פיוזטי דיאט אפרסק","description":"","price":12,"vegan":true,"vegetarian":true,"image":"","notFood":false,"drinks":true},{"name":"וויסוצקי נענע","description":"","price":12,"vegan":true,"vegetarian":true,"image":"","notFood":false,"drinks":false}]}