{"track_id":"21795","filters":["pasta","pizza","bar"],"image":"https://tenbis-static.azureedge.net/restaurant-card-image/ResCard_21795_20200824121055.jpg","address":"היצירה, 5 רעננה","location":[34.8777877,32.1949257],"name":"פאצו","city":"כפר סבא","priceAverage":70.11111111111111,"menu":[{"name":"2 פיצות ב 98 ש\"ח בלבד","description":"הפיצה שלנו! עשויה מרכיבים טריים בלבד- כל השנה","price":98,"vegan":false,"vegetarian":true,"image":"","notFood":false,"drinks":false},{"name":"‫חבילת אהבה","description":"פיצה לבחירה, סלט וקינוח מהמבחר | \r\nאפשר להוסיף יין במחיר מבצע!","price":139,"vegan":false,"vegetarian":true,"image":"","notFood":false,"drinks":false},{"name":"3 פיצות במחיר מוזל","description":"הפיצה שלנו! עשויה מרכיבים טריים בלבד- כל השנה","price":138,"vegan":false,"vegetarian":true,"image":"","notFood":false,"drinks":false},{"name":"איולי צ'יפוטלה","description":"","price":4,"vegan":false,"vegetarian":false,"image":"","notFood":false,"drinks":false},{"name":"רוטב פאצ'ו","description":"","price":4,"vegan":true,"vegetarian":true,"image":"","notFood":false,"drinks":false},{"name":"רוטב קיסר","description":"","price":4,"vegan":true,"vegetarian":true,"image":"","notFood":false,"drinks":false},{"name":"קוקוט פרמז'ן","description":"","price":4,"vegan":false,"vegetarian":true,"image":"","notFood":false,"drinks":false},{"name":"שרדונה - יין הבית הלבן","description":"750 מ\"ל","price":120,"vegan":true,"vegetarian":true,"image":"","notFood":false,"drinks":true},{"name":"מרלו - יין הבית אדום","description":"750 מ\"ל","price":120,"vegan":true,"vegetarian":true,"image":"","notFood":false,"drinks":false}]}