{"track_id":"22006","filters":["pizza","pasta","salads"],"image":"https://tenbis-static.azureedge.net/restaurant-card-image/ResCard_22006_20220330142026.jpg","address":"דרך משה דיין, 3 יהוד","location":[34.8781847,32.0304429],"name":"פיצה פרגו יהוד","city":"איירפורט סיטי","priceAverage":42.66346153846154,"menu":[{"name":"פיצה M + שתי תוספות + שתיה/לחם שום","price":72,"vegan":false,"vegetarian":true,"image":"https://d25t2285lxl5rf.cloudfront.net/images/dishes/9798c322-c5ab-4d9a-a618-83f6afcab1a7.jpg","notFood":false,"drinks":false},{"name":"פיצה משפחתית L  + תוספת + בקבוק שתייה 1.5 ל'","price":90,"vegan":false,"vegetarian":true,"image":"https://d25t2285lxl5rf.cloudfront.net/images/dishes/8ec8e021-b41b-45ef-9d4f-d866c7ee940c.jpg","notFood":false,"drinks":true},{"name":"פיצה משפחתית L + תוספת + לחם שום אישי","price":90,"vegan":false,"vegetarian":true,"image":"https://d25t2285lxl5rf.cloudfront.net/images/dishes/2bdcf825-81fc-4378-b096-2ff81fd24411.jpg","notFood":false,"drinks":false},{"name":"פיצה משפחתית XXL  + תוספת + בקבוק שתייה 1.5 ל'","price":97,"vegan":false,"vegetarian":true,"image":"https://d25t2285lxl5rf.cloudfront.net/images/dishes/e623c662-1ee3-4707-8dcc-ffdb22e9ac87.jpg","notFood":false,"drinks":true},{"name":"2 פיצות משפחתיות L רגילות","price":120,"vegan":true,"vegetarian":true,"image":"https://d25t2285lxl5rf.cloudfront.net/images/dishes/e3db55ba-6996-4214-a011-7a0c8c2fa59d.jpg","notFood":false,"drinks":false},{"name":"2 פיצות XXL רגילות","price":142,"vegan":true,"vegetarian":true,"image":"https://d25t2285lxl5rf.cloudfront.net/images/dishes/12e0f617-8e1a-4ac8-84c8-9dbf70eec05d.jpg","notFood":false,"drinks":false},{"name":"2 פיצות משפחתיות L  + שתי תוספות + בקבוק שתייה 1.5 ל'","price":145,"vegan":true,"vegetarian":true,"image":"https://d25t2285lxl5rf.cloudfront.net/images/dishes/8a62b9a1-0292-4dd8-bc92-6fb1dd0597e7.jpg","notFood":false,"drinks":true},{"name":"פוקצ`ה פסטו","description":"שילוב על בולגרית ומוצרלה על רוטב פסטו ","price":36,"vegan":false,"vegetarian":true,"image":"https://d25t2285lxl5rf.cloudfront.net/images/dishes/324eb718-2b9e-4d44-a551-0ab98c78f8f3.jpg","notFood":false,"drinks":false},{"name":"פוקצ`ה סביח","description":"גבינת מוצרלה, עגבניות, חצילים, ביצה קשה על רוטב פסטו וטחינה בצד","price":36,"vegan":false,"vegetarian":true,"image":"https://d25t2285lxl5rf.cloudfront.net/images/dishes/4f758c09-89cc-4080-a852-cd3344dca6c3.jpg","notFood":false,"drinks":false},{"name":"פוקצ`ה טוניסאית","description":"גבינה מוצרלה, טונה, תירס, זיתים וביצה קשה על רוטב פסטו ","price":36,"vegan":false,"vegetarian":false,"image":"https://d25t2285lxl5rf.cloudfront.net/images/dishes/c8ea5c27-5177-4c60-97b7-941e9c98fabf.jpg","notFood":false,"drinks":false},{"name":"פוקצ`ה יוונית","description":"גבינת מוצרלה, עגבניות , זיתי קלמטה, בולגרית ובצל על רוטב פסטו","price":36,"vegan":false,"vegetarian":true,"image":"https://d25t2285lxl5rf.cloudfront.net/images/dishes/80af819d-d7d6-4977-bf78-2b74885445c7.jpg","notFood":false,"drinks":false},{"name":"פוקצ'ה פלפלים","description":"ממרח פסטו, פלפל חריף, פלפל אדום (אנטיפסטי), זיתי קלמטה וגבינה בולגרית מפוררת.  ","price":36,"vegan":false,"vegetarian":true,"image":"https://d25t2285lxl5rf.cloudfront.net/images/dishes/19a1befa-286f-4cff-ae4a-2365c9a22485.jpg","notFood":false,"drinks":false},{"name":"פוקצ'ה אנטיפסטי","description":"פסטו, פלפלים קלויים, חצילים, בטטה ובולגרית מפוררת.","price":36,"vegan":false,"vegetarian":true,"image":"https://d25t2285lxl5rf.cloudfront.net/images/dishes/651bcee0-e58c-454a-ba86-950d056acc3c.jpg","notFood":false,"drinks":false},{"name":"פוקצ'ה אלפרדו","description":"שמנת, פטריות טריות, בצל סגול, בזיליקום ומוצרלה.  ","price":36,"vegan":false,"vegetarian":true,"image":"https://d25t2285lxl5rf.cloudfront.net/images/dishes/5d8d2fbf-f3ea-4735-8b43-1b7e88173cc5.jpg","notFood":false,"drinks":false},{"name":"פיצה אישית","price":28,"vegan":false,"vegetarian":true,"image":"https://d25t2285lxl5rf.cloudfront.net/images/dishes/eb262e38-f481-4add-b897-f1dde1fe0ed1.jpg","notFood":false,"drinks":false},{"name":"מגש פיצה S","price":39,"vegan":false,"vegetarian":true,"image":"https://d25t2285lxl5rf.cloudfront.net/images/dishes/7f42cddb-1840-4ed2-964e-87f3bb384317.jpg","notFood":false,"drinks":false},{"name":"מגש פיצה M","description":"מוגש בליווי רוטב שום של פרגו","price":50,"vegan":false,"vegetarian":true,"image":"https://d25t2285lxl5rf.cloudfront.net/images/dishes/64307aad-059f-4658-bd20-35fb64c11338.jpg","notFood":false,"drinks":false},{"name":"משפחתית (8 משולשים)","description":"מוגש בליווי רוטב שום של פרגו ","price":75,"vegan":true,"vegetarian":true,"image":"https://d25t2285lxl5rf.cloudfront.net/images/dishes/da2c97e3-406d-4706-9452-a5697f261575.jpg","notFood":false,"drinks":false},{"name":"ענקית (8 משולשים )","description":"מוגש בליווי רוטב שום של פרגו  ","price":85,"vegan":true,"vegetarian":true,"image":"https://d25t2285lxl5rf.cloudfront.net/images/dishes/ee44f2ad-e0fc-42d4-8424-314d74a2d02e.jpg","notFood":false,"drinks":false},{"name":"פיצה ללא גלוטן- S","price":39,"vegan":false,"vegetarian":true,"image":"https://d25t2285lxl5rf.cloudfront.net/images/dishes/e0ebda6c-c9b5-43b6-a680-4081b2fff5e5.jpg","notFood":false,"drinks":false},{"name":"שף מטוגנת","description":"בטטה, פלפל קלוי, בצל מטוגן, חציל ומוצרלה","price":90,"vegan":false,"vegetarian":true,"image":"https://d25t2285lxl5rf.cloudfront.net/images/dishes/728b4321-8654-4065-b25d-43402b0a72c4.jpg","notFood":false,"drinks":false},{"name":"שף פסטה","description":"רוטב אלפרדו (שמנת פטריות), פנה/ספגטי ומוצרלה","price":90,"vegan":false,"vegetarian":true,"image":"https://d25t2285lxl5rf.cloudfront.net/images/dishes/66d0b19e-b71d-4ade-86da-e914e3f0b40b.jpg","notFood":false,"drinks":false},{"name":"שף יוונית","description":"עגבניות שרי, גבינה בולגרית, בצל וזיתי קלמטה ","price":90,"vegan":false,"vegetarian":true,"image":"https://d25t2285lxl5rf.cloudfront.net/images/dishes/31fc5d7b-f894-450c-9557-893c9df32af3.jpg","notFood":false,"drinks":false},{"name":"שף ישראלי","description":"פטריות טריות, זיתים ירוקים ותירס","price":90,"vegan":true,"vegetarian":true,"image":"https://d25t2285lxl5rf.cloudfront.net/images/dishes/6fa9e18f-c3f1-4b3c-b8ad-a75722d98545.jpg","notFood":false,"drinks":false},{"name":"שף חריף","description":"פלפל חריף, עגבניות וגבינה כפולה","price":90,"vegan":false,"vegetarian":true,"image":"https://d25t2285lxl5rf.cloudfront.net/images/dishes/3337b94c-8786-4744-a5ad-9dcc05c8a3a3.jpg","notFood":false,"drinks":false},{"name":"שף כמהין","description":"\nרוטב שמנת, מחית כמהין, פטריות, טבעות בצל, בזיליקום ומוצרלה. ","price":90,"vegan":false,"vegetarian":true,"image":"https://d25t2285lxl5rf.cloudfront.net/images/dishes/18017a19-f9ef-45cc-b6a9-abb2a6554ebd.jpg","notFood":false,"drinks":false},{"name":"ציזי קראסט","description":"גבינה בשוליים ","price":90,"vegan":false,"vegetarian":true,"image":"https://d25t2285lxl5rf.cloudfront.net/images/dishes/9271d9b7-0192-43fa-ac9e-4d56c927a523.jpg","notFood":false,"drinks":false},{"name":"שף טבעונית","description":"\nרוטב פיצה, פלפלים קלויים, בצל טבעות, עגבניות שרי, גבינה טבעונית ונגיעות פסטו.","price":90,"vegan":false,"vegetarian":true,"notFood":false,"drinks":false},{"name":"ברוקולי","description":"מוגש בתוספת סלט אישי","price":50,"vegan":true,"vegetarian":true,"image":"https://d25t2285lxl5rf.cloudfront.net/images/dishes/eb0b526a-efd7-4558-8604-90508459230f.jpg","notFood":false,"drinks":false},{"name":"אנטיפסטי","description":"מוגש בתוספת סלט אישי","price":50,"vegan":true,"vegetarian":true,"image":"https://d25t2285lxl5rf.cloudfront.net/images/dishes/a03a0c18-8bf4-4581-b7fb-9104a09f12cf.jpg","notFood":false,"drinks":false},{"name":"פטריות","description":"מוגש בתוספת סלט אישי","price":50,"vegan":true,"vegetarian":true,"image":"https://d25t2285lxl5rf.cloudfront.net/images/dishes/0c27db85-ac93-44cd-9931-e3f748f50d42.jpg","notFood":false,"drinks":false},{"name":"סלט ערבי רגיל","description":"חסה, עגבנייה, מלפפון, פטרוזיליה ובצל.מוגש עם מקל לחם שום ושני רטבים לבחירה","price":40,"vegan":true,"vegetarian":true,"image":"https://d25t2285lxl5rf.cloudfront.net/images/dishes/05a3e806-ac99-49e0-bec4-e07c139e602e.jpg","notFood":false,"drinks":false},{"name":"סלט ערבי גדול","description":"חסה, עגבנייה, מלפפון, פטרוזיליה ובצל. מוגש עם מקל לחם שום ושני רטבים לבחירה","price":44,"vegan":true,"vegetarian":true,"image":"https://d25t2285lxl5rf.cloudfront.net/images/dishes/976e967c-4cff-49a0-b8f7-f3d6ec3ec733.jpg","notFood":false,"drinks":false},{"name":"סלט טונה רגיל","description":"חסה, מלפפון, עגבנייה, ביצה קשה, טונה וזיתים ירוקים.מוגש עם מקל לחם שום ושני רטבים לבחירה","price":40,"vegan":false,"vegetarian":false,"image":"https://d25t2285lxl5rf.cloudfront.net/images/dishes/aaeb4240-6a61-4c51-b5da-5ddcfdc26541.jpg","notFood":false,"drinks":false},{"name":"סלט טונה גדול","description":"חסה, מלפפון, עגבנייה, ביצה קשה, טונה וזיתים ירוקים.מוגש עם מקל לחם שום ושני רטבים לבחירה","price":44,"vegan":false,"vegetarian":false,"image":"https://d25t2285lxl5rf.cloudfront.net/images/dishes/28c141f4-5ced-4751-97c4-cb1442182cde.jpg","notFood":false,"drinks":false},{"name":"סלט סיציליאני רגיל","description":"חסה, מלפפון, עגבנייה, בולגרית, זיתי קלמטה, עגבניות מיובשות וקרוטונים.מוגש עם מקל לחם שום ושני רטבים לבחירה","price":40,"vegan":false,"vegetarian":true,"image":"https://d25t2285lxl5rf.cloudfront.net/images/dishes/079453ae-6adc-4bca-96d3-c8f8fdc1c2df.jpg","notFood":false,"drinks":false},{"name":"סלט סיציליאני גדול","description":"חסה, מלפפון, עגבנייה, בולגרית, זיתי קלמטה, עגבניות מיובשות וקרוטונים.מוגש עם מקל לחם שום ושני רטבים לבחירה","price":44,"vegan":false,"vegetarian":true,"image":"https://d25t2285lxl5rf.cloudfront.net/images/dishes/5b74d15a-64e3-4b2f-bc14-3ebeebd29784.jpg","notFood":false,"drinks":false},{"name":"סלט אבו גוש רגיל","description":"מלפפון, עגבניה, גרגירי חומוס, בצל סגול, פטרוזיליה, טחינה, קרוטונים וביצה קשה","price":40,"vegan":false,"vegetarian":true,"image":"https://d25t2285lxl5rf.cloudfront.net/images/dishes/69278baa-1a43-4b4b-90f2-0bcb3f03ec82.jpg","notFood":false,"drinks":false},{"name":"סלט אבו גוש גדול","description":"מלפפון, עגבניה, גרגירי חומוס, בצל סגול, פטרוזיליה, טחינה, קרוטונים וביצה קשה","price":44,"vegan":false,"vegetarian":true,"image":"https://d25t2285lxl5rf.cloudfront.net/images/dishes/0353b25b-ec36-4c5d-95b3-082d140a8372.jpg","notFood":false,"drinks":false},{"name":"סלט ניסואז רגיל","description":"תפו\"א, שעועית ירוקה, עגבניות, מלפפון חמוץ, ביצה קשה וטונה. מוגש עם מקל לחם שום ושני רטבים לבחירה ","price":40,"vegan":false,"vegetarian":false,"image":"https://d25t2285lxl5rf.cloudfront.net/images/dishes/35945daa-14f1-4371-bf63-91106931a2c0.jpg","notFood":false,"drinks":false},{"name":"סלט ניסואז גדול","description":"תפו\"א, שעועית ירוקה, עגבניות, מלפפון חמוץ, ביצה קשה וטונה. מוגש עם מקל לחם שום ושני רטבים לבחירה ","price":44,"vegan":false,"vegetarian":false,"image":"https://d25t2285lxl5rf.cloudfront.net/images/dishes/9119bfbc-d6e5-4102-829b-4eb5b9bda9a3.jpg","notFood":false,"drinks":false},{"name":"סלט פסטה רגיל","description":"פסטה מסולסלת בצבעים, זיתים קלמטה, גמבה, בולגרית וקצת רוטב פסטו.מוגש עם מקל לחם שום ושני רטבים לבחירה","price":40,"vegan":false,"vegetarian":true,"image":"https://d25t2285lxl5rf.cloudfront.net/images/dishes/5d9242f3-ca0d-4a86-a603-1153d179f84d.jpg","notFood":false,"drinks":false},{"name":"סלט פסטה גדול","description":"פסטה מסולסלת בצבעים, זיתים קלמטה גמבה, בולגרית וקצת רוטב פסטו.מוגש עם מקל לחם שום ושני רטבים לבחירה","price":44,"vegan":false,"vegetarian":true,"image":"https://d25t2285lxl5rf.cloudfront.net/images/dishes/c9afa1e9-8105-4e2c-8f4d-aade74b13ab0.jpg","notFood":false,"drinks":false},{"name":"סלט יווני רגיל","description":"חסה, מלפפון, עגבנייה, זיתים קלמטה,תירס וגבינה בולגרית.מוגש עם מקל לחם שום ושני רטבים לבחירה","price":40,"vegan":false,"vegetarian":true,"image":"https://d25t2285lxl5rf.cloudfront.net/images/dishes/b56e2c4b-2ad0-4004-a072-e4382a074317.jpg","notFood":false,"drinks":false},{"name":"סלט יווני גדול","description":"חסה, מלפפון, עגבנייה,תירס, זיתים קלמטה וגבינה בולגרית. מוגש עם מקל לחם שום ושני רטבים לבחירה","price":44,"vegan":false,"vegetarian":true,"image":"https://d25t2285lxl5rf.cloudfront.net/images/dishes/74736e55-8cab-4aa0-bd9a-04c55cc8702c.jpg","notFood":false,"drinks":false},{"name":"סלט בהרכבה עצמית רגיל","description":"עד שש תוספות לבחירה . מוגש בליווי מקל לחם שום ","price":41,"vegan":true,"vegetarian":true,"image":"https://d25t2285lxl5rf.cloudfront.net/images/dishes/095f3ad0-8e23-4e22-8c19-47704440e814.jpg","notFood":false,"drinks":false},{"name":"סלט בהרכבה עצמית גדול","description":"מוגש עם 7 תוספות לבחירה . כל תוספת נוספת בתשלום. מוגש בליווי מקל לחם שום ושני רטבים לבחירה ","price":45,"vegan":true,"vegetarian":true,"image":"https://d25t2285lxl5rf.cloudfront.net/images/dishes/deb98bf5-0532-4427-bcfa-d9cbd51337d1.jpg","notFood":false,"drinks":false},{"name":"ג`חנון","description":"מוגש עם ביצה קשה ורסק עגבניות","price":28,"vegan":false,"vegetarian":true,"image":"https://d25t2285lxl5rf.cloudfront.net/images/dishes/f82fc00d-5d37-4385-9498-a474b752d8be.jpg","notFood":false,"drinks":false},{"name":"מלאווח קלאסי","description":"ביצה קשה ורסק עגבניות ","price":26,"vegan":false,"vegetarian":true,"image":"https://d25t2285lxl5rf.cloudfront.net/images/dishes/d7f6ca77-5180-4d28-92b5-d43493cfc015.jpg","notFood":false,"drinks":false},{"name":"מלאווח טחינה","description":"מגולגל עם ביצה קשה, טחינה ורסק עגבניות ","price":26,"vegan":false,"vegetarian":true,"image":"https://d25t2285lxl5rf.cloudfront.net/images/dishes/90a073c4-695f-4265-bf7d-32aa5a57d962.jpg","notFood":false,"drinks":false},{"name":"מלאווח מזרחי","description":"מגולגל עם ביצה, חומוס ורסק עגבניות","price":26,"vegan":false,"vegetarian":true,"image":"https://d25t2285lxl5rf.cloudfront.net/images/dishes/95ed5f33-84bb-4a3d-9282-497882f04f4e.jpg","notFood":false,"drinks":false},{"name":"מלאווח טוניסאי","description":"מגולגל עם רסק עגבניות, ביצה, זיתים וטונה","price":30,"vegan":false,"vegetarian":false,"image":"https://d25t2285lxl5rf.cloudfront.net/images/dishes/ad1025f3-6d27-49fe-a624-013bf215a99f.jpg","notFood":false,"drinks":false},{"name":"מלאווח יווני","description":"מגולגל , ביצה קשה, בולגרית, זיתי קלמטה, בצל, זעתר ורסק עגבניות","price":30,"vegan":false,"vegetarian":true,"image":"https://d25t2285lxl5rf.cloudfront.net/images/dishes/5207ee20-86ad-4c86-b257-e1ecb23faaa7.jpg","notFood":false,"drinks":false},{"name":"מלאווח מעורב","description":"אפוי עם גבינת מוצרלה ובולגרית","price":30,"vegan":false,"vegetarian":true,"image":"https://d25t2285lxl5rf.cloudfront.net/images/dishes/292c77aa-7007-4e8c-b17d-a62082d15f42.jpg","notFood":false,"drinks":false},{"name":"מלאווח פיצה","description":"מוגש עם שתי תוספות לבחירה","price":30,"vegan":false,"vegetarian":true,"image":"https://d25t2285lxl5rf.cloudfront.net/images/dishes/b31b4929-ecd5-4ff1-ad54-f20fdf4ce5fb.jpg","notFood":false,"drinks":false},{"name":"זיווה רגילה","description":"גבינת מוצרלה","price":39,"vegan":false,"vegetarian":true,"image":"https://d25t2285lxl5rf.cloudfront.net/images/dishes/7885b675-0720-478d-a6e3-6ca63f8134eb.jpg","notFood":false,"drinks":false},{"name":"זיווה זיתים","description":"גבינת מוצרלה וזיתים ","price":39,"vegan":false,"vegetarian":true,"image":"https://d25t2285lxl5rf.cloudfront.net/images/dishes/74cc775c-69b7-4dda-9b84-b9ad6276f740.jpg","notFood":false,"drinks":false},{"name":"זיווה מעורבת","description":"שילוב של מוצרלה ובולגרית ","price":39,"vegan":false,"vegetarian":true,"image":"https://d25t2285lxl5rf.cloudfront.net/images/dishes/e1c2379b-3075-4cb4-aeba-c85f1e207a11.jpg","notFood":false,"drinks":false},{"name":"זיווה פטריות","description":"גבינת מוצרלה ופטריות ","price":39,"vegan":false,"vegetarian":true,"image":"https://d25t2285lxl5rf.cloudfront.net/images/dishes/23cdfc1a-d4a6-4695-b10c-505ea93446ab.jpg","notFood":false,"drinks":false},{"name":"זיווה יוונית","description":"גבינת מוצרלה, בולגרית, זיתי קלמטה ובצל","price":40,"vegan":false,"vegetarian":true,"image":"https://d25t2285lxl5rf.cloudfront.net/images/dishes/5997c26d-3568-4499-8a4c-38b947e30a3e.jpg","notFood":false,"drinks":false},{"name":"בייגל טוסט","description":"מוגש עם סלט אישי ושלוש תוספות לבחירה","price":35,"vegan":true,"vegetarian":true,"image":"https://d25t2285lxl5rf.cloudfront.net/images/dishes/2cd7b80c-4ed6-4620-9768-12a94bedbd35.jpg","notFood":false,"drinks":false},{"name":"טוסט הבית","description":"רוטב אלפרדו,רוטב שום,טונה,בצל,תירס וביצה קשה. בתוספת גבינת 100% מוצרלה –מוגש עם סלט אישי","price":37,"vegan":false,"vegetarian":false,"image":"https://d25t2285lxl5rf.cloudfront.net/images/dishes/a8bcc8dc-cfdc-4002-a496-6931cd269ecf.jpg","notFood":false,"drinks":false},{"name":"טוסט איטלקי","description":"חמאת שום,100% מוצרלה, בצל, עגבניה ,זיתים ירוקים וביצה קשה. מוגש עם סלט אישי  ","price":37,"vegan":false,"vegetarian":true,"image":"https://d25t2285lxl5rf.cloudfront.net/images/dishes/ef17fedd-3b66-4a5d-8d6c-04ff632cc9d2.jpg","notFood":false,"drinks":false},{"name":"טוסט חריף אשש","description":"סחוג, פלפל חריף ביצה קשה בשילוב גבינת 100% מוצרלה וגבינה בולגרית. מוגש עם סלט אישי","price":37,"vegan":false,"vegetarian":true,"image":"https://d25t2285lxl5rf.cloudfront.net/images/dishes/6f15f214-c682-4f3d-9386-2459a4fed45d.jpg","notFood":false,"drinks":false},{"name":"ספגטי","price":43,"vegan":true,"vegetarian":true,"image":"https://d25t2285lxl5rf.cloudfront.net/images/dishes/03045611-c30d-4362-8703-95df9b6a1d96.jpg","notFood":false,"drinks":false},{"name":"פנה","price":43,"vegan":true,"vegetarian":true,"image":"https://d25t2285lxl5rf.cloudfront.net/images/dishes/60b0618f-f36c-421f-8167-ebece92bf24d.jpg","notFood":false,"drinks":false},{"name":"פסטה מסולסלת","price":43,"vegan":true,"vegetarian":true,"image":"https://d25t2285lxl5rf.cloudfront.net/images/dishes/0767502d-2e40-4334-81dc-9fb8b6bf8a74.jpg","notFood":false,"drinks":false},{"name":"פסטה רדיאטורי","price":44,"vegan":true,"vegetarian":true,"image":"https://d25t2285lxl5rf.cloudfront.net/images/dishes/024c5fd1-7d1e-4d7c-9396-f565501d9161.jpg","notFood":false,"drinks":false},{"name":"רביולי בטטה","price":50,"vegan":true,"vegetarian":true,"image":"https://d25t2285lxl5rf.cloudfront.net/images/dishes/fef1394c-4980-4be6-8b2c-dd23ae224184.jpg","notFood":false,"drinks":false},{"name":"רביולי גבינות","price":50,"vegan":true,"vegetarian":true,"image":"https://d25t2285lxl5rf.cloudfront.net/images/dishes/5213d55d-99eb-4bd6-9436-5dab46b01e67.jpg","notFood":false,"drinks":false},{"name":"לחם שום מוקרם אישי","price":27,"vegan":true,"vegetarian":true,"image":"https://d25t2285lxl5rf.cloudfront.net/images/dishes/f3a315ba-eb03-4afc-87b2-ef6032024d97.jpg","notFood":false,"drinks":false},{"name":"לחם שום מוקרם בינוני\n","price":31,"vegan":true,"vegetarian":true,"image":"https://d25t2285lxl5rf.cloudfront.net/images/dishes/58822a8e-1275-4017-a5af-15ab390b1129.jpg","notFood":false,"drinks":false},{"name":"לחם שום מוקרם גדול","price":39,"vegan":true,"vegetarian":true,"image":"https://d25t2285lxl5rf.cloudfront.net/images/dishes/df935002-4d25-4981-a0fa-5202d4682083.jpg","notFood":false,"drinks":false},{"name":"לחם שום מוקרם ענק","price":46,"vegan":true,"vegetarian":true,"image":"https://d25t2285lxl5rf.cloudfront.net/images/dishes/3f853025-7f09-4eab-9199-b67b444669ff.jpg","notFood":false,"drinks":false},{"name":"מקל לחם שום","description":"יחידה אחת","price":6,"vegan":true,"vegetarian":true,"image":"https://d25t2285lxl5rf.cloudfront.net/images/dishes/a94fcfc7-6123-4275-bb1a-9536158f0b92.jpg","notFood":false,"drinks":false},{"name":"3 מקלות לחם שום","description":"שלושה מקלות","price":16,"vegan":true,"vegetarian":true,"image":"https://d25t2285lxl5rf.cloudfront.net/images/dishes/87724e24-4941-4343-af17-068a8c51e36d.jpg","notFood":false,"drinks":false},{"name":"6 מקלות לחם שום","description":"שישה מקלות","price":30,"vegan":true,"vegetarian":true,"image":"https://d25t2285lxl5rf.cloudfront.net/images/dishes/c0a059e9-0fd6-433f-8787-2452e38e47ec.jpg","notFood":false,"drinks":false},{"name":"תפוח אדמה  מוקרם","description":"תפוח אדמה אפוי מוקרם בגבינה ברוטב אלפרדו -  שמנת ופטריות","price":42,"vegan":false,"vegetarian":true,"image":"https://d25t2285lxl5rf.cloudfront.net/images/dishes/e9e971be-9477-4c2a-8a0f-f26ce45e82ed.jpg","notFood":false,"drinks":false},{"name":"שקשוקה קלאסית","description":"2 ביצים. מוגשת בליווי 2 מקלות לחם שום","price":42,"vegan":false,"vegetarian":true,"image":"https://d25t2285lxl5rf.cloudfront.net/images/dishes/d329e193-b798-4a6f-b164-d9161495c427.jpg","notFood":false,"drinks":false},{"name":"שקשוקה בלקנית","description":"עשוייה מ- 2 ביצים בשילוב של חציל קלוי וגבינה בולגרית משובחת\r\nמוגש בליווי 2 מקלות שום\t\r\n","price":42,"vegan":false,"vegetarian":true,"image":"https://d25t2285lxl5rf.cloudfront.net/images/dishes/6091cf1c-2d64-4af7-8a10-5cc875281574.jpg","notFood":false,"drinks":false},{"name":"שקשוקה חריפה","description":"מוגשת בליווי 2 מקלות לחם שום","price":42,"vegan":true,"vegetarian":true,"image":"https://d25t2285lxl5rf.cloudfront.net/images/dishes/4c4375a7-c83a-44af-a365-fc9f858ddc2a.jpg","notFood":false,"drinks":false},{"name":"זיוה שוקולד","description":"מאפה פריך במילוי שוקולד","price":30,"vegan":false,"vegetarian":true,"image":"https://d25t2285lxl5rf.cloudfront.net/images/dishes/e2483fed-fbef-4c50-8bd8-7a70476f9a40.jpg","notFood":false,"drinks":false},{"name":"סופלה שוקולד","price":26,"vegan":false,"vegetarian":true,"image":"https://d25t2285lxl5rf.cloudfront.net/images/dishes/8666a608-985a-4bab-a445-45e3e5c24510.jpg","notFood":false,"drinks":false},{"name":"זיוה חלווה","price":30,"vegan":true,"vegetarian":true,"notFood":false,"drinks":false},{"name":"בקבוק מים מינרלים 0.5 ליטר","price":10,"vegan":true,"vegetarian":true,"notFood":false,"drinks":true},{"name":"בקבוק קוקה-קולה 0.5 ליטר","price":13,"vegan":true,"vegetarian":true,"notFood":false,"drinks":true},{"name":"בקבוק דיאט קולה 0.5 ליטר","price":13,"vegan":true,"vegetarian":true,"notFood":false,"drinks":true},{"name":"בקבוק קוקה-קולה זירו 0.5","price":13,"vegan":true,"vegetarian":true,"notFood":false,"drinks":true},{"name":"בקבוק ספרייט 0.5 ליטר","price":13,"vegan":true,"vegetarian":true,"notFood":false,"drinks":true},{"name":"בקבוק דיאט ספרייט 0.5 ליטר","price":13,"vegan":true,"vegetarian":true,"notFood":false,"drinks":true},{"name":"בקבוק פאנטה 0.5 ליטר","price":13,"vegan":true,"vegetarian":true,"notFood":false,"drinks":true},{"name":"בקבוק פריגת ענבים 0.5 ליטר","price":13,"vegan":true,"vegetarian":true,"notFood":false,"drinks":true},{"name":"בקבוק תפוזים 0.5 ליטר","price":13,"vegan":true,"vegetarian":true,"notFood":false,"drinks":true},{"name":"בקבוק נסטי אפרסק 0.5 ליטר","price":13,"vegan":true,"vegetarian":true,"notFood":false,"drinks":true},{"name":"בקבוק תפוחים 0.5 ליטר","price":13,"vegan":true,"vegetarian":true,"notFood":false,"drinks":true},{"name":"בקבוק קוקה-קולה 1.5 ליטר","price":16,"vegan":true,"vegetarian":true,"notFood":false,"drinks":true},{"name":"בקבוק דיאט קולה 1.5 ליטר","price":16,"vegan":true,"vegetarian":true,"notFood":false,"drinks":true},{"name":"בקבוק קוקה קולה זירו 1.5 ליטר\n","price":16,"vegan":true,"vegetarian":true,"notFood":false,"drinks":true},{"name":"בקבוק ספרייט 1.5 ליטר","price":16,"vegan":true,"vegetarian":true,"notFood":false,"drinks":true},{"name":"בקבוק דיאט ספרייט 1.5 ליטר","price":16,"vegan":true,"vegetarian":true,"notFood":false,"drinks":true},{"name":"בקבוק פאנטה 1.5 ליטר","price":16,"vegan":true,"vegetarian":true,"notFood":false,"drinks":true},{"name":"בקבוק נסטי אפרסק 1.5 ליטר","price":16,"vegan":true,"vegetarian":true,"notFood":false,"drinks":true},{"name":"בקבוק פריגת ענבים 1.5 ליטר","price":16,"vegan":true,"vegetarian":true,"notFood":false,"drinks":true},{"name":"פחית קוקה קולה","price":11,"vegan":true,"vegetarian":true,"notFood":false,"drinks":true}]}