{"track_id":"22033","filters":["veganFood","meatGrill","fish"],"image":"https://tenbis-static.azureedge.net/restaurant-card-image/ResCard_22033_1910030504.jpg","address":"צמרות, 2 הרצליה","location":[34.8438714,32.1512671],"name":"ביתא קפה הרצליה ","city":"הרצליה - רמת השרון","priceAverage":51.35849056603774,"menu":[{"name":"מטבח המשלוחים נפתח החל מהשעה 12:00","vegan":true,"vegetarian":true,"notFood":false,"drinks":false},{"name":"בק׳ס 275 cc ב 15 שח בלבד","price":15,"vegan":true,"vegetarian":true,"notFood":false,"drinks":false},{"name":"כריך בריאות","description":"ממרח אגוזי מלך, צפתית, מלפפון, עגבניה וארוגולה\n","price":48,"vegan":true,"vegetarian":true,"image":"https://d25t2285lxl5rf.cloudfront.net/images/dishes/5e80f8be-5226-4af9-9d49-55b8f6357b8d.jpg","notFood":false,"drinks":false},{"name":"טוסט גבינות","description":"פסטו פטרוזיליה, גבינה צהובה, גבינת פטה, זיתים, עגבניה ובצל סגול\n","price":52,"vegan":false,"vegetarian":true,"image":"https://d25t2285lxl5rf.cloudfront.net/images/dishes/0627f215-7e83-4ee8-995f-f7eab4c2763d.jpg","notFood":false,"drinks":false},{"name":"כריך סלמון מעושן\n","description":"סלמון מעושן, גבינת מסקרפונה מתובלת בווסאבי, מלפפון ובצל ירוק.","price":56,"vegan":false,"vegetarian":false,"image":"https://d25t2285lxl5rf.cloudfront.net/images/dishes/55fcd7c4-ae3b-48b2-8a0d-96740a46b3ab.jpg","notFood":false,"drinks":false},{"name":"כריך חביתה","description":"גבינת שמנת, עגבניה, מלפפון.","price":48,"vegan":false,"vegetarian":true,"notFood":false,"drinks":false},{"name":"כריך טבעוני (טופו)","description":"טופו במרינדה של מייפל וצ'ילי, ממרח אגוזי מלך, בטטה צלויה, מלפפון וארוגולה","price":48,"vegan":true,"vegetarian":true,"notFood":false,"drinks":false},{"name":"כריך טונה","description":"\nסלט טונה, עגבניות שרי, ביצה קשה, צנונית ובצל ירוק\n","price":48,"vegan":false,"vegetarian":false,"notFood":false,"drinks":false},{"name":"כריך עוף חם","description":"מיונז מתובל, נתחי פרגית, עגבניה וארוגולה","price":56,"vegan":false,"vegetarian":false,"notFood":false,"drinks":false},{"name":"סלט אלפא ביתא","description":"תערובת ירקות קצוצים - עגבניה, מלפפון, פלפל ובצל סגול, אורז ועדשים שחורות אורגניות \n\nמוגש עם רוטב יוגורט טחינה","price":56,"vegan":true,"vegetarian":true,"image":"https://d25t2285lxl5rf.cloudfront.net/images/dishes/1cd04a3e-13a0-4188-b808-3566412c4416.jpg","notFood":false,"drinks":false},{"name":"סלט קינואה ופטה","description":"סלט קר של קינואה, עגבניות קצוצות, גבינת פטה, שקדים בלימון ונבטי חמניה, ברוטב לימון כבוש וצ'ילי ","price":58,"vegan":false,"vegetarian":true,"image":"https://d25t2285lxl5rf.cloudfront.net/images/dishes/51f96830-facd-46b1-9164-efc67215562b.jpg","notFood":false,"drinks":false},{"name":"סלט ירוק","description":"סלט ירוק ועדין של חסה סלנובה, אורוגולה, צנונית עם רוטב שמן זית, לימון ודבש.","price":48,"vegan":true,"vegetarian":true,"notFood":false,"drinks":false},{"name":"סלט עגבניות","description":"שלל עגבניות, אפונה, נענע ובזיליקום, משולשי פיתנ זעתר וגבינת מסקרפוונה וואסבי מעל.","price":58,"vegan":false,"vegetarian":true,"notFood":false,"drinks":false},{"name":"סלט עוף","description":"נתחי פרגית חמים, גזר מגורר, שערות חסה, צנונית, מלפפונים, פטרוזיליה וכוסברה בשמן זית לימון וצ׳ילי ושקדים קלויים עם טחינה גולמית בצד ","price":64,"vegan":false,"vegetarian":false,"notFood":false,"drinks":false},{"name":"לחם הבית","description":"בליווי חמאה, פסטו פטרוזיליה ואיולי לימונים כבושים","price":19,"vegan":true,"vegetarian":true,"notFood":false,"drinks":false},{"name":"טוסט גבינה ילדים","description":"לחם לבן, רוטב עגבניות שלנו \r\n","price":32,"vegan":false,"vegetarian":true,"notFood":false,"drinks":false},{"name":"פסטה ילדים","description":"לבחירה: פסטה עגבניות, פסטה שמן זית, פסטה שמנת, פסטה רוזה\r\n","price":32,"vegan":false,"vegetarian":true,"notFood":false,"drinks":false},{"name":"שניצלוני עוף","description":"לבחירה אורז / פירה","price":38,"vegan":false,"vegetarian":false,"notFood":false,"drinks":false},{"name":"שיפודי עוף","description":"שיפודי חזה עוף בוינגרט עגבניות צלויות, לבחירה אורז / פירה","price":38,"vegan":false,"vegetarian":false,"notFood":false,"drinks":false},{"name":"שיפודי סלמון","description":" שיפודי סלמון מתקתק לבחירה אורז / פירה\n","price":44,"vegan":false,"vegetarian":false,"notFood":false,"drinks":false},{"name":"סלט קצוץ ילד","description":"עגבנייה ומלפפון\r\n","price":10,"vegan":true,"vegetarian":true,"notFood":false,"drinks":false},{"name":"פסטה אליו אוליו - טבעוני","description":"לינגוויני עם ארטישוק, שום, צ'ילי, זיתים ופטרוזיליה","price":68,"vegan":true,"vegetarian":true,"notFood":false,"drinks":false},{"name":"בולונז רדיפיין מהטבע - טבעוני","description":"תבשיל בולונז ללא מרכיבים מן החי, ברוטב עגבניות ובזיליקום","price":72,"vegan":true,"vegetarian":true,"notFood":false,"drinks":false},{"name":"קינואה חמה - טבעוני","description":"קינואה חמה עם עדשים שחורות, פטרוזיליה, עגבניות שרי צלויות וטחינה גולמית ברוטב לימון כבוש ","price":64,"vegan":true,"vegetarian":true,"notFood":false,"drinks":false},{"name":"שעועית ירוקה מוקפצת","price":18,"vegan":true,"vegetarian":true,"notFood":false,"drinks":false},{"name":"פירה תפוח אדמה","price":18,"vegan":true,"vegetarian":true,"notFood":false,"drinks":false},{"name":"אורז לבן","price":18,"vegan":true,"vegetarian":true,"notFood":false,"drinks":false},{"name":"קינואה אורגנית","price":18,"vegan":true,"vegetarian":true,"notFood":false,"drinks":false},{"name":"סלט קצוץ","description":"מלפפון , עגבנייה, פטרוזליה, בצל וקליפות לימון ברוטב שמן זית ולימון ","price":22,"vegan":true,"vegetarian":true,"notFood":false,"drinks":false},{"name":"פנקוטה יוגורט","description":"עם רוטב מתוק מדבש.","price":42,"vegan":true,"vegetarian":true,"notFood":false,"drinks":false},{"name":"קאווה","price":90,"vegan":true,"vegetarian":true,"notFood":false,"drinks":true},{"name":"קברנה סוביניון","price":135,"vegan":true,"vegetarian":true,"notFood":false,"drinks":false},{"name":"פינו גריג׳ו","description":"מונטה זובו","price":135,"vegan":true,"vegetarian":true,"notFood":false,"drinks":false},{"name":"שבלי דומיין פורי","price":190,"vegan":true,"vegetarian":true,"notFood":false,"drinks":false},{"name":"קופאז' ברוודו","price":190,"vegan":true,"vegetarian":true,"notFood":false,"drinks":false},{"name":"גראנש דומיין לאפאז'","price":165,"vegan":true,"vegetarian":true,"notFood":false,"drinks":false},{"name":"פול מאס וינייה דה ניקול","price":150,"vegan":true,"vegetarian":true,"notFood":false,"drinks":false},{"name":"סוניביון בלאן וילה מריה","price":160,"vegan":true,"vegetarian":true,"notFood":false,"drinks":true},{"name":"סודה","price":10,"vegan":true,"vegetarian":true,"notFood":false,"drinks":true},{"name":"מים מינרלים","price":11,"vegan":true,"vegetarian":true,"notFood":false,"drinks":false},{"name":"סן פלגרינו קטן","price":14,"vegan":true,"vegetarian":true,"notFood":false,"drinks":false},{"name":"סן פלגרינו גדול","price":28,"vegan":true,"vegetarian":true,"notFood":false,"drinks":false},{"name":"קולה","price":14,"vegan":true,"vegetarian":true,"notFood":false,"drinks":true},{"name":"דיאט קולה","price":14,"vegan":true,"vegetarian":true,"notFood":false,"drinks":true},{"name":"קולה זירו","price":14,"vegan":true,"vegetarian":true,"notFood":false,"drinks":true},{"name":"ספרייט","price":14,"vegan":true,"vegetarian":true,"notFood":false,"drinks":true},{"name":"ספרייט זירו","price":14,"vegan":true,"vegetarian":true,"notFood":false,"drinks":true},{"name":"ענבים","price":14,"vegan":true,"vegetarian":true,"notFood":false,"drinks":true},{"name":"נסטי","price":14,"vegan":true,"vegetarian":true,"notFood":false,"drinks":true},{"name":"בק׳ס 275cc ב15","price":15,"vegan":true,"vegetarian":true,"notFood":false,"drinks":false},{"name":"גולדסטאר","price":26,"vegan":true,"vegetarian":true,"notFood":false,"drinks":false},{"name":"סטלה","price":29,"vegan":false,"vegetarian":false,"notFood":false,"drinks":false},{"name":"חיטה","price":34,"vegan":true,"vegetarian":true,"notFood":false,"drinks":false},{"name":"אדמונית","price":34,"vegan":true,"vegetarian":true,"notFood":false,"drinks":false}]}