{"track_id":"22049","filters":["burgers","meatGrill"],"image":"https://tenbis-static.azureedge.net/restaurant-card-image/ResCard_22049_20220112160212.jpg","address":"דרך רמתיים, 63 הוד השרון","location":[34.894809,32.1561239],"name":"עד העצם אקספרס","city":"השרון","priceAverage":51.20967741935484,"menu":[{"name":"ארוחת אקספרס 1","description":"120 גרם. ההמבורגר מוגש בלחמניית שמרים עם חסה , עגבניה, בצל סגול,  ורוטב אקספרס (מיונז צ'ילי). בליווי תוספת ושתייה.","price":62,"vegan":false,"vegetarian":false,"image":"https://d25t2285lxl5rf.cloudfront.net/images/dishes/db080d0c-e954-4592-8bfa-e9af9549bdaf.jpg","notFood":false,"drinks":false},{"name":"ארוחת אקספרס 2","description":"240 גרם. ההמבורגר מוגש בלחמניית שמרים עם חסה , עגבניה, בצל סגול, ורוטב אקספרס (מיונז צ'ילי). בליווי תוספת ושתייה.","price":76,"vegan":false,"vegetarian":false,"image":"https://d25t2285lxl5rf.cloudfront.net/images/dishes/2e960753-0895-431c-b020-60966410502b.jpg","notFood":false,"drinks":false},{"name":"המבורגר אקספרס 1\t","description":"120 גרם. ההמבורגר מוגש בלחמניית שמרים עם חסה , עגבניה, בצל סגול, ורוטב אקספרס.","price":39,"vegan":false,"vegetarian":false,"image":"https://d25t2285lxl5rf.cloudfront.net/images/dishes/159a7ab4-b684-4e07-8aec-b03b55550778.jpg","notFood":false,"drinks":false},{"name":"צ'יפס","description":"","price":18,"vegan":true,"vegetarian":true,"image":"https://d25t2285lxl5rf.cloudfront.net/images/dishes/fcd08fdd-ec65-40af-a2f4-0859b6f0cf15.jpg","notFood":false,"drinks":false},{"name":"המבורגר אקספרס 2\t","description":"240 גרם. ההמבורגר מוגש בלחמניית שמרים עם חסה , עגבניה, בצל סגול, ורוטב אקספרס (מיונז צ'ילי).","price":55,"vegan":false,"vegetarian":false,"image":"https://d25t2285lxl5rf.cloudfront.net/images/dishes/fa45de46-c635-4b14-bce1-fa4d2f439bf5.jpg","notFood":false,"drinks":false},{"name":"כנפיים - 5 יחידות","description":"מוגש ברוטב צ'ילי ברביקיו וחמאת שום.","price":23,"vegan":false,"vegetarian":false,"image":"https://d25t2285lxl5rf.cloudfront.net/images/dishes/02dc8469-eacf-40ad-bdd9-bd31e0a36ef0.jpeg","notFood":false,"drinks":false},{"name":"כנפיים - 10 יחידות","description":"מוגש ברוטב צ'ילי ברביקיו וחמאת שום.","price":41,"vegan":false,"vegetarian":false,"image":"https://d25t2285lxl5rf.cloudfront.net/images/dishes/a37ed61a-9885-4845-811e-d9540c171551.jpeg","notFood":false,"drinks":false},{"name":"כנפיים - 15 יחידות","description":"מוגש ברוטב צ'ילי ברביקיו וחמאת שום.","price":51,"vegan":false,"vegetarian":false,"image":"https://d25t2285lxl5rf.cloudfront.net/images/dishes/d76bfdec-3a09-4423-9dd1-75be45293b99.jpeg","notFood":false,"drinks":false},{"name":"טורטייה אנטריקוט","description":"אנטריקוט בטורטייה עם חסה, עגבנייה, רוטב צ'ימיצ'ורי וממרח אבוקדו","price":51,"vegan":false,"vegetarian":false,"image":"https://d25t2285lxl5rf.cloudfront.net/images/dishes/11144e01-73b1-4aa5-9044-d00e2fc3825b.jpg","notFood":false,"drinks":false},{"name":"טורטייה בשר אסאדו מפורק","description":"בשר אסאדו מפורק בטורטייה עם חסה, עגבנייה, רוטב צ'ימיצ'ורי וממרח אבוקדו","price":53,"vegan":false,"vegetarian":false,"image":"https://d25t2285lxl5rf.cloudfront.net/images/dishes/f79bb695-64ce-4a83-be8b-9d2539ae39ce.jpg","notFood":false,"drinks":false},{"name":"ארוחת טורטייה אנטריקוט","description":"אנטריקוט בטורטייה עם חסה, עגבנייה, רוטב צ'ימיצ'ורי וממרח אבוקדו מוגש עם צ'יפס ושתייה לצד המנה","price":73,"vegan":false,"vegetarian":false,"image":"https://d25t2285lxl5rf.cloudfront.net/images/dishes/532632c5-a1fb-4188-b948-6e3b378f2780.jpg","notFood":false,"drinks":false},{"name":"ארוחת טורטייה בשר אסאדו מפורק","description":"בשר אסאדו מפורק בטורטייה עם חסה, עגבנייה, רוטב צ'ימיצ'ורי וממרח אבוקדו מוגש עם צ'יפס ושתייה לצד המנה","price":75,"vegan":false,"vegetarian":false,"image":"https://d25t2285lxl5rf.cloudfront.net/images/dishes/d915a502-8856-4d39-a395-f71566753457.jpg","notFood":false,"drinks":false},{"name":"המבורגר צמחוני","description":"קציצה טבעונית משבבי סויה ובצל, בלחמניית שמרים עם חסה, עגבנייה, בצל סגול, מלפפון כבוש ורוטב קיסר. (ללא הרוטב, ההמבורגר טבעוני).","price":44,"vegan":true,"vegetarian":true,"image":"https://d25t2285lxl5rf.cloudfront.net/images/dishes/3ae982cd-c974-4cc4-89e5-bc8219d26717.jpg","notFood":false,"drinks":false},{"name":"המבורגר אקספרס 1\t","description":"120 גרם. ההמבורגר מוגש בלחמניית שמרים עם חסה , עגבניה, בצל סגול, ורוטב אקספרס.","price":39,"vegan":false,"vegetarian":false,"image":"https://d25t2285lxl5rf.cloudfront.net/images/dishes/159a7ab4-b684-4e07-8aec-b03b55550778.jpg","notFood":false,"drinks":false},{"name":"המבורגר אקספרס 2\t","description":"240 גרם. ההמבורגר מוגש בלחמניית שמרים עם חסה , עגבניה, בצל סגול, ורוטב אקספרס (מיונז צ'ילי).","price":55,"vegan":false,"vegetarian":false,"image":"https://d25t2285lxl5rf.cloudfront.net/images/dishes/fa45de46-c635-4b14-bce1-fa4d2f439bf5.jpg","notFood":false,"drinks":false},{"name":"המבורגר אקספרס 3","description":"360 גרם. ההמבורגר מוגש בלחמניית שמרים עם חסה , עגבניה, בצל סגול,  ורוטב אקספרס (מיונז צ'ילי).","price":67,"vegan":false,"vegetarian":false,"image":"https://d25t2285lxl5rf.cloudfront.net/images/dishes/52e8603d-f9da-4cc9-835f-f993cb66ffdb.jpg","notFood":false,"drinks":false},{"name":"סנדויץ אנטריקוט","description":"רצועות אנטריקוט, מוגש בלחמניית המבורגר עם חסה, עגבנייה,בצל סגול, בצל מטוגן ממרח אבוקדו","price":58,"vegan":false,"vegetarian":false,"image":"https://d25t2285lxl5rf.cloudfront.net/images/dishes/84fa9437-c2f2-47ee-93b6-67d29190f0d7.png","notFood":false,"drinks":false},{"name":"נאגטס","description":"נגיסי עוף\t","price":41,"vegan":false,"vegetarian":false,"image":"https://d25t2285lxl5rf.cloudfront.net/images/dishes/7c9a0c1c-c6fb-44e8-a59d-54ef95d64a02.jpg","notFood":false,"drinks":false},{"name":"המבורגר וואגיו","description":"קציצה 200 גרם בשר וואגיו מהמשובחים בעולם מוגש בלחמנית שמרים עם חסה , עגבניה, בצל סגול,  ורוטב אקספרס.","price":68,"vegan":false,"vegetarian":false,"image":"","notFood":false,"drinks":false},{"name":"המבורגר וואגיו כפול","description":"2 קציצות 200 גרם בשר וואגיו מהמשובחים בעולם מוגש בלחמניית שמרים עם חסה , עגבניה, בצל סגול, ורוטב אקספרס (מיונז צ'ילי).","price":88,"vegan":false,"vegetarian":false,"image":"","notFood":false,"drinks":false},{"name":"קריספי צ'יקן","description":"חזה עוף בטמפורה מצופה בפירורי פנקו, מוגש בלחמניית המבורגר עם חסה , עגבניה, בצל סגול,  ורוטב קיסר.","price":45,"vegan":false,"vegetarian":false,"image":"","notFood":false,"drinks":false},{"name":"המבורגר טלה","description":"המבורגר טלה 200 גרם מנתחים מובחרים של טלה ובקר. מוגש בלחמניית שמרים עם חסה , עגבניה, בצל סגול,  ורוטב אקספרס.","price":63,"vegan":false,"vegetarian":false,"image":"","notFood":false,"drinks":false},{"name":"המבורגר טלה כפול","description":"2 קציצות של 200 גרם, מנתחים מובחרים של טלה ובקר. מוגש בלחמניית שמרים עם חסה , עגבניה, בצל סגול,  ורוטב אקספרס (מיונז צ'ילי).","price":83,"vegan":false,"vegetarian":false,"image":"","notFood":false,"drinks":false},{"name":"המבורגר קלאסי","description":"המבורגר מ200 גרם בשר בקר טרי, מוגש בלחמניית שמרים עם חסה , עגבניה, בצל סגול, ורוטב אקספרס (מיונז צ'ילי).","price":52,"vegan":false,"vegetarian":false,"image":"","notFood":false,"drinks":false},{"name":"המבורגר קלאסי כפול","description":"400 גרם בשר בקר טרי, מוגש בלחמניית שמרים עם חסה , עגבניה, בצל סגול, ורוטב אקספרס (מיונז צ'ילי).","price":72,"vegan":false,"vegetarian":false,"image":"","notFood":false,"drinks":false},{"name":"צ'יזי בורגר","description":"המבורגר 200 גרם מ-100% בשר טרי, בתוספת גבינת צ'דר אמריקאית,גבינת גאודה עיזים  וחמאת שום. מוגש בלחמניית שמרים עם חסה , עגבניה, בצל סגול,  ורוטב אקספרס (מיונז צ'ילי).","price":69,"vegan":false,"vegetarian":false,"image":"","notFood":false,"drinks":false},{"name":"ביף בורגר","description":"המבורגר מ-200 גרם 100% בשר אנגוס, בתוספת חזה אווז, ואסאדו מעושן. מוגש בלחמניית שמרים עם חסה, עגבניות, בצל סגול ורוטב אקספרס (מיונז צ'ילי).","price":69,"vegan":false,"vegetarian":false,"image":"","notFood":false,"drinks":false},{"name":"ארוחת אקספרס 1","description":"120 גרם. ההמבורגר מוגש בלחמניית שמרים עם חסה , עגבניה, בצל סגול,  ורוטב אקספרס (מיונז צ'ילי). בליווי תוספת ושתייה.","price":62,"vegan":false,"vegetarian":false,"image":"https://d25t2285lxl5rf.cloudfront.net/images/dishes/db080d0c-e954-4592-8bfa-e9af9549bdaf.jpg","notFood":false,"drinks":false},{"name":"ארוחת אקספרס 2","description":"240 גרם. ההמבורגר מוגש בלחמניית שמרים עם חסה , עגבניה, בצל סגול, ורוטב אקספרס (מיונז צ'ילי). בליווי תוספת ושתייה.","price":76,"vegan":false,"vegetarian":false,"image":"https://d25t2285lxl5rf.cloudfront.net/images/dishes/2e960753-0895-431c-b020-60966410502b.jpg","notFood":false,"drinks":false},{"name":"ארוחת אקספרס 3\t","description":"360 גרם. ההמבורגר מוגש בלחמניית שמרים עם חסה , עגבניה, בצל סגול,  ורוטב אקספרס (מיונז צ'ילי). בליווי תוספת ושתייה.","price":88,"vegan":false,"vegetarian":false,"image":"https://d25t2285lxl5rf.cloudfront.net/images/dishes/4a1ec5ba-1d79-45b1-b57d-6b44db1b5e4a.jpg","notFood":false,"drinks":false},{"name":"ארוחת נאגטס","description":"נגיסי עוף. מוגש עם תוספת ושתיה לבחירה.\t","price":63,"vegan":false,"vegetarian":false,"image":"https://d25t2285lxl5rf.cloudfront.net/images/dishes/a56da3c3-a4dc-4a19-bba1-253bd4ebb311.jpg","notFood":false,"drinks":false},{"name":"ארוחת סנדויץ אנטריקוט","description":"רצועות אנטריקוט, מוגש בלחמניית המבורגר עם חסה, עגבנייה, , בצל סגול , בצל מטוגן ממרח אבוקדו. בליווי תוספת ושתייה.","price":78,"vegan":false,"vegetarian":false,"image":"https://d25t2285lxl5rf.cloudfront.net/images/dishes/af17295d-8bf0-4ea1-bd71-4da92625e570.png","notFood":false,"drinks":false},{"name":"ארוחה צמחונית","description":"קציצה טבעונית משבבי סויה ובצל, בלחמניית שמרים עם חסה, עגבנייה, בצל סגול, מלפפון כבוש ורוטב קיסר. (ללא הרוטב, ההמבורגר טבעוני). בליווי תוספת ושתייה.","price":64,"vegan":true,"vegetarian":true,"image":"https://d25t2285lxl5rf.cloudfront.net/images/dishes/f779b870-f4cd-48af-a1df-e2d19fc3e6da.jpg","notFood":false,"drinks":false},{"name":"ארוחה המבורגר וואגיו","description":" קציצה 200 גרם בשר וואגיו מהמשובחים בעולם מוגש בלחמניית שמרים עם חסה , עגבניה, בצל סגול, ורוטב אקספרס (מיונז צ'ילי). בליווי תוספת ושתייה.","price":91,"vegan":false,"vegetarian":false,"image":"","notFood":false,"drinks":false},{"name":"ארוחה המבורגר וואגיו כפול","description":"2 קציצות 200 גרם בשר וואגיו מהמשובחים בעולם מוגש בלחמניית שמרים עם חסה , עגבניה, בצל סגול, ורוטב אקספרס (מיונז צ'ילי). בליווי תוספת ושתייה.","price":111,"vegan":false,"vegetarian":false,"image":"","notFood":false,"drinks":false},{"name":"ארוחת המבורגר טלה","description":"המבורגר טלה 200 גרם מנתחים מובחרים של טלה ובקר. מוגש בלחמניית שמרים עם חסה , עגבניה, בצל סגול, ורוטב אקספרס (מיונז צ'ילי). בליווי תוספת ושתייה.","price":86,"vegan":false,"vegetarian":false,"image":"","notFood":false,"drinks":false},{"name":"ארוחת טלה כפול","description":"2 קציצות של 200 גרם, מנתחים מובחרים של טלה ובקר. מוגש בלחמניית שמרים עם חסה , עגבניה, בצל סגול, ורוטב אקספרס (מיונז צ'ילי). בליווי תוספת ושתייה.","price":106,"vegan":false,"vegetarian":false,"image":"","notFood":false,"drinks":false},{"name":"ארוחת המבורגר קלאסי","description":"200 גרם בשר בקר טרי, מוגש בלחמניית שמרים עם חסה , עגבניה, בצל סגול,  ורוטב אקספרס (מיונז צ'ילי). בליווי תוספת ושתייה.","price":73,"vegan":false,"vegetarian":false,"image":"","notFood":false,"drinks":false},{"name":"ארוחת המבורגר קלאסי כפול","description":"400 גרם של בשר בקר טרי, מוגש בלחמניית שמרים עם חסה , עגבניה, בצל סגול, ורוטב אקספרס (מיונז צ'ילי). בליווי תוספת ושתייה.","price":93,"vegan":false,"vegetarian":false,"image":"","notFood":false,"drinks":false},{"name":"ארוחת צ'יזי בורגר","description":"המבורגר 200 גרם מ-100% בשר טרי, בתוספת גבינת צ'דר אמריקאית, גבינת גאודה עיזים וחמאת שום. מוגש בלחמניית שמרים עם חסה , עגבניה, בצל סגול,  ורוטב אקספרס (מיונז צ'ילי).","price":90,"vegan":false,"vegetarian":false,"image":"","notFood":false,"drinks":false},{"name":"ארוחת קריספי צ'יקן","description":"חזה עוף בטמפורה מצופה בפירורי פנקו, מוגש בלחמניית המבורגר עם חסה , עגבניה, בצל סגול,   ורוטב אקספרס (מיונז צ'ילי). בליווי תוספת ושתייה.","price":67,"vegan":false,"vegetarian":false,"image":"","notFood":false,"drinks":false},{"name":"ארוחת ביף בורגר","description":"ארוחת המבורגר מ-200 גרם 100% בשר אנגוס, בתוספת חזה אווז, ואסאדו מעושן. מוגש בלחמניית שמרים עם חסה, עגבניות, בצל סגול ורוטב אקספרס (מיונז צ'ילי). מגיע עם תוספת לבחירה ושתייה.","price":90,"vegan":false,"vegetarian":false,"image":"","notFood":false,"drinks":false},{"name":"ארוחת המבורגר ילדים","description":"70 גרם המבורגר בקר בלחמנית שמרים מיני, חסה, עגבניה, וקטשופ","price":45,"vegan":false,"vegetarian":false,"image":"","notFood":false,"drinks":false},{"name":"ארוחת נאגטס ילדים","description":"נגיסי עוף","price":45,"vegan":false,"vegetarian":false,"image":"","notFood":false,"drinks":false},{"name":"ארוחת מיני קריספי צ'יקן","description":"חזה עוף בטמפורה בלחמנית שמרים מיני, חסה, עגבנייה, וקטשופ","price":45,"vegan":false,"vegetarian":false,"image":"","notFood":false,"drinks":false},{"name":"צ'יפס","description":"","price":18,"vegan":true,"vegetarian":true,"image":"https://d25t2285lxl5rf.cloudfront.net/images/dishes/fcd08fdd-ec65-40af-a2f4-0859b6f0cf15.jpg","notFood":false,"drinks":false},{"name":"טבעות בצל","description":"","price":20,"vegan":true,"vegetarian":true,"image":"https://d25t2285lxl5rf.cloudfront.net/images/dishes/9a4aaaef-cf32-4b1f-b0ee-5a5c0c057ef5.jpg","notFood":false,"drinks":false},{"name":"חצי צ'יפס חצי טבעות בצל","description":"","price":20,"vegan":true,"vegetarian":true,"image":"https://d25t2285lxl5rf.cloudfront.net/images/dishes/c56aec3c-aa6f-48a1-a769-8e3c15a5e59f.jpg","notFood":false,"drinks":false},{"name":"צ'יפס בטטה","description":"","price":24,"vegan":true,"vegetarian":true,"image":"https://d25t2285lxl5rf.cloudfront.net/images/dishes/34cc06c7-2a91-4a82-959f-bc5171e2086b.jpeg","notFood":false,"drinks":false},{"name":"פוטטו צ'יפס","description":"","price":20,"vegan":true,"vegetarian":true,"image":"","notFood":false,"drinks":false},{"name":"כדורי פירה","description":"","price":24,"vegan":true,"vegetarian":true,"image":"","notFood":false,"drinks":false},{"name":"צ'ורוס 3 יחידות","description":"","price":13,"vegan":true,"vegetarian":true,"image":"https://d25t2285lxl5rf.cloudfront.net/images/dishes/b265cab6-e734-4653-8066-01e35def4641.jpg","notFood":false,"drinks":false},{"name":"צ'ורוס 5 יחידות","description":"","price":19,"vegan":true,"vegetarian":true,"image":"https://d25t2285lxl5rf.cloudfront.net/images/dishes/d60cf1d2-f9f5-4d01-aa61-d722740f1057.jpg","notFood":false,"drinks":false},{"name":"מים","description":"","price":9,"vegan":true,"vegetarian":true,"image":"","notFood":false,"drinks":false},{"name":"פפסי","description":"","price":13,"vegan":true,"vegetarian":true,"image":"","notFood":false,"drinks":true},{"name":"סבן אפ","description":"","price":13,"vegan":true,"vegetarian":true,"image":"","notFood":false,"drinks":false},{"name":"ענבים","description":"","price":13,"vegan":true,"vegetarian":true,"image":"","notFood":false,"drinks":true},{"name":"אריזונה אפרסק","description":"","price":14,"vegan":true,"vegetarian":true,"image":"","notFood":false,"drinks":false},{"name":"סודה","description":"","price":13,"vegan":true,"vegetarian":true,"image":"","notFood":false,"drinks":true},{"name":"פפסי מקס","description":"","price":13,"vegan":true,"vegetarian":true,"image":"","notFood":false,"drinks":true},{"name":"דיאט סבן אפ","description":"","price":13,"vegan":true,"vegetarian":true,"image":"","notFood":false,"drinks":false},{"name":"מירנדה","description":"","price":13,"vegan":true,"vegetarian":true,"image":"","notFood":false,"drinks":false}]}