{"track_id":"22083","filters":["meatGrill","sandwichesWraps","salads"],"image":"https://tenbis-static.azureedge.net/restaurant-card-image/ResCard_22083_20220512110757.jpg","address":"בוגרשוב, 9 תל אביב-יפו","location":[34.7686284,32.0776454],"name":"רד מיט בוגרשוב","city":"תל אביב-יפו","priceAverage":19.661538461538463,"menu":[{"name":"פחית קוקה קולה","price":9,"vegan":true,"vegetarian":true,"notFood":false,"drinks":true},{"name":"פחית קולה זירו","price":9,"vegan":true,"vegetarian":true,"notFood":false,"drinks":true},{"name":"פחית דיאט קולה","price":9,"vegan":true,"vegetarian":true,"notFood":false,"drinks":true},{"name":"פחית ספרייט","price":9,"vegan":true,"vegetarian":true,"notFood":false,"drinks":true},{"name":"פחית פאנטה","price":9,"vegan":true,"vegetarian":true,"notFood":false,"drinks":false},{"name":"קוקה קולה זכוכית אישי","price":10,"vegan":true,"vegetarian":true,"notFood":false,"drinks":true},{"name":"קולה זירו זכוכית אישי","price":10,"vegan":true,"vegetarian":true,"notFood":false,"drinks":true},{"name":"דיאט קולה זכוכית אישי","price":10,"vegan":true,"vegetarian":true,"notFood":false,"drinks":true},{"name":"ספרייט זכוכית אישי","price":10,"vegan":true,"vegetarian":true,"notFood":false,"drinks":true},{"name":"דיאט ספרייט זכוכית אישי","price":10,"vegan":true,"vegetarian":true,"notFood":false,"drinks":true},{"name":"פאנטה זכוכית אישי","price":10,"vegan":true,"vegetarian":true,"notFood":false,"drinks":false},{"name":"פריגת ענבים זכוכית אישי","price":10,"vegan":true,"vegetarian":true,"notFood":false,"drinks":true},{"name":"פריגת אשכוליות זכוכית אישי","price":10,"vegan":true,"vegetarian":true,"notFood":false,"drinks":false},{"name":"פריגת תפוזים זכוכית אישי","price":10,"vegan":true,"vegetarian":true,"notFood":false,"drinks":false},{"name":"מים בטעם אפרסק אישי","price":10,"vegan":true,"vegetarian":true,"notFood":false,"drinks":false},{"name":"נסטי אפרסק אישי","price":10,"vegan":true,"vegetarian":true,"notFood":false,"drinks":true},{"name":"מים בטעם ענבים אישי","price":10,"vegan":true,"vegetarian":true,"notFood":false,"drinks":true},{"name":"מים בטעם תפוח אישי","price":10,"vegan":true,"vegetarian":true,"notFood":false,"drinks":false},{"name":"מים מינרלים אישי","price":8,"vegan":true,"vegetarian":true,"notFood":false,"drinks":false},{"name":"סודה זכוכית אישי","price":8,"vegan":true,"vegetarian":true,"notFood":false,"drinks":true},{"name":"משקה אנרגיה XL","price":8,"vegan":true,"vegetarian":true,"notFood":false,"drinks":false},{"name":"בירה שחורה מאלט","price":10,"vegan":true,"vegetarian":true,"notFood":false,"drinks":true},{"name":"קרייזי רד אנטריקוט","description":"צ'יפיטולה, צ'מיצ'ורי, גוואקמולי, חסה, בצל סגול, עגבניה, מלפפון חמוץ, בצל ופלפל קלוי.","price":47,"vegan":false,"vegetarian":false,"image":"https://d25t2285lxl5rf.cloudfront.net/images/dishes/fd709752-1ac4-4358-94ee-4dbac7321d3f.jpg","notFood":false,"drinks":false},{"name":"צ'יקן רד פרגיות","description":"איולי, קארי, צ'מיצ'ורי, גוואקמולי, חסה, בצל סגול, עגבניה, מלפפון חמוץ, בצל ופלפל קלוי.","price":47,"vegan":false,"vegetarian":false,"image":"https://d25t2285lxl5rf.cloudfront.net/images/dishes/25f595f3-9eaf-4cd9-9d40-ce171674af66.jpg","notFood":false,"drinks":false},{"name":"צ'יקן רד חזה עוף","description":"איולי, קארי, צ'מיצ'ורי, גוואקמולי, חסה, בצל סגול, עגבניה, מלפפון חמוץ, בצל ופלפל קלוי. ","price":47,"vegan":false,"vegetarian":false,"image":"https://d25t2285lxl5rf.cloudfront.net/images/dishes/edca49b6-46e4-4a5e-abfb-f65e33e7cfa2.jpg","notFood":false,"drinks":false},{"name":"צ'יקן רד שניצל","description":"איולי, קארי, צ'מיצ'ורי, גוואקמולי, חסה, בצל סגול, עגבניה, מלפפון חמוץ, בצל ופלפל קלוי. ","price":47,"vegan":false,"vegetarian":false,"image":"https://d25t2285lxl5rf.cloudfront.net/images/dishes/53448d14-2216-4b4f-a559-b2b68fa40447.jpg","notFood":false,"drinks":false},{"name":"רד בורגר טלה","description":"צ'פיטולה, צ'מיצ'ורי, גוואקמולי, חסה, בצל סגול, מלפפון חמוץ, בצל ופלפל קלוי.","price":47,"vegan":false,"vegetarian":false,"image":"https://d25t2285lxl5rf.cloudfront.net/images/dishes/8aacf857-e682-473b-a35a-245a392f5232.jpg","notFood":false,"drinks":false},{"name":"פורטו רד פורטובלו","description":"פסטו, גוואקמולי, חסה, עגבניה, בצל סגול, עגבניה ופלפל קלוי.","price":45,"vegan":true,"vegetarian":true,"image":"https://d25t2285lxl5rf.cloudfront.net/images/dishes/7edd3a87-c235-45ac-a227-8b3b1fb67447.jpg","notFood":false,"drinks":false},{"name":"רוליטו אנטריקוט","description":"גוואקמולי (ממרח אבוקדו), צ'יפוטלה, צ'ימיצ'ורי, חסה, בצל סגול, עגבניה, מלפפון חמוץ, בצל ופלפל קלוי. ","price":45,"vegan":false,"vegetarian":false,"image":"https://d25t2285lxl5rf.cloudfront.net/images/dishes/0999d1aa-44f1-4ef2-80b8-e4136f41f924.jpg","notFood":false,"drinks":false},{"name":"רוליטו טחון טלה","description":"גוואקמולי (ממרח אבוקדו), צ'יפוטלה, חסה, בצל סגול, עגבניה, מלפפון חמוץ, בצל ופלפל קלוי.","price":45,"vegan":false,"vegetarian":false,"image":"https://d25t2285lxl5rf.cloudfront.net/images/dishes/16c9e721-493d-4eab-ba23-a3dce91fe2dd.jpg","notFood":false,"drinks":false},{"name":"רוליטו רד שניצל","description":"פסטו, שום, צ'ילי מתוק, חסה, בצל סגול, עגבניה, מלפפון חמוץ","price":45,"vegan":false,"vegetarian":false,"image":"https://d25t2285lxl5rf.cloudfront.net/images/dishes/b808bfd8-be78-48eb-88e6-fbff9bfa96ca.jpg","notFood":false,"drinks":false},{"name":"רוליטו פרגיות","description":"גוואקמולי (ממרח אבוקדו), מיונז, קארי, חסה, בצל סגול, עגבניה, מלפפון חמוץ, בצל ופלפל קלוי. ","price":45,"vegan":false,"vegetarian":false,"image":"https://d25t2285lxl5rf.cloudfront.net/images/dishes/a17b514e-fff2-44d9-a6aa-59be1faaf5dd.jpg","notFood":false,"drinks":false},{"name":"פורטו רד","description":"פסטו, גוואקמולי (ממרח אבוקדו), חסה, עגבניה, חמוצים, בצל סגול, בצל ופלפל קלוי ","price":43,"vegan":true,"vegetarian":true,"image":"https://d25t2285lxl5rf.cloudfront.net/images/dishes/2d2d59ca-c85d-45ae-b1e5-6f5590c8d3d1.jpg","notFood":false,"drinks":false},{"name":"סלט אנטריקוט","description":"תערובת חסות, עלי בייבי, עגבניות שרי, בצל ירוק וסגול, כרוב לבן, גזר, אגוזים, גמבה, קרוטונים וויניגרט הדרים בצד. ","price":45,"vegan":false,"vegetarian":false,"image":"https://d25t2285lxl5rf.cloudfront.net/images/dishes/709cfa6b-1d27-4030-be43-3623057450aa.jpg","notFood":false,"drinks":false},{"name":"סלט עוף מקסיקני","description":"עוף פיקנטי מקסיקני, תערובת חסות, עלי בייבי, עגבניות שרי, בצל ירוק וסגול, תירס, נבטים, כרוב לבן, פטרוזיליה, כוסברה, מלפפון, קורוטנים, גזר, בוטנים קלויים ורוטב אסייאתי מתקתק בצד","price":45,"vegan":false,"vegetarian":false,"image":"https://d25t2285lxl5rf.cloudfront.net/images/dishes/6f0c3746-fbd5-4f41-b2b8-d4e8ab643986.jpg","notFood":false,"drinks":false},{"name":"סלט עוף טריאקי","description":"עוף בטריאקי, תערובת חסות, עלי בייבי, עגבניות שרי, בצל ירוק וסגול, תירס, נבטים, כרוב לבן, פטרוזיליה, כוסברה, מלפפון, קורוטנים, גזר, בוטנים קלויים ורוטב אסייאתי מתקתק בצד.","price":45,"vegan":false,"vegetarian":false,"image":"https://d25t2285lxl5rf.cloudfront.net/images/dishes/d847f74c-6ee6-4701-8723-95097e109052.jpg","notFood":false,"drinks":false},{"name":"סלט עוף שניצל","description":"שניצל, תערובת חסות, עלי בייבי, עגבניות שרי, בצל ירוק וסגול, תירס, נבטים, כרוב לבן, פטרוזיליה, כוסברה, מלפפון, קורוטנים, גזר, בוטנים קלויים ורוטב אסייאתי מתקתק בצד","price":45,"vegan":false,"vegetarian":false,"image":"https://d25t2285lxl5rf.cloudfront.net/images/dishes/bfd48481-bc5f-4a85-acce-538754cc7620.jpg","notFood":false,"drinks":false},{"name":"טחון טלה","description":"תערובת חסות, עלי בייבי, עגבניות שרי, בצל ירוק וסגול, כרוב לבן, גזר, אגוזים, גמבה, קרוטונים וויניגרט הדרים בצד.","price":45,"vegan":false,"vegetarian":false,"image":"https://d25t2285lxl5rf.cloudfront.net/images/dishes/6f179f31-b239-4103-bc6b-a255c0459cef.jpg","notFood":false,"drinks":false},{"name":"סלט פורטובלו","description":"פורטובלו מוקפץ על הפלנצ'ה, תערובת חסות, עגבניות שרי, נבטים, כרוב, בצל סגול, בצל ירוק, גזר, בטטה, גמבה, מלפפון, תירס, שעועית ירוקה, אגוזים וויניגרט הדרים בצד. ","price":43,"vegan":true,"vegetarian":true,"image":"https://d25t2285lxl5rf.cloudfront.net/images/dishes/12200276-fb69-45c5-859f-3077702ad689.jpg","notFood":false,"drinks":false},{"name":"סלט חזה עוף","description":"חזה עוף, תערובת חסות, עלי בייבי, עגבניות שרי, בצל ירוק וסגול, תירס, נבטים, כרוב לבן, פטרוזיליה, כוסברה, מלפפון, קורוטנים, גזר, בוטנים קלויים ורוטב אסייאתי מתקתק בצד.","price":45,"vegan":false,"vegetarian":false,"notFood":false,"drinks":false},{"name":"צ'יפס דק דק","price":15,"vegan":true,"vegetarian":true,"image":"https://d25t2285lxl5rf.cloudfront.net/images/dishes/23f73884-f021-47ce-9595-03d0d7348601.jpg","notFood":false,"drinks":false},{"name":"טבעות בצל","description":"10 יח' ","price":22,"vegan":true,"vegetarian":true,"image":"https://d25t2285lxl5rf.cloudfront.net/images/dishes/8e1bc696-d369-4f18-9ebb-e77e4bf8a209.jpg","notFood":false,"drinks":false},{"name":"צ'יפס בטטה","price":22,"vegan":true,"vegetarian":true,"image":"https://d25t2285lxl5rf.cloudfront.net/images/dishes/bdfca5e0-4747-48b2-af11-c43153259065.jpg","notFood":false,"drinks":false},{"name":"פוטטו","price":15,"vegan":true,"vegetarian":true,"image":"https://d25t2285lxl5rf.cloudfront.net/images/dishes/afd57ba5-2ba8-4f0a-b5c9-63a37fc7e612.jpg","notFood":false,"drinks":false},{"name":"כדורי פירה","description":"10 יח' ","price":20,"vegan":true,"vegetarian":true,"image":"https://d25t2285lxl5rf.cloudfront.net/images/dishes/c280c66f-d08d-4926-89c3-b0be1bd0829e.jpg","notFood":false,"drinks":false},{"name":"הום פרייז","price":25,"vegan":true,"vegetarian":true,"image":"https://d25t2285lxl5rf.cloudfront.net/images/dishes/5a9627ad-dcb3-45e4-8e9f-61af8c4c66d7.jpg","notFood":false,"drinks":false},{"name":"מיקס- צ'יפס וטבעות בצל","description":" צ'יפס וטבעות בצל ","price":25,"vegan":true,"vegetarian":true,"image":"https://d25t2285lxl5rf.cloudfront.net/images/dishes/0ce1d54a-4fbf-4f1c-b15b-01fd7c3d2921.jpg","notFood":false,"drinks":false},{"name":"כנפיים","description":"12 יח'\r\n","price":30,"vegan":false,"vegetarian":false,"image":"https://d25t2285lxl5rf.cloudfront.net/images/dishes/66365d79-3fcb-4a37-b6af-4fe146d0b056.jpg","notFood":false,"drinks":false},{"name":"מיקס- צ'יפס ובטטה","description":"צ'יפס ובטטה בתיבול הבית","price":20,"vegan":true,"vegetarian":true,"image":"https://d25t2285lxl5rf.cloudfront.net/images/dishes/fecdd108-f9a2-4100-ab09-8ffa265e20a5.jpg","notFood":false,"drinks":false},{"name":"צ'ורוס","description":"5 יח' ","price":20,"vegan":true,"vegetarian":true,"notFood":false,"drinks":false},{"name":"איולי שום","price":3,"vegan":true,"vegetarian":true,"notFood":false,"drinks":false},{"name":"ברביקיו","price":2,"vegan":true,"vegetarian":true,"notFood":false,"drinks":false},{"name":"גוואקמולי","price":3,"vegan":true,"vegetarian":true,"notFood":false,"drinks":false},{"name":"חליפיניו","price":3,"vegan":true,"vegetarian":true,"notFood":false,"drinks":false},{"name":"חרדל גרגירים","price":3,"vegan":true,"vegetarian":true,"notFood":false,"drinks":false},{"name":"טבסקו","price":2,"vegan":true,"vegetarian":true,"notFood":false,"drinks":false},{"name":"מיונז","price":2,"vegan":false,"vegetarian":true,"notFood":false,"drinks":false},{"name":"פסטו","price":3,"vegan":true,"vegetarian":true,"notFood":false,"drinks":false},{"name":"צ'ילי חריף","price":2,"vegan":true,"vegetarian":true,"notFood":false,"drinks":false},{"name":"צ'ילי מתוק","price":2,"vegan":true,"vegetarian":true,"notFood":false,"drinks":false},{"name":"צ'ימצ'ורי","price":3,"vegan":true,"vegetarian":true,"notFood":false,"drinks":false},{"name":"צ'יפוטלה","price":3,"vegan":false,"vegetarian":false,"notFood":false,"drinks":false},{"name":"קארי","price":3,"vegan":true,"vegetarian":true,"notFood":false,"drinks":false},{"name":"קטשופ","price":2,"vegan":true,"vegetarian":true,"notFood":false,"drinks":false},{"name":"רוטב שזיפים","price":3,"vegan":true,"vegetarian":true,"notFood":false,"drinks":false}]}