{"track_id":"22093","filters":["pizza","pasta"],"image":"https://tenbis-static.azureedge.net/restaurant-default-card-image/CuzineType_pizza_06.jpg","address":"הראל, 1 מבשרת ציון","location":[35.1490076,31.7998],"name":"פיצליאנו","city":"נווה אילן","priceAverage":34.53846153846154,"menu":[{"name":"פיצה משפחתית","description":"כול תוספת שקל למשלוש \nהמיוחדים 2שקל למשולש","price":65,"vegan":false,"vegetarian":true,"image":"https://d25t2285lxl5rf.cloudfront.net/images/dishes/7c411ae1-69ff-473f-89ce-dd52de0bf57c.jpg","notFood":false,"drinks":false},{"name":"פיצה אישית","description":"","price":30,"vegan":false,"vegetarian":true,"image":"https://d25t2285lxl5rf.cloudfront.net/images/dishes/689c9bd5-58ae-43c6-8cf2-1ad46bf557ff.jpg","notFood":false,"drinks":false},{"name":"סלט יווני","description":"חסה עגבניה מלפפון בצל סגול זיתים שחורים גבינה בולגרית ","price":35,"vegan":false,"vegetarian":true,"image":"https://d25t2285lxl5rf.cloudfront.net/images/dishes/982f8459-dbf1-45b3-9cb8-477ad267ce08.jpg","notFood":false,"drinks":false},{"name":"פיצה אישית","description":"","price":30,"vegan":false,"vegetarian":true,"image":"https://d25t2285lxl5rf.cloudfront.net/images/dishes/689c9bd5-58ae-43c6-8cf2-1ad46bf557ff.jpg","notFood":false,"drinks":false},{"name":"פיצה בינונית","description":" כול תוספת שקל למשלוש \nהמיוחדים 2 שקל למשלוש","price":50,"vegan":false,"vegetarian":true,"image":"https://d25t2285lxl5rf.cloudfront.net/images/dishes/4e43887c-f87f-4617-9bcc-efcc179b99e6.jpg","notFood":false,"drinks":false},{"name":"פיצה משפחתית","description":"כול תוספת שקל למשלוש \nהמיוחדים 2שקל למשולש","price":65,"vegan":false,"vegetarian":true,"image":"https://d25t2285lxl5rf.cloudfront.net/images/dishes/7c411ae1-69ff-473f-89ce-dd52de0bf57c.jpg","notFood":false,"drinks":false},{"name":"פיצה אישית ללא גלוטן","description":"","price":32,"vegan":false,"vegetarian":true,"image":"","notFood":false,"drinks":false},{"name":"סיציליה","description":"רוטב עגבניות ,גבינת מוצרלה ,גבינת עיזים ,זיתים שחורים , עגבניות","price":90,"vegan":false,"vegetarian":true,"image":"https://d25t2285lxl5rf.cloudfront.net/images/dishes/cd6778f8-6531-441c-86fb-cc849971ac22.jpg","notFood":false,"drinks":false},{"name":"בטטה עיזים","description":"גבינת מוצרלה ,בטטה, גבינת עיזים ","price":90,"vegan":false,"vegetarian":true,"image":"https://d25t2285lxl5rf.cloudfront.net/images/dishes/19e8b4c4-90ad-4fde-886e-fe29ba9572a2.jpg","notFood":false,"drinks":false},{"name":"שמנת פטריות","description":"גבינת מוצרלה ,גבינת פטה ,פטריות מוקפצות עם שמנת מתוקה ","price":90,"vegan":false,"vegetarian":true,"image":"https://d25t2285lxl5rf.cloudfront.net/images/dishes/cd46efd3-c4d2-4f73-96be-17fa6e3865ee.jpg","notFood":false,"drinks":false},{"name":"מאפה","description":"רוטב פיצה, גבינה ותוספת לבחירה","price":30,"vegan":false,"vegetarian":true,"image":"https://d25t2285lxl5rf.cloudfront.net/images/dishes/f8304b13-dc27-43a0-bf35-e6e0eceb423c.jpeg","notFood":false,"drinks":false},{"name":"זיווה","description":"זיווה זיתים/ זיווה בולגרית/ זיווה רוטב פיצה ","price":30,"vegan":false,"vegetarian":true,"image":"https://d25t2285lxl5rf.cloudfront.net/images/dishes/1d6c82c8-a3f1-4919-83af-3000d847780e.jpg","notFood":false,"drinks":false},{"name":"לחם שום","description":"","price":24,"vegan":true,"vegetarian":true,"image":"","notFood":false,"drinks":false},{"name":"מאפה טבעוני","description":"רוטב עגבניות ,גבינה טבעונית ותוספות לבחירה ","price":34,"vegan":true,"vegetarian":true,"image":"","notFood":false,"drinks":false},{"name":"פסטה אלפרדו","description":"","price":35,"vegan":true,"vegetarian":true,"image":"https://d25t2285lxl5rf.cloudfront.net/images/dishes/9d44f6c8-9a97-4dba-a622-a63651c67f9e.jpg","notFood":false,"drinks":false},{"name":"פסטה רוטב עגבניות","description":"","price":33,"vegan":true,"vegetarian":true,"image":"https://d25t2285lxl5rf.cloudfront.net/images/dishes/8ba60528-492b-4441-8dde-ca21b05c113d.jpg","notFood":false,"drinks":false},{"name":"פסטה סלסה רוזה","description":"","price":35,"vegan":true,"vegetarian":true,"image":"https://d25t2285lxl5rf.cloudfront.net/images/dishes/ef64229f-f0b0-4bc5-b5db-4f48f75c9d93.jpg","notFood":false,"drinks":false},{"name":"פסטה שמנת פסטו","description":"","price":35,"vegan":false,"vegetarian":true,"image":"https://d25t2285lxl5rf.cloudfront.net/images/dishes/e334c24b-de0f-4df7-a9ad-63ead2d5ec3d.jpg","notFood":false,"drinks":false},{"name":"רביולי אלפרדו","description":"","price":40,"vegan":true,"vegetarian":true,"image":"https://d25t2285lxl5rf.cloudfront.net/images/dishes/6c7cb0c0-fbb3-4f6c-9c8e-dfe04a4b2571.jpg","notFood":false,"drinks":false},{"name":"רביולי עגבניות","description":"","price":40,"vegan":true,"vegetarian":true,"image":"https://d25t2285lxl5rf.cloudfront.net/images/dishes/147adfff-cbb0-4d59-a022-f1bb51f50486.jpg","notFood":false,"drinks":false},{"name":"רביולי סלסה רוזה","description":"","price":40,"vegan":true,"vegetarian":true,"image":"https://d25t2285lxl5rf.cloudfront.net/images/dishes/102f4172-568f-4946-bbc9-f95675931d1d.jpg","notFood":false,"drinks":false},{"name":"רביולי שמנת פסטו","description":"","price":40,"vegan":false,"vegetarian":true,"image":"https://d25t2285lxl5rf.cloudfront.net/images/dishes/03dbe6fd-99b8-4387-9ad4-dbb5f8dcdfd7.jpg","notFood":false,"drinks":false},{"name":"רביולי שמנת בטטה","description":"","price":40,"vegan":false,"vegetarian":true,"image":"https://d25t2285lxl5rf.cloudfront.net/images/dishes/b6022e09-2372-4ffa-8bbf-550963a37343.jpg","notFood":false,"drinks":false},{"name":"פסטה שמנת בטטה","description":"","price":35,"vegan":false,"vegetarian":true,"image":"","notFood":false,"drinks":false},{"name":"סלט טונה","description":"חסה ,עגבניה, מלפפון ,תירס ,טונה ,זיתים שחורים ","price":35,"vegan":false,"vegetarian":false,"image":"https://d25t2285lxl5rf.cloudfront.net/images/dishes/46bbe967-f3e4-4239-a0a6-eb80dc492f10.jpg","notFood":false,"drinks":false},{"name":"סלט בהרכבה אישית","description":"","price":39,"vegan":true,"vegetarian":true,"image":"https://d25t2285lxl5rf.cloudfront.net/images/dishes/c16d8260-fff9-4ccd-8872-d79834dbb908.jpg","notFood":false,"drinks":false},{"name":"סלט יווני","description":"חסה עגבניה מלפפון בצל סגול זיתים שחורים גבינה בולגרית ","price":35,"vegan":false,"vegetarian":true,"image":"https://d25t2285lxl5rf.cloudfront.net/images/dishes/982f8459-dbf1-45b3-9cb8-477ad267ce08.jpg","notFood":false,"drinks":false},{"name":"סלט בטטה","description":"חסה עגבניה מלפפון פטריות בטטה בצל סגול בולגרית ","price":35,"vegan":false,"vegetarian":true,"image":"https://d25t2285lxl5rf.cloudfront.net/images/dishes/4f88a261-8fba-42d3-9c0b-e2902d4a64f1.jpg","notFood":false,"drinks":false},{"name":"בקבוק קינלי סודה","description":"","price":10,"vegan":true,"vegetarian":true,"image":"","notFood":false,"drinks":true},{"name":"נביעות - מים מינרלים","description":"","price":10,"vegan":true,"vegetarian":true,"image":"","notFood":false,"drinks":false},{"name":"פחית קוקה קולה","description":"","price":10,"vegan":true,"vegetarian":true,"image":"","notFood":false,"drinks":true},{"name":"פחית קוקה קולה זירו","description":"","price":10,"vegan":true,"vegetarian":true,"image":"","notFood":false,"drinks":true},{"name":"פחית פאנטה","description":"","price":10,"vegan":true,"vegetarian":true,"image":"","notFood":false,"drinks":false},{"name":"בקבוק פיוז טי - אפרסק","description":"","price":10,"vegan":true,"vegetarian":true,"image":"","notFood":false,"drinks":true},{"name":"קולה בקבוק 1.5 ליטר","description":"","price":15,"vegan":true,"vegetarian":true,"image":"","notFood":false,"drinks":true},{"name":"קולה זירו בקבוק 1.5 ליטר","description":"","price":15,"vegan":true,"vegetarian":true,"image":"","notFood":false,"drinks":true},{"name":"בקבוק ספרייט 1.5 ליטר","description":"","price":15,"vegan":true,"vegetarian":true,"image":"","notFood":false,"drinks":true},{"name":"בקבוק ענבים 1.5 ליטר","description":"","price":15,"vegan":true,"vegetarian":true,"image":"","notFood":false,"drinks":true},{"name":"בקבוק פיוז טי 1.5 ליטר","description":"","price":15,"vegan":true,"vegetarian":true,"image":"","notFood":false,"drinks":true}]}