{"track_id":"22092","filters":["sandwichesWraps","salads","pasta"],"image":"https://tenbis-static.azureedge.net/restaurant-card-image/ResCard_22092_20220118151854.jpg","address":"שדרות יוסף לישנסקי, 4 ראשון לציון","location":[34.7648435,31.98791079999999],"name":"ביגה ראשון לציון","city":"ראשון לציון, חולון, בת ים","priceAverage":48.45283018867924,"menu":[{"name":"מרק היום","description":"מרק משתנה לפי עונות השנה, מוגש עם לחם מחמצת\n","price":39,"vegan":true,"vegetarian":true,"image":"https://d25t2285lxl5rf.cloudfront.net/images/dishes/e3de2b37-873a-4cbb-992c-36c4ba3cdd37.jpg","notFood":false,"drinks":false},{"name":"ארנצ'ני","description":"כדורי ריזוטו פריכים מונחים על רוטב פלפלים קלויים בלסמי מצומצם פסטו עלי בזיליקום טריים ופרמז'ן","price":47,"vegan":false,"vegetarian":true,"image":"https://d25t2285lxl5rf.cloudfront.net/images/dishes/59331e02-fd9d-4dba-aae0-f62fd14702ce.jpg","notFood":false,"drinks":false},{"name":"ברוסקטה ארטישוק","description":"ברוסקטות מלחם מחמצת, ארטישוק קצוץ, שמן כמהין ופרמז'ן\r\n","price":42,"vegan":false,"vegetarian":true,"image":"https://d25t2285lxl5rf.cloudfront.net/images/dishes/b8767904-8828-4901-b621-a538ed4d52aa.jpg","notFood":false,"drinks":false},{"name":"שקשוקת חצילים ופטה","description":"תבשיל עגבניות ופלפלים\nפיקנטי, חציל קלוי, פטה וטחינה גולמית.  מוגש עם שתי ביצים,\nסלט אישי וחלה\n","price":58,"vegan":false,"vegetarian":true,"image":"https://d25t2285lxl5rf.cloudfront.net/images/dishes/aa24f741-0f06-4f53-8c3a-d3a5fa341d74.jpg","notFood":false,"drinks":false},{"name":"שקשוקה של בית","description":"תבשיל עגבניות ופלפלים\nפיקנטי. מוגש עם שתי ביצים,\nסלט אישי וחלה\n","price":56,"vegan":false,"vegetarian":true,"image":"https://d25t2285lxl5rf.cloudfront.net/images/dishes/e07bba78-8cef-46d8-972d-5f226069106d.jpg","notFood":false,"drinks":false},{"name":"כריך עיג'ה","description":"חביתת עשבי תיבול, כמון ותפו''א, גבינת שמנת, עגבנייה, מלפפון חמוץ וחסה\nפריכה","price":49,"vegan":false,"vegetarian":true,"image":"https://d25t2285lxl5rf.cloudfront.net/images/dishes/8948aed0-1ab2-49a5-9efe-37f65b9d588c.jpg","notFood":false,"drinks":false},{"name":"כריך טוניסאי","description":"סלט טונה, ביצה קשה, אריסה מעודנת, חציל קלוי, ממרח לימון כבוש, עגבנייה\nוחסה פריכה\n","price":56,"vegan":false,"vegetarian":false,"image":"https://d25t2285lxl5rf.cloudfront.net/images/dishes/34a0448c-d0f9-41b2-8a9d-536e4b3fe690.jpg","notFood":false,"drinks":false},{"name":"כריך סלמון","description":"(לנוהגי היתר) גבינת שמנת, סלמון מעושן, עגבנייה, ביצה קשה, בצל סגול וחסה פריכה\n","price":62,"vegan":false,"vegetarian":false,"image":"https://d25t2285lxl5rf.cloudfront.net/images/dishes/6cbdc574-90f2-4b5e-adc9-42e8d25dfcc0.jpg","notFood":false,"drinks":false},{"name":"טוסט ביגה","description":"בייגל טוסט עם 3 תוספות לבחירה","price":49,"vegan":true,"vegetarian":true,"image":"https://d25t2285lxl5rf.cloudfront.net/images/dishes/b2ef0024-080c-4e50-ac56-aeda627c80b6.jpg","notFood":false,"drinks":false},{"name":"כריך קציצות דגים","description":"פוקאצ׳ה, קציצות דגים ברוטב פלפלים מרוקאי, אריסה, פלפל חריף, לימון כבוש,\nכוסברה וטחינה לבנה\n","price":62,"vegan":false,"vegetarian":false,"image":"https://d25t2285lxl5rf.cloudfront.net/images/dishes/27f5b345-4d2b-46d2-a766-0b33b4a50051.jpg","notFood":false,"drinks":false},{"name":"סלט סלק ותפוחים","description":"סלרי, סלק בתחמיץ, אגוזי מלך, רוקט, עלי בזיליקום, חמוציות, תפוח עץ,\nסילאן, שמן זית ולימון","price":54,"vegan":true,"vegetarian":true,"image":"https://d25t2285lxl5rf.cloudfront.net/images/dishes/b50c2085-dcc7-48dd-afc2-5a3fac15a367.jpg","notFood":false,"drinks":false},{"name":"סלט בריאות וקינואה","description":"קינואה אדומה, כרוב לבן, קוביות בטטה אפויות, צנוניות, חמוציות,\nבזיליקום, פטרוזיליה, שמן זית, מיץ לימון, שמן שומשום, סילאן ושקדים\nקלויים ","price":56,"vegan":true,"vegetarian":true,"image":"https://d25t2285lxl5rf.cloudfront.net/images/dishes/0e9f14be-880b-4e47-a503-d0002c1836b9.jpg","notFood":false,"drinks":false},{"name":"סלט פנצנלה","description":"עגבניות שרי, עגבניות חממה, פלפל חריף, פלפל שאטה גרוס, בצל סגול,\nפלפל קלוי, זיתי קלמטה, שום טרי, פטרוזיליה, אורגנו טרי, קרוטוני פוקצ'ה,\nקרעי מוצרלה, שמן זית ובלסמי מצומצם\n* הסלט לא מגיע עם לחם\n","price":58,"vegan":false,"vegetarian":true,"image":"https://d25t2285lxl5rf.cloudfront.net/images/dishes/c38645fe-53e8-40d2-93c2-9f22d751e13d.jpg","notFood":false,"drinks":false},{"name":"סלט חקלאי","description":"עגבנייה, מלפפון, בצל סגול, שומר, פלפלים, כרוב סגול, חסה פריכה, בצל\nירוק ופטרוזיליה. מוגש עם ביצה קשה מגורדת, פטה מגורדת וטחינה\nגולמית","price":59,"vegan":false,"vegetarian":true,"image":"https://d25t2285lxl5rf.cloudfront.net/images/dishes/18cee4ec-f201-4347-a900-69d3faf2c93a.jpg","notFood":false,"drinks":false},{"name":"סלט חלומי","description":"קוביות חלומי, חמוציות, פטריות ועשבי תיבול, ברוטב טריאקי, על תערובת\nחסה עם גזר, כרוב, מלפפון ועגבניות שרי, בתיבול ויניגרט עם קראנץ' תרד\n","price":69,"vegan":true,"vegetarian":true,"image":"https://d25t2285lxl5rf.cloudfront.net/images/dishes/5061b7e7-7702-436e-b706-389d443a9aee.jpg","notFood":false,"drinks":false},{"name":"סלט טבולה פאטוש","description":"מלפפון, נענע, עגבנייה, פטרוזיליה, בצל, סומק, קרוטוני פיתה, בורגול, חמוציות, גבינת פטה וטחינה ירוקה * הסלט לא מגיע עם לחם\r\n","price":59,"vegan":false,"vegetarian":true,"image":"https://d25t2285lxl5rf.cloudfront.net/images/dishes/89f4f898-30b5-461c-88a4-dfb5498902ec.jpg","notFood":false,"drinks":false},{"name":"סלט טופו","description":"קוביות טופו, חמוציות, פטריות ועשבי תיבול, ברוטב טריאקי, על תערובת חסה עם גזר, כרוב, מלפפון ועגבניות שרי, בתיבול ויניגרט עם קראנץ' תרד ","price":69,"vegan":true,"vegetarian":true,"notFood":false,"drinks":false},{"name":"אודון קארי נודלס","description":"אטריות אודון, רוטב קארי צהוב, חלב קוקוס, פטריות צלויות, קוביות טופו,\nשמן שומשום, שומשום קלוי, כוסברה ובצל ירוק *ניתן להחליף את הטופו בסלמון בתוספת תשלום\n","price":67,"vegan":false,"vegetarian":false,"image":"https://d25t2285lxl5rf.cloudfront.net/images/dishes/449ec4f7-cdc1-4ca4-b0a4-508f0fcad290.jpg","notFood":false,"drinks":false},{"name":"סלמון טריאקי","description":"פילה סלמון במשרה אסייתי, צרוב על הפלנצ'ה, מוגש עם אטריות אודון ברוטב קרמל חמאת בוטנים, אגוזי קשיו פיקנטיים, בוטנים גרוסים ובצל ירוק. לצד סלט מלפפונים, בצל סגול, כוסברה, צ'ילי, בוטנים ורוטב פונזו","price":92,"vegan":false,"vegetarian":false,"image":"https://d25t2285lxl5rf.cloudfront.net/images/dishes/f489285d-88fe-4dff-ad65-26e789ce1b22.jpg","notFood":false,"drinks":false},{"name":"ריזוטו פטריות","description":"אורז עגול, ברוטב שמנת, פטריות שימג'י, שמפיניון, כמהין ופרמז'ן\n","price":67,"vegan":false,"vegetarian":true,"image":"https://d25t2285lxl5rf.cloudfront.net/images/dishes/c4424135-1bec-44ef-a44a-9d41c9c298f4.jpg","notFood":false,"drinks":false},{"name":"פוקה סלמון","description":"רוסט סלמון במשרה אסייתי, ג'ינג'ר, אדממה, צנונית, חטיף אפונה פיקנטי, בצל ירוק, שומשום, מונח על אורז מאודה בתיבול פונזו.\r\n(האורז מוגש בטמפרטורת החדר)\r\n","price":63,"vegan":false,"vegetarian":false,"image":"https://d25t2285lxl5rf.cloudfront.net/images/dishes/9a8e5f27-2c5d-403e-8c15-5d51c7734e7c.jpg","notFood":false,"drinks":false},{"name":"ביגה בורגר","description":"המבורגר meat Redefine מוגש בלחמנייה נימוחה, עם איולי אמריקאי, בצל סגול, עגבנייה, מלפפון חמוץ ולבבות חסה. מוגש עם קריספי צ'יפס ונאגטס","price":72,"vegan":false,"vegetarian":false,"image":"https://d25t2285lxl5rf.cloudfront.net/images/dishes/a5b01b7d-1dad-4c45-b2d6-4619116bf137.jpg","notFood":false,"drinks":false},{"name":"סלמון נודלס","description":"אטריות נודלס מוקפצות עם קוביות סלמון, כרוב לבן, שום, ג׳ינג׳ר ובצל ירוק, ברוטב\nאסיאתי פיקנטי. מוגש עם כוסברה, בוטנים ופלח לימון","price":72,"vegan":false,"vegetarian":false,"notFood":false,"drinks":false},{"name":"ניוקי ערמונים ופטריות","description":"ניוקי תפו''א בעבודת יד, ערמונים, פטריות שימג׳י, מחית כמהין, חמאה, אפונת גינה, ציר ירקות ופרמז'ן איטלקי\r\n","price":62,"vegan":false,"vegetarian":true,"image":"https://d25t2285lxl5rf.cloudfront.net/images/dishes/45b74b04-ab8c-4061-9a80-60252f3cbe54.jpg","notFood":false,"drinks":false},{"name":"פסטה לימונית","description":"ספגטי ברוטב חמאת לימון, שום, פטרוזיליה, פרמזן, צ'ילי גרוס, גרידת לימון, שמן זית, ופרורי לחם שום","price":64,"vegan":false,"vegetarian":true,"image":"https://d25t2285lxl5rf.cloudfront.net/images/dishes/bc09359b-55a4-436f-9b90-4cb015fc9605.jpg","notFood":false,"drinks":false},{"name":"חונקי כמרים ברוטב חצילים ועגבניות","description":"פסטה חונקי כמרים, שמן זית, עגבניות שרי צלויות, קוביות חציל, רוטב עגבניות, זיתי קלמטה, פרוסות שום ובזיליקום טרי","price":59,"vegan":true,"vegetarian":true,"image":"https://d25t2285lxl5rf.cloudfront.net/images/dishes/8cf5788c-e143-4221-b842-c7182f14ab5c.jpg","notFood":false,"drinks":false},{"name":"טורטליני גבינות ברוטב חמאת עגבניות","description":"טורטליני במילוי גבינות, חמאת עגבניות מיובשות, שום, יין לבן, ציר ירקות ושמנת מתוקה","price":64,"vegan":false,"vegetarian":true,"image":"https://d25t2285lxl5rf.cloudfront.net/images/dishes/a206b9cb-33cc-4728-a5f2-68a4d63115dd.jpg","notFood":false,"drinks":false},{"name":"רביולי בטטה","description":"רביולי בטטה ברוטב שמנת פסטו, אפונה ותרד מוגש עם פרמז'ן\r\n","price":65,"vegan":false,"vegetarian":true,"image":"https://d25t2285lxl5rf.cloudfront.net/images/dishes/39e17a04-3343-43fd-9c94-8081c0735fec.jpg","notFood":false,"drinks":false},{"name":"פפרדלה פטריות וכמהין","description":"פסטה רחבה ברוטב שמנת קטיפתי, תערובת פטריות, מחית כמהין ופרמז׳ן","price":65,"vegan":false,"vegetarian":true,"image":"https://d25t2285lxl5rf.cloudfront.net/images/dishes/0fec4a5d-635f-42b7-8cc9-afe30a392fef.jpg","notFood":false,"drinks":false},{"name":"פסטה נפוליטנה","description":"פסטה פנה ברוטב עגבניות, בזיליקום ופרמז'ן \n","price":52,"vegan":false,"vegetarian":true,"image":"https://d25t2285lxl5rf.cloudfront.net/images/dishes/eefcf845-f823-4dda-8590-f9147b719dfd.jpg","notFood":false,"drinks":false},{"name":"פיצה","description":"רוטב נפוליטנה, גבינת מוצרלה וגבינת עמק עם 3 תוספות לבחירה\t\n","price":54,"vegan":false,"vegetarian":true,"image":"https://d25t2285lxl5rf.cloudfront.net/images/dishes/abe62fe8-1fc1-4601-be21-a65bf4764b9b.jpg","notFood":false,"drinks":false},{"name":"פיצה א-לה רומנה","description":"מחית כמהין, ארטישוק, פרמז׳ן, רוטב נפוליטנה, גבינת מוצרלה וגבינת עמק\n","price":57,"vegan":false,"vegetarian":true,"image":"https://d25t2285lxl5rf.cloudfront.net/images/dishes/22b6a52f-10a2-4037-bdf2-d4478747bd97.jpg","notFood":false,"drinks":false},{"name":"פיש & צ׳יפס","description":"פילה דג ים מטוגן בציפוי פריך, מוגש עם צ׳יפס ורוטב טרטר\r\n","price":79,"vegan":false,"vegetarian":false,"image":"https://d25t2285lxl5rf.cloudfront.net/images/dishes/952a4149-caf5-47e6-909f-a9b41de2f5dd.jpg","notFood":false,"drinks":false},{"name":"מחבת סלמון צלוי","description":"(לנוהגי היתר) פילה סלמון צלוי במחבת עם תפוח אדמה מדורה ועגבניות שרי, שום, חמאה\nוקראסט פיסטוק גרוס\n","price":89,"vegan":false,"vegetarian":false,"image":"https://d25t2285lxl5rf.cloudfront.net/images/dishes/e71e9b96-d89f-4064-b35b-814f51c0723e.jpg","notFood":false,"drinks":false},{"name":"פילה דג וניוקי","description":"פילה דג וניוקי בעבודת יד ברוטב יין לבן, ציר ירקות, רוטב עגבניות, חמאה,\nעגבניות שרי צלויות, שום ופטרוזיליה\n","price":89,"vegan":false,"vegetarian":false,"image":"https://d25t2285lxl5rf.cloudfront.net/images/dishes/d8a458e0-916e-4cc4-807b-ad76ca54ffb8.jpg","notFood":false,"drinks":false},{"name":"קציצות דגים מרוקאיות","description":"קציצות דגים הנעשות במקום ברוטב פלפלים פיקנטי וכוסברה.\nמוגשות בתוספת קוסקוס, חלה ביתית ולימון כבוש ","price":82,"vegan":false,"vegetarian":false,"image":"https://d25t2285lxl5rf.cloudfront.net/images/dishes/f3331bcc-5ae0-46fa-9cc3-736e580be291.jpg","notFood":false,"drinks":false},{"name":"טריו שוקולד","description":"שכבות של מוס שוקולד לבן חלב ומריר בציפוי שוקולד לבן","price":42,"vegan":false,"vegetarian":true,"image":"https://d25t2285lxl5rf.cloudfront.net/images/dishes/a29cd61c-64e5-4bef-b3f6-59fc4ae19531.jpg","notFood":false,"drinks":false},{"name":"עוגה בלגית חמה","price":39,"vegan":true,"vegetarian":true,"image":"https://d25t2285lxl5rf.cloudfront.net/images/dishes/69d36d75-0ab4-422d-808a-80b59b7ca848.jpg","notFood":false,"drinks":false},{"name":"עוגת גבינה פירורים ללא סוכר","price":42,"vegan":false,"vegetarian":true,"notFood":false,"drinks":false},{"name":"מים מינרליים","price":10,"vegan":true,"vegetarian":true,"notFood":false,"drinks":true},{"name":"סודה","price":9,"vegan":true,"vegetarian":true,"notFood":false,"drinks":true},{"name":"קוקה קולה זכוכית","price":14,"vegan":true,"vegetarian":true,"notFood":false,"drinks":true},{"name":"קולה זירו זכוכית","price":14,"vegan":true,"vegetarian":true,"notFood":false,"drinks":true},{"name":"ספרייט זכוכית","price":14,"vegan":true,"vegetarian":true,"notFood":false,"drinks":true},{"name":"ספרייט זירו זכוכית","price":14,"vegan":true,"vegetarian":true,"notFood":false,"drinks":true},{"name":"פאנטה זכוכית","price":14,"vegan":true,"vegetarian":true,"notFood":false,"drinks":false},{"name":"פיוז טי אפרסק זכוכית","price":14,"vegan":true,"vegetarian":true,"notFood":false,"drinks":false},{"name":"מים בטעמים אפרסק","price":14,"vegan":true,"vegetarian":true,"notFood":false,"drinks":false},{"name":"מים בטעמים תפוח","price":14,"vegan":true,"vegetarian":true,"notFood":false,"drinks":false},{"name":"מים בטעמים ענבים","price":14,"vegan":true,"vegetarian":true,"notFood":false,"drinks":true},{"name":"פריגת  ענבים","price":14,"vegan":true,"vegetarian":true,"notFood":false,"drinks":true},{"name":"פריגת תפוחים","price":14,"vegan":true,"vegetarian":true,"notFood":false,"drinks":false},{"name":"מאלטי בירה שחורה","price":14,"vegan":true,"vegetarian":true,"notFood":false,"drinks":true}]}