{"track_id":"22170","filters":["meatGrill","sandwichesWraps","salads"],"image":"https://tenbis-static.azureedge.net/restaurant-card-image/ResCard_22170_20220512111713.jpg","address":"דיזנגוף, 271 תל אביב-יפו","location":[34.7761422,32.095215],"name":"רד מיט דיזנגוף","city":"תל אביב-יפו","priceAverage":21.33783783783784,"menu":[{"name":"קרייזי רד אנטריקוט","description":"צ'יפיטולה, צ'מיצ'ורי, גוואקמולי, חסה, בצל סגול, עגבניה, מלפפון חמוץ, בצל ופלפל קלוי.","price":30,"vegan":false,"vegetarian":false,"image":"https://d25t2285lxl5rf.cloudfront.net/images/dishes/17dbc8be-5d15-4688-82b8-937e8039677e.jpg","notFood":false,"drinks":false},{"name":"צ'יקן רד חזה עוף","description":"איולי, קארי, צ'מיצ'ורי, גוואקמולי, חסה, בצל סגול, עגבניה, מלפפון חמוץ, בצל ופלפל קלוי. ","price":30,"vegan":false,"vegetarian":false,"image":"https://d25t2285lxl5rf.cloudfront.net/images/dishes/4771d38e-4ea8-4759-9883-1a682d3b7579.jpg","notFood":false,"drinks":false},{"name":"צ'יקן רד שניצל","description":"איולי, קארי, צ'מיצ'ורי, גוואקמולי, חסה, בצל סגול, עגבניה, מלפפון חמוץ, בצל ופלפל קלוי. ","price":30,"vegan":false,"vegetarian":false,"image":"https://d25t2285lxl5rf.cloudfront.net/images/dishes/b9d2ea92-3213-484f-b7dd-b8e83c30e518.jpg","notFood":false,"drinks":false},{"name":"רד בורגר טלה","description":"צ'פיטולה, צ'מיצ'ורי, גוואקמולי, חסה, בצל סגול, מלפפון חמוץ, בצל ופלפל קלוי.","price":30,"vegan":false,"vegetarian":false,"image":"https://d25t2285lxl5rf.cloudfront.net/images/dishes/0f162088-4e58-4e8e-8fd5-6e8addcc056c.jpg","notFood":false,"drinks":false},{"name":"פורטו רד פורטובלו","description":"פסטו, גוואקמולי, חסה, עגבניה, בצל סגול, עגבניה ופלפל קלוי.","price":28,"vegan":true,"vegetarian":true,"image":"https://d25t2285lxl5rf.cloudfront.net/images/dishes/2447db81-0e7c-4b3c-b42b-7e409376594d.jpg","notFood":false,"drinks":false},{"name":"צ'יקן רד פרגיות","description":"איולי, קארי, צ'מיצ'ורי, גוואקמולי, חסה, בצל סגול, עגבניה, מלפפון חמוץ, בצל ופלפל קלוי.","price":30,"vegan":false,"vegetarian":false,"image":"https://d25t2285lxl5rf.cloudfront.net/images/dishes/6be45a8c-fa88-4316-ba05-a05aa0c6a3f9.jpg","notFood":false,"drinks":false},{"name":"קרייזי רד אנטריקוט","description":"צ'יפיטולה, צ'מיצ'ורי, גוואקמולי, חסה, בצל סגול, עגבניה, מלפפון חמוץ, בצל ופלפל קלוי.","price":47,"vegan":false,"vegetarian":false,"image":"https://d25t2285lxl5rf.cloudfront.net/images/dishes/17dbc8be-5d15-4688-82b8-937e8039677e.jpg","notFood":false,"drinks":false},{"name":"צ'יקן רד פרגיות","description":"איולי, קארי, צ'מיצ'ורי, גוואקמולי, חסה, בצל סגול, עגבניה, מלפפון חמוץ, בצל ופלפל קלוי.","price":47,"vegan":false,"vegetarian":false,"image":"https://d25t2285lxl5rf.cloudfront.net/images/dishes/4997f909-cec2-47c8-a98b-f6ecaf0dd979.jpg","notFood":false,"drinks":false},{"name":"צ'יקן רד חזה עוף","description":"איולי, קארי, צ'מיצ'ורי, גוואקמולי, חסה, בצל סגול, עגבניה, מלפפון חמוץ, בצל ופלפל קלוי. ","price":47,"vegan":false,"vegetarian":false,"image":"https://d25t2285lxl5rf.cloudfront.net/images/dishes/f6c6a50d-9278-4aff-a702-747b01ff59e3.jpg","notFood":false,"drinks":false},{"name":"צ'יקן רד שניצל","description":"איולי, קארי, צ'מיצ'ורי, גוואקמולי, חסה, בצל סגול, עגבניה, מלפפון חמוץ, בצל ופלפל קלוי. ","price":47,"vegan":false,"vegetarian":false,"image":"https://d25t2285lxl5rf.cloudfront.net/images/dishes/b9d2ea92-3213-484f-b7dd-b8e83c30e518.jpg","notFood":false,"drinks":false},{"name":"רד בורגר טלה","description":"צ'פיטולה, צ'מיצ'ורי, גוואקמולי, חסה, בצל סגול, מלפפון חמוץ, בצל ופלפל קלוי.","price":47,"vegan":false,"vegetarian":false,"image":"https://d25t2285lxl5rf.cloudfront.net/images/dishes/0f162088-4e58-4e8e-8fd5-6e8addcc056c.jpg","notFood":false,"drinks":false},{"name":"פורטו רד פורטובלו","description":"פסטו, גוואקמולי, חסה, עגבניה, בצל סגול, עגבניה ופלפל קלוי.","price":45,"vegan":true,"vegetarian":true,"image":"https://d25t2285lxl5rf.cloudfront.net/images/dishes/15e6ddf4-cfb4-4feb-a0d5-c8af4652006e.jpg","notFood":false,"drinks":false},{"name":"רוליטו פרגיות","description":"גוואקמולי (ממרח אבוקדו), מיונז, קארי, חסה, בצל סגול, עגבניה, מלפפון חמוץ, בצל ופלפל קלוי. ","price":45,"vegan":false,"vegetarian":false,"image":"https://d25t2285lxl5rf.cloudfront.net/images/dishes/896df4ad-9353-4723-8c04-2c7fb6959b91.jpg","notFood":false,"drinks":false},{"name":"פורטו רד","description":"פסטו, גוואקמולי (ממרח אבוקדו), חסה, עגבניה, חמוצים, בצל סגול, בצל ופלפל קלוי ","price":43,"vegan":true,"vegetarian":true,"image":"https://d25t2285lxl5rf.cloudfront.net/images/dishes/2d2d59ca-c85d-45ae-b1e5-6f5590c8d3d1.jpg","notFood":false,"drinks":false},{"name":"רוליטו אנטריקוט","description":"גוואקמולי (ממרח אבוקדו), צ'יפוטלה, צ'ימיצ'ורי, חסה, בצל סגול, עגבניה, מלפפון חמוץ, בצל ופלפל קלוי. ","price":45,"vegan":false,"vegetarian":false,"image":"https://d25t2285lxl5rf.cloudfront.net/images/dishes/c40bf260-7751-4f62-b838-4164f7ee00db.jpg","notFood":false,"drinks":false},{"name":"רוליטו טחון טלה","description":"גוואקמולי (ממרח אבוקדו), צ'יפוטלה, חסה, בצל סגול, עגבניה, מלפפון חמוץ, בצל ופלפל קלוי.","price":45,"vegan":false,"vegetarian":false,"image":"https://d25t2285lxl5rf.cloudfront.net/images/dishes/16c9e721-493d-4eab-ba23-a3dce91fe2dd.jpg","notFood":false,"drinks":false},{"name":"רוליטו רד שניצל","description":"פסטו, שום, צ'ילי מתוק, חסה, בצל סגול, עגבניה, מלפפון חמוץ","price":45,"vegan":false,"vegetarian":false,"image":"https://d25t2285lxl5rf.cloudfront.net/images/dishes/9c20297f-b659-4e76-b928-92b8b351689e.jpg","notFood":false,"drinks":false},{"name":"רוליטו חזה עוף","description":"גוואקמולי (ממרח אבוקדו), מיונז, קארי, חסה, בצל סגול, עגבניה, מלפפון חמוץ, בצל ופלפל קלוי. ","price":45,"vegan":false,"vegetarian":false,"image":"https://d25t2285lxl5rf.cloudfront.net/images/dishes/f032d2bd-ba6b-4b62-aac4-0cd9e9152f19.jpg","notFood":false,"drinks":false},{"name":"סלט אנטריקוט","description":"תערובת חסות, עלי בייבי, עגבניות שרי, בצל ירוק וסגול, כרוב לבן, גזר, אגוזים, גמבה, קרוטונים וויניגרט הדרים בצד. ","price":45,"vegan":false,"vegetarian":false,"image":"https://d25t2285lxl5rf.cloudfront.net/images/dishes/709cfa6b-1d27-4030-be43-3623057450aa.jpg","notFood":false,"drinks":false},{"name":"סלט עוף מקסיקני","description":"עוף פיקנטי מקסיקני, תערובת חסות, עלי בייבי, עגבניות שרי, בצל ירוק וסגול, תירס, נבטים, כרוב לבן, פטרוזיליה, כוסברה, מלפפון, קורוטנים, גזר, בוטנים קלויים ורוטב אסייאתי מתקתק בצד","price":45,"vegan":false,"vegetarian":false,"image":"https://d25t2285lxl5rf.cloudfront.net/images/dishes/6f0c3746-fbd5-4f41-b2b8-d4e8ab643986.jpg","notFood":false,"drinks":false},{"name":"סלט עוף טריאקי","description":"עוף בטריאקי, תערובת חסות, עלי בייבי, עגבניות שרי, בצל ירוק וסגול, תירס, נבטים, כרוב לבן, פטרוזיליה, כוסברה, מלפפון, קורוטנים, גזר, בוטנים קלויים ורוטב אסייאתי מתקתק בצד.","price":45,"vegan":false,"vegetarian":false,"image":"https://d25t2285lxl5rf.cloudfront.net/images/dishes/d847f74c-6ee6-4701-8723-95097e109052.jpg","notFood":false,"drinks":false},{"name":"סלט עוף שניצל","description":"שניצל, תערובת חסות, עלי בייבי, עגבניות שרי, בצל ירוק וסגול, תירס, נבטים, כרוב לבן, פטרוזיליה, כוסברה, מלפפון, קורוטנים, גזר, בוטנים קלויים ורוטב אסייאתי מתקתק בצד","price":45,"vegan":false,"vegetarian":false,"image":"https://d25t2285lxl5rf.cloudfront.net/images/dishes/bfd48481-bc5f-4a85-acce-538754cc7620.jpg","notFood":false,"drinks":false},{"name":"סלט פורטובלו","description":"פורטובלו מוקפץ על הפלנצ'ה, תערובת חסות, עגבניות שרי, נבטים, כרוב, בצל סגול, בצל ירוק, גזר, בטטה, גמבה, מלפפון, תירס, שעועית ירוקה, אגוזים וויניגרט הדרים בצד. ","price":43,"vegan":true,"vegetarian":true,"image":"https://d25t2285lxl5rf.cloudfront.net/images/dishes/69c321f7-c9e9-402a-ac1b-70a50719ebe2.jpg","notFood":false,"drinks":false},{"name":"טחון טלה","description":"תערובת חסות, עלי בייבי, עגבניות שרי, בצל ירוק וסגול, כרוב לבן, גזר, אגוזים, גמבה, קרוטונים וויניגרט הדרים בצד.","price":45,"vegan":false,"vegetarian":false,"image":"https://d25t2285lxl5rf.cloudfront.net/images/dishes/6f179f31-b239-4103-bc6b-a255c0459cef.jpg","notFood":false,"drinks":false},{"name":"סלט חזה עוף","description":"חזה עוף, תערובת חסות, עלי בייבי, עגבניות שרי, בצל ירוק וסגול, תירס, נבטים, כרוב לבן, פטרוזיליה, כוסברה, מלפפון, קורוטנים, גזר, בוטנים קלויים ורוטב אסייאתי מתקתק בצד.","price":45,"vegan":false,"vegetarian":false,"notFood":false,"drinks":false},{"name":"סלט עוף שניצל","description":"שניצל, תערובת חסות, עלי בייבי, עגבניות שרי, בצל ירוק וסגול, תירס, נבטים, כרוב לבן, פטרוזיליה, כוסברה, מלפפון, קורוטנים, גזר, בוטנים קלויים ורוטב אסייאתי מתקתק בצד.  ","price":45,"vegan":false,"vegetarian":false,"notFood":false,"drinks":false},{"name":"צ'יפס דק דק","price":15,"vegan":true,"vegetarian":true,"image":"https://d25t2285lxl5rf.cloudfront.net/images/dishes/f044e329-604d-4bf3-8c2f-b2b8a3586291.jpg","notFood":false,"drinks":false},{"name":"טבעות בצל","description":"10 יח' ","price":22,"vegan":true,"vegetarian":true,"image":"https://d25t2285lxl5rf.cloudfront.net/images/dishes/8e1bc696-d369-4f18-9ebb-e77e4bf8a209.jpg","notFood":false,"drinks":false},{"name":"פוטטו","price":15,"vegan":true,"vegetarian":true,"image":"https://d25t2285lxl5rf.cloudfront.net/images/dishes/afd57ba5-2ba8-4f0a-b5c9-63a37fc7e612.jpg","notFood":false,"drinks":false},{"name":"כדורי פירה","description":"10 יח' ","price":20,"vegan":true,"vegetarian":true,"image":"https://d25t2285lxl5rf.cloudfront.net/images/dishes/c280c66f-d08d-4926-89c3-b0be1bd0829e.jpg","notFood":false,"drinks":false},{"name":"הום פרייז","price":25,"vegan":true,"vegetarian":true,"image":"https://d25t2285lxl5rf.cloudfront.net/images/dishes/5a9627ad-dcb3-45e4-8e9f-61af8c4c66d7.jpg","notFood":false,"drinks":false},{"name":"מיקס- צ'יפס וטבעות בצל","description":" צ'יפס וטבעות בצל ","price":25,"vegan":true,"vegetarian":true,"image":"https://d25t2285lxl5rf.cloudfront.net/images/dishes/0ce1d54a-4fbf-4f1c-b15b-01fd7c3d2921.jpg","notFood":false,"drinks":false},{"name":"כנפיים","description":"12 יח'\r\n","price":30,"vegan":false,"vegetarian":false,"image":"https://d25t2285lxl5rf.cloudfront.net/images/dishes/66365d79-3fcb-4a37-b6af-4fe146d0b056.jpg","notFood":false,"drinks":false},{"name":"מיקס- צ'יפס ובטטה","description":"צ'יפס ובטטה בתיבול הבית","price":20,"vegan":true,"vegetarian":true,"image":"https://d25t2285lxl5rf.cloudfront.net/images/dishes/8d9bd30f-db01-4b57-8117-55c049b3d39e.jpg","notFood":false,"drinks":false},{"name":"צ'יפס בטטה","price":22,"vegan":true,"vegetarian":true,"image":"https://d25t2285lxl5rf.cloudfront.net/images/dishes/719bc152-6f2b-4be7-8d2d-9a32c8f9fd90.jpg","notFood":false,"drinks":false},{"name":"צ'ורוס","description":"5 יח' ","price":20,"vegan":true,"vegetarian":true,"notFood":false,"drinks":false},{"name":"איולי שום","price":3,"vegan":true,"vegetarian":true,"notFood":false,"drinks":false},{"name":"ברביקיו","price":2,"vegan":true,"vegetarian":true,"notFood":false,"drinks":false},{"name":"גוואקמולי","price":3,"vegan":true,"vegetarian":true,"notFood":false,"drinks":false},{"name":"חליפיניו","price":3,"vegan":true,"vegetarian":true,"notFood":false,"drinks":false},{"name":"חרדל גרגירים","price":3,"vegan":true,"vegetarian":true,"notFood":false,"drinks":false},{"name":"טבסקו","price":2,"vegan":true,"vegetarian":true,"notFood":false,"drinks":false},{"name":"מיונז","price":2,"vegan":false,"vegetarian":true,"notFood":false,"drinks":false},{"name":"פסטו","price":3,"vegan":true,"vegetarian":true,"notFood":false,"drinks":false},{"name":"צ'ילי חריף","price":2,"vegan":true,"vegetarian":true,"notFood":false,"drinks":false},{"name":"צ'ילי מתוק","price":2,"vegan":true,"vegetarian":true,"notFood":false,"drinks":false},{"name":"צ'ימצ'ורי","price":3,"vegan":true,"vegetarian":true,"notFood":false,"drinks":false},{"name":"צ'יפוטלה","price":3,"vegan":false,"vegetarian":false,"notFood":false,"drinks":false},{"name":"קארי","price":3,"vegan":true,"vegetarian":true,"notFood":false,"drinks":false},{"name":"קטשופ","price":2,"vegan":true,"vegetarian":true,"notFood":false,"drinks":false},{"name":"רוטב שזיפים","price":3,"vegan":true,"vegetarian":true,"notFood":false,"drinks":false},{"name":"פחית קוקה קולה","price":10,"vegan":true,"vegetarian":true,"notFood":false,"drinks":true},{"name":"פחית קולה זירו","price":10,"vegan":true,"vegetarian":true,"notFood":false,"drinks":true},{"name":"פחית דיאט קולה","price":10,"vegan":true,"vegetarian":true,"notFood":false,"drinks":true},{"name":"פחית ספרייט","price":10,"vegan":true,"vegetarian":true,"notFood":false,"drinks":true},{"name":"פחית פאנטה","price":10,"vegan":true,"vegetarian":true,"notFood":false,"drinks":false},{"name":"פחית מנגו","price":10,"vegan":true,"vegetarian":true,"notFood":false,"drinks":false},{"name":"קוקה קולה זכוכית אישי","price":11,"vegan":true,"vegetarian":true,"notFood":false,"drinks":true},{"name":"קולה זירו זכוכית אישי","price":11,"vegan":true,"vegetarian":true,"notFood":false,"drinks":true},{"name":"דיאט קולה זכוכית אישי","price":11,"vegan":true,"vegetarian":true,"notFood":false,"drinks":true},{"name":"ספרייט זכוכית אישי","price":11,"vegan":true,"vegetarian":true,"notFood":false,"drinks":true},{"name":"דיאט ספרייט זכוכית אישי","price":11,"vegan":true,"vegetarian":true,"notFood":false,"drinks":true},{"name":"פאנטה זכוכית אישי","price":11,"vegan":true,"vegetarian":true,"notFood":false,"drinks":false},{"name":"פריגת ענבים זכוכית אישי","price":11,"vegan":true,"vegetarian":true,"notFood":false,"drinks":true},{"name":"פריגת אשכוליות זכוכית אישי","price":11,"vegan":true,"vegetarian":true,"notFood":false,"drinks":false},{"name":"פריגת תפוזים זכוכית אישי","price":11,"vegan":true,"vegetarian":true,"notFood":false,"drinks":false},{"name":"מים בטעם אפרסק אישי","price":11,"vegan":true,"vegetarian":true,"notFood":false,"drinks":false},{"name":"נסטי אפרסק אישי","price":11,"vegan":true,"vegetarian":true,"notFood":false,"drinks":true},{"name":"מים בטעם ענבים אישי","price":11,"vegan":true,"vegetarian":true,"notFood":false,"drinks":true},{"name":"מים בטעם תפוח אישי","price":11,"vegan":true,"vegetarian":true,"notFood":false,"drinks":false},{"name":"מים מינרלים אישי","price":10,"vegan":true,"vegetarian":true,"notFood":false,"drinks":false},{"name":"סודה זכוכית אישי","price":10,"vegan":true,"vegetarian":true,"notFood":false,"drinks":true},{"name":"משקה אנרגיה XL","price":8,"vegan":true,"vegetarian":true,"notFood":false,"drinks":false},{"name":"בירה שחורה מאלט","price":11,"vegan":true,"vegetarian":true,"notFood":false,"drinks":true}]}