{"track_id":"22185","filters":["pasta","pizza","veganFood"],"image":"https://tenbis-static.azureedge.net/restaurant-card-image/ResCard_22185_20201230144512.jpg","address":"הלל יפה, 20 חדרה","location":[34.9168469,32.4363027],"name":"פסטה לוקו","city":"אזור פרדס חנה - חדרה","priceAverage":31.841269841269842,"menu":[{"name":"קאלצונה תרד וגבינות","description":"מילוי תרד , מוצרלה, פטה \nניתן לבחור תוספת אחת למילוי מהמגוון ","price":18,"vegan":false,"vegetarian":true,"image":"https://d25t2285lxl5rf.cloudfront.net/images/dishes/1a6c836d-3cc1-4b1f-a525-1e15cbc9a310.jpg","notFood":false,"drinks":false},{"name":"סלט פנצנלה","description":"מלפפון,עגבניה,גזר,בצל סגול,פלפלים (גמבה), גבינת פטה , ארטישוק וזיתי קלמטה . מתובל בויניגרט לימוני. מוגש עם לחם \nמגוון תוספות בתשלום . ","price":45,"vegan":false,"vegetarian":true,"image":"https://d25t2285lxl5rf.cloudfront.net/images/dishes/035dfd69-f4c8-438a-b048-6304390ebe40.jpg","notFood":false,"drinks":false},{"name":"סלט פסטה קר","description":"סלט פסטה קר, בצל ירוק, בצל סגול, סלרי, עגבניות מיובשות, שעועית ירוקה, גבינת פטה, פטרוזיליה, זיתים ירוקים בתיבול וינגרט - על בסיס שמן זית ומיץ לימון (פסטה מקמח מלא בתוספת תשלום).\nמגוון תוספות בתשלום . ","price":35,"vegan":false,"vegetarian":true,"image":"https://d25t2285lxl5rf.cloudfront.net/images/dishes/1f6a3533-c680-403b-a320-80caa38842cc.jpg","notFood":false,"drinks":false},{"name":"מאפה לוקו מלוח","description":"מילוי גבינת פטה, מוצרלה, פלפל קלוי, עלי תרד, פסטו ורוטב עגבניות.\nזהירות - ממכר :) ","price":29,"vegan":false,"vegetarian":true,"image":"https://d25t2285lxl5rf.cloudfront.net/images/dishes/3174709.jpg","notFood":false,"drinks":false},{"name":"קאלצונה רוטב עגבניות ומוצרלה","description":"","price":18,"vegan":false,"vegetarian":true,"image":"https://d25t2285lxl5rf.cloudfront.net/images/dishes/cd410cb2-2b02-4996-97c1-8b022d2f954b.jpg","notFood":false,"drinks":false},{"name":"חציל פורמג'י","description":"שכבות חציל קלוי, גבינת מוצרלה, רוטב עגבניות ופרמז'ן. מוגש עם לחם. ","price":30,"vegan":false,"vegetarian":true,"image":"https://d25t2285lxl5rf.cloudfront.net/images/dishes/5aa69b0d-f8c1-4a37-b1fb-dfce97cdda87.jpg","notFood":false,"drinks":false},{"name":"כדורי ארנצ'יני","description":"2 כדורי אורז ריזוטו פריכים במילוי גבינת מוצרלה \nעטופים בפירורי לחם ומטוגנים . \nמוגש בליווי רוטב עגבניות וגבינת פרמז'ן. ","price":30,"vegan":false,"vegetarian":true,"image":"","notFood":false,"drinks":false},{"name":"קאלצונה תרד וגבינות","description":"מילוי תרד , מוצרלה, פטה \nניתן לבחור תוספת אחת למילוי מהמגוון ","price":18,"vegan":false,"vegetarian":true,"image":"https://d25t2285lxl5rf.cloudfront.net/images/dishes/1a6c836d-3cc1-4b1f-a525-1e15cbc9a310.jpg","notFood":false,"drinks":false},{"name":"קאלצונה רוטב עגבניות ומוצרלה","description":"","price":18,"vegan":false,"vegetarian":true,"image":"https://d25t2285lxl5rf.cloudfront.net/images/dishes/cd410cb2-2b02-4996-97c1-8b022d2f954b.jpg","notFood":false,"drinks":false},{"name":"מאפה לוקו מלוח טבעוני","description":"מילוי גבינות טבעוניות , פלפל קלוי, תרד, רוטב עגבניות ופסטו . ","price":32,"vegan":true,"vegetarian":true,"image":"https://d25t2285lxl5rf.cloudfront.net/images/dishes/3174710.jpg","notFood":false,"drinks":false},{"name":"מאפה לוקו מלוח","description":"מילוי גבינת פטה, מוצרלה, פלפל קלוי, עלי תרד, פסטו ורוטב עגבניות.\nזהירות - ממכר :) ","price":29,"vegan":false,"vegetarian":true,"image":"https://d25t2285lxl5rf.cloudfront.net/images/dishes/3174709.jpg","notFood":false,"drinks":false},{"name":"קאלצונה תרד טבעוני","description":"מילוי מיקס גבינה טבעונית בסגנון מוצרלה\\פטה  ועלי תרד \nניתן לבחור תוספת אחת למילוי מהמגוון . ","price":24,"vegan":false,"vegetarian":true,"image":"","notFood":false,"drinks":false},{"name":"פוקאצ'ה קלאסית","description":"מתובלת בשמן זית , מלח , פלפל . מוגשת ללא מתבלים","price":15,"vegan":true,"vegetarian":true,"image":"","notFood":false,"drinks":false},{"name":"קאלצונה עגבניות טבעוני","description":"מילוי גבינה טבעונית בסגנון מוצרלה ורוטב עגבניות ","price":24,"vegan":false,"vegetarian":true,"image":"","notFood":false,"drinks":false},{"name":"סלט קפרזה","description":"עגבניות שרי, עגבניות חממה, עלי בזיליקום, רוטב פסטו וחומץ בלסמי, שום טרי  , כדורי מוצרלה וקרוטונים. מוגש עם לחם \n*ניתן לבקש ללא גבינה ","price":44,"vegan":false,"vegetarian":true,"image":"https://d25t2285lxl5rf.cloudfront.net/images/dishes/e650606f-0525-4c53-83d7-e2607e1f6865.jpg","notFood":false,"drinks":false},{"name":"סלט פנצנלה","description":"מלפפון,עגבניה,גזר,בצל סגול,פלפלים (גמבה), גבינת פטה , ארטישוק וזיתי קלמטה . מתובל בויניגרט לימוני. מוגש עם לחם \nמגוון תוספות בתשלום . ","price":45,"vegan":false,"vegetarian":true,"image":"https://d25t2285lxl5rf.cloudfront.net/images/dishes/035dfd69-f4c8-438a-b048-6304390ebe40.jpg","notFood":false,"drinks":false},{"name":"סלט פסטה קר","description":"סלט פסטה קר, בצל ירוק, בצל סגול, סלרי, עגבניות מיובשות, שעועית ירוקה, גבינת פטה, פטרוזיליה, זיתים ירוקים בתיבול וינגרט - על בסיס שמן זית ומיץ לימון (פסטה מקמח מלא בתוספת תשלום).\nמגוון תוספות בתשלום . ","price":35,"vegan":false,"vegetarian":true,"image":"https://d25t2285lxl5rf.cloudfront.net/images/dishes/1f6a3533-c680-403b-a320-80caa38842cc.jpg","notFood":false,"drinks":false},{"name":"סלט קינואה - טבעוני","description":"קוביות בטטה, חמוציות, עשבי תיבול, בצל סגול, בצל ירוק, סלרי , גרעיני דלעת מתובל בוינגרט הדרים. \n","price":38,"vegan":true,"vegetarian":true,"image":"https://d25t2285lxl5rf.cloudfront.net/images/dishes/1354112.jpg","notFood":false,"drinks":false},{"name":"סלט שומר טרי מנאפולי","description":"שומר טרי, סלרי, בצל סגול, גבינת פרמז'ן, שקדים פרוסים קלויים, גרעיני דלעת קלויים. וינגרט הדרים ומיץ לימון . ","price":38,"vegan":false,"vegetarian":true,"image":"https://d25t2285lxl5rf.cloudfront.net/images/dishes/300fa316-002e-4bec-8919-22070a2ad1fd.png","notFood":false,"drinks":false},{"name":"הטבת פוקאצ'ה קלאסית  בהזמנת סלט","description":"פוקאצה קלאסית מתובלת בשמן זית, מלח ופלפל גרוס . \nללא מתבלים * יחידה אחת לכל סלט *","price":10,"vegan":true,"vegetarian":true,"image":"","notFood":false,"drinks":false},{"name":"מרגריטה איטיליאנה","description":"רוטב עגבניות, עלי בזיליקום וטבעות מוצרלה ","price":42,"vegan":false,"vegetarian":true,"image":"https://d25t2285lxl5rf.cloudfront.net/images/dishes/6f13ea97-ce6c-4dfe-928a-15811d49c90d.jpg","notFood":false,"drinks":false},{"name":"פיצה לוקו","description":"בצק פיצה עם רוטב עגבניות, פטריות מוקפצות, עלי תרד, ביצת עין וגבינת פטה . **ללא מוצרלה ","price":40,"vegan":false,"vegetarian":true,"image":"https://d25t2285lxl5rf.cloudfront.net/images/dishes/c291a2af-61e0-4e85-b0bf-aef9284468c0.jpg","notFood":false,"drinks":false},{"name":"פיצה מדטרנה","description":"רוטב עגבניות , גבינת מוצרלה, פלפל קלוי, ארטישוק וגבינת עיזים. ","price":52,"vegan":false,"vegetarian":true,"image":"https://d25t2285lxl5rf.cloudfront.net/images/dishes/7c94bd70-dc71-44e6-832f-9b7c0254d573.jpg","notFood":false,"drinks":false},{"name":"פיצה רומי קפרזה","description":"רוטב פסטו, גבינת מוצרלה פרסקה - מטבעות, פרוסות עגבניה, חומץ בלסמי . (לא חתוכה) ","price":55,"vegan":false,"vegetarian":true,"image":"https://d25t2285lxl5rf.cloudfront.net/images/dishes/ddffe9c0-515a-46ec-a521-405d7a9c2870.jpg","notFood":false,"drinks":false},{"name":"פיצה ביאנקה","description":"פיצה לבנה - רוטב שמנת, גבינת מוצרלה, עגבניות שרי, פטריות וארטישוק ","price":52,"vegan":false,"vegetarian":true,"image":"https://d25t2285lxl5rf.cloudfront.net/images/dishes/b7083672-f90f-49c8-ac8c-5dccd17bd258.jpg","notFood":false,"drinks":false},{"name":"פיצה פולנטה","description":"קרם פולנטה, גבינת מוצרלה, גבינת פרמז'ן, עגבניות שרי, שמן כמהין - מוגשת עם מטבלים. ","price":60,"vegan":false,"vegetarian":true,"image":"","notFood":false,"drinks":false},{"name":"פיצה מרגריטה","description":"רוטב עגבניות וגבינה בליווי תוספות לבחירה ","price":42,"vegan":false,"vegetarian":true,"image":"","notFood":false,"drinks":false},{"name":"פיצה חריפה אש","description":"רוטב עגבניות, פלפל צי'לי חריף וגבינת מוצרלה","price":42,"vegan":false,"vegetarian":true,"image":"","notFood":false,"drinks":false},{"name":"פיצה ביאנקה *טבעונית*","description":"שמנת צמחית , גבינה טבעונית, עגבניות שרי\n ארטישוק ,ופטריות \n","price":55,"vegan":false,"vegetarian":true,"image":"","notFood":false,"drinks":false},{"name":"ראדיאטורי מרצ'לה","description":"פסטה קצרה מסוג ראדיאטורי , רוטב עגבניות בשילוב חמאה , קוביות עגבניה טריה, שום ועישבי תיבול \nרוטב עגבניות חדש וממכר! \n","price":45,"vegan":true,"vegetarian":true,"image":"https://d25t2285lxl5rf.cloudfront.net/images/dishes/b4703591-9a72-49bd-a1d8-a34b80927c02.jpg","notFood":false,"drinks":false},{"name":"ספגטי מלאציו","description":"על בסיס שמן זית, שום, ארטישוק , זיתי קלמטה ועישבי תיבול ","price":44,"vegan":true,"vegetarian":true,"image":"https://d25t2285lxl5rf.cloudfront.net/images/dishes/0a30ec13-092d-4457-8450-0da07c41d309.jpg","notFood":false,"drinks":false},{"name":"ראדיאטורי בחמאת עגבניות שרי","description":"פסטה מסוג ראדיאטורי (פסטה קצרה) , חמאת עגבניות שרי , עשבי תיבול וחתיכות ארטישוק \n\n","price":48,"vegan":false,"vegetarian":true,"image":"https://d25t2285lxl5rf.cloudfront.net/images/dishes/a10c1508-2193-43ab-867d-0efeeb915c5f.jpg","notFood":false,"drinks":false},{"name":"פומדרו רוטב עגבניות קלאסי","description":"רוטב עגבניות\nמוגש עם פסטה לבחירה","price":40,"vegan":true,"vegetarian":true,"image":"https://d25t2285lxl5rf.cloudfront.net/images/dishes/037e3526-f8b4-4d11-b30d-180bac500e9b.jpg","notFood":false,"drinks":false},{"name":"פנה ברוטב רוזה","description":"רוטב עגבניות בשילוב גבינת מסקרפונה . ","price":42,"vegan":false,"vegetarian":true,"image":"","notFood":false,"drinks":false},{"name":"רוטב שמנת קלאסי","description":"","price":42,"vegan":false,"vegetarian":true,"image":"","notFood":false,"drinks":false},{"name":"פטוצ'יני בשמנת פטריות","description":"רוטב על בסיס שמנת בשילוב פטריות טריות ","price":50,"vegan":false,"vegetarian":true,"image":"","notFood":false,"drinks":false},{"name":"ספיישל ספגטי לימונה","description":"ספגטי ברוטב שמנת עם קוביות סלמון ולימון כבוש (מכיל בצל ירוק)\n","price":52,"vegan":false,"vegetarian":false,"image":"","notFood":false,"drinks":false},{"name":"ספיישל ניוקי סורנטינה של עילאי","description":"ניוקי תפוחי אדמה, רוטב עגבניות, זיתי קלמטה, רוטב פסטו, מוקרם בגבינת מוצרלה ","price":52,"vegan":false,"vegetarian":true,"image":"","notFood":false,"drinks":false},{"name":"ויגן שמנת פטריות","description":"שמנת צמחית (מחית עדשים), פטריות טריות ","price":48,"vegan":false,"vegetarian":true,"image":"","notFood":false,"drinks":false},{"name":"ויגן שמנת פסטו","description":"שמנת צמחית , פסטו בהכנה ביתית - ללא אגוזים ","price":46,"vegan":false,"vegetarian":true,"image":"","notFood":false,"drinks":false},{"name":"ויגן רוזה","description":"שמנת צמחית , רוטב עגבניות ","price":42,"vegan":false,"vegetarian":true,"image":"","notFood":false,"drinks":false},{"name":"שקשוקה לוקו","description":"תבשיל על בסיס עגבניות, פלפלים, בצל, שום\nביצים , גבינת מוצרלה . \nמוגשת עם לחם וסלט ירקות אישי . ","price":55,"vegan":false,"vegetarian":true,"image":"","notFood":false,"drinks":false},{"name":"לזניה מנאפולי *חדש*","description":"לזניה קלאסית מוגשת עם רוטב רוזה . \nלצד סלט ירקות אישי . ","price":55,"vegan":true,"vegetarian":true,"image":"","notFood":false,"drinks":false},{"name":"זאפולס - קינוח חובה !","description":"סופגניות איטלקיות עם אבקת סוכר ורוטב טופי ","price":25,"vegan":true,"vegetarian":true,"image":"https://d25t2285lxl5rf.cloudfront.net/images/dishes/9317d4f2-e04d-495d-8b6b-f3d7844ed228.jpg","notFood":false,"drinks":false},{"name":"עוגת גבינה איטלקית","description":"עוגת גבינה אפוייה, בסיס חמאה פריך \n","price":35,"vegan":false,"vegetarian":true,"image":"https://d25t2285lxl5rf.cloudfront.net/images/dishes/7991a0a8-8cd4-45ee-8bba-33c1b352f7a0.jpg","notFood":false,"drinks":false},{"name":"מאפה לוקו מתוק","description":"שוקולד השחר  - ניתן לבקש מנה טבעונית ","price":25,"vegan":false,"vegetarian":true,"image":"https://d25t2285lxl5rf.cloudfront.net/images/dishes/b3197621-6c37-43f4-943d-f57d9dfb5f2c.jpg","notFood":false,"drinks":false},{"name":"פאי פקאן - טבעוני !","description":"פקאנים מקורמלים בשילוב מייפל וסילאן, אפויים בתוך פאי בצק פריך ייחודי  ","price":38,"vegan":true,"vegetarian":true,"image":"","notFood":false,"drinks":false},{"name":"טורטה קפרזה - עוגת הבית - ללא גלוטן","description":" עוגת שוקולד עשירה - ללא גלוטן- עשוייה מקמח שקדים. \n(סביבת גלוטן)","price":35,"vegan":false,"vegetarian":true,"image":"","notFood":false,"drinks":false},{"name":"קולה זירו","description":"","price":12,"vegan":true,"vegetarian":true,"image":"","notFood":false,"drinks":true},{"name":"פאנטה","description":"","price":12,"vegan":true,"vegetarian":true,"image":"","notFood":false,"drinks":false},{"name":"תפוזים בקבוק זכוכית","description":"","price":11,"vegan":true,"vegetarian":true,"image":"","notFood":false,"drinks":true},{"name":"ענבים בקבוק זכוכית","description":"","price":11,"vegan":true,"vegetarian":true,"image":"","notFood":false,"drinks":true},{"name":"תפוחים בקבוק זכוכית","description":"","price":11,"vegan":true,"vegetarian":true,"image":"","notFood":false,"drinks":true},{"name":"מים מינרלים","description":"","price":10,"vegan":true,"vegetarian":true,"image":"","notFood":false,"drinks":false},{"name":"סאן פלגרינו","description":"מים מוגזים - עדין , היישר מאיטליה ","price":12,"vegan":true,"vegetarian":true,"image":"","notFood":false,"drinks":false},{"name":"קוקה קולה","description":"פחית ","price":12,"vegan":true,"vegetarian":true,"image":"","notFood":false,"drinks":true},{"name":"פיוז טי אפרסק","description":"","price":12,"vegan":true,"vegetarian":true,"image":"","notFood":false,"drinks":false},{"name":"לימונדה בקבוק זכוכית","description":"","price":11,"vegan":true,"vegetarian":true,"image":"","notFood":false,"drinks":true},{"name":"ספרייט","description":"","price":12,"vegan":true,"vegetarian":true,"image":"","notFood":false,"drinks":true},{"name":"ספרייט זירו","description":"","price":12,"vegan":true,"vegetarian":true,"image":"","notFood":false,"drinks":true},{"name":"מים בטעם אפרסק","description":"","price":12,"vegan":true,"vegetarian":true,"image":"","notFood":false,"drinks":false},{"name":"מים בטעם תפוחים","description":"","price":12,"vegan":true,"vegetarian":true,"image":"","notFood":false,"drinks":false},{"name":"סודה קינלי","description":"","price":10,"vegan":true,"vegetarian":true,"image":"","notFood":false,"drinks":true}]}